chirp_mass_true,chirp_mass_pred,sigma_chirp_mass_pred,snr
1.0496976,1.184934,0.26669243,
1.2689693,1.1697502,0.1138038,
1.2851,1.1612544,0.10776319,
1.3379573,1.3249338,0.09469648,
1.483733,1.521109,0.069271825,
1.7044133,1.9079175,0.09708878,
1.3649536,1.30576,0.1321712,
1.6332295,1.6757257,0.08881749,
1.8403547,1.8069832,0.39080375,
1.7090284,1.7954044,0.1354572,
1.615416,1.3380275,0.17843498,
1.2791425,1.0227872,0.20445454,
1.6374338,1.6640024,0.162959,
1.5526351,1.6162848,0.089012064,
1.3234895,1.3824394,0.16582789,
1.1045648,1.1788912,0.20146543,
1.2765977,1.2133205,0.24159549,
2.105134,1.6904776,0.3966869,
1.1569972,0.895753,0.18391252,
1.4519056,1.2470652,0.12010923,
1.9755678,2.065799,0.2882079,
1.467179,1.3435017,0.20138115,
1.5934899,1.6843874,0.0757019,
1.5430617,1.3078007,0.17496367,
1.0815814,0.9706,0.4513839,
1.4684657,1.5404865,0.06667486,
1.6975203,1.6499956,0.17680246,
1.6006858,1.5242007,0.17947894,
1.03207,1.2987583,0.41292846,
1.3625932,1.2869451,0.14349623,
1.0383582,1.5046184,0.2894416,
2.100385,1.861731,0.3269862,
1.9125218,2.0530937,0.2483171,
0.91789556,1.5931687,0.19949734,
2.145434,1.756443,0.4521007,
1.2020357,1.2593336,0.259514,
1.4252496,1.3345186,0.17910987,
1.6040058,1.6825613,0.099016786,
1.6025387,1.6256248,0.07594148,
1.4579023,1.4469008,0.15295422,
2.1686082,2.0590637,0.41575268,
1.0096681,1.4209194,0.3249266,
1.9676621,1.8840148,0.22434454,
1.3100454,1.2937208,0.099196956,
1.5349852,1.529701,0.1806175,
2.1535368,1.8045502,0.3539572,
1.3061724,1.4618719,0.18631835,
1.566824,1.7307569,0.08321591,
1.3066357,1.2194076,0.14558621,
1.3029678,1.2764124,0.16118939,
1.5919813,1.3250859,0.3393271,
1.0923182,1.1168786,0.3210624,
1.3163106,1.3901978,0.1306537,
0.94354224,1.1495333,0.4119107,
1.6992505,1.6686547,0.15310594,
1.297988,1.2815082,0.09083637,
1.0108912,1.5021536,0.15833135,
1.390782,1.2747393,0.20090275,
1.4462249,1.340259,0.081127755,
2.0238683,1.9295247,0.30472752,
1.7413965,1.7892442,0.17963418,
1.2577232,1.2425086,0.085436285,
1.0003402,0.9851545,0.40464708,
2.045904,2.5587723,0.32547954,
1.8380091,1.9145217,0.20382918,
1.8919821,1.7704802,0.32716748,
1.0255979,1.3924973,0.2420544,
1.8792257,2.051271,0.28009784,
1.569901,1.5811234,0.07906387,
1.2174888,1.1348283,0.12605727,
1.9369822,2.256351,0.12475512,
1.7220885,1.6847976,0.13308552,
1.1195823,1.1081722,0.16468273,
1.7316086,1.7340283,0.2987445,
1.006349,1.1297681,0.3814558,
1.3670183,1.2320414,0.2549264,
1.3215305,1.2274134,0.22030708,
1.6683772,1.8693726,0.14529659,
1.45939,1.5105349,0.08441334,
1.7987254,2.040527,0.2127793,
1.6640103,1.3896558,0.19945134,
1.4043683,1.641458,0.1206508,
2.092138,1.7760215,0.34316272,
1.5592456,1.5353034,0.17735505,
1.4793948,1.4907736,0.17684345,
1.5598428,1.5806326,0.066897795,
1.9249701,1.5934011,0.2722756,
1.2451878,1.161181,0.18491137,
1.7632083,1.3427383,0.30894905,
1.8347285,1.8166068,0.19217521,
1.6732734,1.8588526,0.21461682,
1.6810424,1.7061703,0.1633823,
1.6975209,1.6059971,0.16251138,
1.2724512,1.2179222,0.19775042,
1.8213545,1.6520138,0.1553864,
1.3483536,1.3106613,0.13356021,
1.3418493,1.4648497,0.13382958,
1.3731307,1.1588372,0.20180593,
1.1425048,1.1772021,0.2891716,
1.6303604,1.6446381,0.11549178,
1.7638843,1.912013,0.09505151,
1.7152629,1.6022,0.12785108,
1.3075287,1.185951,0.108745575,
1.5913677,1.6510537,0.19010878,
1.0033127,0.98988926,0.25609663,
1.5479712,1.3748434,0.16227275,
1.2583903,1.1500672,0.12876697,
1.3068306,1.1702805,0.18694054,
1.4975516,1.5791402,0.19730283,
1.4702438,1.360942,0.23781797,
1.704887,1.7211223,0.104941934,
1.7901871,1.8826883,0.19266392,
1.2709209,1.1897529,0.14447331,
1.0846233,1.1770926,0.16581897,
1.7992043,1.5682544,0.31179035,
1.6604503,1.3829918,0.21297301,
2.1561363,1.6074429,0.3572563,
1.2062497,1.2020379,0.17737132,
1.2602268,1.3777052,0.28039807,
1.4386481,1.5732164,0.08453444,
1.6360688,1.5873952,0.16116764,
1.4427931,1.4547368,0.190769,
1.0774212,1.2712417,0.27773058,
2.123825,1.5287774,0.38256082,
1.2556193,1.195883,0.09999074,
1.8130109,1.8594582,0.13307385,
1.2236524,1.1130623,0.10019015,
1.3116313,1.2879806,0.30048057,
0.9328418,1.1416624,0.3822689,
1.5885085,1.5798488,0.067746855,
1.2115997,1.1242037,0.13203436,
1.2838316,1.4252526,0.31324515,
1.0644681,1.1251018,0.27286112,
1.8925695,2.2570937,0.20886013,
1.0866053,1.1869174,0.26758847,
1.678061,1.7927262,0.08174898,
1.7481031,1.6492345,0.17661276,
1.250868,1.5024846,0.21590126,
1.5206475,1.4368715,0.15448974,
1.484067,1.522603,0.28276742,
1.3414218,1.4549887,0.09124554,
1.2122324,1.2228339,0.32018468,
1.7263533,1.8877492,0.14800003,
1.8254089,1.6060369,0.25762758,
1.4158843,1.2038219,0.20511842,
1.5391724,1.5453237,0.1476924,
1.5610855,1.6163752,0.17615524,
1.2610576,1.1385477,0.1136418,
1.7059548,1.6044205,0.17639357,
1.2108315,1.2948236,0.17076157,
2.063053,2.227232,0.37253544,
1.1135142,1.401129,0.3940411,
1.4749116,1.4055393,0.11434254,
1.3447772,1.3169081,0.30992174,
1.2786127,1.2477591,0.10035945,
1.4615566,1.543413,0.06045535,
1.2351347,0.9351269,0.13940232,
2.0682988,1.9097617,0.40271327,
0.9748354,0.97463197,0.24214104,
1.59311,1.6260784,0.07279551,
1.9638901,1.678358,0.38158664,
2.1334674,1.7911694,0.38662422,
1.3550683,1.240591,0.090179436,
1.9077933,1.8328977,0.30097806,
1.2416058,1.086501,0.20301698,
1.4550399,1.5829124,0.16215439,
1.6326752,1.8266602,0.092912994,
1.1456183,1.0662097,0.305257,
1.7432245,1.4198074,0.34824172,
1.604307,1.627419,0.1519201,
1.5294554,1.65832,0.10522625,
1.4478755,1.3534107,0.12976971,
1.7155739,1.3620749,0.18849112,
1.2907844,1.2014363,0.13809334,
1.5325568,1.4736115,0.08973434,
1.7948129,1.9894583,0.1273499,
1.8378863,1.8393724,0.15646122,
1.7096498,1.6165602,0.27343646,
1.5835812,1.5392851,0.14697245,
1.2763624,1.4519343,0.22771753,
1.1216519,1.16617,0.32734653,
1.736225,1.6234663,0.15078686,
1.2138507,1.3034805,0.2191258,
1.4702555,1.4766358,0.07535745,
1.0080793,1.0346156,0.4747922,
1.8809643,2.2311547,0.14747155,
1.9973054,1.8550253,0.26785636,
1.5506098,1.6354376,0.0764576,
1.292289,1.3778001,0.08994528,
1.3872201,1.3333437,0.14331363,
1.3239706,1.3040993,0.1625548,
1.1875657,1.0860924,0.19668695,
1.7622257,1.6986158,0.19372055,
1.7074108,1.3907089,0.14773183,
1.759345,1.674011,0.30615738,
1.1756027,1.2229402,0.28922486,
1.1257623,1.5215133,0.19382323,
2.0968134,2.5136523,0.30819613,
1.0029805,1.443322,0.35338968,
1.5948911,1.5862243,0.16508807,
1.088819,1.1477729,0.36608884,
1.0769287,1.1960596,0.34879002,
1.5375211,1.5493283,0.18437144,
1.0113828,1.411483,0.29361755,
1.3335959,1.1259066,0.13421695,
1.2437859,1.1983037,0.08788765,
1.8135228,1.979121,0.11723342,
1.4062054,1.4406574,0.09120153,
2.0485597,1.9134378,0.34827617,
1.3192766,1.4293611,0.118499584,
1.5325395,1.5176425,0.12754227,
1.6404997,1.8162882,0.14522731,
1.6107513,1.420577,0.18511848,
1.4872223,1.561025,0.061551604,
2.1552181,1.7926455,0.3989885,
1.1157571,1.1522545,0.24766107,
1.313017,1.3734818,0.13427545,
1.9621372,1.5490003,0.43204814,
1.577956,1.6455606,0.10046112,
1.8613267,1.4812486,0.10550937,
1.6379479,1.6021433,0.16383374,
1.955961,1.9322846,0.26287243,
1.1469843,1.0815498,0.19722207,
1.1051615,1.2242956,0.19592834,
1.254751,0.94563407,0.22151063,
1.3922007,1.3503481,0.11141842,
1.63523,1.411984,0.22034718,
2.0798259,2.2039711,0.38504004,
1.1788527,0.99139136,0.16474113,
1.2122735,1.1037205,0.28205517,
1.1678038,1.1342115,0.29863736,
1.3327197,1.2537636,0.12894928,
1.1705642,1.237627,0.3318014,
1.2944725,1.244366,0.1728317,
1.662842,1.6428548,0.15815887,
1.7119054,1.8549976,0.087489426,
1.3791934,1.3068128,0.07316607,
1.6648883,1.9441783,0.12085337,
1.4164033,1.3911058,0.095451765,
1.0124552,1.2436153,0.3792091,
1.2401307,0.97094834,0.14746425,
1.907367,1.6214564,0.3230894,
1.3008299,1.4173281,0.08877141,
1.7580923,1.9593458,0.27382684,
1.0479215,1.134485,0.32217878,
1.3017869,1.530082,0.22317718,
1.7166977,1.4845159,0.26482868,
1.0974835,1.1731966,0.31335238,
1.0009207,1.3593171,0.22605824,
1.0280538,1.0060675,0.16853222,
1.8115343,2.2338223,0.14946015,
1.7464315,1.8462431,0.22525333,
1.5162985,1.5208622,0.1277081,
1.2908918,1.3633384,0.14027059,
1.8300667,1.7644897,0.17717262,
1.5896455,1.6105682,0.16166142,
1.2388486,1.3378053,0.18352376,
1.7504791,1.6428392,0.30972213,
1.5416151,1.3648012,0.32114318,
1.7077051,1.7085705,0.10143491,
1.8428645,1.7348142,0.18921222,
1.0674924,1.1115463,0.40407008,
1.5275123,1.542326,0.056885324,
0.9758184,1.1578231,0.33679625,
1.3052329,1.154869,0.15829544,
1.3298663,1.3099384,0.08050369,
1.3889366,1.3710437,0.13131881,
1.0938466,1.232941,0.31516376,
1.4387838,1.4178729,0.1841126,
1.1841514,1.1681056,0.20200454,
1.7945365,1.7782762,0.10572627,
1.4032972,1.4222608,0.17531952,
1.7537919,1.8302765,0.18073708,
2.0505376,2.031597,0.25877562,
1.6578233,1.5951889,0.10214967,
1.8056556,1.458602,0.4321135,
1.4713272,1.6218829,0.20934233,
1.6404793,1.7283981,0.0844512,
1.7446667,1.759721,0.19185017,
1.2663639,1.1277813,0.1856534,
1.4620384,1.3997647,0.17427798,
1.5160978,1.7860903,0.18016578,
2.1390822,1.9626749,0.46398956,
1.6704539,1.746716,0.074255206,
1.5251453,1.3804383,0.13691433,
1.2567815,1.0984952,0.07052555,
1.2817134,1.3295166,0.07504482,
1.5665274,1.7514356,0.12551205,
1.5801859,1.6746795,0.061528556,
1.2136976,1.233172,0.4197939,
1.5488055,1.563865,0.06784769,
1.2106006,1.2193676,0.309114,
1.2018839,1.0848368,0.19704215,
1.2656304,1.0424411,0.1198342,
1.6127446,1.3271424,0.22789349,
1.2796854,1.1693045,0.19297124,
1.8258079,1.6681762,0.36401543,
1.8133553,2.0180275,0.27443036,
1.3998699,1.3597414,0.22738853,
1.3281153,1.184066,0.07740662,
1.5276943,1.4342328,0.096043654,
1.3720119,1.2900983,0.13603437,
1.0570576,1.2659563,0.26123688,
1.4681919,1.593594,0.09894251,
1.693537,1.6903296,0.14613509,
1.2827733,1.2964994,0.17114829,
1.1394473,1.3817147,0.23661117,
1.7855124,1.7319335,0.11446944,
1.6323806,1.4391955,0.3290161,
1.2025915,1.2164979,0.13780311,
1.3804923,1.3261292,0.100619316,
1.9098017,2.186236,0.13809788,
1.2763443,1.5407584,0.22732773,
1.4442341,1.4107984,0.09515233,
1.2467289,0.97847795,0.20383045,
1.3903295,1.3494873,0.0878082,
1.6850158,1.5178595,0.30711672,
1.1488227,0.9907298,0.23289596,
1.670014,1.8247871,0.108369194,
1.9169338,1.6344187,0.29999316,
1.7148256,1.7248654,0.14773722,
1.4604591,1.2675289,0.091824174,
1.7376752,1.4474298,0.13842604,
1.3521138,1.1118938,0.17494927,
1.3701969,1.3073084,0.099967636,
1.3428599,1.2992252,0.08799656,
1.7842165,1.9937959,0.13439561,
1.6487192,1.3827233,0.21731836,
1.4034412,1.4020418,0.13472037,
0.8671448,1.267153,0.22608545,
1.3218857,1.278642,0.19962877,
1.7625784,1.6217341,0.20157844,
1.962909,1.7070704,0.24793395,
1.2394629,1.1454533,0.23869106,
1.4259772,1.1543154,0.17224303,
1.3955958,1.28641,0.23002099,
1.3527097,1.4658871,0.16334073,
1.7103088,1.8146875,0.10403159,
1.240102,1.0670784,0.13841152,
1.8182744,1.7585852,0.311141,
1.4048566,1.4480025,0.11510144,
1.1618991,1.2554574,0.22287236,
1.6308079,1.6045097,0.11638776,
1.3328202,1.4104697,0.20909785,
1.3191967,1.3910772,0.14793739,
1.2786517,1.1308877,0.22696239,
1.8890021,1.5124273,0.2727022,
1.7614161,1.7162852,0.14575662,
2.05756,2.0393014,0.26446632,
1.0195627,1.1384777,0.34187725,
0.9866905,0.9934784,0.352482,
1.6407771,1.7152138,0.08273323,
1.6002804,1.8262361,0.1100294,
1.758321,1.3908286,0.31893405,
1.4917955,1.4462752,0.095300384,
1.731143,1.9238129,0.09109604,
1.3606657,1.4690824,0.107956626,
1.075129,1.3278997,0.25890094,
1.692852,1.6933489,0.110354714,
1.6750537,1.70204,0.103987746,
1.2317743,1.2484626,0.31333977,
1.8324792,1.6928684,0.16794297,
1.7306416,1.8467271,0.074754514,
1.1426599,1.4281375,0.26313627,
1.3382401,1.3966057,0.10505349,
1.1331239,1.2125921,0.31646988,
1.6628176,1.6441649,0.2729353,
1.2819552,1.2822739,0.15336813,
1.2993788,1.3328547,0.14970349,
1.353155,1.2866307,0.18404344,
1.0420597,1.2571937,0.37031814,
1.6560663,1.5868573,0.17778651,
1.5026729,1.6035632,0.06665392,
1.353006,1.4387045,0.16243522,
1.2073488,1.2019879,0.34087333,
1.8185167,2.2091162,0.17444505,
1.1737474,1.0805554,0.19486134,
1.169186,1.2564605,0.28970912,
2.0606673,1.8892732,0.36796087,
1.8730178,1.5761111,0.22973067,
1.5438437,1.5647404,0.15164326,
1.994837,2.3233848,0.24503511,
1.2153378,1.1657267,0.25649667,
1.7154526,1.8669994,0.111867785,
1.5183566,1.3623412,0.17971565,
0.9675055,1.27164,0.40499955,
1.6097049,1.62974,0.12221777,
1.7618737,1.9376941,0.1388593,
1.4549394,1.5427411,0.12274009,
1.9689016,1.8397155,0.31875676,
1.2483606,1.3669807,0.26774895,
1.883657,1.9948742,0.25470597,
1.4121417,1.4197335,0.25377953,
1.638594,1.6567171,0.08510458,
1.8491094,1.7903832,0.1611797,
1.3234696,1.2310115,0.23623416,
1.5588546,1.4801669,0.12065416,
1.2368747,1.4405509,0.07411189,
1.3789499,1.489198,0.2548032,
1.4670303,1.388857,0.23474598,
1.40821,1.3016913,0.16942123,
1.0989392,1.1137595,0.1791027,
1.4473388,1.4748402,0.09289034,
1.3341901,1.3458402,0.14670327,
1.5355432,1.5576977,0.13269755,
1.9659696,1.3543684,0.3371985,
1.2971288,1.2588085,0.20853598,
1.2808692,1.240828,0.1102731,
1.5410591,1.1890908,0.22835474,
1.7703953,1.6899608,0.12651648,
1.1502764,1.090054,0.23597543,
1.3818383,1.2969612,0.20817502,
1.7543126,1.6913271,0.14422086,
1.7357558,1.8675144,0.14671376,
1.600553,1.6572189,0.0828267,
1.4767014,1.565644,0.2031177,
1.0564157,1.3284972,0.34773487,
1.0566095,1.1467288,0.46233597,
1.3080195,1.1885386,0.16106825,
1.454538,1.4161162,0.14493646,
1.4698159,1.4221716,0.110719934,
1.9697821,1.8807826,0.4638202,
1.055346,1.5401402,0.23097332,
1.55978,1.5905879,0.10983803,
1.2315518,1.5593638,0.1866321,
1.554314,1.6036593,0.07414732,
1.6264303,1.5678668,0.14793868,
1.5174831,1.4190919,0.11836366,
1.4041911,1.4611537,0.106701545,
1.2186531,1.0581622,0.117474794,
1.7684839,1.9031658,0.22117892,
1.7258496,1.8570838,0.07798469,
1.4141592,1.2926922,0.21065445,
1.565337,1.5369658,0.07844345,
1.6910043,1.8513072,0.12411436,
1.8431582,1.6370842,0.35752153,
1.1659528,0.9810369,0.17097415,
1.3728846,1.5033203,0.1458814,
1.7564216,1.5462582,0.12673095,
1.5251708,1.5022173,0.21829493,
1.5503477,1.5694942,0.1642087,
1.4127917,1.2707026,0.20963249,
1.2060544,1.2024629,0.23533319,
1.8567784,1.8721676,0.25252864,
1.4959953,1.5631115,0.08932257,
1.3826475,1.3289455,0.10801747,
1.1274668,0.8816021,0.16620559,
1.6505272,1.4787266,0.20890272,
0.93988854,1.4183978,0.35984033,
1.6044892,1.5828278,0.09231136,
1.7756473,1.8449025,0.09834328,
1.5044613,1.5765283,0.07161002,
1.5117762,1.6264434,0.12175558,
1.321849,1.4537575,0.09728127,
1.2722127,1.2397199,0.15488903,
1.5654039,1.5844024,0.096957445,
1.3053745,1.1553476,0.17692986,
1.7600379,1.9218452,0.13536075,
1.4738632,1.5260043,0.112154424,
1.1958915,0.9285693,0.15662734,
2.1002936,1.7528794,0.38063014,
1.3323078,1.2713645,0.22264549,
1.8322074,1.5750468,0.25136653,
1.2965986,1.2396983,0.1689897,
1.5295161,1.5449378,0.05815635,
1.0405668,0.99382293,0.33819044,
1.1586716,1.2036047,0.1955829,
1.719732,1.5699589,0.13573018,
1.6389896,1.3330421,0.239595,
1.9911613,1.9574077,0.43544984,
1.5931199,1.5568736,0.08467113,
1.2768271,1.0854319,0.38395128,
1.344074,1.3427457,0.105070174,
1.3316736,1.1938154,0.12634355,
1.5624428,1.3224832,0.2690434,
1.6373358,1.7655461,0.11813975,
1.3454386,1.3830509,0.092067555,
1.2206899,1.287818,0.17840008,
1.9611251,2.1883512,0.10401742,
1.2948061,1.3125728,0.15397249,
1.5162069,1.6362257,0.2655779,
1.415254,1.4341148,0.11957906,
1.3938956,1.3570055,0.13727196,
1.4735377,1.6078117,0.07855695,
1.1545526,1.2348304,0.3352624,
1.872642,1.9950957,0.13291831,
1.5438595,1.5928319,0.13214917,
1.6207489,1.6995132,0.110708825,
1.3678281,1.3244781,0.22610116,
1.0665191,1.3401037,0.20240004,
1.421897,1.5263951,0.09977773,
1.5622202,1.5038981,0.105337836,
1.2927277,1.1365659,0.22392517,
1.9741936,1.8649755,0.2558748,
1.3026403,1.3331525,0.15356322,
1.6748722,1.5078704,0.15666425,
1.164011,1.3098545,0.276976,
1.714807,1.8838079,0.1249777,
1.2169635,1.3056028,0.12585887,
1.6447865,1.5910959,0.21243982,
1.3827677,1.2781193,0.101256005,
1.5766618,1.439563,0.10180368,
1.4889848,1.5252955,0.08733139,
1.8778572,2.010186,0.22370136,
0.9336454,1.2856522,0.24502373,
1.423922,1.4297805,0.13472128,
1.3667574,1.3567376,0.09765959,
1.458825,1.519712,0.10086123,
2.1163332,1.6178854,0.3399155,
1.2224914,1.1628168,0.20981264,
1.4418056,1.4526505,0.13170715,
1.7841463,1.8557253,0.19129623,
1.145112,1.1220663,0.21384719,
1.6088681,1.4175116,0.15575668,
1.6015507,1.6979834,0.112246044,
1.9060197,1.9622569,0.3350245,
1.9221549,2.1649709,0.17151628,
1.1811204,1.0993395,0.24635153,
1.2219771,1.2112817,0.25619388,
1.30512,1.3179597,0.09185533,
1.6483608,1.3775473,0.15060498,
1.3696657,1.3652645,0.11863049,
1.0973547,1.4808402,0.297657,
0.9511957,1.439681,0.37970978,
2.0562828,1.9187846,0.30042183,
1.4569663,1.2684203,0.13175945,
1.524212,1.524046,0.23670913,
1.8897457,1.6086454,0.19332086,
1.1895399,1.5253019,0.18953177,
1.4670511,1.4219445,0.13253275,
1.7552271,1.6530217,0.27185294,
1.835804,1.461369,0.23277007,
1.3665229,1.097515,0.18057713,
1.1952091,1.3930976,0.27496392,
1.2418087,1.154011,0.23116307,
1.4428824,1.3265326,0.28857884,
1.4332267,1.4780116,0.06922031,
1.1471621,1.5350585,0.2774577,
1.3447397,1.4242783,0.13265328,
1.4791733,1.2315335,0.20530137,
1.6517873,1.8689547,0.069018856,
1.3632073,1.3350952,0.1398977,
1.3803254,1.3820248,0.061476894,
1.3153917,1.2953863,0.122705676,
1.7063668,1.4458293,0.21497741,
1.587895,1.5833344,0.07509586,
1.5875181,1.6339296,0.08549048,
1.172217,1.0754672,0.25806105,
1.3260655,1.4296033,0.24996373,
1.344811,1.310219,0.09661343,
1.7469583,1.7130564,0.12371486,
1.8830209,1.8423226,0.36092663,
1.0197847,1.1858153,0.26293728,
0.9983761,1.2295364,0.338417,
1.1863334,1.1687837,0.23268072,
1.52973,1.5255424,0.109171316,
1.2884525,1.2373381,0.13559867,
1.7159674,1.6550899,0.11042085,
1.9305353,1.8860426,0.35335866,
1.6574141,1.5653017,0.13160972,
1.0022373,1.1447344,0.43125784,
1.4184686,1.4599153,0.16599268,
1.7701315,1.6675202,0.13725835,
0.9680228,0.7332804,0.3622953,
1.0475689,1.4071862,0.41532,
1.4106594,1.3608484,0.13170303,
1.1935455,1.0519383,0.2314838,
1.4269006,1.2648699,0.11648749,
2.1070912,2.2279804,0.41601998,
1.714334,2.0394828,0.15232764,
1.485246,1.4634383,0.17333934,
1.8691218,2.0674646,0.09371958,
1.3194841,1.4229592,0.19469649,
1.1321735,1.145178,0.29256803,
1.6740757,1.7642798,0.22799827,
1.2273146,1.109998,0.21480888,
0.9952952,1.3285574,0.37544546,
1.4513568,1.4584986,0.13431159,
1.2609475,1.3160717,0.17682776,
1.3661666,1.3261352,0.091690235,
0.88822675,1.7017572,0.39233658,
1.7108649,1.7214947,0.1661941,
1.4757882,1.385611,0.20817156,
1.7112324,1.7842731,0.1927629,
1.6666826,1.7702783,0.14339614,
1.6823719,1.6056814,0.12542278,
1.3779473,1.4156828,0.074763685,
0.9651395,1.3758118,0.51052916,
1.9693937,2.2555025,0.2517784,
1.4739072,1.5064411,0.089325346,
1.3121856,1.174438,0.18233258,
1.6029394,1.6434014,0.1801381,
1.553391,1.4669957,0.08380947,
1.3956736,1.4140148,0.06597048,
1.2885911,1.0966704,0.10466221,
1.5948617,1.5467253,0.098585434,
1.2601221,1.2032385,0.08812747,
1.3918989,1.1995552,0.24557066,
1.0178696,1.2465774,0.35748744,
1.6399951,1.7621741,0.11858264,
1.5399411,1.4350903,0.14849305,
1.3641075,1.3248574,0.08686465,
1.5166085,1.4237906,0.14123778,
1.4224337,1.4226629,0.05696828,
1.1273334,1.2631253,0.28924137,
1.4535389,1.5072635,0.07777603,
1.7907244,1.474397,0.33160076,
1.8036487,1.9220319,0.13427837,
1.7425084,1.6614478,0.15040044,
1.4025704,1.2751213,0.13554323,
1.3220866,1.2684846,0.18874528,
1.2421607,1.3296779,0.3017607,
1.526249,1.6731158,0.07093913,
1.8514214,2.0773966,0.12478845,
1.3662072,1.4006124,0.088342875,
1.290242,1.4383518,0.12623881,
1.7149775,1.5564878,0.19627997,
1.563421,1.645598,0.074800685,
1.6007824,1.3761827,0.16913918,
1.5545759,1.5082731,0.1908322,
1.5988615,1.5993986,0.33424,
1.5473115,1.4663181,0.1408663,
1.9939699,1.8904433,0.23459531,
1.500947,1.5237753,0.06966747,
1.6528413,1.7623422,0.10659733,
1.4170583,1.1883016,0.21217325,
1.2205186,1.3402066,0.16049238,
1.6987256,1.55916,0.14579119,
1.9883502,2.1429744,0.25181457,
1.4295439,1.3667612,0.1496629,
1.3659036,1.3943794,0.13091059,
1.140488,1.222274,0.26151335,
1.797589,1.412823,0.19073151,
1.4962614,1.5156726,0.11009741,
1.7425524,1.9254687,0.18180194,
1.4902644,1.4472015,0.091493554,
1.682566,1.5398625,0.16632347,
1.1123292,1.3246026,0.28727397,
1.2012242,1.0220878,0.17708151,
1.5154082,1.1321104,0.20838234,
1.226708,1.1388344,0.13688861,
1.6053517,1.5438786,0.23192458,
1.3063371,1.6243987,0.13325828,
1.302079,1.295874,0.12062728,
1.3070285,1.0679373,0.16474831,
1.418212,1.3057455,0.092074916,
1.1870716,1.2957846,0.40685603,
1.255075,1.2830853,0.21385616,
1.828437,1.6700563,0.17629285,
1.8492591,1.6782973,0.20732379,
1.3660355,1.2133597,0.24390484,
1.8272808,1.4979637,0.2555311,
1.8213248,1.84023,0.14989568,
1.4639336,1.430275,0.16999625,
1.3117793,1.389314,0.08536325,
1.4680836,1.37119,0.27925283,
1.7902156,1.8829315,0.1882359,
1.1303751,0.9607208,0.2892575,
1.3059341,1.1718739,0.16553792,
1.2458875,1.2818122,0.30681804,
1.9471855,1.6369574,0.15724877,
1.3301889,1.4158473,0.30420738,
1.8213906,1.5362833,0.29914436,
1.3939482,1.3216336,0.07259177,
1.180591,0.997203,0.23091395,
0.9549001,1.2763553,0.34082875,
1.6404203,1.7360895,0.14505231,
1.5651844,1.6914862,0.09747314,
1.2660395,1.1959118,0.36456016,
1.7021586,1.6496288,0.137928,
2.061511,1.9288046,0.31044808,
1.6188743,1.6389791,0.19847153,
1.9665794,1.5966191,0.31444743,
1.4256166,1.1048155,0.17268111,
1.3852402,1.4127328,0.26861918,
1.8040466,1.814301,0.29213944,
1.8950176,1.6172084,0.2884738,
2.1902523,1.8065255,0.51553893,
1.5293334,1.4432707,0.10171612,
1.1780199,1.3987818,0.22144249,
1.5764927,1.5875207,0.19521214,
1.529913,1.5916724,0.1548833,
1.3409021,1.4272671,0.104510285,
1.4268456,1.3646047,0.07030359,
1.5707027,1.6133803,0.1257032,
1.6612778,1.6183172,0.076165475,
1.1949615,1.3978026,0.18158127,
1.9701822,2.1633503,0.26793066,
1.3629996,1.4190078,0.073734336,
1.729852,1.6927664,0.19584687,
1.1014981,1.0859268,0.25531498,
2.0850189,1.7460593,0.39285767,
1.9128904,1.8781192,0.20348339,
1.470172,1.5112672,0.22142379,
1.3677891,1.4870641,0.14714642,
1.2823486,1.7033117,0.1876262,
1.77496,1.9139884,0.12598926,
1.2879951,1.2436883,0.14563647,
1.4645433,1.3339,0.1632519,
1.0344641,1.3772875,0.2971895,
1.3000592,1.4543248,0.22789665,
1.1531223,1.1971681,0.32467303,
1.3664929,1.2242031,0.22026701,
2.0965111,1.6940398,0.62121975,
1.356211,1.3125381,0.33911836,
1.4750428,1.2262765,0.2342328,
1.2110927,1.0608335,0.2437411,
0.9769998,1.1834277,0.29289028,
1.2878793,1.1326118,0.1544127,
0.9427617,1.3672295,0.2662657,
1.5890803,1.4483862,0.26158917,
1.0217937,1.3726007,0.26491216,
1.5450995,1.6121986,0.1199834,
1.2135564,1.2460376,0.09738648,
1.1923418,1.0940738,0.3120425,
1.5691254,1.3007909,0.24814297,
1.233106,1.227643,0.1459307,
1.4554523,1.473774,0.1090304,
1.1468712,1.1569699,0.13572459,
1.4960506,1.4599543,0.11573048,
1.4975239,1.385874,0.14874864,
1.8249675,1.5751784,0.4835802,
1.8865814,1.67101,0.17846511,
1.7200111,1.6782724,0.19211952,
1.7524704,1.7705119,0.2603277,
1.559138,1.550672,0.08268555,
1.8419769,2.0702665,0.17874002,
0.9225539,1.5944628,0.17930038,
1.2898866,1.1092346,0.27451003,
1.5331962,1.5830109,0.08199483,
1.2048666,1.058154,0.14702678,
0.92380655,1.3898294,0.34065437,
1.3994765,1.5044882,0.089369886,
2.0410545,1.7868865,0.32559538,
1.8865063,1.8557022,0.2940988,
1.7540826,1.5311737,0.21862179,
1.9050584,1.9384468,0.2548894,
1.5434026,1.5402715,0.20042464,
2.0496812,2.2103114,0.20367996,
1.6043149,1.6514211,0.08645493,
1.3655837,1.484628,0.20173495,
1.6514745,1.7991955,0.14358582,
1.5000345,1.6568071,0.24298006,
1.114827,1.4513636,0.3104274,
1.4828928,1.4068515,0.11016667,
1.4476533,1.1596096,0.1651582,
1.7212603,1.7052727,0.2548914,
1.1578839,1.1222072,0.20803669,
1.3320422,1.3299057,0.10737673,
1.5663154,1.157648,0.2520788,
1.3470907,1.3344488,0.07714162,
2.1021588,1.5207722,0.507331,
1.132472,0.77058786,0.20826991,
1.2590487,1.3733435,0.21963446,
1.2506977,1.3779583,0.09207301,
1.4312496,1.3669643,0.14374363,
1.9940789,1.7359698,0.30270448,
1.5175534,1.359983,0.16845833,
1.352213,1.4111073,0.07618835,
1.1063548,0.8848297,0.23463482,
1.6513462,1.5616508,0.19011723,
1.135972,1.2468475,0.30955395,
1.4864885,1.3302824,0.112577096,
1.5578172,1.8072388,0.14732273,
1.5969605,1.4882352,0.14747001,
1.9129179,1.6738482,0.33591533,
1.5315399,1.4574537,0.14330786,
1.6944051,1.4897637,0.25640756,
1.8652966,1.7714574,0.34896746,
1.1784503,1.2266097,0.3896219,
1.3630837,1.3937134,0.11898731,
1.4809806,1.4643359,0.095777094,
1.3899676,1.2044683,0.1501713,
1.1445118,1.070444,0.16752918,
0.90925753,1.2376492,0.36115053,
1.3451685,1.4169297,0.30982733,
2.1588686,1.8559277,0.34592262,
1.4812837,1.3983955,0.38820833,
1.075763,1.1230838,0.32572526,
1.0596117,1.1234562,0.29719177,
1.3117908,1.4301076,0.1506229,
1.5863547,1.6264031,0.2092145,
1.7675762,1.6275942,0.2431729,
1.6430016,1.6753992,0.10701167,
1.478059,1.544093,0.06715537,
1.3746144,1.4890027,0.12594184,
1.8078573,1.8946414,0.15941995,
1.2065406,1.5875208,0.24943356,
1.576722,1.670793,0.11544888,
1.2817644,1.2623565,0.28379995,
2.0392952,1.6356205,0.48573226,
2.1596706,1.6007714,0.18651523,
1.6758084,1.7775955,0.13543336,
1.996211,1.6325169,0.2762255,
1.4165453,1.5853784,0.14799555,
1.2646744,1.3238907,0.19646153,
1.8211155,1.6608847,0.25436968,
1.814583,1.966927,0.12325632,
1.5166957,1.5030475,0.12005475,
0.89038366,1.1454166,0.36819232,
1.6609343,1.7013657,0.13102745,
1.3881671,1.4126229,0.18991084,
1.396898,1.3574095,0.12921575,
1.5421159,1.6084731,0.100272045,
1.1844507,1.1986806,0.20820126,
2.0025477,2.3982828,0.2667139,
1.0472778,1.1312478,0.22332929,
1.8247769,1.8209562,0.23500323,
1.351928,1.160014,0.24055147,
1.3699759,1.2963619,0.2522923,
1.3306028,1.3086578,0.18948522,
1.9148924,1.3721049,0.29061767,
0.9627484,1.0679146,0.15190275,
1.7370284,1.4685781,0.1361324,
1.5114615,1.373873,0.09651437,
1.7885357,1.8334877,0.2841359,
1.6601048,1.681174,0.08305729,
1.2364229,1.4082047,0.22638501,
1.6329426,1.6380842,0.11656209,
1.3664924,1.2828128,0.1706437,
1.7460017,1.4295628,0.27455023,
1.522225,1.5632513,0.19374387,
0.9780772,1.2866534,0.31638953,
1.3203351,1.2325706,0.21127072,
1.1395773,1.2374879,0.15755038,
1.7210103,1.6759925,0.15437531,
1.6275772,1.421201,0.19959937,
0.89082474,1.3404188,0.31235108,
1.7813991,1.7532377,0.1991783,
1.2229415,1.0415263,0.086727306,
1.6832321,1.7304208,0.09930045,
1.2035042,1.3944201,0.3254159,
1.4038762,1.5631922,0.108829,
0.96924895,1.3910911,0.40274072,
1.8716104,1.7803602,0.37686175,
2.183284,1.622281,0.42301366,
1.9413452,1.813968,0.21562354,
1.1694164,1.0093378,0.2771505,
1.7132388,1.8100955,0.15412651,
1.614135,1.6041965,0.10781917,
1.6930484,1.6128821,0.21813022,
1.5451571,1.4691287,0.10791601,
1.5711541,1.4153382,0.12957892,
1.438744,1.4381709,0.09825405,
1.6672654,1.72689,0.09094798,
1.3305287,1.1557488,0.16615775,
1.9264889,1.8501279,0.2822517,
1.1507407,1.0534774,0.23165394,
2.0913765,1.6627457,0.3879174,
1.0191944,1.2447839,0.4839705,
1.2777513,1.219336,0.18407108,
1.7514188,1.5774871,0.27508187,
1.1095355,1.0823171,0.29736713,
1.1337786,1.2084957,0.23549269,
1.5708071,1.4147695,0.23409262,
1.5181898,1.6209178,0.11274393,
0.9440022,1.0716908,0.4017255,
1.820313,2.0304782,0.19776939,
1.1838104,1.0103248,0.21494839,
1.0780785,1.0320481,0.2557533,
1.081263,1.0359987,0.31713668,
1.6486502,1.6805432,0.11343376,
1.155984,0.9860051,0.20401978,
1.1469886,1.0744178,0.24578771,
1.8656752,1.6067538,0.26264596,
1.8106524,1.9706042,0.09787751,
2.0006697,2.0614073,0.2869685,
0.94024086,1.1650171,0.35076848,
1.6798733,1.7519598,0.1995602,
1.4495193,1.4649758,0.11788478,
1.4880583,1.5912688,0.11968561,
1.3393342,1.5876667,0.18943015,
1.0107139,1.2670507,0.44591367,
0.8670702,1.3609076,0.3076511,
1.336426,1.2224413,0.1907935,
1.3264048,1.0780196,0.083154045,
1.6191257,1.6431828,0.12445149,
1.2918162,1.1471798,0.096169814,
1.3547338,1.4008816,0.20912156,
1.5369029,1.4041291,0.31589463,
1.444325,1.3449261,0.09101192,
1.7339208,1.7873938,0.14063968,
1.6775358,1.7068584,0.10770836,
1.6119704,1.7364942,0.09584351,
1.3412971,1.346537,0.0880285,
1.6722007,1.7132576,0.10281873,
1.4019756,1.3787024,0.1466954,
1.1154064,0.9169648,0.2529603,
1.6173089,1.3474693,0.23484944,
1.3152052,1.2183022,0.118164554,
1.3700047,1.4482234,0.12487971,
1.4326819,1.2362727,0.14582564,
1.5716615,1.5918028,0.16059946,
1.3323617,1.3139656,0.06694938,
1.4013709,1.4635054,0.23052077,
1.5844412,1.6595937,0.071723185,
1.2461499,1.1262746,0.12357596,
1.4311496,1.4591678,0.1661445,
1.4392191,1.4317968,0.112749964,
1.4881594,1.5087333,0.0993163,
1.8559775,1.7635365,0.23157145,
1.6241034,1.4487022,0.1512115,
1.5423009,1.4627967,0.08186738,
1.3151095,1.2830935,0.21777038,
1.7512356,1.4959959,0.23548865,
1.429294,1.2568324,0.22912133,
1.4389689,1.5232193,0.08617479,
1.3257686,1.1508946,0.1395128,
1.2652783,1.2145452,0.096766934,
1.6458076,1.6282716,0.08402084,
1.4172188,1.3910813,0.11930703,
1.1676395,1.3807046,0.2753441,
1.0275254,1.2175778,0.28444,
1.3768034,1.3378325,0.26020297,
1.330496,1.2271734,0.11989548,
1.8267354,1.8127028,0.30421302,
1.6905882,1.6153917,0.18967636,
1.7343919,1.8281044,0.13981447,
1.6709608,1.7699457,0.17772052,
1.7584786,1.9288788,0.086540535,
1.0563146,1.028331,0.31669694,
1.3319016,1.4086951,0.18984008,
1.3772404,1.2480868,0.11093011,
1.6802255,1.7739387,0.16723213,
1.6699532,1.4726918,0.20596187,
1.6437032,1.5565251,0.20036098,
1.359532,1.4527521,0.26853675,
1.3840488,1.354527,0.20929615,
1.6331077,1.7676713,0.07288897,
1.6631533,1.8212996,0.10999044,
1.496887,1.5045683,0.22304665,
1.2526951,0.9912406,0.13484976,
1.2434658,1.2248261,0.13772383,
1.3532274,1.4648623,0.23873238,
1.5224375,1.2728729,0.1896223,
1.3287691,1.3552744,0.07665977,
2.0288174,1.8031201,0.31041276,
1.804867,2.061809,0.16733754,
2.0261948,1.5092881,0.38655517,
1.4575814,1.4076259,0.2266008,
1.2284319,1.1011096,0.21796428,
1.5198357,1.3935864,0.32162568,
1.9350088,1.6448004,0.32479557,
1.4238838,1.4178337,0.16653809,
1.3897251,1.22445,0.08391917,
1.4289422,1.3536133,0.09947817,
1.613582,1.5677049,0.10350851,
1.3041213,1.0840751,0.1250115,
1.5800756,1.7285643,0.14473481,
1.0737957,0.9275112,0.25328052,
1.806616,1.9506946,0.10132385,
1.7573086,1.435697,0.29037762,
1.0859003,1.0849984,0.18456231,
1.8093083,1.9207513,0.18305892,
1.1426578,1.0043151,0.22939508,
1.3097605,1.4099193,0.10986811,
1.3825392,1.3588817,0.17882524,
2.0184605,1.6195824,0.3312171,
1.408967,1.3203363,0.13354166,
1.9995589,2.1069455,0.3951816,
1.4518847,1.4000155,0.08417729,
1.252542,1.2148317,0.1922168,
1.5911565,1.6870507,0.15050957,
1.3203115,1.2034681,0.22063689,
1.635,1.7479616,0.080735676,
1.2797854,1.4406285,0.1574448,
1.3862109,1.3229535,0.10838687,
1.4332031,1.3448889,0.07667101,
1.4903188,1.3942673,0.1463507,
1.2847788,1.3213801,0.094228305,
1.3392557,1.3299093,0.11690218,
1.6554546,1.4981093,0.24494244,
1.1657255,1.1494844,0.20108804,
1.9299657,1.83147,0.24281348,
1.3027891,1.285903,0.23046957,
1.6417457,1.8482807,0.16260348,
1.9702702,1.9719553,0.20781517,
1.0633532,1.2761719,0.15663467,
1.1330193,1.3340555,0.2931127,
0.97216046,1.6217829,0.19045863,
1.3085803,1.2291822,0.18473226,
0.9226933,1.4739666,0.30980828,
1.4324158,1.3460083,0.11012211,
1.0155053,1.0798451,0.3433512,
1.4420866,1.3268608,0.17673533,
1.6282086,1.7980855,0.08593836,
1.3808417,1.0819821,0.23189609,
1.7780862,1.8194914,0.19917467,
1.3056748,1.317174,0.15197682,
1.5809731,1.6056907,0.12970984,
1.8987575,1.8326705,0.32244104,
1.1541276,0.9436352,0.17929451,
1.2772559,1.1463917,0.15117791,
2.0757473,2.3898518,0.2845138,
1.7585196,1.7229519,0.23248385,
1.0788599,1.4971752,0.34761035,
1.4622318,1.4234414,0.072775744,
1.3732679,1.3676229,0.11523065,
1.8713701,1.96751,0.15220328,
1.1565082,1.341599,0.1371444,
1.3447441,1.3742462,0.17913675,
1.5376606,1.5080965,0.11925949,
2.0687726,2.0617204,0.38940063,
1.069847,1.2611285,0.28578264,
1.6250615,1.6907294,0.12236078,
1.288782,1.1224895,0.08738808,
1.0663785,1.1439463,0.18714549,
1.1978601,1.2919719,0.1767789,
1.8702962,1.4291744,0.31484053,
1.2391822,1.1324856,0.19115289,
1.4140906,1.444099,0.06633419,
1.579634,1.6077573,0.18521357,
1.3290851,1.4032685,0.32238343,
1.7021697,1.5748414,0.15296467,
1.379532,1.353588,0.09326724,
1.4501005,1.3629358,0.17316253,
1.364059,1.2347221,0.25839853,
1.1192102,1.2088506,0.27320918,
1.6927407,1.2875425,0.26156315,
1.648554,1.7324611,0.08768545,
1.9005876,1.6351676,0.32027557,
2.0295043,2.1599166,0.27754295,
1.7876267,1.9433951,0.158503,
1.7521582,1.6510673,0.19110163,
1.1890707,0.8766589,0.14328308,
1.4684439,1.5680431,0.07503632,
1.6279614,1.5645328,0.21985625,
1.7263913,1.4893124,0.19993255,
1.4681273,1.4772265,0.24973169,
1.6335819,1.6710479,0.14936714,
1.6442333,1.8023863,0.076854885,
1.3361135,1.3885341,0.10888183,
1.3513752,1.2600586,0.13114758,
1.0709777,1.1759173,0.27458915,
1.0684543,1.4826369,0.40144688,
1.8814268,1.9304607,0.19078939,
1.4028628,1.2183197,0.14876315,
1.3152028,1.4365904,0.22887018,
2.051483,1.6517773,0.35484114,
1.767267,1.81791,0.16470292,
1.4137003,1.3771846,0.15298869,
1.5076393,1.5404317,0.12794062,
0.87305015,1.3101906,0.39979744,
1.3059747,1.2760048,0.13838048,
0.9412562,1.3133805,0.28510362,
1.3666036,1.2849988,0.0896639,
1.4795927,1.4905806,0.08390067,
1.1095757,1.1477916,0.15375744,
1.6099728,1.7838905,0.1886328,
1.3805828,1.2732439,0.073354095,
1.5690454,1.4487448,0.10114445,
1.6813447,1.4796908,0.18159837,
2.1406918,1.6163416,0.35136172,
1.0405111,0.9364934,0.21714911,
1.7606686,1.5270057,0.20183259,
1.4123236,1.3262037,0.12570427,
1.3158829,1.3379614,0.12958191,
1.8657832,1.4872001,0.34783763,
1.8327725,1.7968149,0.11361903,
1.3828282,1.3914076,0.08047463,
1.2763646,1.2713643,0.15586683,
1.3439835,1.4072475,0.14979166,
1.3572803,1.3390534,0.16781636,
1.6440899,1.7865899,0.06347222,
1.1270317,1.3056073,0.25931838,
1.3748578,1.2231461,0.09151548,
0.8312329,1.4394184,0.2794323,
1.8639038,1.9930995,0.14978153,
1.1568236,1.0104508,0.25396463,
1.6043957,1.8237839,0.12839475,
1.8412683,2.1221652,0.11873187,
0.9620209,1.1948149,0.2172942,
1.5942549,1.556191,0.15801398,
1.4542277,1.3609529,0.14706813,
1.6967151,1.815472,0.1800682,
1.0817754,1.1036444,0.28584486,
1.5490254,1.4807062,0.1415533,
1.7788922,2.073011,0.12415764,
1.0448333,1.3171601,0.31184354,
1.4600981,1.531311,0.1242285,
1.5848902,1.5233605,0.15394826,
1.5688546,1.597564,0.10369169,
1.1744506,1.297441,0.26892897,
1.7715367,1.8926184,0.26742867,
1.2031448,1.3827609,0.18769726,
1.2554196,1.1984894,0.17973681,
1.2944442,1.3129061,0.21238942,
1.3278674,1.4058652,0.072169766,
1.186455,1.0755783,0.2891369,
1.8398137,1.8970356,0.16064699,
1.1366591,1.5120977,0.159632,
1.504756,1.5634071,0.117740385,
1.4868104,1.4680023,0.17331749,
1.0081074,1.0743341,0.34697148,
1.2458059,1.1576121,0.19906157,
1.2535744,1.1073631,0.21656674,
1.4644426,1.21961,0.20223388,
1.788647,1.4893909,0.20331286,
1.5189868,1.4695922,0.11140328,
2.0787554,1.7498379,0.26096842,
1.2747194,1.1054206,0.10978164,
1.6075264,1.7903929,0.17690325,
1.7089288,1.7618978,0.12784716,
1.3160986,1.1082338,0.09833538,
1.0148346,1.4861214,0.23953682,
1.3160052,1.3754723,0.09897348,
1.3891376,1.3216112,0.16965353,
1.0078522,1.0771534,0.32960123,
1.2153815,1.4113615,0.3232605,
1.0251114,1.0869551,0.32824403,
0.9666519,1.4028785,0.27134246,
1.4948177,1.2718186,0.18726984,
1.088799,1.4050746,0.20095901,
1.8659372,2.015659,0.15836295,
1.2885928,1.219358,0.092086814,
1.0882362,1.2839572,0.27369505,
0.894726,1.1855776,0.21518002,
1.4775982,1.2151884,0.11187591,
1.77938,1.7474568,0.12704122,
1.56689,1.6168034,0.09965575,
1.9080334,1.9207292,0.22474639,
1.5066737,1.5194714,0.10012834,
1.805061,1.6236941,0.1634694,
1.2198126,1.3460275,0.23329058,
1.4449266,1.2384384,0.22619972,
1.2974889,1.1724623,0.08944666,
1.9074042,1.8118904,0.2998097,
1.6849746,1.4867127,0.22447652,
1.6652396,1.4328315,0.25824016,
1.5068431,1.3570273,0.174813,
1.604451,1.6243758,0.17987859,
1.199235,1.0900328,0.16962555,
2.1049972,1.591847,0.36227554,
1.2866664,1.1711084,0.07598819,
1.6362531,1.5844451,0.23754093,
1.8498113,1.8579862,0.33192816,
1.8515847,1.5891583,0.23469743,
1.8450873,1.8500953,0.2580007,
1.6677604,1.7276292,0.124262646,
1.225731,1.0682517,0.10060043,
1.9286194,1.9856975,0.26444447,
1.3350266,1.2673738,0.092229635,
2.0511558,1.6895149,0.38115042,
1.7639768,1.6088803,0.28474513,
1.6310222,1.6743816,0.08148316,
1.8107066,1.74477,0.17098953,
1.5767639,1.4096574,0.12124153,
1.2118441,1.2422745,0.1256897,
1.3486184,1.2942386,0.16638003,
1.1713688,1.1061363,0.33520043,
1.0842755,1.151881,0.37235257,
1.454394,1.3989322,0.30642048,
1.0519495,1.2388728,0.32592183,
1.7112908,1.7591952,0.16671087,
1.3184731,1.2431571,0.14620613,
1.2062104,1.2180086,0.2821041,
1.5085366,1.6783864,0.13511921,
1.2423302,1.3015826,0.21362123,
1.835937,1.9224758,0.22428988,
2.0455625,1.2710937,0.29542717,
1.3082608,1.3420094,0.08094957,
1.2206936,1.3773801,0.21301104,
1.3241525,1.113744,0.13337374,
1.6459631,1.7400553,0.066296965,
1.3572719,1.2942221,0.16966622,
1.4522913,1.4735543,0.104839966,
1.8251802,1.9913726,0.13774362,
2.0149767,1.8083414,0.27669612,
1.6407452,1.880897,0.15532762,
1.5280595,1.6116604,0.10265172,
1.5653135,1.4349729,0.17736635,
1.9222877,1.8085675,0.23294061,
1.8665867,1.4502609,0.24022767,
1.2064853,1.2613909,0.26393718,
1.8163695,1.628404,0.2680216,
1.3514138,1.3938498,0.14916341,
1.8052104,1.894449,0.14330453,
1.5119472,1.5416179,0.060741678,
0.9130159,1.1648952,0.3252154,
1.53952,1.5566213,0.06397359,
1.7021103,1.4607402,0.26642993,
1.3427093,1.4771278,0.18028833,
1.4577464,1.4852966,0.12330272,
1.9415085,2.197022,0.11384461,
1.4320499,1.2731603,0.15760331,
1.5457187,1.7009869,0.2698315,
1.6320364,1.6965845,0.10374185,
1.3538253,1.2745104,0.17059115,
1.4509667,1.3427107,0.09216782,
1.3253642,1.3012036,0.15455472,
1.3963593,1.5073614,0.1929992,
1.3064028,1.2472873,0.15315305,
1.3527476,1.4099207,0.09933789,
1.1206046,1.2313806,0.3238787,
1.5676872,1.7488596,0.07828571,
1.6800678,1.7546619,0.12455547,
0.968371,1.0249356,0.22554253,
1.1206859,1.359901,0.32325658,
1.2264577,1.0978734,0.09504964,
1.3527333,1.398049,0.08300923,
1.2735349,1.1927491,0.3194881,
1.0337483,1.4028304,0.30956534,
1.9648542,2.1498148,0.23294297,
1.5125219,1.5698979,0.077274546,
1.2279035,1.3723115,0.34004545,
1.5299153,1.7683825,0.24951348,
1.8402708,1.4746299,0.18037336,
1.3021301,1.1243894,0.1337083,
1.2775544,1.2952597,0.2665839,
1.3789864,1.3251108,0.21840513,
1.2200551,1.3025559,0.3177917,
1.3102207,1.3697652,0.18565811,
1.0872793,1.446517,0.326897,
1.0802623,1.2561644,0.2749771,
1.3103633,1.3517493,0.15646312,
1.0234828,1.1109021,0.25933748,
1.5561137,1.5907946,0.18649064,
1.3651167,1.2961907,0.13486384,
1.8043588,1.9746337,0.1458395,
1.2408278,1.1132388,0.30094573,
1.2947735,1.04975,0.27722597,
1.408648,1.7217937,0.2354944,
1.4779708,1.3174767,0.1567557,
1.1390464,1.1271461,0.33303615,
1.4452108,1.3252149,0.072884046,
0.99140453,1.3639659,0.39609167,
0.8909253,1.4340022,0.32774064,
1.9731357,1.5208035,0.3116671,
1.8841882,1.9318609,0.21461242,
0.983218,1.3411173,0.49219927,
1.8536334,2.1637456,0.15988722,
1.8180888,1.2836659,0.21489578,
1.4058715,1.2555534,0.14214236,
1.4247422,1.3888445,0.07067744,
1.3807062,1.4378862,0.14330699,
1.6016567,1.6777263,0.12884387,
1.6692848,1.6860528,0.08156334,
1.9130166,2.1140394,0.34880129,
1.7336258,1.8816538,0.13023373,
1.9955189,1.6476905,0.31833705,
1.2234012,1.1433882,0.13126697,
1.8752627,1.4930712,0.22639185,
1.5621738,1.6847289,0.15518521,
1.5484653,1.3839242,0.31971994,
1.3799145,1.2878394,0.07992557,
1.6303589,1.3579183,0.2633591,
0.9719959,1.1331115,0.38884836,
1.7412157,1.4382684,0.22560124,
1.7563629,1.6737405,0.111995384,
1.3380312,1.2050557,0.23550309,
1.40506,1.4542758,0.14821891,
0.92844224,0.9171442,0.46897432,
1.560876,1.5859435,0.061737493,
2.0062063,1.8355474,0.31715715,
1.3790516,1.3402462,0.13993083,
1.1594304,1.0285825,0.28738862,
1.7036005,1.6999063,0.19861032,
1.5201603,1.2818191,0.15032226,
1.128596,1.1212239,0.27338833,
1.5568173,1.6700056,0.20512258,
2.02491,1.8523996,0.46100712,
1.2917988,1.169044,0.1293422,
1.2414491,1.4153811,0.16788699,
1.6661725,1.6247694,0.09959696,
1.1977724,1.2937913,0.18001515,
1.1329607,1.410386,0.26290515,
1.6594512,1.5234077,0.30062807,
1.9501872,1.5273335,0.1681585,
1.3606551,1.2698755,0.12981078,
1.6789646,1.8372092,0.08831982,
1.331186,1.2102334,0.1892644,
1.4671813,1.4168817,0.07978402,
1.552115,1.6493652,0.07096721,
1.7997634,1.848222,0.1924877,
1.5834537,1.5373611,0.10847295,
1.6694722,1.8358853,0.1274047,
1.3935438,1.3394567,0.15951721,
1.1531861,1.1844871,0.33966953,
1.8334641,1.4719065,0.37901455,
1.6205082,1.5143789,0.11018155,
1.8826745,2.082712,0.14777803,
1.878756,1.7745891,0.37316266,
1.7879692,1.9153821,0.08548916,
1.0163281,1.348315,0.34672335,
1.3192954,1.3888996,0.22707535,
1.0326235,1.3400431,0.20376974,
1.4469016,1.310522,0.1880677,
1.6853408,1.7960081,0.1401803,
1.0229633,1.2914047,0.35191035,
1.5325252,1.3550975,0.2515183,
2.0527785,1.7306228,0.3633802,
1.6529624,1.5235016,0.1516404,
1.7265583,1.6319921,0.21545021,
1.1304846,1.2075229,0.37561873,
1.8289776,1.5272204,0.38744766,
1.4191597,1.2685244,0.12058125,
1.3007601,1.1859984,0.21725355,
1.3576491,1.348505,0.14270481,
1.2029264,1.3824925,0.17085218,
1.877006,1.6075535,0.29205707,
1.0055972,1.1982627,0.32611865,
1.3514602,1.1478295,0.08236059,
1.2186247,1.1830189,0.14234848,
1.5252311,1.4689965,0.085388355,
1.5998657,1.8280112,0.19916539,
1.0400213,1.0131629,0.27516463,
1.6899259,1.9444065,0.09900571,
1.0030004,1.5177568,0.3302221,
1.4183158,1.402662,0.113711566,
1.9386408,2.075305,0.19375086,
1.8364949,1.65888,0.26687708,
1.8042896,1.8512604,0.18871719,
1.6251491,1.6282892,0.10063545,
1.2395937,1.2593153,0.13097127,
1.4623425,1.3718041,0.093534574,
1.2387954,1.1063849,0.15142807,
1.8388436,1.7676014,0.3124462,
1.2020886,1.1366357,0.11301716,
1.3502953,1.2914503,0.08469928,
1.7207534,1.7714894,0.20654352,
1.2475351,1.1465104,0.07808044,
2.0328205,2.1316047,0.2792739,
1.8976593,2.2203934,0.20663002,
1.7716395,1.8758554,0.17190744,
0.970074,1.3731098,0.32538828,
1.3516921,1.2370187,0.111284286,
1.4072886,1.6569684,0.13865823,
1.6102087,1.334229,0.2926145,
1.2773955,1.1788933,0.14964779,
1.6804935,1.5998044,0.06044386,
1.4999137,1.4955289,0.0848003,
1.4904056,1.3852458,0.2353121,
0.9784674,1.4950624,0.20303713,
1.5574952,1.5182357,0.1464394,
0.91555613,1.1470585,0.38075662,
1.8089263,1.6292061,0.3568643,
1.5497447,1.4799626,0.2308225,
1.6239309,1.6035727,0.21906938,
1.8121856,1.8429558,0.18594548,
1.7068396,1.7961164,0.2079503,
1.3628368,1.295228,0.11604745,
1.1001147,1.2818137,0.28833878,
2.0052092,1.7832959,0.32224476,
1.4287672,1.5619631,0.11428225,
1.3142163,1.1948465,0.19229849,
1.8493879,1.6892555,0.2130371,
1.0979183,1.28231,0.3025494,
1.1830212,1.185663,0.12591189,
1.6423261,1.7307341,0.15829627,
1.4559696,1.460032,0.09054047,
1.4420866,1.3887339,0.10819647,
1.8990989,1.7641888,0.37055084,
1.8078624,1.3963342,0.24020499,
1.5590239,1.6733347,0.106352314,
2.0860274,1.7516508,0.32284847,
2.0862598,1.7816801,0.3441081,
1.4327763,1.3096415,0.22260888,
1.3819718,1.4004627,0.12039102,
1.3851565,1.4131708,0.12288147,
1.3238221,1.2462157,0.2256495,
1.5512986,1.4905186,0.11013781,
1.9811194,2.265783,0.36534983,
1.7018456,1.8359194,0.08836737,
2.0080366,2.04241,0.17543033,
1.6452048,1.6285808,0.21277244,
2.1278992,1.5628237,0.3220469,
1.9969532,2.0929039,0.22922008,
1.2474067,1.1523776,0.12691194,
1.4225506,1.359185,0.11701279,
1.5634859,1.5383704,0.16364878,
1.1882086,1.3560638,0.23440261,
1.295421,1.2747674,0.17128392,
1.4237386,1.2880056,0.082369134,
1.1109924,1.3495216,0.41814116,
0.9141787,1.0841743,0.5121496,
1.3956503,1.2303898,0.1318751,
1.6234777,1.7835543,0.07706861,
1.3695627,1.2674705,0.17025006,
1.0136644,1.2726564,0.32027873,
1.5860838,1.3939562,0.14027163,
1.6860031,1.6651026,0.1353986,
1.5230025,1.7231381,0.0951081,
1.1248362,1.5062299,0.4293215,
1.6845582,1.5917432,0.3233386,
1.6402031,1.6043345,0.09050097,
1.944834,2.160849,0.2501405,
1.5049086,1.4720633,0.12617779,
1.6619673,1.5713582,0.32296613,
1.6618433,1.6646895,0.15894234,
1.1503416,1.4529148,0.22727567,
1.5143666,1.3558538,0.18558586,
1.347401,1.2977202,0.12483346,
1.2534285,1.2661977,0.17057952,
1.0555058,1.1593549,0.37758312,
1.8973613,1.9138994,0.29914284,
1.1528355,1.1530135,0.22215752,
1.3081337,1.4310067,0.20647961,
1.3348103,1.051986,0.22426818,
2.135929,1.7415359,0.32812685,
1.6262907,1.5874612,0.108267695,
0.97373486,1.1280321,0.3120702,
1.7991854,1.6092492,0.2434552,
1.9747965,2.1534743,0.18814223,
1.1833065,0.8833921,0.18543932,
1.661843,1.4562235,0.3229892,
1.3259208,1.4199986,0.2686642,
1.3920395,1.460949,0.13637488,
1.3674206,1.2929753,0.20130308,
0.9083228,1.1624784,0.34081945,
1.7004476,1.6678162,0.22022046,
1.3808211,1.2480158,0.21957059,
1.6818894,1.9033206,0.1416619,
1.855078,1.8115454,0.17359252,
1.6308329,1.6650672,0.13679902,
1.8610804,1.8115983,0.19740872,
1.8688002,2.1956675,0.16162579,
1.4416579,1.3615456,0.07800229,
1.2253875,1.1260723,0.30027813,
1.2081409,1.1768848,0.1545266,
1.8439813,2.1531463,0.1379047,
1.0851576,1.2441607,0.25276452,
1.1797665,1.2478526,0.34968337,
1.1877471,1.1990978,0.20291299,
1.5317171,1.5394444,0.0854555,
1.7228663,1.760874,0.09917451,
1.6938354,1.5204692,0.23855971,
2.042649,1.3427379,0.20204467,
1.4746102,1.3697302,0.15521437,
1.6672941,1.3433702,0.22499661,
1.3029027,1.0745425,0.14146325,
1.57497,1.6624684,0.07732191,
1.5709689,1.3663317,0.10991068,
1.5285734,1.4520516,0.17553972,
1.7320441,1.8132912,0.1129155,
1.1020126,1.2502944,0.2805801,
1.0078453,1.1925546,0.39241523,
1.6105945,1.5828874,0.19623426,
1.4525189,1.3793578,0.11663259,
1.3765028,1.254332,0.24973868,
1.7817128,1.992131,0.13435315,
1.8933055,1.5284346,0.3201322,
1.3630669,1.3107857,0.11010596,
1.6066438,1.4920542,0.21917364,
1.5462112,1.2838442,0.25278935,
1.2041408,1.1773537,0.15742886,
1.897562,1.1199627,0.8504616,
1.536902,1.6474723,0.07069507,
1.2703624,1.3340907,0.124663524,
1.2489028,1.0943573,0.11125001,
1.9984951,1.4557886,0.27597934,
1.5523857,1.5707844,0.14344019,
1.4208412,1.2766616,0.107190035,
1.483533,1.3619901,0.11536611,
1.3570657,1.1227924,0.102026045,
1.8010197,1.9950664,0.20998836,
1.4948088,1.4242866,0.072436996,
1.4647571,1.377555,0.19108966,
1.4650333,1.4807515,0.07148231,
1.5278673,1.4351332,0.11897806,
1.2265238,1.3174447,0.31920204,
1.4617615,1.3781998,0.20503832,
1.3431873,1.1512307,0.17724545,
2.0024612,1.7385983,0.23447224,
1.6527243,1.249908,0.32420224,
1.3583604,1.2325246,0.15584518,
1.4110132,1.3198142,0.13703014,
1.4317038,1.24507,0.22648221,
0.92208844,1.0507388,0.27015248,
1.5846791,1.5019641,0.13057497,
1.5133958,1.4715464,0.12351338,
1.6238971,1.5752099,0.18409085,
1.3068862,1.3204473,0.11926927,
1.2234775,1.0181801,0.15779711,
1.6843166,1.6730499,0.08907409,
1.9107931,1.7265105,0.17933543,
1.7056597,1.7437084,0.106872514,
1.6166376,1.6083994,0.13965745,
2.0220323,1.4632105,0.21977203,
1.4810295,1.4954889,0.070923544,
1.3844483,1.4642749,0.09556592,
1.7941663,1.5430696,0.21465106,
1.671498,1.592146,0.12707922,
1.2821847,1.2687533,0.19903423,
1.343128,1.423758,0.26512322,
1.2283223,1.1949328,0.22746456,
1.3324378,1.3166252,0.108656555,
1.3924026,1.3948324,0.07299213,
1.6685412,1.856278,0.079518475,
1.9009306,2.110866,0.13169798,
1.8548954,1.8013324,0.21077503,
1.4319129,1.2740256,0.10554258,
1.2442772,1.1108571,0.10375058,
1.5242783,1.4414084,0.18007845,
1.7255989,1.6754241,0.09521376,
1.8558476,1.7526189,0.21828564,
1.4602238,1.4707174,0.095867716,
1.24527,1.1518874,0.17831005,
1.6990217,1.8545961,0.08104543,
1.7055784,1.652456,0.2600514,
1.3885571,1.5479236,0.07419836,
1.4371624,1.291394,0.18304947,
1.4882112,1.5230575,0.0939439,
1.8166833,1.7577786,0.2276185,
1.5027361,1.3213723,0.14644358,
1.4908053,1.5473849,0.10954433,
1.8150058,1.4256241,0.4032254,
1.2045698,1.1661901,0.3039807,
1.8857341,1.971458,0.15264195,
1.9228961,1.6871891,0.23471475,
1.7363591,1.6829953,0.16257928,
1.9444635,1.5230005,0.34659117,
1.9359508,1.394154,0.37871462,
1.539085,1.5736016,0.080505446,
1.3052186,1.4790725,0.2971249,
1.250432,1.1153067,0.1659711,
1.1920383,1.1330551,0.15456435,
1.3599151,0.9952593,0.31746557,
1.1250484,1.0438681,0.27446768,
1.7572792,1.7000244,0.13880914,
1.8743649,1.8805928,0.28909236,
1.4515556,1.2717073,0.23407534,
1.7597222,1.9775989,0.12395143,
1.1894524,1.4702291,0.3232157,
1.6416413,1.2707546,0.19948694,
1.7221801,1.6605592,0.26301357,
1.0260507,1.0191638,0.29057813,
1.8244361,1.6467094,0.16438605,
1.1585437,1.4469199,0.0932997,
1.7952505,1.70463,0.17004979,
1.5137324,1.5027084,0.14492944,
1.188159,1.0891007,0.14377074,
1.9143629,1.8703313,0.110447675,
1.565015,1.4708457,0.1251779,
1.8692043,1.8623452,0.22028877,
1.239829,1.1753908,0.13738115,
1.6049614,1.5957181,0.08565389,
1.2853366,1.1613779,0.31140774,
1.2124336,1.1360772,0.21132603,
1.2523144,1.3264107,0.27808997,
1.3567436,1.4080348,0.13827108,
1.3162086,1.214041,0.12691468,
1.3360418,1.2947903,0.16297604,
1.554394,1.6488485,0.1802452,
1.603647,1.5562453,0.15876403,
1.0305412,1.0683081,0.21807526,
1.5711234,1.4447477,0.12812631,
1.8756521,1.914721,0.10196881,
1.8002496,1.7543476,0.24680525,
1.1689887,1.041843,0.24344854,
1.5079514,1.6884937,0.087830886,
1.2117794,1.3405008,0.18507902,
1.8609555,1.9169323,0.1384972,
1.0512228,1.2992179,0.41046867,
1.3710314,1.4243013,0.10240884,
1.3113818,1.3789229,0.24477543,
1.4650592,1.400224,0.06761418,
1.5751402,1.413198,0.11938488,
1.9018521,1.5182999,0.25918323,
1.1697643,1.1315675,0.19782197,
1.4033711,1.4292269,0.09235604,
1.6784468,1.7591195,0.08582279,
1.9290247,1.6390531,0.28696632,
1.2987689,1.3544047,0.21530719,
1.5730569,1.4642761,0.15161711,
1.390029,1.2366666,0.12626456,
1.0229955,0.9320824,0.2524339,
1.4953262,1.3739946,0.1912402,
1.8150426,2.0205314,0.18717098,
1.3878961,1.2987788,0.13566588,
1.9457014,1.6628246,0.29596105,
1.7559773,1.5464411,0.33699045,
1.7598073,1.8843255,0.16210875,
1.7154199,1.7178459,0.20921776,
1.8452723,1.4449599,0.16623206,
1.5017649,1.5590732,0.15197328,
1.3832083,1.4360383,0.18168372,
1.1537145,1.1002687,0.17947155,
1.3490282,1.4852433,0.12933783,
1.3383772,1.4812782,0.30336553,
1.0256389,1.2559792,0.27259782,
1.4703926,1.479784,0.086482346,
1.8694422,2.0286725,0.20932095,
1.7957478,1.7240124,0.1844567,
1.3010223,1.2595645,0.28762466,
1.5887895,1.6332879,0.14322716,
1.6713245,1.6681713,0.1107702,
1.2155228,1.3991742,0.30762887,
1.6307844,1.5213932,0.16079022,
1.7071817,1.5409257,0.22472426,
1.8212801,1.4827013,0.2582692,
1.1895185,1.0972588,0.1865925,
1.7198672,1.7445784,0.13301641,
1.0264319,1.3099008,0.39249638,
1.4935651,1.2573028,0.17493698,
1.3717427,1.4077996,0.26723847,
1.2469839,1.5221374,0.29805917,
1.1546645,1.3287618,0.24951792,
1.2765913,1.1548198,0.07129458,
1.2473382,1.3011806,0.19431616,
1.9249911,1.951791,0.28793278,
1.3452858,1.3364527,0.079920955,
1.582211,1.5108199,0.18244347,
1.3155713,1.1673481,0.07165832,
1.1951302,1.4064816,0.15822726,
1.0451167,1.4227493,0.2694251,
1.8220158,1.9192421,0.18985048,
1.5218112,1.5831205,0.12119527,
1.7100897,1.6839302,0.12635969,
1.5088154,1.3607152,0.1366484,
1.6229987,1.7421858,0.068367906,
1.7814982,1.7579947,0.1153126,
1.405512,1.3710108,0.115408435,
1.2770935,1.6154397,0.2665708,
1.0808161,1.1984515,0.35820693,
1.3104507,1.1887378,0.21402217,
1.3927691,1.3321743,0.09547208,
1.159678,1.1968845,0.17197749,
1.5538273,1.599093,0.09928456,
2.0623868,1.6957011,0.3112921,
1.4054971,1.3950405,0.13952766,
1.3189027,1.3433015,0.109148294,
1.673912,1.591676,0.27408662,
1.619299,1.5698867,0.1532427,
1.4414726,1.4735729,0.071713574,
1.3857062,1.3568943,0.124679714,
0.89683896,1.2822721,0.2601784,
2.0029657,1.4342706,0.24807443,
1.4685385,1.4895365,0.11436814,
1.8118037,1.8329883,0.30468604,
1.9181051,1.9130023,0.20154534,
1.6329403,1.7499225,0.23631184,
2.1306531,1.6504511,0.407589,
1.8147242,1.7809646,0.21237312,
1.1488402,1.104603,0.1843786,
1.743298,1.7374899,0.09233966,
1.300058,1.4199522,0.2525279,
1.3970013,1.4978881,0.13685402,
0.938208,1.3871515,0.27647266,
1.7572725,1.6231996,0.19411148,
1.2833625,1.2173535,0.13580072,
1.8568697,1.7152574,0.2087778,
1.4786412,1.3813553,0.10046213,
1.5668473,1.6712391,0.14688501,
1.3795724,1.3296428,0.10620674,
1.5383303,1.256583,0.23299567,
1.592303,1.6244457,0.1361449,
1.3262271,1.3799297,0.14763138,
1.3990752,1.2614245,0.10107742,
1.8163066,1.787622,0.27008453,
1.5419183,1.506484,0.06982757,
1.352241,1.1074743,0.2751287,
1.3087895,1.3252567,0.15476032,
1.4369997,1.4459027,0.2992889,
1.1348068,0.91016245,0.2003633,
1.0698934,1.1672738,0.19364263,
1.3320799,1.3891052,0.10860904,
1.7156726,1.6946473,0.20366429,
1.6640837,1.7451668,0.065064095,
1.7657624,1.8197109,0.13346337,
1.9009209,1.8427234,0.2418543,
1.4427009,1.4347656,0.10749408,
1.1375657,1.081178,0.29131538,
1.6413727,1.7578511,0.12022306,
0.860997,0.90195477,0.25394464,
1.6335735,1.9254854,0.09914031,
1.4133873,1.4096904,0.096911,
1.4663124,1.6067797,0.17887007,
1.2477442,1.1738521,0.26455826,
1.1723717,1.3127133,0.28043455,
2.1479728,1.4758277,0.20563368,
1.6240858,1.5360576,0.16585065,
1.2448187,1.1287503,0.09793423,
1.3967518,1.1317905,0.19259627,
1.2907466,1.3551716,0.14823836,
1.6125201,1.6983199,0.10030715,
1.4349322,1.3733675,0.098595776,
1.39343,1.2132502,0.15847065,
1.5514483,1.63655,0.09893367,
0.9473835,1.4642786,0.330872,
1.6621695,1.615476,0.098943405,
1.1506218,1.502378,0.24756633,
1.4789516,1.4591198,0.05933218,
1.5505512,1.3614562,0.24580617,
1.9300404,1.821857,0.21038367,
1.6596465,1.7796546,0.2143573,
1.164043,1.074704,0.21161659,
1.712047,1.8051114,0.14292105,
1.2936009,1.1499958,0.13137305,
1.9715488,1.786695,0.27519414,
1.4578158,1.624011,0.12097416,
1.6304736,1.5565825,0.12966822,
1.4500873,1.5210505,0.13891241,
1.2410753,1.0984418,0.22038941,
1.3249357,1.317213,0.18650052,
1.5958624,1.6292472,0.09160211,
1.407977,1.5095885,0.062361456,
2.015393,1.5991743,0.3688945,
1.7470795,1.8647394,0.11410327,
1.2972473,1.4253179,0.23229456,
1.2735775,1.2039585,0.15514116,
1.421322,1.5956883,0.07406944,
1.0611283,1.3151196,0.41150516,
1.6450261,1.581948,0.3244359,
1.7852304,1.800322,0.18139765,
1.6110002,1.551035,0.10687787,
1.7718552,1.554249,0.35471743,
1.42022,1.4486349,0.074666016,
1.8175616,2.0962029,0.120250985,
1.53319,1.6758343,0.16330546,
1.1892756,1.1309973,0.23729524,
1.8766055,1.4406836,0.28811538,
1.511087,1.6195964,0.07913278,
1.6769505,1.5208797,0.100222774,
1.3017716,1.2894273,0.10504947,
1.4095415,1.2570951,0.19045402,
1.7384243,1.5648699,0.1676262,
1.890732,1.8369389,0.24154931,
1.1663797,1.0706595,0.3637747,
1.3611337,1.3068662,0.18093164,
1.8921337,1.7001331,0.31552878,
1.129801,1.2310197,0.27933884,
1.121087,0.9612937,0.31638962,
1.2026327,1.4061687,0.2418159,
1.0173712,1.2344457,0.30667204,
1.9682965,1.7502632,0.40683508,
1.4555455,1.4815087,0.106842384,
1.4832667,1.4044307,0.1735307,
1.3010856,1.1076415,0.09314047,
1.7504344,1.9940147,0.19238263,
1.9201086,2.0993955,0.29544994,
1.4123411,1.4033847,0.095645465,
1.8863122,1.8601785,0.15712774,
1.3514947,1.2817653,0.14012936,
1.1049958,1.1646969,0.35772064,
1.7239037,1.7286992,0.1623385,
1.2159323,1.0987185,0.108846925,
1.0880572,1.3759823,0.23556408,
1.8538506,1.9202807,0.12624425,
1.085477,1.1481284,0.4026266,
1.3211398,1.140776,0.098020606,
1.6887794,1.3950101,0.30743065,
1.6995864,1.5504918,0.3306617,
1.4478688,1.4587249,0.12346691,
1.9639125,2.3412848,0.20803118,
1.5503538,1.4790864,0.11379993,
1.1121875,1.113443,0.24671839,
1.1838408,1.169964,0.16436625,
1.2710366,1.2451874,0.24238794,
1.6264098,1.6220512,0.09527086,
1.0590972,0.9783523,0.25054654,
1.4628725,1.3435981,0.15657084,
1.5656679,1.6165305,0.09490144,
1.5338447,1.6091168,0.10015062,
1.6795863,1.623249,0.17296009,
1.9339945,1.6118643,0.26756698,
2.0143785,2.1027915,0.275087,
1.5335932,1.5501156,0.06922356,
1.3269465,1.3277792,0.105850086,
1.3090874,1.1192518,0.18745592,
1.5565351,1.441328,0.18868914,
1.177915,1.3694661,0.29232016,
0.9491726,1.2387154,0.3579774,
1.9420879,1.6405663,0.24563171,
2.0583963,1.6166065,0.2955061,
2.1200318,2.0075529,0.29180998,
1.8907332,1.6407485,0.30723825,
1.297252,1.2866514,0.11712585,
1.2730845,1.2114058,0.11907185,
1.2985362,1.1933428,0.11202736,
1.142382,1.0480025,0.18567386,
1.61968,1.6811094,0.083991334,
1.5529153,1.5882092,0.10448499,
1.2364703,1.3374906,0.21757911,
1.1833651,1.4134874,0.2710472,
1.2695966,1.1675167,0.11449456,
1.5332763,1.6473359,0.17564817,
1.4843503,1.3217552,0.30580488,
1.7510163,1.5678425,0.21367691,
1.3372216,1.5012083,0.10116294,
1.5796849,1.4994333,0.24620803,
1.7238094,1.8982363,0.21203196,
1.1198307,1.2746893,0.14231385,
1.1796467,1.1574259,0.13658656,
1.337593,1.3298934,0.08212273,
1.7837821,1.6395111,0.26554778,
0.96080804,1.5173335,0.23159772,
1.5560503,1.5457315,0.13204941,
1.4500663,1.3097166,0.109998226,
1.2354784,1.1243808,0.19939679,
1.3205112,1.2096534,0.2808426,
1.0289359,1.1706119,0.21856646,
1.6895251,1.725264,0.112461425,
1.5756962,1.4857864,0.23532705,
1.2751224,1.212686,0.22428036,
1.7686931,1.9283888,0.12377023,
1.1946943,1.3031036,0.37824777,
1.4983162,1.3049692,0.10164536,
1.4261789,1.3887296,0.13290417,
1.5437968,1.5560995,0.18253939,
1.6667018,1.7012222,0.12247067,
1.2633114,1.107677,0.1997402,
1.2705007,1.1356273,0.1144463,
1.517189,1.5788295,0.060954973,
1.6963753,1.71643,0.24687546,
1.5146624,1.5365145,0.13355102,
1.3153106,1.313272,0.08150673,
1.2846202,1.2853562,0.18009914,
1.1209271,1.04367,0.2441051,
1.8836865,1.569304,0.28839478,
1.3447531,1.3230435,0.19554634,
1.6064827,1.5804985,0.10921512,
1.1386245,1.1689382,0.278185,
1.2290071,1.0710571,0.17174305,
0.89042914,1.1724333,0.41767195,
1.7494297,1.7377503,0.15833312,
1.434246,1.4932542,0.054748476,
1.4906896,1.3568007,0.09748694,
2.0782151,1.8551621,0.3496787,
1.3689224,1.3777227,0.17513822,
1.269036,1.447449,0.19120462,
1.2731073,1.1546848,0.23886669,
1.2148036,1.1914957,0.13748163,
1.2569518,1.2210345,0.12239897,
1.6001421,1.6721048,0.20251742,
1.4972913,1.3723111,0.08935356,
0.9801749,1.3971832,0.25905624,
1.4437445,1.4603305,0.12589473,
1.1378976,1.1804082,0.17741445,
1.1055399,1.2111378,0.30332702,
1.0985683,0.9135758,0.32583344,
1.3190783,1.2307987,0.15475374,
1.7453804,1.7725042,0.115882516,
1.5376694,1.6461785,0.0722399,
1.3579061,1.1925194,0.30428073,
1.8784046,1.8865345,0.17249355,
1.3300227,1.2287602,0.10358948,
1.4551499,1.4103525,0.09681827,
1.6146605,1.6620762,0.098158546,
1.9330595,1.82287,0.2668655,
1.0547092,1.2273048,0.25257656,
1.9572453,1.7099966,0.25940973,
1.8241944,2.0853136,0.1848953,
1.6835785,1.4840193,0.10896825,
1.2550555,1.1598418,0.2202622,
1.4920001,1.378308,0.13007046,
1.7197013,1.8657296,0.09397814,
1.4074647,1.455785,0.13565983,
1.8811784,1.8860648,0.18446375,
1.2620186,1.3697978,0.14910007,
1.9451213,2.1515594,0.24699491,
1.6572927,1.6597085,0.09615657,
1.2841479,1.3411963,0.24911945,
1.4527076,1.489959,0.07250683,
1.0890223,1.224086,0.2965558,
1.9010551,2.0952926,0.24821149,
1.1501365,1.3201054,0.22196656,
1.7542067,1.8016479,0.14633477,
1.4626477,1.4571338,0.09513714,
1.554166,1.3909566,0.21187016,
1.2713935,1.1030556,0.17826909,
1.6596543,1.5431808,0.16833472,
1.3589655,1.314522,0.09777821,
1.0995337,1.4335105,0.14375085,
1.5010232,1.4722099,0.07073575,
1.9089282,1.8179381,0.2636476,
2.031673,1.9880445,0.27546453,
1.1889184,1.4112573,0.14564742,
1.5906146,1.5716422,0.1517862,
1.7803372,1.5943596,0.2804433,
1.9819248,1.944124,0.37075806,
1.680239,1.6539929,0.13592917,
1.4325721,1.3585427,0.110456705,
0.9791503,0.9648918,0.42259666,
1.2932678,1.481905,0.12671188,
1.2505631,1.1605109,0.27243868,
1.5340511,1.4146719,0.17707267,
1.916126,1.7603825,0.3092605,
1.2860361,1.2404543,0.14067183,
1.3034952,1.5455806,0.23180576,
1.4520916,1.3003076,0.2287929,
2.0751812,1.9660804,0.4087135,
1.4487936,1.5126979,0.1027246,
1.8707829,1.6772902,0.32446802,
1.4723657,1.4057217,0.12690341,
1.816508,1.631906,0.24408154,
1.4494998,1.3595452,0.104520105,
1.8513618,1.9009726,0.3220821,
1.1669652,1.3220766,0.2657071,
1.1771908,1.1767478,0.21880005,
1.4746659,1.4795282,0.14890619,
1.5825293,1.5576973,0.21739355,
0.93151295,1.2881895,0.24615844,
1.7849874,1.4350709,0.18758158,
1.4534853,1.4044793,0.19506064,
1.6814328,1.5417045,0.22689812,
1.5238895,1.4944354,0.1417702,
1.2658081,1.3000503,0.310352,
1.201385,1.2893306,0.17178369,
1.4440411,1.4880352,0.07280919,
1.6588582,1.7945352,0.10505441,
2.0713024,2.0036464,0.23071663,
1.3177612,1.343889,0.1538106,
2.121598,2.0244567,0.3582419,
1.7827231,1.9540813,0.11303032,
1.5667256,1.5217583,0.114316165,
1.1406689,1.032708,0.25085568,
1.2958422,1.2114178,0.30677223,
1.2037206,1.0469828,0.11181108,
1.2154022,0.98038113,0.09888101,
1.6564724,1.5639646,0.121387474,
1.8035829,1.3182673,0.27588,
2.0033238,2.0657892,0.25595844,
1.4495264,1.4513613,0.071338765,
1.361325,1.2419894,0.1315295,
1.9525661,2.0305128,0.3977015,
1.4375734,1.533335,0.092842735,
1.7621369,1.9882853,0.14825796,
1.8431118,1.7777464,0.28064808,
1.5043838,1.6361585,0.07327979,
1.2100922,1.156321,0.2634015,
1.5082661,1.4059844,0.16958225,
1.4157327,1.3877873,0.37008318,
1.2013361,1.0383598,0.0955675,
1.2477367,1.4709316,0.14322989,
1.3148106,1.2605911,0.279438,
1.9857159,1.751616,0.29323593,
1.7476988,1.8565028,0.104422286,
1.0640053,1.3533976,0.36130795,
1.2749573,1.1479104,0.09453957,
0.94960266,1.1517814,0.44174936,
1.7630341,1.7900892,0.23372708,
1.4131509,1.4352608,0.081697606,
1.7489302,1.6219954,0.101737626,
1.7046039,1.6780822,0.10079973,
1.1809397,1.2557508,0.2504236,
1.3483272,1.1601725,0.14254428,
1.2763307,1.2965076,0.16819894,
1.4167236,1.295011,0.18128219,
1.64346,1.4532623,0.21703175,
2.0890222,2.0859985,0.5071132,
1.4150027,1.4719553,0.10196044,
0.9382506,1.5360514,0.17352566,
1.4409834,1.4063411,0.21806999,
1.832211,1.544441,0.16810976,
1.7862239,1.4722263,0.212383,
1.158711,1.0677441,0.2142554,
1.2348092,1.107765,0.18885101,
1.7832283,1.337956,0.21652164,
0.94561845,1.1765754,0.32841432,
1.4055686,1.45673,0.0920279,
1.484034,1.4350893,0.102052316,
1.0102897,1.1236423,0.34945303,
1.2013947,0.9738831,0.18145868,
1.5181965,1.476551,0.089307755,
1.3890923,1.2630534,0.24940874,
1.1341475,1.2056098,0.3139462,
1.506772,1.4024746,0.13079873,
1.7306304,1.6815951,0.1333725,
1.7597369,1.9169245,0.12330097,
1.2208773,0.99399066,0.2090987,
1.5546172,1.6731935,0.08434422,
1.9137621,1.7784832,0.36615136,
1.4178091,1.5449668,0.14956892,
1.047383,1.003112,0.28392136,
1.7427944,1.916755,0.15666679,
1.2238522,1.0488145,0.166083,
1.1561279,0.99341536,0.24270944,
1.5302397,1.5765028,0.12240874,
1.4473046,1.4395115,0.114741035,
1.4237977,1.2786597,0.19005297,
1.8209535,1.468528,0.34723666,
0.9713191,1.0181068,0.24527647,
1.7981565,1.8052044,0.23669241,
1.9434133,2.1339478,0.33888227,
1.5735443,1.7192962,0.12296615,
1.1532725,1.1674845,0.30070046,
1.7929821,1.7276005,0.13820457,
2.054843,2.390145,0.15204427,
1.7227012,1.7819157,0.24410057,
1.509692,1.7050912,0.12409909,
1.3378216,1.1998196,0.16966863,
1.0523866,1.0668738,0.29840943,
1.972034,1.9197516,0.23168424,
1.9140902,1.9737341,0.21162675,
1.3913244,1.431749,0.33424503,
1.4120371,1.413348,0.07100723,
1.7451638,1.9100633,0.13337725,
1.3375351,1.3541422,0.18073025,
1.2690227,1.3290203,0.22202156,
1.0772141,1.1607318,0.31168148,
2.0782905,1.7418745,0.4509132,
1.6376443,1.277484,0.19487154,
1.5738051,1.6022214,0.1052032,
1.4283869,1.250631,0.08684004,
1.7387292,1.3422198,0.25506422,
1.2802354,1.0154485,0.13348378,
1.1672139,1.0206896,0.23474136,
1.5034416,1.3495945,0.21764098,
1.5518689,1.5986532,0.122131854,
1.5109702,1.4757156,0.18280858,
1.3813546,1.3220998,0.10173097,
1.5635582,1.5781604,0.18654186,
0.92273694,1.2031968,0.33144975,
1.6754527,1.5235369,0.19328004,
1.6440098,1.8382959,0.09548281,
1.8598905,1.8181098,0.21543197,
1.2815453,1.1267333,0.17688225,
1.1127431,1.083884,0.16947486,
1.4501538,1.365533,0.18569237,
1.4486648,1.4352059,0.09460864,
1.4674275,1.5047811,0.05767,
1.0796205,1.0125049,0.2728909,
1.312681,1.219321,0.10371628,
1.3291199,1.1956322,0.2002099,
1.5015329,1.4630316,0.11782531,
1.6150813,1.646133,0.23722929,
0.89655054,1.1563842,0.29017907,
1.430748,1.4925616,0.11207594,
2.029552,2.1517687,0.31172645,
1.4534175,1.2250887,0.20609273,
1.555913,1.4962634,0.13084272,
1.9472437,1.9828522,0.29607144,
1.2007084,1.0868464,0.11830702,
1.0983495,1.1586821,0.23074223,
1.5888807,1.6602004,0.098710395,
1.92874,1.5049136,0.4431581,
2.1099215,1.4834442,0.3300852,
1.1941333,1.3135778,0.19997633,
1.4396739,1.3343887,0.09994809,
1.4258707,1.3424997,0.1129687,
1.8434298,1.9575143,0.1386214,
1.531716,1.6336217,0.25736174,
1.2699608,1.2056894,0.23442407,
1.7192078,1.5748205,0.16193077,
1.2877157,1.2363954,0.15340203,
1.7081765,1.7108724,0.21207464,
2.0826948,1.7896106,0.47766376,
1.4732705,1.5215032,0.24670136,
1.7467864,1.7731476,0.07655058,
1.6772621,1.8968844,0.13799731,
2.0890958,2.0235384,0.26142758,
2.0961137,2.037423,0.40869018,
1.4409668,1.3879495,0.14977579,
1.5645813,1.6769924,0.08101692,
1.3394531,1.2345997,0.27373782,
1.1913806,1.3206213,0.2964085,
1.0108562,1.1414485,0.25307754,
1.0668226,1.1203921,0.1951711,
1.433727,1.527689,0.1732171,
1.9217193,1.5466822,0.31392476,
1.577584,1.5595288,0.1201385,
1.6641678,1.8304203,0.082470626,
1.7759196,1.9522781,0.1686255,
1.482513,1.2923421,0.121243805,
1.3487712,1.4576337,0.08948203,
1.6597427,1.6239545,0.39756665,
1.2935543,1.2228409,0.13957645,
1.2048084,1.0208222,0.15446803,
1.6561693,1.6496301,0.19012424,
1.7876892,1.8802307,0.19600326,
1.8041364,1.7773447,0.23418874,
1.423665,1.343128,0.12615292,
1.3437668,1.3928392,0.12086428,
1.098883,1.0368747,0.23091719,
1.3132297,1.2199566,0.07767745,
1.2126904,1.3701984,0.22184314,
1.167979,1.155454,0.21396284,
1.5450026,1.6685674,0.29347458,
1.5137943,1.4841648,0.07505509,
1.8768828,2.0767183,0.15032813,
1.8056066,1.566889,0.14067078,
1.2192665,1.2708776,0.2874594,
1.3376367,1.095459,0.15759835,
1.4706959,1.5145912,0.06611006,
1.0662291,1.0467767,0.22181618,
1.4356794,1.4519157,0.104087554,
1.5521603,1.3313901,0.15454155,
2.036413,1.5688137,0.36699805,
1.6638125,1.6375487,0.07829425,
1.6410071,1.7293944,0.090811595,
1.8921747,2.00537,0.21052618,
1.3523633,1.3227205,0.18228759,
1.6508248,1.6282682,0.10326098,
1.6648798,1.7790685,0.09339744,
1.5125822,1.4946806,0.093600295,
1.3256016,1.2164942,0.10812186,
2.0380425,1.6418989,0.30087882,
1.8567033,2.1994522,0.10779066,
1.9339495,1.9648979,0.14317316,
1.4706525,1.2803493,0.271552,
1.3095438,1.2957683,0.15473336,
1.2451124,0.99401736,0.13821337,
1.9126642,1.9812315,0.2599865,
1.7860625,1.8693469,0.21235497,
1.296052,1.5207968,0.20832455,
1.2500829,1.276541,0.14075655,
1.7040992,1.4711026,0.22472703,
1.0580524,1.2882844,0.1436674,
1.93768,1.6725307,0.11965129,
1.5248058,1.4659398,0.18674119,
1.154437,1.1828762,0.34315082,
1.3475766,1.242178,0.0971987,
1.3010396,1.2787409,0.11623572,
1.1101172,0.94334793,0.24116768,
1.2586751,1.0059648,0.28843477,
1.2185667,1.3692328,0.31428716,
1.1266193,1.0545617,0.25278783,
1.2678232,1.2562243,0.18549073,
1.1816204,1.1175928,0.2717865,
1.7258354,1.5729948,0.2213999,
1.2683069,1.3186827,0.2856531,
1.6394641,1.5450219,0.089604,
1.230095,1.1569922,0.10920954,
1.6009525,1.4957627,0.06553262,
1.5406575,1.6797147,0.123830065,
1.3656762,1.2980686,0.06892233,
1.1909006,1.1588473,0.16790582,
1.7133553,1.6845188,0.10621767,
1.4809548,1.3973912,0.18132417,
1.8736033,2.2133243,0.2144595,
1.9129164,1.6706526,0.22838537,
1.6229427,1.4914267,0.24616419,
1.2687505,1.1764995,0.13740402,
1.2998035,1.0981107,0.13646942,
1.8690956,1.8462849,0.17827708,
1.8175522,1.8613327,0.39858148,
1.4914473,1.4059728,0.12586032,
1.1208222,1.4111623,0.40200287,
1.3804574,1.4030766,0.062256534,
1.6808212,1.5305362,0.09423715,
1.5615587,1.6218526,0.101654395,
1.8093961,1.9877224,0.12247759,
1.4953333,1.5847178,0.12047663,
1.3163826,1.359494,0.14536858,
1.3349817,1.3025753,0.25517207,
1.7871678,1.9822676,0.16219153,
1.6060231,1.4210906,0.21057388,
1.4518936,1.4304674,0.12201099,
1.2284294,1.2551224,0.28190586,
1.2987652,1.228467,0.21560329,
1.4559698,1.31322,0.24792796,
1.3258089,1.4101031,0.12490161,
1.2309766,1.0536084,0.17662963,
1.90552,1.8224713,0.12716633,
1.563739,1.5230908,0.069426715,
1.5258394,1.6075064,0.08006319,
1.5168142,1.3517501,0.15490243,
1.2889069,0.98985153,0.1565484,
1.5176598,1.3242229,0.10434186,
1.560326,1.5857341,0.089103095,
1.6121044,1.6096919,0.12234686,
1.2461993,1.2077553,0.124531865,
1.3000529,1.0839875,0.23005588,
1.2608634,1.1557349,0.14417982,
1.0340439,1.3149436,0.41591623,
1.8607283,1.7380536,0.28685713,
1.8845384,1.8595526,0.13082148,
1.4979082,1.4122913,0.15246281,
1.235627,1.2670716,0.15853973,
1.2209939,1.0220921,0.17958267,
1.0664737,1.2517829,0.33939943,
1.2561784,1.1232657,0.16470557,
1.4737766,1.1415315,0.13961539,
0.8886548,1.2824597,0.2052458,
1.2525073,1.1502438,0.13376848,
1.6024473,1.6628563,0.18236619,
1.2701428,1.3573987,0.18703255,
1.6866455,1.5371459,0.29129994,
1.4569639,1.5113268,0.060421906,
1.7960074,1.9008641,0.22102658,
1.3312069,1.3789957,0.35309988,
1.1367979,1.1590558,0.31787616,
2.0518236,1.6757262,0.40068573,
1.2478757,1.0073037,0.11986458,
1.180438,1.1141571,0.23802152,
0.9451572,1.2404716,0.3528065,
1.2794939,0.9935553,0.20148918,
1.144219,1.1844852,0.30543822,
1.6518441,1.825865,0.0929598,
1.7160093,1.415026,0.24129635,
1.3356622,1.4208277,0.3196479,
1.4931817,1.3766925,0.19798636,
1.9571662,2.1705215,0.15195723,
1.7997139,1.7170243,0.1825255,
1.5000114,1.5072364,0.10109376,
1.3185219,1.3114611,0.23409824,
1.3840427,1.4066949,0.11959511,
1.3138967,1.3134271,0.09332774,
1.5636283,1.5329531,0.18153715,
1.6023297,1.5965728,0.08393832,
1.344922,1.1603212,0.11537287,
1.6672692,1.7149369,0.06752729,
1.9243841,1.9978318,0.270629,
1.6265814,1.4608592,0.11332998,
1.9580898,1.9153302,0.42704082,
1.1448803,1.2485176,0.19770333,
1.5387284,1.6987135,0.13334864,
1.3528367,1.2528691,0.18779394,
1.8485897,2.0315645,0.26806134,
1.6807374,1.7291262,0.09015472,
1.2971582,1.1834307,0.094279416,
2.0396812,1.998385,0.22268337,
1.7883351,1.458087,0.31635118,
1.3958278,1.5237377,0.1086029,
1.5202894,1.3800514,0.09855941,
0.8468181,1.269254,0.32583052,
1.955673,1.7958487,0.34894857,
1.0577557,1.2712338,0.35378164,
1.3936787,1.2498014,0.12181583,
1.4208668,1.4287963,0.090180784,
1.6720312,1.8186307,0.09238228,
1.3853931,1.23736,0.13018323,
1.4644258,1.3672212,0.13427524,
1.1396043,1.0431236,0.23580441,
1.8320642,1.7366362,0.29718715,
1.5308149,1.4045691,0.11834784,
1.3130654,1.4385067,0.26992023,
1.6279111,1.6010294,0.21043363,
1.1855067,1.4404777,0.3119412,
1.4201425,1.4966395,0.10306593,
1.2676398,1.1418557,0.08422833,
2.019458,2.0498703,0.23099129,
1.5780938,1.5267444,0.16180232,
1.4011792,1.2412719,0.18618768,
1.3964746,1.3872077,0.2206485,
1.6855928,1.8205699,0.16802655,
1.4346274,1.3376126,0.14258553,
1.872319,2.0344586,0.1839076,
1.1228784,1.1943965,0.27036178,
1.1604139,1.5512011,0.16060568,
1.1607585,1.2570677,0.21193004,
1.0747142,1.3618466,0.25657934,
1.3583938,1.3917375,0.21761063,
1.1667039,1.1877848,0.25619194,
1.3734891,1.3686213,0.14382519,
1.2037736,1.1488373,0.2093775,
1.4649323,1.5725505,0.18123384,
2.0032036,1.9630585,0.36234346,
1.2202252,1.2935948,0.16650218,
1.4956781,1.6804447,0.15355799,
1.1429673,1.2709553,0.19566187,
1.7819057,2.0025225,0.25671026,
1.40651,1.4028108,0.17558509,
1.3027489,1.1974746,0.15650678,
1.5538127,1.6962707,0.11808688,
2.075689,2.3649158,0.44525155,
1.647233,1.5236983,0.12992471,
1.2414056,1.1703906,0.3117009,
1.694937,1.7703868,0.19769803,
1.5343373,1.6481965,0.13922924,
1.9746885,2.2746675,0.13161284,
1.935952,2.033172,0.21101332,
1.3165742,1.2224395,0.08381745,
1.4482272,1.5043066,0.06775279,
1.3534607,1.3249763,0.11997357,
1.8282515,2.0291631,0.18766569,
1.3881885,1.5499458,0.08559366,
1.4436225,1.3773545,0.07195317,
1.7061062,1.7475455,0.12053274,
1.288393,1.0917177,0.17575,
1.4604465,1.4393435,0.0672256,
1.2797195,1.2838337,0.25459993,
1.9081349,2.132421,0.22681987,
0.9590987,1.025708,0.33589795,
1.4029952,1.3998528,0.09657551,
1.2964612,1.1569294,0.12667617,
1.6259093,1.6587014,0.13869281,
1.3151065,1.1267192,0.20970768,
1.4585927,1.3975587,0.0828152,
1.2466347,1.1758778,0.08030019,
1.6860583,1.7070961,0.18518412,
1.0125437,1.275323,0.2915485,
1.3127154,1.5283473,0.30019805,
1.2978512,1.5210027,0.2574828,
1.9656491,1.2844877,0.42897624,
1.7104467,1.4998615,0.1271658,
1.6969588,1.4552376,0.2690009,
1.3289734,1.1859708,0.08647475,
1.4115903,1.4177592,0.07738695,
1.2195626,1.0639266,0.13063379,
1.2289112,1.2795761,0.24315068,
1.8930745,1.7954806,0.365172,
1.6212946,1.6586574,0.092136756,
1.541876,1.5783973,0.10487737,
1.1920685,1.0893297,0.08792189,
1.1733725,1.4141548,0.2557478,
1.4093794,1.2668834,0.1490962,
1.8331819,1.746598,0.2025939,
1.1768636,1.0781032,0.25566888,
1.9101224,1.9865174,0.23425947,
1.3779861,1.2027903,0.18743585,
1.7318592,1.8780391,0.17383605,
1.5015465,1.3619188,0.13269289,
1.9740753,2.061693,0.20014782,
1.8915195,2.0888894,0.29340944,
1.1992108,1.1450889,0.26189888,
1.2056957,1.0224688,0.1832478,
1.2012014,1.0701936,0.300599,
1.6255543,1.655962,0.19296096,
1.3199488,1.342727,0.163031,
1.6484857,1.7086296,0.31988716,
1.069313,1.1954991,0.20957787,
1.4357309,1.2138684,0.11883178,
0.99063855,1.1056117,0.43170848,
1.6509391,1.8620243,0.17467144,
1.2690293,1.230969,0.14771496,
1.0920441,1.5420854,0.33392313,
1.5349728,1.4786394,0.11593438,
1.14441,1.3106798,0.13784836,
1.2156864,1.0942426,0.22551505,
1.4082974,1.5536797,0.25498274,
1.0313146,1.0911609,0.2641205,
1.2841938,1.465956,0.23957035,
1.6774678,1.869751,0.14911763,
1.2609951,1.4358876,0.14965591,
2.068719,1.7474827,0.33993712,
1.226869,1.2246981,0.17605886,
0.9314001,1.0259897,0.45702136,
1.9132612,2.0653448,0.14365537,
1.6300498,1.6668311,0.1021547,
1.0918661,1.0977868,0.39083475,
1.5874863,1.4888053,0.17812946,
1.7545363,1.5498698,0.17289102,
1.632779,1.7668897,0.12967995,
1.096745,1.3981004,0.27288872,
2.034827,1.8497045,0.3445186,
1.3599596,1.3311584,0.17203581,
1.5978923,1.6234683,0.12279214,
1.0516819,1.2809552,0.30199867,
1.6175754,1.5156181,0.123029746,
1.4043504,1.4349887,0.1570477,
1.680489,1.711138,0.1818376,
1.8644602,1.6133285,0.23277237,
1.4911007,1.5256791,0.077614956,
1.7875944,1.3184247,0.18915533,
1.897852,1.6425159,0.35716137,
1.672356,1.6104739,0.2258262,
1.4438791,1.4448345,0.11336648,
1.4688474,1.4400921,0.12492208,
1.2695857,1.1995137,0.0861358,
1.3948313,1.3400433,0.057898693,
1.8743484,1.96405,0.26148593,
1.8550208,1.962642,0.14655386,
1.601449,1.3891165,0.25786513,
1.6071744,1.419422,0.2719347,
1.310323,1.2153579,0.101653084,
1.5832485,1.6746647,0.060946643,
1.3056828,1.4127426,0.16985202,
1.6907718,1.91664,0.15656741,
1.53735,1.3767473,0.19037054,
1.1140498,1.2809734,0.23423891,
1.0704228,1.2151678,0.20507924,
1.3222497,1.4077169,0.08752072,
1.6840496,1.7485441,0.110980794,
1.6298702,1.5196719,0.13127246,
1.1094452,1.1958263,0.30543494,
1.3093303,1.1256611,0.198354,
1.3797796,1.2780776,0.17726767,
1.4256741,1.4325693,0.17566809,
1.4548745,1.4509522,0.18429504,
1.4363297,1.580843,0.1271636,
1.8678043,2.150154,0.15502483,
1.7913486,1.7430404,0.23655635,
1.0078211,1.2749219,0.2982078,
1.382388,1.2093902,0.13190246,
1.507621,1.5064272,0.2859208,
1.4604576,1.4306874,0.13718267,
1.457024,1.2844642,0.20924164,
1.2889844,1.128794,0.13552272,
1.3510975,1.3782291,0.39657593,
1.4392378,1.503864,0.100620046,
1.7714561,1.5674227,0.2632179,
1.3989607,1.2645829,0.0760982,
1.406563,1.3159854,0.24538693,
2.0653694,1.8608098,0.3152798,
1.4215373,1.5331302,0.22404212,
1.1753695,1.1015894,0.16378112,
1.9153495,1.3205683,0.27163383,
1.123438,1.4591081,0.14483617,
1.0974275,1.3323832,0.22783804,
1.1337042,1.4045129,0.1906572,
1.9604735,1.7029278,0.33648732,
1.96011,1.9069724,0.25088698,
1.2752047,1.1558161,0.10165488,
2.0897036,1.8049846,0.39411035,
1.3360292,1.3387675,0.13204727,
1.2677919,1.4130782,0.16133654,
1.6560419,1.8901944,0.11134394,
1.4469229,1.3948344,0.079788424,
1.2947755,1.235615,0.17053105,
1.376547,1.4075894,0.18930954,
1.9057391,2.0128336,0.24717523,
1.6084397,1.6001251,0.109946534,
1.3782519,1.6106527,0.2468276,
1.8441162,1.789555,0.19521818,
1.7390611,2.1334403,0.22769856,
1.9851389,1.7874482,0.38376716,
1.2574455,1.3041267,0.15134892,
1.5483335,1.4970455,0.07779818,
1.5278447,1.6922712,0.060254533,
1.3341966,1.418466,0.07152798,
1.4407294,1.2602208,0.09739159,
1.6481982,1.5569592,0.13424478,
2.0188496,2.0750973,0.3094868,
2.0689921,1.6430408,0.40576836,
1.2450598,1.2908111,0.17221136,
1.6944702,1.7856909,0.09557926,
1.2616228,1.2353394,0.2335307,
1.3754659,1.3664334,0.18392177,
1.252483,1.3051145,0.22416492,
2.1191604,2.1455328,0.32650793,
1.2727203,1.185682,0.14788602,
1.957247,2.235309,0.26197407,
1.4119468,1.414839,0.08722846,
1.6172988,1.5423812,0.20417799,
1.5201343,1.4044664,0.08392138,
2.1396465,1.5971022,0.33837065,
1.3028741,1.1757668,0.23467869,
1.3916945,1.3551962,0.08338012,
1.6170765,1.7953591,0.16224647,
1.4701455,1.4517832,0.0768526,
1.3564426,1.2805157,0.14378269,
1.6178694,1.5239449,0.20812206,
1.2760926,1.2710539,0.29015782,
1.4890797,1.187345,0.30394864,
1.4966152,1.525851,0.0896324,
1.2757543,1.3045734,0.22122808,
1.2256396,0.9956151,0.1467324,
1.6543446,1.4979365,0.1494451,
1.379655,1.2724309,0.16083428,
1.2512106,1.2262099,0.21012136,
1.2936525,1.4351319,0.16143282,
1.0920233,1.0746703,0.2525527,
1.1943717,1.1181905,0.2915591,
1.6299725,1.5511512,0.19361687,
1.0858186,1.3635645,0.49893284,
1.5238261,1.4965413,0.09080146,
1.3656863,1.3325127,0.12760113,
1.506527,1.4450384,0.26028496,
1.322649,1.2318977,0.15576383,
1.7220887,1.2992053,0.37976703,
1.5485308,1.528481,0.12997071,
1.3595732,1.5797967,0.13533747,
1.2737122,1.1543921,0.11646133,
1.2090292,1.3826516,0.20535383,
2.0201745,2.0814705,0.49938095,
1.8236558,1.9067423,0.10968306,
1.2390958,1.2414114,0.20363486,
1.6138977,1.4988875,0.12420726,
1.3550378,1.4732065,0.16290678,
1.235865,1.4331574,0.13014238,
1.1970025,0.9523738,0.1443852,
1.7247957,1.9472873,0.11522657,
1.3796493,1.255356,0.26527107,
1.5479238,1.4210746,0.2641276,
1.2146759,1.007922,0.14677516,
1.7592283,1.7048206,0.17473972,
1.5568309,1.6128223,0.08688944,
1.8991165,1.6273674,0.45173824,
1.0799268,1.0603997,0.30835295,
1.4354281,1.3549979,0.10568024,
2.186351,2.0093365,0.4125118,
1.6821494,1.7654983,0.14823312,
1.1607662,1.0702906,0.21032842,
1.344595,1.4469614,0.13843335,
0.897553,1.5148611,0.13537224,
1.5711902,1.4071563,0.14540763,
1.921808,1.9712708,0.27303532,
1.7456937,1.7694032,0.13310821,
1.1140338,1.094737,0.25558305,
1.1639624,1.0832366,0.2734262,
1.3172135,1.2661973,0.17078088,
0.9552953,1.5588802,0.29140154,
1.6164728,1.3934648,0.2443564,
1.695771,1.8493121,0.17189239,
1.4328842,1.2690604,0.25284454,
1.2229824,1.3497574,0.29831833,
1.4227542,1.2812496,0.102781944,
1.5843263,1.7935867,0.11003021,
1.0450727,1.2010887,0.35809553,
1.4168679,1.1791779,0.19349946,
1.6831253,1.3824818,0.32824478,
1.4861361,1.5111271,0.114002295,
1.5169573,1.5811737,0.10487694,
1.1936622,1.0683979,0.1150592,
1.1328583,1.305845,0.18497176,
1.2658712,1.1114872,0.12145025,
1.4029431,1.4653025,0.07410984,
1.6637082,1.5122598,0.22350864,
1.2679126,1.4513135,0.22220138,
1.5626714,1.3987606,0.12925169,
1.6306055,1.850667,0.19209422,
1.5277809,1.4287722,0.20762189,
1.0607412,1.5499078,0.16154984,
1.380311,1.4115117,0.06582507,
1.5433714,1.5849401,0.14059904,
1.9569399,1.6267111,0.28829998,
1.5968325,1.5264282,0.07442935,
2.0139034,1.7622436,0.3928864,
1.2183619,1.1289399,0.106723234,
1.1317034,1.0626541,0.16829419,
1.5688725,1.6015129,0.093319416,
1.4208593,1.5647931,0.33763504,
1.6914014,1.7575942,0.15813318,
2.0033786,1.3860133,0.40428364,
1.0353924,0.9111624,0.4334478,
1.7280627,1.8199738,0.14663616,
1.7234674,1.6810675,0.11319175,
1.098211,1.4185579,0.38447422,
1.6597974,1.4143584,0.2189611,
1.7987494,1.7822535,0.20854978,
1.320097,1.3988249,0.307411,
2.0706425,1.8587854,0.20645076,
1.841584,1.670824,0.19597392,
1.3585072,1.2050333,0.16866785,
1.1932387,1.1424469,0.25886938,
1.3695244,1.3756008,0.34380418,
1.456299,1.5543307,0.12858449,
1.4960585,1.4656327,0.085364684,
1.6690465,1.752559,0.14979467,
2.038583,2.1503196,0.3079175,
1.2779983,1.3126546,0.15560243,
1.3107055,1.2156856,0.16973951,
1.5087537,1.6128916,0.1745949,
1.1136103,1.407731,0.14176868,
1.6553913,1.3936286,0.2856522,
1.4672302,1.4856575,0.14173876,
1.5270643,1.4630752,0.07597183,
1.6331418,1.5345997,0.21489382,
1.6655746,1.6610982,0.13450302,
1.5166941,1.4932551,0.104256906,
1.1774912,1.1031113,0.3624328,
1.6820619,1.6789637,0.07491434,
1.1935681,1.740974,0.21907209,
1.9541347,1.8264813,0.26629207,
1.6780521,1.8390849,0.07771518,
1.9160845,1.964874,0.31942436,
1.2603118,1.2110531,0.110580236,
1.7944138,1.924288,0.10831338,
0.9444852,1.3565152,0.17869067,
1.3997426,1.324129,0.16317102,
1.270401,1.298986,0.13699351,
1.6444001,1.7414652,0.06291856,
1.312089,1.2357669,0.082242966,
1.7297088,1.7408049,0.16308358,
1.431527,1.3783367,0.26334167,
1.582295,1.5234225,0.09649283,
0.95875007,1.4441099,0.20876938,
1.7776588,1.3922153,0.30954072,
1.3243232,1.3246207,0.19008842,
1.1697851,0.92060834,0.15234226,
1.8596039,1.4812372,0.27853104,
1.5874696,1.4058847,0.18215285,
1.7907083,1.8802333,0.13332997,
1.027042,1.3267229,0.24464706,
1.6369013,1.6809683,0.071773894,
1.7568673,1.5702317,0.339296,
0.9886311,1.3373898,0.37217548,
1.2087389,1.0610025,0.18474126,
1.4004986,1.3103628,0.11050489,
1.120369,1.3960571,0.2189208,
1.7566344,1.917263,0.16707768,
1.9204698,1.6968622,0.23270857,
1.9253566,1.7628703,0.18643165,
1.5388081,1.5789131,0.08309841,
1.258135,1.4462831,0.1651277,
1.9965827,1.9273758,0.2547838,
1.134987,1.2401872,0.14939466,
1.774392,1.4564576,0.32819304,
1.2157005,1.296913,0.14114301,
1.9578462,1.821264,0.37390608,
1.5690558,1.5990348,0.15418975,
1.3243954,1.0954015,0.26525527,
1.5977757,1.4521147,0.22944786,
1.7898047,1.8398278,0.13022138,
1.5997552,1.6262025,0.14095947,
1.5064102,1.3063132,0.2056334,
1.6848408,1.7536762,0.1201502,
1.0596994,1.2884178,0.26570797,
1.3819968,1.4034581,0.17806496,
1.0689042,1.3575549,0.31452397,
1.1197176,1.2630934,0.4317727,
1.759549,1.6697394,0.22539839,
1.7333539,1.7467797,0.19576067,
1.5893382,1.6524131,0.10069063,
1.200891,1.1735227,0.08628671,
1.1433518,1.3759465,0.27011588,
1.534823,1.3256257,0.14702693,
2.0485165,1.738353,0.29557085,
1.9107227,1.9509361,0.22333223,
1.5839559,1.5716743,0.1144362,
1.5069174,1.4821434,0.10000427,
1.62851,1.4981892,0.19130242,
1.9485536,2.0248895,0.32843807,
1.6154082,1.4398763,0.16348326,
1.4229952,1.5941288,0.11232438,
1.1175178,0.92135584,0.30261555,
1.4266415,1.5092944,0.06895193,
1.3801423,1.4457643,0.2814036,
1.6847153,1.5381811,0.14943439,
1.5453249,1.4604363,0.077678666,
1.1233428,1.1895252,0.315886,
1.2974879,1.1519413,0.21707813,
1.138521,1.1028894,0.2790698,
1.5700011,1.512203,0.08648967,
1.1233752,1.4403429,0.25608888,
1.3197154,1.2791487,0.17275295,
1.2419497,1.3277875,0.18206431,
1.5643044,1.4750307,0.10145126,
1.3685961,1.2988572,0.14536226,
1.2966617,1.1925781,0.12943713,
1.6894412,1.5982165,0.18219438,
1.7142214,1.7148862,0.12742697,
1.3061768,1.1628823,0.13757549,
1.658982,1.5693707,0.26118127,
1.6194866,1.4649704,0.108508356,
1.259492,1.3840203,0.11339739,
1.5901923,1.6829921,0.09606654,
1.2313199,1.3677871,0.13165277,
1.8701527,1.4177537,0.21224788,
1.2869475,1.2093186,0.11567174,
1.7228341,1.7362964,0.08477139,
1.9283035,1.872026,0.2292115,
1.6206788,1.4692538,0.23741746,
1.7261679,1.689021,0.25305313,
0.93165004,1.4123347,0.37155974,
1.6586027,1.7027607,0.100499555,
1.7013083,1.6565537,0.082269356,
1.8114876,1.4927733,0.19664416,
1.0512044,1.3498685,0.18718305,
1.8566697,1.3516102,0.37123513,
1.1358359,1.3176725,0.1802973,
1.9103849,1.421817,0.23790206,
1.2995878,1.1756693,0.15562585,
1.378816,1.5341218,0.08420989,
1.6331906,1.6209103,0.2803935,
1.9749398,1.5816629,0.32617727,
1.7925808,1.9886308,0.08438428,
1.61168,1.4960234,0.14552045,
1.4777889,1.5442817,0.15204693,
1.9127104,1.7921808,0.2724484,
1.9849496,2.323795,0.3260855,
1.7517662,1.3662202,0.2675179,
1.2595048,1.1478472,0.27522844,
1.3424042,1.3077548,0.084223434,
1.4444222,1.3991182,0.35161677,
1.8224523,2.0287142,0.12647069,
1.1932373,1.1613891,0.15681194,
2.068552,1.9653256,0.45066616,
1.8717363,1.8121456,0.24415667,
1.2486652,1.2604479,0.1451127,
1.2789813,1.1891319,0.11283387,
1.476958,1.412042,0.28686664,
1.3278908,1.3656781,0.09835941,
1.6169801,1.598758,0.12552191,
1.1206173,1.1936873,0.2525898,
1.6234877,1.8380055,0.090723574,
1.4606483,1.4867125,0.17574173,
1.6516949,1.7831415,0.13302633,
1.7337818,1.7033525,0.24994297,
1.3739669,1.2336394,0.1416339,
1.1797528,1.0212659,0.1539007,
1.9823635,1.738519,0.2207636,
1.4980052,1.2670795,0.18502659,
1.7668245,1.9653528,0.12536053,
1.8023322,1.8881195,0.19213769,
1.7384806,1.6629008,0.16322388,
1.1772742,1.3614556,0.27460068,
1.5067439,1.3109012,0.18622927,
1.5172179,1.4455323,0.26637015,
1.3010732,1.3975122,0.14489157,
1.6782557,1.6645676,0.24053353,
1.6804012,1.4842192,0.113750756,
1.7787491,1.8268626,0.15516073,
1.1640195,1.2120959,0.391319,
1.4088999,1.2278353,0.23671648,
1.3143024,1.3484266,0.12105269,
1.2966696,1.219208,0.18154573,
1.6840279,1.686277,0.13856366,
1.3820066,1.3122532,0.12544486,
1.1289088,1.207712,0.40910155,
1.4488229,1.4522285,0.1307126,
2.0286672,1.9854026,0.36492753,
1.496789,1.6108516,0.12438979,
1.2795486,1.2066165,0.2309371,
1.2822618,0.98535794,0.1604356,
1.2247616,1.1515988,0.18074505,
1.1530197,0.82648796,0.2121251,
1.5706317,1.7675099,0.06537942,
2.0704145,2.1615167,0.29844338,
1.7636168,1.8370273,0.112457976,
1.7317187,1.6597044,0.103842854,
1.685127,1.335349,0.23406468,
1.5688808,1.3339642,0.28972092,
1.7125351,1.2035322,0.32924882,
1.436495,1.1940991,0.16853474,
1.0870031,1.0217601,0.20122083,
1.762027,1.8272934,0.23287837,
1.4916985,1.4192264,0.10788393,
1.4411025,1.5841029,0.14994708,
1.3212092,1.1637654,0.29516652,
1.915601,1.8113325,0.14263004,
1.7704782,1.693441,0.2592281,
1.4574556,1.366025,0.25402218,
1.7060268,1.8331757,0.13803005,
1.281331,1.2803825,0.25467655,
1.488916,1.3860077,0.20545381,
1.0000483,1.1362772,0.23857649,
1.6751006,1.7449408,0.0971451,
1.3576399,1.4672568,0.084867,
1.2726659,1.3547702,0.11651156,
1.4328321,1.477807,0.080677725,
1.3562869,1.4199426,0.09223641,
1.1495823,1.033438,0.2948115,
1.6744218,1.6884825,0.095873185,
1.134788,1.2524294,0.35196123,
2.0035598,1.9322419,0.299006,
1.0701406,1.3664538,0.16969573,
1.3744799,1.3867269,0.24296927,
1.260277,1.3870445,0.20022789,
1.5183161,1.618705,0.15076429,
1.1332414,1.2118185,0.23105103,
1.9265709,1.8051298,0.38403165,
1.4113666,1.3492782,0.16462159,
1.9005136,2.1551907,0.21724722,
1.8996665,2.0016966,0.27817607,
1.2993518,1.2111573,0.15323508,
2.1302495,1.6259665,0.4621258,
1.1831274,1.3151494,0.20964096,
1.607393,1.6514344,0.15479086,
1.7871078,1.9209931,0.15103957,
1.4631194,1.298653,0.1416799,
1.0460602,1.2344941,0.26251546,
1.4877027,1.5652679,0.119236775,
1.0441567,1.2443906,0.17628561,
1.4084178,1.3140326,0.1463052,
1.042476,1.3455191,0.20976314,
1.775557,1.8067099,0.19453797,
1.8504615,2.0579078,0.12942651,
1.7717661,1.9875896,0.101588815,
1.4249061,1.450426,0.0766181,
1.4736545,1.5391903,0.09239226,
1.2593728,1.212774,0.12550497,
1.6041446,1.7861905,0.08487039,
1.670246,1.7927634,0.11267314,
1.1332444,1.2149384,0.32483062,
1.4072747,1.3821156,0.15607387,
1.9960263,1.5073125,0.3774781,
0.9061757,1.1645408,0.16535056,
2.0944448,1.443487,0.26427504,
1.8308253,1.7799009,0.20416705,
1.7043383,1.8322351,0.085712105,
1.1509689,1.1514785,0.19392064,
1.8439231,1.7035158,0.2512181,
1.3897221,1.5328037,0.16036274,
1.0905812,1.0585668,0.42495316,
1.2360767,1.3483818,0.3400427,
1.9110553,1.5780306,0.18784522,
1.2126606,1.2700468,0.23112096,
1.2706295,1.2101018,0.30412915,
1.3971559,1.3190944,0.19346713,
1.4922007,1.5749328,0.1550036,
1.0423392,1.2494276,0.50059724,
1.6128216,1.4806834,0.11681456,
1.9823046,1.7709727,0.22347967,
1.9914911,1.166163,0.28104663,
1.3324108,1.2506655,0.16209047,
1.5359626,1.559438,0.09595951,
1.5638046,1.7529411,0.1876246,
1.6697797,1.6817578,0.10843755,
2.090327,2.0124764,0.33845648,
1.1561768,1.2615395,0.30650333,
1.302983,1.2398279,0.14775908,
1.5661051,1.6063919,0.07801558,
1.5785422,1.5331676,0.14531526,
1.4936714,1.388144,0.1907786,
1.0316747,1.1765366,0.49424756,
1.7386086,1.5709524,0.1820178,
1.1654652,1.0920645,0.40603068,
1.439171,1.2143176,0.15516378,
1.3649893,1.3282549,0.18836969,
1.3227942,1.0801711,0.11302659,
1.1939777,1.3101416,0.19313493,
1.9071748,1.8598645,0.38197163,
1.1747717,1.5235883,0.38497433,
1.2282388,1.0256137,0.3367789,
1.7413431,1.58247,0.23176676,
1.8569298,1.7733898,0.2355572,
1.506812,1.5106,0.071724795,
1.4681517,1.3918874,0.12208328,
1.7220107,1.8095288,0.25436777,
1.2634479,1.4545139,0.107552424,
1.1261894,0.9107144,0.2535418,
1.8043501,2.0144074,0.22278343,
1.3819631,1.2968894,0.123376064,
1.2143933,1.070803,0.23000002,
1.418689,1.4651012,0.15704182,
1.1799165,1.1357603,0.18512845,
1.5975745,1.6117523,0.2222215,
1.4865443,1.6131444,0.08616852,
1.7904452,1.6253712,0.28027108,
1.645309,1.3911366,0.20632312,
1.3270426,1.2732555,0.22433294,
1.9318159,1.7272114,0.17733984,
1.0092533,1.2648609,0.40685198,
1.5564771,1.6546685,0.10285075,
1.6518542,1.6258397,0.11195348,
1.1849266,1.0482789,0.121829025,
1.2010447,1.0428205,0.11591984,
1.499176,1.4889216,0.16298789,
1.2595192,1.1520951,0.19354345,
1.1613477,1.2543783,0.19985425,
1.8120654,1.833262,0.3131112,
1.6392225,1.7235163,0.13824104,
1.0480297,0.98524284,0.3450053,
1.4366027,1.4176916,0.092315786,
1.8776498,1.6764041,0.2715629,
1.6785653,1.4133084,0.14667653,
1.3890176,1.3786356,0.10220844,
1.7122228,1.6207471,0.32153004,
0.8822328,1.3632818,0.28002527,
1.0352402,1.4191954,0.39948907,
1.038267,1.384752,0.21723557,
1.2898191,1.1767719,0.13858408,
1.602658,1.7438661,0.09527271,
1.4295576,1.3595003,0.18186104,
1.3778116,1.5419719,0.1705693,
1.7267721,1.9051833,0.0904206,
1.1459063,1.1475616,0.2464353,
2.04012,2.3024614,0.2797729,
1.2602059,1.2419965,0.27327466,
1.5781157,1.709589,0.15504313,
1.9458866,1.6415715,0.36068752,
1.356557,1.3108536,0.14545263,
1.5711194,1.5316136,0.20668928,
2.000667,1.6410496,0.2708032,
1.3215115,1.1455493,0.15059336,
2.0957763,1.7861083,0.410165,
1.6817777,1.7359606,0.13839076,
1.7108161,1.580199,0.21289726,
1.4600286,1.2756218,0.19966362,
1.0522074,1.4472609,0.30060846,
1.9507415,1.8606868,0.45685944,
1.33801,1.6140423,0.3105163,
1.1798626,1.4447954,0.28855902,
0.93708724,1.6008307,0.29174486,
0.90017676,1.4533339,0.20273845,
1.2171701,1.0866483,0.14906487,
1.7698207,1.5729821,0.18311231,
2.0442007,2.1266024,0.25092903,
1.0409902,1.0797583,0.31502634,
1.4256942,1.5332294,0.14190081,
1.6445389,1.5581342,0.14391686,
1.5465825,1.5761732,0.17423038,
2.0696418,1.8586352,0.26303026,
1.9582386,1.7074392,0.4215476,
1.9777768,1.9932909,0.19308512,
1.7116225,1.7663984,0.3039421,
1.5466347,1.2879584,0.33027932,
1.1063335,1.4552894,0.3489569,
1.4884988,1.59442,0.12598105,
1.27989,1.1637027,0.30801728,
1.6250147,1.2518139,0.2551573,
1.1551361,1.0914938,0.21135151,
1.5502721,1.4148943,0.10199621,
2.0043378,1.9067864,0.367562,
1.3004383,1.3473742,0.113585204,
1.2129719,1.2154477,0.12890778,
1.7590643,1.7928389,0.1270029,
1.2509544,1.1604307,0.22509295,
1.6437829,1.6926229,0.12010435,
1.5317832,1.5100869,0.11115525,
1.0754123,1.1490419,0.2955655,
1.3298663,1.2021056,0.29910308,
1.0839198,1.0632502,0.28544235,
1.6062005,1.5850736,0.2344334,
1.7004993,1.8264692,0.10588531,
0.97415155,1.2604427,0.26406336,
1.6321287,1.6322625,0.12056981,
1.3443977,1.3338671,0.25522536,
1.4282525,1.5251762,0.22976461,
1.4262167,1.469579,0.07780725,
1.8423524,1.7458414,0.17215039,
1.2269915,1.224992,0.14373988,
1.5073676,1.4802768,0.10980045,
1.0164264,1.1120524,0.27921462,
1.947727,1.839823,0.21754116,
1.1836741,1.0583225,0.18609704,
1.4056005,1.3949876,0.14809784,
1.4696386,1.3457203,0.12336617,
1.1878786,1.2187008,0.36842367,
1.3346379,1.1644728,0.101932935,
1.4153738,1.3892682,0.06114933,
0.9238521,1.2237313,0.2520487,
1.5742786,1.6302714,0.17632714,
1.149345,1.1058853,0.24930269,
1.3796424,1.3765457,0.15304932,
1.3675922,1.437768,0.071771346,
1.4080667,1.3668561,0.07972911,
1.8032684,1.5741329,0.25770104,
1.5346916,1.5299001,0.07162995,
1.5388784,1.4569693,0.24861659,
1.51222,1.5124588,0.080909796,
1.2750568,1.2424197,0.106391735,
2.0704124,1.9060857,0.50064826,
1.4247897,1.4429983,0.08286516,
2.0084844,2.035432,0.24152839,
1.6955458,1.7452826,0.0721911,
1.7604439,1.9847624,0.0826035,
1.6422313,1.5110795,0.11524089,
1.3815721,1.3237301,0.102187276,
1.0909088,1.0150304,0.354116,
1.1444104,1.2035761,0.20819508,
1.3242998,1.376099,0.17591073,
1.6879625,1.5951673,0.08837417,
1.4645463,1.4435847,0.102871716,
1.9679296,1.8236917,0.1826223,
1.5446299,1.5361896,0.13514206,
1.828969,1.9431205,0.13358589,
1.568082,1.6055795,0.1899867,
1.812814,1.6769326,0.30882755,
0.9577728,0.88884234,0.5088686,
2.102351,1.8054605,0.4844502,
1.9979129,1.9397941,0.3861587,
1.5629437,1.5152509,0.100251734,
1.385383,1.4720356,0.18908706,
1.3748661,1.3262703,0.24273023,
1.7803892,2.0063758,0.12142603,
1.2373798,1.3352156,0.19871908,
1.6126881,1.3426119,0.10457978,
0.994965,1.2312175,0.4564382,
1.4408673,1.5384314,0.11848769,
0.99365324,1.214085,0.16905369,
1.3090979,1.1670136,0.21856946,
1.2012019,1.0406747,0.13624276,
1.448252,1.4501297,0.08223077,
1.1457444,1.2887229,0.3039994,
1.589542,1.5106933,0.08121717,
1.4498887,1.3714603,0.21201022,
1.3783823,1.3993957,0.09238465,
1.9020686,2.2294161,0.1812767,
1.045412,1.2648765,0.33225808,
1.3276433,1.1148701,0.29001462,
1.1454872,1.3107069,0.2698359,
1.5714034,1.5912606,0.116468385,
1.8360212,1.7788904,0.23680554,
1.001422,1.3024884,0.30147716,
1.6541079,1.2455946,0.29069743,
1.3749087,1.3445761,0.083250634,
2.0317242,2.1408327,0.21335949,
1.2383051,1.1938967,0.13738945,
1.3418229,1.190778,0.13751861,
1.5424995,1.5988216,0.17040177,
1.1693066,0.884029,0.2314297,
1.3421887,1.341235,0.10216891,
1.5532176,1.5582993,0.100631535,
1.1443039,1.250742,0.21984777,
1.5065349,1.5699481,0.09483572,
1.4706887,1.4751873,0.083580755,
1.5421052,1.3357952,0.17528401,
1.5501299,1.3659403,0.34217674,
1.856837,1.6541896,0.32566947,
1.3180798,1.2886715,0.14996096,
2.0960531,1.8770981,0.42412442,
2.0980248,1.7402668,0.27405754,
1.3975242,1.3997968,0.07063966,
1.8256326,1.7532312,0.18770653,
1.5569681,1.5594885,0.118297316,
1.203573,1.1401681,0.14977933,
1.8474782,1.8367736,0.27902308,
1.538544,1.5345154,0.105172336,
1.6205386,1.69064,0.18036363,
1.3170466,1.422199,0.20815226,
1.7656689,2.0121934,0.11258889,
1.4340979,1.5959129,0.09070601,
1.6117686,1.578287,0.105185665,
1.7264961,1.7565849,0.22132878,
1.638053,1.7104874,0.15321864,
1.5331267,1.6005476,0.0620052,
1.7763735,1.5896815,0.14658624,
2.0591097,2.170893,0.30404708,
1.8947573,1.5242257,0.2813206,
1.215777,1.3360443,0.33907124,
1.2888509,1.2879927,0.33705798,
1.7841189,1.5526276,0.22163393,
1.2888694,1.1656897,0.14061105,
1.462856,1.5666046,0.15746355,
1.4721406,1.5709836,0.15777573,
2.0715601,1.870486,0.5108977,
1.41572,1.4916096,0.1618486,
1.4512829,1.493485,0.15852103,
1.5234685,1.649579,0.17800441,
1.54757,1.4958345,0.16164596,
1.87732,1.8833866,0.2008134,
1.8986166,2.047073,0.2524912,
1.9929588,1.7833058,0.298051,
1.435205,1.4443681,0.071445905,
1.8386419,1.6902441,0.32254812,
1.3919178,1.3338441,0.2439777,
1.2618121,1.1203978,0.108638786,
1.2051975,1.1323137,0.2487541,
1.6660657,1.5115192,0.23751372,
1.2865226,0.99467665,0.13923898,
1.6781242,1.5411804,0.13930345,
0.97254735,1.2898643,0.36063394,
1.0619831,0.92043245,0.26657724,
1.6834991,1.3807576,0.27351096,
1.3486077,1.3303572,0.1560858,
1.524895,1.3347007,0.13251609,
1.7941257,1.8460398,0.18167165,
1.5322123,1.563916,0.14337099,
1.7270514,1.856751,0.09034372,
1.1174294,1.0640405,0.38029945,
1.7498517,1.8995907,0.08387145,
1.086991,1.0852699,0.16984732,
1.1306534,1.1254824,0.38347852,
1.9708469,1.8143622,0.34068376,
1.4026845,1.1251752,0.2257667,
1.474734,1.5157082,0.14536598,
1.5294583,1.5601032,0.11398745,
1.3171881,1.2019786,0.18124337,
1.9709814,2.2550669,0.32137007,
1.5533166,1.3131833,0.24671863,
1.7259817,1.8775926,0.10092363,
1.5421219,1.4367772,0.118439436,
1.5637417,1.7010167,0.081357665,
1.2909898,1.3364165,0.30388033,
1.6680909,1.6872666,0.08671641,
1.8982754,2.1539595,0.17620029,
1.6787511,1.7653524,0.09526383,
1.8585935,1.6364181,0.3307201,
1.3985739,1.3962674,0.24254248,
1.6829916,1.4543183,0.27769053,
1.3791763,1.5055566,0.0995751,
1.9508901,1.614673,0.20438066,
1.9770238,1.7294716,0.32090616,
1.6711029,1.5516508,0.17680748,
1.3402307,1.1428932,0.1268532,
1.935343,1.550357,0.26825604,
1.342175,1.2104187,0.2211152,
1.7242938,1.8553843,0.18524355,
1.4937348,1.329848,0.1959822,
1.7544534,1.7647126,0.13936387,
1.3082176,1.325566,0.13256767,
0.83814377,1.1331445,0.3068546,
1.5142628,1.6285226,0.062016986,
1.9768791,2.1176121,0.2595959,
1.5322297,1.5299001,0.100658946,
1.7445918,1.8073456,0.09793399,
1.5566887,1.6702237,0.11547076,
0.97695005,1.0288551,0.31459534,
1.6909838,1.6456044,0.24728896,
1.8336637,1.8404498,0.24535215,
1.7312322,1.9842165,0.13759182,
1.3533194,1.2836161,0.25747582,
1.4262986,1.4580638,0.12906529,
1.3024058,1.3785224,0.09400833,
0.91751146,1.0857809,0.32374334,
1.4807315,1.4398167,0.27857536,
1.5014498,1.5772407,0.14498642,
1.4909978,1.7543983,0.09553875,
1.2487545,1.1945747,0.17660603,
1.7078581,1.4265518,0.3422105,
1.4295158,1.251555,0.18489245,
2.0657651,1.6711154,0.32234624,
1.2456762,1.3412676,0.27319574,
1.7415202,1.6087623,0.18707077,
1.8652766,2.050672,0.21042404,
1.6646109,1.3898535,0.24701658,
1.3020518,1.2834508,0.18089955,
1.3048074,1.339952,0.10049925,
1.5660003,1.3729452,0.28603196,
1.0167677,1.3200098,0.33170354,
1.3077219,1.296577,0.14017524,
1.1150885,1.1693537,0.30510145,
1.606542,1.4710879,0.10776939,
1.6406127,1.7470188,0.06866514,
1.0628728,1.1929932,0.34640336,
1.1503267,1.3129481,0.14423196,
1.4120545,1.3031691,0.25274318,
1.3664931,1.3342689,0.06474347,
1.5693473,1.7407995,0.1993215,
1.6206529,1.576436,0.08530657,
1.1866907,1.2826481,0.22615226,
1.7874639,1.4194311,0.352307,
1.3582146,1.3175058,0.08358103,
1.312921,1.4703735,0.12602097,
1.5393438,1.5746068,0.064449996,
1.146773,1.1840322,0.4301877,
2.1126444,1.3157468,0.24474792,
1.466612,1.4709365,0.09737359,
1.1040438,1.1853687,0.25626424,
1.6852933,1.4565494,0.18420605,
1.8582807,2.0405984,0.13938464,
1.591073,1.455815,0.14577956,
1.8292714,1.967104,0.1435551,
1.9239182,1.8848894,0.27701753,
1.7256384,1.606644,0.16987167,
1.0971173,1.1154046,0.3414526,
1.3901674,1.5374714,0.101714194,
1.8831134,1.3173033,0.45511547,
1.4830393,1.5142558,0.08023168,
1.4155682,1.3556701,0.085694656,
1.1974027,1.3138533,0.2490275,
1.70771,1.5825286,0.33872467,
1.1295452,1.1289389,0.21594696,
1.2505568,1.1677563,0.11438113,
1.9015727,1.7082574,0.37401488,
1.2935324,1.3088826,0.17035194,
1.2092704,1.195723,0.1703429,
0.9480934,1.234171,0.22447221,
1.8529325,2.1617765,0.1497761,
1.6646204,1.7820976,0.08286155,
1.5801548,1.4848197,0.09293968,
1.7345072,1.6488844,0.14543602,
1.0434824,1.3292387,0.32254842,
1.8807216,1.4280865,0.42532465,
1.4856032,1.3994845,0.24489883,
1.5629855,1.686868,0.13810635,
2.1050925,1.5027823,0.26502505,
1.5785285,1.4922218,0.08336239,
1.8009365,1.5651687,0.2884718,
1.3853403,1.2148392,0.13326961,
1.3711187,1.2426419,0.11623116,
1.5604951,1.6052734,0.07745612,
1.361317,1.3521142,0.20706512,
1.580507,1.2934057,0.2775433,
1.6223446,1.6923957,0.15301237,
1.4845861,1.4782255,0.1756521,
1.64709,1.6381605,0.11698603,
1.4048913,1.3204924,0.16493964,
1.7685523,1.8063523,0.19520992,
0.94231755,1.3413894,0.39866596,
1.7872833,1.6162417,0.12824278,
1.6015787,1.6836157,0.096377954,
1.8330607,1.8304327,0.21988674,
1.750567,1.881208,0.09225644,
1.2616454,1.3332918,0.16157497,
1.7210331,1.762358,0.15827098,
1.7997086,1.4901794,0.23496965,
1.2999215,1.1568692,0.1810548,
1.5530986,1.4520469,0.23749806,
1.6105471,1.6089534,0.0892652,
1.610521,1.6065414,0.21704346,
1.7415228,1.3542687,0.17807922,
1.6013321,1.5673919,0.075485654,
1.543771,1.4799612,0.13348177,
1.4035827,1.4510622,0.1460807,
1.4392835,1.5113041,0.06963705,
1.1302109,1.1031079,0.23499455,
2.010491,1.7685905,0.24246278,
1.7706802,1.8822615,0.20693398,
1.6792485,1.3134105,0.29230016,
1.5066334,1.5670124,0.071466394,
1.173441,1.2014282,0.32323566,
1.5068724,1.5791318,0.06910532,
1.2914332,1.1902554,0.2944291,
1.7624898,1.8257861,0.18393928,
1.3328083,1.1822321,0.090707324,
1.6482171,1.887528,0.07854708,
1.2583337,0.74959284,0.13582782,
1.6440814,1.588201,0.29714745,
1.8611565,1.781399,0.14541267,
1.1531436,1.2956853,0.33254927,
1.9629886,2.3680778,0.16467103,
1.1245508,1.2811769,0.17675303,
1.514998,1.4774563,0.124332644,
1.4965214,1.4849311,0.07025705,
1.3017292,1.1914155,0.15776515,
1.2615402,1.1192836,0.16069387,
1.8369386,1.7437729,0.28138965,
1.3091656,1.3346069,0.0863286,
1.3776865,1.4882214,0.08637788,
1.9942532,1.9624958,0.28283662,
1.564002,1.4965434,0.15901607,
2.1249058,1.7807212,0.60704756,
2.0934358,1.7155592,0.48453078,
1.5406957,1.3977044,0.34464982,
1.4411527,1.4134867,0.22296791,
1.3256426,1.0385011,0.11594024,
1.5099472,1.605082,0.14994931,
0.932644,1.0817733,0.28469932,
1.6764686,1.6333444,0.07718395,
1.6852772,1.5697908,0.113110766,
1.2940122,1.2323617,0.1363173,
0.87233186,1.3568513,0.32407108,
1.873601,1.9218774,0.17329198,
1.3231379,1.2490709,0.09362893,
1.5028296,1.2624068,0.119525604,
1.6237489,1.6915767,0.14479661,
1.8197043,2.071012,0.18950023,
2.0602245,1.5092208,0.36060032,
1.7765118,1.5787321,0.2619528,
1.3239548,1.2885988,0.10853317,
2.0703804,1.808944,0.58006036,
1.5039839,1.5525732,0.093375035,
1.0522693,0.99197894,0.26311818,
1.2790177,1.3378371,0.12536903,
1.7973976,1.6966028,0.17821048,
1.8099079,1.9282105,0.16429836,
2.0362093,2.2617066,0.20994757,
1.3725481,1.2585658,0.092600964,
2.0381541,1.9850838,0.44933307,
0.9482941,0.9863348,0.34216034,
1.2149575,1.3898056,0.32943848,
1.315934,1.1689504,0.11669651,
1.6175847,1.6794505,0.11184512,
1.6319366,1.6427851,0.14148547,
1.3087695,1.2064682,0.20942612,
1.2712411,1.3165021,0.1265555,
1.9684534,2.1016178,0.34413278,
1.4630103,1.296158,0.25304922,
1.7029023,1.7648426,0.1014685,
1.709687,1.4755805,0.24706411,
1.3170829,1.2876393,0.092686705,
1.5812708,1.4409072,0.08833157,
1.111968,1.2822404,0.12505063,
0.9756855,1.4313068,0.36017337,
1.5684774,1.7540509,0.15059485,
1.0273719,1.2421805,0.4259653,
0.95783097,1.1277099,0.4638226,
1.6171002,1.6704581,0.08919663,
1.2307818,1.1817681,0.1008811,
1.8424609,1.7403666,0.36026114,
1.4201657,1.4132279,0.24647662,
1.7292869,1.7411084,0.13411981,
1.5782003,1.4981266,0.13643083,
1.6425959,1.6972988,0.08356359,
1.5626924,1.6293546,0.06888048,
1.7079445,1.6735296,0.10250153,
1.1874077,1.4010055,0.26314116,
1.8188635,1.7992061,0.1626908,
0.9546391,1.4293656,0.26697847,
1.7897291,1.7749164,0.11147611,
1.772117,1.9600539,0.12883846,
1.589939,1.6346961,0.13056958,
1.9713211,1.9172678,0.2580338,
1.4808428,1.4098077,0.080941156,
1.6608217,1.3594675,0.37605456,
1.9100995,1.7144415,0.22998875,
1.9816167,1.8632774,0.25208786,
1.5164937,1.3844097,0.072753266,
2.1792994,1.6097891,0.24956337,
1.1309657,1.1939425,0.19706865,
1.255906,1.1364685,0.2686291,
1.2138958,1.1979396,0.11299068,
1.0874592,1.2739663,0.332569,
1.07135,1.040474,0.299857,
1.1594766,1.4928575,0.2020049,
1.2323197,1.1540604,0.17002903,
1.3093431,1.3827618,0.16069661,
1.7627658,1.6975427,0.08235196,
1.9316452,1.892272,0.27230737,
1.4231297,1.3098786,0.08930862,
1.7475457,1.9036849,0.22979686,
1.2505114,1.2490135,0.17717782,
1.74067,1.6090622,0.20181724,
1.7923101,1.4650009,0.15472074,
1.4641893,1.5352347,0.08015916,
1.7699494,2.0142064,0.089914635,
1.28289,1.1088278,0.28705722,
1.7899098,1.9886162,0.25700274,
1.4254116,1.2032527,0.16698056,
1.7586241,1.7977967,0.070509814,
1.3481286,1.2286266,0.22201578,
1.4647964,1.5038059,0.08287877,
1.1287476,1.209208,0.22750308,
1.6602598,1.5869069,0.2278447,
1.3886132,1.3037007,0.123303376,
1.8474648,1.7753646,0.29552463,
1.3825597,1.3232932,0.119504616,
1.2539808,1.3076249,0.12857658,
1.3338728,1.3189938,0.100627095,
2.099497,1.5622638,0.38722315,
1.0544583,1.1344569,0.36099705,
1.8889599,1.7326357,0.3704556,
2.0132568,2.0083253,0.18019345,
1.3417954,1.2704043,0.12643726,
1.3329644,1.315044,0.12276585,
1.2267485,1.14607,0.12033816,
1.4075177,1.2784034,0.10948222,
1.154968,1.1342258,0.3198237,
1.369345,1.3619885,0.09932145,
1.148591,0.8896488,0.22457664,
1.4308391,1.405604,0.110087626,
1.6078215,1.7361248,0.09342719,
1.8924556,1.5811864,0.1749688,
1.1337998,1.0693957,0.28573173,
1.9734702,1.482681,0.36244237,
1.3480127,1.2766565,0.08356719,
2.1109514,1.9723516,0.18652451,
1.3895024,1.7336411,0.3514581,
1.925461,1.5619619,0.23656975,
1.4363726,1.5287622,0.110107854,
1.0852902,0.8595526,0.28149793,
1.6586655,1.6434104,0.10121248,
1.3517414,1.0831393,0.24047308,
1.600961,1.6868227,0.115154095,
1.1814231,1.2822088,0.29240203,
1.7998538,1.6319199,0.2326482,
1.2294207,1.1327059,0.22957695,
1.1012063,1.0287873,0.23695344,
1.7881691,1.8941987,0.16287751,
1.2318028,1.1794116,0.2643342,
1.4652203,1.4962819,0.08158237,
1.1599839,1.2376983,0.3036315,
1.6857722,1.6280055,0.23727143,
1.1161969,1.0809625,0.21555991,
1.5701395,1.3678071,0.18291084,
1.2694745,1.301748,0.15199086,
1.8358164,1.6767604,0.13735901,
1.223328,1.2641248,0.25932685,
1.6081321,1.1628072,0.42848274,
1.9878893,2.080071,0.2780907,
1.8363097,1.9606943,0.2413661,
1.240015,1.2912914,0.3671836,
1.867727,2.2720263,0.18095462,
1.5526935,1.4137456,0.15936129,
1.400212,1.3331933,0.1256408,
2.1929588,1.7587901,0.35413694,
1.6442497,1.384834,0.21799365,
1.5397096,1.4676986,0.11767031,
1.2513808,1.341423,0.10153662,
1.3217933,1.332829,0.2966649,
1.5357189,1.8061407,0.13965045,
1.2410842,1.2538421,0.16999978,
1.2338977,1.1283199,0.1595148,
1.1108743,1.3283577,0.2903799,
1.4097533,1.3531001,0.062112316,
2.128206,1.8592653,0.39130515,
1.8738282,1.8519013,0.22024323,
1.2118789,1.1853238,0.15771736,
1.5293185,1.7265441,0.11644545,
1.7969624,1.810784,0.09757399,
1.5994055,1.5068843,0.111036725,
1.5194281,1.4259498,0.25759315,
1.6858338,1.7849652,0.10339225,
1.5948458,1.6072141,0.093828164,
0.9715292,1.2075615,0.42579544,
1.5760999,1.7806139,0.07673306,
1.6013647,1.6745589,0.16952415,
1.6871142,1.7672321,0.09008294,
1.1968106,1.1395367,0.19385847,
1.5908134,1.6749927,0.050809406,
1.5478908,1.6660028,0.071237005,
1.8290809,1.7113547,0.20576558,
1.3569059,1.3948889,0.18844418,
1.6926123,1.3830518,0.15007477,
1.181306,1.3988106,0.20354097,
1.180921,1.3255513,0.23407613,
1.2024535,1.1889101,0.1738379,
1.9369898,1.8968992,0.32875913,
1.087271,1.192293,0.2878613,
0.9268739,1.0700834,0.4265766,
1.38464,1.4413998,0.05894687,
0.9469671,1.4894577,0.2460984,
1.3016676,1.3657033,0.24016333,
1.1765286,0.9067855,0.24938147,
1.1970278,1.1048299,0.25983498,
1.9167039,1.6281483,0.38341144,
1.2722045,1.0917202,0.18132864,
1.4206554,1.3385856,0.2147625,
1.4711577,1.405932,0.2450098,
1.4653511,1.524384,0.21991798,
1.4778252,1.6182544,0.18367699,
1.7296109,1.9083953,0.16571985,
1.6324494,1.3888466,0.29529473,
1.2614778,1.1478634,0.18139628,
1.1651937,1.1601429,0.2916883,
1.3207806,1.1951945,0.19122086,
0.9938729,1.3671727,0.3744935,
1.2545495,0.92162406,0.27643484,
1.9730883,1.5223908,0.42416403,
1.595484,1.6831609,0.1130214,
1.5486658,1.5545428,0.09753619,
1.5604777,1.5370264,0.076426096,
1.7648599,1.8877089,0.17427693,
1.1948887,1.3570113,0.14786,
1.659432,1.7008176,0.1299642,
1.5768988,1.5618258,0.137839,
1.9040651,2.0924811,0.17864487,
1.3151951,1.3778472,0.10452438,
1.2833639,1.2470675,0.10510963,
1.5638442,1.6686654,0.056037102,
1.9790492,1.7137415,0.26267236,
1.5737041,1.6285312,0.07893634,
1.3173381,1.230818,0.11013905,
1.6770076,1.5107967,0.13935189,
0.95529896,1.4606204,0.2425441,
1.6069715,1.6037884,0.110893,
1.9190383,1.7407312,0.23862624,
1.5084606,1.4994154,0.11421619,
1.0143665,1.1311891,0.40669197,
1.1292695,1.1207579,0.30300945,
1.1183023,1.0671144,0.28368145,
1.0962868,1.2041091,0.26542127,
1.8657522,1.9446206,0.19561517,
1.7383159,1.679245,0.28712055,
1.9670141,1.8625536,0.34535387,
1.5495926,1.5986362,0.11298633,
1.3889611,1.3161966,0.12657066,
1.4720296,1.4458323,0.06596756,
1.0456476,1.509132,0.25253433,
1.0720729,1.250408,0.17670342,
1.1926675,1.1512094,0.2056149,
1.4336693,1.4214417,0.1291392,
1.7593192,1.7346816,0.12161856,
1.5420802,1.7703339,0.17483862,
1.6862485,1.5960212,0.2824831,
1.8978307,1.9164333,0.17454211,
1.3373932,1.320419,0.10260922,
1.2058456,1.4745598,0.21794909,
1.8022271,1.7835114,0.13676329,
1.80882,1.8455288,0.19051908,
1.1976831,1.1176864,0.21565756,
1.85284,1.7949278,0.45177478,
1.6903285,1.8429267,0.103637524,
1.4000385,1.3062024,0.18336739,
1.1734872,1.2182754,0.18178196,
1.5016793,1.555741,0.100802176,
1.323663,1.3803247,0.096669376,
1.612452,1.3129644,0.34034073,
1.3790402,1.3974899,0.08409266,
1.753049,1.5145967,0.30230483,
1.1562053,1.0621352,0.18490359,
1.700424,1.1114936,0.35658926,
2.0515265,2.1719756,0.3240532,
1.3709221,1.2857708,0.08735407,
1.2879117,1.1628095,0.14570668,
1.6096152,1.5426981,0.088691674,
1.4370222,1.4480377,0.10013077,
1.1135283,0.9992591,0.23700617,
1.4378445,1.3817954,0.10729164,
1.6019307,1.4238048,0.18405396,
1.1262597,1.363944,0.119430974,
1.6947998,1.748014,0.11957197,
1.874645,1.7913572,0.27471477,
1.6893667,1.4845715,0.28001708,
1.2509329,1.244653,0.2559376,
1.6188449,1.5633897,0.09556156,
1.7993395,1.751595,0.1915425,
1.2951782,1.1397133,0.29317465,
1.7542288,1.4875872,0.26051766,
1.5903459,1.6099322,0.14448446,
2.0507452,1.6891816,0.37076735,
1.4928918,1.5267141,0.13691312,
1.6517906,1.7991619,0.12476246,
1.395656,1.3624834,0.3211613,
1.2664425,1.2031531,0.21955623,
2.0943987,1.6055162,0.38412017,
1.2694986,1.153966,0.089611694,
1.7197759,1.4970782,0.26907438,
1.1255084,0.9575714,0.31911832,
1.0192157,0.8854208,0.35464764,
1.4598098,1.3678552,0.19606392,
1.4978644,1.5728686,0.1131984,
1.5894594,1.7233957,0.12234369,
1.54298,1.5289804,0.1971014,
1.347867,1.3841021,0.12232687,
1.4993756,1.3154194,0.1326228,
1.959506,1.6739082,0.23073658,
1.8124938,1.9782274,0.11968091,
0.95870113,1.3481137,0.3941595,
1.1508769,0.8887306,0.17705618,
1.1485786,1.1387134,0.3214283,
1.5095799,1.5774114,0.09780263,
1.8694818,1.9383435,0.17430134,
1.5233061,1.4284395,0.11822434,
1.7065852,1.6902418,0.17511313,
1.2664937,1.203754,0.11681373,
1.5921063,1.6723273,0.08941314,
1.3891368,1.4703197,0.09252847,
1.2060807,1.0933676,0.16669975,
1.2834142,1.1900169,0.1440757,
1.785277,1.8017943,0.21368055,
1.3479272,1.2726827,0.119705476,
1.3675104,1.0927598,0.19872227,
1.7280908,1.7428232,0.31225613,
1.8031301,1.5944431,0.22714184,
1.825607,1.9636574,0.12490285,
1.6344848,1.7454903,0.10153756,
1.6174685,1.4160755,0.17173687,
1.0083559,1.2610406,0.39961356,
1.314103,1.1669564,0.23206815,
1.9589057,1.7177207,0.15280564,
1.1913495,1.0925766,0.1703671,
1.3991364,1.4224057,0.076305605,
1.2431386,1.1120635,0.17915717,
1.3708519,1.2739158,0.12952256,
1.666807,1.6390661,0.18301375,
1.6779646,1.7239571,0.1422382,
1.6639482,1.6096964,0.14905314,
1.6698728,1.6573277,0.097437724,
1.066822,1.3629751,0.28178427,
2.058636,2.0796442,0.27561373,
1.3473682,1.2959287,0.13771828,
1.6785696,1.7694119,0.11186508,
1.6077476,1.65136,0.089175455,
1.3108166,1.3463311,0.18680137,
1.7041948,1.7417927,0.18853162,
0.93455976,1.4948957,0.32251838,
1.1906664,0.97210217,0.289494,
1.3328085,1.2276709,0.20241621,
1.3220809,1.2255251,0.1555453,
0.89162946,1.0452288,0.2615665,
1.0756384,1.4581676,0.10025132,
1.4827917,1.4204009,0.08314562,
1.6787568,1.7015617,0.11222854,
1.9893627,1.858818,0.3136879,
1.6213789,1.7904766,0.11498832,
1.5512372,1.4681692,0.1179494,
1.499773,1.6253989,0.26561868,
1.0761979,1.3389312,0.24888417,
1.1636933,1.3296716,0.29020628,
1.007876,1.14045,0.3297245,
1.8500681,1.9124985,0.19702177,
1.2167964,1.0671146,0.20959693,
1.5189173,1.4387043,0.17099616,
2.0276554,1.8872783,0.27995422,
1.7124784,1.7349073,0.086409256,
1.8070813,1.6068039,0.18367569,
1.0494719,1.1818633,0.35410282,
1.2009642,1.2958856,0.24277288,
2.0195959,1.9925911,0.31795663,
2.1259303,1.8450129,0.34625506,
1.5507787,1.4691322,0.12481376,
1.1665125,1.2698324,0.42744577,
1.1861093,1.0461773,0.16246943,
1.744878,1.9452343,0.09575017,
2.0649848,1.6382251,0.30739003,
1.3589358,1.4479513,0.11414118,
1.0169472,1.6332805,0.40707132,
1.8562248,2.17875,0.09492805,
1.7210791,1.6054056,0.22198868,
1.8762584,1.8121495,0.24928245,
1.4619033,1.4216124,0.17642666,
1.6859928,1.8459349,0.09614185,
1.8668013,2.0083742,0.1882572,
1.8479793,1.9991012,0.31704903,
2.0743763,1.4799271,0.5014564,
1.5881705,1.3962419,0.1699654,
1.2424806,1.097506,0.18960486,
1.2542846,1.0910673,0.10902352,
0.97781795,1.3037747,0.3781029,
1.6968248,1.6702554,0.17286207,
1.6147814,1.5235379,0.0732153,
1.8422503,1.7782695,0.21247606,
1.6245128,1.4555395,0.2979749,
1.8809195,2.0388196,0.18047735,
1.8766711,1.4997435,0.26810995,
1.1717712,1.0437094,0.35777938,
1.5979961,1.6444815,0.17663231,
1.3802643,1.4029453,0.23747402,
1.5214399,1.4446375,0.07842445,
1.5058414,1.4872844,0.06742487,
1.9458003,1.913279,0.22671805,
1.1737614,1.183278,0.20759037,
0.95969343,1.0916942,0.3441521,
1.2971982,1.3714697,0.14922145,
1.2937741,1.1486707,0.16239536,
1.1404209,1.0355359,0.18508083,
1.1655607,1.1282265,0.3496771,
1.4424156,1.40662,0.10753361,
1.563413,1.391336,0.24167338,
1.2904423,1.5497813,0.12879476,
1.4062899,1.358141,0.13649866,
1.0908422,1.0481279,0.28919414,
1.4427899,1.3839896,0.09203454,
1.2391983,1.1227062,0.24152125,
1.3648244,1.4225454,0.24778695,
0.8767794,1.3541343,0.34989464,
1.404608,1.4990444,0.089106865,
1.1690586,1.1717614,0.2764915,
1.9541285,1.6202736,0.24523996,
1.5556221,1.5404637,0.1319016,
1.6139157,1.50841,0.114036016,
1.4465619,1.1937597,0.293557,
1.0683,1.1606474,0.2948422,
1.7549093,1.6661801,0.24703531,
1.2971103,1.2535374,0.3191068,
1.3793154,1.2906792,0.12698434,
1.7792037,1.7885631,0.22961181,
1.6863658,1.5235496,0.2304458,
1.086106,0.9652107,0.27362296,
1.0201081,1.3589878,0.276313,
0.8945186,0.9999299,0.366024,
1.2411351,1.14514,0.25008976,
1.490405,1.3990732,0.085077226,
1.791426,1.9245508,0.18888597,
1.8191961,1.6786554,0.21306881,
1.0570866,0.8511333,0.31242356,
1.5273509,1.4960953,0.074923605,
1.4514922,1.2803385,0.27065432,
1.3975818,1.475919,0.06465776,
0.9836802,1.2851627,0.29915833,
1.1406841,0.97793967,0.2114326,
1.4990091,1.5266521,0.123522274,
1.336842,1.0820361,0.25409082,
1.2439858,1.5308167,0.21028927,
1.4978473,1.6113322,0.11316196,
1.2902025,1.1350543,0.19283031,
1.6912509,1.6967967,0.17578071,
1.2932096,1.3433189,0.1917241,
1.8147281,1.8089035,0.12518033,
1.7546057,1.7092749,0.21021956,
1.5938516,1.5170965,0.1738125,
1.2850549,1.183051,0.272429,
1.3628227,1.2979503,0.16378337,
1.6903167,1.7116284,0.17316097,
1.8831677,1.7036587,0.20190315,
1.3934695,1.3487246,0.15471272,
1.4894764,1.5877199,0.09603678,
1.2436678,1.3848927,0.18879092,
1.0950214,1.2051585,0.1803038,
1.6825787,1.6086738,0.15635239,
1.3914069,1.3837733,0.21275277,
1.3652024,1.391198,0.08314465,
1.278791,1.2136528,0.09869951,
1.3352753,1.198373,0.16895851,
1.0588535,1.0855355,0.3275689,
1.5095774,1.5169486,0.113411665,
1.6517137,1.6387789,0.08910527,
1.444006,1.4386754,0.15077786,
1.4954249,1.5886592,0.26326963,
1.6114218,1.5568173,0.15209346,
1.1197298,1.090637,0.18763572,
1.0775425,1.0262461,0.23592964,
2.0270488,2.2552304,0.22306621,
1.2839952,1.5531111,0.14442562,
1.1915058,1.5098915,0.1440713,
1.9546728,1.9805579,0.33370963,
1.2773218,1.2896023,0.18244149,
1.9341066,1.8058939,0.3830945,
2.0733604,1.6786847,0.36394358,
1.8242311,1.7808414,0.12962092,
1.9942269,1.910367,0.30204675,
1.3987317,1.3797326,0.14122151,
1.6161859,1.722579,0.05668637,
1.7176306,1.6708829,0.16054575,
1.8685763,1.7955153,0.3884775,
1.804898,1.8122051,0.20462324,
1.2649392,1.3544575,0.07516345,
1.1548663,1.156243,0.14214829,
1.9801705,1.4037142,0.3173937,
1.8655286,1.5907354,0.29468727,
1.4058182,1.2922854,0.23443036,
0.9416484,1.318684,0.28793746,
1.342039,1.2963448,0.12469381,
1.6414292,1.6030687,0.12400388,
1.3672493,1.2851216,0.1162579,
1.871697,1.8257557,0.203321,
2.0328987,2.0189798,0.26798955,
1.2868406,1.1142576,0.21642463,
1.0963223,1.1887925,0.2383862,
1.7425922,1.8616576,0.08966303,
1.0210123,1.1195221,0.2602738,
1.5877237,1.4177551,0.24530634,
1.9158039,1.6802771,0.42192256,
2.0452588,2.0062296,0.40238205,
1.2726684,1.3597974,0.19657142,
1.4480492,1.3748482,0.25113916,
1.4743798,1.4587929,0.07568624,
1.7487212,1.4813163,0.24507602,
1.4253575,1.4788029,0.28810114,
1.8125194,1.992909,0.14765477,
1.168538,1.2205052,0.15389939,
1.4706728,1.526261,0.102055594,
1.4946011,1.2933878,0.18589827,
1.7698627,1.914737,0.17972618,
1.6644747,1.5042751,0.1255298,
1.3078891,1.0259756,0.15203525,
1.9412706,1.4013448,0.36211333,
1.8081399,1.9490826,0.24438411,
1.6393256,1.6236889,0.11525986,
0.88980794,1.2779257,0.31902015,
1.8493426,1.8690925,0.30167302,
2.0101988,2.1977842,0.3592515,
1.3918688,1.4530466,0.26011118,
1.1909174,1.0388154,0.1386022,
1.812913,1.9710429,0.18248323,
1.2250996,1.1089166,0.17278042,
1.2324921,1.2225357,0.30319038,
1.7997491,1.8234558,0.17587739,
1.4180043,1.2550056,0.10554843,
1.0534719,1.3272389,0.27141947,
0.9901662,1.3673706,0.28073937,
1.7761974,1.9577184,0.111090146,
1.0436071,1.0785455,0.23113184,
1.5403205,1.547786,0.19181661,
1.2365848,1.2242228,0.357737,
1.5394349,1.5263236,0.10277175,
1.3028628,1.3631244,0.20259136,
1.4780514,1.4128664,0.16208963,
1.4862864,1.6225232,0.17827481,
1.5523947,1.6321121,0.0760715,
1.4445086,1.3359311,0.14543901,
1.6369848,1.7367126,0.19115098,
1.3251746,1.317792,0.08058898,
1.608991,1.6633587,0.135736,
1.2535423,1.180611,0.19897842,
1.8065605,1.6826043,0.2712338,
2.1278312,1.9763789,0.40764198,
2.0358407,2.0413282,0.26875558,
1.6420014,1.7894813,0.116666704,
1.1698201,1.0563602,0.24263509,
1.582881,1.6193829,0.15573692,
1.1350996,1.1424314,0.20101851,
1.7914739,1.46735,0.24318552,
1.623982,1.7922652,0.08911555,
2.067501,1.6982749,0.45469233,
1.8147507,1.5914115,0.32483652,
0.9901232,1.270112,0.34478307,
1.1946034,1.1808254,0.12085858,
1.3328375,1.321151,0.11218997,
1.5668067,1.5347443,0.090071,
1.0823249,1.0043907,0.22714275,
1.4220463,1.4040277,0.16568826,
1.023452,1.1584358,0.40818462,
1.4614674,1.4973428,0.09257432,
1.3299451,1.262995,0.108997,
1.9771256,1.7282097,0.31035078,
1.5856444,1.6340781,0.06538412,
1.5160843,1.4859581,0.18030564,
1.6900775,1.680762,0.13552958,
1.362269,1.1466774,0.14131877,
1.9177086,1.5293695,0.2663937,
1.9300263,1.854732,0.3844093,
1.1455595,0.94647515,0.23461846,
1.7326031,1.85885,0.13959084,
1.4584546,1.3999441,0.17583942,
1.2889547,1.2932634,0.08265646,
1.160709,1.2108717,0.11490789,
1.5187505,1.4191985,0.15844317,
1.4618487,1.5161122,0.056669537,
1.6250427,1.5511446,0.27295807,
1.2769357,1.1227815,0.11933703,
1.0722657,1.1908128,0.24825734,
1.4046513,1.3398838,0.081556424,
1.4046292,1.4297352,0.15373956,
1.5304585,1.6145751,0.1462122,
1.0859863,1.0340978,0.2882467,
1.4879906,1.5161586,0.21382847,
1.3159891,1.3172925,0.14077662,
1.4718932,1.4369078,0.07397842,
1.7166345,1.8065904,0.24065672,
1.350792,1.313712,0.06624041,
1.5143366,1.5457788,0.08334179,
1.345131,1.3799977,0.13117452,
1.2124507,1.1392572,0.09820389,
1.8622937,1.8911679,0.26497132,
1.2757305,1.1323962,0.14774258,
1.8105423,2.0470772,0.15723446,
1.4478321,1.484292,0.07475233,
1.690821,1.7049813,0.13843481,
1.02675,1.1536155,0.2848078,
1.4166077,1.2985257,0.14401853,
1.2201768,1.0708183,0.15331332,
1.2816666,1.124433,0.14777082,
1.0986781,0.96220624,0.3162245,
1.099355,1.1084096,0.20113732,
1.3477367,1.3318024,0.06491024,
1.0655578,1.3647394,0.36311084,
1.3535898,1.2991519,0.18412544,
1.6611145,1.7407323,0.108042605,
1.0708362,1.2782265,0.36000887,
1.7216011,1.7030818,0.12037504,
1.2630571,1.0780089,0.09676341,
1.6066675,1.6026752,0.15482856,
1.5258036,1.6210256,0.07951126,
0.9936076,1.139705,0.38156942,
1.3741897,1.3459575,0.09982237,
1.8068686,1.8396797,0.14764385,
1.7160515,1.5839891,0.1733991,
1.4879278,1.1521817,0.21276145,
2.061662,1.4280179,0.3697694,
1.4058738,1.3921108,0.16581829,
1.6262589,1.802145,0.09202632,
2.0575488,1.8700347,0.40944266,
1.5535719,1.4952562,0.08153855,
1.6536444,1.5570612,0.18299237,
1.5302035,1.3584278,0.1334442,
1.2684455,1.2411656,0.24810919,
1.4001087,1.2899668,0.23583695,
1.499853,1.5042841,0.124376,
1.6877849,1.6746986,0.08838258,
1.1164105,1.2086965,0.3427977,
0.972463,1.101487,0.31029058,
1.3787572,1.4172726,0.07181791,
1.928585,2.0046365,0.46772698,
1.3942592,1.458954,0.12490907,
1.4029753,1.4028101,0.08167727,
1.0878701,1.1445854,0.3674734,
1.2195901,1.1962531,0.1798122,
1.0543656,1.2396361,0.21388523,
1.3147452,1.1191971,0.13516955,
1.7847834,1.632807,0.20304886,
1.2495711,1.2880106,0.1803797,
1.7731382,1.807646,0.14015226,
1.8524466,2.027027,0.24721125,
1.7641776,1.949333,0.11476356,
1.5013014,1.3660196,0.17442463,
1.2551149,1.1558086,0.18512239,
1.0032495,1.3773994,0.36280435,
1.4783145,1.2630105,0.19600658,
1.9138222,2.1318302,0.3518021,
1.4512225,1.4207435,0.0766816,
1.6065123,1.4575317,0.25844097,
1.0150172,0.9454045,0.37846997,
1.2998936,1.2285539,0.17656228,
1.5375795,1.5175023,0.052095223,
1.4608247,1.5498483,0.070085876,
1.6120875,1.4683346,0.15569247,
1.6231513,1.5180275,0.16307582,
1.7841114,1.8737235,0.080957316,
1.10918,1.2942061,0.23571213,
1.3657079,1.2585096,0.11300373,
1.2272637,1.0838251,0.13704182,
1.8213516,2.1957002,0.13115123,
1.6837585,1.5352259,0.11294325,
1.403986,1.2571439,0.102786854,
1.4063164,1.3356135,0.18534772,
1.0146763,1.111331,0.52088,
1.6422377,1.6295022,0.11760483,
1.149995,1.7583251,0.17700319,
1.3219461,1.4274249,0.24400942,
1.2869319,1.3163974,0.089918725,
1.3779263,1.2617133,0.111917116,
1.7183237,1.7722902,0.08026384,
1.0626179,1.3749993,0.2833409,
1.5681728,1.521644,0.1257828,
1.0626781,1.3168347,0.31651825,
1.3203434,1.181606,0.11932664,
1.2390097,1.247916,0.19573194,
1.3912891,1.4261388,0.19133332,
1.591814,1.6220052,0.13348542,
1.6997782,1.4620852,0.34716606,
1.8367393,1.4562516,0.21039265,
1.7291564,1.4767115,0.15841937,
1.4782393,1.5287805,0.1286298,
1.518211,1.7367518,0.30405933,
1.8856289,1.6763849,0.20998606,
1.4913503,1.5116363,0.062985666,
1.9430146,1.9410734,0.3461263,
1.5291829,1.7236836,0.12762189,
1.8585138,1.6941881,0.24264954,
1.829334,1.8192811,0.173786,
1.6340722,1.7696147,0.107618734,
1.6200212,1.5351472,0.20370148,
1.5511614,1.6588135,0.22623892,
1.8266443,2.0297952,0.24657074,
1.2036647,0.9363581,0.1425566,
1.4418352,1.329881,0.07456604,
1.4410006,1.4525139,0.0911233,
1.3352853,1.2139635,0.07866823,
1.4138858,1.4514065,0.10275695,
1.7972873,1.2862929,0.32504526,
1.6693603,1.5835581,0.17621379,
1.7161305,1.7340827,0.18763673,
1.6312261,1.8272765,0.22959521,
1.3446187,1.3564405,0.2263624,
1.0252534,0.9805323,0.27919817,
1.9449229,1.542757,0.3470676,
1.3978148,1.4732592,0.14351086,
1.4898556,1.4787478,0.14570835,
1.3137487,1.2809348,0.15317915,
1.6455808,1.5991144,0.20590039,
1.1242269,1.1269405,0.13292019,
1.8788192,1.4563775,0.243707,
1.6289169,1.4435275,0.14297515,
1.6568296,1.8397312,0.22234099,
1.211795,1.1875274,0.22460695,
1.4389658,1.2998041,0.28335726,
1.0418465,0.9967029,0.3017176,
1.4940621,1.18731,0.20118414,
1.000004,1.124239,0.33288682,
1.7332017,1.8663006,0.18063682,
1.4371841,1.4538171,0.06634222,
1.905967,2.1624703,0.22913577,
1.973335,2.088189,0.2714458,
1.8800175,2.0253682,0.28134835,
1.7098837,1.3681495,0.22278446,
1.3511149,1.2593765,0.08131176,
1.8158573,1.5091391,0.3803193,
1.400402,1.3310239,0.08316297,
1.5671031,1.6897358,0.13716353,
1.7734164,1.793162,0.17486523,
1.5335124,1.4417846,0.12145997,
1.0584784,1.1287663,0.32550174,
1.5616411,1.6000267,0.06921252,
1.1687644,1.1473926,0.2747185,
1.5196999,1.3205514,0.17855603,
1.8783593,1.8897827,0.28965095,
1.6443508,1.7269529,0.09700075,
1.7316775,1.6077195,0.23075143,
1.5316391,1.5856875,0.053130455,
1.0438739,1.3581607,0.25812513,
1.5796494,1.3797832,0.27162662,
2.0073793,1.6371157,0.381488,
1.5522128,1.503721,0.18063764,
1.5656226,1.538257,0.19204648,
1.6125889,1.5665553,0.12409565,
1.7479957,1.9039443,0.10934988,
1.4880447,1.2896335,0.13358113,
1.3229682,1.4241446,0.22052328,
1.2406541,1.1493754,0.22013257,
1.7198688,1.5672767,0.20451389,
1.1155435,1.2909038,0.26815328,
1.2850872,1.289522,0.16170298,
1.4892614,1.3735756,0.13574581,
1.7745277,1.7963544,0.18337908,
1.2753745,0.9434648,0.11642103,
1.5435641,1.50369,0.09713097,
1.5133439,1.6291621,0.11933277,
1.180617,1.4920014,0.25637427,
1.7626328,1.5848527,0.2196422,
1.3173693,1.2583305,0.17328711,
1.2876524,1.2900782,0.20551413,
1.6752065,1.8331285,0.15632533,
2.0706005,2.2844343,0.34198868,
0.8440078,1.1509113,0.37845916,
0.9859778,1.163288,0.30010566,
1.2612606,1.2149324,0.22469191,
1.5372521,1.4761155,0.21244267,
1.6539419,1.7120259,0.14722459,
1.4261804,1.4862058,0.07677795,
1.6951059,1.6159258,0.16851233,
1.2134671,1.1605895,0.2291017,
1.5056142,1.456841,0.13813844,
1.2325494,1.2533774,0.1416721,
1.6725912,1.7194377,0.15271951,
1.6916348,1.4754466,0.15293674,
1.1527213,1.0916148,0.3475193,
1.8502467,1.9880476,0.29050684,
1.4309483,1.4331186,0.085981764,
1.7130246,2.1521668,0.09152578,
1.5377358,1.19121,0.2811977,
2.109806,1.7656877,0.40043855,
1.3773276,1.3802066,0.0900292,
1.7046479,1.6671052,0.3685361,
1.7456636,1.5448282,0.2527595,
1.3460611,1.2491779,0.06778691,
1.5867969,1.5200589,0.12072545,
1.4102522,1.2691283,0.09890412,
1.9020469,1.6241261,0.33799607,
1.6729854,1.8260022,0.1374529,
1.7981031,1.8706307,0.17983294,
2.011368,1.6536629,0.4177317,
1.3325343,1.3073612,0.11099069,
1.7295804,1.8833084,0.09197705,
1.4834349,1.116299,0.22360122,
1.9518023,1.8623455,0.35158023,
1.5303171,1.5004461,0.38609594,
1.4505854,1.2629039,0.29699007,
1.1623161,1.1891743,0.3436666,
1.2867174,1.3784494,0.13728562,
1.4493854,1.4095333,0.09786124,
1.548586,1.3930831,0.17071185,
1.956851,1.9039879,0.33129156,
1.3688891,1.3749242,0.141525,
1.3431693,1.3709617,0.099052876,
0.9831403,1.0789924,0.27095288,
1.7596419,1.5797658,0.25924647,
1.7829658,1.7544641,0.19438016,
1.7202044,1.5299901,0.21760127,
1.3613588,1.3137803,0.10138667,
1.5885346,1.5965873,0.11722589,
1.3737526,1.2202185,0.20011061,
1.3875729,1.3573811,0.20758359,
1.3294708,1.269072,0.07044921,
1.9339695,2.0754726,0.35828614,
1.0954219,1.0446675,0.20849517,
1.8974624,2.0886579,0.28148025,
1.3963374,1.3486731,0.0813335,
0.9264736,1.1741194,0.46793658,
1.7563145,1.647537,0.17038944,
1.32402,1.3215934,0.12970674,
1.3805488,1.2192037,0.114513665,
1.2427658,1.2905827,0.10431222,
1.2858524,1.2023351,0.16619822,
1.7350416,1.8479822,0.10526001,
1.9102843,2.1345453,0.18338168,
1.7919062,1.9944463,0.17282993,
1.4298829,1.3230599,0.21867684,
1.9031847,1.9370053,0.22273852,
1.3097024,1.5538971,0.19957583,
1.7230287,1.723379,0.18304518,
1.8252227,2.0005546,0.1715876,
1.540362,1.5413944,0.17535025,
1.6058228,1.5687952,0.21267793,
1.3515244,1.322844,0.12363972,
1.0983927,1.1461225,0.28841916,
1.1126949,1.1617361,0.34818476,
1.1229583,1.2631065,0.263412,
1.305802,1.3211374,0.15626079,
1.1267087,1.3081733,0.19903047,
1.350283,1.2397348,0.12363584,
1.3282162,1.3014665,0.07056129,
1.5220528,1.3361638,0.1570967,
1.3325335,1.2163553,0.07144728,
1.2629938,1.0880005,0.12669696,
1.8488405,1.5668458,0.31248283,
1.2770331,1.259869,0.1331546,
1.1056123,1.2172664,0.26816013,
1.6089673,1.4992511,0.09828969,
1.2540883,1.287889,0.1881307,
1.3197308,1.3977205,0.14417398,
1.5200678,1.6678361,0.07733738,
1.0618087,1.0751731,0.23882996,
1.4630007,1.5621601,0.06941021,
1.4242573,1.5406206,0.086351454,
1.8425844,1.8321409,0.26964018,
1.9428928,1.9496362,0.28940967,
1.4387814,1.4049628,0.0974144,
1.2267094,1.1134988,0.17948903,
1.643336,1.7606587,0.10336545,
1.94526,2.093761,0.23307836,
1.2601644,1.4884094,0.20976748,
1.8624413,1.6064796,0.3770792,
1.4734337,1.3852961,0.14937161,
1.8528414,1.7471514,0.17213596,
1.7112613,1.8472598,0.28625053,
1.4296219,1.1455586,0.2818269,
1.3239245,1.5636187,0.28541192,
1.3736671,1.4164655,0.06097298,
0.98969144,1.1379836,0.3832672,
1.299094,1.3119013,0.09342532,
2.0310528,1.5577495,0.28888693,
1.6954663,1.2956376,0.27880776,
1.9879563,1.7432044,0.34389606,
1.3640176,1.179845,0.12986144,
1.2811145,1.2451842,0.18669227,
1.2436819,1.1183743,0.21333185,
1.7334754,1.7486403,0.11066387,
1.6111312,1.502961,0.31985927,
1.4070722,1.3583529,0.093850754,
1.5308794,1.1780593,0.3183611,
1.1327851,1.0863111,0.22727899,
1.3991271,1.413429,0.14780799,
2.1109385,1.4875017,0.43084487,
1.6600146,1.8213042,0.10427042,
1.0506594,1.0796295,0.34277213,
1.6684481,1.6190783,0.14339074,
1.365411,1.2243438,0.13434218,
1.5744133,1.6483039,0.134251,
1.462601,1.489167,0.10193879,
1.7440798,1.5740193,0.27936006,
1.1466793,1.060341,0.31447318,
1.4734946,1.4762318,0.085007,
1.5144408,1.3751153,0.21741161,
1.7300758,1.5304446,0.20013595,
1.8843572,1.8890102,0.17878905,
1.6373127,1.7382417,0.09358733,
1.4071128,1.302401,0.32557303,
1.5934734,1.657829,0.08875279,
1.5354239,1.5262461,0.08611521,
1.2739633,1.2820876,0.17875,
1.5091045,1.5401511,0.14368178,
1.4316225,1.329928,0.06934756,
1.5874852,1.6518822,0.08944359,
1.3636117,1.5980203,0.29842666,
1.6380213,1.444237,0.21339156,
1.3267493,1.4545193,0.2199653,
1.8041734,1.9065769,0.22837934,
1.3131715,1.2923489,0.28390595,
1.4177275,1.3289013,0.18704213,
1.6227449,1.5028539,0.18237503,
1.7620198,1.6770477,0.15728974,
1.1089724,1.4309781,0.25142694,
1.2603222,1.4910448,0.1509438,
1.7636217,1.7153791,0.191949,
1.735836,1.6849563,0.104823105,
1.5259764,1.6143633,0.073582925,
0.9463182,1.396841,0.22480617,
1.8328202,2.0882246,0.09738896,
1.7757484,1.8242335,0.11252352,
1.3079642,1.1508057,0.14375119,
0.9089723,1.1971895,0.3170348,
1.5293336,1.516496,0.10675256,
2.0546467,2.0173793,0.2930207,
1.1963422,1.2148252,0.23683459,
1.3732581,1.3242601,0.16314724,
1.8342879,1.9855146,0.14052086,
1.46678,1.2036084,0.19376005,
1.3526407,1.3122754,0.13422664,
0.9691402,1.2971065,0.3663107,
1.6854345,1.7301381,0.09391036,
1.492717,1.6360899,0.13523516,
1.8582714,1.5998895,0.17338818,
1.2899345,1.0894325,0.11804969,
1.5281087,1.4946985,0.07836292,
1.2387443,1.5072141,0.12540391,
1.6318141,1.5876,0.10028712,
0.8800258,1.2075577,0.23466405,
1.2651172,1.3177905,0.30011466,
1.5992067,1.4984624,0.0783334,
1.948381,1.8928597,0.30727658,
1.5498178,1.4263835,0.25689766,
1.3876275,1.4582144,0.09444258,
1.4486711,1.3998513,0.16870472,
1.7791538,1.6575828,0.17766568,
1.2210596,1.0609035,0.21669807,
1.789746,2.0562365,0.21697626,
1.1083398,1.4114995,0.39533538,
1.4915625,1.523125,0.069425926,
1.0730243,1.3310236,0.37009484,
1.5057153,1.4462969,0.18342847,
1.4720315,1.4667876,0.1158303,
1.9935403,1.7789276,0.21094424,
1.164623,1.1569364,0.21240093,
1.0971874,1.5465293,0.208797,
1.4214591,1.4573255,0.20023167,
1.4297994,1.5818894,0.072895624,
1.4132004,1.3053802,0.086817324,
1.4262406,1.3030232,0.16204193,
1.1217529,1.135321,0.2120853,
1.1453321,1.2392449,0.16712046,
1.3842217,1.3001306,0.07912487,
1.9013941,2.027413,0.18923904,
1.7003685,1.7455192,0.10864018,
1.6296833,1.5265839,0.11376497,
1.3106452,1.3338139,0.06773372,
1.8230083,2.16943,0.11747474,
2.1338987,1.7105749,0.39305878,
1.589339,1.8027477,0.1428857,
1.1218462,1.190443,0.32588688,
1.1845273,1.3711991,0.2326268,
1.1735089,1.1005586,0.19111826,
0.92026263,1.4430757,0.3295421,
1.461185,1.3660324,0.084634885,
1.1923474,1.1378987,0.161191,
1.3896315,1.3781557,0.1195488,
1.8832684,1.4361441,0.32264194,
1.8456688,2.0192792,0.13605991,
1.2500055,1.2572641,0.29177395,
1.668941,1.4811871,0.22148825,
1.7639884,1.8067255,0.12566026,
1.2304388,1.0497805,0.1372866,
1.4568517,1.507339,0.13286053,
1.4092599,1.3830619,0.1110272,
0.95344776,1.0760999,0.37308493,
1.521612,1.5272225,0.09558786,
1.8399639,2.0154037,0.22836806,
1.4597629,1.5280678,0.097635664,
1.372157,1.2052494,0.12413305,
1.8465669,1.7532933,0.32450184,
1.0389547,1.1469792,0.35365728,
1.3278403,1.1025566,0.09012795,
1.0198399,1.4154193,0.47899783,
1.2681223,1.166426,0.12608397,
1.4868796,1.4919013,0.18476528,
1.3330172,1.4572111,0.095977664,
1.5951505,1.7221185,0.16327797,
1.859242,2.0523179,0.20422384,
1.5353987,1.379157,0.34721127,
1.6380695,1.5406898,0.088644326,
1.2192799,1.1439916,0.124297455,
1.9321499,1.5662922,0.40251678,
1.6112604,1.526701,0.08060516,
1.5009838,1.5016184,0.05003901,
1.1938025,1.1487582,0.21404338,
2.0079455,1.947788,0.2626985,
0.96915025,1.4553143,0.32850078,
1.3676484,1.2611935,0.28323695,
1.7068424,1.8850245,0.11380583,
1.1604356,1.1189387,0.40550008,
1.55949,1.6550481,0.08379784,
1.2903326,1.0581686,0.19013354,
1.7936015,1.9379215,0.34049866,
1.2603651,1.5493417,0.1831279,
1.5709814,1.7775991,0.123201445,
1.3257588,1.1946787,0.15056251,
0.897366,1.386205,0.23330756,
1.4060566,1.2386445,0.13732524,
1.1019412,1.191323,0.35930592,
1.8118348,1.5792109,0.20043923,
1.0408701,1.2469867,0.34765023,
1.1459426,1.2375618,0.37361062,
1.5681566,1.4953976,0.096829675,
1.6522917,1.5065523,0.21547364,
1.475084,1.4277213,0.13579497,
1.2459774,1.040631,0.13356432,
1.8188787,1.9482133,0.10592509,
1.5706276,1.5588791,0.18310001,
2.1315484,2.3989973,0.41078302,
1.4142085,1.2574161,0.09771625,
1.4856925,1.5949771,0.08053684,
1.3072635,1.064094,0.23592627,
1.2437388,1.2091532,0.173882,
2.1116505,1.483068,0.40465108,
1.9416487,2.0298634,0.30013996,
1.5903807,1.6414008,0.116043724,
1.1394123,1.1276867,0.30137274,
1.8287084,1.791171,0.26705012,
1.4690284,1.4275924,0.21107431,
1.1630979,1.0794997,0.26860884,
1.9486632,1.5686443,0.2400821,
1.5582768,1.3475065,0.16285437,
1.187068,1.2437387,0.19134182,
1.4800298,1.530117,0.07188288,
1.3884461,1.2689075,0.15728118,
1.3240637,1.29883,0.19814168,
1.456148,1.3828304,0.15163353,
1.5204428,1.3740127,0.097000614,
1.4481004,1.3999453,0.09516541,
1.1597474,1.2967696,0.27088112,
0.9495946,1.4744873,0.41217706,
1.652144,1.4567215,0.23524755,
1.0441432,1.0581572,0.36281818,
1.238399,1.1573936,0.18920998,
1.3416083,1.2494606,0.24602556,
2.0857246,1.7272656,0.35918993,
1.693423,1.5260539,0.24596159,
2.10063,1.7240199,0.2383959,
1.3147252,1.2612392,0.13498695,
1.170131,1.2608806,0.2896737,
1.7920306,1.4816906,0.2136466,
1.5307422,1.5689774,0.09889795,
1.7751983,1.8133012,0.2895102,
1.2589169,1.0236557,0.2348027,
2.0706942,1.6524553,0.25556946,
1.3235608,1.3460445,0.45513818,
0.9978168,1.2304446,0.3367408,
1.5795021,1.4363503,0.19670989,
1.4734285,1.4090844,0.2078081,
1.480848,1.5242822,0.12752484,
0.97201604,1.0712008,0.2831177,
1.5844024,1.3804109,0.08740771,
1.625704,1.7656447,0.09249034,
1.3800864,1.3953335,0.068902135,
1.2591982,1.1917918,0.098751016,
1.0997381,1.3193958,0.24886675,
2.0169537,1.4744048,0.33657512,
1.3826501,1.6865633,0.22105236,
1.5775548,1.6146619,0.18165493,
1.4573486,1.375327,0.14589043,
1.3825219,1.3516519,0.09621531,
1.3852502,1.3525062,0.14685388,
1.7504611,1.8733618,0.10319783,
1.333726,1.1980199,0.100281365,
1.8736,1.9531126,0.30885962,
1.6450816,1.34652,0.28754777,
1.338984,1.2848258,0.15417926,
1.473699,1.2389084,0.27295685,
1.1896228,1.1255981,0.12475754,
1.111039,1.1022664,0.2947429,
1.9337292,2.0052233,0.13737354,
1.3439664,1.2864002,0.13817884,
1.6786349,1.5169818,0.20531327,
1.69994,1.7872727,0.11393714,
1.5897546,1.7000363,0.067286916,
1.4472471,1.4929626,0.09460288,
1.7515495,1.8478072,0.26385915,
1.9096622,1.5676728,0.24219541,
1.9566216,1.7941399,0.17143656,
1.2935182,1.3635461,0.14852968,
1.5269535,1.6017916,0.09044873,
1.0894797,1.045734,0.24355407,
1.2536604,1.2953048,0.22152351,
1.7397132,1.7477012,0.19316421,
1.1703951,1.0954063,0.3185168,
1.9786911,2.1189127,0.17214032,
1.0337245,1.3126384,0.2962409,
1.92696,2.0327718,0.33406925,
2.1011074,1.9690194,0.4757714,
1.3910985,1.3731912,0.13357191,
1.1448278,0.95215064,0.2524761,
1.8144433,1.7235284,0.2036068,
1.5438714,1.3986292,0.15006238,
1.4688532,1.377001,0.21708167,
1.2358606,0.93458956,0.1925531,
1.3679911,1.309664,0.108103454,
1.7669156,1.7318145,0.1652215,
1.5924609,1.7094295,0.082132466,
1.7468877,1.5809612,0.16391285,
1.6466846,1.5913334,0.16533978,
1.4607087,1.2770126,0.1305508,
1.7909077,1.3883245,0.37986663,
1.6903697,1.6289964,0.14507599,
1.3923278,1.5248948,0.076479875,
1.4883636,1.3376601,0.31776306,
1.8527987,1.7930901,0.25833145,
2.0842123,1.4930506,0.26512587,
1.6996261,1.5152414,0.17639658,
1.3108939,1.148532,0.07384531,
1.8796086,1.6349471,0.30954295,
1.437156,1.4005787,0.2029528,
1.8068163,1.594904,0.2602095,
1.3628594,1.4674127,0.22729512,
1.5703624,1.4579023,0.24467678,
1.7208008,1.6925721,0.10661111,
1.7312809,1.6533911,0.15517624,
1.5958449,1.5942609,0.12643813,
1.8679945,1.9668388,0.23652972,
1.4859493,1.343951,0.107359715,
1.3340185,1.4427447,0.19015494,
1.587597,1.5514456,0.15644966,
1.9210427,1.6188331,0.31178412,
1.9263844,2.0239887,0.22069174,
1.1828352,1.2630043,0.31978106,
1.5328263,1.4544364,0.098475106,
1.3720165,1.4732599,0.109474406,
1.2924324,1.209583,0.16165619,
1.1571909,1.1681362,0.31525958,
1.519133,1.6219747,0.15285262,
1.8302326,1.8579884,0.28875926,
1.9599588,1.773814,0.41767687,
1.7770274,1.8978345,0.102487914,
1.3369935,1.2187734,0.19209403,
1.4406204,1.3892953,0.22224778,
1.3555483,1.4453065,0.122274846,
1.2038047,1.0882508,0.1297976,
1.7237746,1.9413874,0.17804487,
1.7196753,1.7964227,0.21762453,
1.9184117,2.1761925,0.22587718,
1.3275992,1.266047,0.11710398,
1.0660871,1.2817621,0.3296484,
1.7097172,1.3384789,0.3304766,
1.7427279,1.6728718,0.16356078,
1.3554457,1.3477591,0.067485735,
1.5469391,1.5979741,0.103731476,
1.9826155,1.5315194,0.45103377,
1.6767756,1.4445746,0.16139741,
1.6698363,1.6830261,0.16463266,
1.2029111,1.2210984,0.20212497,
1.6069908,1.6507401,0.24206552,
1.134213,1.1989393,0.19247866,
1.0749043,1.0553209,0.31085712,
1.7649281,1.9970798,0.13803658,
1.7348235,1.9479706,0.09786261,
0.9886296,1.1660087,0.39092612,
0.9187522,1.429117,0.27829418,
1.3387532,1.2327528,0.22887523,
1.3535099,1.3495145,0.11092916,
1.394924,1.4136101,0.19722106,
1.6274543,1.7221242,0.07322166,
1.354104,1.271605,0.17511983,
1.4335592,1.4806635,0.11482321,
1.5125709,1.5392802,0.08424376,
1.2203276,1.3948069,0.2209337,
1.0534089,1.2680693,0.44379386,
1.3734899,1.3011878,0.1763794,
1.6605539,1.4770994,0.25699285,
1.3987062,1.363924,0.11095392,
1.7131244,1.3140216,0.25528425,
1.5487438,1.5490382,0.09875964,
2.1592717,2.068033,0.48120362,
1.4364022,1.5118811,0.21631993,
1.2731415,1.2215713,0.15395333,
1.7533128,1.6989365,0.16357774,
1.3946346,1.4391289,0.102681726,
1.3803487,1.4614048,0.10157038,
1.8813963,2.2168903,0.20065837,
1.1477573,1.3800666,0.18687029,
1.3215387,1.465941,0.19995339,
1.3130099,1.3041188,0.114460565,
1.2771394,1.0880225,0.12913497,
1.0293219,1.1270957,0.36592874,
1.2878839,1.2338784,0.16226432,
1.1616162,1.0306107,0.24305934,
1.7042,1.3902845,0.2374406,
1.6701977,1.6900437,0.13750632,
1.446522,1.393743,0.19204971,
2.155142,2.0474432,0.33237013,
1.5845505,1.3845925,0.18285574,
1.4686378,1.4151528,0.06294233,
1.9974251,1.929486,0.14925052,
1.1476338,1.2490396,0.37000856,
1.724339,1.3871887,0.25851318,
1.9148674,1.5679274,0.25004917,
1.507581,1.622165,0.08387744,
1.3750153,1.3526528,0.15777273,
1.6953561,1.424651,0.18483056,
1.32007,1.346276,0.24978988,
1.0102258,1.2461057,0.39209548,
1.883049,1.7889628,0.20102389,
1.3605462,1.3317405,0.12440116,
1.5885158,1.7796874,0.16990753,
1.2144676,1.2504617,0.2558882,
1.1861516,1.2741311,0.25760737,
1.6106623,1.3920188,0.2341131,
1.5712291,1.7557428,0.12142334,
1.2955161,1.2500521,0.20478098,
1.3766756,1.3483663,0.25234511,
2.0084274,2.0426257,0.34739918,
1.4721017,1.4408863,0.1478387,
1.1322447,1.1554961,0.15454026,
1.380663,1.4654248,0.17053448,
1.9789464,1.7588778,0.13087961,
1.8150188,1.6866679,0.3269649,
1.3669668,1.3305686,0.11840201,
1.851574,1.7891331,0.23426199,
1.3943993,1.3257109,0.09777049,
1.4454378,1.5244584,0.07223174,
0.8900084,1.306715,0.22658373,
1.1157999,0.97704566,0.32180956,
1.9521093,1.7945545,0.349733,
1.1655345,1.1728351,0.22491977,
1.0122126,1.4869947,0.40445325,
1.7776,1.8992703,0.24475084,
1.8054166,1.9204865,0.12251809,
1.6795741,1.4111383,0.27559426,
1.6265006,1.5494726,0.07750623,
1.6251054,1.7197299,0.17607586,
1.7946386,1.942832,0.14821734,
2.093413,2.3991096,0.39456624,
1.6881471,1.7044333,0.18003984,
2.0031748,1.7892438,0.25487295,
1.4942317,1.525625,0.19058833,
1.1533958,1.1753708,0.32672375,
1.7154673,1.5061787,0.17620234,
1.7426283,1.8467214,0.1482676,
1.2524328,1.2130334,0.2223621,
1.4079522,1.2145708,0.17532414,
1.3045282,1.1321561,0.18006244,
1.7707257,1.6783602,0.13883097,
1.5728555,1.5159613,0.14225006,
1.1269898,1.1079426,0.28359717,
1.4485116,1.3170252,0.14462884,
1.0550019,1.3294026,0.29494023,
2.021084,1.7020352,0.3707845,
1.1258106,1.0716728,0.2155998,
1.4009218,1.3984936,0.13035066,
2.0969841,1.7825773,0.44478413,
1.3510284,1.3604282,0.11391989,
1.508193,1.4025214,0.23107265,
2.1702263,1.809124,0.26592055,
1.9010174,2.005025,0.17571893,
1.7753243,1.55644,0.24999163,
1.1193658,1.2334614,0.1600086,
1.909936,1.8822243,0.1847468,
1.7385658,1.6851736,0.25007793,
1.5731289,1.7404654,0.082404114,
1.349335,1.2989542,0.10286932,
1.6075231,1.464488,0.12649278,
1.4264594,1.3764639,0.07842473,
1.8385406,1.7189548,0.2565267,
1.3249986,1.3270568,0.11760249,
2.086655,1.6207929,0.35882607,
1.452371,1.5809665,0.14682697,
1.1993043,1.0171175,0.34590498,
0.98489004,1.4752057,0.41671807,
1.7605507,1.9282331,0.14204776,
1.6641934,1.3243631,0.26545233,
1.4630075,1.401891,0.117808096,
1.1729504,1.1352808,0.2820809,
1.6908591,1.7199068,0.2682232,
1.3028046,1.2420584,0.2041106,
1.6215873,1.653151,0.0969341,
1.040805,1.3438919,0.26068354,
1.4421177,1.431294,0.17943166,
1.2518507,1.3240467,0.27982223,
1.2163734,1.0310084,0.18319185,
1.3522667,1.3549243,0.15022145,
1.5555639,1.583452,0.06067234,
1.3392128,1.3017365,0.12087448,
1.4287635,1.4284542,0.07272797,
1.3723418,1.261921,0.074056216,
2.0033493,1.8530619,0.37958965,
1.7330928,1.5906963,0.23040563,
1.7094989,1.59954,0.14689396,
2.030413,1.8777406,0.27024877,
1.3985996,1.4274615,0.06735413,
2.0946078,1.8393009,0.267135,
1.2493339,1.2695534,0.29294747,
1.2303268,1.1198797,0.13742936,
1.7879844,1.4350429,0.26609805,
1.5320239,1.5653746,0.08938643,
1.7351382,1.600521,0.1475451,
1.7948711,1.9034803,0.1277988,
1.4536629,1.5576174,0.08401934,
1.9022291,1.7469435,0.14246742,
1.0326602,0.793768,0.35892525,
1.5099872,1.490294,0.12995037,
1.7955528,1.7501945,0.18344805,
1.1337568,1.2360592,0.29615963,
0.9394741,1.2627175,0.38115034,
1.6073928,1.6746472,0.06899796,
1.2382803,1.0682776,0.18828718,
1.9579933,1.5384473,0.34316415,
1.879756,2.0195062,0.14362675,
1.5822845,1.6024594,0.08895771,
1.5535283,1.744878,0.110789865,
1.2541482,1.1581345,0.11241704,
1.668084,1.7440522,0.0824397,
1.4050655,1.6374786,0.24577439,
1.2660856,1.0602778,0.20887813,
1.741541,1.5971491,0.24744797,
1.9268913,1.7135987,0.24646595,
1.6809139,1.4697208,0.19053458,
1.5709065,1.3591666,0.14846364,
1.8877933,1.7409132,0.29633373,
1.9518797,1.6638336,0.20057069,
1.7627434,1.8466489,0.26893872,
1.2615697,1.185479,0.107818715,
1.9645555,1.8802111,0.31109503,
1.6679387,1.6975334,0.13058442,
1.9620352,1.4185472,0.3290634,
0.95785654,1.3204477,0.3445086,
1.4553137,1.5243602,0.073784925,
1.4014289,1.4694659,0.07538428,
1.7584747,1.7110506,0.109281205,
1.5866053,1.6135492,0.08340258,
1.4213597,1.4847078,0.08396467,
1.1672934,1.0344384,0.25440034,
1.3445119,1.1998835,0.2817957,
1.242796,1.1262469,0.14298825,
1.1122311,1.2352726,0.29276225,
1.3460301,1.3655301,0.12162134,
1.3077877,1.427639,0.17005101,
1.5157892,1.4706845,0.21813615,
1.3677775,1.1902204,0.17746505,
1.4228175,1.4033544,0.18455926,
1.663563,1.541976,0.19788462,
1.6851206,1.6224793,0.16477756,
1.2751838,1.1563728,0.1343917,
1.925564,1.6351447,0.24530502,
1.68247,1.7252326,0.15329713,
1.5455537,1.5009916,0.17200626,
1.556703,1.4434763,0.46649885,
1.1221682,1.161521,0.23674293,
1.5857139,1.2390556,0.16337132,
1.8494208,1.738908,0.2538093,
1.8216877,1.4444058,0.21790597,
1.8286307,2.078659,0.17182653,
1.4788463,1.3694589,0.11315289,
1.1058989,1.3320725,0.2557152,
1.9291201,1.9494729,0.26957798,
1.6749985,1.7654335,0.07916213,
1.346409,1.2961712,0.16119866,
1.4199085,1.3232946,0.11470266,
1.3038862,1.2322863,0.080563016,
1.1668099,1.1909785,0.20144582,
1.7568614,1.5091347,0.31280038,
1.5612481,1.4298078,0.0880888,
1.6361744,1.7383034,0.16230856,
1.6282749,1.8008045,0.09476403,
1.2570994,1.2180127,0.15130101,
1.277066,1.4527978,0.209302,
1.3128095,1.3337083,0.13211599,
1.1511364,1.1026844,0.19760974,
1.3366755,1.4352458,0.20064445,
1.4705247,1.4846957,0.10294218,
1.9302647,1.4720733,0.34887236,
1.5142932,1.3714807,0.17283075,
1.1275958,1.2722074,0.25739324,
1.885448,1.7573874,0.3221743,
1.1437155,1.1441674,0.25654358,
1.3804544,1.493024,0.09220905,
2.1802142,1.4838041,0.32456943,
1.1560252,1.0567576,0.12575336,
1.0529957,1.1531322,0.2005701,
1.4512587,1.6402607,0.08321791,
1.4174428,1.202264,0.3396577,
1.4824694,1.2614836,0.1563515,
1.2517409,1.3233882,0.15241241,
1.1594803,0.8481767,0.20995755,
1.5010467,1.5665753,0.19240516,
1.4376179,1.4844918,0.1635517,
1.7026986,1.6781168,0.34586316,
1.2857672,1.152932,0.24696372,
1.3903322,1.535284,0.16826186,
1.1729054,1.1524222,0.12823248,
1.585685,1.779787,0.112720065,
1.1250689,1.2207133,0.2637254,
1.3565997,1.4444491,0.15348752,
1.2924489,1.3301868,0.25346816,
1.4187716,1.3088613,0.09308252,
1.6906128,1.7132249,0.09250508,
1.5574609,1.6749468,0.08706944,
1.8771651,1.8709538,0.25144115,
1.9257951,2.073837,0.1676831,
1.1148998,1.3160597,0.40466028,
1.5125589,1.5094827,0.067593284,
1.4860843,1.385735,0.22766837,
1.7794662,1.7626199,0.09434125,
1.9087398,2.0569308,0.25562105,
1.299491,1.2168714,0.09981588,
1.414512,1.3958683,0.08109479,
1.1734319,1.4917628,0.3144199,
1.2825663,1.2013865,0.11967216,
1.236202,1.3920902,0.1369495,
1.6187285,1.3446772,0.14874348,
1.3231019,1.4877859,0.30914494,
1.9408281,1.57829,0.43046495,
1.412768,1.3072844,0.10920593,
1.0186902,1.2183228,0.33141258,
2.0594072,2.0085094,0.43198785,
1.4074775,1.4312774,0.114772856,
2.0234683,1.755178,0.33853787,
1.220232,1.1929581,0.26851147,
1.2799115,1.4204955,0.1806075,
1.8650205,1.5458207,0.26036772,
1.2067903,1.1434754,0.14033826,
1.7750374,1.5790626,0.37931702,
1.4429696,1.4471135,0.11336666,
1.9097416,2.1208527,0.18382637,
1.5253161,1.289894,0.21743616,
1.828403,1.8530076,0.11406318,
1.5444779,1.5896544,0.094425954,
1.1646144,1.2600284,0.16616023,
1.3129816,1.5008185,0.19358492,
1.3947783,1.5387498,0.13023983,
1.4617254,1.4074376,0.099937804,
1.5754986,1.6295785,0.08725452,
1.9216354,1.6776441,0.37887412,
1.6544507,1.540946,0.13922092,
1.7045879,1.5260676,0.35993418,
1.5807242,1.5578852,0.17446989,
1.4927659,1.3716589,0.11905253,
1.7885464,1.7869384,0.2515092,
1.8835943,1.9403384,0.2009402,
2.1788058,1.6022584,0.3904524,
1.6945754,1.8879802,0.12123718,
1.3097484,1.4416773,0.1737956,
1.9542575,2.2351778,0.19805974,
1.3853754,1.5156674,0.10701598,
1.3646083,1.1545784,0.1955396,
1.2591734,1.2096398,0.15998021,
1.4367833,1.3820493,0.13399333,
1.5208279,1.6357784,0.07468486,
1.3417299,1.2429488,0.09515406,
1.066382,1.24132,0.32322118,
1.2895559,1.2513472,0.14028661,
1.9032865,2.1562412,0.15382205,
1.7692508,1.8395565,0.09978582,
1.4031292,1.3034513,0.09047925,
1.4560919,1.4624451,0.11589295,
1.132567,1.3132385,0.22240041,
1.2089858,1.161834,0.08603876,
1.64688,1.7681196,0.08207691,
1.4078653,1.4774942,0.09205179,
1.5252681,1.5766575,0.121685684,
1.1330727,1.5439866,0.24088569,
1.9482045,1.9289198,0.20674022,
1.6728857,1.7602267,0.08157277,
1.6330023,1.6521087,0.20559448,
1.752923,1.5706828,0.35994604,
1.2034003,1.1880533,0.3361157,
1.3344858,1.2985578,0.11322559,
1.374898,1.3571861,0.26601857,
1.5645322,1.4797871,0.12337921,
1.4757175,1.3981501,0.37752098,
2.0209563,2.0933142,0.3517305,
1.436482,1.5302637,0.10567034,
0.99462223,1.2210141,0.29286218,
1.1914128,1.2500981,0.28588784,
1.4942143,1.6384784,0.17136705,
1.3622819,1.3767006,0.11722384,
1.6646545,1.4953377,0.17183697,
1.7225811,1.5887395,0.12154961,
1.7799815,1.727479,0.26786894,
1.9425766,1.4924686,0.19849598,
1.0795598,1.1448596,0.42269114,
2.061647,2.3520856,0.35400566,
1.4136301,1.4569875,0.17099734,
1.6407785,1.5574996,0.2730954,
1.0154324,1.161853,0.22917333,
1.0891312,0.8830685,0.31416175,
1.7296556,1.7464457,0.14295773,
1.4636469,1.4105062,0.17395799,
1.7221018,1.50159,0.19314957,
2.0532322,1.7171624,0.36502907,
0.92408395,1.3163517,0.309323,
1.8608785,1.9326029,0.13541424,
1.7753651,1.9600956,0.19969846,
1.5058888,1.391129,0.20914581,
1.2164397,1.17888,0.23694018,
1.166846,1.2453403,0.2993116,
2.1157548,1.7017869,0.40179643,
1.6922,1.7663016,0.18162094,
1.5123161,1.5052407,0.10907157,
1.2841437,1.1344609,0.13726875,
1.2632403,1.4356558,0.073259376,
1.9877791,1.6565483,0.46935773,
1.3391159,1.4029872,0.12501025,
1.6434386,1.6317337,0.08524013,
1.4467657,1.5385427,0.056758355,
1.7575198,2.0424798,0.17002098,
1.1420144,1.1181064,0.32365125,
1.3006195,1.3753057,0.20106885,
1.4585575,1.3787434,0.1871477,
1.3302512,1.1041111,0.21824042,
2.060605,2.0985503,0.22140391,
1.3380184,1.5489099,0.16524728,
1.4599524,1.4300903,0.09632967,
1.4140978,1.4706973,0.10330214,
1.3548799,1.3157117,0.09204257,
1.4588544,1.4994693,0.12968822,
1.1366014,1.2981061,0.19513689,
1.0769856,1.3290706,0.265402,
1.8452399,2.0413172,0.17243919,
1.7944202,1.3855987,0.20359363,
1.9838548,1.4872191,0.33068302,
1.8586955,2.129439,0.17445953,
1.847208,1.8398108,0.20337197,
1.4433454,1.6939688,0.18788953,
1.8319292,1.9724834,0.12193621,
2.0728924,1.540093,0.30032656,
1.3013301,1.3426595,0.14558762,
2.0111308,1.984529,0.2991603,
1.3036948,1.305003,0.20274998,
1.8680162,2.2429109,0.1758744,
1.6973717,1.5825031,0.094185695,
1.5243595,1.4788504,0.17151487,
1.7320883,1.7813833,0.17326789,
1.8645487,2.177525,0.15449241,
1.1397256,1.0708054,0.20191972,
1.5068438,1.4673384,0.06393687,
1.3422518,1.3067993,0.16172373,
1.5730104,1.4590538,0.110823706,
1.6828098,1.5683775,0.2150714,
1.9505067,1.5969939,0.16497795,
1.8995457,1.7015492,0.15065826,
1.5339665,1.5061586,0.11425222,
1.2678463,1.162431,0.20677525,
1.458979,1.583729,0.25047433,
1.42112,1.284437,0.15721267,
1.2322978,1.2325958,0.15668802,
1.9765508,1.7745717,0.26442933,
1.1784227,1.3241956,0.15311854,
1.3989276,1.386363,0.06902817,
1.4403105,1.2080188,0.32823253,
1.6837506,1.5983273,0.11037061,
1.6345228,1.4536791,0.15747906,
1.1677705,1.2954172,0.20646536,
2.1161308,1.7276659,0.3596843,
1.9505081,1.9141803,0.24030456,
1.2635872,1.1653049,0.18121485,
1.1395949,1.2625439,0.19136865,
1.5110455,1.4877343,0.19287556,
1.5880393,1.4592572,0.15226083,
1.4003472,1.3897622,0.078906,
1.6591643,1.5174482,0.28656608,
1.3884906,1.2649059,0.1558912,
1.697716,1.9009509,0.21257511,
1.397738,1.3396411,0.09875823,
1.3323846,1.4953985,0.13626975,
1.0289763,1.3745008,0.24558444,
1.5210109,1.4792657,0.089603744,
1.6983701,1.6076095,0.16467653,
1.3908794,1.2998023,0.2698198,
1.5765989,1.6049831,0.064434856,
1.8939738,1.6544275,0.28607008,
1.2621751,1.2782874,0.20081666,
1.049061,1.1849294,0.26404318,
1.3738889,1.356817,0.0785162,
1.5968465,1.7064257,0.0922663,
1.7574053,1.997514,0.09832766,
1.386459,1.3755978,0.08185195,
1.118984,1.0679846,0.2281819,
1.3997545,1.3187716,0.17727438,
1.4075325,1.350255,0.21981971,
1.2839227,1.1946292,0.1689338,
1.5104704,1.4916377,0.14818527,
1.9360163,2.2213936,0.15164723,
1.2177656,1.1389556,0.16732366,
1.6637087,1.7026136,0.13708454,
1.2102947,1.2064171,0.32989502,
1.6417476,1.7341189,0.20999873,
1.9879792,1.9782975,0.31897348,
1.3727802,1.3754351,0.052367527,
1.419782,1.304279,0.064961374,
1.3673687,1.4490118,0.13935223,
1.6065912,1.6567636,0.106383584,
1.631132,1.7213094,0.11075235,
1.4014252,1.3983622,0.15310587,
1.0575861,1.2274122,0.28398645,
1.437075,1.3190675,0.17647937,
1.9796546,2.2651703,0.23087314,
1.9428873,1.9747386,0.16566026,
1.5282136,1.4823198,0.1753259,
1.1687212,1.2295725,0.25796607,
1.4417251,1.3263593,0.16976868,
1.8456602,1.8124062,0.12619969,
1.1220564,1.2515956,0.2354327,
1.0998911,1.3150513,0.15646948,
1.727298,1.8039211,0.20309043,
1.7591127,1.4524682,0.35634193,
1.4518406,1.4675086,0.07340899,
1.3903029,1.3048983,0.13051751,
1.1062313,1.2427944,0.19248703,
1.3429704,1.2437,0.15099773,
1.7465675,1.5885124,0.21343671,
1.6456223,1.25632,0.3898366,
1.1470015,1.2634032,0.23706727,
1.5749351,1.6687973,0.09927016,
1.2914811,1.1987495,0.1441925,
1.335083,1.2379084,0.19151276,
1.9782667,1.8342698,0.34280968,
1.7647306,1.751003,0.34004447,
1.3637793,1.3790805,0.14097272,
1.0378032,1.2026896,0.37745166,
1.824782,2.0165565,0.10157591,
1.7631406,1.8487155,0.11670362,
2.025705,2.1348188,0.2588108,
1.3252337,1.2194757,0.20982996,
1.1579669,1.3118784,0.32093924,
1.3798668,1.373249,0.120483905,
1.297515,1.2866175,0.37503126,
0.9606498,1.143371,0.4345379,
1.3971003,1.3452342,0.08767248,
1.6229697,1.3816996,0.12743713,
2.062507,2.2602022,0.35894102,
1.501475,1.5725129,0.07321016,
1.863322,1.8278747,0.25875744,
0.93972564,1.0512342,0.30396178,
1.7348989,1.5672598,0.27129886,
1.7647586,1.8255334,0.19241816,
1.4222487,1.3112227,0.10091068,
1.4709061,1.50891,0.14953318,
2.0238252,1.9732025,0.40336925,
1.8970704,1.7552016,0.2701704,
1.3142751,1.2518502,0.10611228,
1.3888203,1.3389233,0.12406056,
1.4996322,1.335366,0.13890101,
1.5780228,1.6583087,0.08516647,
2.0513754,2.1437688,0.32678422,
1.4572588,1.304379,0.112273596,
1.4669963,1.5454586,0.10728362,
1.8628576,2.0599017,0.34063247,
1.2004356,1.3387737,0.26344797,
1.065476,1.2237821,0.39743596,
1.5986583,1.649909,0.09249112,
1.2454628,1.3557886,0.24430604,
1.3318148,1.2664833,0.12351782,
1.0479579,0.96928,0.4347931,
1.2472358,1.0247551,0.11478613,
1.3188951,1.3550129,0.22658403,
1.3072516,1.3007143,0.07119825,
1.5518409,1.4720376,0.253516,
1.438543,1.2570403,0.23943162,
1.2205342,1.2443492,0.13389094,
1.3521689,1.352545,0.13149491,
1.5375961,1.6788118,0.07193154,
1.9549663,1.4494255,0.32733402,
1.3204792,1.333366,0.16917428,
1.4269556,1.2783804,0.26519668,
1.7564647,1.8154523,0.21271606,
1.6088322,1.596168,0.0935311,
1.4504364,1.5958725,0.13505086,
2.2104235,1.4161229,0.37541276,
2.0422435,2.0711439,0.2993087,
1.0662692,1.1396322,0.3911875,
1.4901835,1.4533124,0.0990641,
1.5206598,1.3950903,0.15528518,
1.9097426,1.9225776,0.2687499,
1.7628479,2.0463707,0.1374178,
1.0790064,1.0399146,0.3459876,
1.8283936,2.1177368,0.11702769,
1.3002653,1.3528476,0.1827775,
1.6646518,1.6689978,0.15622132,
1.4347813,1.4849911,0.12311297,
1.2006178,1.232861,0.18198131,
0.87703335,1.302436,0.27250054,
1.7621837,1.9595335,0.15588315,
1.669542,1.4623148,0.15321904,
1.3375665,1.6925563,0.22391601,
1.0938039,1.1948533,0.36753425,
2.1309452,1.5406578,0.35727894,
1.9032776,2.0315604,0.22529101,
1.7216278,1.799649,0.11830522,
1.1790794,0.9886329,0.27106705,
1.0752168,1.0072331,0.56048554,
1.4650121,1.5124931,0.12202075,
2.0081675,1.9391601,0.25240716,
1.4004058,1.3532436,0.059450958,
1.6454716,1.6282263,0.12461834,
1.1027333,1.3558924,0.41299587,
1.1581938,1.4061997,0.23264544,
1.5412139,1.6443208,0.092474364,
1.1109024,1.0786952,0.22096851,
1.4611963,1.6569822,0.09694178,
1.0536369,1.2506533,0.3824352,
1.4675115,1.5605688,0.061540958,
1.0189594,1.7459693,0.28564304,
1.090244,1.508389,0.32692283,
1.5623858,1.6348982,0.10363808,
1.2885547,1.232339,0.15223323,
1.5210851,1.4696062,0.17035444,
1.5633261,1.4156165,0.20973909,
1.5194682,1.558058,0.05247912,
1.3700335,1.3869243,0.07950096,
1.940906,2.2742395,0.18396035,
1.7290372,1.8878214,0.11996385,
1.1407547,0.95655996,0.28531075,
1.4205863,1.344697,0.15889767,
1.6661892,1.7561364,0.12660353,
1.3915606,1.4197507,0.06970881,
1.9216101,1.5395952,0.19505541,
1.4743372,1.3965932,0.11601122,
1.0869393,1.0444199,0.42967966,
1.3948151,1.2967108,0.14737688,
1.2585385,0.9912876,0.2472709,
1.9466577,2.273567,0.1827438,
1.54494,1.573602,0.09542954,
1.5209876,1.261851,0.11803354,
1.0427691,1.2436948,0.30625543,
1.1345768,1.2034528,0.16710329,
0.9485963,1.4265947,0.2728736,
1.8198953,1.7351766,0.32979813,
1.2309418,1.1708447,0.13423862,
1.2902321,1.1856276,0.20725068,
1.7909776,1.9189887,0.1256317,
1.7038484,1.9564345,0.107346304,
1.230776,1.1714144,0.15903074,
1.3066291,1.1553793,0.12458359,
1.0570194,1.1997483,0.25780573,
1.1799883,1.0652626,0.1662208,
1.5052915,1.5318264,0.14272264,
1.8288178,1.8698645,0.19085409,
1.6087345,1.4681611,0.18552123,
1.2204243,1.4016072,0.23705307,
1.5094049,1.297584,0.13136174,
1.9556882,1.4002573,0.14910226,
2.0375874,1.4705516,0.2258975,
1.4546542,1.4706765,0.07819514,
1.7708819,1.6607978,0.18664052,
1.4222809,1.3697147,0.1527767,
1.6164284,1.5654141,0.12817046,
1.15228,1.1042517,0.37154418,
1.2387464,1.2978685,0.1634826,
1.1600076,1.2827291,0.14790991,
1.3870345,1.4793597,0.16881856,
1.4443727,1.5456892,0.07341572,
1.6821644,1.686369,0.06741026,
1.4035835,1.3173455,0.13364083,
1.6033888,1.5147617,0.17355058,
1.5443962,1.6145773,0.07984225,
1.7122264,2.0179715,0.1375609,
1.2632105,1.1470547,0.26979735,
1.299428,1.3710523,0.13806827,
1.0454448,1.2936163,0.4159094,
1.4349084,1.2622133,0.15701608,
1.6101776,1.479604,0.09534958,
1.1492255,1.3106165,0.22770016,
1.6736376,1.5395579,0.18300156,
1.3348174,1.2161958,0.14306515,
1.271579,1.6897197,0.095578715,
1.2131438,1.0835184,0.12091686,
1.4910499,1.4636002,0.11123206,
1.8375058,2.0035152,0.23751849,
1.0441787,1.1383911,0.27837172,
1.4178522,1.3610266,0.17576376,
1.7287734,1.4441613,0.28309265,
1.7789932,1.5478172,0.18610623,
2.1558533,1.4750957,0.4703574,
0.95253307,1.1976186,0.3714426,
1.0605408,1.1120417,0.3852232,
1.9567003,1.5091794,0.34042367,
1.4324367,1.3402462,0.116714336,
1.358761,1.0798581,0.278813,
1.1028795,1.1179979,0.29927912,
2.0376093,1.5313131,0.41082546,
1.2548685,1.3578526,0.17023742,
1.7264537,1.9546313,0.13337433,
1.3663933,1.3680677,0.16810116,
1.4758927,1.4993248,0.10156294,
1.0920291,1.064295,0.22563091,
1.9421904,1.6192002,0.32743597,
0.9642743,1.5505874,0.3378293,
1.2344353,1.1883607,0.121588506,
1.5894716,1.645654,0.1256426,
1.5908456,1.4221306,0.2211243,
1.5176523,1.3506724,0.19235174,
1.1164161,1.187268,0.2071389,
1.4474806,1.4341854,0.12628832,
1.2332287,1.1024704,0.22196037,
0.84321636,1.3004382,0.36847225,
1.2742093,1.2682686,0.2322108,
1.0472898,1.103776,0.29117557,
1.1694176,1.2894297,0.14016128,
1.2452613,1.1971171,0.2903375,
1.4701539,1.548271,0.17687777,
1.5541189,1.5765653,0.07222937,
1.3940086,1.3010759,0.18930489,
1.5911783,1.3986626,0.20206904,
1.4877955,1.3697977,0.14034729,
1.3994995,1.4657251,0.090057485,
1.2010489,1.1900558,0.22009853,
1.5877776,1.7183266,0.34504423,
1.5215449,1.6229908,0.14996168,
1.0027208,1.3590418,0.18622941,
1.2513989,1.2131075,0.1287154,
1.5588715,1.6650523,0.11656217,
1.2170033,1.0209761,0.28833893,
1.3462516,1.2661594,0.12200982,
0.9201065,1.4499252,0.5160847,
1.0505949,1.2794373,0.31776533,
1.9321175,1.809313,0.3097156,
1.9386699,1.7729394,0.39611554,
1.8582914,1.5035357,0.34719202,
1.4673461,1.4768718,0.23872094,
1.3823872,1.5430512,0.13134165,
1.1379522,0.8862131,0.2451793,
0.96157545,1.2274371,0.25382033,
1.1710534,1.1601117,0.23096375,
1.6535653,1.4483113,0.18015087,
0.9553524,1.0601864,0.3620929,
1.5037558,1.5279479,0.083021596,
1.4038036,1.3140465,0.07090815,
