M_chirp_true,M_ratio_true,M_chirp_pred,M_ratio_pred,sigma_M_chirp_pred,sigma_M_ratio_pred
1.5356314,0.76848924,1.462744,0.8399536,0.71307105,0.13187991
1.78968,0.70051014,1.2322731,0.8059159,0.4065537,0.13566637
1.4488125,0.9274052,1.4615629,0.7784673,0.40435922,0.1534585
1.6060301,0.8069926,1.5629449,0.80549246,0.4657547,0.13543428
1.4813675,0.52589965,1.2077036,0.8261817,0.33837688,0.122649334
1.6845636,0.8341072,1.2203314,0.80082387,0.40121198,0.13873112
1.1561015,0.62905765,1.3776968,0.7613002,0.35138658,0.16173531
1.0573584,0.8237059,1.1637757,0.8212213,0.2679554,0.12119691
1.5904406,0.8690732,1.3928363,0.80609596,0.43941593,0.1563054
1.3837866,0.79998857,1.3184645,0.7648095,0.31246844,0.14627957
1.4716018,0.5589005,1.3745191,0.7272166,0.2294978,0.16338852
1.5048298,0.550404,1.6779358,0.81175,0.3824678,0.11731318
1.6718031,0.79340327,1.126236,0.8188057,0.24740815,0.12387092
0.9793701,0.81329876,1.3507485,0.7321232,0.2282871,0.15364899
2.0813115,0.97538644,1.3435173,0.75115216,0.33373266,0.15543458
1.7636565,0.85485035,1.2942665,0.77237785,0.24264689,0.13826728
1.5690166,0.6518476,1.3654838,0.77547157,0.31491128,0.14279594
1.4395208,0.9165645,1.489454,0.78371704,0.36449605,0.15127717
1.8092073,0.8745885,1.4558892,0.7701695,0.30316776,0.14866483
1.8391817,0.95967454,1.696569,0.80256945,0.32147378,0.12336897
1.768935,0.83217746,1.3969786,0.71977717,0.20601696,0.16752943
1.3065679,0.6327597,1.051523,0.830965,0.11665387,0.10737696
1.3170217,0.6168958,1.3340452,0.7058078,0.13798474,0.16045834
1.0887761,0.74144435,1.2085278,0.7263427,0.11510243,0.15252492
1.6305274,0.79925334,1.5019829,0.7555326,0.31118268,0.15301381
1.3278928,0.8261263,1.2410083,0.7596169,0.2001533,0.14409786
1.2589428,0.8467739,1.425694,0.7233242,0.23757009,0.1653274
1.4262546,0.69603807,1.6494832,0.8202999,0.44368553,0.13240391
1.6431509,0.7972135,1.3699353,0.74592036,0.29925057,0.15936892
1.7145357,0.85277545,1.3723874,0.7892137,0.5386172,0.15219292
1.8593956,0.9208572,1.3684127,0.7852381,0.38122553,0.14596444
1.4477015,0.9399215,1.6844025,0.89000493,0.70905966,0.09564554
1.150534,0.7055025,1.415808,0.75607854,0.3578121,0.16645588
1.1690035,0.58949023,1.1964192,0.78960913,0.27269918,0.13675123
1.4173448,0.83150315,1.2808499,0.7754341,0.33712715,0.1496689
1.6224633,0.7104732,1.4710479,0.7307983,0.2652397,0.16271457
1.2770915,0.9751884,1.3508687,0.7669866,0.41981632,0.1603884
1.7159462,0.7453933,1.4783537,0.79225874,0.3827409,0.14631358
1.860411,0.98494595,1.2162082,0.7585233,0.2164004,0.14427918
1.5499127,0.81149673,1.34863,0.83412683,0.37582985,0.13646503
1.1506516,0.60483724,1.3061571,0.7250073,0.18444444,0.15545098
1.0398374,0.7742641,1.4211876,0.8257221,0.5202128,0.13684817
1.3605884,0.5282779,1.4204986,0.79770666,0.42935196,0.1455078
1.2515875,0.84805804,1.1767019,0.8011236,0.35875753,0.1294332
2.1151145,0.984523,1.0712368,0.83384544,0.24427047,0.11888367
1.5283691,0.62452286,1.1111879,0.77984905,0.11255412,0.12761894
1.8922524,0.89561176,1.184849,0.7653396,0.16616811,0.13901176
1.6816667,0.86322546,1.385824,0.84695596,0.63018125,0.13253926
1.3981274,0.77709115,1.2503083,0.76841676,0.18678632,0.13905984
1.7043209,0.62771374,1.4156508,0.77226114,0.34652218,0.15646888
1.9041055,0.79047626,1.6274369,0.83371526,0.7648276,0.121397346
1.8257192,0.844047,1.4903007,0.78440666,0.42634,0.15570748
1.6587429,0.8271295,1.0370684,0.8154489,0.1915971,0.12111439
1.5593069,0.9581005,1.3987584,0.80991894,0.43343255,0.14847831
1.6370369,0.9176531,1.7284381,0.8324186,0.3452501,0.114298575
1.432535,0.5398979,1.2656777,0.7768847,0.28355473,0.14376843
1.7595415,0.8658794,2.0965848,0.9584164,0.19810249,0.058758307
1.2630153,0.8055786,1.2421641,0.85991937,0.40662986,0.1168969
1.3439611,0.41912958,1.5111928,0.8446093,0.6433319,0.111339405
1.3381066,0.9224593,1.4116747,0.7310854,0.26481974,0.16161516
1.5371381,0.8760634,1.4658303,0.7082403,0.124031864,0.1604279
1.2026588,0.8150083,1.3274479,0.7050414,0.16161056,0.16269796
1.8018014,0.84111685,1.3766348,0.77996635,0.33229116,0.14110033
1.7036769,0.93116003,1.4174931,0.77245116,0.39233255,0.16623811
1.4261996,0.9656015,1.0099946,0.8333369,0.14804761,0.110343486
1.652726,0.635633,1.9244616,0.87017876,0.106607735,0.07705277
1.4965014,0.80482745,1.0811638,0.7887012,0.10774112,0.121453784
1.1589212,0.8202524,1.2390676,0.80520934,0.32513732,0.12975807
1.1019261,0.71912205,1.3037088,0.6828852,0.06295558,0.1718293
1.5481416,0.5896425,1.542078,0.7613429,0.23715755,0.1483462
1.2328799,0.8024925,1.2698913,0.77893305,0.3280468,0.1432959
1.8623345,0.95751446,1.3013055,0.77357167,0.2881056,0.13809623
1.7312587,0.9159035,1.619165,0.8532893,0.43890807,0.11611463
1.7049726,0.7851857,1.1241473,0.76754594,0.13680196,0.13414544
0.92585653,0.8857882,1.1228983,0.7830057,0.12945259,0.12724386
1.6330969,0.6286243,1.2886744,0.7709817,0.30227697,0.14803308
1.3257556,0.6017525,1.1583352,0.80830806,0.24996008,0.13281852
1.0964485,0.8518796,1.1758463,0.7588613,0.074450135,0.13236436
1.6944453,0.772983,1.66869,0.8400583,0.5622892,0.11870285
1.19773,0.88729304,1.6009841,0.8436265,0.60304415,0.119024634
1.8201303,0.81366825,1.1559999,0.80142415,0.18612601,0.12877522
1.1612313,0.9071808,1.1434333,0.77849805,0.13814625,0.1311052
1.8868209,0.9117093,1.0904311,0.7949833,0.18235661,0.12827063
1.459643,0.5503535,1.266181,0.7788839,0.24976821,0.14400458
1.4255376,0.8439296,1.2583783,0.74426633,0.17616676,0.15033036
1.3307426,0.5197106,1.2603805,0.7611771,0.2668603,0.14246598
1.6796134,0.9951781,1.3998368,0.8318827,0.4369151,0.12668608
1.2695249,0.67939454,1.3424788,0.80587715,0.40560105,0.14069778
1.2272859,0.5530545,1.299834,0.73756444,0.20428814,0.15602468
1.5634083,0.7299392,1.4376783,0.70207095,0.12863992,0.16145468
1.3126402,0.9442877,1.2498951,0.80413866,0.40859267,0.1476116
1.4945754,0.6087583,1.2651947,0.73210263,0.16664489,0.15197808
1.9830242,0.963181,1.3515391,0.7173396,0.21329825,0.16470948
1.1555903,0.88455206,1.4629266,0.69237053,0.09231826,0.16787021
1.2082926,0.5754381,1.4363272,0.7951479,0.4766996,0.14787501
1.2362127,0.6617144,1.3010724,0.80197966,0.31571594,0.1291713
1.8747599,0.9079913,1.1869769,0.80568063,0.191305,0.12916623
1.4507978,0.77179575,1.2406998,0.8150842,0.3325521,0.13009892
1.4532828,0.56063724,1.3406568,0.7324947,0.28292075,0.1589317
1.8239439,0.8871577,1.4646652,0.77791965,0.43819806,0.1648821
1.2933806,0.49882323,1.3984458,0.81609577,0.4060028,0.14019734
1.6464338,0.62891805,1.286515,0.7368101,0.29702643,0.16094331
2.1006577,0.9419739,1.2605023,0.7335154,0.15772241,0.14954965
1.3063294,0.84470767,1.3039641,0.7161592,0.17032813,0.16118322
1.0548861,0.8900732,1.3177364,0.7394783,0.2498101,0.15905981
1.726563,0.84534216,1.524504,0.80903035,0.45070136,0.13536802
1.4669827,0.79455423,1.3860471,0.8256181,0.5152367,0.1374912
1.0844977,0.945965,1.4837334,0.7412926,0.15147144,0.14288108
1.5651219,0.6914805,1.575233,0.7730313,0.2580179,0.13654786
1.5904754,0.58144456,1.3449373,0.73298967,0.21921119,0.1657438
1.4101146,0.80451363,1.140175,0.8104968,0.1863462,0.122495055
1.2962415,0.93354076,1.1369151,0.8290152,0.3845276,0.12531282
1.3527101,0.83721256,1.4096882,0.76058877,0.3254654,0.15251155
1.1786335,0.7985996,1.2785141,0.7508572,0.23783752,0.15024088
1.2158837,0.8998688,1.5119388,0.7411001,0.31321287,0.15377104
1.564482,0.5952571,1.2178977,0.76092625,0.2155888,0.14685833
1.3515538,0.6444253,1.6095204,0.80283314,0.3678568,0.13983381
1.3218653,0.53166056,1.1192257,0.8097101,0.21829285,0.12399117
2.0156286,0.89043117,1.3037686,0.7426826,0.20337586,0.15275219
1.3378943,0.67520195,1.2500095,0.7790911,0.2503442,0.14131056
1.2957793,0.44991815,1.3612561,0.7707407,0.4939156,0.1682094
1.8706111,0.8463422,1.5482252,0.76394624,0.40497193,0.1539953
1.0869597,0.8875172,1.2792442,0.76790804,0.306485,0.14908443
0.94641006,0.97695434,1.3318834,0.7035558,0.19275033,0.16800848
1.7316306,0.8839955,1.3645749,0.7466468,0.30031335,0.1586991
1.1671228,0.82596815,1.2313089,0.80460614,0.31634822,0.13289306
1.3376968,0.92497426,1.5881591,0.8160974,0.457045,0.13515432
1.372664,0.577541,1.1666546,0.7544998,0.116152644,0.13837224
1.9406712,0.8332447,1.6693048,0.862874,0.68019265,0.11721774
1.7138803,0.9199249,1.3942063,0.74805784,0.2780064,0.15518746
1.3969206,0.6639261,1.4812553,0.7162578,0.1277548,0.15839598
1.6404053,0.94331884,1.4186821,0.76347625,0.34241557,0.16378991
1.6384386,0.6740616,1.143827,0.8438644,0.38756752,0.11716763
1.2607661,0.905951,1.3101673,0.71460795,0.12785047,0.15423128
1.3005186,0.99577785,1.5445762,0.861689,0.29736856,0.09744933
2.0439236,0.9206622,1.3654125,0.7217046,0.24327675,0.16415116
1.3694551,0.45939404,1.723613,0.90593886,0.5979343,0.08988767
1.2499388,0.83934253,1.4609499,0.78021413,0.3744225,0.1556883
1.4324311,0.88067335,1.116735,0.80481166,0.16581272,0.12404941
1.6637945,0.94897705,1.3899705,0.731747,0.2984546,0.16670828
1.6649371,0.89981085,1.3412569,0.7633424,0.3015284,0.15663631
1.4874023,0.8743061,1.2405865,0.78436995,0.38543352,0.15366246
1.0995967,0.8495977,1.4475341,0.7939357,0.42837086,0.14478439
1.8254876,0.7360213,1.3500073,0.77425355,0.34843007,0.14827612
1.3321596,0.6913657,1.5582612,0.7642629,0.25698063,0.14226174
1.685258,0.847516,1.495398,0.75790536,0.2993274,0.1502431
1.5934141,0.5471727,1.1653899,0.7991779,0.22557996,0.12999599
1.5630233,0.562042,1.2905946,0.7147916,0.13216695,0.15960604
1.331739,0.4658701,1.4724245,0.84915376,0.62981534,0.12297417
1.4217337,0.8876519,1.3378453,0.8247589,0.44138277,0.13187303
1.432896,0.6834696,1.179756,0.7629842,0.12231836,0.13302803
1.3386291,0.96929514,1.3039117,0.7523824,0.3264708,0.15303743
1.8114196,0.9748965,1.1543723,0.8061823,0.27983615,0.12948222
1.386361,0.69596374,1.3792248,0.7384176,0.21418412,0.15900257
1.5012417,0.730602,1.1459877,0.8213907,0.28958234,0.12411349
1.0654576,0.74845976,1.644927,0.7857287,0.1846832,0.12923096
1.8637862,0.80976075,1.4235535,0.79621905,0.3753099,0.14250597
1.5605359,0.7763942,1.5664043,0.82627046,0.53473574,0.13250302
1.5206146,0.5577161,1.2493744,0.880572,0.75603837,0.11536395
2.0695188,0.9067391,1.110122,0.75919855,0.056262042,0.12770386
1.5524268,0.6377389,1.2657769,0.8147194,0.45601293,0.13425776
1.5833244,0.7041306,1.3959751,0.7611467,0.3419868,0.15356527
1.1651405,0.69730246,1.6161909,0.7917955,0.26337662,0.12602083
1.1331313,0.6124979,1.157594,0.7588241,0.1711016,0.13985562
1.514216,0.9166056,1.2875443,0.7369623,0.24410617,0.1595049
1.6059315,0.72399384,1.5441747,0.8052633,0.40912682,0.14027083
1.1983798,0.7278031,1.0747,0.8402831,0.25627598,0.11879465
1.4341303,0.8587764,1.215673,0.7738114,0.20181374,0.13969868
1.6375922,0.83420306,1.3333654,0.7460221,0.2311365,0.15412883
1.1896943,0.6643093,1.3051229,0.6840503,0.081758335,0.17247973
1.5583354,0.78577554,1.5304632,0.82278055,0.50734586,0.14015865
1.257022,0.55692774,1.6939034,0.8265493,0.4637958,0.1264186
1.1874524,0.740728,1.0578597,0.79914373,0.13255395,0.12266501
1.3371924,0.46095154,1.3510795,0.7470328,0.2544783,0.14677149
1.2895603,0.7018892,1.2111831,0.77456903,0.23654237,0.14135444
1.5350374,0.9774208,1.4848135,0.7818389,0.37210122,0.15730113
1.4639044,0.6977175,1.4740129,0.80252844,0.49372005,0.1411753
2.010633,0.9619738,1.5329828,0.8250865,0.5837735,0.13289526
1.2015404,0.65230465,1.3703065,0.73910105,0.19988695,0.1515588
1.7211657,0.6636445,1.3773828,0.7580692,0.3372318,0.1544862
1.3129437,0.51948214,1.4825487,0.7818804,0.35350943,0.13371806
1.1945779,0.92845124,1.7416198,0.85034883,0.5084546,0.1131222
2.0497935,0.8924871,1.1955519,0.76369834,0.19113395,0.14069828
1.6845323,0.7060963,1.5458565,0.77772504,0.32178652,0.13630389
1.540232,0.7879477,1.3361864,0.82401574,0.429849,0.13259302
1.3391439,0.74808306,1.5288355,0.7324206,0.12842906,0.14416726
1.6559924,0.952675,1.1952431,0.7717341,0.25239673,0.14271758
1.1287115,0.9520754,1.2824361,0.7781996,0.34000576,0.15113509
1.5722436,0.6523102,1.6760287,0.78439415,0.20012678,0.13227405
1.4501504,0.5360739,1.3696883,0.8111884,0.44097793,0.13866542
1.2247937,0.61249024,1.2974415,0.74265635,0.27121076,0.15269971
1.8430665,0.81410974,1.2425022,0.7714858,0.29396147,0.14606868
1.6774224,0.63732535,1.3254809,0.7259239,0.2052807,0.15365776
1.0138859,0.9015119,1.8271737,0.83857924,0.070548095,0.089792244
1.2668761,0.80891716,1.3054316,0.7391584,0.24734603,0.15792961
1.6320964,0.7252993,1.7854254,0.90373164,0.42680937,0.08283931
1.5257549,0.6520151,1.4185064,0.76723915,0.39079905,0.15026416
1.097229,0.8046992,1.2696111,0.7662192,0.23126516,0.13971674
1.372936,0.5161185,1.1330454,0.7854211,0.13707328,0.1289732
1.1487428,0.7376738,1.4205642,0.72209,0.17338514,0.17265023
1.6065588,0.6922776,1.1776302,0.79357713,0.28730866,0.13367006
1.7649794,0.80585444,1.0946176,0.81278354,0.17886856,0.12023705
1.6885203,0.61541605,1.1404169,0.7858945,0.29140005,0.13845396
1.2336988,0.9310751,1.5914083,0.7876743,0.3928484,0.14145377
1.1919267,0.6989127,1.2305372,0.81502926,0.46409565,0.14304057
1.4216262,0.600332,1.589448,0.84512264,0.7060804,0.13101263
2.0475066,0.9595576,1.2796683,0.77558917,0.27199808,0.13889289
1.2669775,0.94353735,1.2475927,0.7201649,0.072882235,0.14809176
1.1380137,0.7834477,1.4378095,0.798182,0.4355844,0.14446187
0.9533679,0.85153705,1.3520348,0.7561611,0.3602521,0.1496223
1.1449655,0.8691617,1.569094,0.77681327,0.30022213,0.14006716
1.2355754,0.63111085,1.1620005,0.75813305,0.18160354,0.14219372
1.3488797,0.5077279,1.2373335,0.7618886,0.22198644,0.14741163
1.1638473,0.7318821,1.4254329,0.8154622,0.41047662,0.125046
1.5436815,0.7659629,1.476116,0.7456213,0.25802797,0.15117234
1.5728568,0.6613705,1.339783,0.77077544,0.37040195,0.150187
1.2016762,0.5453369,1.5249302,0.79720354,0.36414486,0.12797356
1.8671719,0.88828313,1.7525494,0.853267,0.45596203,0.11667834
1.4643831,0.548778,1.4604397,0.8061503,0.40838367,0.120533854
1.3484851,0.74757713,1.2390275,0.8144226,0.51482975,0.13980141
1.2309161,0.50128573,1.0370562,0.87728417,0.28302926,0.10415229
1.4708161,0.7191077,1.2346103,0.8163142,0.4015622,0.127099
1.4551853,0.55058414,1.608386,0.84128946,0.5207275,0.12947497
1.3556348,0.45805666,1.2531617,0.8072089,0.37327442,0.13387176
1.5263723,0.7527855,1.4447033,0.7796285,0.40595075,0.15440828
1.3457848,0.9437898,1.2965817,0.77881896,0.23830317,0.14013104
1.3839622,0.7401432,1.1858814,0.7848755,0.22241984,0.13269436
1.6520447,0.8808465,1.2019262,0.7581872,0.1744199,0.14376749
1.5333067,0.9152511,1.4972849,0.81101143,0.51194996,0.13723451
1.5989226,0.72990376,1.1465688,0.8381871,0.2614141,0.12469035
1.7214395,0.8814827,1.8572013,0.89431834,0.42773154,0.094651036
2.032419,0.91989714,1.472039,0.78140163,0.4204472,0.14796999
0.9484694,0.85072,1.5153997,0.78574914,0.43555528,0.14788845
1.4666357,0.7708024,1.2286446,0.79577905,0.2949201,0.1364401
1.3211617,0.49294084,1.3502536,0.80520767,0.3756811,0.14106083
1.7918116,0.72865766,1.2427912,0.7248824,0.14741656,0.15134837
1.824584,0.8309223,1.1496577,0.7674141,0.12981448,0.13445601
1.3240361,0.756163,1.5046566,0.8808997,0.9099693,0.112150826
1.698052,0.7688999,1.2343256,0.81713116,0.31346998,0.13429952
1.2398319,0.59332764,1.3191569,0.7977886,0.3852979,0.147614
1.6763645,0.6599985,1.5143774,0.75128937,0.2877931,0.15786172
1.1701745,0.6836908,1.314249,0.79019725,0.41648814,0.14121896
1.5390743,0.5220427,1.120507,0.77872986,0.1494016,0.13064194
1.5235007,0.5194688,1.418067,0.8103426,0.481204,0.13380703
1.3745565,0.8171788,1.3357024,0.7422075,0.20503673,0.14814022
1.282149,0.74118876,1.4797764,0.7870203,0.39760783,0.1434073
2.1286397,0.97712976,1.2885745,0.81304103,0.4318975,0.14230323
1.0870197,0.7162552,1.0826366,0.83120745,0.24136373,0.11925995
1.7304214,0.7149125,1.2587664,0.7908324,0.36877838,0.14421095
1.279755,0.6507311,1.5922046,0.84359735,0.518331,0.12187417
1.706371,0.66201156,1.3761864,0.75459886,0.30533677,0.15128545
1.5933845,0.86895967,1.2371819,0.75989544,0.23079097,0.14184156
1.6712055,0.7485025,1.362159,0.7612144,0.24459921,0.14960791
1.236601,0.52144504,1.1870611,0.8139993,0.28022566,0.124882594
1.8886548,0.8956563,1.2267282,0.72945917,0.14775796,0.15145697
1.1229445,0.8063314,1.2669272,0.80769604,0.52176726,0.14352627
1.4251357,0.47130236,1.383064,0.83041364,0.3488312,0.11406846
1.3248041,0.5874535,1.1177926,0.80854577,0.21920235,0.12365654
1.223672,0.76016074,1.3325067,0.76350445,0.27131927,0.14354087
1.7172891,0.68219477,1.3352361,0.8118949,0.49162588,0.13101089
1.7503155,0.9540862,1.1536467,0.7969179,0.28246155,0.1389429
1.6815478,0.8927136,1.3652022,0.7885172,0.39485487,0.14907041
1.6553361,0.65835,1.6200941,0.8712481,0.7438361,0.1252622
1.1075448,0.7219108,1.540365,0.8349734,0.6127646,0.12726443
1.1464869,0.6461056,1.279325,0.72249556,0.14217445,0.1560588
1.6514509,0.6110935,1.7260811,0.8162113,0.30636877,0.11636742
1.4029143,0.5528494,1.0006236,0.8538957,0.13608854,0.100596026
1.7163155,0.65238863,1.222899,0.7969731,0.40406558,0.1403575
2.1281388,0.9657657,1.1067379,0.7958607,0.2406444,0.12952067
1.1062233,0.6267544,1.3700528,0.77906775,0.31407318,0.14442304
1.8873403,0.94669116,1.324831,0.7635529,0.27392083,0.1411263
1.420607,0.88854384,1.4441125,0.76739866,0.44101158,0.1525892
1.7956094,0.9901801,1.1518507,0.7861059,0.23680641,0.12998982
1.626319,0.86182195,1.7553167,0.8246476,0.33037525,0.124278165
1.306455,0.6536235,1.2540796,0.7495465,0.31205475,0.1533066
1.769765,0.87538725,1.422054,0.80128473,0.41551277,0.13529985
1.359518,0.6288933,1.4424789,0.7826027,0.39869878,0.13910829
1.0791235,0.9624362,1.3450832,0.73918366,0.24552643,0.15384504
1.7008148,0.78628355,1.2177327,0.7598566,0.1842518,0.14188138
1.4547493,0.88892907,1.0706964,0.7934853,0.17144771,0.12702936
1.8757683,0.8485569,1.4384522,0.8324785,0.58629155,0.13837895
1.5767623,0.57196516,1.3828137,0.7283848,0.270647,0.16120334
1.4745747,0.8086734,1.35672,0.6965997,0.21364309,0.16670668
1.7388232,0.8633769,1.2475088,0.75917655,0.27778125,0.15611336
1.0420871,0.7253861,1.3876011,0.7822742,0.35031322,0.1408272
1.6605363,0.7271095,1.456229,0.72086585,0.17275357,0.15802704
1.1417408,0.7213632,1.4246721,0.8506506,0.5254254,0.11666318
1.1905415,0.5513131,1.0393443,0.8197193,0.1624471,0.11350136
1.5628345,0.53025144,1.2248807,0.70868963,0.020113563,0.14376503
1.0354693,0.9456128,1.2094018,0.73992324,0.08172166,0.14034621
1.3500198,0.5317266,1.2438002,0.76185447,0.25976813,0.1431612
1.6829728,0.88278234,1.5770004,0.7620664,0.2712744,0.15548404
1.0315297,0.7915428,1.603477,0.8438669,0.5403837,0.13181435
1.7744037,0.9482166,1.3437371,0.7330973,0.19931749,0.15663432
1.3435253,0.6805536,1.3433464,0.75689566,0.2652753,0.15397894
1.4414614,0.9866968,1.2969377,0.7802906,0.32702708,0.14127378
1.3230118,0.9639818,1.1626003,0.7756715,0.22116552,0.13923603
1.27925,0.472695,1.2359002,0.7594231,0.25998005,0.14788765
2.113429,0.96278274,1.3110688,0.792623,0.38107103,0.14079407
1.7675102,0.7488953,1.1623096,0.7497113,0.12376162,0.13927993
1.8138909,0.73851466,1.2948103,0.7642576,0.29417554,0.15099503
1.7646555,0.80887043,1.55229,0.8129681,0.4069334,0.13558544
1.6195011,0.69383186,1.4906428,0.76389736,0.27842423,0.14277293
1.6169822,0.8208642,1.3319736,0.7793541,0.32851532,0.1480061
1.1537426,0.9027189,1.1978238,0.7477826,0.15486874,0.14166667
1.2542148,0.5569164,1.4912529,0.79261345,0.3687001,0.1345154
1.5662112,0.539498,1.4123387,0.7942997,0.37356117,0.14650336
1.3937641,0.9431408,1.4123659,0.74489874,0.25857604,0.15337242
1.1340015,0.806199,1.3581519,0.7285724,0.19649078,0.16584459
1.1331956,0.92793435,1.660615,0.8794403,0.7545184,0.11305016
1.9710121,0.9753845,1.3010805,0.7188536,0.17918338,0.15973996
1.9865339,0.8489719,1.3714244,0.807978,0.55131435,0.13984285
1.4475061,0.7135163,1.4435391,0.82754844,0.5553369,0.14022242
1.3014725,0.45094398,1.182831,0.7756721,0.21715659,0.13790056
1.5541419,0.67611533,1.3320172,0.78974533,0.3431861,0.1421441
1.4227475,0.5131807,1.4793966,0.76140434,0.42479986,0.15604901
1.7038194,0.7408535,1.1159303,0.8254442,0.2947171,0.11694239
1.5271527,0.5294702,1.536629,0.7257477,0.107959956,0.14979652
1.6038853,0.59649193,1.3507674,0.7253087,0.21226217,0.15774764
1.0852675,0.74057543,1.2445955,0.738266,0.17813008,0.1534486
1.1679693,0.9020727,1.3660283,0.7277992,0.16059557,0.16258518
1.6393423,0.64771056,1.2642565,0.76408076,0.24295789,0.15371852
1.2894799,0.98111427,1.1393282,0.7758971,0.118706174,0.13081326
1.5335504,0.64770293,1.6059253,0.7578672,0.17065988,0.13499646
1.0143646,0.82481873,1.2920187,0.75747037,0.36586925,0.1574159
1.7905943,0.86473906,1.3908098,0.7451461,0.24482761,0.15190761
1.2687206,0.8137968,1.5586338,0.7784322,0.35502726,0.1433428
1.633255,0.88701767,1.2663145,0.7864017,0.28683504,0.14007361
1.1771128,0.97777724,1.3138111,0.7825656,0.4028307,0.14778298
1.8430555,0.7304518,1.2574716,0.7162774,0.1048506,0.15446115
1.3217201,0.8128522,1.384557,0.6653825,0.025641514,0.16856208
1.2681128,0.90835696,1.2551291,0.7621179,0.2862557,0.15570863
1.3933946,0.6223287,1.2815256,0.71970344,0.16098642,0.15921468
1.3231128,0.6721125,1.3058965,0.77272373,0.346363,0.1486752
1.1734575,0.582428,1.314364,0.75081396,0.26969105,0.14862229
1.8783344,0.7707172,1.1272991,0.8324214,0.38415474,0.12638552
1.5097659,0.9402374,1.2688694,0.74834645,0.24699828,0.15379848
1.3622664,0.71970654,1.295939,0.7495713,0.22512345,0.14465082
1.8804004,0.7857143,1.3336704,0.75510776,0.26386946,0.15007848
1.3289218,0.5901441,1.7895918,0.8694766,0.32281655,0.10060643
1.6685721,0.753837,1.3214009,0.75488997,0.32759985,0.15538381
0.9401069,0.877699,1.6778185,0.8725833,0.41130692,0.0978876
1.3972386,0.46059394,1.3665454,0.80872524,0.40180507,0.13440078
1.4873852,0.5227767,1.3757336,0.79732114,0.3949415,0.13668095
1.7438716,0.7157493,1.3366153,0.7696541,0.27800885,0.14661136
1.5273644,0.8600551,1.3088152,0.7991926,0.31854373,0.14552043
1.1845483,0.99230736,1.383436,0.75346696,0.34033164,0.15949664
1.883352,0.8791005,1.244051,0.7669345,0.23091543,0.1416274
1.2293227,0.6450302,1.4040599,0.8142597,0.38001677,0.13162483
1.3845643,0.4397357,1.1652617,0.78901637,0.18338178,0.13421297
2.0311923,0.99322194,1.186523,0.7408904,0.10434884,0.1423864
1.1368964,0.7703818,1.3300467,0.708124,0.1883052,0.16756493
1.273882,0.6368645,1.4940324,0.8036946,0.31740096,0.13419569
1.502733,0.5362423,1.1580899,0.8179603,0.24674772,0.12522762
1.5119835,0.521479,1.2914679,0.8044949,0.48898292,0.14840752
1.2913657,0.87507826,1.4076777,0.7454341,0.2612488,0.15022786
1.66543,0.8794317,1.3679397,0.83324665,0.53328604,0.12699208
1.6277565,0.5781843,1.4505899,0.7615571,0.267291,0.15170272
1.1889894,0.98501664,1.1726117,0.7805178,0.1738163,0.13432154
1.5877272,0.6150558,1.0802317,0.83299667,0.21244699,0.11425505
1.1058271,0.8298796,1.5259047,0.7786205,0.397931,0.15752628
1.7024331,0.799127,1.3854752,0.7840082,0.3989738,0.14326097
1.9861602,0.8613288,1.6342311,0.81165344,0.40783837,0.12690188
1.2434905,0.50012606,1.2726223,0.76603806,0.30016017,0.15373683
1.7274331,0.84200156,1.44696,0.7806435,0.3321917,0.14950316
1.1220096,0.71145874,1.3315096,0.79458517,0.4240928,0.13930689
1.3988839,0.75107634,1.2727334,0.74724245,0.28901595,0.14886007
1.2012082,0.92263705,1.2633126,0.73192596,0.19677086,0.15945849
1.6162175,0.7275176,1.1157389,0.7940049,0.2001797,0.13160084
1.6510313,0.61026275,1.4856722,0.78282106,0.47611555,0.15284012
1.3988768,0.9489307,1.4694531,0.8473206,0.5621557,0.11726908
1.0164509,0.99486524,1.4428306,0.7723295,0.3680921,0.14825083
1.6604149,0.9108003,1.3924487,0.7194325,0.17967437,0.17310064
1.5381598,0.64363354,1.4086201,0.76656926,0.23093423,0.14167388
1.1381947,0.91612095,1.440759,0.7521638,0.29291782,0.15519735
1.9326488,0.8826028,1.446497,0.7040988,0.09248427,0.15636139
1.5796349,0.7416507,1.4720168,0.810811,0.4600803,0.14252833
1.369251,0.86263776,1.3800576,0.74498844,0.29044792,0.15354204
1.8865855,0.93405807,1.2155871,0.80814004,0.42970148,0.13589515
1.1449665,0.63494164,1.2236197,0.82185084,0.37166396,0.123408236
1.5403241,0.8352808,1.5290413,0.81651217,0.5811482,0.1269657
1.4466685,0.65650403,1.4205468,0.71200335,0.22116973,0.1694294
1.5613627,0.6724836,1.2777171,0.7496093,0.20018572,0.14646596
1.7656823,0.8582559,1.2032969,0.77298594,0.24768418,0.13767785
1.1220872,0.84403616,1.3371756,0.7582196,0.29102713,0.1523565
1.3449265,0.5224147,1.2310939,0.7690469,0.23981057,0.14076416
1.3052698,0.43882427,1.3552,0.7767451,0.356233,0.14364797
1.2925992,0.90704614,1.4246545,0.83382046,0.6286247,0.13051122
1.6798198,0.85634446,1.3151248,0.7670214,0.26680252,0.14569874
1.3458624,0.4487764,1.3326862,0.74890965,0.30209494,0.15621513
1.6444592,0.84967566,1.1961377,0.79109156,0.37194437,0.14344515
1.1986132,0.63699853,1.4565306,0.7378664,0.33312878,0.1563786
1.4043944,0.9498714,1.1111605,0.78552884,0.18093456,0.12720697
1.5112512,0.507588,1.3700237,0.7338247,0.20292929,0.17598407
1.6350752,0.9614055,1.311142,0.77432495,0.2901242,0.14629395
1.7301325,0.7600384,1.3534002,0.6826578,0.09050311,0.17328721
1.6666104,0.7607126,1.1598719,0.82471,0.29815343,0.12813811
1.8139826,0.76581174,1.2903228,0.7092866,0.11903236,0.15661664
1.5932453,0.7406815,1.2213233,0.82855046,0.39437845,0.12806019
1.9238726,0.8245555,1.3387263,0.7842887,0.32228822,0.14249799
1.9525988,0.8669587,1.2600925,0.7312005,0.15654625,0.15631399
0.989871,0.99498975,1.150511,0.7622491,0.09560233,0.13251925
1.5395368,0.9125668,2.102967,0.9475327,0.078952275,0.047068693
1.2039729,0.8969484,1.4145031,0.88642627,0.85793155,0.111806475
1.1162709,0.8479956,1.5662756,0.8115257,0.420663,0.13889879
1.1844002,0.55205715,1.2761989,0.7866696,0.35410368,0.14159179
1.9874424,0.8409393,1.9284077,0.9009736,0.30970767,0.08095927
1.0762489,0.855488,1.5215478,0.8741191,0.85280234,0.11994679
1.3612716,0.45386606,1.2566924,0.78280294,0.423619,0.161472
1.8834559,0.9571433,1.2699919,0.73388463,0.2500022,0.15987277
1.8917515,0.79049885,1.4795768,0.8329828,0.380395,0.12793362
1.5207436,0.7342985,1.2536008,0.81703585,0.3381226,0.1292518
1.0665883,0.9093546,1.3475614,0.76931244,0.36511046,0.14860274
1.3185723,0.8038323,1.177183,0.7362157,0.06899875,0.13873045
1.4666499,0.8783464,1.1776395,0.78679484,0.21264535,0.1332921
1.3796188,0.72372305,1.204032,0.8227046,0.45345712,0.13463104
1.724919,0.705679,1.473835,0.7879219,0.48826635,0.15334073
1.270939,0.62586504,1.0754828,0.8047397,0.16079254,0.122264445
1.9785833,0.8813545,1.4022057,0.7858611,0.46290493,0.14525977
1.5133841,0.5213412,1.3396037,0.7058164,0.18529178,0.16878264
1.4291706,0.89718336,1.4744129,0.74751997,0.34491023,0.14748116
1.5197072,0.8816384,1.7224042,0.824686,0.26303533,0.11084153
1.1660719,0.91538334,1.7069943,0.8475723,0.42824292,0.10433573
1.9726033,0.9966127,1.1263657,0.7817074,0.16729006,0.12926744
1.532433,0.508869,1.5113592,0.7683312,0.2751333,0.1399989
1.2961308,0.87081486,1.2056806,0.797181,0.27255848,0.13315655
1.404439,0.6807384,1.2321112,0.7794826,0.24918431,0.1389655
1.9582572,0.94755244,1.7596025,0.8430341,0.3893951,0.10626386
1.4142883,0.4547883,1.2763743,0.7910291,0.42827404,0.14094552
1.5600479,0.7181298,1.4722135,0.755971,0.2967653,0.14544629
1.9884428,0.9657122,1.4649303,0.8155973,0.49045876,0.12921467
1.4054818,0.91390204,1.3928812,0.7103051,0.1767503,0.1612854
1.9947019,0.8899879,1.2773767,0.7334119,0.19783059,0.15533799
1.4066371,0.69781995,1.1885049,0.7341553,0.1081891,0.14908895
1.6676518,0.91564244,1.4242158,0.80110407,0.4229926,0.14287186
1.4103272,0.5279892,1.0591052,0.840656,0.18362853,0.110180214
1.6919813,0.796595,1.1074346,0.8042007,0.14506549,0.11998274
1.8035291,0.7707569,1.2539706,0.82390064,0.39383912,0.13119026
1.4133117,0.51108545,1.6231029,0.7969691,0.34835505,0.14563072
1.4350348,0.4856969,1.3307908,0.7711466,0.30085573,0.15293844
1.8961205,0.93422794,1.157912,0.80919564,0.31284484,0.12802295
1.4301023,0.8881337,1.2381365,0.7530409,0.20645316,0.14676398
1.9548266,0.82727796,1.7526088,0.83024365,0.16998741,0.10687235
1.0652966,0.9895481,1.5184016,0.75373876,0.35085493,0.15340273
1.4210776,0.69619906,1.0857048,0.8338807,0.21361193,0.11880764
1.6663585,0.8937207,1.255991,0.74188817,0.18434002,0.14722565
1.4596298,0.9677232,1.3548248,0.7665963,0.3558354,0.14803731
1.5573139,0.81258905,1.314508,0.7622937,0.24160416,0.15069573
1.6923376,0.6526208,1.2222579,0.819989,0.48642716,0.14093573
1.1470472,0.80079514,1.365104,0.76216173,0.3106261,0.15381686
1.844299,0.8177239,1.3122082,0.7473309,0.2236272,0.15298605
1.5075349,0.8193645,1.1207693,0.806978,0.24983257,0.12776612
1.3328226,0.58974504,1.3900492,0.78303087,0.389804,0.1472939
1.7877614,0.849303,1.5321677,0.82122535,0.45128524,0.13862607
1.4570018,0.53245753,1.3072782,0.7374283,0.3122694,0.15262501
1.874997,0.8952713,1.1200476,0.81304485,0.23979814,0.12484159
1.1228046,0.72919893,1.3208656,0.7491066,0.26290694,0.14835536
1.5342165,0.8930285,1.317101,0.78906035,0.35693684,0.13698289
1.6925495,0.66554105,1.224561,0.735891,0.171758,0.15329741
1.1265728,0.63766557,1.2251668,0.7394905,0.15045469,0.14848435
1.3353024,0.41767612,1.1149702,0.79524666,0.24911882,0.13365903
1.0108495,0.9584089,1.6721063,0.84204376,0.4893889,0.116744034
1.8636208,0.9262468,1.3816767,0.738963,0.25439528,0.16306436
1.4292117,0.51253176,1.4609158,0.77452695,0.41860232,0.14466205
1.8053093,0.9694344,1.3646269,0.75023997,0.3466604,0.15867135
1.6426836,0.98666203,1.3700693,0.68048096,0.09188388,0.17596972
1.6655353,0.74445164,0.9734044,0.8608412,0.072367914,0.09359991
1.5357742,0.6790815,1.1948559,0.7508372,0.15831853,0.14575602
2.0308619,0.9825636,1.3208985,0.722304,0.19509037,0.15690914
1.54633,0.5572148,1.149584,0.79360265,0.28844464,0.1292955
1.4014504,0.9665547,1.3019903,0.8187929,0.4523891,0.13764974
0.9656268,0.84257925,1.4097176,0.6875093,0.12596022,0.17007078
1.6233255,0.7193926,1.5945933,0.81942517,0.5065677,0.1381853
1.3241457,0.66966313,1.390631,0.7156673,0.1553352,0.16250145
1.228991,0.8009273,1.3091378,0.7632351,0.27941215,0.14509551
1.6965472,0.89428186,1.3813689,0.7613092,0.3201294,0.15352312
1.9342742,0.9653254,1.458508,0.722649,0.08183246,0.15344183
1.0589671,0.8443552,1.2122662,0.7475412,0.14878434,0.14969063
2.0328455,0.9103545,1.5393734,0.8610974,0.5200592,0.10474646
1.2469949,0.7054851,1.1161678,0.76879585,0.15881352,0.13637312
1.912809,0.8586389,1.2112525,0.837373,0.36072978,0.12322118
1.9016272,0.8955235,1.3235404,0.7707716,0.31455475,0.14180614
1.950935,0.990462,1.5728717,0.8041206,0.5023469,0.13942584
1.1705192,0.8155464,1.3663428,0.7836713,0.5648552,0.1509029
1.5656958,0.60609835,1.487437,0.7969413,0.33827966,0.13336065
1.7020601,0.74818116,1.436831,0.7479112,0.39419642,0.1601809
1.8381523,0.7580932,1.3708141,0.79312736,0.38190085,0.14018032
1.0314754,0.9717816,1.1061428,0.7928459,0.14732327,0.12698303
1.2779787,0.6969447,1.2529037,0.7953065,0.39536923,0.14882831
1.7788123,0.92196053,1.4634979,0.7575557,0.27297518,0.15185866
1.0816182,0.88076144,1.4653957,0.69002074,0.07138494,0.15803577
1.1982503,0.77362514,1.6392152,0.76898026,0.24195835,0.13680875
1.3643526,0.6627065,1.4501336,0.8278891,0.4932167,0.13263151
1.3557439,0.47629854,1.3081276,0.7269149,0.18018638,0.15620568
1.471817,0.97148025,1.4739685,0.7959215,0.34881425,0.13700981
1.6726693,0.98867244,1.290451,0.75934005,0.2439739,0.15060809
1.2683946,0.52940494,1.5087335,0.7553642,0.22156772,0.15422662
0.95747393,0.8833905,1.3118477,0.70273936,0.21019702,0.17337531
1.579002,0.6769117,1.4521828,0.7865288,0.43539903,0.15046234
0.9477017,0.8605409,1.2893066,0.8243799,0.43211538,0.13677567
1.1571355,0.91125023,1.3827713,0.7384844,0.33631146,0.16582663
1.3447821,0.4137963,1.3131926,0.74304616,0.28924108,0.1563936
1.577945,0.58447134,1.1075788,0.8022077,0.1936564,0.12784676
1.3128495,0.5572153,1.5691478,0.7700517,0.28544447,0.14114289
1.7167637,0.6897547,1.5108368,0.79233295,0.34429213,0.13931431
1.310126,0.5781617,1.3015254,0.8015589,0.5218365,0.15090632
1.4231002,0.5277615,1.5236571,0.8123726,0.42375138,0.13323814
1.7383815,0.97609377,1.3984244,0.7851256,0.31841868,0.14521438
1.6918246,0.96156895,1.1832216,0.7760507,0.2700344,0.13974667
1.2986412,0.58531743,1.3812358,0.6737304,0.061423246,0.17098099
1.2647161,0.76752764,1.1012204,0.77948624,0.05757639,0.12013663
1.9185824,0.92735165,1.2767799,0.8230084,0.41150573,0.12639451
1.5317262,0.5146841,1.6988392,0.82403284,0.36368144,0.11307497
1.3705027,0.53930384,1.7266929,0.82171744,0.35693762,0.11448681
1.281195,0.80946827,1.3598218,0.81666,0.57244545,0.14002314
1.2013718,0.5487269,1.6149161,0.82323164,0.46939033,0.12440101
1.5844051,0.93185776,1.2963834,0.75857496,0.24845421,0.14557458
2.1107037,0.95876855,1.3950756,0.8073227,0.4379648,0.12748
1.2206143,0.57027256,1.4317265,0.76213276,0.29532376,0.15058896
1.7690111,0.8799504,1.300298,0.78059804,0.39354885,0.15286016
0.92903554,0.97737515,1.2885587,0.7944618,0.39420152,0.14707907
1.6337454,0.6549054,1.379092,0.7513248,0.26637393,0.15348822
1.2195002,0.5185868,1.2598965,0.7996225,0.38207045,0.13802134
1.05005,0.98053926,1.3160527,0.72255343,0.272537,0.16075137
1.4520301,0.5140287,1.3229373,0.79253703,0.37198204,0.1407072
1.7201382,0.7162826,1.4799452,0.7870754,0.3735082,0.14418803
2.0832634,0.99764305,1.3444333,0.7714584,0.29847217,0.15497227
1.1542336,0.70243,1.9311469,0.8786837,0.14692076,0.07505053
1.713668,0.6834086,1.3473458,0.8027362,0.44889107,0.13604432
1.4680297,0.59389454,1.1903005,0.779666,0.4816628,0.14224117
1.407705,0.46219206,1.4752369,0.7019657,0.14227158,0.16362713
1.3680118,0.6819534,1.2526102,0.74580985,0.22573747,0.15208599
1.54112,0.76328796,1.3570197,0.76248515,0.30405438,0.15114635
1.999613,0.91699314,1.1626596,0.8296464,0.3832961,0.121994354
1.7325027,0.8108103,1.1440508,0.7776629,0.16371018,0.13636377
1.0880512,0.67058355,1.521071,0.77273405,0.38822928,0.15489693
1.4677086,0.91637737,1.332056,0.74644166,0.29164425,0.16570757
1.4230155,0.6347861,1.7586133,0.81306523,0.07986549,0.10286027
1.3172144,0.45588064,1.4905295,0.76561654,0.423672,0.15283178
1.7571865,0.8158049,1.3313766,0.78792584,0.38703236,0.15164337
1.6425289,0.92240596,1.1949532,0.8175,0.3247936,0.12898354
1.5432947,0.64323187,1.2843287,0.73953265,0.17810509,0.15025179
1.0898548,0.7153986,1.6020122,0.76379275,0.18325545,0.1420521
1.7028729,0.6591135,1.6904843,0.8521711,0.49908,0.11297764
1.6990764,0.98667836,1.4707675,0.77968735,0.40966347,0.15672801
1.3656025,0.44489935,1.1871302,0.7251668,0.09099169,0.14893813
1.6903518,0.8261465,1.3615925,0.79778713,0.44177938,0.13910173
1.7631863,0.99957067,1.2068436,0.84933746,0.51092225,0.12722804
1.2778788,0.7656045,1.3017046,0.7796372,0.41062158,0.14727901
1.7622752,0.7269526,1.2624617,0.7338954,0.16412576,0.15461828
1.2003537,0.6346039,1.2717805,0.77884763,0.41583765,0.14443019
1.7668124,0.67668265,1.4329407,0.8220532,0.5803854,0.13727029
1.1006196,0.6830204,1.3584912,0.7400683,0.3232096,0.15927248
2.0492256,0.968809,1.2984073,0.8078597,0.45486927,0.13655816
1.3772616,0.43587688,1.4746356,0.7720381,0.35194618,0.15564518
1.3199579,0.55544966,1.2594051,0.77701974,0.26087844,0.14156447
1.4318177,0.8529073,1.3654578,0.81147194,0.51671016,0.13315888
1.2897121,0.8132018,1.305989,0.7550273,0.2841319,0.15502518
1.4943947,0.966105,1.3522332,0.73819524,0.22054763,0.15593068
1.7365606,0.83014566,1.2567754,0.81390375,0.44326916,0.14368962
1.5440303,0.60547453,1.1171992,0.8210471,0.287107,0.1279007
1.660663,0.79448026,1.4052894,0.77885824,0.35409853,0.1513089
1.1229928,0.6382076,1.2951972,0.80577415,0.37491095,0.13470346
1.8414224,0.8844084,1.3653641,0.77942264,0.4642898,0.15000899
1.3409591,0.954508,1.2261043,0.78210497,0.2501903,0.13623768
1.685822,0.70440996,1.2536159,0.760323,0.23756412,0.1486942
1.6460441,0.6306885,1.2123158,0.8005969,0.29054812,0.13420448
1.3883429,0.7504745,1.2146144,0.7814372,0.24325043,0.13532445
2.007545,0.98593736,1.3762956,0.7616617,0.25883725,0.14844838
1.8119557,0.86190623,1.4802246,0.83883625,0.7563608,0.13190286
1.2144873,0.5143023,1.233958,0.80656886,0.4317134,0.13233237
1.1848319,0.72867334,1.4314938,0.7682699,0.37990424,0.1635233
1.306858,0.4313866,1.313848,0.73466337,0.2292697,0.15751344
1.3175029,0.5231461,1.3948255,0.76834345,0.31189224,0.14185683
1.5289245,0.9459769,1.3870177,0.7933223,0.44928977,0.13801247
1.7636331,0.68524295,1.3408835,0.7411182,0.17118986,0.15598118
1.837496,0.7707668,1.385534,0.7422285,0.19314902,0.15345077
1.5134188,0.7646399,1.1158185,0.8181376,0.26572883,0.124369755
1.3477422,0.5491245,1.8006828,0.8569798,0.3597398,0.10524449
1.6584634,0.62065953,1.4106448,0.72729087,0.22906454,0.16177543
1.1653562,0.62392724,1.5038326,0.8628013,0.46190062,0.095111966
1.2418923,0.8835626,1.3465359,0.76186925,0.28425246,0.15432936
1.4282625,0.83274925,1.1650748,0.77408195,0.0922441,0.12837753
1.8742374,0.80640703,1.3099959,0.8054786,0.44126394,0.1410688
1.175879,0.5742372,1.3432717,0.76557755,0.2635427,0.14633745
1.1667986,0.9647146,1.4146588,0.7389672,0.23422629,0.15853858
1.3752996,0.94487643,1.3760302,0.79656047,0.39247835,0.14474711
1.6630721,0.68922096,1.4347754,0.7713815,0.41767317,0.14791167
1.331273,0.6308105,1.2897248,0.72665244,0.11893763,0.1498867
1.6940143,0.6447947,1.2380013,0.79341215,0.32902953,0.13664834
1.1903348,0.6518207,1.5730834,0.7933164,0.4252078,0.14686602
1.1886735,0.5728638,1.5430686,0.7742533,0.20325018,0.12879477
1.5089914,0.79959726,1.3445168,0.8004815,0.3734728,0.13501707
1.8463392,0.78723294,1.3236384,0.7187334,0.17145775,0.16341476
1.2758142,0.45157397,1.3559794,0.78973305,0.37931824,0.14414132
1.6965148,0.8832337,1.1333034,0.78742266,0.23282214,0.1349542
1.6509691,0.80689317,1.2028539,0.77053386,0.23411003,0.14475164
1.7316481,0.7569414,1.491879,0.75052357,0.31751505,0.15160872
1.2877617,0.48976237,1.4481106,0.75445664,0.35785523,0.16268477
1.3585272,0.72364366,1.3714037,0.7758228,0.4640929,0.151286
1.1617441,0.8317345,1.3709407,0.72850204,0.21900141,0.162627
1.2440714,0.9411311,1.3865225,0.78505534,0.31927216,0.14086142
1.1840253,0.6754157,1.3924634,0.75505775,0.28795612,0.14922602
1.4207484,0.59852797,1.1080501,0.8464982,0.24536122,0.11491557
1.6332124,0.8203832,1.352927,0.7476777,0.27158973,0.15391132
1.3298539,0.518758,1.3411565,0.7928344,0.4293011,0.1414848
1.5139434,0.6548051,1.319329,0.7371373,0.2635492,0.15787745
1.2893785,0.6596814,1.3783867,0.69653,0.13163939,0.1735495
1.3229655,0.43610063,1.4495838,0.79093516,0.486974,0.15704392
1.3576461,0.6221112,1.6380427,0.8609895,0.7908534,0.11091341
1.4538171,0.56132007,1.3091156,0.74290824,0.24456117,0.1556099
1.6104035,0.7461726,1.4340947,0.7824553,0.4939123,0.14975694
1.9221183,0.85720944,1.3281012,0.7286984,0.24307705,0.16048416
1.6716472,0.65454525,1.3159819,0.78852296,0.28535426,0.13258412
1.1911192,0.8273957,1.0686696,0.8224685,0.16412792,0.11688268
1.5589204,0.6657014,1.4831872,0.82718307,0.5800178,0.13726228
1.3871187,0.959863,1.6458104,0.8235392,0.5317195,0.12414953
1.3287716,0.534608,1.3417032,0.77018046,0.29758903,0.14600791
1.4888037,0.99024296,1.1454622,0.75474226,0.14480701,0.13795169
1.5652082,0.6796276,1.3840294,0.68814826,0.109447,0.1752363
1.2947736,0.9724726,1.244003,0.74656993,0.24632362,0.15335035
1.4849769,0.8786361,1.2284122,0.73335314,0.18658605,0.15397535
1.2526815,0.72190356,1.3407645,0.7292348,0.21382321,0.17224556
2.0910487,0.93723464,1.2378078,0.7626277,0.25537664,0.14372131
1.0038599,0.94000363,1.1395533,0.7919702,0.16817224,0.12957703
1.596909,0.5652052,1.21967,0.77690095,0.18994035,0.14024298
1.1153519,0.7522968,1.3550286,0.8208961,0.47070977,0.13130954
1.3118253,0.6898003,1.4678752,0.78875196,0.34653488,0.13973594
1.7622385,0.8597986,1.3630841,0.7794331,0.35259378,0.15345809
2.037433,0.91593164,1.2606614,0.7304065,0.18348552,0.15387988
1.1295054,0.5919642,1.2679327,0.7823185,0.34881368,0.14003713
1.2999694,0.9291296,1.0727909,0.8228862,0.19267881,0.12020985
1.5719775,0.59598684,1.2719066,0.77065426,0.30447352,0.14087984
1.1614769,0.56661576,1.3136826,0.79504186,0.36993152,0.1386354
1.7969286,0.8712678,1.1116073,0.79951954,0.19855753,0.12910865
1.3705859,0.95055,1.4602535,0.7898054,0.4034375,0.14887603
1.3030472,0.94064,1.2829897,0.7895887,0.36244488,0.13817221
1.5186403,0.5361338,1.3509839,0.7749536,0.3476431,0.14318036
1.9245676,0.96028197,1.3960631,0.7461824,0.23513788,0.15012483
1.4259163,0.45438227,1.3248494,0.8047446,0.35767418,0.13094105
1.1518792,0.84075695,1.3016784,0.7669521,0.2992344,0.14320497
1.1799158,0.8821197,1.2538297,0.75186056,0.20492822,0.148896
1.921146,0.95671415,1.403224,0.73583883,0.24374281,0.15665343
1.0679529,0.6707253,1.4093301,0.73522913,0.2790785,0.15285896
1.5607005,0.64800876,1.2205291,0.7392399,0.16245906,0.14886002
0.941198,0.98098975,1.2540777,0.74155605,0.23291036,0.1519814
1.7756488,0.85714906,1.3429191,0.7756741,0.30758458,0.14207038
1.8785433,0.84664154,1.312557,0.76258737,0.19973965,0.14177196
1.4513868,0.5583429,1.4448888,0.7501472,0.22211047,0.14248511
1.235823,0.7859118,1.2640097,0.7594814,0.22476467,0.14250344
1.3715565,0.4294289,1.2344139,0.79757243,0.27501327,0.13252348
1.5382613,0.5592285,1.317086,0.7468538,0.2534372,0.14751358
1.3700218,0.46402705,1.3318455,0.7858734,0.25907916,0.14647692
1.8010095,0.7699833,1.3594809,0.8056569,0.49338838,0.14427163
1.8278991,0.72945714,1.419555,0.7367655,0.360944,0.16616616
1.4673424,0.48080292,1.4108019,0.7147737,0.112509616,0.16233024
1.463801,0.74163175,1.2919385,0.6990458,0.09207537,0.16076711
1.302309,0.62837607,1.409924,0.7948772,0.39578432,0.13994361
1.5330279,0.9737235,1.2044425,0.79235035,0.22806318,0.1276617
1.3425895,0.9071012,1.481883,0.710376,0.110108376,0.16873863
1.8884991,0.95435303,1.3855021,0.79260284,0.36912075,0.13492617
1.472099,0.733849,1.310035,0.7507655,0.2147641,0.14533982
1.4470223,0.7482901,1.7782643,0.83647037,0.25343472,0.10499096
1.8298075,0.9503768,1.409035,0.81051534,0.4144417,0.13893715
0.9819592,0.98864836,1.625787,0.80968136,0.36045638,0.13327813
1.500308,0.52940595,1.755945,0.84496856,0.38425615,0.10874467
1.0635045,0.723973,1.1859586,0.7739266,0.1530149,0.13435112
1.4311312,0.68307126,1.2068405,0.8022365,0.29444218,0.13257438
1.3688036,0.53759795,1.2141526,0.7639965,0.2100337,0.13905288
2.075756,0.9825847,1.2629135,0.7825757,0.44655952,0.14608656
1.776603,0.7567641,1.3315227,0.7673368,0.32524285,0.15569825
1.409599,0.8730737,1.2720487,0.7261512,0.144918,0.15284556
1.4069039,0.9960506,1.4117246,0.7916821,0.41570953,0.14513877
1.596714,0.57267374,1.3407135,0.7309612,0.19049215,0.15692805
1.2812362,0.5201391,1.3405211,0.7349751,0.24136938,0.15442154
1.2129134,0.65816915,1.4118505,0.74193937,0.21799882,0.14743453
1.8232554,0.75183547,1.3632386,0.68507105,0.0847217,0.1783218
1.8320063,0.96190244,1.2744665,0.719833,0.19620597,0.16032684
1.9685503,0.8452101,1.3302267,0.7379259,0.30435097,0.16153656
1.3384964,0.4273127,1.4152715,0.78426844,0.39699173,0.13994972
1.6844872,0.6930263,1.5176518,0.80951214,0.45845664,0.13283055
1.5172184,0.6298743,1.3174424,0.76476896,0.2436697,0.1471707
1.7921869,0.6867942,1.3074095,0.7194582,0.20936817,0.16708305
1.0729429,0.8241747,1.3676484,0.7247421,0.21968153,0.1625918
1.536364,0.63378227,1.0772622,0.8503946,0.24315573,0.11144461
1.1199467,0.8064525,1.1647569,0.78375006,0.2211571,0.13505791
1.740087,0.7801073,1.1937766,0.72184145,0.054443058,0.14082973
1.1836971,0.5859081,1.5526979,0.8086224,0.4812313,0.12662657
1.3386374,0.48087686,1.3024004,0.83370185,0.3810089,0.1231398
1.3364868,0.5232208,1.2020726,0.75291204,0.14529589,0.14138995
1.5012841,0.9005694,1.290633,0.7659255,0.338844,0.15417023
1.3273981,0.42014298,1.2137175,0.7123903,0.09204235,0.15423115
1.59035,0.58387285,1.3835373,0.77633464,0.46659657,0.15270701
1.4789684,0.9202497,1.4150653,0.7181699,0.1848916,0.15985554
1.8834325,0.89753217,1.3559029,0.73647016,0.3331646,0.16687787
1.4044944,0.80176085,1.4663725,0.7820338,0.38213167,0.14108431
1.43225,0.8024497,1.1720212,0.7615102,0.19900987,0.1400107
1.505161,0.8329481,1.242718,0.7634985,0.21345933,0.1399962
1.1676445,0.5790842,1.1974492,0.74288,0.15849021,0.15012889
1.2637024,0.55443984,1.3331578,0.76115435,0.27862617,0.15030079
1.2795432,0.5632726,1.3884461,0.79575676,0.54224396,0.14326502
1.148144,0.7612203,1.152611,0.7949694,0.2540167,0.13400887
1.7704605,0.76482487,1.3975112,0.72189856,0.18999037,0.1577302
1.205185,0.8109278,1.187715,0.82007885,0.29383302,0.13072513
1.8912315,0.9496329,1.5432892,0.8487662,0.4576279,0.13023308
1.3543842,0.69116384,1.7895894,0.8928293,0.47615674,0.08481626
2.0260558,0.94615084,1.1958823,0.7729082,0.30287057,0.15009128
0.90336823,0.9322495,1.2807593,0.79861367,0.29713997,0.13793653
1.4979202,0.63851607,1.1166793,0.8086969,0.2172029,0.123280406
1.6125212,0.8953206,1.3478456,0.81704265,0.4725544,0.1324001
1.6941408,0.7363263,1.3583436,0.74037695,0.22400837,0.15884016
1.4714133,0.50745225,1.7252805,0.84109014,0.35447833,0.11003302
1.5090903,0.5856643,1.4993937,0.7370827,0.067756176,0.1449414
1.6861227,0.84015286,1.4931359,0.77479047,0.30986598,0.13890354
1.840566,0.99572515,1.5036426,0.7579225,0.28414208,0.15657802
1.4234036,0.96314627,1.7797248,0.84664005,0.2407234,0.09796281
1.3843684,0.4428727,1.2606578,0.78767216,0.2612399,0.13421153
1.4476316,0.7419916,1.1726933,0.794722,0.2655337,0.13459037
1.4727212,0.49967846,1.050955,0.8251951,0.1910726,0.11703761
1.9998686,0.9093958,1.4622359,0.810348,0.52813727,0.15455706
1.3903226,0.9222214,1.2377505,0.7004956,0.09402493,0.15812977
1.9464653,0.8230283,1.2732162,0.75808537,0.22610888,0.14643958
1.7561765,0.9744108,1.5015886,0.76762426,0.29876873,0.1429355
1.4536358,0.752909,1.2221999,0.76795447,0.27014664,0.14419886
1.3660542,0.9076393,1.4584973,0.7747352,0.5764834,0.15346964
1.8370745,0.7181045,1.4183464,0.72589993,0.21416976,0.15488544
1.3518908,0.54765636,1.4820127,0.7504842,0.3218375,0.15862156
2.0493052,0.91341877,1.4177866,0.84195524,0.5325912,0.13195683
1.3813764,0.89226407,1.1734085,0.766798,0.22731291,0.14097066
2.0388408,0.925796,1.6193264,0.793959,0.3740006,0.12954472
1.3344694,0.7141917,1.2110419,0.8186216,0.3500434,0.1329572
1.3367392,0.49197653,1.2246928,0.7752485,0.22036797,0.1383611
1.855666,0.83242786,1.3354504,0.79000366,0.3646001,0.1389918
1.3607751,0.46444026,1.6779413,0.8740998,0.5776676,0.10600986
1.0604857,0.678705,1.4540768,0.84054184,0.59638786,0.13968337
1.2594742,0.5078165,1.3747108,0.8252403,0.41907114,0.13338414
1.6182808,0.6589524,1.1714308,0.7646225,0.13194641,0.13665712
2.0541394,0.9246353,1.1640954,0.77801555,0.1889583,0.13328898
1.5803461,0.5894786,1.3728056,0.7056823,0.17982644,0.1644759
1.262562,0.8057437,1.1114984,0.7837769,0.118668266,0.12804878
1.0159338,0.89903635,1.46032,0.7898141,0.53385603,0.15781328
1.4183093,0.6785779,1.3126352,0.7566625,0.24141383,0.14573331
1.1341535,0.9083792,1.0915073,0.8205113,0.21407177,0.12086777
1.4402391,0.52102125,1.3933525,0.842411,0.5258821,0.13204628
1.171995,0.9221796,1.5334406,0.8363853,0.5660142,0.13543542
1.5843289,0.9749216,1.3808887,0.80773205,0.5529826,0.13361871
1.3713145,0.5339011,1.4607022,0.7360135,0.29275846,0.15886387
1.7393799,0.8058696,1.3593168,0.78579646,0.31661618,0.13336343
1.3231003,0.46659437,1.4085283,0.7292622,0.20050763,0.15760651
1.3430598,0.6972953,1.044183,0.79369456,0.0840497,0.11543588
1.3858953,0.7375703,1.1927109,0.7206188,0.072220996,0.14221281
1.13506,0.797452,1.1732624,0.81380695,0.32098207,0.12543187
1.6523261,0.9497607,1.1883426,0.7603475,0.18501024,0.14035308
1.0935446,0.8412323,1.1953866,0.7917732,0.28636146,0.1364375
1.393435,0.9195731,1.5657849,0.7702389,0.39427856,0.149205
1.7547814,0.69625974,1.38434,0.7010836,0.09749301,0.16249844
1.2295252,0.54294777,1.2245133,0.74095976,0.15274914,0.1495449
1.0869828,0.8776263,1.1811321,0.78064686,0.1482028,0.13008903
0.9124338,0.91771245,1.4334235,0.82330215,0.57987905,0.1396516
1.1733392,0.73172593,1.2349751,0.72627705,0.11352678,0.15052013
1.5863495,0.66529113,1.3288264,0.8091199,0.38727188,0.1355777
1.8471887,0.7874759,1.3605261,0.79746234,0.4087309,0.15174103
1.1596177,0.8133185,1.2090323,0.8159037,0.3385619,0.12799495
1.0153004,0.9613003,1.3994882,0.7627282,0.45446035,0.16032182
1.7609082,0.88421863,1.284843,0.7137107,0.17677678,0.16128549
1.4283887,0.47559473,1.4099839,0.8266861,0.56645507,0.13689263
1.1139939,0.6322198,1.2607696,0.79289,0.35997775,0.13737401
1.814501,0.9609478,1.2526667,0.7991957,0.3234036,0.13831761
1.6939949,0.7276484,1.3745587,0.802074,0.5519167,0.14727698
1.4366194,0.51381814,1.556665,0.7692102,0.32344767,0.14359054
1.4020189,0.7813319,1.2574561,0.7873604,0.39303285,0.14925689
1.5260069,0.74636793,1.4048893,0.7474431,0.35129583,0.1594287
1.120205,0.9075474,1.238215,0.782537,0.27789715,0.13942264
1.7292955,0.85630906,1.3586028,0.7243899,0.26203302,0.1627691
1.7047299,0.95699173,1.4232442,0.80272985,0.36290804,0.12621437
1.7502886,0.8929848,1.569314,0.7879987,0.3555945,0.13285838
1.6224341,0.8086327,1.34779,0.74750674,0.27491093,0.15703921
1.1431197,0.7432205,1.2205997,0.77112335,0.23556949,0.14198725
1.3451442,0.73765594,1.515168,0.81257427,0.46008995,0.12999403
1.5264935,0.6592375,1.2420156,0.7686394,0.2686893,0.14529292
1.8608015,0.83665556,1.5027924,0.7770566,0.43433484,0.15037155
1.6405789,0.8974831,1.3602924,0.7095827,0.13477235,0.1614107
1.2787937,0.47660375,1.5568731,0.82531303,0.5696232,0.13480817
1.6146903,0.56930596,1.3829911,0.735431,0.21844012,0.15582614
1.2364866,0.6179995,1.4100108,0.7532121,0.33032566,0.15656444
1.8855652,0.85049385,1.3281765,0.7381457,0.32307732,0.16257831
1.2868475,0.917859,1.4460034,0.7927187,0.45643127,0.14185993
1.1742786,0.7612681,1.2737231,0.71336734,0.11006121,0.16108727
1.8196425,0.7112344,1.6347086,0.9007392,0.9922026,0.10511556
1.6558421,0.7605477,1.5948162,0.79469144,0.31952506,0.13003176
1.3758729,0.6778908,1.4322157,0.7389126,0.21504548,0.14745758
1.2901224,0.443368,1.4451089,0.7621412,0.36840954,0.14464894
1.4048257,0.7076305,1.3338873,0.7625238,0.36836728,0.1537065
1.3725312,0.79911435,1.2180789,0.83658534,0.40153277,0.117611445
1.0294645,0.9503991,1.208168,0.78546906,0.2883171,0.13439998
1.2676059,0.7784347,1.3448842,0.7345975,0.18182077,0.1576487
1.0972211,0.7515524,1.3359692,0.7707852,0.27380776,0.15132113
1.5778364,0.5826742,1.7802775,0.8585389,0.5495617,0.11319825
1.7821318,0.777843,1.3242478,0.7742237,0.32330832,0.14308761
1.5564643,0.6114019,1.4623642,0.7585857,0.21248074,0.1438314
1.2828375,0.844612,1.134791,0.7691058,0.16019939,0.13495864
1.1457574,0.9250292,1.3156035,0.7219807,0.19989936,0.16560152
1.8573123,0.74753433,1.4383719,0.7982447,0.41102353,0.13092738
2.0352628,0.9669058,1.3288107,0.8174528,0.49180043,0.15173717
1.4332044,0.6349345,1.1924026,0.7927106,0.27275708,0.13336034
1.2434044,0.847578,1.4929678,0.8014517,0.42273003,0.1528496
1.5533673,0.59923935,1.2814724,0.7153291,0.16848606,0.16090047
1.1993366,0.9547864,1.2697511,0.8303712,0.47026154,0.13143456
1.5040252,0.74198157,1.2939532,0.75348604,0.31184545,0.1574255
1.6642294,0.8489043,1.3029399,0.7650155,0.29819676,0.15294233
0.8780339,0.99158293,1.1354103,0.80913997,0.33004007,0.13217543
1.6089458,0.9438764,1.2454553,0.77380085,0.2958705,0.14487511
1.219387,0.98134923,1.6088476,0.837393,0.62426376,0.12352793
1.3209388,0.63435274,1.2730374,0.74263215,0.19857597,0.15487425
1.2588739,0.7015364,1.363863,0.8124725,0.52878433,0.13082078
1.4495587,0.83465827,1.8220315,0.88381976,0.48206368,0.086303525
1.4383068,0.8940542,1.3308845,0.6935342,0.14790861,0.17360574
1.284528,0.9993117,1.7762446,0.82394093,0.17928326,0.106111705
1.1498749,0.93272424,1.3605876,0.73428226,0.31877345,0.16482449
1.2305659,0.5996782,1.2949233,0.73809105,0.20841773,0.1533803
1.360119,0.52008796,1.0598431,0.8311134,0.16395684,0.1087738
1.616081,0.7429955,1.6981199,0.83171976,0.39885285,0.11407652
1.324542,0.45088172,1.7288163,0.84833443,0.40310118,0.10988048
1.3367966,0.5151962,1.3775403,0.77685267,0.3130051,0.15074885
1.7160786,0.863872,1.3814151,0.74643934,0.28776756,0.15277083
1.7123837,0.67189866,1.3245618,0.7742382,0.25322542,0.1447791
1.6338897,0.6394496,1.3202322,0.720042,0.24460691,0.17306082
1.8024248,0.9700163,1.186337,0.7864487,0.20788744,0.13342975
1.9002811,0.9627101,1.4608138,0.8027431,0.5181195,0.15012093
0.9609048,0.922288,1.7051377,0.84363556,0.4828737,0.13356669
1.6197656,0.90883976,1.3566611,0.7846405,0.35766357,0.14352952
1.3859358,0.65505415,1.4771826,0.7806317,0.32701865,0.14272226
1.7111366,0.8144302,1.2030027,0.78066134,0.30593792,0.13639906
1.56975,0.63204765,1.5256279,0.83271545,0.53030026,0.12891991
1.3089741,0.6200887,1.3558121,0.7634727,0.26954085,0.15213186
1.5245707,0.56246287,1.6266224,0.7925604,0.25735217,0.12840451
1.7654417,0.8330059,1.4744844,0.8171712,0.42368543,0.14012611
1.7040093,0.82261044,1.2165666,0.7377079,0.16145812,0.14851886
1.4216391,0.6383945,1.5076039,0.71471816,0.04203428,0.14651407
1.7104368,0.71530443,1.1925018,0.76678246,0.19586627,0.14050598
1.4370061,0.8637111,1.2352617,0.75332373,0.20150787,0.14541897
1.7661464,0.8730523,1.5022695,0.8081441,0.43748578,0.1467665
2.06639,0.97118807,1.4999654,0.8121203,0.44051298,0.14564468
1.4612707,0.4717269,1.3193095,0.7962488,0.37023365,0.1390127
2.0327184,0.9859199,1.1199191,0.8287508,0.2381352,0.122844405
1.5236576,0.58890575,1.3313723,0.75006807,0.28579122,0.16035163
1.1563025,0.70744103,1.270674,0.72827077,0.21675457,0.16689745
1.0532372,0.92306167,1.0994012,0.816112,0.26398453,0.11898892
1.5223284,0.97406083,1.4937141,0.74936277,0.29204583,0.14936672
1.5264612,0.75379413,1.183186,0.7431485,0.14276534,0.14825615
1.5650227,0.9880722,1.3304806,0.8002486,0.4513266,0.1473173
1.3925984,0.83007234,1.3294554,0.6646328,0.047120273,0.17434135
1.5163171,0.7782414,1.4051514,0.8015049,0.36796638,0.14543536
1.6814722,0.91843563,1.4414558,0.7098494,0.14965545,0.15947221
1.7808336,0.97351384,1.4187827,0.76710194,0.36986887,0.1488816
1.639481,0.6154847,1.4593034,0.76667863,0.32881522,0.15079144
1.4370496,0.5331029,1.2655644,0.79111683,0.3057666,0.14185284
1.1901481,0.57351494,1.4518282,0.7940697,0.6061206,0.1475055
1.4639755,0.5194112,1.3803148,0.748415,0.32705736,0.1573046
1.367641,0.84286684,1.5532529,0.773697,0.4814558,0.14996667
1.9316728,0.81133467,1.3468385,0.77600724,0.30264723,0.14978716
1.4337423,0.52304333,1.3175483,0.7790437,0.48360375,0.16238488
1.0870676,0.79937124,1.3854368,0.73894715,0.20880234,0.15126848
1.5543978,0.7791983,1.4042943,0.7722492,0.3608982,0.15368712
1.4093852,0.5817964,1.3505504,0.78936005,0.45860857,0.15074036
1.6513151,0.61570346,1.4683526,0.79360986,0.48793742,0.1427479
1.571508,0.7045685,1.4826953,0.7775593,0.36145464,0.14552444
1.4836483,0.6750738,1.551234,0.7775708,0.33595046,0.14461286
1.7927729,0.8445068,1.3045423,0.75547945,0.2370664,0.15055956
1.652546,0.8908991,1.2386212,0.7651414,0.25126812,0.14127952
1.9248532,0.8753126,1.3866105,0.7431124,0.3362611,0.15541236
1.6675483,0.6606973,1.1586659,0.7820972,0.16534461,0.13220474
1.950402,0.9161746,1.5245833,0.7518841,0.19474404,0.14416978
1.6194203,0.87625504,1.7175486,0.84453166,0.56616116,0.11787495
1.3676236,0.90180796,1.5523918,0.79623586,0.42038712,0.1353572
2.102324,0.95230013,1.4120972,0.7960936,0.43686867,0.14438276
1.2270215,0.8139434,1.2598076,0.7561157,0.2597899,0.15470259
1.4299474,0.74197465,1.0830317,0.7900032,0.08766649,0.12123007
0.9290095,0.90977204,1.4188957,0.7857366,0.3988371,0.14784862
1.2509444,0.9011313,1.1090806,0.78041625,0.06696376,0.12109641
1.3294628,0.5219919,1.2755051,0.74760985,0.22552705,0.14830503
1.1224723,0.6961424,1.1555853,0.7524893,0.07450764,0.13396464
1.5251404,0.9361997,1.1822493,0.7696531,0.2268886,0.1402996
1.3645613,0.49692753,1.5664065,0.7554785,0.13424562,0.13773489
1.2323749,0.89906806,1.4591625,0.7404524,0.307895,0.15524678
1.4402767,0.6010982,1.5577033,0.7932808,0.3566953,0.13518432
1.3709606,0.7344759,1.2596676,0.69989955,0.06791855,0.15682453
1.4420985,0.81555074,1.5941579,0.74584,0.23252326,0.14456436
1.1647733,0.7528958,1.2120562,0.7630608,0.18556094,0.14095736
1.3647165,0.93577236,1.3331695,0.7966697,0.4045445,0.13789697
1.7279353,0.83379513,1.1608815,0.81326634,0.19316904,0.12196875
1.4262347,0.6114917,1.5663786,0.7986089,0.3684969,0.1294678
1.4957182,0.5337111,1.2303994,0.7649276,0.21900088,0.14149459
1.0391467,0.72075135,1.3173611,0.7470293,0.23049623,0.15107195
1.4606528,0.87801105,1.250525,0.7716075,0.2383339,0.13795109
1.3985016,0.7920261,1.2996664,0.8127064,0.39549324,0.14172158
1.7878683,0.92909294,1.4319487,0.76756245,0.35450906,0.1537317
1.1434484,0.97266454,1.1240733,0.791409,0.2536411,0.13145441
1.3614746,0.4483865,1.1104269,0.80111897,0.20712064,0.1268909
1.5283769,0.76802576,1.164918,0.803026,0.31936067,0.13396063
1.0758742,0.94865257,1.9327943,0.8952843,0.5143,0.087103166
1.6667095,0.64702666,1.530303,0.8004985,0.46516848,0.13726659
1.4488409,0.75694907,1.1006297,0.8266066,0.26876673,0.12541142
1.3739665,0.42801136,1.2611175,0.7628821,0.30015194,0.14461924
1.90904,0.9327409,1.3003802,0.6992206,0.12464083,0.16429147
1.6206402,0.6635375,1.363035,0.71935844,0.20373462,0.16313447
1.8158615,0.73735076,1.358576,0.78712714,0.4643592,0.14186136
1.4202061,0.7878338,1.6545508,0.843093,0.41763216,0.11797876
1.5222055,0.71245867,1.3338258,0.7161097,0.15608147,0.15640879
1.7743348,0.67036015,1.3328469,0.8005367,0.43664664,0.14290394
2.0614934,0.8985724,1.2785683,0.78901535,0.39090908,0.14946063
1.5591995,0.5595099,1.3983836,0.78851116,0.43556553,0.14933454
1.2515758,0.9904445,1.1510499,0.7618145,0.15832648,0.13993001
1.8915932,0.89612603,1.6614523,0.8190143,0.30704424,0.116952546
1.455193,0.569221,1.4423604,0.73579854,0.24083418,0.15827449
2.0627768,0.938345,1.4973073,0.79200006,0.48029706,0.1377275
1.086527,0.75291103,1.4059849,0.7836021,0.3829058,0.15325992
1.9430737,0.86620915,1.3487742,0.6910491,0.12588638,0.16934115
1.3100101,0.9809268,1.1442204,0.7829577,0.18677847,0.13308433
0.9405362,0.91123986,1.329256,0.783244,0.4192595,0.1462497
1.7646973,0.9606207,1.3163159,0.7330153,0.229073,0.15403675
1.4212638,0.5116154,1.2589006,0.7474445,0.19563594,0.1518154
1.8403213,0.9943982,1.0201683,0.8509004,0.24896707,0.11704808
1.258128,0.7823971,1.3202703,0.7947423,0.4204453,0.15070981
1.9343837,0.80201566,1.2582014,0.7107044,0.06753258,0.15120049
1.6722872,0.93175954,1.0775943,0.83279926,0.33499208,0.12054264
1.4768983,0.7940952,1.5639606,0.74149716,0.15662812,0.14397718
1.0777389,0.8307717,1.1537821,0.8034833,0.24077806,0.12972407
1.5188627,0.5454016,1.2924814,0.80742276,0.3210731,0.12602086
1.3023814,0.74165916,1.2633207,0.79992324,0.24698086,0.13285518
1.0302448,0.9203951,1.289402,0.7793039,0.37266067,0.14083116
1.4223253,0.5072743,1.4209573,0.75697434,0.32073906,0.15696213
1.3915308,0.43599936,1.4454281,0.7161883,0.10552839,0.16399843
1.327283,0.47703,1.143159,0.7699456,0.11742064,0.13274293
1.1773232,0.7506506,1.3872423,0.79850036,0.4600852,0.14877065
1.79878,0.9535228,1.3386407,0.7437024,0.2728659,0.15540749
1.2994709,0.53205186,1.2710955,0.7257471,0.1949722,0.16278443
1.1774223,0.63362306,1.7272127,0.8235933,0.5007027,0.10806352
1.5783879,0.6627892,1.3766878,0.76769584,0.31205633,0.14802377
1.5130203,0.6750659,1.817904,0.85274655,0.32214975,0.10480123
1.4266353,0.5905232,1.5418603,0.80977833,0.5765519,0.15751144
1.52736,0.86072326,1.2416959,0.7423747,0.20118612,0.14917307
1.547579,0.67487115,1.5406554,0.79227537,0.2948039,0.13136841
1.1544462,0.6519806,1.5588906,0.8032203,0.4215933,0.13416421
1.0042983,0.99030566,1.2344985,0.7832763,0.2295316,0.1353631
1.1232548,0.979139,1.1632273,0.798855,0.25929636,0.13338502
1.9321208,0.86691856,1.2906315,0.7954729,0.30980226,0.13237591
1.8544551,0.9930824,1.4060884,0.6938535,0.11844041,0.16621357
1.6993581,0.9296645,1.4075625,0.76919943,0.37348083,0.14608978
1.6241254,0.62956464,1.1312132,0.78155804,0.1977832,0.13245076
1.5404215,0.6288743,1.3686864,0.7583618,0.37494248,0.15527204
1.3622737,0.54157805,1.3912017,0.8150035,0.55335015,0.1512755
1.7108117,0.848628,1.8136332,0.8791308,0.54778033,0.10976617
1.77463,0.9950085,1.3046136,0.79618114,0.409224,0.14849202
1.9006977,0.8894886,1.3765278,0.6863458,0.11887719,0.17709363
1.4829236,0.823472,1.3484874,0.76350445,0.21631546,0.14619036
1.2063123,0.53323185,1.2174621,0.7550024,0.21738297,0.14608409
1.4740568,0.54549253,1.3874044,0.72910935,0.2770402,0.16275436
1.4792688,0.92217904,1.1763909,0.7693475,0.1798753,0.13908665
1.0761821,0.86091924,1.5230849,0.7982506,0.37086415,0.13063914
1.4907947,0.6441776,1.2257266,0.7895936,0.22521804,0.13480467
1.5226643,0.7560833,1.3480425,0.7767203,0.33534205,0.1510704
1.2532399,0.8373378,1.1776698,0.77112114,0.20112541,0.13671957
1.4556473,0.6268831,1.2387016,0.79153,0.37334576,0.138129
1.3207941,0.92275524,1.3065724,0.7542433,0.27610537,0.15449975
1.8743782,0.94765687,1.3192568,0.7486571,0.27531973,0.15235753
1.0296569,0.8084796,1.6101575,0.81240976,0.3556905,0.12984195
1.6267275,0.65701234,1.0246534,0.8116383,0.13600834,0.11862411
1.5989511,0.9955788,1.2278914,0.7781514,0.3337229,0.1373952
1.2193809,0.6983954,1.6672864,0.848082,0.4655271,0.10863894
1.2855432,0.7254039,1.3505502,0.81339306,0.5585932,0.15041555
1.284812,0.9407881,1.1861608,0.7616739,0.18684305,0.14194192
1.8999636,0.83669376,1.3473825,0.78908336,0.4425418,0.14884074
1.5084479,0.5440946,1.4312072,0.7274185,0.19174914,0.15296902
1.4013615,0.75561255,1.6403332,0.8293515,0.57349205,0.123074144
1.6177622,0.7333085,1.409034,0.7769555,0.30055103,0.13466775
1.7376806,0.74820685,1.2575483,0.7657919,0.2242684,0.14033107
1.5792029,0.87742585,1.4377193,0.74596953,0.26736066,0.16341692
1.058862,0.7142492,1.5381317,0.8097004,0.76205647,0.14639583
1.406984,0.83140725,1.0962424,0.84546864,0.2798123,0.116211936
1.395142,0.63167405,1.3378644,0.72361344,0.19817229,0.15800872
1.7232289,0.70538336,1.7453895,0.7834847,0.060616575,0.11438088
1.6242753,0.6106252,1.6083302,0.8139665,0.4369492,0.1346293
1.5544996,0.53535944,1.21436,0.7477659,0.21468014,0.14658064
1.9645365,0.8502464,1.2007825,0.7538292,0.13912739,0.14032334
1.8771198,0.86838865,1.5397522,0.77615136,0.43534607,0.14568904
1.7356466,0.9962047,1.601351,0.82410604,0.35184583,0.11861734
1.7471092,0.66917706,1.405204,0.75066257,0.2795486,0.15103115
1.533593,0.9009009,1.4689138,0.81513196,0.5848277,0.13672903
1.3559253,0.75518066,1.5335231,0.76686287,0.44705176,0.15172736
1.5359411,0.7065911,1.3767095,0.6814823,0.099445306,0.17174958
2.0003948,0.88581944,1.3862555,0.78674865,0.43391612,0.15359896
1.3267952,0.65812206,1.1404865,0.797336,0.21331154,0.12950805
1.0457164,0.8194152,1.3021176,0.8119907,0.3339407,0.12336298
1.8814175,0.9992095,1.0988057,0.80399865,0.272291,0.1340315
1.498873,0.5660256,1.4725609,0.75728345,0.3262651,0.16534063
1.6155845,0.575025,1.366816,0.77900726,0.39806685,0.15738967
1.4832695,0.63122606,1.2473896,0.775041,0.33106086,0.14304547
1.4474498,0.70992005,1.3742743,0.76559037,0.28378522,0.14672619
1.3519602,0.48439524,1.2779357,0.80626947,0.34997702,0.13196447
1.1527096,0.8915293,1.2346101,0.79034805,0.3237572,0.1425414
1.5776873,0.7022128,1.7233171,0.80340165,0.29963535,0.12651159
1.4238548,0.71756524,1.55967,0.8220791,0.65639585,0.13451006
1.3273522,0.7431466,1.4182072,0.79692435,0.48300058,0.13482732
1.8134222,0.81527615,1.3165026,0.78633523,0.32486394,0.14118971
1.8116457,0.8869125,1.0771103,0.8266879,0.22115096,0.11815641
1.1852316,0.66683185,1.2277217,0.79109925,0.44367307,0.142547
1.4902984,0.72949624,1.4879076,0.7612852,0.3243848,0.14650375
1.2151098,0.8881341,1.3342161,0.69694495,0.17013682,0.17475541
1.9277796,0.85286766,1.5819387,0.7986829,0.43046466,0.13297889
1.5393683,0.9910546,1.405302,0.8030184,0.3402612,0.13314262
1.2904342,0.51388645,1.3583162,0.70380116,0.12263511,0.16373491
1.6183913,0.67050636,1.3438067,0.7267929,0.16939853,0.1584962
1.0061537,0.9453095,1.5951157,0.81597894,0.55185276,0.13269754
1.5345265,0.5620224,1.3967674,0.6835391,0.13048962,0.17571294
1.6135428,0.8028285,1.5157411,0.80385953,0.34692782,0.12870835
1.5751424,0.96112984,1.2248034,0.79291373,0.3421724,0.14247583
1.5740732,0.7449473,1.1660352,0.748756,0.10046657,0.13937682
1.7530609,0.91128415,1.5841882,0.7902751,0.464145,0.13363954
1.6971562,0.8372317,1.6344657,0.81940454,0.63634026,0.13298887
1.722133,0.99697816,1.1722159,0.7922427,0.2833102,0.13188434
1.6444023,0.84029275,1.238822,0.7622116,0.27565274,0.14350513
1.7155925,0.93464637,1.3905075,0.79395866,0.38858828,0.14357337
1.1950271,0.6352965,1.3611233,0.7690935,0.3224001,0.14910673
1.2095032,0.8247198,1.1788542,0.80131596,0.25283244,0.12611505
1.3313583,0.8695976,1.2005548,0.7615808,0.23584402,0.14491406
1.3837425,0.4816447,1.3491738,0.74518365,0.28173843,0.17376919
1.5679284,0.6811901,1.5715919,0.79348475,0.21549363,0.13126639
1.3856505,0.53324646,1.4714959,0.82079464,0.49727285,0.13658367
1.9167624,0.92843366,1.4144568,0.70383024,0.16685438,0.16749386
1.1149808,0.87976056,1.1998675,0.7739986,0.20856673,0.13520037
1.8013165,0.8555598,1.3343048,0.76186013,0.2809645,0.1503425
1.3688639,0.63121027,1.4062285,0.7906244,0.43825385,0.13378096
1.0748807,0.87982404,1.3328893,0.7725133,0.28597465,0.14571445
1.4823558,0.56549066,1.5092044,0.82900053,0.5982033,0.15454847
1.6177235,0.574307,1.2210388,0.8002332,0.34644192,0.13667393
1.1179041,0.6271124,1.406712,0.7400816,0.1901908,0.15396406
1.0656767,0.7540537,1.172015,0.7950514,0.28795296,0.13170397
1.534131,0.7681957,1.472769,0.73914814,0.2826027,0.1606495
1.9472212,0.89992005,1.3695452,0.7727815,0.33335552,0.14554937
1.3162719,0.87242156,1.210078,0.81114733,0.35636863,0.13857564
1.4871371,0.5350606,1.495862,0.78345037,0.35971552,0.15813239
1.4240992,0.52270275,1.0889107,0.8187135,0.2198896,0.12266791
1.9013678,0.8417721,1.2790484,0.78748167,0.29285023,0.13028987
1.3235906,0.42910558,1.56166,0.8502708,0.6702819,0.12384706
1.799782,0.8939571,1.4524593,0.7337348,0.32737112,0.1659868
1.3121234,0.833126,1.1434686,0.78729063,0.20452571,0.1308003
1.59021,0.6039326,1.4969375,0.7804313,0.3851222,0.15200073
1.9905461,0.9013508,1.3190444,0.6780318,0.04504845,0.16545446
1.306953,0.45402965,1.4102135,0.81351334,0.39609087,0.13709164
1.2438319,0.92717063,1.1392981,0.7916962,0.22175099,0.13018313
1.2847825,0.7102948,1.4034171,0.80568665,0.4547793,0.14371945
1.2479887,0.8855152,1.107867,0.78037167,0.16845983,0.13150401
1.1858828,0.5516614,1.5284827,0.804697,0.5267485,0.15168695
1.6397715,0.64217496,1.5098021,0.88056993,0.7865654,0.1194114
1.2470969,0.7894386,1.4165802,0.79417133,0.42543685,0.15999964
1.5141115,0.8120688,1.175689,0.7705697,0.17476581,0.13661297
1.3120238,0.53853655,1.40832,0.7531707,0.19503538,0.14322795
1.2444388,0.7013881,1.287545,0.74364555,0.25946575,0.15603071
1.2876751,0.44715774,1.0980241,0.78924143,0.13305417,0.124602474
1.7560191,0.6724887,1.1329464,0.82294375,0.26142436,0.12141301
1.119008,0.6806378,1.143357,0.82293695,0.26280928,0.1257606
1.7855504,0.78742564,1.3024075,0.74543476,0.31898844,0.15262689
1.5367651,0.56595033,1.3354979,0.7191445,0.13862081,0.16026047
1.3862014,0.6975833,1.3997071,0.735799,0.21990016,0.15798469
1.164982,0.61308193,1.4082239,0.7557965,0.2987577,0.14935042
1.5865301,0.57536864,1.0144303,0.83748263,0.21300983,0.11743986
1.5178877,0.880849,1.1146221,0.79952985,0.17074871,0.12544225
1.680598,0.80016524,1.4357362,0.7197497,0.17660812,0.16046236
1.22377,0.5516723,1.2965462,0.7230141,0.21706332,0.15664673
2.0085757,0.99690187,1.2937789,0.7389649,0.22493166,0.15346666
1.2679445,0.57691306,1.1554282,0.7900634,0.22548693,0.1334384
1.2896441,0.8420913,1.2825327,0.7359128,0.23172611,0.15817054
1.3622009,0.52269006,1.3076358,0.7462311,0.22964138,0.15681851
1.8716323,0.9576857,1.3311708,0.7678502,0.32091013,0.14181721
1.4560573,0.49678707,0.9906893,0.86298674,0.23494548,0.10255679
1.3923495,0.52784145,1.4986987,0.78383607,0.42139435,0.14187427
1.2865552,0.4723188,1.5054958,0.7462163,0.23196548,0.15740879
1.9384546,0.84845406,1.4444273,0.73959017,0.18030219,0.15452503
1.4869692,0.77486503,1.6349976,0.85146147,0.33805916,0.09948452
1.4913424,0.74252117,1.5570595,0.79135853,0.4946921,0.14888956
1.2929332,0.64879024,1.2689075,0.7616545,0.28329036,0.14887348
2.053295,0.91425854,1.2418251,0.73820573,0.17131138,0.15090388
1.2177082,0.64854884,1.2804694,0.7699218,0.26010677,0.13971908
1.5160426,0.6176697,1.265579,0.7751473,0.24894932,0.1418797
1.9499696,0.9266678,1.5871141,0.8557113,0.5000697,0.10903266
1.5223604,0.691397,1.3455613,0.7659708,0.30086544,0.14898741
1.4973539,0.9982227,1.397254,0.8104883,0.36721468,0.13028318
1.2477033,0.8334608,1.4812179,0.730109,0.17180905,0.15491042
1.59683,0.80442065,1.4546449,0.8410325,0.77979064,0.14026898
1.363203,0.57847077,1.2548387,0.7214102,0.1377693,0.15793054
1.4859989,0.532301,1.5229554,0.84113795,0.49863562,0.1243503
1.823293,0.822507,1.2526293,0.7635612,0.2632712,0.1409814
1.786938,0.80727863,1.2409778,0.7523413,0.23164426,0.14837877
1.2996181,0.45508838,1.3878787,0.71352375,0.18545876,0.16793755
1.5318477,0.67965525,1.5544195,0.8157901,0.37785876,0.13746265
1.063263,0.77446973,1.2116277,0.79210025,0.21078983,0.13273153
1.3586756,0.5689786,1.2640352,0.772033,0.25946692,0.1469822
1.3842224,0.5812228,1.5794044,0.79466724,0.37728617,0.13749556
1.3869046,0.5620244,1.5967078,0.849021,0.6820246,0.13289523
1.4208442,0.9804961,1.36776,0.7479184,0.24389891,0.16065136
1.1617115,0.79208094,1.4440367,0.803608,0.48610884,0.14616778
1.2476641,0.7827224,1.1447765,0.7946649,0.17351253,0.12512685
0.90795827,0.9364015,1.3813207,0.7766595,0.45079815,0.15265118
1.2346299,0.6792773,1.0725119,0.82308584,0.1509614,0.114308424
1.679574,0.6620587,1.4751792,0.7952111,0.63464916,0.14017695
1.7272103,0.9382338,1.5367234,0.7476487,0.146664,0.141115
1.5146648,0.7093185,1.3306084,0.7423154,0.20581454,0.14946738
1.9122664,0.8359479,1.3201444,0.8212108,0.44165885,0.14111905
1.5683798,0.58160627,1.4237523,0.75919545,0.38776687,0.15423083
1.5483079,0.6616212,1.4300218,0.761395,0.45376456,0.16156276
1.750934,0.94065505,1.3909597,0.7747909,0.34047583,0.14313088
2.064655,0.9999795,0.9709312,0.8665471,0.13651863,0.10128392
1.8213553,0.84179896,1.2324841,0.8041212,0.24361438,0.123672254
1.4091973,0.48920947,1.3476834,0.7643933,0.34440172,0.15666772
1.7189524,0.93851954,1.2963102,0.7634497,0.21893609,0.14514974
1.5905939,0.5697001,1.1946051,0.7936899,0.3083937,0.14019753
1.3458371,0.6381951,1.3682361,0.75168407,0.33595216,0.15906546
1.7484399,0.8395788,1.275167,0.7667601,0.24389088,0.14773092
1.2491461,0.66888875,1.6299589,0.7919868,0.39169195,0.13594614
1.7963517,0.7766386,1.319628,0.73528355,0.2670471,0.16235466
1.9933457,0.92059016,1.4075632,0.8149952,0.46933466,0.14041683
1.3316915,0.7010164,1.3172121,0.80325365,0.41818818,0.14285353
1.9145185,0.8473652,1.5189757,0.83750165,0.48804516,0.11958271
2.0130982,0.8825206,1.5218546,0.81368667,0.55164224,0.14725882
1.3241003,0.55008405,1.4654245,0.7875818,0.5113892,0.14856808
1.4047662,0.5971665,1.4281528,0.7034104,0.15060571,0.16477253
1.2356646,0.56017596,1.2378471,0.7971796,0.3201949,0.13507515
1.7001363,0.99837726,1.1025548,0.8231619,0.19659443,0.12231602
1.8769233,0.88248175,1.176918,0.7451246,0.15156396,0.1478169
1.3431789,0.60710233,1.0792773,0.82518727,0.22299482,0.11950789
1.5910668,0.91986156,1.4394214,0.7726544,0.30142933,0.14611362
1.6821151,0.866297,1.3372016,0.7813953,0.34088382,0.13637422
1.3917193,0.7691594,1.3043826,0.71277595,0.08383205,0.15462759
1.9337431,0.9247421,1.6989346,0.8185623,0.33173937,0.10932601
1.8892866,0.98277706,1.2217481,0.77188474,0.25098333,0.13989684
1.8081362,0.85592717,1.3272269,0.7424338,0.22034794,0.15325595
1.2057093,0.6218755,1.3266814,0.70728415,0.16701487,0.1741099
1.3072855,0.8256583,1.4392643,0.75360894,0.30528605,0.14638337
1.4057027,0.56968004,1.3495724,0.7668917,0.35458553,0.15017122
1.3496623,0.9001171,1.3651378,0.7846735,0.31700888,0.14738627
1.3840286,0.9571418,1.7234197,0.8389951,0.32590127,0.11205077
1.3362457,0.6009883,1.0852609,0.84787023,0.258224,0.11417578
2.044364,0.9639175,1.1952691,0.75052166,0.14852092,0.1441145
1.5323714,0.92119426,1.3515816,0.72724545,0.23767541,0.16153456
1.5236931,0.7195253,1.375277,0.74187654,0.27719593,0.15760598
1.4182178,0.44345924,1.3885934,0.73806477,0.27775306,0.16239417
1.9652953,0.94423234,1.2472315,0.80046654,0.4286144,0.13947447
1.632197,0.85382617,1.47679,0.7619101,0.34407347,0.15447482
1.6107529,0.6917534,1.2952404,0.756492,0.2609456,0.15862873
0.9779588,0.9386235,1.3245254,0.8528483,0.489015,0.11949731
1.3343112,0.982348,1.1591592,0.7817656,0.20789197,0.13312764
1.5447149,0.9743566,1.9893408,0.91405934,0.4236355,0.086452805
1.3954579,0.57672167,1.3690808,0.74269104,0.24281101,0.15021591
1.4146037,0.50361156,1.5177395,0.733209,0.15297145,0.15548296
1.5103549,0.6677252,1.3046937,0.7564757,0.3281317,0.15606324
1.1532043,0.95874476,1.1966155,0.79021096,0.18074837,0.1305654
1.5684075,0.59923196,1.220989,0.74593604,0.20250194,0.14637992
1.5034077,0.9341792,1.3025453,0.74038315,0.25646546,0.16442388
1.0663667,0.6679963,1.3050027,0.7457988,0.22707027,0.15746792
1.6757159,0.93487746,1.0327905,0.83963734,0.26527923,0.12297156
1.3366973,0.60568553,1.5677814,0.79685,0.3463038,0.12161049
1.0779612,0.9498645,1.1436396,0.76690644,0.13502897,0.13519616
1.3542521,0.42114475,1.0727706,0.8225011,0.22271855,0.11952631
1.6840374,0.8772445,1.4221623,0.78587085,0.36370176,0.13990903
1.350247,0.5949091,1.046263,0.8250473,0.16749084,0.11384722
1.1581516,0.87587315,1.3098736,0.78776634,0.42423952,0.1361239
1.2514153,0.57986695,1.3610322,0.71635664,0.16699778,0.16382842
1.6343582,0.97626066,1.162026,0.8049121,0.22822301,0.13224383
1.4524083,0.8457618,1.1319668,0.8020079,0.2336299,0.12570153
1.2150419,0.7437354,1.2008379,0.7811413,0.28879425,0.14282772
1.8173921,0.75167763,1.3935554,0.8007898,0.5283262,0.13907823
1.5964392,0.6137636,1.2449665,0.76488394,0.24685079,0.1445542
1.7844868,0.9263087,1.5068097,0.766208,0.37958413,0.15874787
1.6937363,0.97928524,1.260464,0.73545796,0.18534407,0.14919049
1.4210887,0.54914534,1.2556183,0.75083,0.21490264,0.14740434
0.98834234,0.7843286,1.4167812,0.7173619,0.19521488,0.16112255
1.2104509,0.56623256,1.3188348,0.7457486,0.258435,0.15858558
1.1781726,0.5752478,1.3449378,0.69946456,0.1762725,0.16659066
1.2552963,0.96922415,1.2130442,0.7504046,0.27893132,0.15158534
1.6671504,0.6096642,1.2820237,0.77936316,0.3779181,0.14545971
1.3667209,0.56551087,1.2736909,0.7948951,0.36493677,0.14196922
1.7473577,0.90258753,1.2003677,0.80048436,0.3450355,0.13250656
1.1786237,0.62989247,1.2118819,0.7566433,0.230948,0.14859279
1.9443479,0.9002665,1.4155376,0.72554135,0.32027426,0.1660778
1.8275015,0.96313876,1.3819747,0.74993604,0.34254596,0.16765606
1.3172835,0.4654064,1.2034588,0.75104964,0.18411742,0.14847992
1.4113979,0.99912417,1.1663387,0.784091,0.18830974,0.13114657
1.3430148,0.71600205,1.5198805,0.79555017,0.5252104,0.14400043
1.8163162,0.89487374,1.3323486,0.77321815,0.28362182,0.14141943
1.0631393,0.84879076,1.3445263,0.7803383,0.36157587,0.1445718
1.3348222,0.7695787,1.2726676,0.73109806,0.1717398,0.15213516
1.5897591,0.61631995,1.1399255,0.81508857,0.30073178,0.12771192
1.3230014,0.429288,1.2100432,0.8293599,0.43420446,0.12296827
1.278566,0.7375298,1.4567883,0.82584345,0.56525224,0.1294262
2.004009,0.8964072,1.477128,0.7141932,0.18296249,0.15956199
1.0558133,0.91400653,1.437732,0.85336965,0.48644692,0.10670845
1.3588684,0.7557348,1.5148191,0.78936875,0.58159494,0.1433252
1.8269861,0.85966814,1.4284928,0.7229537,0.16048765,0.15663503
1.2579925,0.97275126,1.3030193,0.6795298,0.059896775,0.17088251
1.594552,0.94771695,1.3778095,0.70970774,0.23536639,0.16417506
1.5492418,0.9681731,1.1037464,0.7942782,0.18775599,0.12879246
1.1462988,0.7312701,1.2741482,0.7501277,0.21350934,0.14771107
1.722545,0.66096866,1.4108753,0.7566043,0.28417593,0.15801504
1.8114088,0.88291115,1.2820587,0.7299,0.18616389,0.15351939
1.9643286,0.89661264,1.2687483,0.78014505,0.36350912,0.14418189
1.7847809,0.88553345,1.3209994,0.81157154,0.42344216,0.13225845
1.4573536,0.6593447,1.2691822,0.78796214,0.26840192,0.13657168
1.3267754,0.59362817,1.1809907,0.7473906,0.14011897,0.1421771
1.4611282,0.8076823,1.3671963,0.7596909,0.2758617,0.14859942
1.5982671,0.92521346,1.7652543,0.8578881,0.6287131,0.111336604
1.4096234,0.70307064,1.3916471,0.7412504,0.2800845,0.1641975
1.4574746,0.50622106,1.1840005,0.78018165,0.24712105,0.13538302
1.4223013,0.49020904,1.5327475,0.80827004,0.42595914,0.13337001
1.3941396,0.7914152,1.5646944,0.81097907,0.73406327,0.15659386
1.2826245,0.6398816,1.403178,0.7761571,0.30853173,0.150338
1.452305,0.61272895,1.249824,0.7296217,0.09660161,0.14976443
1.0295993,0.8742092,1.547498,0.8079968,0.46953562,0.14086816
0.9514581,0.86122525,1.4745207,0.7347129,0.22504868,0.1555423
1.7212734,0.91496754,1.4349298,0.78899,0.39462528,0.14290497
1.6186193,0.56946707,1.5399013,0.81813335,0.50739175,0.13022666
1.7528706,0.8588386,1.4469864,0.766258,0.3159386,0.13776106
1.8838344,0.83738285,1.3458195,0.8163809,0.45602122,0.12801272
1.5452927,0.77467006,1.3480363,0.82275015,0.4780815,0.13582687
0.9315269,0.87579703,1.1929588,0.80869293,0.37144238,0.13381182
0.9152803,0.9728505,1.3772404,0.74622697,0.2503831,0.15547816
1.6196202,0.69992316,1.3715043,0.79776293,0.4675528,0.14890218
1.2822185,0.7595469,1.2081714,0.7956491,0.33245832,0.13547786
1.2387164,0.9140432,1.1257563,0.82218635,0.1855668,0.118458085
1.924278,0.8086786,1.3270183,0.7736653,0.30609304,0.14317843
1.5308847,0.8253457,1.4324353,0.8121889,0.41571462,0.14713785
1.9011517,0.8941301,1.550498,0.8308934,0.6044859,0.14212132
1.510533,0.73985964,1.1484463,0.7668973,0.14080329,0.13565269
1.519645,0.8588847,1.3009932,0.78673077,0.37078944,0.14153637
1.1655391,0.89030594,1.3614411,0.78566694,0.34932718,0.14762272
1.7205704,0.6722329,1.2397387,0.7480353,0.25184253,0.15681674
1.8710054,0.9901044,1.3842752,0.7542804,0.3032074,0.16977347
1.8311561,0.7342446,1.3567812,0.79791456,0.36929435,0.13302591
2.125839,0.9919299,1.6024401,0.7657785,0.25418457,0.14346026
1.3635207,0.9198169,1.3630459,0.7856235,0.3555917,0.13980243
1.9660149,0.8423216,1.2295234,0.7668489,0.21421362,0.14105514
1.4107095,0.4786929,1.1575537,0.83141166,0.33943352,0.12667231
1.66172,0.7237518,1.3223951,0.7777461,0.36144942,0.14417905
1.5326324,0.683369,1.2714407,0.72291845,0.21520227,0.16092679
1.4840797,0.8040495,1.7099304,0.79891735,0.111641295,0.11645821
1.2036617,0.87775826,1.3577974,0.6991732,0.092027925,0.16519877
1.2022516,0.69973004,1.274189,0.76357394,0.26192096,0.14602064
1.5588365,0.8948522,1.2522621,0.7743889,0.2389311,0.14042573
1.1651593,0.67135215,1.174578,0.7718228,0.21828169,0.13824037
1.4082276,0.45407343,1.3693924,0.750631,0.30419204,0.1528676
1.4316876,0.54718626,1.6225626,0.7908162,0.38258228,0.1326333
2.0860054,0.98789454,1.4132502,0.7570777,0.38401064,0.15760632
1.6010417,0.5977108,1.1336994,0.78025377,0.22181304,0.13758771
1.1541272,0.931786,1.558588,0.74119437,0.12921773,0.14144902
0.9985972,0.88252103,1.3902113,0.72093916,0.25619185,0.15546462
1.2950006,0.5595453,1.1806738,0.7609209,0.15950337,0.1356716
1.7033068,0.7970642,1.2562821,0.85912067,0.53997076,0.117241085
1.3922358,0.60022736,1.3178685,0.7817805,0.40140817,0.14473312
1.3097072,0.53157943,1.425946,0.7524108,0.31162027,0.16024253
0.909682,0.95742023,1.3922892,0.75149256,0.31547737,0.15160492
1.4613727,0.6332906,1.5288258,0.7765515,0.350511,0.15794115
1.4230288,0.53290683,1.4018857,0.72909456,0.22004975,0.15824714
1.4836283,0.6356122,1.1359637,0.7883558,0.19468038,0.13167903
1.9278828,0.84237933,1.2557828,0.72237885,0.16342276,0.15648086
1.3072286,0.43022996,1.2624187,0.73118913,0.2124973,0.15672283
1.3466891,0.53616995,1.2682941,0.80444527,0.33784753,0.13622989
1.2938111,0.8579266,1.2336476,0.7909548,0.24726875,0.13685378
1.8889169,0.8123484,1.1030586,0.7891671,0.19596007,0.13074501
1.3817756,0.7226378,1.2471762,0.7901069,0.2946867,0.13655558
1.1841311,0.8672882,1.3389645,0.7003912,0.16219682,0.16215053
1.8502196,0.7540428,1.5317383,0.81934243,0.53505504,0.12568642
1.7490118,0.807677,1.3856177,0.74951243,0.29698128,0.14904605
1.1398885,0.5804615,1.331568,0.807363,0.35418013,0.13810684
1.5483261,0.822773,1.2789366,0.7873738,0.346622,0.14532642
1.2792842,0.4851672,1.2641668,0.7819617,0.30637535,0.1427487
1.2589493,0.7956959,1.322552,0.7233808,0.22484016,0.1582342
1.352845,0.60336125,1.3372648,0.7541479,0.21641321,0.14518413
1.1552333,0.8397042,1.1156361,0.8316396,0.25584164,0.12166711
1.2755655,0.7299091,1.3580587,0.7906629,0.41719648,0.15188088
1.6652782,0.8553489,1.2490773,0.80531234,0.30105978,0.1301715
1.5406301,0.5142893,1.7952702,0.8599574,0.3348184,0.09899694
0.99211127,0.7951353,1.1864772,0.7660223,0.20347658,0.13835225
1.7387788,0.762232,1.4101684,0.76506335,0.47516453,0.15416908
1.3469312,0.54573697,1.2619629,0.78546476,0.31348976,0.14298126
1.0552387,0.86171865,1.0675988,0.77754587,0.07068082,0.12222109
1.5329208,0.8854217,1.3085744,0.7703316,0.33741176,0.14218342
1.4679317,0.9281904,1.3252022,0.7722664,0.31962118,0.14925559
1.6255944,0.63195914,1.2334936,0.7522536,0.14537413,0.14302067
1.2863401,0.95599633,1.3012469,0.71098423,0.14083499,0.16008922
1.7501742,0.8231233,1.5193348,0.75938076,0.32890445,0.15155889
1.3762188,0.8559261,1.203363,0.7706716,0.22146837,0.13597432
1.6281884,0.74316937,1.4366491,0.8166228,0.4012095,0.13423775
1.1383314,0.5962959,1.3086762,0.7523274,0.22635016,0.15312397
1.5336218,0.9462836,1.3259139,0.8022228,0.49257898,0.14459956
1.2227651,0.5593145,1.2722075,0.74074167,0.19395892,0.15047818
1.2473565,0.68925947,1.5224876,0.73885274,0.19071677,0.1488208
1.5180075,0.6225623,1.3292947,0.71372986,0.21787947,0.16257294
2.0393724,0.9961894,1.1734636,0.79605424,0.2705249,0.13297483
1.8316562,0.88286823,1.3685272,0.7676463,0.33563372,0.1561511
2.0363946,0.9088702,1.1116662,0.8108345,0.2411182,0.12580192
1.863804,0.7668593,1.2480364,0.73746437,0.1746274,0.15134075
1.6983224,0.6677259,1.3316765,0.7310715,0.17878415,0.15266709
1.3407847,0.99205214,1.3707695,0.7532102,0.32258472,0.15724936
1.427261,0.53241676,1.3849592,0.7755184,0.4159749,0.1471531
1.5772531,0.62305886,1.262501,0.7902719,0.408323,0.14663497
1.5868001,0.77972037,1.2588122,0.78741616,0.30216873,0.13751717
1.4722886,0.84262896,1.1583228,0.75967133,0.17675595,0.14139733
1.5021528,0.8129578,1.2343256,0.7489151,0.16845304,0.14666893
1.6284399,0.8891715,1.4132392,0.7875297,0.400254,0.13119581
1.4526899,0.55068654,1.367039,0.79389995,0.44053093,0.14483249
1.1714092,0.9889281,1.3925538,0.8572951,0.66721797,0.118856475
1.5598545,0.5571889,1.2523322,0.76308143,0.20633514,0.14290892
1.2302673,0.6323432,1.1626202,0.77566385,0.18851244,0.13628864
1.5465238,0.5260503,1.2155576,0.77776515,0.20709504,0.13544393
1.2438611,0.59275275,1.1412797,0.7644928,0.08048832,0.12954465
1.6632445,0.9456483,1.1254201,0.79562944,0.28117058,0.13380036
0.95307887,0.9603028,1.2700076,0.75871027,0.24477732,0.14810461
1.9042941,0.7940705,1.5069079,0.83201474,0.6734136,0.12562032
1.5504609,0.5480238,1.4332614,0.84511876,0.56446975,0.11792422
1.5221373,0.51776844,1.2484527,0.7443046,0.20206268,0.15131447
1.4082696,0.46104634,1.2986867,0.7055527,0.14994259,0.1642913
1.3455099,0.65767586,1.470712,0.7708554,0.50655335,0.15729712
2.1553638,0.9926961,1.3648367,0.76391613,0.3447297,0.15203586
1.0201422,0.95327675,1.477664,0.78318006,0.39541277,0.14321412
1.4543431,0.48368135,1.2864797,0.85184664,0.43475917,0.11598176
1.825367,0.77292275,1.2863648,0.75379395,0.25011656,0.14965771
1.6063573,0.6655087,1.3002503,0.7835108,0.31866977,0.13374999
2.0096955,0.89995927,1.3553467,0.8235557,0.47426283,0.14552838
1.7059622,0.7320322,1.3318207,0.7802968,0.32820272,0.14014308
1.5220579,0.9503472,1.7232819,0.8898252,0.66868293,0.091108404
1.487961,0.8490929,1.4083049,0.8050943,0.5041541,0.15376993
1.7123876,0.94529974,1.3523109,0.7545037,0.24529408,0.16094425
1.5280628,0.5691503,1.2840917,0.7332731,0.16977564,0.15280716
1.8963679,0.77750385,1.1494281,0.77223444,0.1781667,0.13744995
1.890882,0.9805635,1.3562295,0.7260674,0.2233512,0.15955342
1.4932545,0.98364663,1.1688656,0.8073928,0.2121512,0.1262107
1.5194117,0.7466588,1.1351068,0.80720395,0.2565458,0.12678081
1.9542016,0.9008222,1.7502792,0.8357384,0.560924,0.12699746
1.8065482,0.70615774,1.3275728,0.7091173,0.16568154,0.16926096
1.1219746,0.9952294,1.3088274,0.70964605,0.12233571,0.15843973
0.962081,0.8852425,1.5477281,0.84553736,0.48133692,0.11857276
1.8629191,0.8740444,1.180423,0.7860174,0.28565294,0.14161903
1.7560321,0.87006193,1.1258695,0.81205827,0.23132059,0.12951513
1.8504196,0.86474514,1.4407594,0.80457467,0.47893655,0.14865263
1.2458552,0.70284176,1.7877014,0.8430049,0.3091921,0.11135592
1.687812,0.86807483,1.5418284,0.8015141,0.3206773,0.13121581
1.9094032,0.7741872,1.3055341,0.78598034,0.34290826,0.14909999
1.3807815,0.65287465,0.9967114,0.8668669,0.21514915,0.106276155
1.572791,0.77544457,1.3215408,0.75614613,0.4501392,0.16677184
1.4572486,0.73988324,1.3299255,0.7029696,0.114769205,0.1632257
1.2485517,0.60820776,1.1400106,0.8054349,0.292438,0.12921825
1.8463993,0.7635596,1.5545056,0.8053481,0.3749791,0.13168068
1.5858365,0.7038062,1.088325,0.8349673,0.31415692,0.123408705
1.5132269,0.9675913,1.401712,0.7082782,0.14992757,0.16086431
1.615782,0.85723406,1.3945415,0.7596636,0.34304032,0.16041975
1.2710335,0.8853345,1.4943879,0.7942146,0.40993047,0.13586606
1.8951882,0.9994585,1.3202248,0.79353327,0.30973786,0.1360235
1.6347985,0.97287357,1.2378345,0.80578464,0.43582845,0.14687067
1.5670443,0.96496904,1.154592,0.80711293,0.25119254,0.12778708
1.5171754,0.9900024,1.1329525,0.7822937,0.16411836,0.13175239
1.4146147,0.7516905,1.4075973,0.7700348,0.32710227,0.1456133
1.6572182,0.5955849,1.1910317,0.85282207,0.46401054,0.107873775
1.9928824,0.85492456,1.3352478,0.75144297,0.21355341,0.1524652
1.4424078,0.6047875,1.3719952,0.72182304,0.1976658,0.16642639
1.9994553,0.9166675,1.3372822,0.7261903,0.24633741,0.16732112
1.1543088,0.76253295,1.5231092,0.79867345,0.36788175,0.13087
1.8377237,0.7737183,1.2090936,0.7767395,0.24850063,0.14271022
1.1647122,0.6878773,1.2176499,0.74924994,0.12956572,0.1445974
1.8068057,0.71429855,1.6242554,0.8241357,0.50071174,0.13313091
1.666805,0.88484335,1.3522844,0.7467545,0.29481286,0.15843312
1.9903396,0.8408756,1.2706182,0.7387497,0.16365777,0.1489567
1.3955792,0.55330074,1.3536885,0.77485067,0.32861245,0.14830251
1.3846136,0.4642451,1.7210755,0.83298343,0.49028173,0.12425341
1.5410322,0.7863531,1.2980084,0.78532267,0.33709955,0.14495347
1.2786248,0.49936715,1.3060465,0.7632848,0.31775638,0.14694034
1.4681791,0.8855848,1.3382046,0.77165115,0.2896928,0.14337401
1.6353298,0.8442813,1.5740366,0.7692208,0.36022562,0.1604992
1.5314808,0.5898067,1.4165757,0.794014,0.42344913,0.14514123
1.3074307,0.5641248,1.446377,0.7963429,0.49291036,0.14392357
1.504999,0.6086993,1.832758,0.88310975,0.43482208,0.094887055
1.2793572,0.4892776,1.3770888,0.76226723,0.31932086,0.15001309
1.336132,0.908628,1.3031759,0.74781954,0.18030696,0.15006064
1.6367998,0.7827207,1.0758915,0.8185571,0.176652,0.117866166
1.5911248,0.813794,1.3275316,0.83431953,0.51685524,0.1295819
0.936252,0.9097014,1.2820373,0.8068078,0.34756646,0.13424529
1.6537505,0.7257356,1.6587679,0.87781364,0.70790243,0.10134477
1.3080275,0.62599415,1.3321295,0.771676,0.37252554,0.14552681
1.3422496,0.77971005,1.4987812,0.7320079,0.26656348,0.1503816
1.5212684,0.6213898,1.040516,0.80397016,0.116861835,0.11757806
1.2809952,0.5077528,1.4980404,0.7919386,0.38397864,0.14840138
1.3143637,0.5070143,1.5651791,0.8297122,0.52892596,0.14242885
1.3906438,0.6685086,1.298569,0.7487136,0.2702866,0.1535059
1.8807766,0.91018057,1.2504487,0.794448,0.33033845,0.13562915
1.995426,0.87124413,1.1833165,0.78032595,0.31682158,0.14605048
1.4827266,0.56080544,1.2433228,0.74097526,0.27550036,0.15416941
1.6742716,0.8775407,1.5198905,0.8031966,0.46673942,0.13421823
1.1663324,0.7908447,1.3824425,0.782285,0.37980026,0.14843442
1.1240914,0.99473554,1.3823078,0.7369107,0.16072445,0.14934246
1.6166621,0.56766504,1.1629431,0.77677894,0.16986223,0.13314585
1.6582444,0.7537287,1.3591759,0.7506008,0.2908387,0.1445007
1.8560127,0.8472365,1.2809944,0.74622464,0.34269923,0.16005768
1.2332885,0.9594708,1.4532695,0.7363802,0.24818166,0.15485403
1.231352,0.6415331,1.2112947,0.7967472,0.2980128,0.13938731
1.7671996,0.9973332,1.3084245,0.82293886,0.50859,0.13389395
1.8792775,0.94982255,1.1398761,0.80547094,0.2816808,0.127939
1.106319,0.98207927,1.4893298,0.80319756,0.39236337,0.13249116
1.7666283,0.7307746,1.2160499,0.77509665,0.27972332,0.14005867
1.8844814,0.9018049,1.2089252,0.7963383,0.25089505,0.12824294
2.0182598,0.9132342,1.1508603,0.8427442,0.35236534,0.119362645
1.441686,0.4670758,1.2892153,0.7702211,0.26972213,0.14213438
1.1651055,0.7952391,1.4010003,0.82479495,0.618001,0.13095815
1.7703183,0.93749225,1.4523721,0.8069646,0.55938065,0.14309402
1.1853352,0.7414619,1.7280545,0.82649904,0.23712507,0.11196187
1.6250108,0.59064037,1.5422084,0.80514187,0.58101046,0.14466743
1.3946233,0.9227889,1.3245378,0.7728793,0.31143695,0.15050158
1.7339475,0.76540464,1.306704,0.78599226,0.25672925,0.13687336
1.6272676,0.810647,1.2948024,0.7136421,0.1909278,0.17151444
1.4733225,0.74455637,1.4929426,0.73263705,0.11610993,0.14934179
1.2423438,0.9764803,1.5081265,0.70883775,0.09419788,0.16044107
1.662647,0.8414769,1.3091657,0.79049355,0.44567496,0.14365473
1.408163,0.7429113,1.3209133,0.7090637,0.146115,0.16765092
1.1932029,0.7161167,1.2813148,0.709246,0.08002937,0.15460467
1.4742942,0.67183954,1.3536265,0.74151385,0.23271526,0.15515901
1.3092858,0.8379456,2.0125284,0.9527262,0.4986732,0.0709115
1.8837428,0.85245174,1.1266274,0.8166706,0.2577214,0.12475588
1.6273191,0.8697303,1.5601242,0.771543,0.31858006,0.14808081
1.6098895,0.80718815,1.351126,0.8020475,0.46649426,0.15077312
1.1545205,0.7465505,1.4277444,0.7833586,0.47912693,0.15392293
1.6493114,0.80322725,1.2824848,0.7509595,0.2634544,0.15077448
1.5877508,0.54821664,1.1920621,0.7767766,0.27092588,0.14000295
1.3273605,0.44006136,1.2239754,0.786826,0.3293863,0.13809812
1.1615723,0.5725531,1.3035538,0.72581446,0.19533691,0.16203144
1.6673429,0.6018879,1.1652706,0.76666045,0.14910735,0.1349681
1.3573205,0.43857127,1.5990422,0.76722705,0.35380524,0.15151456
1.1634562,0.62871665,1.4193769,0.78367484,0.36973387,0.14893068
1.8012928,0.6921721,1.3627837,0.65947133,0.028252868,0.17478663
1.5883269,0.6069824,1.2866437,0.7336681,0.26628187,0.15636772
1.7982074,0.89501953,1.5418019,0.8064231,0.4175857,0.13638882
1.1469384,0.88097864,1.396503,0.78670955,0.52263296,0.1465678
1.3960946,0.90176564,1.3504937,0.68111634,0.08129613,0.17461567
1.8421559,0.80920506,1.1124029,0.7851528,0.16633825,0.13032173
1.3186505,0.8488044,1.4348247,0.7367917,0.31116053,0.16103435
1.2720083,0.89222383,1.2560568,0.8230162,0.35106704,0.12769556
2.0113723,0.92343783,1.5990932,0.79810244,0.38421598,0.14152329
1.1672641,0.94644934,1.2107377,0.7838304,0.26361227,0.13744818
1.0569116,0.9494499,1.2243357,0.75379634,0.14979002,0.14243354
1.539598,0.70882314,1.1231449,0.80429876,0.25998127,0.13017316
1.8796653,0.89810586,1.24771,0.7953386,0.29721117,0.13457777
1.6915674,0.8417532,1.5325267,0.74035054,0.11365114,0.14623517
1.4915292,0.602118,1.3320632,0.7590343,0.34514514,0.1588896
1.6120602,0.7210895,1.4396179,0.705119,0.13072282,0.1611949
1.9955195,0.85505205,1.2553747,0.71447325,0.1816888,0.17317829
1.7003734,0.8088904,1.2825501,0.6924283,0.07135067,0.160973
1.3364997,0.8280027,1.5953019,0.8328779,0.52382815,0.12420218
1.5735629,0.76798975,1.4589381,0.7636654,0.31658798,0.14671771
1.4021798,0.8807338,1.405076,0.75630784,0.39947248,0.17295535
1.7602487,0.86700046,1.529681,0.76356953,0.46347612,0.14679933
1.3969563,0.63265836,1.3609607,0.69830394,0.14893682,0.16714299
1.1921053,0.5495151,1.3632414,0.7374057,0.24890037,0.17548186
1.5985568,0.646516,1.3078785,0.7749226,0.40032604,0.15351163
1.7581378,0.8864278,1.2383156,0.7562226,0.18699913,0.14298853
1.2695119,0.7618974,1.3638756,0.75012356,0.23588362,0.14722478
1.6910636,0.7453295,1.1246881,0.7668873,0.1521246,0.1351778
1.6487566,0.82321066,1.4944682,0.7878182,0.43696126,0.15049799
1.0445005,0.7131006,1.8267739,0.885832,0.4789328,0.094054595
1.3770658,0.75785524,1.5184662,0.8242015,0.6090786,0.15436587
1.2200191,0.6358987,1.3629453,0.73530763,0.20033665,0.15206152
1.1708565,0.703407,1.2304862,0.7956062,0.2309113,0.12877321
1.6196997,0.98188657,1.437577,0.7305243,0.20234545,0.17291267
1.1179624,0.6955031,1.3666899,0.751187,0.22594877,0.15282005
1.3934627,0.68488055,1.1950979,0.75284004,0.124180585,0.13973115
1.6548917,0.72621554,1.6989739,0.86495,0.48995367,0.107307576
1.947423,0.921809,1.5178461,0.7948359,0.3722894,0.13647662
1.6543378,0.77516943,1.3627057,0.7197721,0.19269669,0.16059181
1.7042887,0.68883294,1.2007215,0.779572,0.23134467,0.1396556
1.8421922,0.8846526,1.3313212,0.68799806,0.095058404,0.17988837
1.4044435,0.4871281,1.5899069,0.78689873,0.4560226,0.13535123
1.3410872,0.5700195,1.2760177,0.76922846,0.2556129,0.14358062
1.1685828,0.58148986,1.424375,0.7622645,0.2735308,0.15228717
1.512242,0.8791074,1.394279,0.78192896,0.33534732,0.14484856
1.8195925,0.76556265,1.2426364,0.7645205,0.22373354,0.14216746
1.3334842,0.5480216,1.2164493,0.87142193,0.5265522,0.12184568
1.6711472,0.9196923,1.2691832,0.7216577,0.16691135,0.15549695
1.3954629,0.8016804,1.279676,0.73356843,0.18708654,0.1542532
1.6774296,0.942909,1.173476,0.7997281,0.2581407,0.13636796
1.1852133,0.61113834,1.274751,0.7790083,0.24407473,0.13706893
1.8323826,0.9237501,1.4024665,0.6846523,0.09229403,0.16500118
1.2460603,0.5313498,1.754591,0.88274974,0.60438555,0.10881436
1.9158181,0.8465728,1.3095696,0.7896354,0.42709622,0.14813444
1.4157313,0.7308868,1.2832623,0.78719205,0.40718046,0.14723018
1.3662404,0.49256593,1.303267,0.7017553,0.09729834,0.16310848
1.1669389,0.82654893,1.2125571,0.7276641,0.1513392,0.1512279
1.2467359,0.5039744,1.715646,0.8195209,0.13990594,0.10042206
1.3428198,0.99093264,1.2914648,0.7634045,0.330916,0.15101744
1.3045404,0.5819074,1.4053442,0.76510715,0.2938061,0.14716385
1.58454,0.5443766,1.4124448,0.7776501,0.3042727,0.1490707
2.0311165,0.9721846,1.4906626,0.8128653,0.59554136,0.13946632
1.9429331,0.80603576,1.3481278,0.7444458,0.28359163,0.15884808
1.4246923,0.9781992,1.2704136,0.754128,0.29299986,0.14839543
1.2123089,0.881133,1.3206863,0.7500254,0.20716149,0.15222463
1.297192,0.863572,1.062655,0.80979925,0.15795399,0.12127091
1.7277546,0.89574564,1.385427,0.72467744,0.18043076,0.1672567
1.3628694,0.46428555,1.2589858,0.7757242,0.3415003,0.1427257
1.1873217,0.8482137,1.1145173,0.82396024,0.21154109,0.11751877
0.99263704,0.91240245,1.252198,0.75676525,0.2945499,0.15299712
1.6227604,0.7475904,1.4673548,0.75360096,0.27062157,0.15050796
2.0501173,0.90642315,1.3495259,0.7106273,0.19942142,0.1686052
1.2276852,0.8517226,1.2401533,0.73663265,0.1779515,0.1489492
1.4235852,0.45694098,1.7983923,0.87457484,0.5457251,0.113703296
1.112745,0.9839299,1.5120711,0.85972935,0.623434,0.117428795
1.6854571,0.8912613,1.7055554,0.8350182,0.40110525,0.12386687
1.6836554,0.6591094,1.2070618,0.749789,0.16849138,0.14796764
1.1968414,0.52221894,1.3185816,0.7635893,0.34416544,0.15155238
1.7431875,0.80391365,1.3496695,0.7626014,0.3449162,0.14756024
1.6587617,0.7084357,1.807153,0.83033556,0.07998793,0.09985782
1.271239,0.5988781,1.4697955,0.7885282,0.3980144,0.14717218
1.7980443,0.72259295,1.4106095,0.7913462,0.40788233,0.13834524
1.3265829,0.78874725,1.338268,0.82605326,0.5191637,0.13709062
1.3629853,0.92971563,1.2357161,0.812754,0.3226578,0.13280351
1.8896252,0.93189496,1.4289148,0.7304796,0.23070681,0.164971
1.7786672,0.7216732,1.2705407,0.7585968,0.25356504,0.14472428
1.5457429,0.84947646,1.4093978,0.77332366,0.3833771,0.16183941
1.6439023,0.7931152,1.3518021,0.80827105,0.32831076,0.14114809
2.0553234,0.99445444,1.2862437,0.72761637,0.19232169,0.15741025
1.3298442,0.6670764,1.3041749,0.73632026,0.19039434,0.14850093
1.4732323,0.51992977,1.3445804,0.7398232,0.2586969,0.15915559
1.2477448,0.68828905,1.224288,0.73787475,0.113520235,0.1453043
1.5458916,0.771379,1.2121155,0.77844083,0.23842654,0.13758707
2.0385785,0.98240393,1.3307388,0.7353922,0.28920218,0.16009936
1.5856103,0.7922954,1.2513587,0.7910844,0.34046265,0.13287638
1.3365763,0.60191363,1.3981955,0.7320476,0.18510509,0.15760751
1.6256073,0.993512,1.0797288,0.83124703,0.21113183,0.1182342
1.4819281,0.78917307,1.3905454,0.7975324,0.43160307,0.14045286
1.3346246,0.7699891,1.0506516,0.80131733,0.08122439,0.11673691
1.1419631,0.8829732,1.8441262,0.8856382,0.75301147,0.11239099
1.6135128,0.77211654,1.2022498,0.802117,0.28149354,0.13164213
1.2410902,0.6965237,1.1703806,0.7897222,0.16526105,0.12842599
1.7552729,0.6969968,1.3443403,0.79221404,0.36379167,0.13713673
1.4021949,0.94612145,1.2582912,0.7255888,0.10700186,0.14926215
1.6846442,0.6935409,1.3569591,0.7555261,0.24040014,0.15458946
1.0125692,0.9143462,1.2977452,0.7102046,0.16463697,0.15946259
1.4592925,0.6497921,1.4210923,0.7712773,0.38194546,0.13965665
1.5006423,0.4945725,1.050591,0.80756295,0.09873664,0.11543575
1.4036456,0.47179005,1.4857559,0.74180627,0.25177145,0.15481624
1.8739316,0.77257454,1.1975529,0.77917826,0.29252487,0.14490807
1.3349952,0.6715539,1.5126569,0.8397417,0.5957065,0.14720552
1.9471884,0.8207025,1.115336,0.7966084,0.22363661,0.129446
1.8036021,0.809327,1.3274338,0.7904476,0.30500808,0.13229324
1.4001969,0.5749828,1.0973825,0.78954184,0.17301516,0.12858061
1.5960631,0.64952165,1.1573677,0.7887794,0.29213953,0.13355489
1.0951889,0.73185,1.8767531,0.86755496,0.2640064,0.08948297
1.2732396,0.5286461,1.1206648,0.80770427,0.30355287,0.13733417
1.591063,0.56715393,1.2017841,0.82276183,0.3186815,0.12355906
0.9616811,0.9795309,1.3566213,0.82871413,0.44995275,0.13297735
1.4136987,0.83826315,1.3206887,0.74832034,0.18832408,0.14330435
1.4398618,0.8612067,1.2839139,0.7519907,0.18558793,0.142364
1.10448,0.6386218,1.2828529,0.6947825,0.067789406,0.16001374
1.1155035,0.7102403,1.4878509,0.789269,0.35795993,0.14399152
1.2905723,0.45494032,1.4875562,0.79356104,0.4129399,0.14592004
1.2475443,0.68484765,1.4193742,0.75586003,0.31075266,0.15156227
1.4952216,0.51358855,1.5989454,0.78494453,0.22184451,0.12663458
1.3424288,0.7159865,1.2452402,0.8348933,0.45521072,0.13315077
1.291793,0.4638989,1.2236731,0.7678292,0.3152274,0.14248241
1.2846509,0.50899756,1.3047106,0.68448025,0.116654724,0.16719088
1.592613,0.84312505,1.1542506,0.78567576,0.18645287,0.12909457
1.5555174,0.56218606,1.5074289,0.80096877,0.40165588,0.1379436
1.3080791,0.88075733,1.8160157,0.86537135,0.34439403,0.10163206
1.3637676,0.66092664,1.123038,0.7898085,0.20395225,0.1338617
1.4136297,0.647356,1.2415931,0.7894606,0.30961984,0.13856055
1.143388,0.5785481,1.1995506,0.74889565,0.1596588,0.14367594
1.2759386,0.5407486,1.2938697,0.7704545,0.30426252,0.14589699
1.3852859,0.68947786,1.2965701,0.71456635,0.1620209,0.16883624
1.5207874,0.5929971,1.3524029,0.79761964,0.31449056,0.14701885
0.9592477,0.8946907,1.3896,0.7517509,0.33349147,0.15434091
1.0849667,0.7684013,1.4828734,0.7973391,0.51790833,0.13532294
1.3818822,0.93468106,1.4685202,0.7901479,0.5686889,0.1409793
1.9309945,0.9363585,1.4824986,0.75195223,0.22781354,0.15274523
1.5611075,0.5883011,1.2614477,0.770628,0.3746114,0.15154117
1.4356271,0.6948428,1.3387165,0.75577956,0.27742466,0.14973074
1.411265,0.6838,1.1278857,0.82080156,0.29481882,0.12889878
1.3605293,0.4170791,1.3756759,0.7895761,0.37812665,0.14953959
1.3361048,0.7170501,1.5205557,0.8444579,0.53447336,0.14051743
1.5642973,0.64653313,1.358691,0.73959816,0.24863899,0.15543361
1.4483912,0.984496,1.2181432,0.7290427,0.11758747,0.1475713
1.2714664,0.9582246,1.2469535,0.7680211,0.23499367,0.14058465
1.3550378,0.47908464,1.3581107,0.7531743,0.31788284,0.16089799
1.7396212,0.83906823,1.2362635,0.74879056,0.121888824,0.14359754
1.5164756,0.9508204,1.4400582,0.76203763,0.32400486,0.14791882
1.2131813,0.920673,1.3316946,0.6898086,0.06391202,0.16261712
1.2740098,0.6613115,1.2002354,0.7639473,0.1560139,0.13623436
1.5745023,0.60163635,1.2810853,0.7673735,0.3742076,0.154404
1.3924446,0.48238775,1.3452551,0.79891115,0.37085518,0.13565947
1.6162916,0.7457643,1.2527311,0.7924153,0.38032958,0.14492233
1.4643583,0.6610379,1.5245388,0.78555626,0.39788732,0.14653477
1.7917014,0.9710283,1.3960013,0.7910987,0.42483935,0.1430341
1.1422715,0.61536264,1.3697293,0.7126108,0.18989821,0.16297022
1.3281665,0.44338602,1.3155739,0.7048294,0.16108508,0.16488196
2.084673,0.9999979,1.3744583,0.79372233,0.35963747,0.13564782
1.9042606,0.97776777,1.4321711,0.7659645,0.33026975,0.14125387
1.5129083,0.8109697,1.3149183,0.8802954,0.6124707,0.10820777
1.4430388,0.79858357,1.5433583,0.72966015,0.16861439,0.14986286
1.5656542,0.6885159,1.532963,0.8482129,0.6428624,0.13278082
1.182552,0.7383866,1.2804692,0.75561744,0.24161024,0.14681813
1.2921634,0.72397625,1.4363854,0.7879319,0.4523702,0.1555271
1.3281549,0.5756938,1.3989275,0.78629833,0.26008108,0.14466356
1.1128036,0.8940991,1.3772647,0.7489114,0.27965814,0.15465009
1.6842136,0.6336992,1.363936,0.7019078,0.17918995,0.1788454
1.2256027,0.611754,1.398854,0.755907,0.28098893,0.15084298
1.6930916,0.6988339,1.7211971,0.83440655,0.47754267,0.12102928
1.4074063,0.61673284,1.3045554,0.746369,0.2578609,0.15624896
1.6005335,0.81469125,1.2191753,0.7363591,0.1277389,0.14551471
1.018548,0.82831097,1.5234032,0.78989017,0.38635343,0.1321153
1.9758033,0.94942695,1.5551357,0.72838116,0.17997271,0.15088484
1.476093,0.66517174,1.2631547,0.7530052,0.2376151,0.14591165
1.4475919,0.8234413,1.1857266,0.77429587,0.21657689,0.13747218
1.2068042,0.9554436,1.2840528,0.7193367,0.13389082,0.15385976
1.8165431,0.977515,1.3045425,0.7795944,0.24807602,0.14087427
2.0073683,0.8709651,1.4328747,0.7709491,0.38764244,0.14544018
1.3214724,0.5881415,1.226059,0.81728464,0.38489264,0.1356997
1.7545978,0.8511511,1.3365712,0.79316527,0.4154017,0.13987072
1.2070432,0.5494235,1.3357525,0.7901442,0.5164777,0.1530308
1.3127877,0.6103597,1.5533428,0.7595479,0.27981952,0.14959343
1.328365,0.45559335,1.6521025,0.81123346,0.5364507,0.13316008
1.9036564,0.9663689,1.3059552,0.7399318,0.21783999,0.15413742
1.9736992,0.9088739,1.1202993,0.8214851,0.24801406,0.12376844
1.2271634,0.8879182,1.2970133,0.752831,0.24839258,0.15587948
1.4397429,0.63840467,1.2428951,0.7874818,0.3125621,0.14019203
1.9162984,0.9930606,1.192302,0.80386585,0.36082843,0.13504906
1.883116,0.7702578,1.1508017,0.81035346,0.2890571,0.12649195
1.5972565,0.6648949,1.523596,0.82356757,0.5121521,0.12486114
1.7652833,0.7727083,1.4980576,0.78377193,0.31133902,0.14009325
1.9068408,0.99847597,1.262052,0.7556853,0.29602453,0.149876
1.0297588,0.91260374,1.0699885,0.8253527,0.14849882,0.11063415
1.347769,0.60205644,1.3503761,0.7364635,0.15793002,0.14908579
1.4800318,0.5076984,1.2005885,0.79302824,0.30416685,0.13583688
1.4381328,0.52093315,1.3333843,0.75517327,0.30012184,0.16314453
2.0765543,0.95843154,1.5455217,0.7667417,0.25663158,0.14739026
1.3405588,0.6263032,1.503298,0.8325452,0.5203789,0.13530737
1.5878515,0.81761336,1.2063167,0.81513965,0.33000255,0.13439344
1.5779046,0.81142557,1.5191216,0.8093274,0.48404083,0.13813491
1.6590071,0.9928815,1.3522081,0.80246115,0.54201704,0.1491889
1.7819005,0.8495694,1.3797615,0.7146852,0.18303326,0.16652161
1.3506129,0.7373907,1.3241072,0.8320589,0.5540927,0.13126647
1.8714668,0.8173811,1.4192758,0.76630855,0.26477772,0.14328848
1.5273035,0.97941124,1.647166,0.806934,0.25483125,0.12121234
1.9319342,0.92073894,1.3791234,0.77359974,0.28734413,0.14386284
2.1058712,0.9466615,1.2471247,0.82117814,0.5060926,0.13681167
1.4386629,0.7975776,1.5041003,0.7911666,0.40520954,0.15448578
1.9077848,0.8621536,1.3683758,0.8394943,0.59195095,0.12982897
1.6584662,0.75338465,1.3361773,0.7867793,0.2950452,0.14580701
1.2530433,0.5199288,1.3849721,0.8119419,0.5814501,0.14027801
1.6336914,0.7503024,1.529511,0.80453825,0.61356413,0.13773468
1.9173363,0.9103399,1.3116944,0.77732366,0.3004067,0.14792922
1.4592528,0.4812611,1.4517276,0.7769621,0.38959846,0.135649
1.3722948,0.60410196,1.3809466,0.800579,0.48331246,0.13308147
1.356754,0.6843452,1.3880885,0.759632,0.30073032,0.15648608
1.658886,0.59165794,1.5111465,0.8334995,0.7820265,0.14162317
1.4472083,0.48844555,1.368617,0.7584039,0.25935608,0.14734496
2.1423666,0.9855221,1.1918671,0.77952534,0.29867002,0.14073622
2.0500467,0.9569213,1.4872906,0.7637642,0.3258268,0.14784431
1.22563,0.67443293,1.3154142,0.6928789,0.100505546,0.16672169
1.4401877,0.731371,1.4980388,0.7556784,0.270104,0.1513666
1.9944059,0.8768636,1.4808478,0.8393559,0.57519406,0.13423997
1.4594918,0.472748,1.5791483,0.82717943,0.61643296,0.12629917
1.5897427,0.74891645,1.2939367,0.72848225,0.16931091,0.15513222
2.0166807,0.92450565,1.3029356,0.7881284,0.25967926,0.13179508
1.6117823,0.7213531,1.3329446,0.71260566,0.21711622,0.16513588
1.9699664,0.86888754,1.3675485,0.7752584,0.49654162,0.1589033
1.8564627,0.84676206,1.9825015,0.9314182,0.366399,0.071582064
1.294383,0.6267229,1.3868253,0.78223777,0.35390747,0.14344382
1.5613754,0.719346,1.1574032,0.81739044,0.27314478,0.1280471
1.3344966,0.60910654,1.358846,0.76594996,0.31485108,0.15307978
1.2743431,0.52455795,1.2479961,0.7467208,0.20391928,0.15055083
1.1321574,0.7553159,1.2235918,0.77630913,0.13687427,0.130477
1.4537395,0.6152243,1.537597,0.851001,0.5875725,0.11656354
1.3728472,0.52982754,1.215874,0.70888925,0.083704315,0.15229522
1.9199435,0.92418814,1.6527619,0.7930986,0.39847806,0.13919064
1.8419912,0.884197,1.1952629,0.7345453,0.07340438,0.14239754
1.8352247,0.9883498,1.4108906,0.75876254,0.31688762,0.14740634
1.476436,0.8389563,1.3615093,0.7540015,0.19290428,0.14561434
1.7487222,0.67565465,1.4184427,0.7536677,0.3047774,0.16220184
1.4225396,0.46923155,1.3931851,0.7579742,0.31565246,0.15436961
1.0462917,0.90988404,1.6082275,0.8289417,0.57862145,0.12782224
1.1736472,0.77505493,1.4051273,0.7774204,0.39768565,0.15470912
1.6745634,0.67097795,1.1827474,0.78337145,0.19820768,0.13261603
1.5841987,0.7985556,1.3395534,0.7817556,0.3838172,0.15442517
1.8724209,0.9031465,1.4029353,0.7641584,0.3532088,0.15574162
1.4843,0.47850183,1.2095473,0.7765728,0.20630918,0.13636649
1.136738,0.8384698,1.5358016,0.72732663,0.061463486,0.14296442
1.4237396,0.5718621,1.4471412,0.8141349,0.45788494,0.12640396
1.619892,0.84820616,1.266016,0.75807756,0.21386404,0.14416052
1.8665088,0.9789544,1.6155972,0.79792637,0.24378303,0.12358084
1.4070956,0.49935386,1.1977749,0.8063455,0.30878288,0.13209006
1.3441724,0.48387638,1.4366741,0.7608389,0.2763332,0.14041896
1.4836667,0.99086833,1.4889772,0.8194103,0.47748032,0.12613678
1.5548016,0.579312,1.8228219,0.884077,0.64730614,0.094495475
1.3080202,0.46264365,1.648,0.8510458,0.72585493,0.11658988
1.4534278,0.8945667,1.280163,0.7489649,0.23125903,0.14922817
1.5380085,0.57340693,1.4221501,0.75852466,0.30371648,0.15089874
1.9397715,0.8707551,1.4524267,0.7918571,0.4037375,0.14385459
1.9056479,0.9512056,1.1973083,0.7654523,0.1575944,0.13746038
1.7511117,0.6927436,1.2219489,0.7872756,0.29604554,0.13701338
1.1451801,0.7844969,1.37356,0.78214574,0.32349885,0.15166748
1.1059741,0.82764184,1.3141346,0.77507514,0.2689163,0.13987148
1.1694297,0.88422096,1.2033992,0.85167855,0.46293813,0.11816528
1.7043725,0.7503824,1.1075106,0.8071429,0.21627127,0.12676026
1.9710103,0.97137654,1.3222897,0.7512071,0.24717772,0.15239978
1.1531698,0.5655459,1.3615651,0.71587104,0.13937387,0.1678686
1.4806918,0.66928333,1.282063,0.8129198,0.511023,0.14070289
1.3993016,0.74446726,1.3013601,0.74823713,0.26154763,0.148814
1.7166009,0.6637374,1.3656423,0.7357298,0.20394394,0.15337667
1.4219161,0.9701133,1.1568956,0.82005423,0.34417367,0.12848431
1.3438802,0.96031296,1.1861033,0.76446474,0.16691415,0.13999192
1.0149629,0.85343164,1.4121814,0.72089493,0.21442084,0.16650032
1.9350716,0.8075831,1.1984386,0.7807778,0.22045244,0.13481103
1.5467013,0.79863846,1.1948192,0.7479373,0.10127228,0.140835
1.669325,0.76041085,1.4478612,0.79028255,0.40407768,0.14395942
1.1477574,0.58882314,1.3579085,0.6859088,0.122233346,0.16933641
1.3132848,0.6953609,1.2763803,0.8016674,0.28260148,0.13158768
1.3926326,0.7869416,1.3221292,0.7832494,0.37976918,0.15202317
1.9164106,0.83979654,1.3402207,0.8120068,0.32898888,0.12551264
1.6859825,0.73004717,1.2846498,0.7194087,0.14062063,0.15717438
1.8466002,0.8699042,1.1726358,0.7921058,0.20860933,0.13278133
1.1365447,0.84720147,1.2650399,0.730184,0.15948442,0.1523781
1.1670148,0.68038124,1.3295038,0.751835,0.2745961,0.15347789
1.1030455,0.9353537,1.2582312,0.7968981,0.4892203,0.1469133
1.4127285,0.86752164,1.6117823,0.8441801,0.9318307,0.13302776
1.4939158,0.5334681,1.110565,0.7964657,0.17131911,0.12579353
1.2028315,0.9003134,1.3193452,0.7138319,0.16537468,0.16502532
1.9241253,0.93115395,1.5028534,0.7807554,0.29860952,0.14280522
1.1950026,0.8426419,1.5111258,0.85102326,0.54677,0.12110682
1.8524544,0.90771544,1.2258835,0.7868799,0.2931389,0.13680781
1.203492,0.8006391,1.2264919,0.78612256,0.3716618,0.14411066
1.4140593,0.528205,1.500104,0.8027561,0.5644836,0.14150384
1.3641557,0.5932377,1.2442484,0.80700094,0.429324,0.14476036
1.8930753,0.8453973,1.1305561,0.80787766,0.25775024,0.12906185
1.184165,0.6677201,1.2903275,0.7789711,0.2712132,0.13996112
0.9567176,0.93353,1.2204504,0.78996795,0.28024387,0.1422189
1.404587,0.91295314,1.2917616,0.8324689,0.42074174,0.12474603
2.0828216,0.92756844,1.4314742,0.76709104,0.37792364,0.1555679
1.6319702,0.9134557,1.2418568,0.7967208,0.38209894,0.1373577
1.7255455,0.9157179,1.569772,0.8242423,0.4777974,0.1298083
1.3659087,0.7059294,1.0615638,0.8173576,0.17999232,0.11899528
1.2175368,0.79711807,1.5759616,0.7884899,0.3406924,0.14841975
1.1342542,0.73877156,1.8023477,0.8565007,0.49851412,0.10482559
1.0225227,0.84465724,1.4061041,0.7868086,0.37076908,0.14578545
1.7473202,0.7713213,1.2520947,0.79022,0.35278818,0.1439043
1.7533045,0.7094029,1.477891,0.82402754,0.46343812,0.124520935
1.7241812,0.7268026,1.4564106,0.77849424,0.32416633,0.1418059
1.3955725,0.8540497,1.4445012,0.7886373,0.33558044,0.14739579
1.935087,0.8065454,1.5503657,0.8143007,0.626617,0.14388473
1.5075692,0.8596737,1.2338259,0.78534764,0.38312578,0.14312087
1.8521931,0.8145798,1.2771285,0.7214859,0.1497869,0.15856048
1.1957799,0.7171066,1.5437162,0.79367566,0.37339097,0.15179916
1.6130935,0.59097326,1.3110752,0.7691027,0.3418354,0.14808203
1.1595235,0.69919217,1.6352174,0.8207481,0.4945313,0.13612606
1.2904719,0.4749022,1.5781889,0.865601,0.5519346,0.1169713
1.4422246,0.47756052,1.1524987,0.7866905,0.20351526,0.1326586
1.8398887,0.7913255,1.3556166,0.7976677,0.37136072,0.14714876
1.5687263,0.7017811,1.5345974,0.7587087,0.14536703,0.14175694
1.5582741,0.9728452,1.4065197,0.7172378,0.22496347,0.16222855
1.0666081,0.83212185,1.4282839,0.7482687,0.30726832,0.15924788
1.5900605,0.6280729,1.6973886,0.88879704,0.8451004,0.11756055
1.4220978,0.7173118,1.2494829,0.7488831,0.19359757,0.14720027
1.4002848,0.52349645,1.3561363,0.82453984,0.46930352,0.12677921
1.6970499,0.9500783,1.1186068,0.8300534,0.24435416,0.12316203
2.0886893,0.97048706,1.5208642,0.8294581,0.718876,0.15502837
1.3823646,0.63625526,1.5151312,0.7719772,0.3300607,0.15077078
1.1497065,0.66840494,1.0521617,0.8358508,0.17516017,0.10972484
1.2856506,0.8482941,1.432178,0.6891321,0.07054264,0.1630536
1.656432,0.63611335,1.3183823,0.797167,0.30490348,0.14021209
1.3285418,0.63778394,1.7221816,0.8503668,0.51590353,0.11479166
1.0900444,0.8502173,1.7293046,0.8966572,0.9395894,0.09897021
1.969779,0.8684515,1.1611316,0.7914448,0.20632039,0.13233314
1.1741979,0.5708252,1.7983134,0.8736656,0.5531042,0.11450658
1.6753092,0.8322041,1.0538466,0.8100655,0.15332119,0.118843645
1.3716047,0.48614222,1.5117202,0.7879977,0.4272658,0.14762047
1.1453788,0.57722217,1.3702393,0.75233376,0.36800605,0.15233628
1.9923472,0.8626498,1.2580953,0.8008236,0.3687385,0.1318473
1.8440892,0.87379,1.2636037,0.74571884,0.2273991,0.15055321
1.8604658,0.79706985,1.456147,0.7252531,0.19189182,0.15258472
1.7038935,0.65849423,1.3787725,0.7480067,0.2317247,0.14994253
1.4387506,0.9888399,1.2304196,0.7791438,0.24816564,0.13887407
0.96006393,0.9396069,1.3915365,0.7843417,0.4066611,0.14256002
1.8635561,0.98278135,1.3189263,0.76295197,0.20099467,0.1409454
1.401977,0.96013796,1.3606184,0.80376005,0.36672547,0.1386846
1.3335681,0.89816684,1.4360616,0.78490627,0.3205051,0.14658625
1.2050575,0.53666973,1.1663485,0.80922717,0.20810698,0.12262795
1.7276456,0.63865584,1.3852873,0.8016348,0.32554632,0.13235845
1.2592437,0.75123006,1.1790588,0.7611759,0.16686356,0.14013486
1.661021,0.60268146,1.361768,0.836253,0.55621964,0.12160812
1.1362836,0.7571873,1.3290465,0.7933776,0.4125478,0.13914719
1.4354625,0.61650276,1.4351158,0.80464655,0.4469333,0.13453768
1.4828535,0.4926698,1.3070915,0.7677648,0.26273105,0.15035689
1.4686506,0.9376531,1.4507971,0.74328053,0.23408547,0.14944819
1.2117089,0.5523385,1.2485793,0.7105761,0.114994556,0.15694721
1.4355077,0.97780675,1.4199295,0.71783,0.1785402,0.1587381
2.0337746,0.87833744,1.5711713,0.77779883,0.29065356,0.14488725
1.2676555,0.64874554,1.5412023,0.78446376,0.34609208,0.13570324
2.031404,0.95690185,1.3099165,0.7041276,0.13010438,0.16338716
1.3761544,0.7169446,1.2089329,0.8053935,0.24928911,0.1313327
1.5970356,0.86907524,1.2739754,0.7356834,0.26028627,0.17248547
1.3962604,0.8310641,1.3735602,0.77653635,0.42751062,0.14517856
1.8693138,0.74261004,1.474669,0.7340302,0.27222613,0.15813835
1.7066735,0.9851825,1.3327358,0.70894563,0.20232724,0.17229182
1.6263452,0.84415203,1.1854208,0.79094386,0.23945503,0.13290259
1.2465729,0.7670586,1.3530695,0.76403683,0.2755024,0.14714551
1.0274603,0.8297264,1.1423166,0.7515291,0.11303694,0.1346409
1.170808,0.7877725,1.2562089,0.73264724,0.18222342,0.15405874
1.4639243,0.47785404,1.7200048,0.86736083,0.58431125,0.12417973
1.4415885,0.46328378,1.3544872,0.7496816,0.3278707,0.15859745
1.9820992,0.96666604,1.3344884,0.77586615,0.37868777,0.1530005
1.4481612,0.9966243,1.391293,0.766206,0.34978604,0.14969754
1.8517373,0.8133994,1.1201742,0.83416694,0.20783556,0.11583548
1.4887795,0.89998627,1.4948902,0.8205932,0.43688938,0.12067856
1.0694294,0.6569774,1.4164143,0.76732546,0.32948735,0.15454829
1.6521723,0.87630177,1.1404431,0.7883966,0.2292986,0.13547349
1.0640519,0.90724826,1.4629328,0.73069555,0.22796795,0.15371905
1.5591763,0.6084313,1.1035762,0.83686465,0.26776707,0.12101648
1.7656125,0.8109694,1.1711507,0.75826705,0.13843402,0.13868539
1.3396662,0.8501069,1.4021728,0.7578594,0.4555048,0.15406065
1.4508985,0.71469927,1.1494238,0.7925233,0.15668653,0.12685254
1.2127651,0.73157924,1.1350687,0.7592001,0.14268804,0.13646278
1.764154,0.66597253,1.7770283,0.83712405,0.25118685,0.099296376
1.0339308,0.7978481,1.3145771,0.7722051,0.3633655,0.14833033
1.5584074,0.74947923,1.2523582,0.7406708,0.21507548,0.1498683
1.5132583,0.91710305,1.4952736,0.7998776,0.4665347,0.14255372
1.5826873,0.9420163,1.4183435,0.75476974,0.26035157,0.15490744
1.3798153,0.91291213,1.3197386,0.6956197,0.091378465,0.16047752
1.7594436,0.94512963,1.3776836,0.7745988,0.3483821,0.14114045
0.97345483,0.8522468,1.2987471,0.73644716,0.19146481,0.15495738
1.5682911,0.71394944,1.4172645,0.7760464,0.34632415,0.15206468
0.9165256,0.9144688,1.3499367,0.7266655,0.16821177,0.15817873
1.7477446,0.7144005,1.3159087,0.76303655,0.2905704,0.15308799
1.4302989,0.9215566,1.1749649,0.77915025,0.16641228,0.13157317
1.4426037,0.60593504,1.2187262,0.75295705,0.15292774,0.14432748
1.7312254,0.8115891,1.6438408,0.86359435,0.5386538,0.11500207
1.6214205,0.8567212,1.4840121,0.7640159,0.31383047,0.14342804
1.7302643,0.9093887,1.2886322,0.7695969,0.28145635,0.14653768
1.2727422,0.4745253,1.1885436,0.7887219,0.22440185,0.1351082
1.6085485,0.56305856,1.3005931,0.7934558,0.31403503,0.1332579
1.4826118,0.55500907,1.3347852,0.7423055,0.23196718,0.15392989
1.2204947,0.50530356,1.541636,0.7554933,0.30288976,0.15336996
1.4173048,0.47369358,1.3360257,0.7764233,0.336223,0.14127752
1.4956298,0.49168238,1.4900429,0.7769763,0.38321492,0.1468246
1.6885146,0.8734958,1.3122816,0.8063838,0.4161295,0.13427454
1.8889362,0.8255181,1.5455887,0.80318177,0.32160902,0.13042553
1.6074783,0.7305403,1.3978772,0.7862229,0.34123644,0.1421041
1.3503808,0.9147181,1.3963809,0.7619278,0.36602414,0.14587002
1.4822205,0.5078917,1.4658725,0.7324073,0.22346176,0.15204594
1.5723042,0.85032994,1.2146478,0.71918654,0.120315425,0.15837148
1.1822819,0.8163841,1.3729048,0.6852065,0.119212195,0.18200012
1.5284613,0.5396928,1.300072,0.7915443,0.30002084,0.13762113
1.3714813,0.5000321,1.7950149,0.8480374,0.45632058,0.109088235
1.88256,0.80169827,1.2770903,0.74552584,0.22768168,0.1589448
1.7346027,0.6444189,1.1569097,0.76420915,0.20629552,0.13998432
1.957589,0.857774,1.4579756,0.7577798,0.29212186,0.14675994
1.5245314,0.81495196,1.4712143,0.7929167,0.3597546,0.14210549
0.9768521,0.80738795,1.8179867,0.8597223,0.3326698,0.110185586
1.0358652,0.79504454,1.0955052,0.80500525,0.16741627,0.12453769
1.1216215,0.9840093,1.2830908,0.7715485,0.36845756,0.15028286
1.3105478,0.6410585,1.3153841,0.7678796,0.31557214,0.14935488
1.8122904,0.9290279,1.8971748,0.9005961,0.47028705,0.09336234
1.2148398,0.78409696,1.2899063,0.72895736,0.2547993,0.15437166
1.3927537,0.47709626,1.8624134,0.8828271,0.498038,0.09763987
1.3862945,0.47843274,1.2866962,0.7431519,0.21163508,0.15309693
1.2025858,0.87048924,1.4970353,0.748454,0.14567484,0.14613283
1.8128561,0.9801979,1.6276379,0.77209586,0.13698217,0.12845436
1.5210888,0.8953914,1.3823776,0.836932,0.59111595,0.13226439
1.597586,0.73538464,1.2628736,0.74107516,0.19230258,0.14996289
1.7289835,0.6428083,1.7999332,0.85315126,0.51106554,0.10841777
1.3882775,0.8045997,1.5035427,0.7821293,0.3459598,0.14816675
1.9160496,0.92847687,1.4500136,0.78011,0.33529282,0.14287324
1.1446481,0.93585587,1.1452516,0.7974645,0.3802149,0.13473095
1.0482438,0.76861525,1.4677117,0.77178895,0.40799984,0.16728866
1.7657919,0.7091937,1.5531542,0.79385996,0.4024259,0.1367978
1.5430553,0.7969129,1.3165655,0.83920676,0.55760103,0.117193125
1.4107846,0.94060415,1.7260451,0.8347417,0.36866048,0.11309535
1.6117672,0.6677425,1.2072623,0.74264467,0.1705806,0.14939557
1.2051202,0.6432526,1.3834541,0.7578071,0.4528384,0.16077726
1.5965027,0.72048414,1.1407585,0.75661564,0.16821903,0.14555894
1.4353939,0.58637816,1.5742652,0.85130185,0.56118715,0.11711983
1.1417699,0.79811203,1.1828191,0.7552537,0.1337916,0.13868982
1.254333,0.6981058,1.2135806,0.7711932,0.2024374,0.13916966
1.2685239,0.47603247,1.3144996,0.7082987,0.12619966,0.16628854
1.2333777,0.9891097,1.2540998,0.7213468,0.13708612,0.15773426
1.2841142,0.5338403,1.5990489,0.8257784,0.56629044,0.13232933
1.5677406,0.7810775,1.693259,0.8700497,0.44784147,0.11240417
1.6741643,0.85300016,1.5344286,0.830219,0.5667694,0.1369064
1.4546052,0.9214596,1.5916629,0.7845,0.4294206,0.1496341
1.2210739,0.66271156,1.1857297,0.7934267,0.23782367,0.13070922
1.1726027,0.61732507,1.2881026,0.71309936,0.1560142,0.16620462
1.3566676,0.8417599,1.1093571,0.7755327,0.07981001,0.123134375
1.6337849,0.91396785,1.794941,0.82132167,0.057206657,0.10019824
1.6078013,0.57285905,1.1931436,0.79579884,0.36391196,0.13909142
1.5047092,0.7235503,1.2644761,0.7791618,0.3757978,0.14379144
1.8046116,0.71563137,1.3990431,0.7414627,0.18832889,0.14929748
1.3455901,0.5240947,1.5957205,0.76079214,0.1643712,0.13820495
1.6330489,0.9820707,1.4879248,0.709399,0.07479871,0.15700682
1.2805603,0.6483289,1.4930933,0.8253704,0.5269506,0.1301695
1.4735954,0.87819666,1.4502048,0.7295408,0.29153574,0.16141616
1.9519209,0.87169945,1.0116677,0.8145992,0.090743296,0.109253414
1.3358643,0.5558453,1.2832849,0.7584531,0.27355853,0.1544178
1.3847352,0.715369,1.2327139,0.72643346,0.1977012,0.1593709
1.664215,0.60066223,1.2134261,0.7604376,0.2128047,0.14722459
1.6242718,0.74315876,1.5523851,0.77040803,0.23214519,0.14139432
1.7445712,0.93757856,1.4747465,0.813494,0.42018744,0.1498021
1.1252053,0.90159094,1.4422767,0.7785146,0.34215507,0.15123229
1.5203754,0.96669585,1.2767887,0.8008624,0.25799695,0.12818812
1.4879624,0.9480006,1.2691491,0.7836002,0.3350692,0.14178139
1.8589556,0.8255741,1.448451,0.8419648,0.5625494,0.12594692
1.7059711,0.63292384,1.5716183,0.82467633,0.41480032,0.13230003
1.4712362,0.49798784,1.5300851,0.86901826,0.7263865,0.11077769
1.6339849,0.89554137,1.2470841,0.75114083,0.18881825,0.1432342
1.2776428,0.7062766,1.337965,0.6962898,0.097001456,0.16595395
1.4987917,0.7935074,1.2236986,0.76276946,0.22827819,0.1435233
1.9117969,0.8262985,1.3317573,0.6870811,0.070081875,0.1677788
1.4811571,0.8684057,1.3272936,0.76908,0.33286965,0.14158693
1.2881049,0.5162299,1.2317021,0.7578755,0.28467396,0.14830405
1.4636961,0.78548807,1.4206223,0.71131366,0.1413948,0.16342327
1.2883844,0.87165034,1.5629013,0.8009954,0.3692653,0.13990167
1.0060326,0.9343163,1.3336883,0.75852203,0.2880606,0.15214033
1.9653933,0.9245447,1.1394538,0.7743518,0.19907787,0.14034426
1.8766505,0.7621354,1.2857373,0.8383795,0.44797444,0.12991829
1.7132124,0.9963902,1.1595054,0.7783505,0.21257573,0.13985646
1.2602992,0.69294804,1.3362408,0.76950276,0.300318,0.1520366
1.1163883,0.8973689,1.3605382,0.7693373,0.28530797,0.14781968
1.6101214,0.7591673,1.3368909,0.72387624,0.22716145,0.16014478
1.3157002,0.71689063,1.4429009,0.75973344,0.43148133,0.15525188
1.8157184,0.7780023,1.3299437,0.7410417,0.22937068,0.15734664
1.6065118,0.62780094,1.3849657,0.661175,0.030883834,0.17188956
2.076687,0.95760757,1.5817847,0.78359306,0.25603107,0.14494264
1.7465827,0.68740743,1.5812926,0.7728322,0.31811988,0.157854
1.0341417,0.752612,1.3470001,0.7199093,0.18868163,0.15560886
1.7802587,0.929791,1.8549345,0.8677191,0.25085458,0.09620142
1.7447199,0.9535191,1.3865042,0.76737106,0.5327243,0.16048367
1.9101498,0.99861306,1.1533155,0.80114883,0.33346012,0.13194357
0.9740296,0.9662266,1.0754623,0.8333143,0.32365242,0.12404958
1.2194737,0.5006485,1.3090146,0.7151748,0.1566001,0.1640702
1.3088975,0.7605618,1.4597969,0.7333454,0.19070712,0.155979
1.0492352,0.80581665,1.2433376,0.75790334,0.2803414,0.15277375
1.2020148,0.80297893,1.7667029,0.86415607,0.45109677,0.09976133
1.3087041,0.43628818,1.1606106,0.8227212,0.29979286,0.123075716
1.1460696,0.82284766,1.5572739,0.8300752,0.72768086,0.14584433
1.534485,0.5930635,1.4689968,0.7738789,0.31828555,0.14205936
2.0114741,0.94614565,1.4628122,0.70363283,0.09805379,0.16184676
1.5315336,0.73284584,1.5349102,0.76636755,0.32986084,0.14935246
1.4850231,0.8023455,1.2967892,0.74643356,0.2770414,0.15390763
1.1589073,0.6822916,1.3338442,0.7470225,0.24250759,0.15456021
1.0962011,0.7262287,1.7183611,0.8041495,0.17929783,0.12192821
1.7275339,0.6417791,1.3369327,0.80117863,0.4484434,0.13547094
1.0651004,0.9581666,1.5529785,0.8285237,0.5493472,0.12917854
1.1627793,0.5889092,1.2317393,0.75799334,0.17997126,0.1418466
1.5006319,0.5808992,1.3077846,0.8009502,0.54528433,0.14214277
1.2192985,0.6657518,1.1924896,0.7027985,0.020491522,0.14412145
1.3107489,0.86707777,1.1960981,0.7779907,0.29634932,0.139783
1.8468543,0.8806758,1.4576721,0.7604046,0.31945646,0.15543784
1.380909,0.6194832,1.3166006,0.6969041,0.0977308,0.16420496
1.6399366,0.7876277,1.381527,0.7630904,0.33576807,0.1578725
1.2757144,0.6223921,1.2621357,0.74739933,0.31127912,0.15862432
1.8734684,0.9175185,1.3539767,0.79211587,0.39671913,0.13938823
1.1650487,0.8762834,1.7627821,0.89884084,0.6517023,0.10747801
1.3926314,0.70631224,1.406091,0.6980696,0.080895446,0.16497451
1.4288172,0.85453653,1.361192,0.7512605,0.27247944,0.14805268
1.9687259,0.93169224,1.3618762,0.7112266,0.13937372,0.16146979
1.2989941,0.87662774,1.3181398,0.7812529,0.38021973,0.14766635
1.591885,0.5449441,1.3522446,0.7656316,0.2786305,0.14088343
1.273228,0.504345,1.3840909,0.7653795,0.3769396,0.15252212
1.7253875,0.89364547,1.444696,0.71386653,0.18778282,0.15707077
1.7538218,0.67183083,1.3325596,0.76393056,0.32741627,0.15058929
1.5586697,0.94080293,1.267745,0.7911916,0.36664304,0.14065799
1.2838657,0.46453884,1.5023234,0.81104666,0.6008805,0.14876397
1.2965188,0.69063544,1.4763188,0.75110483,0.19478104,0.140557
0.9824625,0.93934745,1.3453827,0.73556125,0.24541335,0.15464616
1.3203666,0.58198637,1.4198616,0.773211,0.32523957,0.15120722
1.3757633,0.75995463,1.190242,0.7834596,0.2258061,0.13305196
1.468872,0.84849167,1.2736678,0.75195813,0.25696054,0.15268601
1.454594,0.9136006,1.5654788,0.76457816,0.22946744,0.13762963
1.5645621,0.81513554,1.4978051,0.7672979,0.20558566,0.14248171
1.5557786,0.86327153,1.263236,0.7256582,0.17623028,0.1533543
1.2041006,0.51319134,1.5932271,0.80208975,0.5917931,0.14279974
1.8008586,0.9176337,1.1062365,0.80713624,0.2843012,0.12749149
1.894554,0.7949206,1.599885,0.7916309,0.20429139,0.12384903
1.4828379,0.5898301,1.5552824,0.7860894,0.347469,0.134387
1.6971517,0.7388808,1.2610083,0.8823034,0.42223817,0.102215655
1.4725491,0.8027623,1.1067417,0.7875056,0.2425776,0.13603885
1.0343034,0.8509382,1.4423492,0.8067985,0.46242964,0.13715717
1.4206452,0.96783394,1.3970916,0.855271,0.6416366,0.1303711
1.8776544,0.83533657,1.2818239,0.7753905,0.3312015,0.14801072
1.1753664,0.88818586,1.3474958,0.775848,0.44191208,0.15128312
1.9955106,0.9536464,1.3054812,0.7769654,0.35962978,0.1404847
1.367183,0.86566615,1.2669039,0.785859,0.24676804,0.14073554
1.7893318,0.88085157,1.3894911,0.77013695,0.3511901,0.14941452
1.3876739,0.6853469,1.5291624,0.72555834,0.12888934,0.15009613
0.9751466,0.888231,1.253418,0.82817495,0.47574955,0.13465206
1.2747828,0.4814481,1.2521186,0.79484063,0.4443543,0.14273287
1.222162,0.7056272,1.308924,0.7828136,0.34085107,0.14617112
2.0611694,0.95990914,1.5365951,0.766713,0.27802914,0.14698952
1.4929346,0.75132716,1.3384776,0.7401308,0.2538747,0.16309349
1.3997161,0.95136076,1.45328,0.78102046,0.34789968,0.1496757
1.5940121,0.6392777,1.1431735,0.8026678,0.3099372,0.12756616
1.2809111,0.78304213,1.7617879,0.8217878,0.24104676,0.110624336
1.5780704,0.57035226,1.4003081,0.71268785,0.18407701,0.16223428
1.2474009,0.6238903,1.3426502,0.6929164,0.0908551,0.1644821
1.3397821,0.48587283,1.1552837,0.7602724,0.15274909,0.13775285
1.6310248,0.8974564,1.1715406,0.76484793,0.17160991,0.13762972
1.4493711,0.65192217,1.3249259,0.76244,0.29936537,0.15246782
1.8301399,0.84100837,1.5729978,0.79896647,0.5498712,0.14636496
1.3786862,0.5134026,1.607038,0.826118,0.30313453,0.11333731
1.4338796,0.50475174,1.4841576,0.8279187,0.4691711,0.14306031
1.2129756,0.94403213,1.2593815,0.73123467,0.18488395,0.15230745
1.3909448,0.72426337,1.2957261,0.7565024,0.2516304,0.15971804
1.8427783,0.8389898,1.4946122,0.8124839,0.37834388,0.13137732
1.4473517,0.71580625,1.18927,0.81416506,0.2988819,0.12802468
1.2357931,0.94240016,1.0762813,0.8296224,0.17246872,0.1178905
1.2344323,0.61299205,1.2534599,0.6988442,0.12383836,0.16182224
1.9272673,0.8423775,1.4538372,0.7398562,0.28172302,0.15555938
1.5129981,0.527745,1.3129532,0.72044826,0.19353227,0.1587593
1.2015163,0.7956945,1.3392158,0.7203521,0.1877807,0.16326497
1.5486479,0.6557942,1.3083761,0.74270195,0.35185468,0.15333001
1.8591117,0.76258165,1.5477169,0.7289357,0.12515959,0.15295988
1.7322283,0.7718604,1.1452153,0.7976281,0.2113384,0.12577188
1.6244736,0.9375754,1.3815272,0.77915156,0.3164287,0.14391047
1.4714054,0.47532037,1.2504168,0.7190674,0.10804904,0.154441
1.9130585,0.9385498,1.039854,0.836448,0.17407812,0.111151405
1.2673205,0.7983801,1.4148605,0.7080001,0.15303524,0.16317084
1.7832841,0.7038831,1.3081348,0.73983175,0.26922235,0.16156182
1.7778889,0.8365256,1.420538,0.7304095,0.29488555,0.18292615
1.6266072,0.6877142,1.1528339,0.76909643,0.12335128,0.13649252
1.3601825,0.8380997,1.4505699,0.7620628,0.38871983,0.15380931
1.8114617,0.825158,1.0526812,0.8142083,0.19943912,0.12298587
1.1582541,0.8776863,1.3362579,0.8082525,0.34873787,0.13720442
1.358285,0.91702616,1.3723977,0.7871795,0.2834102,0.1409467
1.1759866,0.9872826,1.3301096,0.7421696,0.34304953,0.16241641
1.3390586,0.988585,1.3705049,0.67148757,0.04694965,0.16893537
1.0007719,0.8471143,1.2914467,0.7417364,0.20926309,0.15391701
1.7490314,0.7207652,1.5154414,0.77936375,0.3328013,0.140215
1.3903744,0.4449521,1.3056936,0.8119796,0.42423216,0.12726246
1.3572541,0.8430947,1.3970683,0.77757514,0.42311603,0.15623471
1.5931746,0.7382716,1.406271,0.8006942,0.41540924,0.1396374
1.488992,0.5192989,1.1594155,0.79966915,0.28683242,0.13470168
1.5732648,0.96160823,1.2428434,0.74370396,0.24338703,0.14865047
1.0359116,0.71251327,1.413243,0.80910987,0.4458959,0.1439685
1.3978113,0.5066387,1.1730999,0.832409,0.38649768,0.12812796
1.4878435,0.9981132,1.3514724,0.74145544,0.22717012,0.15601966
1.8699185,0.9549129,1.1926115,0.7599864,0.21981506,0.14518748
1.3558753,0.92316717,1.2810941,0.7823298,0.30091238,0.14386821
1.4283842,0.511037,1.3150234,0.7626568,0.2895793,0.14870848
1.8914351,0.77945554,1.4239907,0.74389434,0.25129396,0.15104514
1.0453736,0.8817955,1.5696876,0.74324596,0.19930452,0.14609067
1.548808,0.7433996,1.273531,0.7793606,0.3225149,0.14908943
1.5341822,0.8825939,1.296668,0.7377788,0.22823645,0.16510051
1.4100052,0.54791623,1.5129046,0.8311817,0.50257283,0.123646475
1.9105039,0.8491845,1.7071722,0.7880442,0.07502211,0.11616398
1.3697362,0.6817178,1.2830966,0.8239342,0.45691594,0.13381036
1.2617631,0.82018036,1.1212723,0.7790855,0.20452055,0.13505186
1.2333269,0.8136194,1.3998363,0.82264954,0.5026255,0.14383408
1.273467,0.58279777,1.2974598,0.7593208,0.27854803,0.15261795
1.308247,0.86076915,1.2550974,0.79532665,0.2640029,0.13035692
1.4171419,0.610088,1.4725938,0.82809013,0.4720208,0.121454194
1.1403003,0.64504224,1.3199844,0.7693584,0.28336695,0.14977396
1.5897326,0.57402253,1.4243793,0.7580168,0.30185854,0.14437053
1.8629287,0.8659747,1.3221047,0.7654394,0.38631463,0.14799047
1.8936948,0.7884284,1.2692747,0.8064006,0.44888687,0.13441733
1.4314841,0.56773484,1.4163249,0.7893573,0.45356703,0.14351188
1.4162962,0.55987984,1.4172509,0.77544844,0.3425609,0.15989518
1.6334987,0.799864,1.1625628,0.81543714,0.3929154,0.13672328
1.5619727,0.5841681,1.44345,0.78394115,0.40208185,0.15159233
1.4427317,0.46134257,1.362195,0.72486514,0.19179843,0.15649925
2.0046108,0.9793906,1.7608826,0.8472261,0.5836154,0.12490989
1.8979187,0.9696544,1.8686943,0.9154773,0.6329179,0.08521662
1.7537273,0.71942383,1.1619678,0.764192,0.20787416,0.14167915
1.7306337,0.8970896,1.3358033,0.71785325,0.1946649,0.16208795
1.3218926,0.535187,1.3123224,0.7168822,0.15637013,0.15776576
1.1599094,0.6123339,1.4066575,0.7467339,0.32400575,0.15481304
1.2026886,0.80209947,1.6364877,0.79159075,0.38399464,0.1245552
1.861536,0.7522671,1.3479059,0.7632816,0.29082185,0.14631926
1.3605984,0.56210643,1.3145053,0.7655395,0.34855625,0.15300697
1.4492146,0.68688864,1.377656,0.75401807,0.34939432,0.14997806
1.3840135,0.94735235,1.5393052,0.80282205,0.58775216,0.15007026
1.2939535,0.602953,1.4238422,0.77497745,0.3914589,0.14635551
1.6008128,0.6468888,1.1752357,0.769928,0.22555502,0.13893403
1.889804,0.8738486,1.3044543,0.72804534,0.23701893,0.16053374
1.4611766,0.78002137,1.5793929,0.8590161,0.6934063,0.13379478
1.5487976,0.5782601,1.3064272,0.809701,0.36492836,0.13930786
1.8224773,0.75385046,1.6016738,0.8127982,0.40863672,0.13979444
1.3139905,0.5229046,1.4326508,0.7108059,0.16058029,0.165192
2.0453215,0.9760219,1.2950313,0.69852984,0.09515356,0.16496246
1.7183805,0.8023763,0.94945914,0.8657683,0.10563118,0.093213856
1.207421,0.7843371,1.578984,0.75710607,0.19015074,0.15191588
1.7318153,0.9850275,1.6484449,0.8159328,0.4187835,0.13207118
0.961155,0.8627968,1.3032217,0.74356574,0.21795504,0.14906032
1.4575472,0.617332,1.4598083,0.82317024,0.6156114,0.13006331
1.3293008,0.9356408,1.3245816,0.7817842,0.40583482,0.15639925
1.4608122,0.9020454,1.4004369,0.7998389,0.38178068,0.13542809
1.5548654,0.7415305,1.2704751,0.7233006,0.15093133,0.1559171
1.5337757,0.5720241,1.493732,0.79749256,0.5197623,0.14013326
1.0541041,0.7254514,1.5896132,0.8242652,0.36946386,0.1402166
1.6183558,0.6948595,1.6861286,0.8467589,0.64968777,0.12002114
1.7353433,0.8592986,1.9884286,0.9198864,0.27655306,0.06970678
1.0522909,0.98417675,1.2895947,0.7240151,0.210883,0.15760717
1.6322365,0.5781747,1.3405347,0.7954253,0.42591348,0.14771503
1.322222,0.66872704,1.5734947,0.7764559,0.32789654,0.14942074
1.7745032,0.8393642,1.2616119,0.7738538,0.31012535,0.14596339
1.5779113,0.5448806,1.3109381,0.73847747,0.2941109,0.15919007
1.3795683,0.82518786,1.07012,0.8264256,0.22859707,0.11987293
1.5050184,0.7198201,1.2887442,0.7733389,0.25555596,0.14776838
1.5061847,0.9479254,1.1211102,0.7943284,0.17051591,0.1282826
1.1246333,0.7104448,1.3395307,0.72690797,0.1726846,0.1567269
1.4887207,0.55892617,1.3890815,0.79540235,0.38493338,0.13821894
1.3724892,0.8405421,1.3279676,0.6821723,0.11008348,0.17173408
1.553532,0.7359486,1.3294454,0.78652847,0.38158724,0.14181305
1.6704189,0.9153534,1.4161384,0.81881315,0.55745393,0.14520423
1.1718841,0.6909609,1.2255399,0.7515528,0.18178657,0.14615741
1.8574373,0.9424881,1.2377808,0.76889014,0.23788217,0.14816383
1.587222,0.8602835,1.6646097,0.83106667,0.40042058,0.1078726
1.2836972,0.9118197,1.1808836,0.7895794,0.29136312,0.13534813
1.2624522,0.5793296,1.3517451,0.7294744,0.2865983,0.16565968
1.3665726,0.7512324,1.5850387,0.8728804,0.7857732,0.11033881
1.3695335,0.5440539,1.5539167,0.8009643,0.45048326,0.14467894
1.4297314,0.6153926,1.2592967,0.79671407,0.3551638,0.1498839
1.5003037,0.8307313,1.3932204,0.6749053,0.038941894,0.17145775
1.3374386,0.61296827,1.2978358,0.81753737,0.44688812,0.13573337
1.1961418,0.65396863,1.2756462,0.74427956,0.20699362,0.15047532
1.414991,0.7237973,1.3145685,0.7419959,0.27548236,0.1525463
1.9973996,0.9534303,1.3272228,0.7235578,0.21072605,0.1658709
1.2888654,0.47737053,1.3647249,0.73894703,0.2012752,0.15312311
1.6687684,0.68460935,1.2757335,0.7318841,0.16915928,0.15108678
1.3323936,0.9339155,1.2393403,0.7697027,0.2610229,0.14033742
1.740744,0.948909,1.3855374,0.77670264,0.41658938,0.1466278
1.5973045,0.98119336,1.3878381,0.76335436,0.36232057,0.15594734
1.7877802,0.6962162,1.5977979,0.8224429,0.50496316,0.13713123
1.3945854,0.5528472,1.1627803,0.79137695,0.23922844,0.12985487
1.5001153,0.51055473,1.7336946,0.8318147,0.37790054,0.11229177
1.1798946,0.74856454,1.557065,0.80193275,0.27140936,0.1305168
1.7075615,0.7004293,1.1054627,0.81873393,0.2687707,0.12104051
1.9257351,0.8004043,1.3927891,0.74615574,0.26554817,0.15736309
1.5229937,0.54786205,1.2311211,0.7733577,0.28153858,0.13668029
1.6970162,0.66334504,1.1900666,0.748346,0.15355276,0.1448083
2.0450783,0.90967995,1.3338952,0.7253051,0.16063496,0.16148634
1.1448393,0.61423326,1.4759414,0.7496145,0.24354634,0.14846416
1.484128,0.6774456,1.5208638,0.8355123,1.0697969,0.13616624
1.5316992,0.6256861,1.3732302,0.72690916,0.22582489,0.15937673
1.8373384,0.8396662,1.2762599,0.7599777,0.3014145,0.15346849
1.916958,0.9204203,1.2472444,0.7643697,0.27058965,0.14239812
1.9854025,0.90150803,1.837373,0.84856445,0.084825695,0.08634219
1.7236603,0.7634567,1.0805513,0.81711274,0.37339133,0.12933435
1.4275223,0.6527501,1.7623749,0.8439584,0.42114782,0.11869538
1.6493158,0.99987245,1.5416026,0.7809371,0.39490792,0.14922346
1.7231481,0.8718598,1.3369281,0.76824945,0.290845,0.14294025
2.126311,0.9877148,1.5179448,0.80801564,0.5797945,0.14856112
1.6641506,0.7447523,1.0457664,0.8538892,0.22715205,0.11039585
2.1114297,0.9789153,1.198226,0.78088486,0.2980615,0.13707444
1.2615988,0.67282116,1.4590807,0.7809527,0.36074293,0.15401232
1.9707795,0.9249219,1.3163288,0.8636648,0.5529998,0.113506466
1.8096122,0.9819413,1.3315682,0.7776196,0.38471803,0.14454395
1.7597294,0.68349636,1.3782673,0.7411258,0.28851297,0.16317415
1.7329973,0.993955,1.0618596,0.82287663,0.22438353,0.12531006
1.7942423,0.94869065,1.2885303,0.7655382,0.25040472,0.14801654
1.030491,0.77418196,1.3929515,0.7978416,0.4922573,0.14369318
1.9793307,0.9832748,1.3582699,0.8162996,0.3189021,0.13693333
1.5689049,0.6531716,1.4950867,0.763422,0.3383534,0.15285254
1.763705,0.96997404,1.4124255,0.7602836,0.32615492,0.15262838
1.681419,0.8686824,1.3116746,0.7239877,0.15797056,0.15391083
1.8543516,0.90014654,1.308893,0.7454243,0.20645563,0.1514503
1.6176904,0.91103846,1.2923965,0.77947366,0.32925174,0.14415479
1.0984693,0.7683983,1.2423444,0.7954436,0.2616102,0.13799767
2.0114548,0.9604244,1.4754865,0.7154821,0.161002,0.1593023
1.3547534,0.5689304,1.3474789,0.77272385,0.30669212,0.14726
1.8550229,0.9184586,1.5532639,0.8747508,0.7050689,0.10535165
1.8599588,0.78335917,1.3376458,0.7389116,0.2631095,0.1591079
1.4714338,0.6042093,1.2573788,0.7592523,0.30108085,0.15559511
1.315725,0.9208716,1.3792136,0.7681961,0.32359588,0.15440379
1.1766353,0.539455,1.5380514,0.77908516,0.45538712,0.14589715
1.5958122,0.7212713,1.5447783,0.76027465,0.2996132,0.14699064
1.7661586,0.98956627,1.2060688,0.7818142,0.24496952,0.14029746
1.2466518,0.72485197,1.1916282,0.76345414,0.15661381,0.13824438
1.8440645,0.9493512,1.2341294,0.7503836,0.15352404,0.13996895
1.1690056,0.8708805,1.2739971,0.73023355,0.16273022,0.15388514
0.9097523,0.97867584,1.4049261,0.7732033,0.3656522,0.15262002
1.4291775,0.50923973,1.5938232,0.78212154,0.34907457,0.13973415
2.0266004,0.95160186,1.2841384,0.78785163,0.37343332,0.13999021
1.5899942,0.5619469,1.2117746,0.7797532,0.29807946,0.13984366
1.7528951,0.9910215,1.4410863,0.80770177,0.47849616,0.13798873
1.5665345,0.7659903,1.1860142,0.79197264,0.27683395,0.1332099
1.5350776,0.57681197,1.158315,0.77483606,0.26414555,0.14208606
1.4988866,0.8555449,1.449517,0.8384347,0.3999404,0.11058699
1.3924218,0.9228634,1.4406462,0.8308391,0.49216872,0.12298738
1.2562052,0.70822054,1.3410437,0.7382777,0.29268938,0.16044633
1.674872,0.6249788,1.5799534,0.7957046,0.2857139,0.13755086
1.5031188,0.9968809,1.5129149,0.75363594,0.29717425,0.16566366
1.4862316,0.9182364,1.3062186,0.78669965,0.32596442,0.14012647
1.523118,0.85440207,1.4219768,0.693321,0.09285654,0.16714227
1.2235698,0.53973037,1.5041718,0.7368562,0.18269213,0.15977255
1.1110113,0.677715,1.5316126,0.78079224,0.41692868,0.142525
1.7660036,0.7757373,1.5828571,0.7850344,0.33230877,0.12721133
1.8092842,0.712491,1.5429106,0.75647646,0.24622236,0.14797859
1.6907337,0.8176477,1.3644762,0.75306344,0.22942822,0.14848809
1.7846161,0.9902952,1.5303221,0.8251818,0.48089463,0.13362016
1.5977304,0.8823646,1.4000697,0.7448272,0.3431283,0.1661387
1.5608637,0.6893668,1.3691642,0.7400622,0.38141593,0.16476646
1.3716781,0.52192795,1.337188,0.774443,0.41552466,0.15467574
1.227354,0.8008323,1.2432153,0.7674602,0.24808188,0.14456648
1.2459586,0.67128956,1.1951542,0.7521018,0.1429419,0.14316994
1.6094813,0.9375041,1.4333224,0.7555605,0.2764498,0.1462046
1.6255496,0.737139,1.3241491,0.7396054,0.2218742,0.15213382
1.5697782,0.6676841,1.3914518,0.66512126,0.052088603,0.17392798
1.9523413,0.8801132,1.5884445,0.7732564,0.1762005,0.13728394
1.8684208,0.9043195,1.4191866,0.7660341,0.33422348,0.15217912
1.8573854,0.9372659,1.1581087,0.7879575,0.25517282,0.13992412
1.3936104,0.9081804,1.5269578,0.7860026,0.2675577,0.12772104
1.0431025,0.78446853,1.3545895,0.6582661,0.012649221,0.17088763
1.9331464,0.87934583,1.2282369,0.77615976,0.28730297,0.14079629
1.6921618,0.7528935,1.1701382,0.7858629,0.18605174,0.13158415
1.1020136,0.8897829,1.2124865,0.77269083,0.19840394,0.1394826
1.1862078,0.63215584,1.31088,0.81265527,0.4755236,0.13606937
1.158087,0.8387891,1.3004539,0.6823841,0.054608952,0.16454427
1.3375808,0.5351063,1.1666906,0.7396223,0.064451665,0.13913898
1.4349372,0.7776697,1.1308801,0.793061,0.14446558,0.12351533
1.8198155,0.76770425,1.2531765,0.7268187,0.14056504,0.15141909
1.831811,0.95515716,1.2131999,0.803127,0.32489574,0.13428058
1.6843525,0.84820056,1.366318,0.74832916,0.34019178,0.15431657
1.2882557,0.7225642,1.3235114,0.80059177,0.41736978,0.13905811
1.9016829,0.941422,1.3521197,0.7208749,0.19982453,0.1606921
1.264177,0.8278206,1.161627,0.7654446,0.23965263,0.14150524
2.0098088,0.88745165,1.1765554,0.7587925,0.114799626,0.13485041
1.1309842,0.69754493,1.1999805,0.7473062,0.12347326,0.14078861
1.5223813,0.54486305,1.3103604,0.8352167,0.45967036,0.1348489
2.0692165,0.95441747,1.521615,0.8008013,0.5375948,0.1338912
1.4404602,0.62788475,1.2341399,0.7957819,0.39789566,0.14162196
1.526126,0.72981346,1.6586046,0.8355879,0.5403371,0.115857586
1.3870714,0.9412017,1.4469216,0.7301662,0.17883702,0.15868233
1.7007707,0.8309128,1.3205402,0.7214167,0.1583339,0.15758175
1.9834576,0.96422106,1.28498,0.78744084,0.31445572,0.14199454
1.5224861,0.5237139,1.4866629,0.8074882,0.4705239,0.13581246
1.3535751,0.4713716,1.3005605,0.8073278,0.49981463,0.13822484
1.5462158,0.59565973,1.6189568,0.7982818,0.37451643,0.13123918
1.2541592,0.9434926,1.2600198,0.75252295,0.21716507,0.15144397
1.6503807,0.70810336,1.3888974,0.78850514,0.40600818,0.14955321
1.3423641,0.63762814,1.1385219,0.78434086,0.18940078,0.13219114
1.5478941,0.55252635,1.3415637,0.74822176,0.20609985,0.15256964
1.2502391,0.67956215,1.1397899,0.79536897,0.19812585,0.12648895
1.422773,0.5829535,1.5163906,0.8239307,0.5951806,0.14802296
1.4373795,0.9055763,1.4244914,0.7764839,0.34559965,0.14507627
2.0826135,0.9598731,1.4001746,0.76997066,0.3543463,0.14689465
1.5172397,0.86824447,1.447398,0.8108149,0.5137145,0.14290592
1.3428317,0.5311543,1.2009163,0.79776007,0.26473507,0.13103963
1.7571363,0.79577357,1.184495,0.7719463,0.19961786,0.13782868
1.63674,0.6872973,1.325129,0.75092614,0.19529225,0.14612362
1.1720402,0.59425515,1.2266903,0.7534977,0.26523945,0.15578233
1.6819195,0.7368504,1.2445121,0.82013625,0.37131608,0.13180646
1.4586943,0.7273929,1.3900287,0.7179485,0.18053094,0.16411988
1.8050414,0.8788804,1.1895821,0.7824723,0.27131423,0.1386626
1.2247223,0.7938036,1.2602742,0.7995678,0.33219948,0.13964693
1.9100149,0.80581903,1.2577212,0.7612234,0.21063766,0.14683695
1.854847,0.8677082,1.187938,0.78848064,0.2552598,0.13439529
1.6247021,0.9281864,1.3140898,0.8395485,0.44303274,0.13165721
1.2916622,0.7414349,1.3087721,0.69652075,0.08768679,0.16017286
1.5166912,0.98955864,1.3692911,0.79884785,0.37687927,0.14351015
1.4792365,0.6078797,1.6548231,0.85022956,0.4878073,0.1165323
1.064572,0.9858851,1.3936319,0.7674826,0.42596015,0.15682986
1.6032453,0.6230961,1.2445316,0.77600396,0.28262964,0.1452629
1.6880691,0.64713424,1.3456964,0.707898,0.116325185,0.15826225
1.2322874,0.7537547,1.5025189,0.77271485,0.25392327,0.14173932
1.3576839,0.5542167,1.316354,0.77093124,0.42017928,0.15201375
1.4367218,0.6084406,1.3003507,0.78776324,0.36069372,0.1406505
1.5756888,0.64986813,1.5819004,0.78510076,0.35471466,0.13800646
1.4975039,0.90253067,1.2563288,0.75461775,0.2275528,0.14486727
1.5300651,0.7654739,1.7654843,0.85717934,0.7148554,0.13815497
1.3348044,0.4914632,1.439879,0.78760743,0.32536185,0.13969052
1.9598839,0.8498996,1.4043217,0.8361737,0.5751329,0.12833534
1.5995756,0.78966826,1.0302037,0.7977821,0.107370675,0.11867169
1.4274195,0.53569204,1.2914257,0.76828736,0.2981462,0.14882153
1.3581564,0.5694878,1.425448,0.7623664,0.38018176,0.15162992
1.4375683,0.5339515,1.413837,0.7610396,0.30207214,0.15888643
1.4052522,0.6360737,1.4039404,0.74286735,0.26669115,0.16267039
1.325767,0.41756484,1.4800427,0.7977837,0.4662094,0.13460338
1.7651901,0.7879183,1.3389552,0.78789455,0.30932334,0.13776669
1.2208947,0.9065776,1.4444003,0.74240625,0.28300083,0.15515876
1.2712989,0.6052788,1.0988204,0.81349546,0.2263843,0.12323978
1.8074299,0.90846217,1.2234802,0.8060921,0.21322086,0.12662794
1.7255805,0.9524709,1.4840662,0.82044894,0.5860817,0.13376684
1.9395789,0.8532543,1.4397235,0.7543242,0.32965538,0.15623729
1.8242826,0.7232967,1.0689492,0.8263847,0.1326638,0.11314193
1.3430504,0.78614366,1.2146947,0.7626238,0.20382093,0.14201179
1.0930748,0.987927,1.3647699,0.7535541,0.32298654,0.15298173
1.2511911,0.52569836,1.1782191,0.7782912,0.16159083,0.13151005
1.501255,0.82863766,1.3286986,0.8072141,0.39604473,0.14102764
1.4511875,0.4956997,1.4216499,0.83765,0.52818847,0.11502386
1.5800949,0.87281257,1.6777,0.81802166,0.46571174,0.12143605
1.4242613,0.62506205,1.2082515,0.80222076,0.34914258,0.14265332
2.036133,0.9953835,1.4506593,0.7605103,0.46357217,0.15604131
1.3045112,0.63666683,1.3504376,0.72133344,0.19520037,0.15617867
1.3032455,0.44278377,1.3320999,0.7749675,0.38537917,0.13952787
1.6153619,0.5870273,1.2336731,0.71491647,0.079502605,0.1527154
1.4001101,0.70965177,1.3055313,0.7565545,0.3388952,0.15351857
1.0045677,0.9979733,1.2462504,0.7338599,0.19789867,0.1594237
1.4928653,0.81518114,1.2610083,0.77255225,0.3314074,0.14845683
1.8351752,0.95313984,1.4186738,0.803479,0.36681265,0.13442092
1.6462576,0.7849439,1.8488612,0.8709116,0.38446036,0.0973888
1.1432263,0.5898578,1.5575414,0.8266575,0.47240525,0.14531328
1.885387,0.884318,1.4261794,0.72270155,0.19782351,0.16468102
1.19877,0.59289676,1.3194101,0.734864,0.21456191,0.15503103
1.2450265,0.91818047,1.7827177,0.82996744,0.11878576,0.094865955
1.2508076,0.6252085,1.1974151,0.7856468,0.2634177,0.14008762
1.4430068,0.79041773,1.2463529,0.7707161,0.31920335,0.13886519
1.5177213,0.75039047,1.1763341,0.77387035,0.20537435,0.13722485
1.480925,0.76750666,1.6585224,0.7762712,0.12336267,0.12198483
1.5123307,0.8111145,1.080708,0.8351862,0.3097388,0.120778434
1.2471648,0.74730134,1.4172661,0.7642588,0.34238806,0.14583987
1.9611528,0.9906424,1.2254386,0.7518304,0.2237653,0.1460415
1.3808147,0.6379313,1.313101,0.76204944,0.2751788,0.14794415
1.6980088,0.87957215,1.0775931,0.81744486,0.17953165,0.11938362
1.934105,0.9156711,1.1946936,0.84786123,0.44091895,0.13147381
1.6853794,0.9107072,1.3184686,0.7992105,0.38828257,0.13928077
1.3245946,0.6359531,1.3156986,0.74992144,0.25335586,0.15232556
1.4195793,0.44031748,1.3974526,0.7954933,0.3318873,0.1294932
1.5176829,0.70455205,1.282697,0.794602,0.30101648,0.13571316
1.5074637,0.7916348,1.2964401,0.86437637,0.63013726,0.11700485
1.4096749,0.66260654,1.4655087,0.82931125,0.6538552,0.14233305
1.0958221,0.76759934,1.3245351,0.7741161,0.2821118,0.15209964
1.1322469,0.58681244,1.3194067,0.72350967,0.17944519,0.1630969
1.5403252,0.8244083,1.3308768,0.7471991,0.22809021,0.1517061
1.9119954,0.84250873,1.4437861,0.7547891,0.29889464,0.15586764
1.6897616,0.9703614,1.4699674,0.7901206,0.42353755,0.14158742
1.6425862,0.6204378,1.296021,0.73035437,0.18900363,0.15893705
1.5911494,0.560904,1.3387418,0.77558666,0.38050982,0.15484652
1.2554029,0.76956403,1.296252,0.773711,0.4265732,0.15005858
1.2789992,0.6441633,1.248493,0.8174431,0.29594764,0.13117129
1.4418466,0.5911194,1.3554256,0.775468,0.33363768,0.14457764
1.3272256,0.74098647,1.3230298,0.7447187,0.23534122,0.15142931
1.3325179,0.6326524,1.2882245,0.762084,0.2263418,0.14569645
1.4018382,0.54470277,1.237567,0.7644983,0.28442103,0.14788786
1.3731151,0.5446621,1.4376583,0.77008575,0.30452374,0.14727917
1.2513175,0.5205831,1.3175111,0.75708675,0.2687551,0.14629945
1.2153748,0.634782,1.4600301,0.7873883,0.3679725,0.14611469
1.4965562,0.5622108,1.3096299,0.7491759,0.2898534,0.15448555
1.2520754,0.5795651,1.3520279,0.82005805,0.54559815,0.13275777
1.4787451,0.6569883,1.2930636,0.7195678,0.2316933,0.16721252
1.8349206,0.8590036,1.2537487,0.8535132,0.48264748,0.12112688
1.195874,0.9130934,1.1475136,0.7721253,0.1504306,0.13591036
1.2869693,0.88373697,1.1040013,0.8520215,0.31691325,0.11518449
1.5998417,0.58223903,1.5801861,0.81911457,0.5197302,0.13194302
1.3071272,0.54782754,1.0791574,0.83694243,0.19136,0.110577665
1.5116574,0.5781952,1.5675933,0.7980247,0.60663635,0.14376834
1.4351577,0.9372745,1.2228036,0.80927235,0.25423008,0.13135605
1.4582561,0.53303224,1.1922009,0.7616389,0.2653341,0.14296646
1.5402786,0.76867765,1.0881683,0.8375046,0.30430698,0.12016478
1.3855138,0.76993877,1.2987223,0.75413275,0.20913565,0.14927937
1.3763026,0.88366514,1.3820841,0.7497822,0.42511606,0.16690266
1.5239121,0.79083616,1.2908857,0.8127258,0.36232203,0.13156477
1.3420491,0.61945134,1.274909,0.6907562,0.10315652,0.17059864
1.2122608,0.74398965,1.1616231,0.7909489,0.1497301,0.12804969
1.5330496,0.5410321,1.2302699,0.76133096,0.24603105,0.14590462
1.504858,0.870284,1.3392785,0.7306682,0.21095087,0.1648839
1.5716774,0.66994345,1.236059,0.82488364,0.40428862,0.12627912
1.3222157,0.9897398,1.301331,0.7528175,0.32558608,0.15445317
1.1006173,0.68339974,1.2663736,0.70171666,0.06828838,0.15778679
1.5341805,0.9187618,1.4103835,0.75234056,0.3394285,0.15975423
1.4420886,0.75607413,1.2124207,0.779997,0.26317695,0.13557896
1.7157843,0.9099924,1.77651,0.8634235,0.5779839,0.10968898
1.5360034,0.6865293,1.4485524,0.68719816,0.038995944,0.1624104
1.253255,0.5662532,1.6278028,0.8445421,0.53141457,0.12135751
1.5691986,0.84945583,1.4529631,0.73527575,0.24318017,0.16479933
1.6950763,0.66592664,1.3783565,0.76430666,0.3371453,0.14763573
1.6880748,0.8413901,1.3794749,0.81122214,0.43467635,0.13219951
1.977985,0.85385805,1.8256564,0.87926775,0.36220762,0.09458278
1.675366,0.93994063,1.5791125,0.83173037,0.53755724,0.1308177
1.3406194,0.42332277,1.3297307,0.78164977,0.27686095,0.14102183
2.1270127,0.99079245,1.1713649,0.7786569,0.2649573,0.14301097
1.4817905,0.7040657,1.7793334,0.8261909,0.21399622,0.108876094
2.011413,0.91381973,1.4087536,0.7783903,0.32245332,0.14142373
1.5572444,0.69174546,1.8064919,0.86967975,0.24399094,0.08765825
1.4168568,0.48230857,1.3994908,0.8710889,0.48802993,0.1102762
1.1990875,0.7117772,1.4225712,0.83804643,0.7467143,0.13367593
1.7486519,0.65646327,1.3074651,0.81903774,0.38880995,0.12181506
1.1811801,0.55491817,1.2365704,0.7720456,0.24497734,0.14781842
0.9278047,0.9605666,1.4335318,0.81949824,0.4976172,0.1337773
1.6679721,0.6216271,1.4506319,0.7809111,0.5549639,0.14734082
1.7896975,0.9346373,1.269012,0.7946865,0.3458078,0.13508837
1.7708975,0.6990994,1.3228207,0.7978577,0.3451333,0.13876766
1.4837722,0.79816467,1.1434783,0.7895806,0.20894936,0.13187969
1.715152,0.96826226,1.4669476,0.8409999,0.5420143,0.12717144
1.6896124,0.9665118,1.2777,0.7895365,0.35625848,0.13982883
1.7930188,0.68523544,1.3475397,0.77746934,0.4084765,0.14942706
1.5782456,0.710648,1.360826,0.732942,0.14593886,0.1607321
1.29056,0.5052764,1.4293239,0.76657,0.4850738,0.15550111
1.4270505,0.5119408,1.6623993,0.7753483,0.27527285,0.12838098
1.2561636,0.7391967,1.3069448,0.80629355,0.37641793,0.13337918
1.8021163,0.70211715,1.1138346,0.79327863,0.1913796,0.12927094
1.4218699,0.586405,2.0099204,0.9099443,0.059728816,0.058410093
1.0913911,0.8554532,1.2275226,0.8075884,0.36487514,0.14234187
1.9282981,0.9630248,1.2457843,0.73297393,0.14797765,0.14955169
1.4754267,0.78926694,1.4119816,0.74014217,0.30204952,0.16477263
1.3474412,0.99052644,1.3221211,0.7695781,0.41958767,0.16323552
1.7884579,0.69056326,1.1001391,0.7970998,0.2492694,0.13227376
1.6046847,0.88384223,1.145457,0.803224,0.30845442,0.13663334
1.6610351,0.82961917,1.6952014,0.7898202,0.28382537,0.13207284
1.3141313,0.54449093,1.4290102,0.7385669,0.3579191,0.17397018
1.4953971,0.6110424,1.146541,0.75464714,0.082365185,0.13380058
1.059114,0.8037044,1.3148184,0.7699381,0.28790516,0.14014885
1.7793978,0.8913296,1.3267651,0.78878665,0.41066682,0.15011449
1.8979707,0.905748,1.3457224,0.7855205,0.378342,0.14288285
1.5147692,0.6377419,1.2269106,0.7647886,0.19010015,0.14189667
1.1308919,0.87794435,1.4431825,0.7342038,0.23254126,0.15858296
1.7957944,0.8865481,1.376337,0.7601429,0.27978548,0.15854436
1.4949331,0.5841885,1.1505985,0.7912703,0.16767202,0.12907594
1.4819189,0.69936883,1.4455731,0.78568137,0.3900288,0.14475212
1.778354,0.81292033,1.2581167,0.7987927,0.31204128,0.1298897
1.3158075,0.6422879,1.2304661,0.75626934,0.21393089,0.1521461
1.2126809,0.88971573,1.0847218,0.82333654,0.17763785,0.11506125
1.6381277,0.7549196,1.4240348,0.7350246,0.2608651,0.152904
1.1560127,0.68035704,1.290659,0.7590528,0.24864723,0.14440492
1.4599799,0.72877884,1.1245322,0.77917784,0.15673745,0.12848607
1.6310471,0.7224543,1.3151522,0.7991844,0.3742425,0.1386824
1.4659181,0.52292454,1.4963162,0.7885687,0.54815793,0.15028544
1.5584537,0.546994,1.584533,0.9103456,0.6637672,0.094405174
1.3167269,0.8791163,1.3858638,0.7450657,0.24208559,0.15532517
1.4455432,0.6672796,1.4721334,0.7915429,0.4569024,0.13912442
1.543575,0.7059121,1.386611,0.77358794,0.32477495,0.14268854
1.8475689,0.8062628,1.3924541,0.79742223,0.47825602,0.14981952
1.1791022,0.6500614,1.2174127,0.7476419,0.17024483,0.14746305
1.4614903,0.7206001,1.3406253,0.763059,0.32475126,0.14655945
1.6451387,0.6059064,1.7279603,0.84653455,0.38278255,0.1089571
1.249643,0.5588433,1.4249249,0.7576251,0.42388055,0.16508612
1.2948753,0.4940491,1.2953551,0.7769031,0.26974124,0.14664361
1.166323,0.912904,1.4629934,0.82987136,0.5565611,0.13082397
1.2334673,0.70762163,1.2523499,0.8331918,0.48435432,0.12894496
1.5797696,0.94497186,1.363406,0.69819665,0.11968506,0.16684154
1.4270782,0.56372845,1.4362581,0.7521522,0.31210163,0.14811437
1.8325645,0.88115287,1.3451772,0.78318024,0.28541,0.14425178
1.3890798,0.4917393,1.1618137,0.7639458,0.18249123,0.13925844
1.464882,0.5987961,1.5341537,0.7282593,0.06540905,0.14883834
1.7588404,0.91962504,1.355967,0.7524183,0.22423019,0.16142404
1.5458318,0.9797177,1.2504532,0.73353136,0.1378958,0.14776109
1.3008308,0.8392136,1.5388484,0.7553588,0.14109078,0.1513072
1.3281534,0.7320543,1.3283617,0.8219563,0.5696373,0.1393627
1.5263125,0.80191404,1.216394,0.7960716,0.29727495,0.13651738
1.4366819,0.81977236,1.16249,0.82119006,0.40088782,0.12991199
1.931217,0.84467566,1.5833225,0.7538685,0.21994185,0.14263481
1.1904806,0.71734196,1.3461576,0.7345173,0.20395166,0.15151754
1.1865926,0.6657943,1.2900803,0.7686546,0.28327832,0.14653952
2.0175152,0.96773756,1.3360689,0.66382456,0.02674426,0.16763376
1.946811,0.86430573,1.60671,0.7841079,0.2914816,0.13157171
1.817764,0.9512434,1.2701192,0.7520046,0.26806685,0.1517719
1.6149354,0.6971985,1.3176429,0.7903175,0.5140837,0.1409629
1.226496,0.9887116,1.2851987,0.74476415,0.29628006,0.15310366
1.2939214,0.72915304,1.2248428,0.72423047,0.055388186,0.14300038
1.5369288,0.66497564,1.3228941,0.73031217,0.132446,0.15520914
1.7317156,0.80752903,1.0955424,0.81388056,0.22380225,0.120943286
1.0555533,0.75988877,1.5513718,0.82276064,0.6351629,0.13134249
1.5825859,0.8369957,1.2324498,0.78166485,0.38346714,0.14264807
1.671913,0.93430215,1.3593357,0.68658173,0.10919341,0.1753286
1.7743621,0.9872024,1.2417941,0.80501443,0.39571077,0.13413201
1.0896798,0.91952705,1.3306575,0.77288085,0.34579697,0.14860576
1.6309367,0.6053395,1.5255425,0.81536245,0.60320747,0.14789006
1.2848736,0.6518999,1.4059122,0.7465737,0.2958066,0.15973817
1.8398236,0.9441899,1.4079299,0.8276022,0.43946195,0.13128556
1.6031551,0.9200635,1.295043,0.76036406,0.24561669,0.14953801
1.3074273,0.8003163,1.6150224,0.83079046,0.29069638,0.115108244
1.5215878,0.62639487,1.1753433,0.8317228,0.33394933,0.12714243
1.5354791,0.89323986,1.1722093,0.76553917,0.18562698,0.14301272
1.7107563,0.77318597,1.3084865,0.76229024,0.31709662,0.1567113
1.5898837,0.8135188,1.4253249,0.76577,0.4141666,0.14546688
1.5886805,0.6869611,1.1794944,0.79182446,0.2378225,0.1361156
1.1759429,0.90228367,1.2049198,0.7859607,0.27173167,0.1371559
1.5487959,0.76655287,1.2812746,0.70854175,0.11767869,0.15561877
1.6842188,0.7720163,1.118576,0.82180804,0.31231207,0.1268644
1.5016024,0.9959978,1.3109436,0.7423796,0.20461182,0.1515602
1.3304703,0.68152344,1.3548903,0.7349645,0.18678941,0.15842645
1.4346194,0.6640963,1.3852823,0.7380053,0.23574476,0.16507027
2.0918438,0.9797695,1.3274677,0.758769,0.20968199,0.143612
1.496967,0.6171859,1.3384674,0.77407867,0.54892695,0.14597711
1.4512538,0.8034622,1.6920145,0.7918444,0.20265514,0.11984031
1.6407932,0.8325716,1.5068843,0.76200974,0.43041748,0.17630075
1.4749106,0.526856,1.2697215,0.7038976,0.13011375,0.16214807
1.9760488,0.9332237,1.3116932,0.77699846,0.3851049,0.15153542
1.6526763,0.9044316,1.3588912,0.7745713,0.34088898,0.15279707
1.8079947,0.81458503,1.3261797,0.71423495,0.18851799,0.16298869
1.5451837,0.70918626,1.3597741,0.7700561,0.28822717,0.1473046
1.3993423,0.7099522,1.2281611,0.80059916,0.30668488,0.14108251
1.7231352,0.77625567,1.2654188,0.6993987,0.11366439,0.1656321
1.4808934,0.603731,1.1714845,0.7961807,0.1890434,0.127272
1.9482872,0.8491191,1.3356917,0.79797333,0.2698126,0.13367136
1.2033794,0.8418697,1.4220669,0.74531263,0.25030935,0.15749826
1.6571149,0.59133965,1.3475554,0.7981737,0.41636503,0.14005432
1.8109342,0.7901419,1.144243,0.7925013,0.18465002,0.12731393
1.9760056,0.87541336,1.182122,0.79003066,0.27177274,0.13585702
1.1891211,0.98120546,1.4985805,0.856263,0.53164744,0.111836515
1.483982,0.68215895,1.360575,0.7476733,0.31844482,0.15863644
1.2954892,0.664308,1.4261601,0.7836147,0.3935194,0.14706671
1.297274,0.66333574,1.2975857,0.6762026,0.04488519,0.1658184
1.5673203,0.91526407,1.3765957,0.71951294,0.17381625,0.1641395
2.1070335,0.94738126,1.335604,0.7178171,0.117421366,0.16014232
1.3319972,0.4413667,1.3594558,0.68955964,0.12900569,0.16936342
0.9445599,0.95207494,1.4121361,0.7660732,0.25048044,0.1405303
1.2179874,0.7633082,1.192152,0.78590894,0.24198385,0.13439767
1.4766699,0.4756354,1.4231522,0.7929253,0.39990193,0.14460996
1.3250577,0.41834363,1.334621,0.7016639,0.1554169,0.16770202
1.4938287,0.9989035,1.3214736,0.80003905,0.3762389,0.14910813
1.4802675,0.52146775,1.8179674,0.8619935,0.4528312,0.109939136
1.3970004,0.5506361,1.4662282,0.8121138,0.4721908,0.1363913
2.057906,0.9114745,1.2842524,0.72409475,0.13310282,0.154518
1.620152,0.7621758,1.1208038,0.79116154,0.18025072,0.12982513
1.4522998,0.50158757,1.2844603,0.728686,0.19740121,0.15808414
1.7874591,0.700914,1.4599094,0.79474455,0.45010933,0.13925157
1.5235147,0.67081344,1.4140007,0.7167457,0.16399877,0.16408347
1.6152548,0.8953372,1.1790514,0.7510979,0.13087179,0.1411512
1.2396202,0.53779846,1.2971187,0.71393985,0.16380619,0.1602491
1.2689983,0.9398483,1.4281971,0.7909858,0.6494632,0.15307252
1.6645414,0.78113383,1.1846344,0.8185013,0.31551567,0.13209322
1.1935011,0.8067851,1.4103024,0.73977983,0.28786668,0.156404
1.4686804,0.76151514,1.4573746,0.81021994,0.45003885,0.13338414
1.2975748,0.89019203,1.073679,0.8135047,0.2256892,0.122088484
1.1557372,0.7339977,1.2016714,0.7393985,0.08345981,0.13904081
1.25559,0.84775716,1.1726494,0.7624301,0.12924525,0.13630937
1.2503018,0.62026507,1.2292204,0.7516868,0.18894555,0.14444183
1.7255274,0.7075868,1.3680105,0.7742778,0.346695,0.15302514
1.1905384,0.6911717,1.4391658,0.7482133,0.27912554,0.15347199
1.4608896,0.5116846,1.3568256,0.7696285,0.30495852,0.14511131
0.9925501,0.9353996,1.350636,0.7312357,0.19070603,0.15322359
1.2259023,0.9661574,1.3854067,0.8168441,0.44230625,0.12705778
1.5030037,0.785849,1.5498097,0.7797611,0.34410968,0.15306754
1.3791438,0.8085843,1.2692516,0.7974524,0.37006745,0.1384473
1.5019838,0.569953,1.4605432,0.7632439,0.31807628,0.15976179
1.4607906,0.5597976,1.1720798,0.78428656,0.18415077,0.13372348
1.053858,0.8188408,1.3350751,0.7620871,0.28012553,0.15192717
1.4769598,0.81241864,1.3856006,0.7391084,0.18936473,0.15142187
1.1449064,0.71477926,1.255333,0.76689607,0.29925263,0.152371
1.6867738,0.62566006,1.5686388,0.7352242,0.08151073,0.14543095
1.5461385,0.9337379,1.4070787,0.78433204,0.34715936,0.1438163
1.8498404,0.874983,1.4379563,0.75515175,0.37107316,0.15635663
1.4527276,0.8418505,1.2920122,0.7940928,0.34616032,0.13669859
1.6088121,0.80826294,1.3335483,0.7655648,0.31882784,0.14798038
1.4013243,0.43496066,1.2027137,0.8043525,0.2811741,0.1308171
1.3846776,0.60037804,1.3991873,0.7644809,0.23788954,0.13988164
1.4566836,0.5337569,1.1544039,0.79977137,0.22755688,0.13282524
1.4958761,0.6266748,1.2092803,0.7783727,0.2085976,0.13567927
1.3883001,0.7192075,1.2536054,0.7883817,0.31226823,0.14410025
1.0281464,0.7622775,1.5077822,0.7346997,0.20262697,0.14905381
1.5625365,0.6713602,1.3021317,0.7584696,0.2675472,0.1539788
1.7342316,0.7655436,1.2809677,0.812911,0.4108047,0.14036529
1.7548527,0.66135144,1.3088348,0.7593695,0.29025817,0.15803269
1.0364166,0.70754474,1.6825676,0.82111514,0.42775327,0.13301493
2.150713,0.98875135,1.2887912,0.78535026,0.37385347,0.14609489
1.4669468,0.7943916,1.341805,0.7558962,0.27264085,0.1471706
1.2995192,0.5102816,1.3613014,0.7032933,0.1662243,0.16083968
1.1523845,0.9208822,1.4104793,0.7543135,0.28370616,0.15259665
1.5258074,0.54496324,1.3094864,0.7554275,0.2687871,0.15054607
1.5108749,0.69026434,1.6069925,0.8062748,0.4420994,0.13979633
1.7663187,0.71886665,1.1096152,0.8139356,0.31776905,0.13081457
1.3243004,0.49834454,1.1464756,0.80194116,0.2682832,0.12857755
1.4860156,0.66565603,1.4461527,0.78665733,0.47758573,0.13838403
1.29023,0.85434604,1.3278875,0.7697768,0.3258292,0.14927728
1.2535697,0.8464091,1.3146718,0.78003144,0.34594628,0.14722519
1.8168646,0.98417044,1.3233657,0.78038555,0.3262474,0.14860031
1.1425205,0.635458,1.5985644,0.79614353,0.41549438,0.13269998
0.97502553,0.91971475,1.4277198,0.7990578,0.39988843,0.14502019
1.4895154,0.69670814,1.451484,0.76708436,0.32749194,0.14286134
1.3659973,0.6202276,1.2162087,0.7930802,0.2496809,0.13390094
1.4639297,0.4758664,1.2407849,0.71741873,0.131702,0.15926068
1.5050267,0.84290534,1.30919,0.75447476,0.21140113,0.15113084
1.2662886,0.63352096,1.7719247,0.8396004,0.28979966,0.10519136
1.2796291,0.65265965,1.4966834,0.8405121,0.5189946,0.11216007
1.1721412,0.83541065,1.2193732,0.7794722,0.2695458,0.1433359
1.1384771,0.7101046,1.1688508,0.7697818,0.16493742,0.13580464
1.536447,0.5954322,1.2165489,0.70782596,0.027248869,0.1451672
1.8894923,0.84024453,1.1987236,0.7673024,0.23557687,0.14361645
1.637181,0.64790493,1.2621253,0.7392788,0.1652473,0.1487908
1.6884112,0.82806456,1.2857714,0.74818164,0.16214736,0.14454699
1.763077,0.99054873,1.439611,0.7946998,0.4854073,0.14565124
1.4766926,0.64707685,1.0115014,0.8380204,0.14511676,0.11014745
1.662178,0.96613103,1.3502262,0.7468692,0.29811907,0.16117719
1.4919707,0.5223857,1.086638,0.8105996,0.15216829,0.12048605
1.764377,0.7903565,1.2403436,0.7867393,0.38095587,0.13975395
1.4188776,0.4420135,1.622561,0.8147466,0.4053051,0.13106035
1.2038321,0.9184168,1.5895982,0.79628646,0.42108592,0.13331327
1.3345518,0.7070022,1.3383415,0.77412814,0.34138188,0.14506003
1.2728281,0.66792154,1.3476019,0.70359427,0.14540997,0.16802046
1.9813149,0.9365979,1.38663,0.72145855,0.19982244,0.15974295
2.015061,0.864511,1.240632,0.7687894,0.1943527,0.13792898
1.5112922,0.76981467,1.2856796,0.75302076,0.23326887,0.14866677
1.701689,0.8266949,1.3966632,0.7690079,0.28673014,0.14848647
1.4891263,0.88333,1.2850211,0.77169555,0.2504088,0.14593476
1.7876021,0.73598784,1.303982,0.76146036,0.31081772,0.15872942
1.5499784,0.90574425,1.2790627,0.7738785,0.382967,0.14866965
1.5470827,0.56163734,1.4506032,0.73030037,0.1412478,0.1554191
1.3460021,0.6059376,1.4371724,0.7987879,0.4020798,0.13103238
1.4916581,0.55895317,1.385473,0.7738589,0.34833014,0.14755091
1.4565163,0.9109208,1.2124155,0.7686261,0.29098487,0.14294854
1.5592264,0.5377394,1.3007963,0.8009147,0.35885543,0.13635737
1.9773955,0.8314241,1.2992387,0.7517139,0.28092182,0.1552292
1.472672,0.9555205,1.2063909,0.8339779,0.4046487,0.12636179
2.1587267,0.99706167,1.3871286,0.7723173,0.35573223,0.14981666
1.1908317,0.869406,1.3800633,0.7842667,0.32703862,0.14318003
1.5881832,0.56713724,1.8210185,0.8579132,0.49194133,0.1123968
1.5537807,0.59651875,1.4467161,0.77310836,0.35754925,0.14878502
1.6086577,0.70844424,1.0783019,0.81471515,0.18594056,0.12409984
1.2612072,0.7996443,1.1994727,0.7708049,0.16422603,0.13515404
1.6931777,0.6241308,1.4672444,0.84031695,0.5412498,0.13919668
1.5502338,0.80956507,1.342628,0.75329506,0.2684154,0.14581595
1.5029186,0.5170685,1.4842529,0.84687394,0.71537125,0.122399285
1.1686116,0.98034453,1.5433338,0.79594123,0.33495542,0.13237944
1.4017228,0.5784477,1.4152381,0.7283523,0.21614763,0.17485441
1.66588,0.96693563,1.2329385,0.74773896,0.16829622,0.14604013
1.0776507,0.87512016,1.4000387,0.7850523,0.45881733,0.14608829
1.6580703,0.59590185,1.2475653,0.793102,0.36002174,0.14226885
0.998904,0.9157079,1.2610564,0.7527158,0.22472593,0.1488125
1.5136763,0.8233196,1.191731,0.7983143,0.17958954,0.12579654
1.5272495,0.54770464,1.3490474,0.732937,0.22475474,0.15496019
1.2813438,0.9300502,1.3393621,0.7181884,0.17480117,0.15903251
1.1852703,0.71764433,1.1597643,0.7561706,0.041856967,0.12761453
1.857455,0.8495351,1.2865663,0.7631445,0.30348447,0.14584266
1.1531875,0.6218224,1.5728433,0.82541245,0.49186498,0.12621401
1.2760082,0.9540683,1.3583417,0.7833965,0.4574191,0.1498154
1.6065867,0.7709412,1.3691487,0.7331544,0.30921364,0.15777415
1.3691782,0.5877077,1.2270789,0.7856921,0.23213795,0.13643849
1.3001871,0.6716796,1.2065935,0.7464405,0.17105009,0.14640869
1.4711516,0.7586854,1.1989851,0.775841,0.32138938,0.14480583
1.2045597,0.6381254,1.282871,0.8280982,0.4982182,0.14381993
1.7443558,0.66536605,1.2444742,0.78872633,0.35786438,0.13909131
1.507749,0.5104131,1.3289394,0.78107196,0.44018802,0.14429732
1.5799903,0.7928342,1.3969362,0.8202738,0.552823,0.13712004
2.0551727,0.89917356,1.0870123,0.8421913,0.11718358,0.09982833
1.7308129,0.687393,1.214457,0.7583611,0.28550038,0.14791413
1.3661503,0.43677473,1.4542463,0.72241485,0.22016388,0.16580305
1.6574297,0.6807822,1.1297507,0.7870668,0.18028985,0.13099423
1.3100244,0.7956456,1.0558711,0.8161041,0.12521441,0.11734104
1.2994412,0.91698486,1.1370173,0.7951972,0.16600952,0.1272462
1.896614,0.76971537,1.6721873,0.79111254,0.30090773,0.13193566
1.6696695,0.81636435,1.1423311,0.7718904,0.13562599,0.13390252
1.89779,0.8533883,1.2001023,0.7695137,0.17795847,0.14236064
1.198917,0.583658,1.1991627,0.75332916,0.18414363,0.14437121
1.2979755,0.91439986,1.4789748,0.77564466,0.31018156,0.13824864
1.5197601,0.7170939,1.3727708,0.7919065,0.35491377,0.13945681
1.3778188,0.7659027,1.5861039,0.8372029,0.4766816,0.120720096
1.2258688,0.66392857,1.160895,0.8261973,0.35469353,0.13202606
1.1513984,0.77229327,1.4010005,0.77624637,0.43995708,0.14693727
1.9484966,0.9210324,1.1823153,0.80189365,0.27940673,0.13336945
1.9837097,0.8497825,1.5165248,0.80033284,0.5392776,0.13780826
1.4383991,0.6311992,1.22964,0.7777543,0.32112506,0.14323871
1.7871606,0.8150324,1.4959874,0.7457157,0.2370333,0.1600235
1.2009681,0.7034804,1.1446784,0.8031116,0.25267252,0.1290936
1.4507859,0.4844983,1.4168143,0.6886139,0.070075974,0.16408683
1.6481333,0.8378444,1.5721757,0.8527066,0.53972745,0.10403018
1.4849879,0.6068706,1.6991448,0.8009203,0.22460537,0.12118687
1.53614,0.7098539,1.2814729,0.73506415,0.26904467,0.16614096
1.2621558,0.8593632,1.2289727,0.7945202,0.3149103,0.13315684
1.4840888,0.5805298,1.1632075,0.78843063,0.21319987,0.13252044
1.50575,0.76116335,1.1663623,0.7562214,0.16004722,0.14215714
1.6321385,0.62183654,1.4763174,0.78096116,0.36309925,0.14642532
1.3491608,0.40487987,1.1359897,0.797394,0.17685315,0.12694544
1.4350898,0.54483217,1.5446544,0.8184982,0.44329756,0.13070823
1.8124923,0.96080947,1.6466384,0.8367509,0.6491099,0.117037825
2.0309367,0.99858546,1.4501886,0.75336206,0.24555291,0.15377934
1.0738355,0.8327807,1.2493634,0.788516,0.26537365,0.13660541
1.2789605,0.6664121,1.4812853,0.7766746,0.36876598,0.13792226
1.2812791,0.5645286,1.322629,0.7774629,0.34177998,0.15388653
1.1610632,0.74089843,1.1929317,0.75614,0.11103697,0.13791275
1.1557087,0.6335947,1.4560375,0.7329418,0.3142323,0.16493106
1.3386762,0.85258037,1.212554,0.7515764,0.17654924,0.1436179
1.1758097,0.799767,1.1936631,0.7782459,0.24349941,0.14011385
1.2952149,0.71237665,1.4532921,0.7761859,0.38718382,0.15016316
1.2495542,0.9461225,1.166733,0.7598078,0.18533695,0.1396253
1.4173136,0.5700386,1.3130848,0.67669976,0.10050398,0.16896743
1.9466753,0.8988119,1.5118685,0.7986017,0.36586136,0.13861486
1.187833,0.74132204,1.1932187,0.77804255,0.302391,0.138646
1.4632998,0.882033,1.0764205,0.80804205,0.16405205,0.120678306
1.1318879,0.7126975,1.6821446,0.8134027,0.34455383,0.12234774
0.9774883,0.8500847,1.2578831,0.74925387,0.17083605,0.14273167
1.1889911,0.6147391,1.7438896,0.8507273,0.3282582,0.10070229
1.6351818,0.6667337,1.2353835,0.77098143,0.2377235,0.14413574
1.7951659,0.70186144,1.6006169,0.872069,0.5809123,0.10812691
1.8267924,0.987528,1.5426161,0.7670858,0.33917055,0.14691807
1.4165872,0.61953235,1.3720176,0.80606884,0.45364922,0.1450431
2.080646,0.9177288,1.4153993,0.7956466,0.41258633,0.1467038
1.8789135,0.78303003,1.1806319,0.75554264,0.18797955,0.14134814
1.3387334,0.9836007,1.3754225,0.69445753,0.13556957,0.16821115
1.2715541,0.7408309,1.3104203,0.793974,0.332511,0.14414853
1.431367,0.75999194,1.2877481,0.7182335,0.16545004,0.1591633
1.2160249,0.56460565,1.3836474,0.8353922,0.38581398,0.122466594
1.6708473,0.5976497,1.0189111,0.86327946,0.17784025,0.105433
1.4443415,0.8648159,1.8414521,0.8661233,0.47968975,0.0967732
1.5131365,0.53483176,1.853636,0.8668735,0.3879296,0.10311632
1.5319381,0.6029654,1.2742484,0.8570338,0.52281773,0.12725884
1.8623384,0.8086854,1.3839095,0.6901954,0.06959033,0.17375588
0.9989273,0.9289584,1.0935745,0.79395664,0.13452342,0.12590055
1.2791705,0.79938966,1.9612522,0.8879907,0.36288038,0.087535165
1.1749431,0.9236869,1.5163267,0.7422032,0.23345773,0.15605952
1.3242271,0.43807063,1.5049341,0.7768203,0.40559018,0.1531643
1.1780761,0.63357943,1.353662,0.7676419,0.29672697,0.14599364
1.9491793,0.9643893,1.2657046,0.72898966,0.18661207,0.16167618
1.621128,0.985347,1.2322533,0.7850394,0.41787285,0.14471364
1.4505311,0.51962197,1.4399407,0.68015933,0.052304994,0.1826703
1.5241781,0.60686255,1.0965122,0.82335275,0.16692103,0.11606949
1.4826602,0.7031735,1.5913968,0.7494356,0.09953013,0.14045991
1.7387716,0.8706843,1.3539693,0.73627716,0.20532195,0.15275827
1.9198858,0.9702849,1.2798789,0.745942,0.23742248,0.14979677
1.1491623,0.8151416,1.3234651,0.74761164,0.40918633,0.16724478
1.822602,0.7423528,1.345046,0.76164836,0.33507717,0.15807694
1.6315199,0.96064305,1.1343075,0.77350056,0.12769423,0.13296603
1.1009294,0.9408344,1.2934716,0.77162004,0.35427344,0.15673217
2.0018024,0.98120004,1.1282175,0.8118687,0.18348336,0.120249406
1.2733935,0.8773763,1.2681034,0.7180831,0.18861179,0.15735258
1.0944992,0.86982584,1.3455822,0.75284487,0.24614878,0.14421597
1.4163685,0.80553216,1.2512462,0.7831304,0.304103,0.1418541
1.0182697,0.9071027,1.4956152,0.80579627,0.49152222,0.15559651
1.6116215,0.6497118,1.4548802,0.79311365,0.47824845,0.1398654
1.5194912,0.6377471,1.6157489,0.8286269,0.40954828,0.12067759
2.0284548,0.90249085,1.2152951,0.7410676,0.15588896,0.14692305
2.01378,0.945893,1.450321,0.7990044,0.420541,0.1429437
1.5496824,0.55609614,1.5538294,0.7768702,0.4190006,0.16092812
1.5001682,0.56754357,1.2359254,0.80265445,0.25915447,0.12873112
1.0545337,0.81775486,1.3721333,0.72528684,0.27009118,0.16968912
1.6242312,0.87558794,1.3892329,0.73955,0.30053368,0.15935178
1.8522918,0.8680168,1.4181376,0.7760543,0.3046325,0.1379444
1.4351372,0.567916,1.3910127,0.71713805,0.16649455,0.16356614
1.8391086,0.83086914,1.2900493,0.7914043,0.36831683,0.14087278
1.7246842,0.82246614,1.4043975,0.72654426,0.1989686,0.16470893
1.2459241,0.9928136,1.341721,0.77312446,0.3573203,0.14754306
1.3021497,0.8718455,1.270206,0.7817192,0.30346352,0.13897115
1.3399854,0.6107849,1.421268,0.80116975,0.31234673,0.14219284
1.7700598,0.951741,1.325526,0.7211423,0.23316433,0.16308002
1.389488,0.7252529,1.1237863,0.7804515,0.12492585,0.1297306
1.1976027,0.81465685,1.4501803,0.78846157,0.405619,0.15080193
1.690252,0.83577883,1.4691358,0.84956354,0.71601516,0.1221283
1.4716022,0.735918,1.7293434,0.7937551,0.084627636,0.11292955
1.610602,0.5874075,1.3099108,0.74751073,0.21679612,0.14795312
1.8263907,0.97574484,1.3829789,0.7664455,0.34138915,0.1679672
1.4458143,0.6787406,1.2023449,0.7724705,0.26400116,0.13740179
1.5847818,0.6411833,1.3719721,0.74793553,0.36056864,0.1766223
1.1747402,0.80687666,1.3523588,0.74843556,0.29326957,0.16081244
1.7404,0.64971244,1.260669,0.7949988,0.3565357,0.13415162
1.6167393,0.69609594,1.2969356,0.8119591,0.50605047,0.14276233
1.384772,0.6370564,1.2176759,0.7712504,0.24442644,0.13970438
1.3262641,0.42239758,1.302134,0.7002495,0.06683555,0.16051643
1.0366123,0.9662951,1.6277554,0.820612,0.4653865,0.1280963
1.3647867,0.7254164,1.5990961,0.8725747,0.5402244,0.10052842
1.2748284,0.770006,1.3320355,0.74702114,0.22920762,0.14987187
0.98157996,0.9830075,1.2903006,0.75551313,0.2952371,0.153091
1.3016554,0.80544686,1.3230643,0.8206479,0.40539122,0.12899613
1.1761768,0.7478055,1.5231555,0.7936427,0.44016877,0.15159403
1.7796974,0.7040099,1.3564274,0.7175939,0.1715699,0.15622273
1.8242291,0.927249,1.3494644,0.68954647,0.10370245,0.16775766
1.1684763,0.6055976,1.3611369,0.8126791,0.57794166,0.13801862
2.0556583,0.96228397,1.4821157,0.7992342,0.58547217,0.1453904
1.8064679,0.7159808,1.3992295,0.7526076,0.27816334,0.15375824
1.4702874,0.61475146,1.1562841,0.81845134,0.21503727,0.11893895
1.4626027,0.4794293,1.0968742,0.87860864,0.36526462,0.11604843
1.6339406,0.6150926,1.3779752,0.734775,0.24677278,0.15360282
1.7134689,0.6925759,1.4695475,0.7529035,0.28373948,0.15356195
1.3678905,0.521157,1.1885474,0.791778,0.37037924,0.14211196
1.7754436,0.8704041,1.9713831,0.91819656,0.32955697,0.07341616
1.6603692,0.8157831,1.2799618,0.8101864,0.29810718,0.13963567
1.0866113,0.9807463,1.3689938,0.76670647,0.36033598,0.14933436
1.3649107,0.70315254,1.3909035,0.75445974,0.2917598,0.14616944
1.6485249,0.6397204,1.3884826,0.7452675,0.30461687,0.16013688
1.6096009,0.64893645,1.5333283,0.7319205,0.22489767,0.15450528
2.042096,0.8893243,1.1834674,0.79521245,0.17830499,0.12767231
1.4897832,0.9427304,1.5530016,0.84281,0.67190075,0.13272925
1.4256523,0.51318,1.4973085,0.77697283,0.38264295,0.14081582
1.688256,0.7859172,1.2684355,0.73960817,0.25136292,0.15492767
1.6466477,0.88278306,1.4046588,0.69074565,0.09107774,0.16854964
1.304297,0.45846137,1.509155,0.823337,0.42623433,0.120554425
1.6457925,0.6505545,1.5736692,0.7988369,0.3926497,0.12432327
1.2354332,0.9359273,1.492198,0.7641175,0.29469582,0.14568369
1.888554,0.9658181,1.6874533,0.84391236,0.4936801,0.11787099
1.0884008,0.75281113,1.3521578,0.73130053,0.4042108,0.17892823
1.2694454,0.47454417,1.379442,0.77252424,0.38699916,0.14468569
1.7808101,0.74373734,1.3066351,0.7964037,0.376352,0.14726588
1.2801642,0.9663494,1.2658069,0.83431756,0.379032,0.13187473
1.2120783,0.9089759,1.3861866,0.74921435,0.23250802,0.15360765
1.2294185,0.585137,1.4334183,0.7350756,0.27847332,0.17998822
1.3557476,0.44302386,1.2600689,0.7587108,0.19540283,0.14143978
1.4459736,0.5378185,1.3340044,0.782773,0.3426266,0.14733586
1.4372349,0.61727697,1.5532608,0.82044065,0.54024386,0.1398935
1.3708911,0.5028885,1.2749686,0.7457292,0.17625557,0.14922477
2.0280232,0.93147105,1.4099288,0.7062373,0.15757719,0.17013946
1.5991694,0.9218761,1.2635186,0.7690705,0.22401991,0.13756822
1.0942789,0.7276573,1.2853124,0.84031445,0.47305673,0.13828345
1.4244332,0.5681229,1.2289572,0.7840739,0.33993196,0.13991609
1.8275214,0.82318735,1.7390924,0.84090763,0.37039888,0.11916324
1.5112367,0.5013158,1.3442476,0.7747147,0.26471058,0.14709118
1.9282562,0.947337,1.5950494,0.79421884,0.3912856,0.13752255
2.1421254,0.97062933,1.1678836,0.8262215,0.3932278,0.13464577
1.1760577,0.7671222,1.2724383,0.79501325,0.44303712,0.14232698
1.3787686,0.73966515,1.1480362,0.81449676,0.16370204,0.12033819
1.9247214,0.97244817,1.1340942,0.78256035,0.15639946,0.12797429
0.9461655,0.8479798,1.3839059,0.66643554,0.023698498,0.17025225
2.059271,0.9113737,1.1718006,0.8218551,0.2867694,0.12119694
1.4509512,0.4918141,1.1735852,0.8157921,0.22636938,0.11970478
1.5266237,0.75328606,1.237292,0.77186847,0.25927505,0.14416017
1.4523791,0.4830811,1.3559213,0.79550654,0.35795236,0.13546245
1.4505305,0.84627503,1.2614372,0.74390745,0.24992223,0.15269968
1.6705704,0.9661766,1.4618874,0.7705338,0.31979674,0.14653522
1.2307624,0.77880186,1.8376665,0.90570635,0.7012516,0.09831518
2.1219964,0.96204716,1.2326481,0.7757433,0.2715783,0.14487566
1.3788259,0.5156011,1.3909965,0.79734105,0.34750465,0.14445372
1.3730847,0.46163988,1.3702636,0.76823545,0.26267573,0.14765294
1.2142209,0.5125075,1.4540198,0.7710942,0.3850921,0.1445703
1.5924723,0.5519017,1.183059,0.79538053,0.23199408,0.1295676
1.621109,0.6465297,1.2979505,0.77981085,0.24990484,0.14151339
1.603941,0.5537621,1.4077461,0.7993943,0.42072588,0.14094535
1.714627,0.64758366,1.4872451,0.7867955,0.42450383,0.1471132
1.1948992,0.9334248,1.4694483,0.7402818,0.1029328,0.14158756
1.9471347,0.89609927,1.1795932,0.79141355,0.26516327,0.13420911
1.1698736,0.8438744,1.2368832,0.8227222,0.35037363,0.12762491
1.8878162,0.89446586,1.6079617,0.7898543,0.45098087,0.15051845
1.0751821,0.7312263,1.4557519,0.7977115,0.34381798,0.14408182
1.2550683,0.7884077,1.3954208,0.75165236,0.2853433,0.15636289
1.4998869,0.8681177,1.231173,0.7419186,0.18888713,0.14946057
1.8437778,0.7657753,1.2665801,0.77336967,0.31301975,0.1527055
1.5654911,0.9143944,1.5357139,0.7955479,0.36877728,0.1295323
1.6084733,0.9074415,1.4359357,0.8046883,0.4687441,0.13730966
1.2443367,0.7785451,1.3231549,0.69670826,0.1698733,0.1744998
1.477145,0.678664,1.4828598,0.7445519,0.17712693,0.14140081
1.5301996,0.9954995,1.2666152,0.76817024,0.23676576,0.14719847
1.5427734,0.9052704,1.4879644,0.8111776,0.3684027,0.13074999
1.0268028,0.75408304,1.0677595,0.80191255,0.16830535,0.12188424
1.3413707,0.9309684,1.2073898,0.74057835,0.19253135,0.15132162
1.69225,0.7965234,1.281671,0.72181153,0.19220126,0.15728636
1.5468721,0.86213106,1.2903087,0.7726724,0.34851283,0.1480116
1.0694699,0.8714173,1.1434171,0.7887073,0.1939655,0.13107716
1.3506488,0.82156247,1.6689234,0.8251492,0.57297283,0.12872052
1.472825,0.6549232,1.0747573,0.8231386,0.20375258,0.11675656
1.4965088,0.6103388,1.2977431,0.7652683,0.30437198,0.14659035
1.1157727,0.85988367,1.6675191,0.8002438,0.24721867,0.11506768
1.3200213,0.9068208,1.3157952,0.74534637,0.3090152,0.15862508
2.079169,0.92932796,1.0480218,0.8347388,0.26051044,0.11587142
1.5567806,0.6833714,1.2820969,0.75331485,0.23021835,0.15074709
1.2808503,0.61495066,1.2799566,0.7739717,0.36578956,0.14774863
1.7889539,0.721001,1.2186599,0.77495027,0.21434128,0.13733684
1.2575593,0.57176346,1.6851432,0.81960136,0.41870296,0.13113569
1.852854,0.8587092,1.2373574,0.78131604,0.24823198,0.14077039
1.4801147,0.79884624,1.7312472,0.81671864,0.26483336,0.121904716
1.5709876,0.53312683,1.2698758,0.76762635,0.26468948,0.14788646
1.7929395,0.8889433,1.1495161,0.8110763,0.18627557,0.12005296
1.1391637,0.6551698,1.6790318,0.8570911,0.704641,0.118229724
1.4571395,0.81942254,1.411787,0.7808691,0.32191813,0.15280734
1.289361,0.55083716,1.3369992,0.7304522,0.25354055,0.16784663
1.1567357,0.94933194,1.5327508,0.78659415,0.3866732,0.14567503
1.2613606,0.63220376,1.4062686,0.7257062,0.23286432,0.1638522
1.4449421,0.53966016,1.2212925,0.82159454,0.41249987,0.13496925
1.6000819,0.72751534,1.4939203,0.71820366,0.1432914,0.15953697
0.98318297,0.80020565,1.6173921,0.77450407,0.13409947,0.12544881
1.4633772,0.5451475,1.4622049,0.78834784,0.37408,0.14687611
1.2164435,0.641823,1.5875859,0.79454094,0.24395758,0.12626785
1.470148,0.90180635,1.4828417,0.742039,0.30308878,0.15894933
1.2493944,0.73596764,1.3522995,0.71504056,0.18904006,0.16128159
0.9996939,0.97492814,1.1680009,0.8746188,0.3998401,0.111223914
2.0105062,0.9691694,1.4035454,0.73711526,0.2990458,0.16058312
1.2824539,0.639191,1.3816812,0.8257158,0.6196841,0.14016494
1.3700608,0.48600832,1.2598374,0.7830064,0.28175747,0.13684304
1.1240003,0.7699114,1.3137381,0.72378993,0.22512141,0.1584334
1.2516696,0.81030595,1.4583411,0.7447202,0.22439109,0.161236
1.1750078,0.875613,1.3139088,0.8613221,0.5346946,0.12471487
1.3521986,0.5238632,1.3751099,0.78627384,0.3619747,0.14222755
1.5554652,0.5654787,1.3644719,0.72394323,0.21036156,0.16330469
1.5228177,0.73173964,1.4299924,0.7890183,0.43270713,0.15945287
1.8169403,0.82744694,1.3389099,0.7395557,0.26760334,0.15855809
1.2864529,0.9147251,1.5805144,0.7527687,0.12010964,0.14300236
1.4472425,0.9556536,1.2342408,0.74765503,0.18634678,0.15007062
1.249024,0.5681324,1.3079178,0.81542176,0.43266073,0.1358578
1.5927829,0.9316271,1.3635159,0.7208139,0.19943137,0.16262445
1.0042505,0.88830596,1.3825331,0.744749,0.28416875,0.1575527
1.2864211,0.6150529,1.3366265,0.72700375,0.17360687,0.16048639
1.5758884,0.5389237,1.4497876,0.73889244,0.2702124,0.15606867
1.8639777,0.8068977,1.3773975,0.73736715,0.22714801,0.15025696
1.3745719,0.9914767,1.4167917,0.7727451,0.40402794,0.16073449
1.5102837,0.65404433,1.1905396,0.7830938,0.2511678,0.14057395
1.3783388,0.7631779,1.3082333,0.8001686,0.51101685,0.14054914
1.7246206,0.89498746,1.202501,0.80632764,0.30780643,0.13387841
1.0636467,0.8198661,1.3502133,0.75847447,0.28624454,0.15620156
2.0750473,0.98544765,1.1495321,0.76348686,0.12423256,0.13323358
1.5654342,0.8037325,1.5176828,0.8099103,0.5821779,0.15283567
1.2342623,0.90334964,1.1406033,0.8572085,0.3553873,0.11836588
1.4330847,0.6758752,1.384362,0.7314949,0.24476635,0.1627916
1.5299182,0.8139797,1.2616799,0.72155505,0.15617704,0.15492404
1.7159879,0.9410241,1.262974,0.7824677,0.28623882,0.13777487
1.4854892,0.907904,1.5354314,0.7665455,0.30510607,0.1438276
1.3712031,0.47666463,1.2916584,0.7148588,0.15986048,0.16052806
1.3831075,0.43641394,1.5439506,0.7924553,0.34063366,0.13836612
1.6497173,0.71400315,1.4217019,0.76262414,0.4321996,0.15353745
1.0179235,0.7398605,1.3991258,0.7755797,0.51996475,0.146065
1.659187,0.62011653,1.339267,0.8097198,0.43172926,0.1434837
1.6498196,0.6385026,1.4788973,0.8089835,0.5697541,0.15555982
1.9488956,0.8306117,1.4120703,0.7597022,0.36545718,0.15285431
1.5168566,0.9557064,1.2873552,0.7783071,0.288217,0.14035876
1.0838488,0.8139295,1.5104318,0.77029264,0.28779995,0.1516944
1.9177483,0.9116959,1.4942098,0.82774335,0.57899046,0.14170787
1.5564513,0.5547589,1.2635462,0.7666585,0.27879775,0.1462866
1.3802575,0.60689944,1.094665,0.7903688,0.11291139,0.12281845
1.2276895,0.50476867,1.1503491,0.78410035,0.14973988,0.13124187
1.7039913,0.6408765,1.3246181,0.77382547,0.36165032,0.15865403
1.4582425,0.59257734,1.1412468,0.79410285,0.17010428,0.12486599
1.0460796,0.7588194,1.4431334,0.822883,0.61829364,0.13078918
1.4188497,0.8339265,1.265306,0.7902737,0.31011534,0.13751642
1.1634246,0.56827015,1.3002236,0.76001155,0.3235156,0.16374245
1.6513005,0.87396014,1.4786036,0.7904347,0.39731514,0.14947656
1.3635557,0.42183635,1.4028873,0.73336923,0.1926617,0.16046621
1.0725142,0.7755391,1.1930218,0.792396,0.3383221,0.14181358
1.9120669,0.84136426,1.3489914,0.715977,0.1963542,0.1660703
1.7927233,0.90858126,1.2350752,0.7716976,0.25132856,0.140348
1.0696937,0.962532,1.5833952,0.84580064,0.5992158,0.1297964
1.3431646,0.6580804,1.3398435,0.6892853,0.123650946,0.16908382
1.5647857,0.91633743,1.9133801,0.8887436,0.14362277,0.07470093
1.2947032,0.59690785,1.3087184,0.7579278,0.2736818,0.14683431
1.6518518,0.99088836,1.4285212,0.7183742,0.35556263,0.16581301
1.3543799,0.4589822,1.151866,0.7347137,0.049377803,0.13477466
1.7093538,0.7642369,1.3663487,0.6865742,0.07338441,0.16669802
1.3292594,0.5260558,1.45351,0.74080235,0.27954423,0.16663726
1.8994168,0.9446425,1.4455864,0.7038231,0.10614056,0.17076539
0.9883066,0.9455115,1.1025585,0.7931776,0.14932813,0.12724344
1.8671861,0.91280925,1.4217482,0.82488406,0.5088654,0.12452756
1.8835162,0.9880162,1.4277866,0.76696086,0.44314045,0.15828419
1.4491326,0.9643168,1.6685007,0.78558123,0.19382818,0.12201951
1.8168478,0.7774155,1.4923327,0.812897,0.510711,0.13624826
1.3945372,0.7693802,1.39939,0.8020934,0.5730798,0.14836745
1.5252801,0.6863748,1.261816,0.7239258,0.14778423,0.15485832
1.4967893,0.7994461,1.3046477,0.7482206,0.2742919,0.14700963
1.4696349,0.5104674,1.6178384,0.826734,0.627418,0.1293314
1.635583,0.64709735,1.6726432,0.8898368,0.6772398,0.10024917
1.0179033,0.9551289,1.3659191,0.75014734,0.35781163,0.15967835
1.4280806,0.6877244,1.5852089,0.83525366,0.48629317,0.13048299
1.1412463,0.71988845,1.1331279,0.8288132,0.27371624,0.12094229
1.2807884,0.5431503,1.724123,0.873282,0.84365153,0.10332534
1.4097078,0.6859604,1.476316,0.77988696,0.4387526,0.17500144
2.0125167,0.9554466,1.1441989,0.7862531,0.2113888,0.12933092
1.3379172,0.48131004,1.2324984,0.7106574,0.08424042,0.15471481
1.327744,0.42087075,1.2281752,0.74264693,0.19280449,0.15071143
1.7212082,0.68624514,1.7215304,0.8145307,0.2853389,0.10973758
2.0859046,0.9836569,1.2866714,0.7915273,0.37838688,0.14340714
1.7444038,0.9621729,1.3431962,0.7522694,0.32901835,0.15172245
1.3538138,0.42797002,1.4060485,0.7897534,0.2858078,0.13571718
1.543635,0.9364093,1.3901992,0.7061391,0.16163549,0.1693708
1.2923287,0.58961195,1.2978778,0.7828313,0.2938285,0.13675296
1.482629,0.67387426,1.6241438,0.7890168,0.2380983,0.13056405
1.167965,0.6922243,1.2115486,0.7866405,0.32593906,0.13930555
1.4668944,0.8418111,1.3076723,0.7935173,0.41739896,0.14451402
1.2274129,0.614041,1.3288219,0.7135707,0.1887884,0.16742244
2.0276384,0.96917003,1.277513,0.71402013,0.07260309,0.15781374
1.3539485,0.82529,1.5109527,0.77677053,0.36162275,0.14942558
1.7732507,0.98053634,1.0788774,0.79978067,0.16012773,0.120693274
1.0558605,0.8668881,1.7910352,0.84375805,0.3631295,0.10219895
1.460958,0.6329397,1.5206981,0.79413736,0.40902138,0.13427578
2.073145,0.9585914,1.2194467,0.7904104,0.26881862,0.12770642
1.2413288,0.55102473,1.3658679,0.770551,0.38359433,0.15500928
1.7005384,0.7564238,1.3556316,0.7251817,0.1731109,0.16060647
1.7408592,0.9854165,1.3542368,0.72633797,0.21240573,0.1655326
1.556227,0.99678576,1.5418913,0.7711816,0.29883194,0.1302175
1.3454912,0.5148537,1.378478,0.68831253,0.10376868,0.16810663
1.0196856,0.7986076,1.4081235,0.76316917,0.3796214,0.14754647
1.5341084,0.51485914,1.2766628,0.7650931,0.29710263,0.1527894
1.5466319,0.71958226,1.2365496,0.76757514,0.23477918,0.14097825
1.2116276,0.53678155,1.3290305,0.7712196,0.25995025,0.14680195
1.6558948,0.5919263,1.348949,0.79878366,0.513483,0.13096611
1.1073995,0.83918667,1.402354,0.69834954,0.112942204,0.1660834
1.6310134,0.5939472,1.5018475,0.8449871,0.54485846,0.12611425
1.1440054,0.9816031,1.0410109,0.8222129,0.13601801,0.11655951
2.0118458,0.9902894,1.3560157,0.70829606,0.1815916,0.16868626
1.4408058,0.66195387,1.3953269,0.72417456,0.16405067,0.15701073
1.0564134,0.67666984,1.7659054,0.8096995,0.08235206,0.10516412
1.8982369,0.81047595,1.3849628,0.7880391,0.3400065,0.14459121
1.2746308,0.48413402,1.6151104,0.8333717,0.6199663,0.13517609
1.3753808,0.87673587,1.4329443,0.8077459,0.4800924,0.14201488
0.9694235,0.90150064,1.198252,0.80723023,0.31261298,0.1343176
1.1377507,0.72288495,1.4217005,0.7675839,0.48716086,0.15154806
1.4594184,0.6943474,1.3120174,0.8082295,0.5747231,0.14951651
1.8473163,0.9006525,1.4855444,0.8149529,0.56994313,0.14023943
1.2818204,0.93465513,1.3520243,0.7289474,0.24814151,0.16120203
1.9716048,0.91822237,1.5918193,0.818037,0.3577844,0.12139752
1.4309636,0.69465,1.1926262,0.78338015,0.22652765,0.13278836
1.7001661,0.727009,1.4974759,0.793497,0.47049674,0.14561747
1.1989117,0.71071666,1.4892397,0.76397425,0.41860694,0.1601929
1.322764,0.793317,1.3066437,0.7697159,0.31439653,0.14956805
1.3910092,0.4296938,1.5820272,0.81838155,0.54322,0.13521543
1.1866655,0.8104873,1.3176506,0.7397994,0.22708924,0.15032195
1.6402895,0.760312,1.3430166,0.7118401,0.17177182,0.16585416
1.4338506,0.8128763,1.3422239,0.76533985,0.3662696,0.15710244
1.3421584,0.44687688,1.3820348,0.75611424,0.3707704,0.15464784
1.1790516,0.9422128,1.6364703,0.78595513,0.46539745,0.15562655
1.7329359,0.914166,1.4685061,0.71298635,0.19232042,0.16501822
1.6282774,0.67336357,1.140327,0.75909287,0.15099384,0.13908747
1.2923923,0.80769515,1.3665693,0.75446665,0.33638483,0.15702236
1.767868,0.7328217,1.5255811,0.81833667,0.42586288,0.14304836
1.6861962,0.63312685,1.4619167,0.8061865,0.5424611,0.15261851
1.3984603,0.7463558,1.4859855,0.7882237,0.50746185,0.15005514
1.5328538,0.71312153,1.3819427,0.8788781,0.61598825,0.10720473
1.3350966,0.7165619,1.2456453,0.8154931,0.4202201,0.13521075
1.5199437,0.9039572,1.1745414,0.8469619,0.2769253,0.11396502
1.0321382,0.8112368,1.3327587,0.7253591,0.13590729,0.15840901
1.6544592,0.87824047,1.267086,0.81590515,0.39448276,0.13081543
1.138438,0.8836068,1.3353844,0.7917979,0.3318397,0.13481839
1.0680646,0.79982287,1.2969337,0.7704276,0.31396556,0.14657304
1.8808945,0.7958803,1.1688147,0.80849826,0.38053405,0.1367165
1.2376281,0.8169387,1.4782472,0.7918313,0.35188028,0.13192838
1.5160875,0.7906464,1.3009937,0.77479684,0.35997742,0.14925182
1.8069723,0.94526845,1.2794447,0.75343776,0.20489568,0.14691226
1.6891955,0.887114,1.3549173,0.75481313,0.41538733,0.16049507
1.661399,0.76554704,1.2710123,0.8233974,0.4509841,0.13542895
1.3817052,0.50138545,1.5396032,0.7962186,0.3679559,0.13467981
1.9231948,0.87393814,1.3316085,0.7064135,0.12881805,0.16018263
1.4810213,0.9644549,1.3367751,0.7520176,0.35685968,0.1565932
1.8693663,0.78585064,1.4822152,0.70554835,0.09854257,0.15977992
1.2109548,0.62099034,1.5617516,0.78787285,0.38637993,0.13748236
1.2047945,0.9665086,1.4405577,0.6853103,0.038347468,0.16385725
1.2109197,0.55553,1.6607153,0.834567,0.5322546,0.11693051
1.3930246,0.79865783,1.3941314,0.7494654,0.29803047,0.15575431
1.3510708,0.4762204,1.1329137,0.78463566,0.18904367,0.13261652
1.1293155,0.87596995,1.1360292,0.7937605,0.2069293,0.12935008
1.3572081,0.5044073,1.4271815,0.7769446,0.38461423,0.14234537
1.991546,0.9031543,1.1533747,0.7708142,0.26099047,0.1434166
1.4632806,0.9191816,1.3913264,0.70881945,0.0990667,0.1602958
1.42444,0.46364087,1.326587,0.78443885,0.2645107,0.13977313
1.0488106,0.9303298,1.4120021,0.7294686,0.2376125,0.15965846
1.3528323,0.6501886,1.364506,0.69563603,0.14835586,0.1719343
1.5307251,0.5067641,1.6759801,0.80937886,0.3125337,0.12283269
1.4427373,0.9286212,1.4681625,0.8069309,0.60403585,0.14216153
1.8789061,0.788545,1.4438255,0.7876828,0.41399735,0.14298329
1.4686953,0.6944396,1.2095656,0.78052807,0.27534968,0.13822103
1.3364412,0.5088255,1.5045428,0.78958917,0.49828508,0.14650944
1.1751857,0.57307214,1.1689425,0.8189468,0.28964618,0.12351574
1.3356336,0.90502375,1.283618,0.7777212,0.23932052,0.14271013
1.1189674,0.88180697,1.2487504,0.7818708,0.2994657,0.1447204
1.8092296,0.9583099,1.5634618,0.7480945,0.15838513,0.14519268
1.8636528,0.9113634,1.3730636,0.75479627,0.25684667,0.14868686
1.7725232,0.96318173,1.1651723,0.79788536,0.22372285,0.13177285
1.9410573,0.9357455,1.4946492,0.78553677,0.37643158,0.14604093
1.4380072,0.7308537,1.3911185,0.7948855,0.33924252,0.14610629
1.6342477,0.759928,1.2194209,0.7412095,0.14223474,0.14740813
1.3282976,0.4235276,1.1687586,0.81080115,0.2020462,0.11971201
1.3644723,0.6902362,1.2705939,0.72698367,0.18650655,0.156278
1.3703417,0.62949574,1.4606559,0.7046672,0.097410426,0.16180903
1.5228806,0.9276605,1.3823214,0.82358325,0.46102452,0.13086064
1.3259262,0.7677001,1.5690801,0.8372984,0.5557649,0.11849612
1.547524,0.55372214,1.3313367,0.7704266,0.3145221,0.145537
1.5953678,0.75915563,1.4002898,0.79809135,0.59067047,0.14319718
1.6458211,0.6722145,1.1045803,0.8194355,0.22903167,0.122462794
1.2081809,0.86469275,1.1359565,0.7584807,0.115932465,0.13535804
1.3587068,0.9783385,1.2209179,0.82021725,0.3547158,0.12527977
1.9262624,0.9948941,1.2063048,0.81875694,0.46378952,0.13802065
1.5931067,0.6580246,1.1632144,0.7701258,0.20678364,0.13519362
1.6097491,0.68242,1.3406725,0.7741087,0.3393393,0.14343858
1.4645481,0.7013021,1.2940052,0.74511117,0.24226479,0.15379107
1.3273115,0.7936066,1.6675687,0.78746897,0.29154938,0.13430892
1.3589658,0.6837037,1.1080756,0.778828,0.15171525,0.13080253
1.4658413,0.8534739,1.5437222,0.7648153,0.3170904,0.1422622
1.2029331,0.716814,1.4427888,0.7465913,0.24215053,0.145968
1.6778305,0.81025535,1.3869982,0.76515424,0.3246484,0.15115848
1.5150754,0.7441398,1.413449,0.78255206,0.3961062,0.14677739
1.2853901,0.48745462,1.199976,0.76712847,0.22330901,0.14211339
1.2146698,0.9808872,1.2642782,0.73693955,0.22771236,0.15054905
1.1253332,0.7836443,1.5525558,0.7357136,0.15347828,0.14791235
1.8556697,0.8112481,1.5688512,0.76957864,0.37862355,0.14688116
1.347337,0.6362264,1.299844,0.71018845,0.11368768,0.15840827
1.061332,0.74925816,1.4543891,0.746152,0.29921833,0.15747058
1.4237251,0.9986416,1.4317372,0.7920133,0.50374734,0.1484332
1.2628244,0.60925406,1.4323416,0.79233176,0.4297886,0.14105317
1.4583442,0.7082867,1.2829325,0.7524431,0.24238639,0.15457623
1.2195954,0.8416361,1.5228796,0.7842896,0.3806958,0.13700089
1.7377043,0.70421386,1.1911983,0.78312874,0.2201661,0.1341292
1.2502806,0.70839965,1.1970363,0.81579417,0.35136062,0.13081045
1.7632043,0.9036871,1.2308116,0.8007274,0.48465854,0.15786433
1.8823096,0.79895645,1.2434244,0.751588,0.21495268,0.14695315
1.2866943,0.75506145,1.261828,0.7967704,0.37557316,0.14122193
1.7163202,0.70902723,1.4130819,0.7274544,0.29864705,0.1618495
1.4009149,0.4345583,1.4712493,0.7789103,0.2996142,0.14481641
1.8044738,0.7660371,1.2758019,0.7769236,0.3385813,0.15133233
1.4228449,0.49610186,1.4690039,0.81456107,0.5151578,0.118662484
1.2996857,0.44249377,1.5049593,0.7628603,0.37042716,0.14596732
1.8730785,0.7686926,1.1952882,0.8055791,0.389284,0.13379852
1.4051801,0.65646774,1.2524674,0.7369579,0.1736796,0.1521708
1.052879,0.70464706,1.4973168,0.8324852,0.5998383,0.13217638
1.5798298,0.862087,1.4020514,0.7610191,0.2600582,0.14821772
1.4520652,0.465531,1.3985307,0.7542762,0.34149486,0.15592833
1.170225,0.56807107,1.2846315,0.7876755,0.22850962,0.1357567
1.866525,0.79340684,1.4686446,0.7595833,0.33904877,0.16626145
1.0238851,0.88056964,1.2946527,0.7586151,0.3175789,0.1561083
2.0097451,0.89369833,1.1403248,0.7639998,0.12057575,0.13388945
1.5804578,0.7658512,1.4504972,0.79248375,0.38418174,0.15130576
1.3238858,0.78909147,1.2457125,0.7396115,0.19364016,0.15002352
1.5221655,0.73183227,1.1775151,0.8046432,0.34809795,0.13984096
2.0538056,0.8918889,1.5749543,0.781767,0.21341342,0.12900668
1.5019194,0.6143901,1.9608042,0.911606,0.36239764,0.07807599
1.5841857,0.66022027,1.126754,0.8319626,0.27534017,0.11785907
1.2280865,0.51415515,1.3566186,0.77899325,0.22599314,0.13419604
1.2993292,0.50299305,1.5472229,0.7722634,0.35321453,0.1342056
1.0685897,0.848693,1.2886517,0.8200077,0.45181602,0.13833705
1.8119966,0.8377704,1.3421304,0.7242902,0.24125567,0.16353442
0.9414108,0.8659029,1.2143552,0.71360004,0.0728508,0.15081137
1.9068367,0.95098054,1.3768017,0.71671534,0.19097331,0.16028783
0.9691588,0.99547917,1.7502694,0.83563644,0.27503613,0.10995696
1.5729105,0.9311537,1.1357077,0.8158725,0.23288503,0.12472598
1.4378303,0.87252456,1.556648,0.81286925,0.4485799,0.13579892
2.0269184,0.8699845,1.8888466,0.89302045,0.6162261,0.10792165
1.1307832,0.9831193,1.298902,0.7958892,0.42592904,0.14760736
1.6569881,0.83809173,1.3098857,0.7621178,0.37050223,0.15493049
0.99217504,0.94938767,1.3701673,0.7976864,0.4293397,0.14125341
1.0176644,0.80498624,1.3981872,0.70004666,0.11563848,0.1723678
1.4906453,0.95033145,1.7658675,0.8021277,0.11857562,0.11011344
1.7235417,0.99608356,1.2387085,0.7858641,0.35341513,0.14772715
1.9481659,0.991886,1.2852502,0.7495435,0.24408917,0.15175812
2.0047138,0.8643594,1.1726676,0.77122974,0.10133936,0.13156742
1.0783188,0.8032763,1.3661938,0.8087232,0.41721144,0.14052182
1.6609008,0.8963414,1.4357269,0.7679595,0.3218952,0.14531143
1.2623988,0.81963277,1.5951066,0.8043615,0.51047343,0.1277635
1.7444828,0.82091093,1.1339915,0.8104412,0.28430033,0.12703435
1.263408,0.74351704,1.2949841,0.7285408,0.15873313,0.15445298
1.734898,0.9221021,1.5434365,0.76761127,0.3423659,0.14033549
1.4846473,0.76086414,1.2216909,0.7887454,0.28861645,0.13663273
1.4460406,0.8806028,1.4551051,0.7299944,0.26943335,0.1537149
1.9933528,0.8458363,1.4306417,0.8173301,0.4781716,0.12439368
1.9842101,0.8456818,1.3676102,0.736762,0.27741423,0.16060469
1.1939998,0.75441307,1.4014289,0.77976376,0.41732973,0.14650033
1.2775671,0.9883959,1.2969942,0.8120759,0.44707394,0.13885577
1.23497,0.80301774,1.1449268,0.7629374,0.16499817,0.14422245
1.4483327,0.93228066,1.6150155,0.8197368,0.6202134,0.14258873
1.0236136,0.89812624,1.5242248,0.79096067,0.4420144,0.1463321
1.3393942,0.49998713,1.3007574,0.7977141,0.4239822,0.14215693
1.6070448,0.7709938,1.3257487,0.71878606,0.13458817,0.15520123
1.8095878,0.90122265,1.4827042,0.7723841,0.41981342,0.15306337
1.530809,0.696915,1.1363068,0.7688405,0.18549022,0.13756675
1.7258627,0.8534875,1.3552656,0.796704,0.38393086,0.1442091
1.4765348,0.66350013,1.1640424,0.74431187,0.047788743,0.1349919
1.4318585,0.47048768,1.4689617,0.8294099,0.46524498,0.12419189
1.6017331,0.7665224,1.6676586,0.83903927,0.47611853,0.118615516
1.2882626,0.7815111,1.3099196,0.7486114,0.1818475,0.15017939
1.3889414,0.63090324,1.0906112,0.84511614,0.33599025,0.12309695
1.13374,0.6315276,1.1667802,0.78905475,0.17224416,0.13228896
1.56532,0.6548563,1.3032966,0.75317615,0.23418227,0.15069489
1.9128405,0.8277558,1.1685147,0.7995567,0.3726436,0.13650177
1.4692649,0.8880368,1.3261807,0.8079841,0.40249765,0.13805677
1.3416656,0.91676486,1.5244987,0.8129676,0.52490413,0.12954879
1.8233924,0.8335982,1.2846861,0.794223,0.42400396,0.13824129
1.3434862,0.40859213,1.3033447,0.74767166,0.23658088,0.16000557
1.5424412,0.6215981,1.4519453,0.7519665,0.39943853,0.15867436
1.324769,0.7280046,1.4784286,0.7805647,0.35723904,0.14695849
1.2611992,0.50993043,1.3832295,0.67630625,0.049552977,0.16806106
1.6861434,0.95408046,1.6166427,0.8325439,0.5295132,0.1411981
1.4176384,0.4963798,1.426569,0.79636496,0.4817505,0.14309303
1.3523775,0.6522511,1.4258444,0.75995916,0.30266386,0.15604435
1.4367529,0.7610162,1.2205803,0.7381394,0.11362933,0.14409351
1.6511028,0.6359321,1.5234735,0.7357186,0.097730644,0.14849073
1.8135709,0.9239477,1.1456673,0.8074437,0.22642101,0.12561075
1.5131708,0.84657025,1.42734,0.8148132,0.4894809,0.13086148
1.5777552,0.89027894,1.2434127,0.77345383,0.30880937,0.14568676
1.5660195,0.9218906,1.295527,0.76867354,0.23012903,0.13932443
1.2047491,0.90163046,1.4098742,0.7632558,0.3557116,0.15375891
1.1420091,0.73978484,1.2948236,0.6987347,0.13055907,0.1627936
1.8337175,0.9287518,1.3130169,0.72968996,0.1912419,0.15839791
1.980182,0.9648876,1.4909434,0.76737434,0.38084358,0.15355739
1.5399035,0.8174513,1.0849898,0.8315322,0.24820171,0.11811876
1.1381636,0.818274,1.5867107,0.783852,0.30856147,0.14893521
1.411267,0.5562522,1.2862074,0.757733,0.35414782,0.15189704
1.8111218,0.8815778,1.3230836,0.7675977,0.27863216,0.14732741
1.3648254,0.7157548,1.2292836,0.7440942,0.15956517,0.14565942
1.4319602,0.46348363,1.2639699,0.71224296,0.10828947,0.1573442
1.3128587,0.6928507,1.4414208,0.80480105,0.46526226,0.14524236
1.936195,0.9919944,1.2246504,0.7556895,0.22426079,0.1464695
1.3490961,0.49490622,1.4236205,0.6895128,0.11209811,0.17588475
1.1732259,0.5498885,1.3458669,0.7543107,0.23296243,0.15395783
1.5841067,0.97681254,1.2657692,0.76117927,0.29003865,0.15193811
1.5934701,0.8476867,1.7333865,0.82904524,0.28412187,0.10635308
1.4819016,0.55397296,1.6222832,0.785992,0.37241274,0.13846414
1.0630491,0.68989354,1.4944389,0.8004098,0.52649945,0.14637978
1.8634446,0.7388547,1.3790874,0.7062517,0.22790618,0.16911705
2.001126,0.87297076,1.3245265,0.7924143,0.49772757,0.14925326
1.8355272,0.824452,1.4084914,0.7494823,0.30916917,0.15370403
1.8402431,0.97921073,1.3123102,0.766301,0.2102938,0.1401686
1.4449427,0.81331015,1.3356755,0.7663077,0.2875696,0.14650396
1.3704513,0.4223236,1.5662727,0.8485238,0.73389816,0.13810408
1.3675011,0.6659678,1.3522613,0.7904522,0.37897843,0.14744148
1.9477477,0.8397491,1.2596219,0.79393536,0.34144884,0.14307831
1.6959872,0.69245964,1.6529038,0.8239602,0.5304117,0.14357682
2.1001844,0.9570324,1.396308,0.7697804,0.34312052,0.14936408
1.3526604,0.6146699,1.5282657,0.8691698,0.43598595,0.09537829
1.5032094,0.62913984,1.2266791,0.7934305,0.40050003,0.14577408
1.3851197,0.4443123,1.3038843,0.7571915,0.24645726,0.14887182
1.4294819,0.51126367,1.2431326,0.7674173,0.2122314,0.14229232
1.6282094,0.90684736,1.3099372,0.76607054,0.25042292,0.14225909
1.6492655,0.6435353,1.2615585,0.7976475,0.296655,0.12742238
1.4868184,0.6374901,1.219245,0.7459774,0.31166443,0.15732543
1.7359483,0.6702567,1.408941,0.80566186,0.37862468,0.13296835
1.4853209,0.8036812,1.2851331,0.778913,0.4098532,0.14357099
0.94925195,0.8533792,1.3741162,0.73384017,0.2535855,0.16427085
1.9401784,0.96006846,1.520473,0.8058193,0.3687666,0.13774508
1.5022804,0.6136523,1.2936885,0.7737979,0.31570637,0.14320214
1.4616399,0.7587669,1.3242271,0.7505536,0.3283865,0.1500698
1.2563604,0.6494208,1.2664165,0.71994406,0.14729159,0.15659828
1.5662513,0.97230685,1.4131358,0.776928,0.36000845,0.14415006
1.3803449,0.9899357,1.3820176,0.74781847,0.30223933,0.16070636
1.7722753,0.89221984,1.3297579,0.7779753,0.26621363,0.14162448
1.1287162,0.7550221,1.5532947,0.80860025,0.3724273,0.12382174
1.2115107,0.66856235,1.1001153,0.79799426,0.16783479,0.124602415
1.2380486,0.6486068,1.5654943,0.7839901,0.36358812,0.1485137
1.5878857,0.6988934,1.3111658,0.808668,0.3722912,0.13101423
1.6313329,0.7071437,1.2364595,0.75845563,0.21851182,0.14940056
1.4515116,0.6611116,1.5135398,0.7682352,0.39917243,0.15512995
1.3818451,0.72046024,1.4186594,0.7693467,0.31125456,0.14621888
1.2181947,0.8346428,1.2569492,0.7326948,0.17734873,0.15128735
1.537877,0.58087605,1.2852821,0.77409315,0.30856848,0.14528382
1.7037275,0.9113346,1.2954319,0.7027021,0.101012304,0.15725176
1.3786898,0.84118676,1.4331551,0.7174913,0.17638743,0.15690786
1.6764374,0.7452345,1.268471,0.76864594,0.28684536,0.14911178
1.5940243,0.7475482,1.2012489,0.7846205,0.22061116,0.13300444
1.4684389,0.5488993,1.4889188,0.7625777,0.30141133,0.14753278
1.3456051,0.86723024,1.5048821,0.79544014,0.5168861,0.14810611
1.1958921,0.65457016,1.3793337,0.7753446,0.32856143,0.14848809
1.2805638,0.5301076,1.4134665,0.7961472,0.35983762,0.1294491
1.435857,0.60242224,1.5638437,0.73904026,0.10557206,0.13984966
1.6544489,0.9307106,1.0285175,0.825978,0.1069497,0.108961284
1.468904,0.74361306,1.6428163,0.8289575,0.45484853,0.1201451
1.306396,0.57028025,1.2576153,0.79521185,0.32679272,0.14491954
1.894729,0.80574673,1.3904076,0.7057744,0.19338942,0.16085093
1.3527867,0.4829342,1.1716273,0.7780602,0.18716516,0.13312227
1.5596342,0.73574275,1.5605106,0.8468209,0.62892765,0.12136307
1.3056614,0.7365185,1.6395767,0.7693411,0.29466763,0.13868469
1.7562464,0.897839,1.2648566,0.7519469,0.26578617,0.15186393
1.336056,0.7180384,1.0611379,0.8425687,0.19894311,0.11137885
1.6936891,0.99412906,1.2609124,0.82545954,0.3522803,0.13047229
1.9576725,0.86029947,1.1154925,0.78171885,0.101940885,0.12440307
1.7089561,0.8500208,1.2442024,0.7868972,0.26050833,0.139257
2.007258,0.891571,1.3970661,0.7870539,0.43368748,0.14621758
1.5548415,0.56210977,1.3227618,0.79233015,0.43628553,0.15085958
1.4837132,0.9338626,1.2048192,0.7658262,0.22386055,0.14147978
1.6557069,0.8007435,1.2017035,0.7259418,0.081135556,0.14751293
1.4537182,0.5700952,1.35619,0.7549052,0.25608435,0.15856929
1.953926,0.89724994,1.3986192,0.711442,0.22773592,0.16733687
1.3444159,0.4551376,1.2586467,0.76716304,0.2035736,0.13702598
0.9747383,0.8620591,1.2877359,0.7276984,0.17709374,0.15508343
1.9744298,0.9454127,1.4108984,0.88760793,0.5293922,0.1030847
1.4838972,0.57690847,1.4180968,0.7752657,0.26195183,0.14275476
1.1915995,0.7579813,1.4728262,0.84219295,0.3987307,0.112432964
1.5494823,0.9256453,1.7136848,0.85381407,0.33300743,0.10544688
1.5336665,0.61693966,1.3196967,0.79671806,0.32844478,0.13364577
1.6203094,0.60640466,1.3144989,0.7673441,0.40976197,0.14728712
1.7957093,0.95584863,1.2221339,0.76024854,0.26869988,0.14756034
1.3730861,0.5123891,1.1236861,0.8063597,0.21523869,0.124914505
1.4527966,0.8745019,1.3169668,0.7322007,0.3009097,0.1644328
1.3603126,0.94376516,1.1855156,0.7774104,0.2909107,0.14264365
1.4225419,0.6598481,1.2830491,0.689203,0.060056113,0.16222401
1.3933173,0.4985344,1.4800417,0.82382566,0.5282803,0.13295834
1.5628419,0.85877466,1.8379769,0.85274667,0.34600466,0.1049286
1.2700454,0.47282028,1.5163736,0.7844144,0.3630337,0.14844695
1.2105743,0.53489846,1.3497422,0.77841455,0.33025265,0.1534165
1.4188817,0.7837022,1.459799,0.749253,0.2790903,0.14943874
1.6153194,0.8968098,1.174862,0.76225746,0.16714984,0.14055318
1.3761388,0.74361366,1.6908205,0.9226149,0.7549691,0.08448533
1.476509,0.58159345,1.4592748,0.7494528,0.30988076,0.15665577
1.7066144,0.9837294,1.1282399,0.81341076,0.18026766,0.122483954
1.1005408,0.8216311,1.3884044,0.7301462,0.20116203,0.15659787
2.0058267,0.95814997,1.3495328,0.79159987,0.48619643,0.1529516
1.3461522,0.81163114,1.2074573,0.8523727,0.46443534,0.11961244
1.8956436,0.9490032,1.092232,0.7871642,0.10782924,0.11914916
1.5592748,0.6294958,1.3073435,0.76570797,0.340618,0.14220232
2.0115204,0.9084298,1.1413162,0.79335994,0.16792035,0.12697892
1.4724566,0.56964403,1.2503779,0.7545979,0.38220587,0.15694317
1.3577753,0.7134076,1.4422688,0.7336506,0.29187134,0.1555942
1.7570637,0.9912036,1.4497359,0.78345037,0.5417374,0.1517239
1.8884326,0.7842233,1.2808416,0.772229,0.33384898,0.15229227
1.1270025,0.9045902,1.1619699,0.8259087,0.38195068,0.12763372
1.5321099,0.62451935,1.291467,0.75887316,0.24231629,0.15126151
0.95715916,0.8977273,1.5575924,0.7844584,0.3707076,0.14185025
1.4074994,0.70160896,1.2079165,0.76493126,0.24452227,0.14376116
1.4141444,0.68951315,1.5914602,0.7858447,0.4285264,0.15031326
1.4007543,0.5751924,1.4996881,0.80542916,0.4342757,0.12972926
1.1676548,0.89068896,1.2858186,0.7438044,0.23688526,0.15148169
1.6041656,0.69662994,1.4513047,0.7326431,0.2160882,0.15880427
1.5002116,0.60370266,1.3660293,0.7532672,0.24836518,0.14469568
1.9022387,0.8938519,1.4127662,0.7711709,0.32541865,0.147523
1.7220489,0.65373623,1.4839809,0.69794625,0.051850136,0.15796071
1.2190843,0.6333747,1.4742148,0.79232424,0.40530047,0.1484751
1.3819014,0.8448294,1.3599749,0.77077967,0.3551275,0.1432254
1.8717257,0.7942312,1.1950309,0.78380775,0.2896572,0.13636519
1.4546156,0.63569087,1.3771741,0.79029375,0.3247214,0.14422601
1.0097256,0.76482254,1.4442308,0.79070914,0.42536914,0.14737573
1.3979491,0.50372016,1.3506949,0.6814846,0.099276856,0.17174755
1.3905797,0.96080387,1.2341208,0.83959275,0.5561096,0.13709764
1.7407559,0.8444278,1.3545773,0.76461166,0.39669776,0.14828295
1.682442,0.7103468,1.4993982,0.7051536,0.15411274,0.16089907
1.5891086,0.7654521,1.255403,0.7252967,0.13820508,0.15457813
1.3320807,0.6172776,1.3142798,0.7575769,0.33012158,0.15733193
0.9881023,0.9218847,1.1773179,0.7858499,0.23059008,0.13244797
1.2562335,0.5163282,1.245327,0.7792751,0.35104486,0.14639527
1.575983,0.68845224,1.5097723,0.71876836,0.077392794,0.15657513
1.6895635,0.75613576,1.6760118,0.8004411,0.17318168,0.12090975
1.058569,0.9954643,1.2882953,0.80735964,0.53537434,0.13722523
1.8872555,0.8034116,1.6968243,0.8352513,0.3974128,0.1265752
1.2670834,0.57309234,1.5427678,0.7621063,0.30246422,0.14261238
1.1677954,0.6841176,1.3750517,0.77292097,0.32379773,0.15646522
1.5873748,0.9349445,1.5690398,0.7783196,0.28312194,0.14182061
1.3779655,0.45103624,1.3238506,0.7692416,0.33358353,0.14523713
1.8280591,0.7480739,1.1355033,0.84274894,0.41227978,0.12393327
1.5537585,0.76216555,1.4164293,0.7181733,0.19316603,0.16248049
1.5544509,0.8093094,1.2703233,0.77358687,0.37623993,0.14782111
1.2080741,0.5819508,1.47439,0.78442883,0.44087544,0.14498214
1.6609023,0.95992726,1.4295092,0.7598802,0.41554403,0.1528211
1.9356521,0.8895816,1.4991798,0.77498984,0.30915457,0.13370109
1.7290481,0.6700918,1.516356,0.8637741,0.72605854,0.12855928
1.3015339,0.4839985,1.5731606,0.78668416,0.36099768,0.14019898
1.2519586,0.5048133,1.2861135,0.7211681,0.1626808,0.15661561
1.7153951,0.656219,1.244556,0.70792246,0.10247551,0.16484699
1.6903206,0.62092865,1.3649955,0.75298345,0.18232849,0.1478607
1.7394542,0.6693361,1.2272637,0.7652352,0.2752088,0.14697795
0.9371771,0.86522156,1.4133604,0.76529,0.34598404,0.15175413
1.4049911,0.86124694,1.481226,0.77930737,0.26273933,0.14097768
1.2412049,0.7758844,1.4249055,0.7901843,0.41068417,0.14280528
1.9312882,0.8198843,1.236562,0.7770302,0.25299406,0.13966197
1.6689694,0.8213555,1.2683754,0.7870217,0.34499496,0.1366256
1.3705719,0.6609192,1.2031422,0.75383246,0.15582831,0.14301567
1.4839623,0.538294,1.3609774,0.74827623,0.27618927,0.15649207
1.3357162,0.5311474,1.3699117,0.7338871,0.25058043,0.15668689
1.5823567,0.6316753,1.3079383,0.76358867,0.25661933,0.15045883
1.233022,0.5484341,1.5706699,0.79642814,0.3442977,0.14869355
1.5256318,0.707712,1.108892,0.78510225,0.16656776,0.12753455
1.8302852,0.97652465,1.2121744,0.7539669,0.20836356,0.14391822
1.3037724,0.5666999,1.4734447,0.7854502,0.34404045,0.13856041
1.4935035,0.6792732,1.3768935,0.7558954,0.27110574,0.14486824
1.4308565,0.9419681,1.2049239,0.75748575,0.21863018,0.14404438
1.0881373,0.7744483,1.5600364,0.8089779,0.47389218,0.12947789
1.624697,0.83937085,1.51156,0.748978,0.2016572,0.14248434
1.18216,0.6794197,1.6007514,0.81382614,0.5547773,0.14070478
0.9261824,0.9184725,1.1507072,0.7648901,0.16391285,0.13718191
1.807251,0.85429704,1.6463039,0.8317173,0.4829007,0.12590145
1.3392045,0.4782542,1.5275648,0.7631897,0.24154724,0.14367445
1.9737698,0.91754967,1.2436492,0.78761435,0.37403807,0.14120542
1.9789956,0.9114298,1.3148992,0.7562405,0.32156533,0.14572959
1.8816738,0.99505305,1.3170114,0.7536458,0.34052396,0.15485264
1.7723339,0.8680605,1.4021842,0.82180417,0.42687076,0.13339946
1.4471452,0.5760173,1.1435373,0.75148416,0.08696235,0.13576749
1.1994706,0.7712049,1.4089324,0.7955177,0.4344237,0.13740581
1.6950557,0.81290835,1.2034533,0.7816802,0.21205963,0.13647692
1.2740525,0.5348501,1.367979,0.7516293,0.3682487,0.1641602
1.26697,0.83068126,1.5366082,0.846222,0.3905069,0.10761932
1.2214777,0.5278189,1.5303926,0.7751321,0.22495922,0.13722232
1.222298,0.6505357,1.3602979,0.7420232,0.34346572,0.16326787
1.1441154,0.9618719,1.4281919,0.7603685,0.3616798,0.1490313
1.674038,0.77030164,1.320437,0.7101867,0.16167273,0.16076994
1.1124744,0.8269293,1.5200136,0.77534556,0.35576698,0.14632836
1.5375572,0.755141,1.1884985,0.7985382,0.24047017,0.12788184
2.0938513,0.9576859,1.2281055,0.75980395,0.10759958,0.13462433
1.1475351,0.59950435,1.0500422,0.84955853,0.31574327,0.12126003
1.8757597,0.9208869,1.2743199,0.80770415,0.5418619,0.14264202
1.8151723,0.9248149,1.3955874,0.76049495,0.32284606,0.15424572
1.299216,0.8367246,1.3984184,0.77390486,0.3084361,0.153423
1.629936,0.6100241,1.4676087,0.76564705,0.3625636,0.1537822
1.2792138,0.9217361,1.4211469,0.7419077,0.4050528,0.15567665
1.5504805,0.58541274,1.118361,0.7812659,0.07893897,0.12411896
1.0558408,0.94863397,1.2848637,0.80646,0.37864748,0.13858303
1.1611986,0.6684316,1.1641603,0.8420598,0.29439417,0.11532382
1.5847932,0.8634571,1.2576945,0.7350323,0.19898026,0.16206193
1.2450866,0.6011438,1.2578497,0.75351226,0.2266112,0.15155092
1.8011285,0.74034107,1.3727403,0.7446532,0.24927163,0.15514983
1.7127967,0.6503332,1.3130741,0.6877762,0.106748424,0.17918006
1.2157415,0.7220407,1.0519688,0.8262039,0.23970404,0.12229475
1.6526139,0.95009637,1.3440301,0.9004321,0.589678,0.09867654
1.6832958,0.71993303,1.8019838,0.8669923,0.46966043,0.110759
1.530317,0.7909377,1.1127487,0.80964166,0.17173436,0.12192007
1.2466247,0.9719557,1.1527853,0.8064788,0.27277732,0.1297259
1.3203286,0.87020516,1.2173083,0.7766244,0.27219182,0.13895282
1.5832583,0.6905562,1.1807323,0.739831,0.07842426,0.13920553
1.5978808,0.68640316,1.3369873,0.725663,0.20618339,0.15747903
1.5300721,0.56594014,1.4208808,0.8063387,0.42468387,0.13358895
1.1944836,0.96154076,1.2253242,0.76921344,0.25591886,0.14626701
2.072348,0.9096803,1.3247981,0.7647157,0.24743973,0.14786164
1.726875,0.8128788,1.1462042,0.8224209,0.27555865,0.12589844
1.7842602,0.9512601,1.0805185,0.8329857,0.19087993,0.11493482
1.2435788,0.6703435,1.337599,0.7906076,0.3797306,0.14252776
1.2727141,0.7957073,1.3034804,0.70518714,0.11422339,0.16178884
1.9180871,0.9839258,1.2632263,0.7822572,0.28322288,0.14155327
1.7294897,0.913745,1.3782365,0.744163,0.265417,0.15359598
1.2298437,0.55093646,1.2918193,0.77905667,0.42356515,0.14138304
1.2895485,0.64974415,1.257818,0.713455,0.09219692,0.16398713
1.7540969,0.6789622,1.1362286,0.77888054,0.13563272,0.1303373
1.2536441,0.65234137,1.4573679,0.7972242,0.50925285,0.1570948
1.4340118,0.7765528,1.5144355,0.794784,0.37519547,0.13742666
1.6317542,0.7932259,1.6963501,0.8116831,0.30739775,0.122936726
1.5304638,0.71798724,1.2079332,0.78380096,0.23811068,0.13391748
2.101002,0.9767072,1.3783798,0.7858747,0.34053904,0.14349394
1.5631548,0.7981216,1.3103127,0.74963903,0.20870773,0.14777905
1.3831798,0.48445043,1.3051968,0.76614946,0.19878682,0.14186798
1.9544905,0.8700798,1.375201,0.7512348,0.4286273,0.17180175
1.7651,0.8648081,1.2738717,0.7818256,0.36664912,0.14401916
0.9848263,0.80364734,1.464365,0.7251079,0.14634086,0.1597108
1.7028542,0.8012517,1.804688,0.87351537,0.4520791,0.10055914
1.5172076,0.8569601,1.486326,0.76080173,0.36634743,0.15286711
1.3551755,0.51244676,1.3003078,0.73728013,0.21249576,0.15168376
1.8009021,0.96441317,1.7537205,0.83714634,0.36883163,0.10581516
1.2012852,0.72983444,1.3681746,0.70424575,0.17861734,0.16828412
1.9823345,0.89687526,1.5911345,0.79978627,0.40650102,0.1342957
1.1238155,0.63711375,1.1120422,0.7803749,0.19144347,0.13199922
1.5136951,0.6983939,1.5451953,0.8165588,0.540322,0.14018784
2.0436969,0.9801294,1.041549,0.81826323,0.12014027,0.11552367
1.2833037,0.78445184,1.4087551,0.78360415,0.38221636,0.15499768
1.8255852,0.9327769,1.3503475,0.72819424,0.2962912,0.16515408
1.4594892,0.762645,1.3394315,0.7607425,0.2761525,0.15715761
1.3805556,0.9270599,1.5225191,0.8432353,0.7293963,0.13099732
1.2634039,0.8429327,1.2700453,0.8029645,0.40165386,0.14014028
1.6076404,0.7390235,1.2431593,0.77314746,0.21033932,0.13656716
1.0543165,0.99393433,1.3710861,0.7489661,0.2768427,0.15448208
1.404197,0.5206969,1.8822548,0.8785889,0.20651157,0.079569995
1.5972052,0.8619996,1.4176443,0.7460644,0.3307345,0.15569483
1.4089024,0.5559909,1.1233869,0.78122747,0.16114514,0.13405035
1.3700687,0.7648689,1.0844243,0.8232122,0.23946069,0.12137787
1.4930187,0.60341305,1.712631,0.87155783,0.63858145,0.10193651
1.4529003,0.5769789,1.2855234,0.7661275,0.28425932,0.15115793
1.58735,0.94470036,1.1749258,0.8097035,0.3915665,0.13785686
1.6261994,0.86735016,1.6059711,0.7696843,0.17877397,0.13515922
1.7462327,0.9448774,1.297421,0.7384052,0.25284645,0.16641282
1.3918734,0.81523514,1.5291007,0.7746037,0.30458707,0.15554494
1.3661197,0.5738204,1.3411202,0.7177665,0.22505592,0.16218536
1.8191726,0.8841334,1.4909525,0.7728752,0.34420088,0.14589478
1.1850556,0.5583665,1.0065944,0.8587388,0.17569263,0.10656155
1.0768014,0.7717343,1.1834724,0.74373096,0.14353907,0.14633429
1.3985521,0.5436907,1.2918584,0.7487566,0.27031723,0.14627112
1.5067085,0.8932405,1.4111857,0.7479822,0.32768056,0.15490548
1.2615076,0.9234078,1.2239757,0.75145227,0.22090763,0.14759988
1.8721312,0.8152387,1.4621596,0.7592825,0.47823998,0.1790862
1.3157568,0.6135679,1.289145,0.7993551,0.37301487,0.13958417
1.7475319,0.8065824,1.4713552,0.8314616,0.6476256,0.1374471
1.0428294,0.7733568,1.1292133,0.79004496,0.1467358,0.12914519
1.5644664,0.635283,1.2921593,0.785903,0.39296046,0.14418706
2.0869575,0.9253399,1.3446026,0.7906647,0.42036325,0.14559194
1.830538,0.93742263,1.3873067,0.76665425,0.3779327,0.15304205
1.2514417,0.7273174,1.5091379,0.849641,0.720168,0.12148225
1.3320264,0.941606,1.8717628,0.86314577,0.16809233,0.088351235
1.9795983,0.8941867,1.3827412,0.762883,0.30479604,0.15819862
1.5230883,0.5615364,1.3518429,0.7386869,0.28660563,0.15744084
2.129564,0.9723538,1.5827701,0.8124829,0.52573925,0.13539588
1.8972778,0.9482352,1.1062245,0.78357244,0.16010939,0.1295422
1.9598252,0.8284868,1.0964695,0.82491475,0.21108432,0.120516025
1.002297,0.8812794,1.4630716,0.7646959,0.4555461,0.16097645
1.3489889,0.606481,1.4566655,0.74292433,0.2624831,0.15913634
1.4564399,0.6318387,1.3769298,0.76670426,0.27645183,0.14737615
1.0336446,0.8592944,1.4314299,0.8066544,0.41031379,0.12742792
1.5566493,0.85013115,1.3927057,0.75232166,0.2812765,0.15575388
1.4097983,0.46860912,1.4008243,0.8147452,0.44662082,0.1316502
1.350818,0.4914232,1.1127759,0.8324559,0.24756767,0.117810324
1.6853564,0.7844376,1.2618995,0.7602469,0.2610347,0.14922209
1.3790655,0.8998967,1.4806919,0.82970506,0.5299896,0.13885781
1.787718,0.8328853,1.3818617,0.6704799,0.08559859,0.17367344
1.1889625,0.67285925,1.7446392,0.8563723,0.61313015,0.113001354
1.4279379,0.68151,1.3351836,0.7732887,0.37757728,0.1530358
1.9581858,0.812432,1.4592757,0.7899476,0.621384,0.14665872
1.2791929,0.6212954,1.1946025,0.8340958,0.27244925,0.11736065
1.5217466,0.729494,1.3041005,0.73885894,0.22344878,0.15681139
0.9108875,0.9635884,1.7661221,0.85565656,0.54201216,0.112420015
1.2075688,0.5846303,1.6931164,0.8792309,0.6044639,0.11510638
1.3523381,0.52903396,1.1674092,0.745646,0.10365133,0.14024669
1.6274339,0.74913013,1.6499155,0.8414198,0.51089954,0.1262889
1.6955217,0.88458043,1.3046393,0.67520756,0.08108895,0.1704244
1.647966,0.7923836,1.2548006,0.77676976,0.29024947,0.13772783
1.5221757,0.82802284,1.4194193,0.77912956,0.3247328,0.1446574
1.5319906,0.51702595,1.3536618,0.77716243,0.37149262,0.15322833
1.9941299,0.99532557,1.3369749,0.7367511,0.2858474,0.16590074
1.2871618,0.839917,1.4162178,0.7797147,0.6942631,0.1606897
1.6645323,0.6834692,1.3000593,0.73601425,0.20901066,0.15542865
1.4212705,0.52295023,1.4470165,0.7986849,0.4232088,0.15153983
1.5634713,0.6440287,1.4104927,0.8699741,0.37855658,0.104173854
1.252921,0.81762403,1.118985,0.82889616,0.2777631,0.121385105
1.3594381,0.6856111,1.462632,0.73731583,0.32800287,0.16109967
1.7926074,0.68700165,1.2101367,0.78232336,0.2971993,0.14260502
1.5047157,0.52322596,1.2716677,0.7766948,0.23096475,0.1376641
1.7179335,0.6888142,1.3560059,0.6822503,0.09086567,0.17259093
1.6201699,0.857772,1.095506,0.810974,0.16820547,0.1201658
1.5859246,0.61299807,1.2888768,0.7374314,0.22640416,0.15379743
1.9899539,0.90585864,1.3704076,0.77437377,0.33853,0.14588866
1.9611771,0.85725135,1.3438368,0.7271409,0.25053763,0.16495572
1.303098,0.84306675,1.2373734,0.81437844,0.3426226,0.13570836
1.5767938,0.8329113,1.4754014,0.7205277,0.15003145,0.15530013
1.6239207,0.95848614,1.5417206,0.81397015,0.48717976,0.13588418
1.7217287,0.8836709,1.2335362,0.8240165,0.4322619,0.12395251
1.5948924,0.9389924,1.3039131,0.72805285,0.15701129,0.15764214
1.2835075,0.81977177,1.3997641,0.7395377,0.29190025,0.15520708
1.2463388,0.66422,1.252393,0.7528163,0.23477955,0.14536077
1.2690271,0.88856095,1.4158483,0.7452858,0.26985264,0.15492548
1.6210437,0.82359016,1.2463851,0.73251355,0.15327509,0.14793362
1.3021082,0.5018483,1.3861771,0.7342268,0.2080747,0.16490693
1.1735659,0.5972373,1.364315,0.7754512,0.34224653,0.15076327
1.0611799,0.9516889,1.7090154,0.8286521,0.24695703,0.10389436
1.7604699,0.70945925,1.3763056,0.7505385,0.24347912,0.15640132
2.1381814,0.9961006,1.4492137,0.7459419,0.22429349,0.15490831
1.8351858,0.8038543,1.2068172,0.7715048,0.2713361,0.14031146
1.6716063,0.9723657,1.2899754,0.8136029,0.39102718,0.13242738
1.7067647,0.92219096,1.3952708,0.8068841,0.5715678,0.14976427
1.2494904,0.7911559,1.2961023,0.7737924,0.34179696,0.14901744
1.4838518,0.593437,1.4119289,0.69944966,0.1296541,0.16093567
1.1513561,0.71163374,1.249063,0.78890836,0.3744998,0.13843206
1.8766612,0.86242896,1.2077518,0.7631315,0.24133606,0.14390361
1.2502455,0.6253832,1.1459804,0.7959072,0.20060882,0.12870088
1.2421803,0.7923404,1.3493419,0.80680054,0.43449765,0.12946644
1.2586248,0.74950135,1.3230238,0.6749152,0.049987312,0.16937776
1.7276593,0.6767159,1.2771432,0.78107965,0.3131125,0.1362014
1.8529216,0.8864472,1.4319773,0.7483782,0.28123528,0.15028134
1.1926405,0.6675144,1.5448508,0.80273074,0.44468412,0.14372458
1.3507075,0.5650627,1.4138513,0.73263514,0.2307309,0.16540304
1.4169523,0.5021237,1.4020312,0.7341871,0.20762296,0.1523543
1.0310032,0.97245175,1.6200836,0.786106,0.21956073,0.12577905
1.1270316,0.7844571,1.252881,0.78509676,0.29980794,0.14836422
1.2134899,0.8648513,1.6327949,0.81084937,0.36772886,0.12631686
1.1787416,0.7253166,1.5348117,0.817709,0.4448582,0.14236823
1.1205215,0.8853379,1.2264156,0.7912391,0.35961446,0.13547873
1.2736365,0.482382,1.3983767,0.73998237,0.2336944,0.15181327
1.7827814,0.82697815,1.1326301,0.7730398,0.17077886,0.13533722
1.3060496,0.9314763,1.1894183,0.7772392,0.2812165,0.14014071
1.3868672,0.95967823,1.4440272,0.7451113,0.33719185,0.1561663
1.0233799,0.9272063,1.2885895,0.75133747,0.33587828,0.153376
1.7604901,0.7203771,1.4198043,0.7782258,0.41734955,0.14818932
1.0411857,0.8317545,1.1442935,0.7776221,0.18182382,0.13236871
1.1666553,0.99305415,1.3346381,0.82434565,0.5317351,0.1428178
1.535117,0.59217775,1.1887732,0.7448983,0.16016072,0.14443068
1.7754658,0.9426285,1.0823921,0.8145476,0.17641056,0.11951816
1.1091347,0.9434734,1.8745139,0.88757443,0.34586644,0.08573639
1.3353993,0.54216987,1.1648896,0.7668307,0.14989318,0.1378049
1.2023267,0.71832746,1.2403696,0.79827744,0.2862747,0.12706396
1.940517,0.9345522,1.2130792,0.7367246,0.15942033,0.14753056
1.2995222,0.74306285,1.2310388,0.75013065,0.16948606,0.14462587
1.4388003,0.5144196,1.4488349,0.78466284,0.4102874,0.14480516
1.4893603,0.54342115,1.2596731,0.7556429,0.18746886,0.14215791
1.6062262,0.60463667,1.4526622,0.83571875,0.46406424,0.12356114
1.809121,0.6980186,1.3613524,0.7536732,0.25819132,0.14519219
1.2534841,0.51906246,1.2544031,0.78897214,0.33865058,0.14554264
1.7033267,0.7220395,1.2839875,0.7289654,0.18361036,0.1537264
2.0005238,0.892682,1.5064709,0.7727424,0.4789134,0.16073045
1.4089191,0.5030565,1.408819,0.80514836,0.34316257,0.13669321
1.6523535,0.66781485,1.5373147,0.8212047,0.58664316,0.14431404
1.3774742,0.63435364,1.4860508,0.724512,0.24854454,0.1641716
1.268263,0.80507433,1.2516422,0.7971948,0.296938,0.13106373
1.1545229,0.67615426,1.794169,0.83300036,0.07439544,0.09771608
1.2666069,0.7637833,1.312036,0.77865607,0.33877137,0.13964494
1.6862146,0.99876535,1.4820638,0.83026356,0.58826596,0.121612445
1.7450411,0.78961366,1.4752998,0.7412778,0.23733534,0.1519364
1.5267724,0.6834382,1.4169123,0.7460003,0.22528675,0.1572753
1.0650272,0.95051134,1.4792235,0.79696125,0.47661328,0.1472315
1.8215662,0.7228393,1.48293,0.85307217,0.61114025,0.11893868
1.4835016,0.5091958,1.2201045,0.7783811,0.23186459,0.13781652
1.3652278,0.46819985,1.2432404,0.7504348,0.21417256,0.14780888
1.6046219,0.5571054,1.3364139,0.76173913,0.20603782,0.14864507
1.173848,0.8162687,1.3933284,0.71120095,0.19298075,0.16173324
1.3333753,0.5719074,1.4712996,0.7723769,0.3883778,0.16420631
1.8241495,0.89719784,1.4427962,0.83408755,0.50079054,0.12343934
1.3095036,0.4442995,1.184483,0.7664034,0.22008203,0.14225842
1.2358894,0.94983995,1.5840466,0.8204511,0.6565986,0.13956286
1.1416235,0.695056,1.4282138,0.7439008,0.25609902,0.15496293
1.8244451,0.9174592,1.2657437,0.768273,0.2911616,0.1542409
2.027396,0.88081557,1.0438292,0.82719237,0.17157482,0.115027785
1.7655449,0.7391392,1.4951162,0.8231119,0.51472706,0.1277466
1.6040728,0.59200025,1.3083832,0.7499757,0.2517806,0.15798771
1.5320903,0.60125893,1.3495941,0.7196743,0.17000684,0.15867047
1.2733421,0.9273076,2.0462518,0.91352814,0.067207225,0.054146014
1.9374217,0.8197394,1.1905241,0.7721934,0.22705431,0.13851841
1.4553457,0.9143794,1.3905363,0.7124845,0.19294126,0.16726759
1.1286608,0.98446,1.3684812,0.74634993,0.30800632,0.15304634
1.4296111,0.724362,1.1396692,0.7757758,0.2032189,0.13790879
1.3897979,0.8433986,1.4028964,0.7627815,0.39650437,0.1521318
1.4670464,0.9285296,1.1073959,0.8200837,0.2326722,0.123578295
1.865875,0.9381636,1.7797232,0.8899762,0.64468646,0.103980705
1.0733868,0.79729503,1.1570404,0.75919193,0.18438897,0.14575751
1.9683737,0.9372207,1.3236825,0.735185,0.23895164,0.15580277
1.7771865,0.80214155,0.98845524,0.8500631,0.18543431,0.108163565
1.4121448,0.67664295,1.6137805,0.8271198,0.47727576,0.13982618
1.4239058,0.8499545,1.3339722,0.72926235,0.20750332,0.1581703
1.1519988,0.7051516,1.2216475,0.79636693,0.2857628,0.13748452
0.99296916,0.91532254,1.748857,0.9027726,0.69063294,0.085528895
1.0045588,0.9087261,1.354408,0.7619748,0.31982613,0.15186097
1.482028,0.7701593,1.1916018,0.8154871,0.35099655,0.12898101
2.008368,0.9776478,1.6271508,0.8409549,0.6550637,0.13021909
1.412864,0.72690773,1.0511689,0.86818105,0.36933124,0.11780776
1.5081342,0.52144504,1.1514199,0.7764461,0.1831903,0.13511804
1.3063737,0.8281653,1.4126728,0.80119616,0.4535996,0.14180414
1.5685573,0.81042117,1.150964,0.8116497,0.23444542,0.12530087
1.8724447,0.7847444,1.353019,0.77281594,0.31078616,0.14449716
1.5603763,0.590241,1.1669965,0.7944982,0.22385618,0.13329908
1.1467597,0.726591,1.1042652,0.7937111,0.13791746,0.12333228
1.7460779,0.75270146,1.3863297,0.7550926,0.3580213,0.16007216
1.6739602,0.62930495,1.5706465,0.7516537,0.14837146,0.1437065
1.7895728,0.70027727,1.2340336,0.77560085,0.31560323,0.14370443
1.918267,0.9312641,1.2884934,0.7797524,0.2773339,0.13819405
1.4679551,0.76164955,1.3042984,0.7178464,0.14646314,0.16285306
1.2719887,0.71320885,1.4322929,0.6814866,0.07418065,0.17129685
1.379534,0.57714057,1.4398465,0.7998007,0.36044034,0.1356339
1.8045384,0.9364503,1.2255657,0.7456696,0.17874548,0.15168835
1.7866566,0.9018242,1.347817,0.74848807,0.31869823,0.15688837
1.1024863,0.9131764,1.7428188,0.8531382,0.37691993,0.10579988
1.2341784,0.69597477,1.3317049,0.7724348,0.33260435,0.1476137
1.7175997,0.6564085,1.5209444,0.725895,0.14521272,0.15463243
1.9685771,0.9706015,1.4300106,0.792306,0.36937645,0.1327931
1.1340339,0.72051966,1.2896361,0.76501,0.2446571,0.14078371
1.9122796,0.90820366,1.615174,0.84743625,0.5835713,0.13431773
1.4180297,0.81159365,1.4905958,0.7590311,0.25268373,0.15697215
1.3770074,0.47056437,1.4270751,0.7865603,0.40428793,0.1477051
1.9183395,0.970291,1.4033566,0.6813408,0.048693415,0.17037047
1.7948145,0.6862581,1.5029254,0.7275278,0.12574838,0.14875546
1.8870816,0.8004975,1.6163018,0.78267825,0.46708828,0.14746726
1.1995993,0.64462495,1.2758694,0.77845633,0.33594573,0.14803524
1.3328068,0.46527362,1.2681584,0.76160014,0.19818358,0.14420591
1.377481,0.6952203,1.316,0.80540043,0.37909055,0.13348861
1.2076663,0.5376041,1.3241062,0.7581501,0.2875235,0.14644036
1.2906753,0.6612753,1.538801,0.8008623,0.5716702,0.15356621
1.5889271,0.7605902,1.2768724,0.77271235,0.29669636,0.14332427
1.4773927,0.58471835,1.3298428,0.71497893,0.16792992,0.16721798
1.511756,0.71182525,1.237375,0.7603835,0.23097783,0.14235015
1.5507308,0.6333679,1.4392545,0.8031597,0.35623178,0.14681484
1.6680833,0.87670475,1.4762237,0.78552806,0.3335758,0.145396
1.4691503,0.80388445,1.4130585,0.8165377,0.4394877,0.13877718
1.3217485,0.61622125,1.2991564,0.7601559,0.25499606,0.148068
1.5396404,0.8876995,1.2989252,0.74661136,0.2377002,0.151057
1.1513859,0.6614729,1.2547128,0.82453364,0.4251639,0.1332009
1.8564123,0.8713279,1.3508749,0.7701901,0.31994155,0.14970125
1.2265375,0.74826103,1.1795206,0.81470734,0.33945328,0.12844886
1.6005718,0.5747696,1.4318192,0.7753889,0.32106403,0.14598913
1.1119084,0.82597464,1.3297563,0.7351661,0.23947786,0.1603371
1.4854754,0.6994128,1.5006931,0.78092635,0.3312297,0.13848004
1.4543425,0.6383416,1.1529766,0.79853076,0.29593745,0.13710201
1.6179622,0.8542035,1.2619357,0.74503165,0.19780104,0.15507315
1.356388,0.47669062,1.137058,0.7844802,0.1800818,0.13189998
1.8215929,0.904569,1.2294834,0.77204263,0.22421478,0.13844222
1.2003924,0.8176621,1.495235,0.74331903,0.2052062,0.15841325
1.6833146,0.85914904,1.4917114,0.7373078,0.19899088,0.1616003
1.729787,0.7655062,1.3319633,0.74999714,0.30951145,0.15736257
2.0771024,0.99053305,1.4217281,0.7107823,0.18016064,0.16289276
1.4373603,0.62485427,1.0909562,0.7969454,0.17471981,0.12438185
1.2549725,0.902789,1.5481148,0.8481906,0.6459209,0.12636557
1.2907233,0.5315539,1.24191,0.7069877,0.10006273,0.15770392
1.6731588,0.7090853,1.7719986,0.9085235,0.83503395,0.089000925
1.0762407,0.99419194,1.3003509,0.7549455,0.21752979,0.15053046
1.2323805,0.54109323,1.178659,0.81010634,0.29233137,0.13257378
1.7847449,0.7997884,1.3102565,0.7415986,0.26082498,0.15977679
1.4674661,0.4976285,1.1595294,0.7400664,0.059600193,0.13581169
1.3528904,0.94389564,1.1202232,0.8187303,0.24672747,0.120582424
1.6583191,0.6578974,1.5532668,0.7967811,0.4378707,0.14800318
1.2000195,0.58215964,1.5636554,0.74352497,0.20224662,0.14566259
1.6598636,0.7466513,1.3723066,0.76245236,0.2725243,0.14469782
1.036653,0.9016642,1.2812066,0.77028286,0.28433374,0.14364143
1.3989724,0.5668082,1.1589031,0.7516962,0.08031049,0.13496135
1.2638817,0.5285481,1.4147062,0.78167796,0.44683507,0.15558846
1.0796039,0.95730406,1.1464763,0.79783195,0.266425,0.13189453
1.5686868,0.53081477,1.4694574,0.74121237,0.2612859,0.15214625
1.5037631,0.63438034,1.3362119,0.74007905,0.23439656,0.15448004
1.427855,0.6262956,1.2697167,0.732117,0.16943552,0.15539408
1.9357983,0.881629,1.3666835,0.7503384,0.29599562,0.15379015
1.6372305,0.7103124,1.5698187,0.7853336,0.31812552,0.1400928
2.1072276,0.9442733,1.5205643,0.73380643,0.14286168,0.15102337
1.5429838,0.6536141,1.6724014,0.8557429,0.665231,0.11812038
1.500487,0.8785941,1.2164764,0.78063536,0.2948181,0.14016522
1.2460129,0.6939295,1.3636134,0.7668441,0.35863888,0.14491178
1.3824937,0.5412844,1.5524318,0.7762896,0.52325004,0.14690323
2.0148094,0.98299813,1.3634531,0.7195664,0.20729665,0.1643578
1.4049174,0.8874734,1.5375998,0.8061996,0.3541671,0.13385153
1.4341092,0.75052834,1.2737648,0.74706125,0.18141913,0.14595579
1.727181,0.837974,1.72598,0.8196027,0.28837505,0.11805783
1.1638846,0.7506763,1.0961239,0.78436327,0.12443532,0.12588319
1.1518918,0.76895815,1.1006396,0.8619961,0.42708418,0.11890092
1.3026453,0.9679613,1.2172389,0.7561176,0.2112907,0.14418422
1.3944662,0.4995961,1.3564806,0.79762536,0.4371739,0.14251797
1.1145902,0.8838453,1.2961078,0.77782005,0.41719332,0.14191988
1.9308645,0.9832301,1.5919223,0.7942764,0.47146037,0.14208247
1.3366991,0.56045663,1.4400859,0.89512306,0.68192637,0.098268576
1.4960183,0.62301,1.7574263,0.83936197,0.30849776,0.10623135
1.5012156,0.68080676,1.0988617,0.83014655,0.24915084,0.122728646
1.4756136,0.7587026,1.3390377,0.8441505,0.56310505,0.12232786
1.3685423,0.42625523,1.2635524,0.7411773,0.24062717,0.15423757
1.6539986,0.70288706,1.0916684,0.8320882,0.2737767,0.11975633
1.8024529,0.9530437,1.3979828,0.7636718,0.3352022,0.14438516
1.6444948,0.86885726,1.5137126,0.7939952,0.428542,0.14512973
1.6399803,0.86040545,1.2261412,0.7700167,0.3299206,0.14761601
1.3077495,0.75364304,1.2189994,0.79397064,0.31643367,0.1418612
1.3743238,0.42198265,1.5973766,0.83535415,0.50452685,0.13262293
1.4194701,0.5531874,1.5532339,0.76252484,0.17345941,0.13991283
1.2486262,0.49809536,1.3435261,0.723931,0.2288193,0.1627928
1.5968715,0.8315813,1.3520229,0.7546619,0.2703469,0.15167496
1.097116,0.6519328,1.093734,0.7877557,0.12091504,0.12332102
1.4906579,0.565173,1.4194031,0.7160173,0.15965316,0.16293694
1.4892,0.57725966,1.3710899,0.7687502,0.2862863,0.14628437
1.683996,0.6228552,1.4510338,0.76505274,0.29487458,0.14266184
1.6420295,0.6355202,1.3070838,0.69883263,0.0995427,0.16244431
0.9593261,0.8489079,1.2897592,0.7588521,0.22651078,0.15005799
1.4144704,0.5348844,1.7985904,0.8756421,0.585688,0.104723185
1.5949615,0.9625357,1.220479,0.7548133,0.20792612,0.14034499
1.2508665,0.49003157,1.4130912,0.7080079,0.14785993,0.16338521
1.2917866,0.486679,1.4144099,0.79757845,0.41833556,0.13939822
1.4709548,0.79507786,1.4771266,0.76681864,0.33743894,0.1511508
1.341971,0.5015343,1.5865524,0.8285087,0.40843257,0.115392126
1.3468868,0.9128921,1.4785576,0.6863934,0.020563299,0.15849961
1.2795132,0.76589894,1.30825,0.7167071,0.14680171,0.16086605
1.5391802,0.7297506,1.8773351,0.93693155,0.5737822,0.08191322
1.3602597,0.40831622,1.6005437,0.75458235,0.13522652,0.14410836
1.2972721,0.905966,1.5864778,0.78967756,0.38662273,0.14079519
1.8300747,0.8444442,1.4687483,0.8067104,0.44031763,0.13743915
1.3989935,0.5615778,1.154418,0.7620622,0.14028095,0.1371808
1.5053489,0.97100157,1.4638636,0.83229,0.6556388,0.14081201
1.6005274,0.66433865,1.2111492,0.7569746,0.21627647,0.14719108
1.7605363,0.9459705,1.2946303,0.7667304,0.30654058,0.14770882
1.130074,0.8897026,1.0772605,0.82530576,0.17315947,0.117641024
1.5869129,0.79209,1.4862578,0.7405869,0.3426197,0.16133161
1.3832353,0.5487259,1.4273546,0.78478575,0.34770557,0.13844407
1.2800205,0.61321765,1.2760475,0.7327325,0.20869258,0.15627609
1.0208557,0.9934392,1.3859434,0.70907664,0.22414716,0.16594194
1.4238732,0.7809719,1.3789089,0.75316435,0.2861456,0.15892965
1.5677757,0.65103453,1.480942,0.7733348,0.4852046,0.15977265
1.5707985,0.54624933,1.4774024,0.77875024,0.33948952,0.15401343
1.243541,0.85209304,1.130798,0.77932435,0.13122387,0.12768541
1.4764869,0.7985512,1.5234058,0.73694354,0.2389154,0.14765114
1.9142638,0.8801569,1.288069,0.7431179,0.24033286,0.15927044
1.6030698,0.6233828,1.2242098,0.81393343,0.5684653,0.14175414
1.1914,0.6334858,1.250416,0.74405754,0.23372513,0.15208414
1.1228058,0.6346301,1.2554185,0.77378976,0.281258,0.14534092
1.1648768,0.62385964,1.4762537,0.7758316,0.3280822,0.1484226
1.4014963,0.91099036,1.1825259,0.80514884,0.3066195,0.13773838
1.2189521,0.573592,1.2733355,0.77445674,0.24627045,0.14042321
1.633169,0.87213665,1.1165555,0.8080356,0.17853655,0.11863909
1.3053249,0.46980125,1.2588379,0.7707784,0.2749285,0.14481235
1.2827082,0.68107814,1.3045073,0.7667438,0.3565112,0.14980246
1.7931409,0.73124003,1.4538963,0.8324731,0.50491697,0.123439394
1.5313002,0.55675066,1.3343565,0.73955524,0.29982084,0.16525857
1.1858095,0.5450177,1.2342689,0.76442796,0.20472077,0.14559296
1.1943624,0.958293,1.0826664,0.7778319,0.103788905,0.12696356
1.3030661,0.71780545,2.0340548,0.9340198,0.24555542,0.06209076
1.5847641,0.9428077,1.492832,0.82311815,0.45573896,0.12807518
1.3394505,0.72392464,1.5244191,0.80219394,0.47007424,0.13509803
1.2872747,0.83084244,1.1123053,0.8121701,0.22516713,0.1242624
1.2869674,0.8270415,1.4231596,0.8379155,0.6967252,0.13776264
2.0645115,0.9792218,1.1913345,0.817808,0.28494135,0.12430027
2.0042083,0.9024736,1.3668592,0.7218161,0.21958353,0.16111737
1.3421558,0.5647057,1.3753159,0.7934082,0.51437324,0.14274421
1.2428342,0.9654642,1.2033608,0.7766132,0.17189214,0.13464841
1.5371728,0.65033597,1.1566101,0.7796427,0.25173968,0.136642
1.3105984,0.47499326,1.2907977,0.73936254,0.19051795,0.15475546
1.0359361,0.7052906,1.2002623,0.79683155,0.29083675,0.1348767
1.3441087,0.6367816,1.0601796,0.8185835,0.16392213,0.11599293
1.7439452,0.95553184,1.1577182,0.74218893,0.07178106,0.13686076
0.98185694,0.8026455,1.470917,0.86722845,0.6239875,0.1102605
1.3058493,0.7845966,1.231704,0.73885745,0.18525806,0.15029413
1.5603838,0.5878246,1.3262758,0.74470896,0.31906164,0.15321901
1.1209219,0.8305589,1.4366491,0.7127285,0.16467205,0.15920883
1.4083755,0.6081393,1.1701603,0.7399804,0.07357473,0.13588902
1.7147948,0.84941924,1.2134337,0.7321846,0.118242525,0.14725485
1.2596366,0.49196267,1.2733853,0.80131906,0.3539696,0.13679203
1.8487037,0.9037652,1.2958593,0.7577046,0.23614195,0.14392555
1.0337905,0.9145548,1.2634234,0.7882662,0.39529586,0.14620869
1.3912612,0.89300656,1.406877,0.72456247,0.2069348,0.1673334
1.9566422,0.85152346,1.2970304,0.7487955,0.24181949,0.15094087
1.4058679,0.9660301,1.3192856,0.8312854,0.5572517,0.1340313
1.425442,0.5414974,1.3378224,0.7457758,0.23543775,0.15019311
1.7647609,0.89153916,1.3335292,0.7531076,0.41774955,0.16761944
1.5403703,0.79570365,1.2920742,0.8013589,0.35250792,0.14244595
1.6050417,0.6198789,1.1790214,0.772903,0.16264464,0.13497138
1.2992443,0.6108691,1.1775203,0.79413944,0.25129065,0.1328462
1.510364,0.4954459,1.3802731,0.77651083,0.33314613,0.14615843
1.4483463,0.4645921,1.3400416,0.72526085,0.24966015,0.1614904
1.5730454,0.6354318,1.3020213,0.713087,0.14403942,0.15994741
1.4357064,0.5802549,1.2480187,0.70875615,0.09947805,0.15326479
1.3073848,0.7041827,1.3253889,0.77963144,0.3862645,0.14212817
1.5529994,0.7093713,1.4694071,0.79746336,0.4754942,0.15353422
1.3253741,0.47104996,1.4806604,0.7895431,0.28541616,0.13409962
1.6689854,0.7634259,1.2468369,0.81787163,0.42464045,0.135186
1.3486426,0.48909417,1.1503675,0.7732132,0.22606337,0.13871664
0.9796391,0.94426715,1.0853503,0.8446285,0.26578143,0.11890396
1.3254328,0.5803461,1.5822077,0.8186523,0.3739981,0.12618048
1.5923849,0.54913163,1.2335117,0.7576997,0.16339856,0.14070418
1.1199286,0.87495947,1.2593851,0.74424666,0.21756297,0.16024071
1.6415972,0.93725485,1.2593448,0.7780848,0.32367992,0.14302233
1.9416188,0.8004476,1.2966619,0.7824049,0.33118418,0.14414628
1.6352513,0.64468676,1.1981494,0.7773703,0.22943553,0.13769458
1.1592044,0.6831006,1.8317041,0.897965,0.636108,0.10976214
1.6362631,0.7094314,1.2814991,0.7411665,0.25555536,0.15144199
1.43931,0.93816996,1.404041,0.7336835,0.2762954,0.15986091
1.5982922,0.8269046,1.2076583,0.79700494,0.31872424,0.1420704
1.2318658,0.8267343,1.5554917,0.7940386,0.29252508,0.13084874
1.0008148,0.96822035,1.385416,0.8010959,0.4396114,0.14769241
1.4612674,0.81129104,1.3582494,0.83621925,0.4433467,0.12176638
1.0593286,0.6861851,1.3521857,0.7600703,0.37832418,0.1488208
1.62528,0.68891275,1.2021508,0.7312981,0.16512895,0.1518316
1.0097675,0.79624534,1.2501826,0.70946467,0.07978117,0.15300593
1.4085348,0.48597792,1.1738415,0.77852577,0.16222706,0.1315122
1.0174832,0.9987385,1.6744721,0.9221834,0.75237906,0.08408184
1.2538831,0.5152035,1.2212806,0.8027187,0.3002091,0.1341664
1.3337047,0.42422283,1.3032615,0.7731372,0.3354348,0.1461073
1.0861623,0.7531036,1.4321597,0.7896195,0.343957,0.14119595
1.5279398,0.72096986,1.6495416,0.8395806,0.46932575,0.128528
1.0545557,0.6803592,1.8071604,0.92495435,0.96212953,0.093314745
1.2785513,0.67042655,1.3072364,0.78424424,0.33185786,0.15767296
1.4557823,0.51838225,1.4443793,0.7695289,0.3832006,0.16641068
1.7879449,0.85798717,1.3552079,0.70420986,0.123262174,0.16264577
1.5411315,0.61924773,1.2539761,0.8012958,0.39973536,0.1450431
1.4910802,0.7723492,1.222028,0.7684971,0.27937457,0.14321588
1.7353408,0.8595111,1.203305,0.7964072,0.31369016,0.13275883
1.311048,0.45554352,1.224232,0.77647144,0.25906458,0.14073247
1.1757083,0.60807663,1.2686324,0.77616215,0.30522045,0.14815015
1.4564742,0.5607018,1.4105647,0.7274163,0.1740952,0.17367832
1.6951597,0.7265601,1.4302156,0.8129073,0.50383717,0.1367589
1.4771105,0.9989551,1.371851,0.7965366,0.46957564,0.15476216
1.0458124,0.82825613,1.4930224,0.8271081,0.4061121,0.12858059
1.1412661,0.7203086,1.3073208,0.7594129,0.28909788,0.15756536
1.527107,0.5762152,1.1709979,0.79875773,0.24112576,0.13111117
1.5514526,0.7412871,1.2506642,0.74940616,0.30036166,0.15255459
1.0216177,0.8678099,1.3886943,0.71662366,0.15792228,0.16436607
1.516094,0.77188945,1.7437038,0.8852158,0.7281383,0.10575617
1.2120272,0.69621426,1.1735634,0.75395226,0.14015968,0.14088799
1.7803423,0.82230777,1.3449297,0.6616017,0.041987944,0.17758062
0.9840133,0.9142199,1.324825,0.7590107,0.27732068,0.14794555
1.6912506,0.6917202,1.3869755,0.7546205,0.31070545,0.1573092
1.4867964,0.5271274,1.1071599,0.77563775,0.11952325,0.13324396
1.2121046,0.94563955,1.3713391,0.7756517,0.40747893,0.1533566
1.6997058,0.7872102,1.5150158,0.77955264,0.36855453,0.14357698
1.5674305,0.57270896,1.6323354,0.8064239,0.46051875,0.12610948
1.178324,0.58439255,1.2362127,0.7564187,0.20630144,0.14582527
1.848702,0.836455,1.6519713,0.802276,0.30707958,0.12627344
1.8453219,0.8417111,1.3695929,0.7869054,0.44619113,0.14741609
1.4115341,0.6416353,1.4568555,0.82332045,0.62796766,0.13565691
1.0019182,0.99232376,1.5085118,0.7743044,0.40559205,0.15412027
2.0853734,0.96704334,1.3398707,0.7306514,0.21207738,0.15780403
1.3033348,0.9607319,1.2017951,0.7880739,0.19654556,0.13112189
1.5892223,0.6312868,1.3189209,0.78655684,0.42141563,0.14675222
1.2819806,0.6191753,1.3113222,0.7518088,0.27072096,0.14892209
1.273318,0.49912405,1.3106196,0.74110895,0.21859004,0.15356795
1.4116681,0.5848192,1.4927697,0.80153584,0.4918135,0.13641156
1.2777807,0.5044168,1.1909344,0.76364934,0.14126594,0.13585484
1.3189847,0.5843173,1.490629,0.80624086,0.5015998,0.15561703
1.0467167,0.9306935,1.3566375,0.77543837,0.46012262,0.15428449
1.1242223,0.67867064,1.3325944,0.73138905,0.23623085,0.15659328
1.1460416,0.85342556,1.3151217,0.73002124,0.2083915,0.161986
1.1214277,0.7684995,1.1212039,0.80395454,0.32583818,0.1358768
1.1831818,0.91795737,1.3923614,0.7259541,0.19668351,0.15830283
1.2582018,0.60690546,1.459202,0.79408014,0.55973023,0.14870566
2.0295672,0.8938727,1.6538086,0.82639766,0.5631677,0.13608178
1.3897841,0.53393626,1.3126292,0.74127465,0.24258158,0.15008172
1.227415,0.5694857,1.3198392,0.7941354,0.3141621,0.14010745
1.2931715,0.71695894,1.3081653,0.8211347,0.50849354,0.14369908
1.5055997,0.6317974,1.4675534,0.80464554,0.67221767,0.15523197
1.7923241,0.8457844,1.4034133,0.75767833,0.28452498,0.15204239
1.8076887,0.69633764,1.461204,0.7941101,0.46874705,0.150209
1.5153372,0.551474,1.694835,0.82644176,0.49435735,0.14041469
1.9547912,0.89663184,1.5155952,0.77382797,0.37960175,0.14115073
1.631806,0.96409404,1.3413332,0.80183023,0.42792356,0.14346541
1.3859769,0.95236176,1.1902769,0.78091806,0.29422337,0.14386499
1.6718427,0.62701845,1.2003601,0.76999545,0.17855723,0.13632773
1.6400098,0.7341571,1.4286063,0.8243908,0.41711897,0.12954223
1.6356839,0.7114149,1.3079231,0.77977544,0.3226263,0.14507702
2.009518,0.9543626,1.2471344,0.72259235,0.15175816,0.15595257
1.7884156,0.884754,1.3330779,0.76562494,0.24950719,0.149318
1.9093833,0.854884,1.3550072,0.77417696,0.33537248,0.14861888
1.0517415,0.88698894,1.3194098,0.7171464,0.20383866,0.16536051
1.3500409,0.429972,1.2750773,0.7582809,0.26469314,0.1507616
2.040944,0.9996427,1.146841,0.76882005,0.12844083,0.13625844
1.3560451,0.47055125,1.2909136,0.7965181,0.3100875,0.1345441
1.5267576,0.9140971,1.3852255,0.7213031,0.18521112,0.15746255
1.213024,0.8479008,1.394568,0.8324921,0.44457972,0.13475475
1.1330035,0.8895239,1.3989944,0.7341286,0.2446642,0.15712814
1.7477142,0.84897965,1.0710886,0.8613092,0.22802976,0.11033921
1.2876163,0.75372267,1.851893,0.8378038,0.13966948,0.10111412
1.7972645,0.95887536,1.3278751,0.7514409,0.27016947,0.14566457
1.5066048,0.57555455,1.4590108,0.82979816,0.5797662,0.14312045
1.7951978,0.9901146,1.543468,0.7655474,0.32440633,0.14982216
1.7133638,0.77488524,1.5417035,0.81202406,0.49941498,0.13075706
1.5690686,0.616448,1.6080606,0.82484347,0.5286801,0.13025945
1.6563712,0.78885984,1.2585247,0.7865114,0.29379523,0.13597359
1.7256521,0.8544979,1.2461755,0.71128726,0.13530695,0.15757617
1.2935598,0.88491935,1.2188699,0.8073316,0.34512678,0.1354929
1.5241075,0.7250307,1.4483957,0.74077946,0.2736735,0.1609627
1.3366873,0.6233794,1.1417546,0.74899185,0.06999279,0.1347026
1.305671,0.83409244,1.2901378,0.78381276,0.32767376,0.14322442
1.0489135,0.83329165,1.1926465,0.78566813,0.27753443,0.13749626
1.3646864,0.8724251,1.4367647,0.76267576,0.39634302,0.14946188
1.8568624,0.79530734,1.0699315,0.8495987,0.3046447,0.11606493
1.6356703,0.5878028,1.1341052,0.77721673,0.19987807,0.13679066
1.6367607,0.66696686,1.2888303,0.71018004,0.16023463,0.16395052
1.143274,0.59889436,1.8040049,0.86099815,0.6410313,0.106986545
1.7192541,0.9870696,1.1199632,0.89092857,0.31379154,0.0992707
1.5259632,0.6480947,1.3833935,0.711612,0.1290598,0.1612438
1.3825659,0.51105654,1.2992163,0.72209656,0.17235886,0.1561587
1.5214264,0.5036564,1.7556145,0.82080984,0.30905497,0.11422114
1.9131496,0.91914254,1.5396883,0.7680777,0.28775024,0.13909481
1.6821475,0.769016,1.4103904,0.7954435,0.45046365,0.13904406
1.2460362,0.48476815,1.3957965,0.7288332,0.22524218,0.16270424
1.2877359,0.68983686,1.2292154,0.7949277,0.42531362,0.13925105
1.6504111,0.95959675,1.2994528,0.6983689,0.117276765,0.17037027
1.235286,0.7414496,1.4032061,0.77112615,0.3973916,0.14827009
1.4847499,0.54573196,1.6560581,0.7877507,0.2084761,0.12077366
2.0935152,0.96123505,1.2993565,0.7185423,0.18106985,0.1612719
1.1527365,0.727814,1.294018,0.77100813,0.19705327,0.14077206
1.6124173,0.5824138,1.4637473,0.7612212,0.35614058,0.15020499
1.5053855,0.6206998,1.2506602,0.79494876,0.29731455,0.14247876
1.4598418,0.7416809,1.5036597,0.7437433,0.40238118,0.16924083
1.2388719,0.5921198,1.4910619,0.76620215,0.26036176,0.13564117
1.6082208,0.60128164,1.4156857,0.73268914,0.24787967,0.16081351
1.3698213,0.87547684,1.4839361,0.7661744,0.30733156,0.14797884
1.6077468,0.5591732,1.4465919,0.75279605,0.26477107,0.14777246
1.5133104,0.8328504,1.4613404,0.8580918,0.61441064,0.11081201
1.3772833,0.9482728,1.2443845,0.7752135,0.27768016,0.14120616
1.3790408,0.6001515,1.3507416,0.7240611,0.22554864,0.16073681
1.2795448,0.591299,1.3483922,0.8012518,0.36904103,0.13526417
1.2030873,0.82580775,1.3906538,0.80660874,0.41435102,0.13782588
1.3661265,0.49440598,1.5388505,0.838183,0.5074623,0.12197438
1.9380474,0.99193496,1.2903807,0.7473137,0.16847028,0.15097108
1.3854939,0.7323007,1.230782,0.7595886,0.23382472,0.14621504
1.1760103,0.66896564,1.2532983,0.74691725,0.28378385,0.15535484
1.3210466,0.46010506,1.1310229,0.8180759,0.26907685,0.120846376
1.8040491,0.8460223,1.2066014,0.7701754,0.2196852,0.13752408
1.4101365,0.97549105,1.5301621,0.8316297,0.36845973,0.11607642
1.4976401,0.6690118,1.2577896,0.7997382,0.42394114,0.136251
1.2158958,0.8615913,1.469732,0.80970246,0.48759392,0.13954516
1.6514907,0.7136074,1.2838442,0.7787292,0.39021343,0.14085777
1.7067922,0.7104795,1.2383509,0.7574924,0.18050778,0.14436795
1.3652011,0.5766764,1.3857777,0.77622557,0.30801862,0.14525856
1.4706324,0.9373024,1.2936728,0.7469384,0.18022473,0.153401
1.7724408,0.7364877,1.0647545,0.81843954,0.19245209,0.12200981
1.5235261,0.8159848,1.2406394,0.7651194,0.28220174,0.14272763
1.4970701,0.74349606,1.5268972,0.7735987,0.39114657,0.15698013
1.8304611,0.7875026,1.4082897,0.7778087,0.33868816,0.15175462
1.3145121,0.6088656,1.4964824,0.74812007,0.2890351,0.1558004
1.3757067,0.70789844,1.3890057,0.8040964,0.4256408,0.142834
1.3619558,0.6258279,1.3661351,0.8427758,0.5645428,0.12499659
1.9450936,0.9274164,1.5590615,0.7873292,0.1762163,0.12694114
1.4531244,0.5707211,1.2459154,0.7902515,0.36205512,0.13941965
1.1478792,0.85910815,1.277251,0.75077474,0.19802196,0.14828269
1.3613088,0.7815667,1.3571742,0.7425244,0.2762837,0.1577446
1.4227045,0.5710053,1.4841361,0.7895504,0.6914986,0.1652036
1.8776518,0.8693909,1.3097448,0.78798836,0.33232522,0.14079346
1.3753097,0.53778434,1.3573406,0.71447927,0.15268275,0.15802851
1.3523189,0.79254574,1.413372,0.8241924,0.62242746,0.12966816
1.6631067,0.9044662,1.4424801,0.70473826,0.088276505,0.16032287
1.8350922,0.71615195,1.171258,0.79632515,0.24588606,0.13107538
1.2036248,0.5740617,1.2970059,0.7537123,0.25873828,0.15635313
1.525158,0.61454666,1.3438282,0.6991037,0.16894983,0.17085202
1.4971278,0.7185637,1.9581423,0.9017849,0.14270255,0.072155714
1.4708303,0.611002,1.4594374,0.735862,0.22463566,0.15088384
1.2641982,0.98434794,1.2890685,0.7360673,0.22865114,0.1541519
1.3843588,0.45335945,1.3949325,0.6750132,0.066434376,0.17876114
1.5575927,0.63516074,1.3046224,0.72275084,0.16558132,0.16159584
1.2097774,0.6300336,1.5029323,0.7945474,0.40483475,0.14291526
1.1059542,0.70556563,1.1909297,0.74688894,0.14230022,0.14423005
1.6681265,0.71795857,1.3728573,0.7944078,0.6232066,0.14063138
1.5521619,0.55997616,1.3141029,0.7204024,0.23136748,0.16531749
2.0692866,0.99870414,1.4571724,0.8090667,0.34088406,0.12951574
1.6678797,0.99548155,1.3864932,0.76829934,0.26927108,0.14199914
1.5139517,0.81382173,1.1567678,0.77424586,0.23537393,0.13987243
1.4594059,0.5276383,1.2562628,0.76383734,0.278996,0.15158871
1.8809043,0.7919344,1.3471093,0.78980154,0.3401864,0.14545424
1.256377,0.73513305,1.546823,0.7918158,0.259781,0.12937878
1.2250038,0.6354468,1.2369657,0.7816361,0.21405041,0.13765083
1.4352376,0.7058324,1.4117496,0.84273404,0.60204595,0.12741369
1.128119,0.63144606,1.2868536,0.7920573,0.25625494,0.13351898
1.1887993,0.70879275,1.1812057,0.7931703,0.23379108,0.13548796
1.626085,0.67030776,1.3168333,0.7733666,0.34157547,0.15194538
1.7946558,0.7439567,1.340148,0.73156774,0.29027864,0.16374959
1.221092,0.5474692,1.6329634,0.7956028,0.41216385,0.14251894
1.1324264,0.63673174,1.8737948,0.88433903,0.44418865,0.10851248
1.3155192,0.6027526,1.6528816,0.86299187,0.7737611,0.13549101
1.3525523,0.6465273,1.6369736,0.7922414,0.23338698,0.12845977
0.99515414,0.811563,1.4538808,0.7428918,0.27385843,0.15594049
1.4671686,0.70576584,1.8059351,0.94098973,0.74592555,0.07270711
1.5096183,0.5680892,1.3731103,0.72156143,0.20594923,0.16069971
1.2232608,0.62365204,1.2397325,0.76426864,0.20216882,0.14315401
1.7601545,0.71926194,1.7725146,0.84425104,0.34181768,0.10791383
1.5916108,0.6537938,1.330328,0.7163402,0.18358181,0.1640031
1.450511,0.5128495,1.2438078,0.7451918,0.18536876,0.15087275
1.2406774,0.857324,1.0559814,0.8138236,0.16535552,0.12312069
1.1658363,0.63892037,1.5308299,0.7571554,0.21671319,0.14651795
1.3078655,0.83398193,1.4045703,0.82230294,0.6069595,0.13150421
0.953362,0.94340205,1.3488066,0.7275835,0.22977364,0.15513836
1.7034765,0.81541103,1.2703247,0.8078566,0.34136516,0.13085175
1.9734914,0.926466,1.1514482,0.80177736,0.22627144,0.12829353
1.374258,0.42151588,1.2689087,0.73158205,0.17869888,0.15673971
1.3961781,0.43120006,1.535985,0.78665745,0.39758006,0.14519341
1.0498345,0.8847935,1.4547019,0.705879,0.0712144,0.15342976
1.7368102,0.7424681,1.3390632,0.7479114,0.32883012,0.15668343
1.9210095,0.9023835,1.1949065,0.7744391,0.2248702,0.1382248
1.3843136,0.6220004,1.4843462,0.743827,0.26638314,0.15391453
1.7037005,0.69681084,1.2899373,0.80247575,0.3569208,0.13955282
1.3169506,0.7690934,1.360038,0.7384794,0.25522068,0.16745776
1.444964,0.46797043,1.2817607,0.7481965,0.23124948,0.1517725
1.3419045,0.92757225,1.1920319,0.81046784,0.24665353,0.12772757
1.4274788,0.51706505,1.2924244,0.81605905,0.3911365,0.14523967
1.2990751,0.579258,1.5095382,0.7867466,0.3733861,0.1570057
1.4688281,0.7849768,1.4911053,0.79962295,0.47581086,0.15657258
1.3742994,0.579819,1.4021249,0.8239038,0.5286591,0.14132483
1.7206624,0.69734865,1.2922449,0.80807275,0.39487553,0.13481066
1.8531276,0.73184115,1.3008049,0.7485454,0.27552417,0.15392296
1.6409293,0.60558736,1.3704755,0.7344602,0.2497773,0.16471559
1.627482,0.9972856,1.2962995,0.7645379,0.2388699,0.14597589
2.0399337,0.9259537,1.6536422,0.82615024,0.4165382,0.12612121
1.5673164,0.75900775,1.3101456,0.7828177,0.32235113,0.14260677
1.2939578,0.60660523,1.5039451,0.7890885,0.36476162,0.1439677
1.0561645,0.82979476,1.1945782,0.8282971,0.34801865,0.12674965
1.709454,0.9866205,1.1294558,0.8098658,0.19536586,0.12181365
1.410908,0.47282827,1.418505,0.7223058,0.24013913,0.17008646
1.8505127,0.9593799,1.2220163,0.7479987,0.21305756,0.14966485
1.406686,0.6612199,1.2081575,0.74988765,0.24634023,0.1500567
1.2476197,0.9066386,1.1862068,0.7914869,0.2423457,0.13086037
1.1926099,0.5756524,1.2514155,0.7505567,0.22743632,0.14707336
1.2160543,0.9617416,1.1172075,0.84100515,0.29779205,0.122488394
1.8617913,0.9677744,1.5384269,0.79388314,0.4290581,0.14499032
1.6502131,0.70965564,1.3025289,0.8019777,0.39927348,0.13729283
1.7304147,0.71671134,1.4323249,0.7619825,0.2897385,0.14259358
1.3028345,0.8876744,1.4771829,0.7690362,0.3546132,0.15308808
1.3216355,0.6215522,1.643203,0.85972637,0.5352642,0.114547215
1.3647805,0.43685994,1.1555338,0.77433604,0.21147914,0.1353748
1.8322798,0.8738948,1.4397223,0.7502637,0.22322589,0.14675525
1.5482074,0.7263537,1.4419038,0.78440493,0.4519131,0.15041707
1.6917231,0.96445715,1.4249415,0.68824095,0.10534358,0.16998428
1.3664435,0.4284011,1.2181804,0.73023176,0.15419117,0.15119953
1.4207097,0.74422896,1.0722021,0.8167003,0.17677066,0.12172224
1.9912189,0.8665054,1.1832173,0.7898673,0.18990862,0.13148008
1.9509248,0.9131985,1.2560804,0.74864936,0.18525133,0.14856213
1.0900224,0.8612272,1.2164142,0.74751925,0.17162006,0.1449305
1.1028088,0.70524514,1.3778703,0.7525097,0.48686275,0.15142536
1.6905435,0.8672401,1.3581507,0.7932672,0.33185628,0.1410726
1.5046118,0.83906317,1.2982988,0.77183795,0.47552532,0.15703891
1.4232252,0.7038791,0.9970793,0.86356413,0.21732453,0.10371745
1.3210998,0.8456651,1.1940439,0.7457128,0.1519374,0.14692739
1.1841135,0.99618286,1.2904813,0.773893,0.3176599,0.1516716
1.3757292,0.51749223,1.4431937,0.7678049,0.3439847,0.14528795
1.5132027,0.52027196,1.4938953,0.79920155,0.5531713,0.14273849
1.6728479,0.8412979,1.4232302,0.7683479,0.37925518,0.1590121
1.2780286,0.5666256,1.3507986,0.70552725,0.15661697,0.16541709
1.4178715,0.5087424,1.4184372,0.83467144,0.4040307,0.12777966
1.3555534,0.93765736,1.4762032,0.835969,0.6014468,0.13842967
1.2074509,0.9431577,1.8515556,0.8731865,0.5567999,0.103604026
1.6442064,0.6381612,1.2171948,0.76535785,0.22677848,0.14265433
1.4104184,0.5037763,1.4838285,0.699978,0.08420412,0.16127568
1.9748316,0.9745346,1.5555847,0.79434997,0.33372033,0.13476184
1.611386,0.6015482,1.4143164,0.7820406,0.46611702,0.15420854
1.3099742,0.5035165,1.4105656,0.75947255,0.36090747,0.16427307
1.134855,0.7659358,1.5583041,0.7692007,0.4004436,0.14480615
2.1026397,0.9622119,1.2884476,0.7581325,0.23319644,0.14921677
1.2857997,0.75166696,1.4356339,0.81613314,0.587784,0.13939354
1.871837,0.9537611,1.322444,0.7594159,0.2677144,0.14846827
1.4687419,0.539974,1.1923046,0.8020465,0.330119,0.13516618
1.3949091,0.7678972,1.4977219,0.7882559,0.52927214,0.15825732
1.1811755,0.81149757,1.1508825,0.7672746,0.1836312,0.13676041
1.4997641,0.7421164,1.6307836,0.79486376,0.35912317,0.13933536
1.2883993,0.48788503,1.3114762,0.7230554,0.2449152,0.16116774
1.9264816,0.9727353,1.37937,0.82578474,0.63123244,0.13870336
1.2962183,0.4479015,1.5584245,0.80844533,0.42761782,0.13790132
1.7116686,0.6673067,1.2564592,0.77014804,0.25809118,0.1418691
1.2219874,0.79347605,1.0654933,0.7976571,0.11353626,0.11737987
1.8091376,0.86378443,1.1761103,0.82320756,0.33381182,0.1258647
1.2203158,0.64414173,1.4886856,0.7801414,0.35860735,0.1494221
1.7943165,0.7120783,1.4594483,0.7474566,0.25411493,0.15077473
1.6600472,0.9090762,1.3191731,0.8061033,0.4773411,0.14511573
1.3895434,0.4732987,1.276345,0.8030412,0.38880387,0.13251726
1.8067226,0.72125643,1.3070791,0.7199337,0.25132462,0.16500571
1.3427223,0.78360254,1.4108167,0.677957,0.016167764,0.16277613
1.07373,0.91814315,1.2080119,0.78373986,0.27291563,0.1396379
1.3158973,0.50147396,1.3817968,0.7834687,0.48693687,0.14019567
1.2952216,0.6051945,1.0648286,0.8608536,0.32729807,0.11384415
1.7160519,0.9615451,1.2516,0.7824249,0.27940747,0.14566723
1.6859438,0.91256845,1.3099625,0.85613745,0.58103555,0.12776557
1.3588707,0.5129308,1.1955109,0.7385118,0.1412501,0.14713772
1.6703906,0.9689404,1.6954086,0.8062635,0.20866723,0.12099055
1.453437,0.8092561,1.6202667,0.7780082,0.15528867,0.12520088
1.2592413,0.4734501,1.287899,0.6855606,0.06546209,0.16347611
1.1833853,0.679093,1.232321,0.7621106,0.21048817,0.13939309
1.4879898,0.65435076,1.4441788,0.733911,0.34531516,0.15537687
1.0877031,0.6964517,1.3083792,0.80164605,0.3952501,0.14048369
1.2853601,0.65875846,1.2704425,0.70934427,0.14233766,0.16388519
1.6582327,0.8015629,1.2002547,0.7797618,0.24792446,0.13976203
1.2155851,0.739722,1.285311,0.7401024,0.16084453,0.14780791
1.5114908,0.55458766,1.7210004,0.8136141,0.13354628,0.11106019
1.5116992,0.7580508,1.2148559,0.77310836,0.19909817,0.13465562
1.3337135,0.44571045,1.8086259,0.8916836,0.32008016,0.07749192
1.7344832,0.6518356,1.3735895,0.7965018,0.3188196,0.15127878
1.2528067,0.83993435,1.2966843,0.71607554,0.1800328,0.16225795
1.3505273,0.4663832,1.6106272,0.84183997,0.49905014,0.11186745
1.8121523,0.72681904,1.3818467,0.7670755,0.325012,0.15083905
1.2903389,0.7117857,1.4521661,0.75807124,0.2968249,0.16540502
1.4042917,0.62844694,1.993362,0.91285807,0.27970755,0.078968115
1.8718772,0.99389255,1.403775,0.859728,0.54283434,0.11713414
1.5425601,0.8731688,1.1221538,0.79118335,0.14604767,0.12459318
1.6115378,0.6358689,1.4186339,0.71067184,0.1566644,0.15996608
1.3932236,0.9594525,1.5367761,0.80427134,0.40635383,0.14311942
1.9279583,0.85010076,1.4058921,0.7089691,0.15178356,0.16087201
1.3373319,0.6336816,1.0550673,0.8281943,0.19934759,0.11697665
1.259885,0.82640094,1.234668,0.7800189,0.31145594,0.1397195
1.6348945,0.63409734,1.3148828,0.79189175,0.3434989,0.1400395
1.2951939,0.8432105,1.2719741,0.7516868,0.23940432,0.15204732
1.730705,0.90331525,1.1189085,0.7968801,0.18319592,0.1295106
1.5628644,0.8974778,1.4349041,0.7471868,0.27703848,0.15027496
1.0163624,0.7304455,1.4805357,0.787845,0.48354745,0.14396907
1.1387216,0.77438766,1.4484885,0.78954136,0.45575273,0.14430918
1.5135773,0.78015006,1.5663881,0.81906414,0.8862451,0.15802014
1.4925902,0.5587342,1.4232156,0.7233274,0.20395392,0.15785353
1.8654635,0.7525387,1.5403111,0.84510285,0.73236537,0.13515268
1.5098178,0.9340573,1.2780595,0.7721327,0.36192566,0.14830923
1.1027274,0.95108855,1.311188,0.73746526,0.21054748,0.15283835
1.2421278,0.9377549,1.6636076,0.8263543,0.4999632,0.13481301
1.0852716,0.73881644,1.6195581,0.82973814,0.5493345,0.15256421
1.2030878,0.5940092,1.557761,0.8100906,0.5157549,0.15434481
1.3453928,0.55412185,1.2181106,0.7504026,0.2177284,0.15016846
1.6072054,0.8232862,1.0055404,0.8301602,0.12656306,0.108454704
1.6215922,0.5953925,1.6596079,0.8093651,0.2887692,0.12608232
1.1482657,0.9980775,1.6319656,0.78175753,0.24489538,0.1333679
1.289948,0.6037556,1.3650153,0.7157445,0.13072406,0.15799336
1.8141305,0.8163261,1.6349456,0.8405823,0.43874413,0.11255316
1.1530938,0.97212386,1.536696,0.84099513,0.54833984,0.12656398
1.3256903,0.4632354,1.4542813,0.74568295,0.27631578,0.15218967
1.3370113,0.8571265,1.3370063,0.81704336,0.51103705,0.14427513
1.9425114,0.8589501,1.3147352,0.81340903,0.4106222,0.13141334
1.6048498,0.7892389,1.2420745,0.75288165,0.16473214,0.14533763
1.7391924,0.79514354,1.868231,0.89719933,0.6179608,0.08728282
1.223954,0.5906805,1.1880927,0.77524894,0.19259214,0.13629739
1.4292103,0.926493,1.2400806,0.71071255,0.07357099,0.1491305
1.2673115,0.82096595,1.1437941,0.78248346,0.14684904,0.12953745
1.4925835,0.5039641,1.2005215,0.8049705,0.26523584,0.13399051
1.4352632,0.77436644,1.6658862,0.806351,0.42356253,0.12977993
1.4743059,0.64119685,1.3759332,0.7189126,0.17594357,0.15884596
1.2169092,0.541295,1.5480642,0.7954787,0.5099269,0.148679
1.6201255,0.8571725,1.1655545,0.79858655,0.27373284,0.13202512
1.9145018,0.9133231,1.1541185,0.7729587,0.1708967,0.13484469
1.2749298,0.9021623,1.2821963,0.75303036,0.23370647,0.15074153
1.4270431,0.8533351,1.3888443,0.76806724,0.25108647,0.1418659
1.9534098,0.85289913,1.4085104,0.77402943,0.44365716,0.16004552
1.3378675,0.7461793,1.2232783,0.7507323,0.17354064,0.14307465
1.3033322,0.8273598,1.2954133,0.7328016,0.15878928,0.15803592
1.6265372,0.59772116,1.1648738,0.8088137,0.256809,0.1291932
1.6438262,0.7152804,1.3607805,0.7179349,0.15413299,0.16091262
1.350976,0.9741795,1.1278257,0.81194633,0.28500473,0.1351682
1.3609822,0.59671205,1.1998212,0.7521764,0.24025734,0.1470665
2.0178406,0.9393311,1.3901222,0.7374327,0.22056668,0.15601584
1.2807043,0.45927736,1.1762768,0.76178366,0.0977758,0.13542774
2.0397606,0.98842907,1.2993824,0.77727216,0.3170455,0.14498913
1.3340616,0.64708143,1.5072722,0.7730464,0.22753504,0.1503772
0.98777086,0.7882132,1.4051712,0.75448877,0.29407707,0.15965302
2.0702932,0.9637134,1.4226346,0.7050748,0.19529594,0.17190227
1.7358079,0.6442276,1.3222787,0.761268,0.28929213,0.14582513
1.7229797,0.7001902,1.182512,0.7678263,0.19802547,0.1426712
1.3007637,0.65539485,1.4865386,0.8162458,0.6279715,0.14837177
1.1903993,0.6993317,1.3021483,0.789148,0.24807535,0.13934834
1.2719158,0.68181056,1.1479445,0.8086197,0.34332734,0.13096769
1.3909632,0.9921335,1.0132313,0.812187,0.08610181,0.11229619
1.9168264,0.937816,1.7098019,0.84877986,0.74295247,0.11921583
1.6126057,0.55834323,1.3836281,0.781517,0.48015365,0.1580047
1.8787137,0.89373475,1.5802233,0.76037264,0.28255013,0.14164127
1.3749025,0.6932615,1.5673816,0.8469306,0.50213224,0.11306994
1.5295231,0.7298886,1.2016709,0.77206933,0.2511681,0.14956751
1.5715921,0.8849637,1.3377261,0.73979074,0.29124305,0.15721427
1.6178056,0.92588264,1.1494489,0.7966479,0.17395736,0.12688948
1.5471377,0.7350295,1.1969526,0.83895963,0.4735807,0.1356023
1.7103485,0.6733939,1.0012634,0.8592829,0.22021735,0.113459826
1.4735013,0.81054354,1.1786131,0.75318944,0.1003937,0.13718486
1.5247971,0.83990467,1.349158,0.6946404,0.11749935,0.16571762
1.6460587,0.6812995,1.5399895,0.9010799,0.60595125,0.09689282
1.8180121,0.7136229,1.309783,0.80603975,0.38441917,0.13894928
1.541164,0.7934611,1.5491517,0.8023209,0.4839853,0.14053605
1.4440713,0.72821486,1.3925724,0.7924288,0.3871718,0.13758565
1.3728199,0.41771248,1.6521397,0.86252266,0.36925086,0.10044711
1.8700713,0.78633064,1.3923883,0.7743744,0.3557613,0.1497945
1.2480656,0.8614012,1.2273283,0.80133194,0.41850057,0.13725331
0.93868315,0.9253164,1.2935324,0.74174464,0.25685754,0.15739807
1.5754062,0.8165902,1.3322582,0.71489525,0.14537746,0.15916054
1.4426517,0.80314547,1.3045559,0.79979205,0.38400987,0.14007035
1.8356184,0.81892323,1.2566614,0.7672546,0.29832283,0.14343525
1.5826929,0.8865259,1.8641775,0.8695894,0.1353416,0.083057955
1.2108799,0.5586368,1.263448,0.791391,0.3082013,0.13889915
1.1317441,0.88825494,1.1933265,0.80110955,0.29790467,0.13473718
2.0568013,0.93169755,1.6379838,0.7746301,0.12426164,0.12455405
1.1167908,0.65594465,1.2565043,0.7873939,0.33162016,0.14461756
1.0962906,0.9448559,1.4729991,0.69599104,0.056556996,0.15887487
2.0896285,0.99766773,1.5832748,0.78422034,0.26546684,0.13158105
1.4501289,0.8860971,1.5949795,0.8107652,0.4361491,0.13091683
1.4281276,0.74313885,1.4284415,0.76156676,0.34782344,0.15220551
1.8094842,0.7839001,1.4366772,0.7635621,0.2607783,0.15145494
1.511007,0.5912095,1.0619118,0.8381158,0.13744791,0.10613535
1.4610183,0.49916795,1.4660649,0.79568654,0.45424467,0.14573146
1.5071772,0.987721,1.1143484,0.8059035,0.22094332,0.12702127
1.5172408,0.5085659,1.1341362,0.7880131,0.23067851,0.13346677
1.7961038,0.88015234,1.4441266,0.75568074,0.2636815,0.14983448
1.6667267,0.82889664,1.1619778,0.8102072,0.266417,0.12671542
1.6885567,0.7862332,1.4270122,0.75316197,0.25928652,0.14809687
1.480285,0.7176867,1.5283544,0.78154325,0.31342536,0.14726205
1.2586358,0.93618363,1.5512793,0.8675398,0.5857397,0.10861678
1.3239008,0.9827022,1.5313754,0.7575627,0.12431548,0.13535686
1.249736,0.5298412,1.1693847,0.76572335,0.14835505,0.1363766
1.468321,0.6519649,1.1172385,0.80666023,0.18174519,0.12208744
1.3618662,0.746639,1.6528895,0.8615773,0.6758571,0.117391124
1.0844676,0.7065095,1.2646585,0.733268,0.18912606,0.1531949
1.037445,0.80606705,1.6028526,0.8411614,0.5944225,0.12875906
1.7713455,0.6910889,1.1428661,0.76777977,0.09157207,0.12656964
2.1394396,0.9928081,1.4966295,0.7949496,0.4808096,0.14467202
1.1910509,0.6985384,1.3126912,0.71894836,0.16393466,0.15535562
1.4538232,0.6933132,1.3874717,0.7297759,0.29160932,0.16638441
1.5141201,0.88991064,1.4113677,0.85506237,0.5964892,0.1211356
1.3804847,0.7080479,1.1527354,0.7634941,0.11170916,0.13200593
1.2568746,0.60231876,1.3592205,0.7632692,0.32941633,0.15868679
1.3789068,0.8594835,1.9086215,0.8904303,0.36381575,0.08665023
1.9840574,0.8336334,1.3098705,0.77828914,0.3215241,0.14441572
1.9006754,0.77862865,1.4549713,0.81181586,0.39358872,0.13854091
1.5905883,0.5735444,1.3221469,0.7854192,0.32814255,0.14422642
1.6457118,0.60191894,1.5985615,0.8588238,0.6826521,0.11192681
1.7899228,0.9495473,1.2568524,0.8045011,0.37559262,0.13406943
1.5411186,0.90046245,1.3432572,0.7868037,0.39650846,0.14227416
1.0277517,0.81793684,1.3708687,0.6674949,0.08899136,0.17678516
1.3276628,0.87491655,1.3178053,0.75667953,0.32397446,0.15180077
1.5436227,0.6388037,1.1407214,0.7632935,0.08314888,0.1309151
1.7685255,0.6785516,1.0484643,0.80868334,0.12906127,0.11796351
1.8787462,0.8660628,1.4189012,0.74250674,0.23909663,0.15034191
1.0586872,0.8737433,1.3633704,0.7844112,0.45209247,0.14923303
1.3483742,0.9677989,1.1936233,0.773251,0.20123766,0.13846008
2.1273017,0.96879596,1.436861,0.750345,0.28861436,0.1566542
1.2689841,0.5059505,1.1208266,0.81563896,0.33950943,0.12894598
1.5508006,0.5233616,1.073039,0.78475845,0.049223445,0.11523399
1.571413,0.5751285,1.2544377,0.7747445,0.24514824,0.14309347
1.8400767,0.96448666,1.1340768,0.7905371,0.20894158,0.13790914
1.5000743,0.88770777,1.5026541,0.8079564,0.46943456,0.131531
1.2242887,0.6034976,1.2786899,0.7619581,0.319152,0.15600206
1.4900467,0.8776459,1.4484935,0.79045385,0.5177636,0.14790937
1.4511285,0.51835126,1.312835,0.73755,0.27983752,0.16557683
1.9362344,0.92744285,1.3384695,0.79460543,0.42767766,0.14025287
1.4691161,0.6106318,1.3577132,0.8006489,0.36433965,0.14014877
1.4239242,0.5874837,1.2885611,0.7557844,0.265339,0.15198924
1.8746442,0.99057513,1.2238741,0.7558915,0.30397394,0.15090074
1.456181,0.93246466,1.4758389,0.7338973,0.15318172,0.15153967
1.499919,0.5593435,1.4259813,0.72400343,0.17421037,0.15506113
1.3820068,0.74847525,1.3472152,0.6918068,0.12584643,0.17098302
2.024254,0.93841463,1.1382651,0.80458194,0.20692621,0.12442243
1.8575797,0.9741135,1.3879077,0.76008326,0.3413669,0.14787914
1.889784,0.8358084,1.2715778,0.81516594,0.5429691,0.13360319
1.7725366,0.9704477,1.3551974,0.73568356,0.23434034,0.15430965
1.578897,0.5430826,1.2403924,0.7325697,0.20321766,0.15763965
1.2373152,0.48637947,1.2895205,0.7399509,0.20030649,0.15055054
1.3712944,0.6568233,1.3786964,0.75225836,0.30885005,0.15681356
1.5153663,0.67238474,1.2830939,0.7943699,0.313085,0.13254593
1.4047177,0.8496336,1.2794082,0.7530163,0.23089774,0.15031436
1.957512,0.9758385,1.1725204,0.77086174,0.19794884,0.14038274
1.8878968,0.79601145,1.3237793,0.77701753,0.26493454,0.13945615
1.742354,0.9307703,1.3949256,0.72741795,0.19722567,0.16344799
1.8502382,0.84298015,1.0884316,0.83611214,0.22424789,0.11713592
1.3376654,0.78374726,1.0755073,0.84739137,0.27759704,0.11180867
1.4763575,0.8611007,1.2504079,0.74377084,0.23030576,0.15435399
1.4576086,0.6090905,1.385216,0.77532995,0.37782496,0.142792
1.3046435,0.73323804,1.2108865,0.78409785,0.23444664,0.1406474
1.2572367,0.91168594,1.3021324,0.7484994,0.2312671,0.15472613
0.9321279,0.9476536,1.4020815,0.73674965,0.2711016,0.16675074
1.5072001,0.67221504,1.5240405,0.81088537,0.44364658,0.13735916
1.7058054,0.6338528,1.254147,0.7493391,0.21047272,0.1470911
1.9445901,0.94862306,1.8473661,0.8791181,0.47241783,0.09328042
1.9233476,0.8905086,1.3511753,0.7394462,0.19416803,0.15160218
1.2508314,0.9736567,1.439426,0.79847515,0.46634102,0.13994241
1.5121975,0.6193077,1.3358335,0.74703586,0.29176763,0.15504485
1.1017051,0.7823281,1.3782499,0.77710813,0.36437204,0.15587503
1.6474494,0.9248839,1.397526,0.765036,0.26104656,0.14758676
1.5769018,0.81851834,1.1059382,0.8683477,0.5427219,0.11550515
1.8116187,0.86189103,1.3311384,0.788697,0.36362973,0.14118372
1.5595522,0.85374063,1.1714723,0.77502173,0.1354058,0.12944138
1.4926207,0.87733644,1.1642762,0.8038588,0.28002813,0.12997527
0.9755454,0.85610783,1.2847996,0.72061455,0.14746498,0.16262531
1.4638819,0.75821406,1.4933188,0.7890446,0.32731792,0.14779098
1.0167122,0.9423486,1.3857932,0.7787342,0.34746164,0.15106393
1.2697229,0.4671204,1.2643406,0.8093758,0.40952146,0.13237716
1.6349455,0.87009287,1.2205529,0.7708216,0.3153295,0.14731449
1.0614662,0.6733623,1.0501277,0.8063641,0.16027576,0.12287604
1.8738766,0.84969956,1.4903998,0.8058617,0.4355227,0.12522747
1.2993506,0.719829,1.1489923,0.8427893,0.30810124,0.11891136
1.5244058,0.8426648,1.3825467,0.77164054,0.39826483,0.15276636
2.058065,0.8964915,1.45045,0.77538306,0.34885225,0.1444096
1.3808112,0.8407513,1.56531,0.8131471,0.56129414,0.14626735
1.500733,0.5477455,1.8774047,0.8694422,0.17225899,0.083208255
1.0232118,0.9296526,1.3737891,0.71307886,0.21188177,0.16367787
1.9000081,0.7943277,1.2511199,0.7865435,0.26489234,0.1405237
1.37778,0.5475327,1.0951915,0.7875612,0.12185064,0.12312984
1.5131848,0.85949266,1.4065764,0.79598874,0.40186197,0.14825812
1.0718915,0.8910851,1.3691585,0.79585594,0.36409438,0.13510501
1.9077148,0.79109836,1.4766138,0.8034765,0.49373016,0.14309084
1.7612699,0.6629479,1.211904,0.78475076,0.2870374,0.13741669
1.2250683,0.70155436,1.5392594,0.78843355,0.43036744,0.1480997
1.9860178,0.8853719,1.4805717,0.7611265,0.28256583,0.15572509
1.1045374,0.86035025,1.3512697,0.7801604,0.3437577,0.1508787
1.4706668,0.63624305,1.3345625,0.7887135,0.46734038,0.1488656
1.3414636,0.46496096,1.5946445,0.79236454,0.38898966,0.13556449
1.6743839,0.62113893,1.4632137,0.7405356,0.22074749,0.15714784
0.87457365,0.9949159,1.3817852,0.71244335,0.1685436,0.17084955
1.1824963,0.8481972,1.4214022,0.75893784,0.2866013,0.1508872
1.877605,0.82227176,1.623512,0.81059927,0.3040192,0.12351796
1.5424742,0.76473325,1.2526815,0.7661735,0.31526074,0.14551957
1.5714854,0.5400729,1.361248,0.7635671,0.39914805,0.1610569
1.3161831,0.63504726,1.7645841,0.88108957,0.6539814,0.11025102
1.2575921,0.9665797,1.2851732,0.79443103,0.39365867,0.14097393
1.4703836,0.86354,1.1854079,0.7230921,0.06328314,0.14348038
1.4056618,0.54831123,1.1607742,0.7770858,0.23122928,0.13502489
1.8901982,0.8645187,1.3992281,0.7134944,0.17320551,0.17568277
1.7731931,0.97124827,1.3656623,0.7634828,0.29000515,0.1532615
1.53363,0.8120191,1.1491923,0.85384756,0.35741374,0.11192164
1.268748,0.50819826,1.1047661,0.80332,0.19943666,0.12031515
1.5363331,0.88514966,1.3269897,0.7525568,0.3537926,0.16862296
1.360575,0.67708874,1.3950179,0.7607222,0.37527996,0.16012663
1.0479825,0.86480296,1.2112851,0.75164205,0.14297047,0.14442524
1.1027651,0.7598794,1.2928476,0.7783169,0.44552,0.15556997
1.6118649,0.705459,1.1563394,0.78291553,0.27556553,0.13896659
1.5796417,0.6179379,1.3814366,0.74163085,0.2835696,0.16087125
1.1117674,0.8530801,1.421721,0.7167791,0.2209767,0.1626385
1.7346144,0.73766387,1.8434639,0.8528915,0.15709834,0.0930311
1.4207679,0.8891357,1.0575147,0.7976932,0.10589866,0.11719593
1.3100196,0.5516131,1.276474,0.77406514,0.29305914,0.1476607
1.4901334,0.65681607,1.1897929,0.73331016,0.12000787,0.14526314
1.7464693,0.92116266,1.1841452,0.79956216,0.32377893,0.13483445
1.5406858,0.81344527,1.3407156,0.711358,0.15342984,0.15851784
0.9884244,0.84682506,1.3626697,0.6991099,0.15696982,0.16808204
1.1120877,0.7289835,1.1242332,0.814652,0.21960397,0.12089936
1.1571922,0.74035084,1.496028,0.77551866,0.38502115,0.15479629
1.2781345,0.48890853,1.4273715,0.7554712,0.29043257,0.15140048
1.9138982,0.8238136,1.293066,0.7918089,0.2944717,0.13713042
0.9393981,0.9618155,1.376507,0.8239621,0.46097565,0.13935986
1.243913,0.7849371,1.2613785,0.74280727,0.17948306,0.14882597
1.7100667,0.7323823,1.2913771,0.7614426,0.23437473,0.146211
1.3390219,0.6687731,1.2604096,0.76762426,0.2518722,0.14055097
2.0032094,0.88178325,1.1538074,0.80102193,0.3004111,0.1391534
1.9211578,0.82668334,1.1423928,0.7828487,0.21587731,0.13157746
1.546256,0.53127795,1.2662864,0.75439924,0.22802621,0.14902398
1.1139877,0.97735953,1.2003775,0.793556,0.2731392,0.13249378
1.3429418,0.4519485,1.375581,0.8209147,0.48970753,0.13253172
1.5112073,0.5335151,1.8467178,0.87105566,0.34464186,0.100453235
1.551345,0.54630446,1.4401548,0.76519483,0.336897,0.13635574
1.7058347,0.66533554,1.4829156,0.8200344,0.53601736,0.13550867
1.149161,0.5650515,1.2260883,0.7780724,0.21786606,0.13690734
1.2907516,0.67936385,1.3273151,0.78468645,0.5400733,0.14809309
1.7257843,0.8646938,1.2953162,0.7742861,0.24464898,0.14079985
1.3717992,0.6374017,1.2088044,0.8179044,0.31673315,0.13436213
1.9195632,0.86390907,1.512743,0.8152483,0.49491844,0.13004448
1.8289807,0.89374197,1.1736552,0.739336,0.08306678,0.13889149
2.0083673,0.9442409,1.3988979,0.7982739,0.5259861,0.15125537
1.6193423,0.7439084,1.7478118,0.84843117,0.48888972,0.11391102
1.7601162,0.872539,1.1901228,0.7578906,0.1754931,0.14707814
1.7624109,0.91505724,1.3882711,0.7341155,0.19676465,0.15232569
1.2969105,0.48241082,1.423094,0.78692746,0.37577066,0.13950993
1.1686333,0.8457374,1.3045092,0.71268976,0.208177,0.16748866
1.4488584,0.8459923,1.2077453,0.809321,0.27094024,0.13140601
1.4871539,0.7851711,1.2665236,0.77888787,0.22771086,0.14015758
1.9783572,0.9346019,1.5484338,0.72723806,0.07276983,0.14379242
1.4689405,0.8658679,1.2574837,0.7664832,0.2166212,0.1440992
1.7770563,0.9651104,1.2192047,0.75137717,0.14442673,0.14540713
1.507467,0.5003069,1.2343092,0.7035176,0.037313275,0.15076163
1.2516096,0.683469,1.386004,0.7714718,0.31988737,0.14934714
1.5837191,0.63595575,1.398452,0.7640045,0.33519536,0.15204218
1.2776501,0.4793206,1.8260999,0.8572815,0.2686691,0.10401439
1.804382,0.92737854,1.4610028,0.7747953,0.5007562,0.15374249
1.3567041,0.49010298,1.098734,0.8155402,0.22613044,0.119180165
1.9835865,0.9855451,1.3308756,0.78758883,0.2761243,0.13493483
1.771676,0.83786243,1.3336213,0.7591311,0.26025435,0.15338299
1.4840593,0.616572,1.6340835,0.803333,0.44464952,0.14677064
1.3374252,0.5361195,1.2988937,0.74943477,0.25581345,0.15537961
1.9491684,0.9591131,1.5421731,0.73570085,0.09364623,0.14516315
1.0293378,0.9590842,1.1859922,0.80534023,0.4174627,0.1370378
1.3417441,0.61709607,1.4802611,0.86013395,0.5792681,0.12036368
1.3669673,0.58293813,1.5152102,0.78562754,0.36600974,0.14982559
1.7188953,0.8989831,1.3606071,0.73618245,0.32394785,0.16664174
1.5328865,0.69120336,1.4137897,0.7245326,0.20450382,0.16352434
1.8469604,0.86361307,1.3297338,0.7663864,0.36689383,0.16371088
1.404846,0.51504606,1.2603884,0.76641357,0.35916618,0.15821664
1.3350595,0.833565,1.4219899,0.7887025,0.35491592,0.1438367
2.0449185,0.92900175,1.3204129,0.8126771,0.3298118,0.12913933
1.6934518,0.69077414,1.2793877,0.7594362,0.26234385,0.14473456
1.7075107,0.90669024,1.2644501,0.73720413,0.15894108,0.14828473
1.3889594,0.61351955,1.4254057,0.75297797,0.41760135,0.17026286
1.9894522,0.96569544,1.5791674,0.751817,0.13943022,0.13795342
1.5863734,0.8069599,1.159266,0.7639439,0.12503208,0.13482192
1.1612631,0.6376405,1.3390584,0.7299819,0.18631835,0.15747295
1.2477089,0.71905655,1.3666894,0.77877086,0.31875205,0.14113382
1.9703991,0.8690305,1.2251053,0.79125965,0.36592686,0.13639596
1.928502,0.800294,1.3905268,0.7133403,0.16277006,0.15970065
1.326738,0.6044863,1.7146497,0.8360993,0.56430614,0.12672286
1.451948,0.9152423,1.3043733,0.7654877,0.28108907,0.15237375
1.8093472,0.97618246,1.204529,0.78303695,0.3353397,0.14377968
1.314438,0.6593712,1.2232757,0.79953164,0.33899227,0.1338626
1.5316441,0.8554078,1.6698055,0.843196,0.51654845,0.13403718
1.5236127,0.9470304,1.224581,0.83793515,0.41463268,0.12194702
1.4280272,0.60002136,1.1590458,0.798521,0.23898116,0.13058946
1.7389799,0.7419031,1.145257,0.77931046,0.18548241,0.13727033
1.6111009,0.88854194,1.4025238,0.7635662,0.36268437,0.16191366
1.1718177,0.59812784,1.3305082,0.6985651,0.10900008,0.16402292
1.6006033,0.9539032,1.4280608,0.775597,0.41888684,0.14961347
1.1799539,0.9477649,1.1615071,0.7840254,0.21862885,0.13467021
1.722947,0.6522057,1.1776047,0.7709725,0.21534252,0.1442477
1.6784642,0.79574084,1.1657624,0.77809876,0.19286944,0.13335744
1.4360559,0.87104213,1.3436532,0.7913785,0.47583088,0.1468449
1.0257024,0.7294215,1.4192944,0.84187883,0.65495026,0.12852038
1.323907,0.48505703,1.107414,0.8052701,0.16323516,0.12465728
1.619445,0.76133204,1.1244364,0.7837542,0.17036913,0.12870131
1.8912809,0.78104454,1.1714003,0.7942443,0.2543574,0.13427381
1.305764,0.5462765,1.494755,0.81031793,0.35186678,0.13333894
1.3571377,0.9836656,1.6243701,0.8110747,0.4140355,0.13576557
1.4462839,0.66258985,1.259228,0.7287363,0.20705338,0.15456001
1.5775499,0.5587911,1.2286489,0.825693,0.648185,0.13957827
1.2333858,0.99979186,1.5111115,0.7976201,0.47347757,0.13780445
1.3439741,0.47366598,1.1668351,0.7647439,0.10621165,0.13085675
2.0604396,0.90787184,1.3272564,0.7521275,0.3788712,0.15621583
1.4816273,0.54307115,1.3936195,0.67524004,0.079038754,0.17245723
1.2626518,0.6016062,1.2263842,0.7789068,0.22338204,0.1394279
1.4885936,0.76027155,1.1746204,0.7680918,0.19864449,0.13589816
1.530697,0.8619494,1.4520674,0.80688065,0.5842315,0.15526734
1.3915285,0.52834874,1.562695,0.78148365,0.43596894,0.14336151
1.4386742,0.45523605,1.2966616,0.7939001,0.46037105,0.1420586
1.1920526,0.54411405,1.2786591,0.7870465,0.3730848,0.14484206
1.3637525,0.45327586,1.5961549,0.8016305,0.35398832,0.1329675
1.4496328,0.5281679,1.1611538,0.77970576,0.18801878,0.13259177
2.0556736,0.94640297,1.53525,0.7871909,0.35955587,0.14913546
1.297127,0.70081466,1.5500107,0.8159235,0.45098218,0.14367431
1.8781387,0.9786205,1.6983693,0.8453311,0.5452766,0.112953715
1.6093781,0.6519545,1.1155863,0.7950966,0.22775996,0.13084948
1.3048968,0.6291556,1.4620314,0.7737336,0.39102384,0.14874943
1.5423744,0.7608669,1.3366561,0.70081043,0.118222564,0.1643046
1.672784,0.9559479,1.1808243,0.7789003,0.23997103,0.13637507
1.852786,0.76316994,1.6257901,0.81742597,0.2985768,0.12104263
1.3502799,0.6213744,1.3104906,0.7729732,0.31883803,0.14877054
1.4589188,0.59902364,1.3019261,0.82603616,0.35419682,0.13108654
1.8886057,0.94943815,1.2775462,0.6802268,0.07632515,0.16476996
0.9635609,0.9844868,1.3299193,0.738961,0.21221264,0.15352345
1.5133435,0.6213119,1.6646271,0.78003764,0.0654825,0.1250588
1.98204,0.92380035,1.1686581,0.7783845,0.21328616,0.13502255
1.2749255,0.7859291,1.3488507,0.7430115,0.2857435,0.15906115
2.0228245,0.906162,1.1369035,0.82029384,0.19945697,0.11937254
1.8088074,0.76514095,1.3363156,0.77842546,0.41717607,0.15267867
1.2084856,0.6295334,1.232655,0.81031024,0.3718227,0.1265032
1.5198296,0.8717751,1.4399695,0.7734913,0.3546426,0.14469987
1.358105,0.4773197,1.4948506,0.8490881,0.5950993,0.12365721
1.0975094,0.6604987,1.5864682,0.81667525,0.5170549,0.14137085
0.9986355,0.77212024,1.2523887,0.7770628,0.3770598,0.1434561
1.8707287,0.8005745,1.4435251,0.73607266,0.22837746,0.15317784
2.0849848,0.94923383,1.5368335,0.7240652,0.035419587,0.14251518
1.357585,0.8975016,1.8033736,0.8471741,0.30090022,0.11043023
1.4844396,0.5944991,1.2721629,0.85432845,0.52073056,0.12215987
1.650601,0.8366313,1.2983062,0.77293575,0.41114786,0.14390227
1.3664669,0.4997295,1.1760943,0.7778144,0.23219942,0.13835464
1.215227,0.63812554,1.4270802,0.76520216,0.26270652,0.14606489
1.2548368,0.96127474,1.2691016,0.7784729,0.33777127,0.14420627
0.9958201,0.977768,1.2469776,0.7049247,0.06327655,0.15868846
1.6389127,0.6952753,1.4303768,0.7544318,0.32617807,0.16197787
1.3522261,0.8482897,1.081108,0.8167565,0.17714769,0.12150623
1.9294052,0.8109098,1.4266396,0.7497549,0.24953096,0.15190257
1.4691697,0.4780868,1.1295338,0.7878176,0.20979156,0.13028455
1.7282741,0.7892601,1.1937792,0.7833624,0.24665943,0.14001496
1.9152168,0.9668397,1.2323363,0.78478694,0.25360835,0.13805626
1.4578519,0.48615962,1.332576,0.75616384,0.312241,0.16165115
1.4553297,0.9507922,1.0617936,0.8131519,0.19991693,0.12344442
1.7807103,0.9729108,1.3393261,0.792987,0.3813816,0.14469986
1.2239603,0.5194175,1.3504105,0.70438266,0.13621981,0.16983603
1.8065307,0.9257345,1.4316533,0.7789222,0.4638529,0.14636351
1.4087527,0.6009579,1.2938449,0.7102058,0.10723459,0.15563835
1.0862781,0.67334104,1.2588208,0.7144135,0.14557926,0.15888035
1.6676466,0.70177245,1.487112,0.81612164,0.54076666,0.13201277
1.514577,0.97328776,1.1815772,0.79999,0.24836949,0.12891604
1.2146285,0.5116093,1.5236168,0.7804408,0.42743576,0.14441697
1.1771923,0.70655453,1.1453831,0.77748936,0.1946164,0.13315426
1.8900373,0.96353674,1.117212,0.82802284,0.22996177,0.11813887
1.242774,0.77117115,1.6177986,0.75755167,0.1287632,0.13752815
1.5075684,0.9989975,1.3452647,0.73831755,0.19632275,0.15400249
1.4548589,0.9471605,1.3672838,0.77204114,0.3111777,0.1464878
1.6876999,0.944183,1.2011058,0.77428913,0.2009432,0.13790636
1.4818499,0.76832235,1.3992429,0.7785603,0.3470935,0.14310698
1.728374,0.7505931,1.6704726,0.88131803,0.23635368,0.07783891
1.9410261,0.92567396,1.3038409,0.75341845,0.34042156,0.160714
1.7180717,0.68443686,1.2303996,0.77792287,0.2910025,0.14070624
1.6404283,0.733687,1.4508448,0.79698503,0.44069415,0.14294082
1.1181579,0.6559917,1.4584868,0.8057041,0.634718,0.14755663
1.2332394,0.6418005,1.3056636,0.71765846,0.21290761,0.1684068
1.3080298,0.68926966,1.3989148,0.80406934,0.33660766,0.13571025
1.5019851,0.8101189,1.4079304,0.7313648,0.2835865,0.15775557
1.4411767,0.7021115,1.4863975,0.75302404,0.2293464,0.14553945
1.1038455,0.94341654,1.264796,0.7206397,0.16615792,0.15785047
0.97043264,0.8390998,1.1597397,0.75095725,0.12880011,0.13902853
1.2723681,0.68786347,1.3507981,0.74666256,0.28770256,0.16337082
1.9547096,0.98358816,1.2006271,0.7626828,0.24646395,0.14201507
1.3893167,0.4870923,1.3561854,0.7431022,0.2380941,0.15688936
1.2381314,0.99207294,1.1909983,0.78668886,0.20890722,0.1280197
0.993051,0.7699228,1.3231304,0.80467683,0.49423614,0.13594969
1.982109,0.9942228,1.6381214,0.7864359,0.26449296,0.12458455
1.2315342,0.6753837,1.4651072,0.7755107,0.41303274,0.15514787
1.6062273,0.5676188,1.2061105,0.7903914,0.2845595,0.13946585
1.210364,0.6719914,1.3708477,0.765468,0.30933565,0.149406
1.9519862,0.94780165,1.5774398,0.7806821,0.22489621,0.13169874
1.6828222,0.69441277,1.1746042,0.7708577,0.29224247,0.14262429
1.4043132,0.6060281,1.5018926,0.7542108,0.37331164,0.15254843
1.4845685,0.590252,1.2731638,0.77608645,0.3197239,0.14549121
1.8161781,0.71312547,1.2020783,0.77328116,0.19995551,0.13568275
1.3423222,0.6224363,1.3450818,0.7366872,0.23931412,0.15785092
1.0438474,0.8086204,1.5745654,0.7825352,0.42308354,0.14663137
1.1461055,0.91728157,1.8155615,0.84432983,0.27176732,0.11033748
1.9932747,0.8724665,1.2300527,0.72654486,0.1087896,0.1493919
1.4197278,0.5838403,1.1406153,0.8795014,0.5154505,0.111065105
1.0263745,0.79379964,1.383013,0.7367638,0.1417756,0.15867296
1.4200826,0.5250371,1.6535037,0.81083554,0.36771062,0.12545678
1.3633986,0.77999675,1.3238153,0.79078406,0.3180505,0.14070767
1.1481408,0.8396723,1.0805417,0.8105058,0.25055498,0.12532067
1.4935056,0.5137072,1.0997734,0.8247131,0.24982396,0.12376346
1.0533545,0.9567821,1.5688341,0.7639111,0.24907154,0.14256118
1.7156204,0.91650295,1.3453586,0.73643404,0.19767584,0.15602337
1.2218717,0.50349694,1.3693411,0.80041426,0.5538171,0.13580984
1.7922022,0.9837176,1.7518926,0.8320008,0.17018741,0.0981622
1.2711304,0.94883984,1.1045916,0.7633862,0.062430225,0.12654592
1.4951316,0.6970596,1.5869558,0.7841106,0.27324325,0.13028836
0.963143,0.90710664,1.3224952,0.7385744,0.23997472,0.15820056
1.5919716,0.83156717,1.5958102,0.7954456,0.39661872,0.13151452
1.2535113,0.56177557,1.3641205,0.80611104,0.34295627,0.13629045
1.7999703,0.71641165,1.3617377,0.7785213,0.39786524,0.1473841
1.7043239,0.71329886,1.537118,0.84998375,0.76201904,0.120484024
1.205218,0.6012592,1.6235287,0.8022591,0.35971886,0.12646446
1.642629,0.77590036,1.1910529,0.7761871,0.18838139,0.13607927
1.9677416,0.9240285,1.5338426,0.847105,0.49862418,0.11362328
1.707365,0.7563317,1.4835169,0.75460595,0.26906514,0.15209647
1.1305547,0.8954384,1.4551685,0.7499034,0.3805436,0.16739045
0.93976474,0.93865114,1.1534882,0.7582741,0.11040802,0.13476159
1.961692,0.9754246,1.5549796,0.77044016,0.4512086,0.14324363
1.7716147,0.92578363,1.487668,0.7962195,0.3829916,0.14829944
1.5450809,0.6267298,1.1651106,0.8213976,0.32714406,0.13137093
1.6385689,0.87247765,1.4662161,0.72143877,0.18924578,0.16034546
1.4153697,0.7125793,1.212879,0.7993907,0.23301123,0.13415176
1.5658352,0.69174373,1.287029,0.7180614,0.14266123,0.15580559
1.8645146,0.7506577,1.4805391,0.8030496,0.46458948,0.1532896
1.29374,0.5404367,1.2689612,0.8179417,0.42678133,0.13081272
1.3487816,0.4658755,1.2895885,0.7555072,0.29437926,0.14542003
1.2029154,0.8806849,1.2613599,0.75323355,0.2162167,0.15176517
1.4401666,0.94632566,1.5225935,0.7952187,0.43878013,0.13734284
1.3003008,0.9300708,1.4554863,0.796367,0.38794062,0.14466806
2.0944424,0.9862955,1.5948017,0.76138735,0.28066295,0.1443755
2.1518555,0.98976225,1.3819854,0.72729874,0.26550183,0.16327481
1.2403659,0.7979439,1.5175469,0.79649967,0.3697156,0.14816943
1.9004431,0.83181274,1.5155582,0.7285882,0.12844503,0.14491479
1.5152372,0.60155886,1.4609656,0.774824,0.30667436,0.15343677
1.5120966,0.835798,1.475136,0.7903816,0.39437756,0.15201578
1.3741987,0.60535806,1.1903024,0.75823843,0.14061157,0.13835397
2.0776603,0.9906365,1.611495,0.7529176,0.13573307,0.14296171
1.5871333,0.6567379,1.3727412,0.7750253,0.33457297,0.14459154
1.8317361,0.8099392,1.3461537,0.7843966,0.37047637,0.14670116
1.6731647,0.970225,1.3910964,0.71342087,0.18308343,0.1666215
1.7943537,0.86121804,1.5316339,0.8176555,0.50941294,0.1368066
1.6347156,0.8511618,1.242868,0.80702096,0.3400479,0.13561116
1.2562017,0.8404748,1.331959,0.7899876,0.35749283,0.13595855
1.78801,0.8006152,1.1917009,0.83615315,0.40997973,0.12498952
1.8100896,0.7604287,1.5050266,0.8339203,0.57645017,0.13387968
1.6717668,0.7457954,1.0716314,0.8087327,0.22247082,0.12411347
1.3208499,0.49693817,1.7832994,0.81351537,0.049200315,0.09867645
1.2141328,0.8677239,1.5672202,0.7527746,0.276468,0.14574388
1.2739761,0.98269176,1.1840677,0.7525511,0.13163544,0.14048707
1.9236267,0.95402277,1.4427803,0.76970446,0.29424164,0.156376
1.7536385,0.6971438,1.395426,0.7421722,0.20091449,0.14995295
1.4683671,0.80674046,1.341263,0.73458457,0.17442408,0.1578924
1.3384365,0.7037152,1.2358363,0.7869388,0.2555146,0.14254414
1.9081212,0.89010054,1.2443469,0.7974678,0.30952492,0.13685042
1.0015252,0.89655703,1.5420923,0.7555852,0.20805843,0.14698923
1.2508814,0.74690264,1.4585965,0.7948837,0.3808184,0.12956768
1.4214737,0.7803008,1.2396445,0.73531675,0.26259205,0.1582903
1.3828945,0.9798882,1.3245795,0.75550735,0.34607607,0.1476994
1.8017195,0.762765,1.3319888,0.755164,0.2524371,0.14397816
1.3062621,0.61868817,1.1431247,0.79850763,0.2812445,0.13009363
1.7271665,0.63770664,1.3742571,0.72880816,0.12533095,0.15151888
1.2208083,0.8216828,1.4291897,0.80887014,0.4789121,0.14374201
2.0039923,0.857621,1.4408998,0.8128307,0.40394375,0.13292377
1.6344329,0.6374593,1.3674953,0.78722095,0.2893769,0.14437635
1.184456,0.5343826,1.3541844,0.7192655,0.20167501,0.16333266
1.4866294,0.6852645,1.67939,0.82105714,0.49399933,0.12719433
1.5471764,0.6056539,1.297106,0.7621909,0.2892524,0.15691091
1.1173571,0.6067216,1.2698298,0.7952917,0.23663555,0.13042945
1.8854707,0.8872745,1.4581735,0.77800494,0.3885957,0.1543589
1.2492274,0.748636,0.97332627,0.84479034,0.09704891,0.102621995
1.1669952,0.6958972,2.0336099,0.9570778,0.46938366,0.06047213
2.1436007,0.97525674,1.2900643,0.7298441,0.23955253,0.15682223
1.2625614,0.8565267,1.3631446,0.73391634,0.2724221,0.15821603
1.6410931,0.93940526,1.1101061,0.816819,0.25079888,0.12238605
1.3647202,0.6499562,1.3934491,0.7854228,0.32532105,0.14962286
1.2694868,0.50764805,1.2839148,0.7486831,0.22201502,0.15098894
1.6036386,0.5604995,1.6333833,0.9010258,0.83941424,0.10054979
1.4213684,0.7602608,1.2650673,0.79566604,0.28433576,0.13215128
1.5442443,0.98438334,1.2165592,0.7497173,0.21466345,0.14697072
1.6663985,0.5956167,1.239222,0.7937119,0.3835391,0.13307178
1.493796,0.6660477,1.2690599,0.7344616,0.2155527,0.15446784
1.4142852,0.5645503,1.3863814,0.76779896,0.3053288,0.1528356
1.502835,0.6601277,1.3494904,0.7994185,0.43840465,0.14503042
2.0660248,0.95222527,1.5117655,0.77145314,0.3488896,0.14299977
1.097222,0.907391,1.6394391,0.77561986,0.20400482,0.1363106
1.8701856,0.8208162,1.4032593,0.7922588,0.41524538,0.14417996
1.5880765,0.8547078,1.4715304,0.7531862,0.40943176,0.15527232
1.2046527,0.5958599,1.1280746,0.8255053,0.24744609,0.11873656
1.6987476,0.8281365,1.5321822,0.8260459,0.38911784,0.13157606
1.9346414,0.81727594,1.3763809,0.85585153,0.5800716,0.12571274
1.8454038,0.8506935,1.4973116,0.795694,0.43982685,0.13978861
1.2728249,0.4624435,1.3523803,0.71456563,0.19539747,0.16188867
1.5761716,0.6629384,1.51296,0.75486845,0.23257208,0.1444113
1.6008224,0.5603067,1.2391088,0.7738651,0.2871824,0.14233366
1.3383968,0.45721668,1.5485661,0.80632126,0.462046,0.14128976
1.4899327,0.57011867,1.2528133,0.7403021,0.2527845,0.15579252
2.0708847,0.916181,1.1772342,0.76761067,0.2164063,0.14356668
1.5820284,0.93047875,1.5618255,0.8119257,0.48997664,0.14233558
1.9534154,0.93074256,1.3907542,0.7998461,0.39220518,0.13572745
1.3297333,0.6406106,1.2113254,0.79152334,0.2678315,0.13227049
1.3099775,0.72085416,1.2438273,0.78565645,0.29667503,0.13776924
1.280708,0.5830674,1.2909424,0.7319255,0.21512714,0.15935062
1.7686888,0.9406795,1.555448,0.82207733,0.5360351,0.12642942
1.7990447,0.89868987,1.1563455,0.80145687,0.2480364,0.13120236
1.2099203,0.71532774,1.4065583,0.75052935,0.22612807,0.15524411
1.420194,0.7065355,1.1817241,0.77778447,0.20331028,0.13551663
1.6832033,0.96095264,1.3102527,0.7595085,0.30931515,0.1527712
1.1454818,0.66948044,1.2750168,0.8097477,0.29741845,0.13394946
2.099412,0.97833365,1.4671733,0.77287024,0.3970281,0.14799863
1.1141793,0.8571697,1.2516918,0.7972324,0.3422695,0.13529533
1.9691099,0.99904704,1.500798,0.7948958,0.4109678,0.1455293
1.4225737,0.71745753,1.2322462,0.76289237,0.18184398,0.14449425
1.7130163,0.7979594,1.2664561,0.77943766,0.29998687,0.142031
1.9345895,0.82940215,1.3454916,0.69699824,0.078834474,0.15896474
1.890564,0.83372533,1.0920465,0.80356705,0.14999166,0.122729205
1.1735978,0.63895893,1.2131953,0.83104575,0.33739686,0.12410319
1.3844737,0.5403361,1.2335446,0.73301125,0.11702248,0.1495383
1.8634726,0.809622,1.4461846,0.7536022,0.28710365,0.14733094
1.9124866,0.8425789,1.0917823,0.8382345,0.27619407,0.12143085
1.4556261,0.8178509,1.4714596,0.768607,0.35287046,0.14501008
1.3971726,0.7831981,1.3851521,0.7329112,0.19256014,0.15343904
1.4042493,0.461416,1.254672,0.76485956,0.2657389,0.14172392
1.4748288,0.98050743,1.4353492,0.760482,0.33736712,0.15776429
1.7819606,0.9205953,1.2566652,0.78783095,0.21698287,0.13124532
2.0525665,0.98083043,1.189017,0.765849,0.2224707,0.14285776
1.9181645,0.9695537,1.30088,0.7555493,0.23845282,0.14874247
1.4448358,0.8931465,1.2970474,0.8059027,0.3384177,0.1311126
1.3867359,0.8658916,1.275224,0.7607113,0.24189048,0.15047537
1.4099123,0.55125105,1.3845696,0.761104,0.3529652,0.15230359
1.5051256,0.95899856,1.4922214,0.75829047,0.33093566,0.14653534
1.527217,0.6493318,1.3017204,0.78492266,0.3620245,0.1407776
1.7579476,0.70699406,1.7184689,0.82510835,0.45234856,0.1233146
1.233351,0.59554327,1.3651223,0.7672511,0.35482645,0.14888987
1.6549659,0.6244971,1.3420284,0.8136772,0.34755737,0.12840097
1.1889064,0.5776771,1.3605349,0.7403817,0.23926115,0.1527612
1.6529015,0.59280056,1.442563,0.81450415,0.49705628,0.150133
1.4411541,0.5078089,1.3812292,0.6806832,0.06550428,0.17416197
1.2159863,0.5148716,1.4328237,0.84323597,0.5176226,0.11646361
1.6875831,0.8631526,1.1502708,0.7866906,0.19272204,0.12777214
1.3500427,0.5845345,1.1918647,0.79514116,0.27441484,0.13242434
1.5210114,0.50644803,1.4613678,0.7658875,0.3700392,0.14834258
1.5675027,0.87841743,1.2352426,0.85028046,0.52028996,0.11905657
0.89403164,0.99038434,1.6520154,0.8053215,0.37966016,0.117830746
1.6441973,0.7836456,1.3981013,0.7943762,0.5106642,0.14851446
1.0956768,0.83485687,1.30741,0.77291787,0.24974659,0.14664
1.4566927,0.6579013,1.4336407,0.7844218,0.36824057,0.13495319
1.6268797,0.9391638,1.3202276,0.79491955,0.33424124,0.13881546
1.6551871,0.6856246,1.2419238,0.77069515,0.25116253,0.1423442
1.5221442,0.7636943,1.1428418,0.79132134,0.1509889,0.12364232
1.2290215,0.63458645,1.5265903,0.8234331,0.47449332,0.13847551
1.3152454,0.4238267,1.4817977,0.72935843,0.1966355,0.154898
1.3233619,0.6292278,1.5096488,0.8239768,0.49006626,0.1288163
1.9211503,0.95301235,1.4228995,0.7931247,0.34865588,0.1518587
1.0756047,0.8591867,1.2406154,0.7698963,0.23515005,0.15325588
1.5423014,0.82893103,1.3523293,0.8062499,0.41835177,0.14110495
1.4635026,0.79340386,1.2003489,0.76953626,0.21389239,0.14182602
1.3814448,0.784059,1.2238116,0.7476585,0.16469723,0.14255539
1.5852339,0.73840576,1.4160457,0.7539536,0.23655553,0.15655835
1.588087,0.6966217,1.2314794,0.74666667,0.1700854,0.14644764
1.4026951,0.7003592,1.3319333,0.7534603,0.2841472,0.15223837
0.9511547,0.98062545,1.4332821,0.80305237,0.4247878,0.14573857
1.319072,0.9316313,1.3912377,0.79024756,0.405638,0.14747106
1.800255,0.6973128,1.0991623,0.8038247,0.13999769,0.11868156
1.5059797,0.91210824,1.2470202,0.79759234,0.25787374,0.13382626
1.5685486,0.8729504,1.3670251,0.6944573,0.108219564,0.16868146
1.1812992,0.5415307,1.247194,0.79415137,0.36303306,0.14251065
1.7409835,0.9383052,1.3649359,0.7173511,0.19893616,0.16116491
1.0877378,0.90917087,1.3374968,0.7702236,0.3459471,0.14949214
1.3459289,0.493067,1.4993918,0.7871888,0.45689318,0.14729622
1.9487736,0.96548206,1.2107251,0.78997505,0.3426081,0.13792032
1.794189,0.9152275,1.4000373,0.7638991,0.45437205,0.15790103
2.0089254,0.96139354,1.1723443,0.75276184,0.0885559,0.1346203
1.3897312,0.7275147,1.4324794,0.7661497,0.26349166,0.1516253
1.1598415,0.8406389,1.2200394,0.7834916,0.24481615,0.13680363
1.5574993,0.81311905,1.3601627,0.6645071,0.05826515,0.17212106
0.91804457,0.9593729,1.2063367,0.77744985,0.25860015,0.13712922
1.1569908,0.6126895,1.4432595,0.754563,0.4388448,0.1638246
1.66262,0.9328631,1.3242166,0.7684555,0.2943904,0.14480202
1.6359609,0.8507831,1.4973578,0.778216,0.37858015,0.14651951
1.4883541,0.5073814,1.2405901,0.7560688,0.24183206,0.14609112
1.6433972,0.9441629,1.2783878,0.7668998,0.18322062,0.1362777
1.1834615,0.80939555,1.1894195,0.79585093,0.20295875,0.13042217
1.4893068,0.8807015,1.2826173,0.8030652,0.3213701,0.13656805
1.3357766,0.7840154,1.2848108,0.77137446,0.338559,0.15333188
1.8818502,0.9295139,1.4593875,0.785035,0.3392535,0.15256016
1.5855745,0.93452245,1.2210166,0.7874296,0.2896744,0.14428078
1.3883389,0.9880267,1.2284827,0.77526087,0.34108964,0.14082713
1.9130074,0.81596315,1.3209805,0.78026354,0.33162397,0.14677471
1.6052396,0.8085865,1.3013973,0.76737976,0.24473329,0.14439695
2.1525016,0.99493694,1.0085721,0.8559603,0.21784154,0.10829047
1.4458193,0.720715,1.3662105,0.78814805,0.36091495,0.14216492
1.9441435,0.8060535,1.1448827,0.7699579,0.19241835,0.13562258
2.0257542,0.9860715,1.3902202,0.7634425,0.3330206,0.14769323
2.0534828,0.9647526,1.2474349,0.84056526,0.54386157,0.12251749
1.4808468,0.64948905,1.3984299,0.7688599,0.29036984,0.14783534
1.6256751,0.99098635,1.406801,0.704811,0.128483,0.16004643
2.004925,0.8541099,1.7493036,0.89774567,0.6535346,0.096138224
1.4153389,0.5779014,1.1882608,0.72588956,0.026701478,0.13622154
1.5535619,0.5712845,1.1557391,0.7804042,0.14413501,0.12929532
1.8546349,0.94609046,1.4546471,0.8316293,0.4639441,0.13021019
1.3326291,0.9881505,1.1974361,0.7907812,0.27189672,0.13873617
1.7425382,0.8065817,1.2838542,0.7881769,0.3321793,0.14026225
1.396558,0.6891108,1.1433413,0.79066813,0.16332568,0.13104254
1.8613323,0.79178584,1.232542,0.7653569,0.29892492,0.1484277
1.2348367,0.58643055,1.5472629,0.79215735,0.41487807,0.14415024
1.599481,0.783855,1.365483,0.767802,0.38903013,0.1422817
1.113319,0.6279956,1.2318721,0.78096837,0.3422508,0.14052378
1.9091976,0.8940561,1.408279,0.7399505,0.2125433,0.15562062
1.499908,0.54074657,1.6891072,0.8496142,0.5069171,0.10821854
1.8532904,0.7644834,1.278652,0.8053347,0.46366107,0.13495825
1.1942201,0.8535036,1.2527142,0.76080275,0.43359873,0.15882035
2.0988572,0.9514006,1.4274645,0.8046276,0.3701192,0.14019856
1.643955,0.95195657,1.3148458,0.7047182,0.14399315,0.16720647
1.5462275,0.8375609,1.3097808,0.75445664,0.29858875,0.15428436
2.0586967,0.946659,1.3337457,0.7798987,0.36812133,0.14206801
1.0326436,0.90763915,1.3888474,0.83243597,0.5380398,0.13107584
1.759709,0.98284054,1.2922599,0.7006315,0.09922053,0.16277929
1.1655179,0.6557221,1.3886108,0.786528,0.328111,0.14436857
1.6899152,0.98303497,1.5138857,0.7891289,0.31949165,0.12532236
1.6536759,0.95691806,1.1156273,0.8204197,0.24380785,0.11861796
1.0888375,0.8756056,1.4393914,0.7414094,0.3103047,0.17024133
1.4240572,0.82673484,1.073555,0.8248597,0.27658817,0.12611139
1.1709505,0.7872451,1.2607601,0.77488744,0.2884364,0.14873953
1.4642015,0.73333627,1.216217,0.77084494,0.23480001,0.14501008
2.1400912,0.9884781,1.239356,0.75071573,0.15937069,0.14563853
1.4255971,0.77458847,1.4511812,0.7776433,0.33207193,0.14995797
1.8980203,0.93342197,1.5525792,0.7992458,0.23888573,0.119102664
1.4706144,0.8623818,1.3186305,0.76095134,0.2750699,0.14635506
1.8651834,0.97819376,1.1337814,0.7759923,0.1898857,0.13776574
1.3022101,0.4831881,1.3527086,0.74271846,0.283814,0.16226593
1.3177736,0.82451665,1.20015,0.73244894,0.15628988,0.15382414
1.2615772,0.9753199,1.1903152,0.7500759,0.13120273,0.14109357
1.2945472,0.4428952,1.3739085,0.82677275,0.46360543,0.13170855
1.6198624,0.6546219,1.3871243,0.7588821,0.28144538,0.14961393
1.6369747,0.66851807,1.372642,0.7787609,0.38653696,0.14099169
1.7402277,0.85430646,1.422353,0.77438045,0.4184869,0.14846267
1.2672316,0.7369786,1.1760981,0.78096676,0.26905087,0.13738209
1.2081331,0.99832475,1.3404479,0.71153903,0.17263894,0.16971028
1.4272172,0.6297592,1.7689257,0.8221747,0.20927304,0.1114575
1.1366491,0.6929555,1.5830398,0.8121532,0.50202554,0.13731228
1.6880617,0.71126163,1.5553179,0.85467273,0.6056783,0.12324447
1.6742038,0.61238724,1.2585492,0.79529816,0.34063113,0.14400008
1.6342462,0.9919154,1.252769,0.73460007,0.16745104,0.15070866
1.8128766,0.9698496,1.3436949,0.75595075,0.24772476,0.15746547
1.8058524,0.7950991,1.5523701,0.797096,0.41160333,0.13782802
1.6423191,0.6622189,1.1715684,0.7609396,0.109411836,0.13509929
1.4196793,0.86281693,1.0168476,0.8406134,0.13312994,0.1055325
1.4700422,0.6373303,1.55406,0.7618483,0.24743089,0.1456041
1.7321296,0.72758853,1.5557449,0.80608267,0.46834576,0.14115715
1.5161583,0.58329386,1.2840896,0.75629985,0.22015005,0.14748769
1.5188628,0.8386536,1.188983,0.7777796,0.26579285,0.1348843
1.592235,0.7552472,1.4544706,0.7607281,0.322226,0.15833956
1.732287,0.95032585,1.4022031,0.72631085,0.18456514,0.15613109
1.9145148,0.82207924,1.4000149,0.7319287,0.17685485,0.15106027
1.5391556,0.9002467,1.7505429,0.79696834,0.09160516,0.11298548
1.8921958,0.9047831,1.4087777,0.77436584,0.40938178,0.14936158
1.4557189,0.70296496,1.2286642,0.795136,0.32899344,0.13744311
1.3031563,0.7521775,1.8211625,0.8694735,0.35088238,0.09882317
1.3984512,0.5406885,1.8137729,0.8519432,0.11844521,0.09455513
1.4677603,0.49559942,1.434871,0.77231884,0.43006027,0.16043098
1.4399908,0.98075783,1.292079,0.7759174,0.3548677,0.14273797
1.744852,0.84490794,1.3665974,0.88359815,0.5835914,0.10396877
0.9924058,0.9537676,1.6050019,0.80039924,0.44585148,0.13282385
1.5170362,0.71971154,1.3533883,0.78472286,0.36040604,0.14512865
1.3756728,0.5358934,1.2738893,0.7699389,0.2978075,0.1442198
1.8614475,0.8688362,1.5971024,0.8448836,0.5778886,0.1288837
1.7921922,0.73902017,1.347924,0.7422757,0.23962182,0.15489355
1.7108254,0.8426412,1.8421054,0.8710734,0.6400962,0.098519705
1.2543715,0.75622725,1.7997899,0.8170473,0.043368205,0.10003456
1.1703107,0.80845654,1.412807,0.7822051,0.63384867,0.16485444
1.5865796,0.70498425,1.3228538,0.7396559,0.24641302,0.15487911
2.0283957,0.9487224,1.0833988,0.7935669,0.12907986,0.123154484
1.5352621,0.79737747,1.6109111,0.81968,0.43701422,0.11872804
1.3758485,0.90937066,1.803349,0.9077926,0.61590976,0.10432242
1.4001139,0.8467484,1.1535802,0.77572167,0.24353667,0.13586298
1.3211684,0.90538126,1.3716822,0.7508358,0.26074937,0.1490598
2.037252,0.94559216,1.1571379,0.79036057,0.25335383,0.1378717
1.9244071,0.8668311,1.4383187,0.7472125,0.27077115,0.15792643
1.695692,0.7121297,1.2173882,0.70068043,0.04054755,0.15039138
1.7344836,0.8651899,1.34057,0.74474925,0.2008822,0.15068956
1.4586583,0.4745785,1.2499688,0.78035975,0.36036375,0.14893979
1.9197854,0.8270519,1.354662,0.70839536,0.16738057,0.1609198
1.1857313,0.6863767,1.2967641,0.79178846,0.314044,0.14266819
1.3973668,0.7434581,1.1325449,0.821683,0.23410502,0.12209293
1.1183254,0.77262765,1.3458593,0.8031667,0.4088826,0.13856533
1.4416634,0.6613296,1.4985688,0.7364575,0.24612719,0.15702647
1.9494876,0.9975367,1.397434,0.76661694,0.39616817,0.15948139
1.9466317,0.8763354,1.2947371,0.7374083,0.17411438,0.15646952
1.6873819,0.70997727,1.2276468,0.75246334,0.19219697,0.14546882
1.3670418,0.49501926,1.1509552,0.81215674,0.27489668,0.12651646
1.1499641,0.8145689,1.440512,0.78004336,0.4276297,0.14088951
1.7858248,0.88153887,1.4202182,0.80056673,0.48386103,0.13844118
1.67844,0.9983014,1.0871315,0.8093925,0.21424901,0.12563789
1.9835432,0.8334066,1.7137821,0.7986802,0.46789038,0.12893729
1.7669195,0.7802923,1.7044132,0.8243786,0.24973719,0.11496046
1.3162887,0.4783639,1.5717602,0.7607683,0.23420289,0.14797866
1.4937099,0.706516,1.2314675,0.79216135,0.37017873,0.14087474
1.2827297,0.50673026,1.3703945,0.8223773,0.76325905,0.13243179
1.6862547,0.6863833,1.1649804,0.78647846,0.15611413,0.12666734
1.8209589,0.7531702,1.252675,0.7201722,0.16376771,0.1597856
1.5170469,0.77065045,1.4296441,0.7820744,0.3156092,0.1373295
2.049808,0.97733355,1.2264407,0.76058626,0.2153398,0.14246021
1.7292349,0.89511067,1.3554723,0.73180044,0.24039957,0.16003178
1.5556241,0.705821,1.280319,0.70253986,0.119735755,0.16115144
1.48695,0.6244919,1.3819039,0.7365965,0.22338547,0.14790046
1.9692787,0.8619453,1.2080355,0.78313553,0.25842485,0.13984123
1.2369949,0.5143346,1.3621752,0.7096446,0.15684275,0.17142436
1.7685206,0.72323895,1.449861,0.81295115,0.30062586,0.13640805
1.5039376,0.59387916,1.3112092,0.73455757,0.24953932,0.15536119
1.4278411,0.5554116,1.2458053,0.79129803,0.3203258,0.14139469
1.218737,0.7402662,1.1563547,0.7750718,0.16800165,0.13221589
1.1020759,0.90240556,1.9385519,0.9397829,0.46875504,0.06726744
1.8885411,0.8674032,1.42203,0.72297084,0.2085344,0.16135053
1.2825893,0.84812754,1.8930664,0.8744886,0.2549144,0.08612646
1.3225838,0.8176123,1.3010178,0.7534347,0.25325382,0.14915586
1.4784157,0.53182137,1.2646875,0.78926367,0.2795943,0.1339369
1.8253307,0.8723292,1.529752,0.80567986,0.50740725,0.13997678
1.5570673,0.94199705,1.3181562,0.7214062,0.15836477,0.1576557
1.6324841,0.654982,1.189764,0.78470975,0.27199006,0.13917343
1.7705672,0.9361114,1.24366,0.76147866,0.19162601,0.1423087
1.2665255,0.5069293,1.4758537,0.7487922,0.23478971,0.15563819
1.6446311,0.60655725,1.4784341,0.80892676,0.4203003,0.14126095
0.96040803,0.9802837,1.1376972,0.80772656,0.30994132,0.1244031
1.8737622,0.9374538,1.3346417,0.7896715,0.3506292,0.14264153
1.3794438,0.89258975,1.3930347,0.750547,0.28419146,0.15022898
1.5247957,0.9853268,1.2786362,0.72062826,0.1829821,0.15858495
1.1670562,0.74600387,1.3675592,0.74948215,0.33819106,0.15714209
1.5817965,0.8183427,1.6981783,0.8380223,0.50433964,0.12960224
1.1871508,0.94947845,1.3464332,0.7200046,0.26162586,0.16367376
1.8477017,0.81352866,1.3077006,0.75863165,0.27175817,0.14816718
1.314314,0.5135382,1.3006568,0.77607274,0.3460061,0.14638895
1.4119308,0.9677066,1.3571379,0.72117734,0.19111237,0.16454339
1.089796,0.9205781,1.948745,0.9109615,0.61026573,0.09155376
1.4654832,0.8716344,1.3787644,0.82995886,0.6222161,0.13070264
1.1982472,0.8930669,1.2830167,0.8065723,0.4539737,0.13920741
1.3157867,0.4777029,1.2501397,0.73787254,0.16229631,0.1477145
1.8110433,0.9284807,1.06647,0.83360463,0.19774652,0.11320517
1.7313313,0.78919584,1.4542599,0.733641,0.21031874,0.15730432
1.0187235,0.8192267,1.425576,0.78062207,0.40455127,0.14050624
1.5363164,0.84551525,1.3340518,0.7325955,0.23404521,0.15756905
1.1134132,0.763743,1.4472368,0.8490547,0.37795508,0.10937593
1.5975313,0.71544,1.3760276,0.6714773,0.043562368,0.1752966
1.7711779,0.7117312,1.3496852,0.7371311,0.24966475,0.16399102
1.5717444,0.64158577,1.459533,0.7490843,0.20704663,0.1531151
1.5007129,0.4932784,1.3053291,0.75076985,0.23915268,0.15761368
1.5828692,0.7823286,1.2390413,0.7514429,0.22535391,0.14921747
1.3028313,0.9632586,1.317606,0.7491301,0.31018862,0.15330057
1.2795967,0.9065682,1.228095,0.75522965,0.16695122,0.14254344
1.4393959,0.72065884,1.2904034,0.90984994,0.55661815,0.09515036
1.7906494,0.9321315,1.3495805,0.7358347,0.18745007,0.15622485
1.2716137,0.7885978,1.1756897,0.7658823,0.21181446,0.14436728
1.7782003,0.982977,1.3834813,0.72269446,0.19838212,0.1603436
1.7333548,0.9504206,1.7008839,0.80707633,0.2163423,0.11805722
1.724744,0.9169098,1.1337683,0.797956,0.20866221,0.12854582
1.2458259,0.49605966,1.5435269,0.75119424,0.26832223,0.14508875
1.2342613,0.64784557,1.4166367,0.75094676,0.2301138,0.1453033
1.517158,0.5198536,1.1119468,0.81141907,0.2568051,0.12689209
1.5494816,0.61145544,1.5322948,0.77725136,0.32164723,0.137734
1.3362024,0.68244576,1.1759965,0.7911095,0.28461957,0.13547109
1.3646348,0.46100584,1.4391513,0.8005713,0.4754742,0.15556109
1.3778353,0.78263646,1.5137839,0.7732048,0.36061108,0.14498496
1.4385461,0.49260822,1.3725095,0.80875033,0.59498954,0.14541754
1.551204,0.8267043,1.66362,0.8223992,0.3652296,0.118432194
1.26035,0.69668245,1.2454824,0.7286756,0.12555405,0.15122643
1.5194808,0.77140003,1.2875226,0.7409661,0.2450675,0.15323149
1.862516,0.9673004,1.4983497,0.798148,0.44072235,0.14863834
1.2455083,0.62111455,1.4142995,0.7512548,0.2639664,0.15478389
1.3608291,0.7638998,1.2590363,0.7156278,0.093831696,0.15505756
1.4237547,0.5521473,1.5028431,0.76811945,0.22973828,0.13746852
1.6528969,0.68920875,1.2529323,0.81877196,0.40243226,0.1321431
1.6547753,0.8377719,1.3696327,0.7970583,0.28931564,0.13156614
1.0306983,0.91485566,1.1103027,0.7948723,0.11057546,0.12085856
1.829102,0.83085936,1.3680229,0.7944458,0.45536795,0.13810337
1.589158,0.61686987,1.6626065,0.8012978,0.23428245,0.116193354
1.9140987,0.98083454,1.768764,0.8544937,0.5109265,0.12102292
1.1811898,0.98093027,1.079637,0.7920397,0.14278714,0.12406948
1.1960284,0.9525476,1.319037,0.71290183,0.17273162,0.16223273
1.6642318,0.8131028,1.2951751,0.71937335,0.17603981,0.16315642
1.8731837,0.7708951,1.4191489,0.75982344,0.35011747,0.14508815
1.4628521,0.50461835,1.2039056,0.73561263,0.13774344,0.14821403
1.7390479,0.8442589,1.1909072,0.7944278,0.31253707,0.13223028
1.7938045,0.7580869,1.5002007,0.8042491,0.43344283,0.13866757
1.5531412,0.7770354,1.407712,0.7831773,0.44106027,0.14875412
1.3060782,0.5018604,1.431473,0.8162722,0.4309694,0.1338143
2.0255597,0.9488896,1.4967029,0.75013065,0.24631473,0.14971474
2.0408475,0.9827999,1.3615003,0.8256467,0.4843708,0.1311729
1.2837322,0.55288595,1.6743536,0.8053822,0.3114452,0.12384489
1.3982786,0.5490948,1.1686044,0.79042894,0.20350133,0.13125877
1.4314582,0.93870527,1.3611505,0.7044485,0.10785146,0.16790141
1.3941818,0.7353139,1.4289949,0.75819004,0.37615353,0.16059862
1.3854903,0.52151555,1.5327592,0.73051095,0.0626754,0.13965273
1.8047254,0.7974792,1.2593317,0.82449824,0.40967402,0.13769048
1.7443012,0.9072787,1.204498,0.8638854,0.4314137,0.12066942
1.4605184,0.468733,1.2904332,0.6890783,0.108332105,0.16467069
1.2225931,0.6236012,1.5037007,0.8088646,0.4403656,0.13762094
1.4139694,0.56626654,1.4752271,0.8358139,0.557637,0.14824574
1.1289122,0.847655,1.2408032,0.809405,0.3993411,0.13200462
1.3754618,0.5088697,1.6144605,0.80670625,0.35595563,0.12878437
1.082596,0.7297616,1.3814704,0.7541312,0.28926,0.15183878
1.6900482,0.9062817,1.4148235,0.804737,0.42168114,0.1297379
1.1626967,0.90723383,1.1636622,0.78457844,0.28453887,0.1377829
1.6088433,0.7391925,1.2937758,0.7778895,0.28674993,0.15222906
1.0184863,0.7781818,1.374624,0.73651147,0.24284221,0.16074568
1.7243366,0.7498152,1.4791272,0.79570395,0.36861563,0.13741945
1.9209241,0.83955663,1.5753982,0.8179518,0.54507387,0.14255193
1.4037801,0.54593164,1.214014,0.77750754,0.3138311,0.14610435
1.4722563,0.9290169,1.3823373,0.75032234,0.26934478,0.15518199
1.3552598,0.8022643,1.0179346,0.8402105,0.17332047,0.11261187
1.161115,0.9989082,1.3700883,0.6978478,0.11788087,0.17002274
1.6495374,0.6727548,1.2755318,0.8235859,0.4551592,0.1313889
1.7545183,0.79863864,1.3439624,0.77655613,0.36732447,0.14664909
1.3521245,0.5174568,1.4102483,0.76342714,0.39866227,0.15112348
1.1372619,0.7249835,1.3322561,0.76444346,0.40938088,0.15128492
1.8723007,0.86165816,1.5083466,0.83957297,0.45474195,0.124054484
1.6193125,0.8242959,1.2663436,0.7464261,0.1994761,0.15531744
1.5844809,0.9126437,1.2446139,0.75399673,0.23784202,0.1495576
1.6017342,0.8381584,1.1849065,0.8024414,0.3328016,0.12945817
1.742665,0.9476096,1.2976906,0.73148495,0.16572595,0.15646067
1.6003159,0.55465657,1.2815781,0.7240689,0.2182156,0.16291322
1.3329773,0.7263989,1.4261944,0.72837234,0.16265859,0.16244449
1.862095,0.79682404,1.2005949,0.74891436,0.16443463,0.14346544
1.4262722,0.8041422,1.2548292,0.70981616,0.1009133,0.16041702
1.6498559,0.62398976,1.222523,0.77393985,0.27911088,0.14078185
1.9491667,0.87300897,1.5230885,0.740915,0.26593614,0.1556168
1.0281433,0.9431057,1.4287963,0.71229243,0.11696886,0.16589376
1.2532377,0.53992337,1.2716384,0.7765198,0.2837156,0.14230914
1.5375327,0.63074094,1.1910279,0.7838993,0.18633886,0.13145392
1.8615834,0.9005474,1.4717627,0.714178,0.15439849,0.16573007
1.3294542,0.92133605,1.2954803,0.79228365,0.29723486,0.13281679
1.7250792,0.94655365,1.4494824,0.75110245,0.3436118,0.15980779
1.2179165,0.8593329,1.2054865,0.7333165,0.08012104,0.14231865
1.7848471,0.84186655,1.3554723,0.7496524,0.2786292,0.15007147
0.94932866,0.93946314,1.3385189,0.7741542,0.4034341,0.14972267
1.7220267,0.74427766,1.460345,0.7133888,0.121980704,0.15555443
1.8290557,0.9659563,1.471508,0.7983332,0.3800378,0.1383261
1.1823943,0.634532,1.2819648,0.80025464,0.28768653,0.13271773
1.855252,0.9522367,1.6751511,0.78723884,0.10629433,0.11942045
1.3620539,0.9435214,1.4470441,0.78655803,0.38783383,0.14935052
1.6480088,0.59686065,1.2426491,0.78268677,0.2236407,0.13828033
1.7722956,0.7265662,1.4655073,0.7733366,0.3892308,0.14739726
2.023659,0.95799243,1.3431544,0.7481151,0.25819817,0.14936446
0.9871141,0.9468502,1.5321686,0.7837397,0.3648344,0.1378204
1.6532735,0.6489293,1.1690602,0.7662393,0.11795419,0.13527368
1.7387822,0.75003886,1.2075016,0.794805,0.24976864,0.13704069
1.9115202,0.99979293,1.7121291,0.8135867,0.18157943,0.11965342
1.7197065,0.75243145,1.4175851,0.78695655,0.4110336,0.14833122
1.6150004,0.74854904,1.36128,0.8007896,0.370436,0.14152469
1.4843085,0.87882525,1.3839407,0.7366886,0.27883583,0.15347192
1.2181698,0.85228425,1.3298142,0.7982355,0.39152002,0.14140223
1.0417539,0.71293294,1.3618436,0.7909314,0.3420009,0.14919473
1.2709284,0.47274393,1.3154182,0.73032683,0.17177656,0.167886
1.787371,0.96394736,1.4567447,0.771563,0.45570016,0.15689316
1.0622888,0.98665935,1.6574388,0.87229484,0.65499073,0.11053595
1.8528872,0.90346104,1.6464474,0.84566265,0.51802295,0.12232079
1.4657811,0.9267442,1.3939006,0.7241454,0.15666084,0.15711313
1.353589,0.8611527,1.3353713,0.7789339,0.3561463,0.15493312
1.7529463,0.6578274,1.3993366,0.72867036,0.2653856,0.1574904
1.4018272,0.86831886,1.3290017,0.7598307,0.28129727,0.1434001
1.153572,0.6916354,1.3987381,0.7377591,0.28733948,0.16780801
1.3613182,0.8610689,1.3821394,0.83637273,0.47809923,0.13968675
1.2188631,0.6797268,1.996722,0.9230099,0.35603186,0.072095886
1.4645886,0.5577373,1.2372308,0.80472755,0.2597205,0.13101383
1.807038,0.9581,1.4920077,0.8078565,0.35264516,0.12805732
1.9308493,0.8159525,1.3067,0.7802619,0.353028,0.14659145
1.4106283,0.48570347,1.1352668,0.800721,0.2052755,0.1275213
1.6811421,0.9425305,1.4819546,0.69760895,0.013365136,0.14722832
1.3618066,0.47135207,1.5579886,0.77359325,0.29480854,0.14538749
1.1282295,0.74555475,1.644584,0.79959226,0.30062366,0.12632243
1.4907453,0.48273003,1.2025609,0.7429564,0.15825674,0.15183896
1.7713449,0.91903937,1.5459337,0.770999,0.21209686,0.13253926
1.2626863,0.905447,1.1384125,0.81486136,0.24520285,0.12799321
1.8812919,0.92033494,1.4759243,0.7562755,0.3757544,0.15493836
1.3663026,0.6115345,1.6372304,0.8578345,0.6462306,0.121238254
1.5682026,0.79313374,1.5094006,0.7847775,0.37313667,0.14726205
1.2454015,0.5384303,1.2646897,0.73111534,0.18814158,0.15490973
1.664169,0.8945271,1.5908086,0.7545072,0.22199716,0.14451924
1.5425379,0.8077201,1.3220365,0.7437712,0.2677845,0.15803424
1.650338,0.6197271,1.2457333,0.7365691,0.20456849,0.1604084
1.1310742,0.9068527,1.3302264,0.757663,0.30869603,0.15381141
1.3714782,0.5971412,1.484062,0.7542084,0.4056683,0.16545284
1.3593136,0.43609124,1.3103094,0.78716743,0.3581434,0.14779386
1.881409,0.7823237,1.4563146,0.77234846,0.343821,0.14129393
1.8738796,0.8241117,1.3044693,0.7699094,0.2614598,0.14436238
1.4513193,0.53444606,1.2262421,0.7431574,0.15849943,0.14567265
1.7555676,0.8013713,1.3119991,0.70606196,0.14758402,0.16968675
1.3655223,0.64681566,1.2904046,0.76078033,0.2697366,0.14870787
1.4251444,0.92246807,1.1235155,0.7656418,0.12200779,0.13253653
1.8748219,0.9981502,1.8261309,0.875074,0.48980027,0.10223777
1.7751092,0.7985319,1.3038158,0.80225474,0.3732638,0.14105977
1.3335229,0.79621863,1.438329,0.75964767,0.30257133,0.15383597
1.9899216,0.8579086,1.1370811,0.8143434,0.24400704,0.12662995
1.8118538,0.8252309,1.2944489,0.7309103,0.21598178,0.16714741
1.1533806,0.75105095,1.4418159,0.776311,0.34071222,0.15125635
1.4491242,0.8685769,1.4845955,0.8085092,0.47640777,0.13328834
2.087184,0.9929724,1.1837254,0.8120332,0.29106396,0.12668471
1.0249646,0.7313006,1.3256185,0.8106857,0.45674494,0.14932989
1.229696,0.579776,1.6936159,0.80692774,0.30019984,0.120037615
1.6437731,0.96353585,1.145966,0.77698934,0.13578804,0.13162477
1.598382,0.6752946,1.2903821,0.77213013,0.28846171,0.14915566
1.7371864,0.92090213,1.4919815,0.74197763,0.16337265,0.14883687
1.1664057,0.70952946,1.2929358,0.75878084,0.2614685,0.1540582
1.4170188,0.50054663,1.3776333,0.7715138,0.5032608,0.1530896
1.4035658,0.69521683,1.1869771,0.74824214,0.12312165,0.14286776
1.552345,0.8897361,1.1080472,0.7934805,0.14784738,0.12594937
1.2959726,0.6570271,1.234829,0.79700285,0.41599372,0.14374173
1.2364222,0.57038623,1.3580692,0.75368994,0.23881327,0.14998
1.5016458,0.7696919,1.6133103,0.77805334,0.4247184,0.14199722
1.9828496,0.96695143,1.1215897,0.7887156,0.21949078,0.13405702
1.344209,0.7407752,1.2866542,0.66567653,0.022228485,0.16931845
1.6802127,0.66214895,1.1859002,0.8423722,0.30562222,0.11976901
1.4048971,0.5983555,1.8077614,0.82127666,0.082407825,0.104095794
1.1788869,0.5786723,1.1581268,0.8306733,0.29295698,0.122207485
1.6294714,0.6103249,1.0939438,0.8117201,0.21132486,0.123672955
1.5167716,0.7562459,1.4546554,0.798536,0.39396012,0.13788019
1.1801267,0.64684886,1.1326346,0.7840027,0.1300271,0.12968837
1.0692251,0.90787065,1.2117615,0.7565295,0.22311142,0.14474256
1.3142595,0.5128621,1.3224761,0.8293739,0.5226871,0.13429552
1.0398273,0.8226919,1.2270896,0.7997255,0.2624983,0.13318416
1.6765264,0.667323,1.0453174,0.8173103,0.1779865,0.119958
1.7676927,0.8175177,1.3173316,0.79166925,0.29645443,0.1340096
1.5661253,0.7500275,1.1885703,0.7904105,0.28469843,0.13776095
1.7872095,0.79894406,1.2876699,0.7394501,0.22442214,0.1516862
1.8378496,0.9398577,1.6621878,0.7908521,0.18772928,0.12671755
1.1567702,0.7459444,1.7541089,0.86940813,0.527096,0.102009356
1.3455604,0.45751062,1.3826599,0.69388413,0.1479825,0.16944812
1.1321683,0.75182486,1.5336919,0.7830311,0.5318556,0.15294471
1.8799672,0.8878535,1.4159892,0.76224935,0.33782312,0.14914018
1.28829,0.5928694,1.6577117,0.8005795,0.23948981,0.121383876
1.5830321,0.97666776,1.2768493,0.7374517,0.11863444,0.15072948
1.4758891,0.65336704,1.2975175,0.735501,0.19826452,0.15492213
1.9900165,0.87162304,1.4051893,0.8249413,0.40585762,0.13262907
1.3054032,0.72946835,1.2472451,0.7732433,0.30439878,0.1403683
1.2355053,0.63804126,1.2754309,0.72638375,0.16831706,0.1586525
1.3217161,0.8498817,1.4598198,0.7927388,0.3482403,0.1347452
1.3501718,0.4013586,1.3462391,0.7566595,0.31927776,0.14705876
1.7347909,0.9602497,1.2266188,0.78907216,0.2743995,0.1348539
1.6041939,0.83508426,1.1548538,0.7974894,0.18357192,0.1309459
1.4126992,0.9215506,1.3927,0.72145665,0.27794138,0.1628618
1.4116603,0.9842775,1.2922268,0.76280284,0.21690601,0.14349495
1.5771077,0.95702857,1.209657,0.7522528,0.2102257,0.15148039
1.5300756,0.8977713,1.8609269,0.85981685,0.19709763,0.08728813
1.5744045,0.6564879,1.2712815,0.75923616,0.26070648,0.15006605
1.6186658,0.76267964,1.4858654,0.7912594,0.3973699,0.14469658
1.2453041,0.9503768,1.2611246,0.7940883,0.38918155,0.139232
1.5662526,0.6358853,1.4546552,0.79860383,0.39858684,0.1314897
1.6538752,0.66460276,1.5171614,0.7781533,0.33033937,0.14644232
1.3773326,0.43485898,1.2034123,0.78247416,0.21769848,0.13701707
1.4976814,0.6803292,1.5299644,0.7351657,0.12791735,0.15032555
1.4783262,0.5546799,1.2059102,0.7674475,0.22277959,0.1473525
1.9742855,0.99409705,1.306936,0.7570547,0.23868534,0.14935395
1.1875148,0.8276211,1.3296368,0.7561983,0.22313833,0.14536531
1.2705187,0.53284377,1.3838143,0.77349365,0.36971483,0.15509608
1.6187832,0.8023402,1.287858,0.8118204,0.37231508,0.13712178
1.4520537,0.5822277,1.4671309,0.7538133,0.30821338,0.14977337
1.9746149,0.84167856,1.9041941,0.8747888,0.250452,0.0840306
1.242514,0.486947,1.3191183,0.8497892,0.4661407,0.11504849
1.0903317,0.8622326,1.262187,0.7747196,0.3331466,0.14373551
1.7136776,0.8917294,1.2353547,0.72024614,0.11958133,0.15331946
1.1428202,0.98195404,1.1646738,0.7832002,0.15580475,0.1354887
0.95739645,0.97501135,1.1451013,0.80522954,0.1927446,0.12175191
1.056592,0.8644735,1.273848,0.7203847,0.17182776,0.16062108
1.8161843,0.9712825,1.1535206,0.7873032,0.22428341,0.1316214
1.4103295,0.54738545,1.5650494,0.8333959,0.5477245,0.12718907
1.6125351,0.79237425,1.1060035,0.80234945,0.18355994,0.123963155
1.3577801,0.9147444,1.2277596,0.72952735,0.1514924,0.14984734
1.7605662,0.98749316,1.691828,0.8421893,0.47902632,0.11339628
1.3229811,0.8223365,1.3282757,0.8097524,0.36933234,0.14037643
1.5794258,0.9397715,1.0737829,0.8048165,0.18324412,0.1256845
1.7659842,0.8699902,1.3032012,0.74455583,0.22926036,0.15222442
1.8147454,0.8957059,1.399904,0.7829425,0.33955762,0.13609722
1.1314682,0.7162066,1.4382341,0.8037037,0.5190723,0.14522292
1.6352166,0.8619523,1.1458337,0.79295725,0.16675644,0.12731785
1.3093373,0.4480658,1.434588,0.79814464,0.426081,0.13766983
1.3750671,0.9052698,1.4403117,0.72628516,0.31720874,0.16704138
1.4450603,0.49350274,1.1826112,0.76983774,0.21866658,0.14088696
1.5851055,0.9485311,1.7046874,0.8397804,0.45556495,0.114120185
1.609407,0.8462592,1.2076066,0.77978945,0.20921749,0.13881563
1.7631476,0.78570634,1.2454538,0.7736176,0.2902297,0.14325199
1.3070303,0.74717206,1.7620444,0.8133136,0.19745651,0.11005096
1.4527905,0.9938024,1.4437327,0.7787082,0.29720125,0.13379125
1.0636446,0.7801626,1.4252994,0.7769871,0.4025306,0.14707948
1.2597502,0.56441236,1.7974164,0.8161194,0.024615377,0.09497674
1.3987898,0.574013,1.6893427,0.7975779,0.21210323,0.120150045
1.158517,0.88255125,1.0939302,0.8010273,0.15711434,0.12315524
1.2884514,0.4703177,1.272366,0.8074965,0.42278817,0.1362029
1.2962021,0.7213826,1.3265293,0.7613604,0.29484734,0.15433125
1.1530541,0.6226813,1.4687696,0.83887815,0.5812681,0.12821148
1.4860063,0.711253,1.508172,0.7945958,0.470064,0.15593465
1.3831787,0.6122663,1.3091049,0.7181541,0.21184929,0.16348436
1.4565437,0.70426863,1.1429263,0.7951343,0.2150578,0.13423267
1.9471722,0.9931557,1.1732768,0.7738334,0.16211213,0.13602611
1.3630276,0.49120727,1.2641773,0.7622699,0.3883609,0.15454304
1.2490791,0.60718703,1.1094627,0.8089139,0.2354928,0.12716435
1.4058051,0.62000376,1.2842937,0.7902323,0.39577577,0.14352238
1.3076669,0.5945569,1.4274862,0.86591905,0.81770027,0.11949355
1.5682304,0.80026186,1.498426,0.7727614,0.22657749,0.14007254
1.6444468,0.6633285,1.3441806,0.7696886,0.26012027,0.15156886
1.5925002,0.6282075,1.4057148,0.755568,0.2044405,0.14673842
1.2648343,0.9592316,1.1812706,0.7734803,0.25058693,0.14819066
1.2884755,0.5618699,1.2500455,0.7497288,0.36699867,0.15719478
1.2482628,0.9149359,1.5444658,0.7891166,0.38153702,0.12885994
1.4208374,0.9562116,1.3403692,0.7537266,0.38993338,0.15083769
1.7594618,0.70655763,1.3877571,0.78756166,0.41130975,0.14409974
1.0317239,0.74282295,1.3418646,0.7726462,0.28264275,0.13740222
1.5396365,0.8415866,1.3285356,0.76892495,0.37275016,0.15369861
1.2591643,0.5362222,1.4172914,0.67627835,0.042970274,0.16896003
1.5518789,0.57368165,1.3166506,0.69633234,0.13662758,0.16826902
1.903088,0.7675029,1.9864066,0.9223303,0.30363628,0.07204382
1.2979565,0.94327337,1.5452743,0.7941135,0.40995982,0.14345993
1.2795534,0.9492361,1.1635208,0.79114187,0.22122112,0.1332002
1.3733177,0.52049446,1.7411327,0.8004753,0.1182876,0.11345308
1.7145071,0.94635504,1.6027582,0.7931798,0.36553496,0.13628358
1.6291946,0.8531619,1.1579661,0.76294184,0.20203248,0.1390989
1.5902082,0.575698,1.3689544,0.68784964,0.12806435,0.17226988
1.2598733,0.83491606,1.6430547,0.7966839,0.30392095,0.13009794
1.762744,0.7992382,1.2763824,0.7093859,0.084986456,0.15912743
1.6068335,0.60647774,1.4666622,0.77670443,0.27923298,0.13516308
1.0045696,0.7706907,1.1720679,0.8034175,0.29182702,0.1320421
1.3338073,0.8711128,1.8356853,0.86690295,0.39702436,0.09436883
1.9651048,0.92519534,1.3925331,0.7037608,0.14878653,0.16729137
1.2810462,0.68779635,1.4683678,0.81891066,0.44788438,0.13451622
1.8765112,0.7709974,1.1885536,0.78272486,0.28197595,0.1341067
1.3819848,0.94246614,1.4142466,0.71611047,0.1357853,0.1635219
1.1542146,0.88503504,1.2358837,0.7594323,0.21304907,0.14491966
1.2942979,0.92213935,1.1978295,0.74192005,0.1171583,0.14417864
1.8001497,0.81259435,1.2118235,0.7628747,0.22944744,0.14236549
1.4036398,0.5636484,1.4269841,0.823576,0.5940691,0.14082162
1.84977,0.83970267,1.3060107,0.72839135,0.18842623,0.15827365
1.4013761,0.71744716,1.0493407,0.82955307,0.12788813,0.1115938
1.1041772,0.6448427,1.624979,0.8335912,0.65323186,0.12397286
1.5190525,0.67858726,1.1687319,0.8113115,0.34439805,0.13574827
1.0422425,0.70419407,1.2857344,0.7832608,0.30724752,0.14578216
1.9972776,0.8512366,1.5972097,0.8422381,0.567613,0.11971391
1.9131229,0.89284074,1.2991736,0.7221682,0.19621624,0.16334051
1.757423,0.762097,1.3222578,0.69323826,0.10933764,0.17049314
1.3524169,0.9387654,1.6692355,0.7784493,0.12905313,0.12849478
1.4310879,0.68508714,1.3735669,0.7151133,0.2496851,0.163619
1.3236359,0.50630593,1.1791594,0.7956931,0.23000742,0.12861705
1.7950491,0.9055324,1.374315,0.7714843,0.388609,0.15416288
1.8405775,0.8653781,1.4562001,0.8258381,0.6916623,0.14446418
2.0160534,0.9100282,1.459405,0.7759067,0.33438212,0.14702699
1.493969,0.66080475,1.3571539,0.737874,0.27357918,0.15581593
1.3914845,0.4895702,1.1123674,0.7814431,0.14976905,0.12914842
1.3107327,0.46515468,1.2711365,0.8013652,0.3310013,0.13901643
1.1986121,0.6639543,1.3161044,0.7097678,0.13850674,0.16410168
1.2391676,0.5983655,1.1733692,0.8660309,0.5250508,0.10995349
1.8426881,0.8712929,1.4303279,0.77727354,0.35151047,0.14176561
1.6474098,0.62116885,1.4100897,0.8577608,0.6297986,0.13077922
1.2100507,0.6042488,1.3479509,0.7829565,0.33819166,0.15127696
0.9902737,0.848245,1.3933878,0.80395967,0.44601932,0.13848054
1.802787,0.88547254,1.3336976,0.7436999,0.316148,0.15737717
1.6445107,0.98062533,1.8785768,0.8680751,0.224653,0.088498935
1.4048789,0.9988205,1.6981888,0.82254595,0.3861329,0.12546931
1.0360923,0.87796205,1.1726549,0.7948588,0.25484148,0.13255733
1.4175704,0.8334538,1.0066929,0.83730716,0.15438914,0.10958552
0.950965,0.8935165,1.3055899,0.7632203,0.30436072,0.14438574
1.9420918,0.85080475,1.2772648,0.7962275,0.26209217,0.13314024
1.3276272,0.6930116,1.4798963,0.79806244,0.45499107,0.13802052
1.8366787,0.9194514,1.3835676,0.74497825,0.32791555,0.1609084
1.5408242,0.7241682,1.4882195,0.77887475,0.35261163,0.14098758
1.2193055,0.8003088,1.2737179,0.7746428,0.29828966,0.14304937
1.7169442,0.89240164,1.4790556,0.77159107,0.62283206,0.14604212
1.6245248,0.83461815,1.4704623,0.8241971,0.46900797,0.13017909
1.2440481,0.7264981,1.4038894,0.7948936,0.56144273,0.14881834
1.6543418,0.66380817,1.2239876,0.8184572,0.4007575,0.1347833
1.5206629,0.75382924,1.6218133,0.8176597,0.5969433,0.12860383
1.5615902,0.88849586,1.4024229,0.82034445,0.45646822,0.13374476
1.6150106,0.6692094,1.3967645,0.71738744,0.15366599,0.15934996
2.0698388,0.9296609,1.2631466,0.81101495,0.3837465,0.13209432
1.2990353,0.76969844,1.1718934,0.78107387,0.2286787,0.13608496
1.6528075,0.7431748,1.4126272,0.7825933,0.3542827,0.15096448
1.5833904,0.7134629,1.2371576,0.7239394,0.14246212,0.15357442
1.6829033,0.77667314,1.2352962,0.71586573,0.081633195,0.15552346
1.7021823,0.9662707,1.1965821,0.78509784,0.18808421,0.13267863
1.7978623,0.6876338,1.425344,0.7308218,0.13314104,0.14940257
1.5667922,0.65177625,1.4278965,0.74872994,0.282112,0.14944726
1.7802572,0.9238347,1.3930359,0.76132476,0.2994699,0.15242846
1.4767991,0.53422266,1.4918816,0.7779461,0.4913449,0.16724537
1.5074046,0.7376314,1.2732058,0.7610818,0.2471763,0.14384298
1.0690827,0.7504275,1.2302854,0.7809097,0.2181244,0.13495524
1.5384685,0.8792262,1.165118,0.8048116,0.26746246,0.13040328
1.8625449,0.8344678,1.53951,0.817537,0.50527877,0.13416979
1.5660365,0.6790346,1.3542268,0.7250184,0.16288987,0.15690397
1.8631544,0.88086647,1.2292712,0.80423945,0.2719974,0.1307905
1.4181437,0.96748954,1.5511386,0.7888965,0.44436488,0.14883506
1.3758702,0.8658854,1.277039,0.7768843,0.2669834,0.13973363
1.6081623,0.81911105,1.2818315,0.71371424,0.1575717,0.15840815
2.0482874,0.9578915,1.4137933,0.7998218,0.34638095,0.13424307
1.7422246,0.7710711,1.2312117,0.7439549,0.20683336,0.14914487
1.5177892,0.9683148,1.429981,0.71500623,0.37055758,0.17131092
1.0561377,0.7407898,1.3893855,0.7804054,0.5047191,0.1587297
1.5252957,0.8172551,1.2754316,0.8365241,0.44866127,0.12156735
1.2429103,0.5481102,1.5330136,0.7765586,0.3656088,0.1397817
1.2434808,0.70537794,1.5806096,0.81475335,0.44560212,0.13398348
1.5436639,0.8132466,1.4578819,0.77492905,0.36924237,0.14593625
1.0107472,0.7803545,1.3661115,0.76569355,0.37030423,0.15547596
1.0277385,0.947516,1.3785064,0.7203686,0.23300351,0.17376375
1.4165933,0.63330346,1.7870557,0.8236528,0.10621734,0.09747603
1.2695578,0.4576879,1.4020903,0.80223566,0.42434955,0.143994
1.3314414,0.47169712,1.184983,0.8703203,0.4433955,0.11762927
1.2403772,0.6823632,1.2642598,0.8055628,0.27247375,0.13704874
1.4278705,0.68691933,1.2422817,0.73143816,0.20657651,0.15674403
1.6366384,0.61681986,1.4012563,0.769578,0.31838894,0.15365398
1.3485922,0.586963,1.866292,0.8878254,0.55430686,0.10029061
1.870732,0.8678785,1.2583058,0.7411942,0.2502512,0.15677136
1.9117287,0.9256891,1.0212563,0.84615165,0.13383745,0.10781235
1.6787941,0.8898629,1.1374497,0.78909,0.2691074,0.13729922
1.2285935,0.7557655,1.2679803,0.8127482,0.4202542,0.13133973
1.3050427,0.9177529,1.2048223,0.7522018,0.1764639,0.14363904
1.372517,0.61694384,1.3648331,0.7292759,0.21327204,0.15586454
1.7973912,0.69110584,1.0913215,0.8054612,0.09534422,0.119503245
1.889658,0.8433667,1.7424605,0.8670172,0.7370625,0.09966498
1.6966288,0.72702026,1.2303562,0.7661747,0.2991778,0.14837289
1.3531101,0.5832087,1.5072811,0.7707001,0.39240068,0.14498655
1.2402598,0.9852155,1.7680404,0.8508332,0.44728255,0.1097115
1.4375904,0.49224952,1.4579496,0.7485135,0.29736495,0.15454087
1.9898758,0.86659706,1.1665237,0.7577894,0.13125841,0.13767666
1.2814211,0.9806484,1.1978955,0.7409241,0.12380988,0.14726382
1.4590496,0.707239,1.2809014,0.7513953,0.28015974,0.14735103
1.7355204,0.69732684,1.1119602,0.77245116,0.17348696,0.13272847
1.6789743,0.6691997,1.3763244,0.7366114,0.27151626,0.15336397
1.602553,0.7309832,1.4975169,0.8215168,0.8305944,0.14482184
1.3654475,0.7265953,1.5437405,0.78671145,0.48053518,0.15651186
1.4382986,0.52986753,1.3520162,0.7951828,0.3921095,0.14088126
1.8099527,0.9876475,1.4589455,0.7732036,0.37599972,0.15142885
0.98309344,0.98009133,1.3039799,0.7213898,0.2039348,0.16351606
1.4056338,0.5337271,1.3322816,0.7837374,0.3880968,0.13543545
1.6121385,0.92432123,1.3818221,0.7805103,0.3891055,0.15111414
1.1043348,0.6199605,1.2897384,0.75402176,0.31130072,0.14994022
1.5584415,0.54258543,1.2488332,0.7216595,0.11840923,0.15472901
1.503975,0.6172451,1.4964643,0.7467027,0.15301055,0.14550957
1.6964867,0.9935345,1.1715932,0.77343345,0.23698044,0.14032748
1.3469833,0.79125863,1.5084603,0.7679875,0.2776317,0.14559294
1.6360052,0.66985255,1.4246659,0.7428456,0.23114881,0.15626706
1.4623022,0.68963283,1.3573875,0.6800029,0.06720058,0.17415975
1.9848261,0.92047626,1.2940257,0.7846324,0.28626785,0.1400648
1.1250074,0.8603452,1.3286102,0.7008868,0.113940075,0.16873232
1.4581553,0.58583313,1.2970293,0.7791419,0.37225404,0.1498232
1.0281714,0.9561129,1.2825935,0.72719085,0.20671202,0.16300243
1.7279513,0.6717314,1.3154466,0.7479762,0.21777725,0.1626563
1.8168222,0.719388,1.8137765,0.83958435,0.17835556,0.10180171
1.1307294,0.7605871,1.3777633,0.7764654,0.24323124,0.14260097
1.544857,0.5510487,1.2618172,0.7331441,0.18807277,0.15597829
1.1701355,0.5910889,1.3488326,0.74274766,0.22190562,0.1575176
1.4256762,0.5040584,1.6818099,0.83350086,0.6565918,0.14290875
1.2818348,0.5462916,1.2899585,0.7702793,0.33877698,0.14675824
1.8809859,0.7947788,1.3424435,0.7796155,0.23804836,0.13878961
1.2572162,0.49619156,1.2837017,0.79253274,0.19288829,0.13361079
0.95552975,0.98771363,1.3105423,0.722931,0.22085579,0.16063064
1.5947704,0.58775276,1.2702253,0.723964,0.16779998,0.15494007
1.4110096,0.88996196,1.4281733,0.7901872,0.38153282,0.14835358
1.5187358,0.92854375,1.3348155,0.7457979,0.2283606,0.14946406
1.233661,0.75848347,1.5055482,0.7876504,0.361404,0.14063539
2.107161,0.9786378,1.2557409,0.7932287,0.41739422,0.13841918
1.7289692,0.6735934,1.1560885,0.78094137,0.19512415,0.13397294
1.6260473,0.60607827,1.5886943,0.73384404,0.017724512,0.13241705
1.6478443,0.9024836,1.2323339,0.748787,0.17031403,0.14384262
1.1012714,0.81882894,2.0228767,0.91589874,0.13587144,0.06464531
1.7817864,0.9284117,1.2867644,0.77484274,0.29583865,0.1445905
1.5977126,0.88353485,1.31755,0.8175899,0.6653256,0.14616454
1.7311039,0.72982645,1.4735944,0.80069363,0.76597303,0.15612206
1.9408829,0.95236474,1.6997671,0.84205997,0.319661,0.11587768
1.4633871,0.8738093,1.3991518,0.7379118,0.1810655,0.15224782
1.4730558,0.8551569,1.0411379,0.81600165,0.11187585,0.11172052
1.4113939,0.5727739,1.2694123,0.78170395,0.26736587,0.13990325
1.4373218,0.7236116,1.1407301,0.77246475,0.12000759,0.13140818
1.5359163,0.71813345,1.240274,0.7849932,0.40143365,0.1409404
1.8777045,0.8174574,1.3478825,0.7324921,0.27678606,0.16077425
1.4668902,0.94560075,1.2635052,0.8166899,0.34848878,0.1370502
1.7751596,0.69743305,1.3835859,0.7425152,0.23972814,0.15441231
1.5654922,0.85787374,1.2369509,0.74025536,0.12690137,0.14550668
1.0953394,0.9716436,1.2985196,0.76048815,0.25467828,0.14363089
1.854225,0.7732433,1.2894552,0.77849805,0.31191006,0.13992907
1.4739275,0.7776901,1.426178,0.761936,0.41918996,0.15404943
1.6402011,0.9744479,1.4878743,0.767145,0.3492356,0.15805176
1.8675795,0.95560694,1.6361344,0.824803,0.63120663,0.13946636
1.5937715,0.98015666,1.5497856,0.78129286,0.42853686,0.14248244
1.3219405,0.5789312,1.2467983,0.8130698,0.44597736,0.14110373
1.3578135,0.9134729,1.3481836,0.8000317,0.32988963,0.13692763
1.2284019,0.711792,1.4340672,0.77764976,0.33441842,0.14412579
1.6583002,0.8809683,1.8960268,0.8988695,0.41201416,0.078430206
1.3305882,0.48152655,1.7109742,0.8381167,0.46212703,0.12247627
1.3525146,0.45765004,1.6806262,0.8120124,0.24428494,0.11142391
1.248927,0.51608694,1.1889229,0.7559639,0.20851554,0.14397992
1.226607,0.93284947,1.5585887,0.7192785,0.032934215,0.14621991
1.315174,0.5521042,1.4016945,0.7338152,0.2971791,0.15422134
1.3570857,0.47897795,1.480453,0.7998319,0.42320067,0.14371602
1.1486487,0.7785568,1.4820211,0.810082,0.46241233,0.13855472
1.6816146,0.7270472,1.1980846,0.8173619,0.41800916,0.13463588
1.4170216,0.4603273,1.4315758,0.67459244,0.04493146,0.17242643
1.6204003,0.78706115,1.2914596,0.8001304,0.35793236,0.13774407
1.5270734,0.8763109,1.2414589,0.76789856,0.34510562,0.14952758
0.97608197,0.9582357,1.4218159,0.7630142,0.2890463,0.1480304
1.9392838,0.9942549,1.045261,0.8037286,0.12984774,0.120037
1.5276774,0.8819624,1.318285,0.72185975,0.2220087,0.17192069
1.9177499,0.8618773,1.1457808,0.8072921,0.22408417,0.13215499
1.0462106,0.7426454,1.4120495,0.81234276,0.5286622,0.14073288
1.6086838,0.6341752,1.4227285,0.76327354,0.30764505,0.15379797
1.5700194,0.9802876,1.2801669,0.7344867,0.18948859,0.1513878
1.2746775,0.6646151,1.5239425,0.76718694,0.40438646,0.1649855
1.3143517,0.46260324,1.2192745,0.77261883,0.19621427,0.13410932
2.0218117,0.98177034,1.4012988,0.7101396,0.14271769,0.16294658
1.3825275,0.49448198,1.8224478,0.8334681,0.081744716,0.0951056
1.1816047,0.72742987,1.1504806,0.7925388,0.19310065,0.12654208
1.216262,0.6547576,1.1889133,0.7817395,0.27067298,0.14009213
1.6769747,0.699906,1.3249433,0.7133745,0.16736059,0.16790465
1.5618615,0.7124356,1.3908281,0.7716181,0.38753453,0.15044408
1.713391,0.876892,1.2075067,0.7359123,0.12093805,0.1466248
1.5399714,0.5568634,1.2270377,0.73717356,0.15085131,0.15167663
1.096202,0.79715943,1.1834614,0.7806541,0.216913,0.1331166
1.5495915,0.97971064,1.31967,0.7800126,0.3549181,0.14467323
1.4315218,0.60512817,1.6208887,0.77531576,0.26087612,0.13467753
1.3779521,0.8773396,1.3020637,0.78764707,0.52533245,0.1526791
1.2266254,0.6044411,1.3248155,0.7872737,0.38267902,0.1445476
1.7449893,0.8425765,1.3311219,0.74343574,0.23645806,0.15558293
0.993676,0.85355455,1.6134684,0.81009644,0.39608285,0.14041224
1.612416,0.6716715,1.2334268,0.78789634,0.26606867,0.13718738
1.7554678,0.66384995,1.5570326,0.82568973,0.49767348,0.120691985
1.7275628,0.7634903,1.3172565,0.7834232,0.3363427,0.13885045
1.3234943,0.50192285,1.2532043,0.84155935,0.37847665,0.12894775
0.96838367,0.96809596,1.3307803,0.74060476,0.2665337,0.15606351
1.5859848,0.54287845,1.4536335,0.80501074,0.37625813,0.13769418
1.2847784,0.7273776,1.1683509,0.77930975,0.16808791,0.13109091
1.50861,0.49800608,1.2546,0.77581406,0.31923315,0.14566296
1.3387454,0.54831415,1.5619466,0.82908684,0.4987604,0.11798583
1.7844406,0.68629223,1.2865181,0.7907964,0.5261894,0.14860168
0.90692127,0.96925265,1.4848983,0.7110868,0.10409629,0.15740561
1.090193,0.66746634,1.312948,0.7853071,0.3660126,0.14160678
1.2317222,0.49705428,1.2410786,0.8144966,0.3932894,0.13315018
1.4623328,0.7927456,1.3357475,0.7823516,0.27361274,0.13947344
1.9836301,0.83852583,1.2229397,0.77989286,0.38192296,0.1465764
1.360556,0.7242524,1.3590326,0.7521572,0.35628402,0.14950562
1.3933796,0.84239703,1.422389,0.6958266,0.16287594,0.16740654
1.5363762,0.6394629,1.5246191,0.8142122,0.41661596,0.12355596
1.6628178,0.7782004,1.2053189,0.7776606,0.32540137,0.14607385
1.5258392,0.71403646,1.5287652,0.7661263,0.31864926,0.13824277
1.0153301,0.97769856,1.2736566,0.81277496,0.36481822,0.13765189
1.5116048,0.579732,1.4866934,0.7857278,0.5094207,0.15555644
1.6168102,0.5987709,1.489466,0.74470365,0.19852439,0.15606274
1.6142007,0.6598066,1.4450996,0.785723,0.47388992,0.13983412
1.5133567,0.99504316,1.262763,0.705392,0.09392618,0.15826136
1.5545166,0.9243497,1.3313828,0.6849492,0.11959347,0.17311335
2.1425214,0.98489136,1.4549847,0.7788168,0.3978932,0.14949286
1.4694698,0.760112,1.1971476,0.826388,0.28817979,0.12199101
1.7689265,0.8476835,1.2424269,0.7912093,0.35271585,0.13830404
1.7510966,0.96690696,1.1991463,0.77987206,0.18999848,0.13607104
1.4958854,0.6936584,1.3860238,0.804251,0.34891343,0.14047
1.9582875,0.91167945,1.4077871,0.7676791,0.39037347,0.15014514
1.0753411,0.67100275,1.6558576,0.8011622,0.37907532,0.12899275
1.7118431,0.86402047,1.5161717,0.7139348,0.112964496,0.15452932
1.3640603,0.45408052,1.4026213,0.72790766,0.2506221,0.15880589
1.1200701,0.8914554,1.555176,0.7789942,0.36418054,0.14444053
1.1512225,0.60386735,1.0316932,0.84331125,0.25809202,0.11346765
1.408117,0.44025776,1.5997488,0.79584295,0.3439112,0.13445662
1.5028248,0.6477307,1.3128204,0.7867899,0.3613072,0.13458738
1.8500321,0.9728406,1.597604,0.79017234,0.42819408,0.13585822
1.4929502,0.5516422,1.3700135,0.80129796,0.38894957,0.14400297
1.8011559,0.72873986,1.3236358,0.83641636,0.49929294,0.13036585
1.7758435,0.8069179,1.4037251,0.740478,0.2444278,0.1584226
1.3665088,0.45039332,1.6735094,0.824246,0.39822933,0.11371184
1.4268105,0.8709821,1.2607107,0.80128294,0.29579255,0.1336453
1.5475738,0.67098653,1.238406,0.81674725,0.3061079,0.1281657
1.2514865,0.92029035,1.3653054,0.72266704,0.27124,0.15995477
1.2849628,0.61364406,1.0326972,0.8336642,0.24979925,0.11791216
1.296442,0.57572675,1.1468618,0.7769635,0.1749689,0.1365753
1.2216386,0.9584175,1.3821042,0.79780775,0.51045454,0.1546935
1.6781654,0.6147752,1.2837687,0.78489447,0.41661942,0.14552118
2.0550985,0.9449525,1.2392492,0.73910385,0.16301028,0.14689887
1.5260175,0.66607666,1.3579526,0.75888723,0.26226753,0.14867206
1.5653458,0.66617244,1.465339,0.7515965,0.23495221,0.14838476
1.5736928,0.5443934,1.7728834,0.8554849,0.1652367,0.09300134
1.0130725,0.7430612,1.2495468,0.7694779,0.25404802,0.14739881
1.650657,0.67687625,1.3520129,0.6630995,0.017647563,0.17226872
1.9083823,0.8053475,1.1316767,0.784356,0.2172457,0.13327989
1.7625234,0.9149775,1.345901,0.7804378,0.33176756,0.14582045
1.5665106,0.6465255,1.0656314,0.82320863,0.24674784,0.11885235
1.5493625,0.852553,1.1782413,0.7922242,0.39644098,0.14203958
1.3606853,0.4624003,1.4103384,0.82033587,0.45580336,0.1354807
1.7404784,0.8333477,1.5489583,0.789397,0.3241269,0.13690434
1.6883711,0.6413569,1.2233169,0.73740494,0.12011621,0.1466327
1.8690732,0.76698947,1.3801637,0.6844262,0.1201453,0.1749709
1.3614628,0.44654286,1.5576861,0.81669897,0.43640265,0.13338451
1.2037181,0.8812733,1.3720434,0.72168875,0.17417675,0.15742418
1.5078672,0.7175887,1.3984427,0.73477703,0.32524312,0.15922725
1.7839578,0.8861606,1.2625551,0.71978664,0.16730465,0.15784054
1.7568913,0.9719128,1.5318952,0.76185775,0.47117662,0.16325134
2.1018307,0.94243014,1.5185754,0.8368836,0.62887007,0.14550154
1.6929425,0.8084097,1.3179326,0.6994542,0.100973405,0.1641877
1.3588316,0.5754487,1.4113164,0.79683024,0.4421848,0.1490813
1.0940068,0.9657533,1.5646994,0.7793212,0.19898541,0.12950087
1.2080032,0.58479285,1.1711757,0.74506783,0.14345033,0.14480901
1.2282325,0.504011,1.1013609,0.7747936,0.112313025,0.134065
1.1806778,0.9019178,1.5590746,0.8424994,0.8168103,0.13676026
1.3919629,0.6841773,1.3957803,0.79638845,0.4282677,0.14678152
1.3019745,0.46564564,1.0803639,0.8127635,0.23318465,0.13139868
1.3159566,0.68952733,1.1312716,0.7840519,0.24304684,0.13439888
1.9789615,0.83129054,1.0514729,0.8163696,0.15406966,0.1123043
1.758107,0.7826134,1.38501,0.74686855,0.3391669,0.15942834
1.2247499,0.5724759,1.5133889,0.7707118,0.32502088,0.14304096
1.3408282,0.9113706,1.4351616,0.7894341,0.3838228,0.15376213
1.7943388,0.6973556,1.7164912,0.79433674,0.23526065,0.12971506
1.3863276,0.8626781,1.2821107,0.7772283,0.36132285,0.14442487
1.3700085,0.9725591,1.6550257,0.80933094,0.34288403,0.1246897
1.5473323,0.7678401,1.3502951,0.7816346,0.34136844,0.14829671
1.5956463,0.9355065,1.2823205,0.8134745,0.32401583,0.13501407
1.2420168,0.970253,1.0421634,0.84116966,0.30114326,0.1169077
1.9319332,0.8969025,1.4618485,0.77339727,0.3834953,0.1407576
1.4099284,0.57302225,1.326771,0.8367922,0.46208432,0.12551153
1.5184019,0.5585925,1.5856583,0.73709,0.0934805,0.14306381
1.1125525,0.6684884,1.4631293,0.7610906,0.366188,0.16374673
1.3789676,0.6376534,1.1671672,0.72664165,0.03422846,0.13669924
2.1191285,0.97275174,1.2550182,0.7720037,0.3110202,0.14830574
1.5288564,0.60105145,1.3827877,0.8090716,0.44467852,0.1339241
1.6592679,0.6632358,1.4933138,0.7217788,0.21690747,0.1629587
1.406854,0.7678264,1.0772533,0.8515717,0.28728667,0.1120589
1.0828104,0.87430966,1.3855746,0.68685746,0.07624992,0.16704436
1.7506912,0.65402806,1.2778146,0.70627415,0.10749877,0.15710758
1.9995663,0.90438867,1.2752857,0.75406116,0.25580034,0.15137957
1.4831474,0.5914022,1.4079564,0.715213,0.2142291,0.16375332
1.7162144,0.8357024,1.4953408,0.84813315,0.5620971,0.1197696
1.1321764,0.59624076,1.258286,0.76615477,0.2857965,0.14651448
1.6195126,0.72847205,1.6051788,0.8061742,0.43338555,0.13488425
1.4625909,0.83448374,1.1183326,0.768162,0.08586962,0.13021909
1.1451712,0.57314205,1.3933573,0.76559025,0.28759935,0.15176989
1.4611562,0.58178055,1.4074261,0.7751693,0.3421599,0.15887326
1.9269304,0.9128049,1.1874726,0.74881566,0.22137555,0.14917636
1.3633976,0.9808033,1.3774126,0.7381103,0.24140108,0.16081575
1.3126323,0.577226,1.2006388,0.8488007,0.36547837,0.12225131
1.4664176,0.5055027,1.1718457,0.772772,0.17981642,0.13354535
2.0393012,0.88609827,1.3847234,0.67303294,0.04649229,0.16826148
1.2755176,0.80498284,1.2166526,0.7515174,0.15216956,0.14422289
1.6233547,0.6142937,1.479054,0.77018166,0.3589877,0.14439924
1.1184549,0.6306394,1.1739216,0.77838236,0.25005797,0.13896984
1.4376365,0.7900537,1.6697764,0.8379462,0.37008342,0.12325944
1.4030074,0.90882725,1.7002661,0.8591444,0.6246901,0.11452749
1.2229321,0.6433092,1.2567725,0.7730454,0.28870198,0.13964988
1.604786,0.9400031,1.3230233,0.76399016,0.23910517,0.14128421
1.1361086,0.91917974,1.2095051,0.7954293,0.2717597,0.14018254
0.9563324,0.8844247,1.1612692,0.78782046,0.27043986,0.13365245
1.645776,0.65602916,1.4587274,0.79506284,0.38284814,0.14621314
1.5387625,0.53633773,1.5450578,0.7536752,0.16031349,0.1404666
1.2915648,0.9476147,1.4370749,0.7698097,0.32625082,0.14869617
1.6548241,0.7285605,1.3723376,0.73502463,0.25814494,0.15786354
1.2630942,0.55078673,1.1983604,0.7670534,0.21677995,0.14206876
1.8497328,0.8428465,1.4215395,0.7538119,0.31491032,0.15514797
1.7265593,0.97647905,1.5458977,0.78323066,0.32126966,0.15026177
1.6175716,0.96175945,1.1477745,0.7911345,0.22020966,0.1320632
1.3971571,0.6956137,1.4868228,0.7254815,0.26736897,0.16711263
1.2374761,0.74587977,1.3675766,0.69431096,0.15307297,0.17156914
1.3955555,0.93538046,1.2300711,0.81094193,0.3288458,0.13216798
1.4396385,0.8055388,1.2971895,0.7209124,0.18127513,0.16766053
1.2567109,0.88180155,1.274348,0.73139924,0.16519617,0.15434675
1.9853867,0.9209893,1.3002558,0.7901846,0.38238022,0.13768882
1.8158667,0.8463207,1.0284145,0.82430315,0.14230329,0.116112545
1.8894101,0.7691191,1.344707,0.70068157,0.13485213,0.16247813
1.0849068,0.82992023,1.2269342,0.79909444,0.34037238,0.1360245
1.4868248,0.5608967,1.2813768,0.7859918,0.27916378,0.13825487
1.0679535,0.8593252,1.42785,0.7366831,0.31480455,0.16431867
1.8418018,0.9092378,1.3995979,0.730734,0.22763006,0.1552594
1.345998,0.8035793,1.8593636,0.86388105,0.100011185,0.083499156
1.3804483,0.5450133,1.2712839,0.7550951,0.31727052,0.15197991
1.0105132,0.9790017,1.1889267,0.81007713,0.2937117,0.13053195
1.4076438,0.49859703,1.16983,0.756767,0.13478209,0.13488193
1.622041,0.60996664,1.2841942,0.7816943,0.34038904,0.13925168
1.2646198,0.6208741,1.3244832,0.73478645,0.1750718,0.15344128
1.3418025,0.57657,1.4781547,0.7786471,0.41628596,0.15109147
1.3993204,0.69555426,1.350894,0.7185933,0.13629025,0.15802185
1.2599791,0.50800985,1.2885067,0.7608479,0.2642728,0.14555022
1.810271,0.9028212,1.1501696,0.8010991,0.20740233,0.124199234
1.3228284,0.7686285,1.4322815,0.7681974,0.41252533,0.14629665
1.7880539,0.9796593,1.3166206,0.72919804,0.20928061,0.15610784
1.9566892,0.9507529,1.1064458,0.79907244,0.14057012,0.12066945
1.9349768,0.9441179,1.7234583,0.8331765,0.51578987,0.11830577
1.7745368,0.796725,1.3116634,0.7380177,0.2514225,0.15461938
1.8061584,0.7469852,1.2200601,0.7580495,0.1656158,0.14048532
1.6573095,0.6984975,1.1428044,0.81942874,0.309605,0.13136446
1.446978,0.84284085,1.3920982,0.81441015,0.42343217,0.14054967
1.5574975,0.7969488,1.6734178,0.8012813,0.35295963,0.1252721
1.3388187,0.6042736,1.382973,0.7378789,0.23397829,0.15491901
1.4504168,0.74040776,1.3265789,0.77674365,0.35691962,0.14856581
1.9070961,0.79849875,1.3574138,0.7359247,0.25215498,0.16145183
1.2002261,0.92885,1.2743864,0.67857563,0.04406439,0.16219977
1.034335,0.72038496,1.3704014,0.78963137,0.35881066,0.14561619
1.1734086,0.5731038,1.2527559,0.7064602,0.08767486,0.15860489
1.939889,0.803858,1.3442161,0.68378925,0.11876506,0.17673314
1.4775243,0.79284906,1.6026645,0.7788,0.2549768,0.13829707
1.9159576,0.9336915,1.2281108,0.7435842,0.22163089,0.15527047
1.5130453,0.5063721,1.3344641,0.69712824,0.10976307,0.16524589
1.0233936,0.84158885,1.2671301,0.8057527,0.33889973,0.1395657
1.699709,0.85811824,1.4235725,0.8132731,0.5055925,0.147004
1.3943481,0.45781383,1.4183519,0.801254,0.4452154,0.14592335
1.2529386,0.56605047,1.2672203,0.7606595,0.23259394,0.14532936
1.9373465,0.8985395,1.2053332,0.764632,0.31440225,0.1441685
1.4491228,0.8297956,1.3524549,0.72857916,0.164568,0.15927017
1.2613906,0.717334,1.3710012,0.7268057,0.14990915,0.17473343
1.3592508,0.44557366,1.4568775,0.7486964,0.28538543,0.15181844
1.5116096,0.703531,1.2762585,0.7880719,0.37217987,0.14097507
1.435798,0.86209595,1.3244534,0.74603474,0.3221145,0.15602484
1.907644,0.79225546,1.3644989,0.71944183,0.13257834,0.15686849
1.6064649,0.6110513,1.463505,0.7599573,0.3562147,0.15808202
2.039461,0.88307023,1.2562001,0.7684909,0.27970934,0.14333889
1.2049631,0.7749627,1.1291823,0.7789136,0.18025437,0.13114564
1.7108607,0.73819315,1.3680618,0.74756765,0.20955247,0.14949232
1.336954,0.47950456,1.3182452,0.7291508,0.23104323,0.15779275
1.3501598,0.8324874,1.414011,0.78250927,0.38523486,0.15203042
1.7004734,0.80312836,1.336602,0.75552535,0.37985048,0.1590802
1.8319346,0.9118703,1.287735,0.7909362,0.37521604,0.14461312
0.9485396,0.90275383,1.3975046,0.78735393,0.3613879,0.13770105
1.3528246,0.4585928,1.4538229,0.72976273,0.22883545,0.15420829
1.0925099,0.7251161,1.124938,0.80797595,0.20292014,0.12298591
1.2408712,0.6556157,1.2104857,0.7762956,0.33787206,0.15064977
1.564512,0.9594407,1.2177985,0.71721566,0.045954213,0.1441192
1.3650963,0.43432298,1.4370143,0.83151025,0.6076227,0.1471346
1.4118252,0.7075499,1.4198203,0.7764146,0.36667538,0.15870413
1.454138,0.9767581,1.3230226,0.71208394,0.1617488,0.16818345
1.5477268,0.67845887,1.2015176,0.7482492,0.23024912,0.14942478
1.2665343,0.51263773,1.4119318,0.8194292,0.46455503,0.13301782
1.6457807,0.670037,1.3859518,0.7637701,0.32519042,0.1476428
1.5713096,0.8348817,1.5276642,0.8112451,0.5038802,0.13631539
1.6301832,0.80458087,1.1794305,0.7597414,0.16796798,0.14137252
1.184743,0.9707683,1.0613213,0.86833,0.34789032,0.11491875
1.3980585,0.81750375,1.811131,0.82986695,0.10848463,0.099440485
1.1490061,0.94878703,1.4654534,0.75215846,0.3455162,0.15394959
1.5657911,0.9178941,1.2618008,0.8365357,0.3456716,0.11954363
1.2794023,0.49089152,1.4184141,0.7608516,0.27398625,0.14877571
1.5658176,0.8306563,1.4248724,0.7802354,0.40533644,0.14975464
1.1868507,0.6802562,1.2717185,0.81029767,0.37848073,0.13576885
1.3151723,0.44375885,1.2533982,0.72085047,0.13647367,0.15831132
1.8707328,0.7566506,1.0579175,0.82052344,0.14830835,0.111812145
1.6896374,0.98183846,1.6063583,0.8397533,0.49584055,0.11393822
1.4645454,0.70899427,1.3130434,0.69390464,0.059513506,0.1721581
1.5889171,0.6638886,1.4379745,0.7904413,0.5011823,0.14608252
1.714073,0.9161316,1.1285183,0.7681354,0.1220368,0.1304195
1.8898216,0.9067825,1.2862453,0.7643628,0.33905336,0.1561401
1.2509989,0.60866624,1.6067524,0.8134057,0.35321903,0.12572218
1.6194999,0.59680426,1.2419684,0.7752136,0.31326437,0.15265428
1.4219127,0.45293558,1.0620661,0.8318961,0.22635175,0.1177784
0.9540084,0.8477818,1.9179206,0.8780128,0.09942223,0.07689146
1.7632886,0.8733154,1.4284096,0.70852935,0.1262873,0.16038127
1.9209077,0.97476715,1.5347977,0.79362,0.42209288,0.14493097
1.2228221,0.7929579,1.3709617,0.7780597,0.5632499,0.15416063
2.117627,0.98798674,1.4179049,0.7211218,0.13877259,0.16868861
1.2805437,0.73963326,1.4519417,0.7340154,0.29471233,0.169461
1.1584266,0.7137297,1.2926009,0.69694936,0.076184,0.16808549
1.707268,0.6455447,1.2594235,0.80407053,0.32297495,0.1320397
1.4185215,0.9770486,1.5942271,0.7565793,0.25508395,0.14301336
1.003012,0.8860211,1.0547354,0.8215682,0.18801351,0.12200149
1.154849,0.8976989,1.5525913,0.7811404,0.40548468,0.1544577
1.1281205,0.7844982,1.3371451,0.8085997,0.37990245,0.13905665
1.6827363,0.7206741,1.1827993,0.8235548,0.33743834,0.13641612
1.8667653,0.84304833,1.4924924,0.7689203,0.39757836,0.15003665
1.1276686,0.9520975,1.3446949,0.68554914,0.08713268,0.17295927
1.4998974,0.6547407,1.1797779,0.77434176,0.20194334,0.1361935
1.6286448,0.65774536,1.3353791,0.7599017,0.2818814,0.14291148
1.2387897,0.81138855,1.4087441,0.75312763,0.29943112,0.15307166
1.253717,0.84955466,1.3930728,0.7789525,0.39148974,0.14264047
1.0942957,0.7124552,1.2314577,0.7047124,0.07270903,0.15481226
1.4911872,0.5349447,1.1860421,0.7865056,0.29381192,0.13986006
1.8241469,0.83775604,1.2893598,0.78109515,0.28962907,0.14419869
1.6376995,0.585375,1.3158481,0.72407615,0.13165091,0.15020019
1.6318642,0.6176889,1.4893653,0.7648245,0.54090035,0.20692226
1.1385213,0.85132194,1.1821187,0.77370346,0.19784395,0.13630034
0.9208739,0.9980632,1.4607916,0.81482273,0.60234165,0.13276947
1.0982277,0.8175174,1.7188969,0.81232107,0.21695891,0.11145427
1.5861534,0.69192207,1.307298,0.74559796,0.23870902,0.15439238
1.4081129,0.7938849,1.1408966,0.7843022,0.24566795,0.13818805
1.4459087,0.9234099,1.277334,0.708177,0.18082377,0.16643813
1.8401939,0.92123616,1.169595,0.8170932,0.30507338,0.12687738
1.8005682,0.8065924,1.3344746,0.77125514,0.2838973,0.14606142
1.3738385,0.7514822,1.5415959,0.78362,0.35742074,0.13663101
1.2744085,0.6097583,1.7022202,0.80075353,0.19668533,0.12141338
1.6967016,0.9987064,1.1916907,0.80554867,0.26262152,0.13099249
1.6736511,0.8180298,1.3637979,0.7140368,0.13447528,0.15582255
1.8699692,0.9536579,1.232245,0.8138165,0.3622855,0.13217133
1.3241366,0.5127466,1.3127334,0.7584686,0.27362314,0.15824348
1.2543844,0.657004,1.2902803,0.79884964,0.34246415,0.13282712
2.0287242,0.9086028,1.1313084,0.8289734,0.24936865,0.12241343
1.1692629,0.62370706,1.4544024,0.83517295,0.59845114,0.12777558
1.2977058,0.6856098,1.3611004,0.75633895,0.24059437,0.15629393
1.6309332,0.7708952,1.3740699,0.7146317,0.14834304,0.16491263
1.6500102,0.8386267,1.3984973,0.76975787,0.32546982,0.15517959
1.2317367,0.75099367,1.4016201,0.8102941,0.35323244,0.13433124
1.6883092,0.8971581,1.4127853,0.8294726,0.7440497,0.14305305
1.3761125,0.47726962,1.643765,0.7711094,0.117443055,0.12627819
1.8353525,0.9048477,1.3879821,0.72237366,0.17235991,0.15859054
1.6533898,0.61806726,1.1728194,0.78784686,0.29044825,0.13412595
1.1108412,0.8790078,1.1931031,0.753028,0.1824644,0.14334218
1.3735622,0.996844,1.4518723,0.798484,0.3686729,0.14564176
1.9538852,0.86352956,1.6535234,0.82294345,0.41257122,0.1262777
1.5937258,0.95903707,1.3450861,0.7862257,0.33440846,0.14614826
1.2481142,0.8157758,1.2504976,0.77508575,0.2423385,0.1411601
1.5996996,0.7142415,1.4122605,0.71873564,0.17106724,0.17200848
1.4031725,0.78030854,1.5214758,0.8176951,0.47513494,0.14169693
0.93845814,0.95497316,1.4803617,0.7161755,0.119306296,0.15990517
1.3946246,0.8964556,1.0804212,0.8142753,0.12012213,0.117293596
1.8147521,0.7519009,1.228322,0.82987183,0.4056452,0.13775401
1.0554894,0.70115936,1.0692003,0.8225199,0.16951528,0.11672281
1.4562434,0.85808325,1.4312174,0.7958497,0.45689264,0.15402828
1.8171759,0.7482531,1.0784118,0.8171958,0.2256672,0.12049695
1.3700914,0.62040937,1.2310097,0.76975334,0.20544063,0.13643149
1.5559493,0.54006195,1.4094768,0.78193355,0.4114155,0.14620182
1.5995612,0.6129568,1.3156502,0.81138015,0.47801286,0.14191379
1.3528736,0.78201807,1.4843993,0.7782596,0.4140555,0.14986342
1.3204292,0.7929017,1.2368796,0.81753516,0.3388748,0.12914763
1.6041261,0.7349995,1.1785316,0.7611897,0.22893843,0.1403144
1.9700279,0.98555017,1.2663474,0.7892314,0.43986505,0.13586417
1.2519408,0.5250361,1.1648458,0.78038144,0.26187763,0.1437122
1.290335,0.84505594,1.3780003,0.7827134,0.31675404,0.14202791
1.4348515,0.5261213,1.8489397,0.8377785,0.023376185,0.08680793
1.5585263,0.9464201,1.3313158,0.7630981,0.31757826,0.14766492
2.0518317,0.94129187,1.2821991,0.7953991,0.39728123,0.13830708
1.5676513,0.72343653,1.1020684,0.82091045,0.226182,0.12096619
1.418106,0.5621818,1.2848318,0.75889313,0.24971344,0.15038645
1.7737782,0.7804153,1.3116665,0.73588204,0.27822864,0.15700513
1.9393501,0.9584163,1.6016674,0.8080456,0.3736663,0.13869548
1.3443238,0.92679596,1.2473783,0.766941,0.3731034,0.14876689
1.5711805,0.7121451,1.0823662,0.8407553,0.26696405,0.119857974
1.3033973,0.88557917,1.3435171,0.70867676,0.14148065,0.16012469
1.2437537,0.54513794,1.0105808,0.8367584,0.14763291,0.11132753
1.9932814,0.8588004,1.6808515,0.81524223,0.33641857,0.12898043
1.7062384,0.7972386,1.6054502,0.7543223,0.032371167,0.12966563
1.4059829,0.8731662,1.1945384,0.8372416,0.3238907,0.11867748
1.5239332,0.7142723,1.1091503,0.76781553,0.121115126,0.13204238
1.0464438,0.6950373,1.1721796,0.74527705,0.08680613,0.13681774
1.5454793,0.7989126,1.2979021,0.78794795,0.42579404,0.1438538
1.4430014,0.5210854,1.2921991,0.7959717,0.35278577,0.13979277
1.2369769,0.6327288,1.2223005,0.7156639,0.09501685,0.15478988
1.1597548,0.56440675,1.3857908,0.73848116,0.27894652,0.16181803
1.4097544,0.53170973,1.2519755,0.7743387,0.24119116,0.14079617
1.2747682,0.86569774,1.2112224,0.809401,0.24255642,0.13239299
1.7796283,0.6881034,1.3332834,0.7137315,0.16164939,0.16677631
1.1165556,0.90120816,1.7049234,0.84323066,0.40835527,0.11269401
1.213333,0.7141386,1.0890839,0.80966896,0.18045288,0.123860195
1.4247619,0.7840856,1.247468,0.8188674,0.42070028,0.13216934
1.8514364,0.99546593,1.3294239,0.7982417,0.35723913,0.13678549
1.2036301,0.51464045,1.477324,0.7367753,0.2612172,0.16068582
1.519763,0.7718246,1.3700044,0.71842855,0.21140282,0.17202784
1.799787,0.88141525,1.2528896,0.7958475,0.3272761,0.1390607
1.4227985,0.84732693,1.257549,0.78995883,0.37318718,0.14805704
1.3524752,0.848115,1.5064712,0.77456,0.4081875,0.14297158
1.6050339,0.8736055,1.550128,0.7855686,0.37914282,0.14260638
1.7253226,0.64736855,1.134257,0.79259765,0.1881014,0.12762183
1.1421572,0.8745235,1.6078436,0.8085725,0.4412751,0.1258769
1.3960056,0.8484625,1.372158,0.770136,0.32614934,0.14995202
1.8829361,0.8156276,2.052702,0.9444269,0.22420679,0.059456408
1.4667578,0.8922576,1.4842291,0.7906785,0.44971105,0.14199036
1.3757142,0.85250074,1.2950528,0.7261474,0.17013702,0.1548035
1.7577107,0.72049093,1.1618993,0.802295,0.26066902,0.13148284
1.7260523,0.7294844,1.3781621,0.73966974,0.28801465,0.15354107
1.537128,0.6780621,1.3826377,0.7114197,0.24089324,0.17678465
1.4887536,0.4886583,1.3949423,0.79074526,0.4125745,0.1481936
1.1259851,0.9612998,1.6167822,0.80819076,0.33549362,0.13619392
1.4427736,0.51168895,1.3565702,0.75164247,0.2948815,0.15327978
1.582143,0.8762459,1.2513461,0.7919682,0.24309507,0.13040023
1.3149804,0.74151534,1.486794,0.80234677,0.46123135,0.13297756
1.9394742,0.82730126,1.3923295,0.7831897,0.27877456,0.15088801
1.6056999,0.96774024,1.1747372,0.76912934,0.21332602,0.14178361
1.5699995,0.99874383,1.2063766,0.8073454,0.36990732,0.13767011
1.2627631,0.5431539,1.3100195,0.7308663,0.20553589,0.15519881
1.2865708,0.48651516,1.2245731,0.7994426,0.41707957,0.14547263
1.720453,0.9761377,1.4690573,0.761642,0.3428349,0.14883007
1.2115842,0.9597547,1.3769047,0.74453044,0.44838703,0.17031184
1.8450832,0.8708749,1.5584872,0.84292614,0.56326956,0.1186197
1.7181149,0.844918,1.1941357,0.75297123,0.13747858,0.1421864
2.053318,0.9649465,1.3383317,0.78047544,0.28159192,0.14282975
1.6556982,0.5924452,1.2314754,0.76624703,0.18788172,0.14187208
1.2429731,0.9705759,1.325459,0.7592316,0.2971844,0.15644467
2.0287044,0.8752773,1.1986043,0.82132286,0.27143273,0.12684913
1.8063186,0.9731046,1.1740546,0.7978728,0.33086038,0.13088001
1.4000442,0.5016459,1.1580508,0.789263,0.21131067,0.13089202
2.0341167,0.9184873,1.3877146,0.75439394,0.23339854,0.15898976
1.5000474,0.6419015,1.3584001,0.69157404,0.13212189,0.16901131
1.1262906,0.95038354,1.1983595,0.74305964,0.112950206,0.14377043
1.441215,0.8816618,1.132628,0.8048114,0.17301087,0.120084405
1.6619049,0.6283712,1.4417534,0.71752703,0.1642453,0.15466414
0.9776443,0.9428489,1.4858923,0.89588743,0.69329417,0.104599945
1.2091926,0.58288974,1.5732386,0.7824058,0.3480827,0.13831565
1.4980583,0.7319365,1.3054166,0.74405706,0.21425998,0.15072337
1.1266273,0.7430946,1.024663,0.8329652,0.10469823,0.106526844
1.3177364,0.4855651,1.1205046,0.7679479,0.12750262,0.13288192
1.3269215,0.41995078,1.2478538,0.73724675,0.17882894,0.15046869
1.3491789,0.4842751,1.2070494,0.7716523,0.20558886,0.1397343
1.9565859,0.9630669,1.3765054,0.7544164,0.39423203,0.15680562
1.3370914,0.5424018,1.3367474,0.72777295,0.22808725,0.15502511
1.6513503,0.7333902,1.2764018,0.72733223,0.19162162,0.15964712
1.3444397,0.473819,1.2472932,0.82802147,0.42360607,0.13418742
1.3183676,0.72634643,1.3512304,0.80861026,0.48868605,0.14245625
1.3615028,0.45385125,1.6730633,0.80805653,0.19809656,0.11937963
1.2000469,0.66555,1.0841277,0.78318405,0.120812,0.125747
1.8564864,0.8729205,1.5547712,0.79689515,0.36338252,0.1393378
1.4409112,0.53782815,1.1361184,0.8326253,0.49073538,0.1366346
1.787792,0.96131736,1.1468883,0.8095649,0.23858768,0.12939392
1.542681,0.677106,1.3063169,0.7110431,0.12950425,0.160373
1.562651,0.6389393,1.9609523,0.9291919,0.35733667,0.072581716
1.6238056,0.9294309,1.1298122,0.79461336,0.17695735,0.12553884
0.97823185,0.8062577,1.227139,0.76465124,0.24017106,0.14648715
1.6383146,0.960765,1.3833008,0.79103523,0.29697487,0.13108213
1.8935987,0.8807178,1.3738894,0.7518058,0.26769263,0.15083915
1.3392367,0.692755,1.3954406,0.7056483,0.0647565,0.1599969
1.4494845,0.98429114,1.2279019,0.8151433,0.2983776,0.12460012
1.2276901,0.7817365,1.2160997,0.8041039,0.2589132,0.13137503
1.4372902,0.46631616,1.5370915,0.77896,0.45139262,0.14430498
1.6404597,0.741668,1.2717693,0.73036754,0.20166668,0.15444577
1.6989257,0.7382967,1.4185724,0.8027465,0.32460728,0.13482545
1.4280887,0.46803835,1.1760111,0.7558054,0.20075399,0.14354685
1.5075259,0.55888265,1.5381548,0.77688205,0.3177975,0.14685585
1.7143035,0.7250453,1.2388105,0.73838013,0.15197134,0.14967515
2.044924,0.9113366,1.4168513,0.767993,0.34471276,0.15011954
1.4670088,0.4730227,1.3640804,0.76444787,0.40393248,0.15435252
1.7913566,0.8160787,1.45387,0.8033734,0.43467945,0.15820894
1.3443187,0.72699994,1.3580732,0.78380674,0.4083988,0.15439308
1.8944211,0.9744374,1.3241346,0.762812,0.3428197,0.14850266
1.6628296,0.85557675,1.5435479,0.8318609,0.5700511,0.14114544
1.5689428,0.9722943,1.1926053,0.7701787,0.20105842,0.13994457
1.3525463,0.48945147,1.434361,0.78301984,0.3828538,0.14663939
1.3753083,0.447035,1.5988317,0.7687919,0.3004023,0.14020781
2.0273387,0.8922778,1.4012196,0.78853977,0.3629662,0.15242018
1.3044702,0.63253486,1.3586845,0.8094995,0.41940218,0.13821337
1.8061299,0.96524405,1.2594543,0.7787522,0.26735994,0.13712321
1.3648037,0.5585549,1.4586949,0.7720942,0.38039094,0.1484744
1.3163971,0.5839548,1.7238483,0.84276694,0.42207423,0.103458755
1.669643,0.93435144,1.7797756,0.842768,0.33142152,0.09866755
1.1814448,0.9466581,1.7776487,0.8434495,0.20985071,0.096603654
1.2486866,0.5990237,1.3919387,0.76068825,0.2890133,0.1488327
1.6185629,0.58400023,1.4345489,0.7893888,0.38796473,0.14144626
1.86935,0.85037285,1.5029833,0.81814283,0.5914306,0.13980208
1.3883258,0.49159762,1.2887285,0.82279044,0.30818224,0.12313688
1.5327333,0.5272379,1.1962197,0.8444502,0.29989883,0.121166825
1.572242,0.8844255,1.158081,0.7591628,0.13153845,0.13632913
1.3673885,0.83140224,1.6289392,0.7422651,0.012994227,0.13206784
1.3789854,0.8506524,1.2841301,0.7929149,0.3271182,0.1347173
1.6823213,0.916571,1.2323568,0.80432886,0.33764178,0.14362048
1.4035965,0.71779674,1.1633968,0.8143088,0.26280487,0.13065584
1.2783283,0.61630106,1.3449044,0.7402594,0.2596035,0.1529712
1.7290864,0.98605204,1.3122311,0.81061274,0.4682242,0.13934039
1.3892603,0.778068,1.339751,0.78383505,0.36636582,0.14152992
1.9375278,0.96811664,1.1705787,0.75559926,0.17626356,0.14435135
1.3125536,0.8129997,1.6473613,0.77618533,0.22004847,0.13101439
1.0266175,0.8330144,1.7205427,0.88434064,0.5662672,0.1023593
1.0630779,0.7659133,1.0446742,0.84605086,0.23102611,0.11128138
1.576204,0.8985459,1.3819199,0.7497048,0.34128302,0.15540619
1.7180152,0.7602473,1.105015,0.8424599,0.3828968,0.12152205
1.1164714,0.75338644,1.1242769,0.7997144,0.1547159,0.12532504
1.90522,0.8205827,1.434165,0.7954715,0.3858871,0.14054938
1.1417245,0.7118882,1.8656137,0.8920274,0.5469961,0.09592452
1.9553931,0.96714854,1.5014739,0.83699226,0.56198144,0.13619238
1.4061872,0.4505529,1.2479472,0.7574847,0.23973095,0.14556141
2.0441616,0.8911688,1.5390351,0.7934803,0.36815602,0.14826556
1.0512646,0.9039049,1.9613817,0.9079146,0.3440676,0.0737161
1.8298385,0.78505564,1.4935756,0.7716877,0.39121214,0.15053087
1.1660553,0.71927655,1.2276459,0.7879678,0.29101354,0.1363183
1.5136278,0.53608936,1.0699933,0.8039881,0.07887361,0.112328276
1.684011,0.69209296,1.4668844,0.8580705,0.68307847,0.12913777
1.8634311,0.8164018,1.1490698,0.7838019,0.14644769,0.12938829
1.9089421,0.80759734,1.4126914,0.7506202,0.31418622,0.14569749
1.1454753,0.7580173,1.1456639,0.8263736,0.40665814,0.12770739
1.1976584,0.7580406,1.4240434,0.7222522,0.20590667,0.16016579
1.2825496,0.65988773,1.1718254,0.79713345,0.25923467,0.1316738
2.0657263,0.927883,1.2334735,0.7822412,0.21032736,0.13511422
1.046364,0.7029861,1.4848759,0.7727723,0.32520536,0.14303225
1.7077397,0.81127596,1.1979833,0.7748169,0.27334735,0.13866515
1.2202349,0.5575031,1.5245156,0.78708804,0.3231072,0.13608481
1.3527825,0.65975964,1.2213538,0.80191964,0.30055872,0.1309911
1.4818453,0.7149155,1.4441805,0.7867372,0.49292836,0.15194479
1.5876162,0.6572832,1.3555532,0.8512649,0.5734844,0.13147803
1.5746832,0.9100978,1.4412038,0.7782384,0.32914674,0.13679093
1.1810683,0.5607766,1.2886713,0.79052854,0.45008075,0.14276777
1.5530617,0.993225,1.2373121,0.7934267,0.2871231,0.13651834
1.3262193,0.74524796,1.4676015,0.7722654,0.3259091,0.15404515
1.0748397,0.6502027,1.4404414,0.7862411,0.3943179,0.13708375
1.3506365,0.9060957,1.391016,0.7415266,0.20062853,0.15893546
1.2450323,0.7658199,1.4514139,0.76208925,0.35298443,0.14441437
2.0112484,0.8824774,1.2100575,0.8038582,0.30259794,0.13592777
1.0115976,0.8279637,1.457516,0.7549293,0.33675593,0.15493003
1.8474132,0.9985418,1.3199999,0.83805573,0.5674713,0.13388939
1.1652964,0.5864593,1.3230555,0.8265695,0.43408918,0.14033228
1.5244979,0.7042538,1.4761984,0.7220652,0.11369762,0.15496132
1.4930484,0.5166364,1.294652,0.7333646,0.20988208,0.15470211
1.6535047,0.6029256,1.2670348,0.7546247,0.2570807,0.14925268
1.4905587,0.6495197,2.0191493,0.9246493,0.24469605,0.06914687
1.2037821,0.826175,1.5339377,0.8074644,0.38418007,0.14254016
1.3154206,0.49242765,1.432467,0.728873,0.23768003,0.15278365
1.5936713,0.6230402,1.6641257,0.8658554,0.6053652,0.11660943
1.1419821,0.91764027,1.3976653,0.75605583,0.30240238,0.14980082
1.6426105,0.60766083,1.5102856,0.78427505,0.44661304,0.15007006
1.413585,0.8590586,1.2380476,0.78682745,0.27077967,0.13550597
1.2931646,0.5948559,1.3198283,0.69993675,0.12455968,0.16761366
1.2739171,0.7037842,1.5389497,0.8357173,0.5053023,0.12113093
1.4798435,0.99029714,1.7617836,0.80724114,0.06487841,0.1044686
1.4670405,0.7128835,1.247267,0.79584813,0.31304574,0.13542451
2.0201535,0.9591343,1.8383527,0.84222156,0.17547552,0.09582672
1.1989267,0.8644848,1.0587986,0.846,0.22170171,0.11525725
1.3115982,0.7323133,1.5073097,0.81084603,0.47812808,0.13230884
1.4159192,0.94917667,1.1345336,0.78765595,0.17879032,0.1305809
1.816613,0.71532273,1.4239709,0.77459115,0.31134632,0.13784048
1.8434598,0.8868721,1.3221722,0.8042161,0.4294285,0.13532385
1.2713325,0.8563668,1.3041694,0.7309923,0.21461521,0.15898488
1.3070726,0.44389516,1.2301168,0.76005185,0.23260954,0.14393847
1.5649235,0.5392926,1.3231435,0.7802068,0.40384153,0.14015725
1.7190708,0.861523,1.4035597,0.75721025,0.2862006,0.14837511
1.0312383,0.9112556,1.1704038,0.8102543,0.3077602,0.12784721
1.0013129,0.9829779,1.3867755,0.76893073,0.45019364,0.15763381
1.3597282,0.9883251,1.8951752,0.87934357,0.303049,0.09100578
1.1199813,0.7739919,1.3914409,0.77331924,0.4468733,0.15002668
1.099186,0.79512155,1.5452647,0.789757,0.39378858,0.13466094
1.6559054,0.61549026,1.4302616,0.7856332,0.3044965,0.13423349
2.0811763,0.9813841,1.3204169,0.6608672,0.0329412,0.1741637
0.9463061,0.9340084,1.3033407,0.71999216,0.21419151,0.16052523
1.920499,0.9065132,1.4539666,0.78569305,0.57445973,0.16399817
1.2647508,0.83661604,1.1159778,0.837059,0.36096498,0.12888199
1.3583341,0.8547826,1.338943,0.7367122,0.20704705,0.15246293
1.1219825,0.73225594,1.146584,0.8091276,0.21244496,0.12678325
1.8713806,0.85468084,1.3522353,0.71748006,0.23953512,0.16471393
1.4509351,0.6159707,1.4814756,0.72216046,0.12046447,0.16036178
1.7076144,0.74414945,1.9692736,0.909964,0.35207388,0.079100624
1.3310626,0.63017195,1.271363,0.73424107,0.1301614,0.14829509
1.5187778,0.5132827,1.1944282,0.80200505,0.32909638,0.1301814
1.4419084,0.57045895,1.2251842,0.79864764,0.34188864,0.13398542
1.9490465,0.86774355,1.0813534,0.82651454,0.2627075,0.121189564
1.1511906,0.9051753,1.2369635,0.76727766,0.29547772,0.14639673
2.1070912,0.9900331,1.7789717,0.81068426,0.06322794,0.1041135
1.6461531,0.74298245,1.4292133,0.70431125,0.15781651,0.15863372
1.4784697,0.58381015,1.3840787,0.7238963,0.23808971,0.16028729
1.6579062,0.845896,1.6365778,0.765231,0.067421794,0.13066669
1.7939024,0.9274567,1.629519,0.79694194,0.3047159,0.13071263
1.2920818,0.8325213,1.4188113,0.79736984,0.4302444,0.14783111
1.6067524,0.9145013,1.2944164,0.7693952,0.31210408,0.14409256
1.4175872,0.5516659,1.1764963,0.8503655,0.40286314,0.118537806
1.874835,0.84503096,1.2645698,0.76990175,0.34825662,0.15132225
1.6951873,0.9789988,1.2535629,0.78876984,0.28972924,0.14046794
1.0258234,0.8191665,1.4991503,0.7473061,0.1700829,0.14349157
0.93474567,0.8830417,1.3845515,0.790733,0.43839192,0.14942673
1.6028458,0.62199336,1.4834511,0.7471179,0.23286098,0.15275793
1.332014,0.4271806,1.2689588,0.78959006,0.38126728,0.14130917
1.1608039,0.84700745,1.2460132,0.7269472,0.15587099,0.1578125
1.3188109,0.5465493,1.1563334,0.785978,0.2870357,0.13866256
1.5861038,0.63440174,1.4081545,0.76205087,0.3597229,0.15019001
1.1755967,0.71616775,1.1402549,0.83208716,0.41272542,0.12717418
1.3487211,0.4761451,1.2189848,0.7678598,0.21251023,0.14118509
1.6097356,0.8516338,1.1808729,0.7693701,0.1968806,0.13923062
1.609602,0.66911024,1.3036547,0.7227046,0.21108992,0.16082816
1.630905,0.7911825,1.3409119,0.7170758,0.21396966,0.1665799
1.980385,0.99399745,1.3143864,0.71277535,0.14891282,0.17075363
2.014076,0.9432401,1.4651897,0.73198485,0.1493215,0.15188774
1.4977053,0.65892684,1.4413326,0.7976778,0.5412346,0.15984175
1.8579811,0.7765251,1.4075727,0.7981054,0.3987974,0.13552943
1.6871285,0.7442063,1.4480193,0.7660511,0.33135062,0.14333574
1.6393695,0.8453419,1.2366972,0.8039712,0.24252014,0.12799434
1.144096,0.6831927,1.2953572,0.77295685,0.32949206,0.15046412
1.91414,0.87796897,1.4247515,0.8455836,0.649586,0.13171184
1.3432448,0.46540886,1.4158065,0.7039697,0.16007784,0.16750522
1.5898972,0.6610997,1.5814285,0.80326605,0.35183218,0.13717905
1.9696603,0.9951279,1.2821915,0.73754656,0.22932701,0.15199918
1.2488719,0.5281563,1.5914228,0.7921163,0.39023343,0.14330429
1.37024,0.55231065,1.2978873,0.75670266,0.29944426,0.14744382
1.6533104,0.6432637,1.3724291,0.8038249,0.2876509,0.12620309
1.4937124,0.6080714,1.2095919,0.7860551,0.27816987,0.13508059
1.2847632,0.856865,1.3159451,0.7257297,0.2546675,0.17181757
1.3215376,0.81915784,1.2333474,0.7676053,0.2372973,0.14123443
1.4212135,0.48975727,1.5227873,0.7636986,0.23833278,0.14257313
1.965953,0.9543511,1.28441,0.70036185,0.08947781,0.15818141
1.2035065,0.85393864,1.5573735,0.7946953,0.563398,0.14327815
1.5010046,0.56030756,1.1827865,0.75932574,0.18445627,0.14017098
1.1823083,0.72617084,1.2477453,0.7502663,0.1956368,0.1458659
1.3634417,0.61279243,1.3735387,0.7488872,0.28486913,0.15141536
1.173899,0.99646276,1.3792145,0.7892957,0.38254917,0.14269377
1.6235478,0.5830166,1.8104963,0.8996108,0.5714335,0.09459531
1.3095076,0.5719424,1.6397946,0.78998303,0.3187216,0.13963583
1.6979207,0.7700115,1.3562942,0.79113907,0.4259648,0.1348338
1.7032222,0.69892603,1.239769,0.7679156,0.1977711,0.13828412
1.3106279,0.44473687,1.3322165,0.8160055,0.4534781,0.13920145
1.3377129,0.5688723,1.3080032,0.7463778,0.29778534,0.1642845
1.2540699,0.71726894,1.2718344,0.69732237,0.046051614,0.15480612
1.4446669,0.85308534,1.3581011,0.77809376,0.3551714,0.14690112
1.4136673,0.6856169,1.4226763,0.77382207,0.4409375,0.15188827
1.4576175,0.862871,1.3910155,0.7810279,0.37871212,0.1435547
1.284612,0.9635685,1.3295407,0.70853585,0.14940655,0.17031346
1.3622922,0.47983152,1.253597,0.82307523,0.37904897,0.12143502
0.9018997,0.9333335,1.3379915,0.70327795,0.16203421,0.1641206
1.9949422,0.9091928,1.2739389,0.75126165,0.28424197,0.1487878
1.2736138,0.59517676,1.255533,0.83481854,0.51269245,0.13419028
2.1030328,0.9519909,1.3589275,0.77141184,0.4333162,0.1565602
1.1023406,0.6321771,1.2648392,0.7816463,0.3222107,0.14623041
1.8435117,0.8008947,1.2537463,0.80708814,0.42270267,0.1425353
2.0070698,0.8908262,1.1887043,0.7737992,0.21224496,0.13785744
1.3553561,0.45138586,1.4066505,0.73688626,0.2237086,0.15093908
1.4385089,0.7278117,1.2537873,0.7372958,0.18413915,0.15180567
2.0024726,0.97577894,1.7698088,0.83786446,0.26940182,0.10540226
1.2060683,0.5228029,1.7402477,0.87694305,0.8467918,0.11392804
1.1605533,0.5591919,1.8508847,0.86303383,0.24959078,0.0924977
1.5943595,0.5796991,1.1461247,0.77255577,0.18216495,0.13645704
1.6571777,0.8384276,1.3453362,0.8103783,0.3191765,0.12836432
1.4213668,0.55916137,1.9861732,0.9190397,0.4419986,0.084984496
1.7731029,0.7231122,1.4036946,0.7914295,0.37681288,0.13980488
1.601887,0.55509484,1.2744346,0.7731409,0.20177774,0.13755375
1.3444879,0.6098795,1.3758583,0.6714151,0.054202143,0.17321254
1.3419696,0.85508984,1.3985128,0.8019737,0.41706526,0.13253058
1.4025027,0.75133425,1.3635898,0.6634082,0.035942547,0.17726038
1.2836037,0.67644197,1.4399686,0.77408314,0.25868064,0.13871792
1.9769697,0.92370045,1.4572937,0.74934536,0.28100136,0.15847817
1.2807411,0.6352489,1.2235606,0.78005946,0.25549322,0.1357146
1.3980277,0.83932465,1.2981751,0.7516586,0.17690027,0.1446737
1.5576768,0.79841316,1.3633575,0.74338627,0.285037,0.15241858
1.544175,0.9324462,1.1969616,0.7657945,0.22861017,0.13897583
1.7606877,0.7461142,1.1625786,0.7777148,0.19222933,0.13997422
1.2169871,0.5040439,1.3308249,0.7313328,0.19725402,0.15128416
1.4699107,0.9127771,1.8960874,0.89059097,0.3526584,0.09013464
1.3773626,0.64142686,1.2250817,0.76165223,0.24135898,0.14454247
1.7843931,0.7741939,1.482744,0.83509654,0.5561711,0.1216554
1.9280238,0.8856438,1.4170084,0.7197839,0.16250387,0.1598608
1.7212515,0.94105816,1.3149073,0.7748807,0.31159174,0.1437069
1.8038183,0.8367371,1.3870232,0.808554,0.43437812,0.14316696
0.9717769,0.97095096,1.3274248,0.85276717,0.5859373,0.12998773
1.9764211,0.97654754,1.295438,0.74337053,0.18576916,0.15657161
1.2443959,0.5923156,1.6923671,0.85297126,0.6008892,0.12860972
1.1080532,0.6350829,1.3757405,0.7925603,0.37278458,0.1435811
1.6007963,0.6516576,1.4543183,0.80710024,0.4552629,0.14830458
1.484961,0.93982697,1.4075618,0.74114734,0.220441,0.1496465
1.0364106,0.7796775,1.423537,0.76497823,0.3667302,0.15083238
1.4887562,0.62023896,1.4207194,0.79364324,0.44451806,0.14382347
1.507167,0.84273994,1.8013871,0.90559584,0.74677926,0.095709056
1.7330666,0.79009485,1.3064778,0.7113557,0.15561579,0.16498208
1.7189739,0.7274402,1.4536953,0.76699203,0.36920816,0.14555512
1.3484865,0.92262775,1.1939187,0.7851126,0.18038353,0.1302061
1.2981186,0.7361825,1.2052045,0.7468492,0.12903155,0.14259428
1.2869459,0.84691596,1.2846107,0.7928211,0.37311864,0.14560047
1.4258813,0.66158396,1.5455883,0.8052791,0.4307865,0.13610387
1.0257182,0.76263595,1.1056892,0.84311813,0.29250702,0.11503215
1.0196116,0.81654245,1.766645,0.84308326,0.4286091,0.109791405
1.9065001,0.8470953,1.4779596,0.776273,0.29437408,0.14453661
1.4247063,0.76073515,1.2470992,0.74951774,0.12557329,0.14139728
1.5798818,0.61221397,1.2296777,0.7235238,0.134834,0.15415238
0.9731701,0.8509408,1.2662699,0.84942013,0.49781987,0.11961085
1.452337,0.8189619,1.372112,0.6781179,0.058231138,0.16897997
1.2555141,0.558378,1.0001602,0.85532695,0.15592737,0.10340308
1.845317,0.797543,1.2545738,0.7576581,0.23144826,0.15194716
1.3621972,0.99437463,1.3593943,0.80536884,0.4344269,0.14104562
1.4183096,0.5264987,1.074358,0.8226796,0.17716348,0.11615586
1.6429105,0.6204964,1.392211,0.78977454,0.34985423,0.1513735
1.3006872,0.63666177,1.2689528,0.77661645,0.30101183,0.14822073
1.207135,0.9270603,1.195895,0.81575686,0.34526697,0.1273588
1.2595524,0.84188455,1.1295979,0.7819262,0.15640333,0.12861161
1.1480393,0.8254409,1.3087375,0.8027503,0.35271382,0.13029829
1.6398864,0.92616254,1.3318608,0.74220824,0.38077232,0.1602312
0.9904202,0.88383466,1.5894532,0.8144086,0.54267365,0.12998551
1.5037439,0.5289193,1.4779153,0.7852204,0.34465113,0.13772833
1.688409,0.8448158,1.4691567,0.79714066,0.46482947,0.14520752
1.9247733,0.80305874,1.1993332,0.8411597,0.5490078,0.12896098
1.7695132,0.7161329,1.1542926,0.77985454,0.21537629,0.13421336
1.2443262,0.5444743,1.4311428,0.84350747,0.52277434,0.115904465
1.9362338,0.8558656,1.1997445,0.81873304,0.37194315,0.13138375
1.1244394,0.92468137,1.1813741,0.73150116,0.07964028,0.14417334
1.4727643,0.60696465,1.1083171,0.791171,0.16783303,0.12730917
1.5797241,0.5776888,1.2968025,0.740838,0.24557279,0.15207177
1.1764976,0.7748782,1.4723868,0.758413,0.29579267,0.15228069
1.4908423,0.6125016,1.153263,0.7908789,0.24533674,0.13163093
1.5525384,0.7328126,1.4524498,0.7816773,0.45538387,0.14242491
1.5032861,0.54369694,1.3544416,0.7853117,0.4962093,0.14936215
2.058871,0.965709,1.2214894,0.7454614,0.22775899,0.15399247
1.6302339,0.6716274,1.4221659,0.70375776,0.109312,0.16133252
1.7577388,0.92381644,1.2428975,0.7467057,0.16984731,0.14692253
0.9225943,0.93658125,1.2031302,0.83306164,0.4124135,0.13178375
1.399054,0.61404616,1.4290388,0.77660424,0.37618268,0.15170664
1.6961571,0.9611249,1.3250768,0.7355999,0.22622062,0.15687136
0.9552748,0.8597359,1.1916387,0.7150459,0.039003935,0.1451864
1.6256185,0.6343389,1.4912801,0.75273925,0.28584573,0.14970416
1.127054,0.90575325,1.3608582,0.78119946,0.3895507,0.1515935
1.2645509,0.5838946,1.6463983,0.7933824,0.21233128,0.12031729
1.4749643,0.8527486,1.3091402,0.7805233,0.44460964,0.1458185
1.4939642,0.8354555,1.3639789,0.737748,0.22539292,0.16658849
1.462584,0.77568626,1.2244637,0.81208533,0.45332053,0.13286667
1.5195421,0.81211096,1.3494527,0.74037373,0.22459169,0.15521857
1.3907769,0.6486012,1.2155745,0.82308346,0.36107966,0.11946402
1.5336539,0.5445616,1.1580737,0.79747003,0.2944688,0.1295877
1.5361986,0.7587188,1.0493538,0.8365869,0.19358075,0.11325998
1.5479673,0.62334335,1.4543357,0.7632872,0.35629785,0.14526965
1.2365335,0.8153252,1.2667336,0.73844624,0.16126816,0.14842753
1.3324654,0.83328384,1.1575363,0.80613554,0.25487456,0.13070498
1.3002564,0.44963893,1.3827834,0.75720114,0.31780422,0.15005524
1.622918,0.7008626,1.5691538,0.8141483,0.5051309,0.13654199
1.5434227,0.7727135,1.3194668,0.7160799,0.18131207,0.16136582
1.2222031,0.58237296,1.3177762,0.7458466,0.23317988,0.15881673
1.2677698,0.7068947,1.2325275,0.7209488,0.092607036,0.14988981
0.92919636,0.87927914,1.5140731,0.783422,0.35789964,0.14907473
1.2570955,0.78023416,1.3953812,0.75583065,0.38843125,0.15571013
1.5541838,0.7188513,1.2518787,0.74239063,0.17532337,0.14780286
2.0199006,0.99025506,1.1789315,0.7595614,0.12229182,0.13466592
1.5263047,0.8621802,1.4965577,0.8006254,0.47892222,0.14319898
1.716458,0.9682036,1.2289405,0.8084339,0.3351301,0.13023543
1.9069159,0.99938697,1.2421751,0.7437342,0.14351866,0.14794245
1.5310917,0.68325084,1.6782136,0.7689159,0.065524966,0.12635706
1.9069606,0.9470695,1.3455129,0.7453368,0.23951803,0.16079292
1.0410506,0.7796971,1.3440235,0.80700976,0.39758015,0.13711807
1.2436409,0.54362005,1.3684416,0.7222198,0.19611004,0.15850908
1.3777703,0.74718237,1.6536858,0.8859505,0.9030548,0.10657784
1.3992978,0.4324053,1.0581374,0.83540094,0.18406625,0.11150694
1.0591663,0.80883,1.5172074,0.8295472,0.5175039,0.1392157
2.0100033,0.87088656,1.0835767,0.82368463,0.18921937,0.116616085
1.500093,0.52072173,1.4204197,0.7618275,0.27442053,0.1396463
1.5336746,0.9233343,1.4386199,0.75680536,0.35124093,0.16778035
1.1666578,0.7469424,1.3964105,0.7901857,0.53159815,0.14647545
1.8238536,0.74548906,1.391454,0.7692816,0.27449703,0.14784335
1.1735946,0.9720678,1.3881052,0.7458079,0.26816905,0.16484375
1.171789,0.9687613,1.3192353,0.72930384,0.1591702,0.1504843
1.1955326,0.55389696,1.2594278,0.7760943,0.2651775,0.1418794
1.0752102,0.714477,1.3470032,0.7439941,0.26349118,0.1550626
1.413667,0.9245191,1.3940041,0.81580657,0.59111065,0.14062163
1.7723284,0.9089152,1.3043709,0.74510825,0.31113917,0.15337351
1.715067,0.67513365,1.0397809,0.8674127,0.2600544,0.10228257
1.4565744,0.7897968,1.0784228,0.8119989,0.16354762,0.119048685
1.5599136,0.56435156,1.1126945,0.85868347,0.2659742,0.10604592
1.2271839,0.6126484,1.300206,0.77301145,0.30215707,0.15534699
1.4241741,0.87260514,1.5014899,0.7697184,0.42079997,0.14877908
1.545429,0.9424655,1.3118899,0.82936084,0.5069956,0.1339339
1.5871048,0.64823633,1.2302368,0.77649176,0.26179922,0.14370409
1.4645307,0.6530123,1.4619155,0.69144225,0.07230475,0.16413765
1.5302931,0.56575614,1.431097,0.7548904,0.23503928,0.14937922
1.9168195,0.8384736,1.3672519,0.6960361,0.084782906,0.16614656
1.7817031,0.748529,1.6682267,0.8418618,0.5689398,0.120955594
1.4417241,0.6389123,1.5246925,0.7422919,0.18115292,0.14427172
1.3544291,0.40535152,1.361984,0.7969096,0.53691614,0.14765294
1.5179229,0.58667535,1.4902201,0.78021526,0.40095985,0.15554826
1.480546,0.7564149,1.4832592,0.7019083,0.091581106,0.16874905
1.3030952,0.8207484,1.8769834,0.85546184,0.08614457,0.08770862
1.3944637,0.49699366,1.3939402,0.7153692,0.19745749,0.1656841
0.9387382,0.8993473,1.2829382,0.7832784,0.386732,0.14348684
1.3231921,0.6443036,1.2828207,0.7776611,0.3664535,0.14462966
1.2467785,0.94997394,1.3772404,0.7644516,0.32038498,0.15305829
1.7701914,0.8846117,1.4551013,0.81116694,0.5059341,0.13462675
1.3757435,0.76146054,1.3377316,0.75440633,0.2814082,0.15058435
1.4523752,0.63974357,1.1570773,0.77334785,0.23144025,0.13953304
1.2364032,0.59858274,1.2407753,0.8009729,0.3589198,0.13685109
1.4960449,0.78542525,1.3652072,0.71084654,0.14916992,0.16759408
1.4331874,0.7569057,1.2107146,0.7765631,0.28752735,0.14230111
1.418786,0.61172074,1.6173434,0.79089653,0.3580363,0.15783115
1.1853067,0.71636146,1.3322363,0.7862166,0.38626885,0.14432815
1.235068,0.642848,1.100364,0.80645436,0.20182726,0.12641957
1.0450304,0.8446503,1.2016308,0.71274626,0.07130021,0.14870057
1.1380275,0.68838865,1.3157399,0.7959807,0.31619588,0.14570028
1.4853766,0.7658853,1.3021173,0.7054418,0.08680386,0.15911976
1.5451839,0.8739853,1.3269551,0.7805773,0.3669947,0.1460609
1.3053187,0.9250735,2.0517774,0.9377879,0.08505127,0.05232744
1.2571331,0.5849972,1.2686014,0.80293995,0.35610613,0.12876159
1.7528703,0.7375814,1.4284375,0.711034,0.15020695,0.16476814
1.7386513,0.88250476,1.5927281,0.80361766,0.39050972,0.14194337
1.2996709,0.60107523,1.0892333,0.81083745,0.24151672,0.12761636
1.0022148,0.88000786,1.5328808,0.736279,0.2608085,0.1501712
1.1140879,0.8679431,1.3422952,0.6920204,0.10871854,0.16392224
2.0653815,0.96604294,1.5100341,0.76704717,0.26368344,0.14338371
1.6494269,0.7981676,1.2378776,0.8131419,0.3925674,0.1338979
1.0365181,0.9955265,1.3037837,0.8092363,0.41924325,0.13571188
1.699429,0.8837633,1.3016894,0.7638014,0.288523,0.15196264
1.581403,0.7243317,1.3807611,0.76377845,0.30086765,0.14523602
1.8669889,0.9265983,1.2531652,0.84078526,0.43731296,0.12403811
1.6408252,0.9298139,1.3350418,0.77710605,0.368973,0.15494019
1.7595935,0.76173717,1.4311719,0.82567585,0.54304856,0.14172691
1.4041405,0.93877023,1.2911394,0.7929556,0.24863563,0.12809834
1.6044135,0.7663447,1.5614955,0.8257795,0.41111207,0.11866012
1.8505113,0.8901319,1.6921349,0.869318,0.6282922,0.115789644
1.2478356,0.64718807,1.5004864,0.7930355,0.5020227,0.15746945
1.820244,0.8666859,1.4549501,0.8396689,0.7574995,0.13283126
1.67099,0.8852088,1.3381667,0.7766588,0.364304,0.15247871
1.1923002,0.6063307,1.3342266,0.73620886,0.23146023,0.15193413
1.5158873,0.5463217,1.4720852,0.88956165,0.67583287,0.10307878
1.4248433,0.45719615,1.1445742,0.7928929,0.17368045,0.1275835
0.9934807,0.85659415,1.6172357,0.85948074,0.5754096,0.117948286
1.1207854,0.73025453,1.278019,0.72818255,0.19544788,0.16189979
1.7716521,0.68135625,1.216835,0.7681079,0.22565925,0.13920571
1.956813,0.83617276,1.34689,0.7658812,0.3503974,0.1476446
1.8197533,0.84796625,1.2810836,0.7368913,0.19240612,0.14990515
1.6911542,0.7120321,1.3102422,0.738076,0.3052517,0.16311547
1.2954502,0.5828042,1.5679317,0.78627145,0.36748284,0.14156988
1.9044011,0.95367056,1.9597602,0.90680265,0.4395761,0.0752137
1.077403,0.67332,1.3438079,0.8325891,0.5277675,0.12558854
1.3252419,0.8397574,1.3157051,0.73821497,0.19597581,0.15526709
1.5590316,0.7624481,1.4959884,0.7929196,0.53486276,0.14367431
1.3612921,0.8080101,1.9386876,0.95798093,0.5250648,0.05374441
1.4651902,0.64783645,1.4846067,0.77808565,0.3495332,0.14578675
1.6120436,0.7466577,1.3948753,0.6881747,0.09046422,0.18435909
1.2401471,0.8890619,1.3550563,0.6749103,0.08196729,0.18042958
1.6187619,0.652092,1.2114391,0.7423266,0.15939501,0.14829966
1.3862045,0.77046335,1.3190088,0.76628613,0.30835488,0.14880265
1.7702945,0.92860806,1.3449972,0.7187053,0.18236512,0.16432576
1.1096181,0.74431556,1.4107399,0.778671,0.3678343,0.13989119
1.097774,0.6814581,1.3933942,0.77469367,0.32402682,0.16677022
1.554835,0.9602802,1.0977974,0.82107073,0.21461006,0.12056299
1.1676656,0.66786695,1.2118866,0.7405041,0.15599571,0.14814879
1.3262247,0.5626205,1.2203972,0.76875836,0.27263212,0.14110285
1.5750853,0.69181806,1.4343824,0.8007235,0.5719855,0.14436261
1.1809074,0.76812476,1.3285925,0.731097,0.2705704,0.16451396
1.02131,0.9846347,1.5117128,0.73354864,0.18464692,0.15849505
1.002943,0.995443,1.321326,0.813513,0.40866375,0.13078263
1.4464755,0.786886,1.4968908,0.7966881,0.44535008,0.13800366
1.4288706,0.7717537,1.6377041,0.773985,0.16802171,0.13190033
1.6515354,0.6054139,1.492018,0.74007726,0.1967083,0.15604985
1.2176679,0.52439594,1.2050412,0.78635937,0.26168784,0.13538943
1.5959324,0.7343989,1.6100686,0.8745194,0.733606,0.118367866
1.5905081,0.62533873,1.2897451,0.7974661,0.3700377,0.13885652
1.8355896,0.75670516,1.204561,0.7769078,0.20315567,0.13911219
1.925836,0.90004313,1.320965,0.77373433,0.37947434,0.14420156
1.2031937,0.8979337,1.4548211,0.74600065,0.307904,0.15212451
2.0396953,0.9133409,1.282253,0.7476778,0.16801587,0.1442398
1.4610554,0.72025394,1.2194359,0.81713843,0.38340133,0.12565418
1.7238405,0.72098464,1.3970795,0.77919066,0.3891186,0.13993293
1.2151881,0.6958194,1.2572565,0.7217524,0.19512004,0.16307153
1.5106331,0.5299976,1.6079974,0.85598415,0.6944021,0.12647654
1.6336004,0.9002484,1.409136,0.74897146,0.27873763,0.14954028
1.8775098,0.78582996,1.6290412,0.82812893,0.5193951,0.13011748
1.5740036,0.7511354,1.4620211,0.7298821,0.19282667,0.15297759
1.2945662,0.57969856,1.5147161,0.79166317,0.46266377,0.16055316
1.2282537,0.7863552,1.4668071,0.77709293,0.4128322,0.14096743
1.6070184,0.9527752,1.4605792,0.73402524,0.34293643,0.16325222
1.7272794,0.79545116,1.4072773,0.8156143,0.42299673,0.13557647
1.9137181,0.79731673,1.0591836,0.8084186,0.18380725,0.12927848
1.2943727,0.7663214,1.2590618,0.72215325,0.13884388,0.16144814
1.7297938,0.7506484,1.4730763,0.7783422,0.34443778,0.14816129
1.8042613,0.8261889,1.1623924,0.7699003,0.13765468,0.13410273
1.805174,0.9597213,1.4382672,0.7233843,0.12669288,0.15485165
1.3223345,0.96790504,1.3765647,0.7806835,0.39664102,0.14943478
1.6110781,0.6330482,1.238311,0.791789,0.25938284,0.13291667
1.3672545,0.6596188,1.1468542,0.76806843,0.16797638,0.13753712
1.5818697,0.8600203,1.2268419,0.70679986,0.052291445,0.14962445
1.5884186,0.66850615,1.7115653,0.83370906,0.3913775,0.11245997
1.4547269,0.9536627,1.3946991,0.7728368,0.4572611,0.14590922
1.2278684,0.8540627,1.3363152,0.7687373,0.39842895,0.15684034
1.4646912,0.539624,1.284575,0.7985107,0.32369506,0.1332185
1.4892979,0.49687427,1.4836574,0.7761486,0.2891513,0.14287987
1.3324249,0.9430651,1.2938116,0.73597,0.32293513,0.15282312
1.1549151,0.66414726,1.3170497,0.7402425,0.28867313,0.15465719
1.754396,0.7262636,1.4215634,0.78145325,0.39273655,0.15226097
1.7304559,0.7371699,1.8356009,0.86229235,0.41916,0.102465734
1.4397082,0.46442872,1.107073,0.80169064,0.16772231,0.1239662
1.1924609,0.55103123,1.2155566,0.72187865,0.11247925,0.15504315
1.2269871,0.5444326,1.3729875,0.7227337,0.25039697,0.16515338
2.0761592,0.99538726,1.1692321,0.76993215,0.20903265,0.14048277
1.6837106,0.6733194,1.3909476,0.78586406,0.28416187,0.13519333
1.6848437,0.9347771,1.418911,0.7955101,0.4775811,0.14134984
1.3226578,0.47513804,1.8615518,0.85379696,0.15883571,0.09084416
0.93809175,0.9659167,1.4137368,0.7766292,0.3703142,0.14092754
1.0492703,0.88703126,1.585437,0.82601804,0.66209453,0.13578969
1.4533254,0.515327,1.2093332,0.7706449,0.20599672,0.13423784
1.6027365,0.74759406,1.3630619,0.88762474,0.9778058,0.10932197
1.1444902,0.67501456,1.1240828,0.8689292,0.4379233,0.11176823
1.5048856,0.57508403,1.3038201,0.8461087,0.5633891,0.12732354
1.7348988,0.7887609,1.1967213,0.75411576,0.18041581,0.14708415
1.0388153,0.86854416,1.3402023,0.7507217,0.40181968,0.16760862
1.3611004,0.57866985,1.1011084,0.8508581,0.23746908,0.112805
1.8800935,0.78938115,1.5240061,0.83427775,0.5808452,0.13112214
1.3081689,0.4976676,1.2809212,0.74330974,0.26302433,0.15566577
1.2081524,0.5272348,1.07446,0.80796695,0.0894519,0.11270766
1.7455548,0.9556145,1.284878,0.8118207,0.35821533,0.13503918
0.9187819,0.95793027,1.333782,0.7459078,0.304477,0.16429764
1.7962055,0.7162284,1.2908857,0.70505744,0.117276624,0.15929575
1.7021459,0.72718656,1.184901,0.7919465,0.22897002,0.12990643
0.9346146,0.87172306,1.4622262,0.8303341,0.5832135,0.12926641
1.7216765,0.74192405,1.1360583,0.80698997,0.21859051,0.122620285
1.2357271,0.6130853,1.160809,0.76273006,0.14703175,0.13626297
1.8849542,0.81199247,1.6067262,0.8033399,0.40047088,0.14688799
1.4553852,0.6082726,1.330167,0.7945623,0.40433657,0.14789717
1.9298761,0.9417781,1.5353451,0.8065137,0.4022269,0.13992855
1.4814824,0.92104965,1.2111831,0.76910186,0.16539994,0.13452658
1.0407975,0.7213836,1.44,0.80056137,0.42391393,0.14324367
1.5055597,0.83542335,1.5537517,0.82016754,0.5114677,0.13351135
1.4044286,0.88184947,1.717087,0.8155785,0.25947845,0.116671905
1.348102,0.6961972,1.172776,0.80638164,0.2732193,0.12966646
1.0672947,0.8608179,1.5138068,0.78769743,0.393133,0.15670955
1.792822,0.92365605,1.286313,0.78585696,0.34958383,0.14106144
1.6582782,0.8145601,1.3437567,0.68073726,0.07850173,0.17108749
0.97008425,0.9169639,2.0624332,0.95170385,0.2265388,0.05943827
1.6738462,0.6832346,1.4721327,0.81829256,0.46120587,0.1411828
1.3589056,0.6448615,1.2177966,0.75900453,0.16299945,0.13919799
1.2321783,0.9527059,1.1577268,0.789786,0.20384729,0.13239062
1.7857623,0.9981683,1.4281123,0.7965315,0.34653983,0.13667546
1.5367082,0.81777364,1.2245078,0.7285063,0.15476114,0.1579966
1.3519679,0.704586,1.175386,0.7310088,0.070492394,0.13685176
2.0586174,0.9930664,1.2824652,0.7528175,0.2730088,0.1538321
1.3161627,0.5591707,1.3700893,0.8066449,0.43706542,0.14455007
1.2197396,0.71198136,1.2583985,0.80299556,0.36784488,0.1434624
1.6748034,0.6846864,1.2587926,0.7199342,0.14986053,0.16119346
1.355646,0.5883207,1.6155562,0.83072525,0.45965242,0.1257274
0.9669974,0.8483212,1.2813263,0.7609396,0.23335057,0.14577901
1.6229604,0.9678541,1.3461018,0.7410694,0.27630353,0.1626668
1.2775693,0.6912747,1.3778806,0.8265138,0.39966458,0.12383649
1.7591059,0.77267826,1.2103028,0.7860347,0.30675584,0.13665228
1.6811209,0.6333214,1.683373,0.82832104,0.33901665,0.11896889
1.5988338,0.6142305,1.397361,0.795816,0.33792007,0.13622342
1.025873,0.781043,1.2672284,0.81986,0.43783674,0.13385396
1.3526647,0.5525091,1.2458451,0.77115613,0.26554114,0.14263207
1.283887,0.5425908,1.4278553,0.7774757,0.329403,0.15819545
1.3428798,0.7251719,1.2977557,0.7734182,0.274065,0.1509594
1.7513778,0.75968707,1.6011181,0.7718357,0.26313224,0.1398178
1.6928859,0.67070997,1.2440035,0.78267914,0.2619282,0.1403476
1.6001476,0.8130271,1.3625581,0.8243422,0.49945632,0.14035733
1.5142208,0.6322462,1.1552198,0.8004549,0.26239094,0.12993155
1.7938834,0.8535069,1.2128973,0.78890735,0.30652025,0.14211422
1.4508209,0.5228716,1.0534446,0.84565544,0.26236355,0.11827561
1.479982,0.9063643,1.5389013,0.77866566,0.28992382,0.13695237
1.1255733,0.77540064,1.3474107,0.7482054,0.38142803,0.16197388
1.0386358,0.7342061,1.444458,0.81451243,0.46452022,0.14357345
1.7557145,0.80769247,1.3153782,0.7671751,0.2967477,0.14543758
1.7504197,0.65821713,1.2405558,0.7724322,0.23685962,0.1402037
1.2069323,0.5129913,1.1665678,0.7443144,0.11372854,0.13926934
1.1779426,0.82905746,1.2115943,0.74698573,0.17910856,0.14923461
1.0088528,0.86262625,1.441925,0.77089787,0.28429368,0.14854173
1.4900321,0.8815265,1.3845365,0.7170863,0.27299243,0.1668832
1.3712753,0.6646535,1.3263578,0.7669854,0.41341162,0.15927319
1.3096225,0.7571457,1.5634296,0.8751976,0.5828286,0.09941782
1.364989,0.756673,1.3039234,0.7714608,0.30111519,0.14706008
1.3867702,0.6309881,1.4300845,0.70659435,0.18420084,0.17087959
1.5148946,0.77247435,1.5779324,0.77834344,0.22264582,0.14727831
1.3412869,0.44599307,1.4321289,0.83266675,0.49943793,0.12164961
1.6358902,0.66570616,1.2537801,0.75806427,0.28290358,0.1490431
1.711665,0.63275707,1.2751691,0.76701593,0.32411894,0.14822587
1.3403357,0.41305116,1.2766688,0.7330836,0.2034695,0.1556148
1.1213739,0.8743462,1.3554482,0.74741817,0.2748189,0.16055389
1.1241513,0.8984279,1.4137616,0.69978,0.1543686,0.1703149
1.1613176,0.7046468,1.6160204,0.7830829,0.33831587,0.13516861
1.1047701,0.99214345,1.4680371,0.80418354,0.50186855,0.14740348
1.2143326,0.5444789,1.2274387,0.73704046,0.15672113,0.14948297
1.63646,0.7109729,1.4694953,0.7604743,0.30662322,0.14769801
1.311705,0.7197462,1.3644772,0.75034016,0.3150357,0.15916374
1.0347472,0.7724201,1.2946169,0.73584735,0.22544482,0.15217657
1.2848692,0.8732318,1.3502657,0.78851366,0.3780743,0.148816
1.2746409,0.7022038,1.4678044,0.8328804,0.4902445,0.14182441
1.3936387,0.49991357,1.4239528,0.7573093,0.37233773,0.15035196
1.6541754,0.8693912,1.7934401,0.8557916,0.3194999,0.103275664
1.3879839,0.55246955,1.2746325,0.7264646,0.15723453,0.15915783
1.7456763,0.7466234,1.2077262,0.80253154,0.3269215,0.13709266
1.2077445,0.930274,1.3066125,0.7798654,0.38545522,0.15131505
1.7935438,0.9417877,1.4557056,0.7907757,0.54585785,0.14253713
1.3072388,0.44811493,1.1474891,0.818986,0.35328963,0.13068192
1.5701915,0.7883377,1.5160818,0.7399958,0.1551639,0.14876275
1.2342806,0.64949423,1.26931,0.7740003,0.351185,0.14799537
1.52358,0.62501717,1.4896877,0.7864747,0.41698182,0.15525737
1.3763151,0.6375152,1.6945395,0.8225817,0.26944098,0.1093947
1.3431559,0.601158,1.4532549,0.77004755,0.23728295,0.13675122
1.6403753,0.7211097,1.3990023,0.8073018,0.3572093,0.13529262
1.5529149,0.7972343,1.1358702,0.8106752,0.15429267,0.122267544
1.4788346,0.87772125,1.3690822,0.6745343,0.03792815,0.16732429
1.3414954,0.62599045,1.4648438,0.81899977,0.50030136,0.13568547
1.2588918,0.7483611,1.3323584,0.74180174,0.31054097,0.16001712
1.1980803,0.7027816,1.5911045,0.8187832,0.4352232,0.12954958
1.3011582,0.44072175,1.0456122,0.8459621,0.1963386,0.10862028
1.2712481,0.99002254,1.27928,0.82649237,0.3701905,0.13103102
1.7692815,0.99662155,1.1993508,0.8258291,0.3564644,0.12703432
1.6387182,0.8772128,1.3990963,0.772992,0.31949162,0.14479224
1.2865499,0.47519073,1.3132303,0.74606717,0.25486863,0.1632104
1.4170374,0.6395176,1.338409,0.7296485,0.23882434,0.15702625
1.6314076,0.60557455,1.2791505,0.71040595,0.18395956,0.1596354
2.0096388,0.9556395,1.2682929,0.7969578,0.42105377,0.14711465
1.2683394,0.51825345,1.2498362,0.8180861,0.4306245,0.13098456
1.5582763,0.6753268,1.4402294,0.7239368,0.18660836,0.16105138
1.5543467,0.67355794,1.3603306,0.74514604,0.26781014,0.15408696
1.6324785,0.58080155,1.293145,0.7244621,0.25307983,0.1659292
1.4851257,0.9063447,1.4150803,0.8076982,0.4159466,0.128181
1.2420596,0.55100673,1.2534771,0.7614703,0.21526095,0.14152886
1.3703214,0.81109136,1.1673911,0.8193276,0.4532743,0.13610138
1.8102087,0.70485413,1.3798876,0.7094714,0.1896037,0.16793153
1.269807,0.7545241,1.4129305,0.7870418,0.41192383,0.14316481
1.4752169,0.51658857,1.1926186,0.76163584,0.24023263,0.14234658
1.4023216,0.7743783,1.2550578,0.77295566,0.24862331,0.14068735
1.0594625,0.6885609,1.4271069,0.77182484,0.38083914,0.14515696
2.0708869,0.9175633,1.343781,0.7621334,0.31484252,0.15988499
1.5195841,0.5987641,1.3678398,0.7905725,0.38990703,0.15377985
0.8932455,0.9635332,1.3609066,0.7191337,0.25272733,0.17632705
1.6758922,0.8162679,1.1838615,0.8315191,0.2627214,0.12285804
1.2474699,0.51408887,1.1589574,0.7726054,0.15973106,0.13729931
1.4647651,0.51681817,1.4074929,0.790689,0.3863578,0.14389099
1.450987,0.7179122,1.2454917,0.74398243,0.20654754,0.15349542
0.98179716,0.98819405,1.5839267,0.8322029,0.40650338,0.11197848
1.043902,0.8245372,1.243876,0.7531459,0.26354882,0.14972721
1.4034296,0.60643035,1.1954522,0.78764695,0.2888198,0.13899888
1.6059477,0.8114487,1.3589089,0.7759146,0.3308426,0.1495412
2.0704508,0.97221607,1.5292156,0.7672682,0.33155146,0.15928271
1.3439335,0.429344,1.2903991,0.75267524,0.24617554,0.14805728
2.0920289,0.9430374,1.5209098,0.7637282,0.28523916,0.14849779
1.7953234,0.90944505,1.2264545,0.7684859,0.281627,0.14619888
1.5219511,0.5318798,1.2644968,0.797175,0.5315121,0.14554818
1.0502479,0.97762734,1.0973626,0.809504,0.21933861,0.12533997
1.1977338,0.5603105,1.4341257,0.7789349,0.36751068,0.14579435
1.3735393,0.4533467,1.3896747,0.73377776,0.26643905,0.15996063
0.8904719,0.98511773,1.4881675,0.8226921,0.6952421,0.14914475
1.2229458,0.5930608,1.1571066,0.76579666,0.17041592,0.13995007
1.4762436,0.5437773,1.6299937,0.8320947,0.46515638,0.13467161
2.0780652,0.9154298,1.3212721,0.76543564,0.2798222,0.14073026
1.2642499,0.51775604,1.2705517,0.82440513,0.45041245,0.13503966
2.0821896,0.9923132,1.2901063,0.7351722,0.1842627,0.1561047
1.4226539,0.6670145,1.2008016,0.7752398,0.25079045,0.13897008
1.6011839,0.5876724,1.6131647,0.773857,0.26093456,0.14312921
2.0489826,0.89317405,1.3142533,0.7325744,0.23630491,0.16357778
1.6891862,0.70307684,1.2026539,0.7995673,0.2097105,0.12927528
1.595911,0.6834162,1.5038953,0.7753512,0.5638286,0.15858766
1.5217464,0.8617208,1.2487047,0.8060414,0.37717247,0.13403507
1.2270387,0.64935684,1.3866241,0.77525955,0.29806677,0.15032779
1.1909858,0.964127,1.2291319,0.84105814,0.37706602,0.12871455
1.1972774,0.6495269,1.2301712,0.7419535,0.19103095,0.1510397
1.3912742,0.66745895,1.4308178,0.78003526,0.51146775,0.14541021
1.5917286,0.9148171,1.474155,0.7816942,0.40505773,0.14487487
1.7328225,0.71874934,1.3232536,0.75178206,0.29849443,0.14919795
1.3496544,0.7335728,1.2218156,0.8143962,0.31528863,0.12711203
1.2507643,0.5057307,1.3286653,0.8220226,0.4848058,0.12612714
1.9714379,0.9181903,1.4034104,0.7278596,0.22191325,0.1607865
1.2883872,0.95030713,1.4868064,0.8264068,0.6529885,0.1470094
1.2976124,0.7093444,1.4373903,0.80515546,0.36640185,0.1432708
1.4100261,0.43727982,1.2659886,0.7507809,0.21383238,0.15156685
1.5574607,0.729832,1.4174635,0.7762529,0.31825536,0.15042672
1.5502881,0.84332436,1.2820861,0.7621111,0.26594612,0.15321143
1.2209033,0.5282525,1.5095141,0.79047513,0.39991397,0.1444909
1.5205175,0.8342458,1.7121,0.8594869,0.37710753,0.09587749
1.3778924,0.6441999,1.6683416,0.860385,0.6340828,0.12561809
1.5048016,0.6299427,1.3064044,0.7624036,0.31090936,0.15769063
1.7740002,0.9174617,1.3890288,0.7750582,0.38345215,0.15650833
1.4401315,0.9944717,1.3599484,0.86245114,0.6198911,0.1286453
1.8329344,0.7603477,1.5356147,0.80204934,0.51768285,0.14278936
1.115449,0.8070829,1.5721326,0.8332651,0.5612396,0.13168499
1.2385153,0.7526035,1.3632355,0.7296066,0.22577472,0.15613656
1.4324759,0.57429004,1.2896528,0.7255819,0.1445662,0.15232587
2.0054493,0.8720507,1.1360915,0.78110045,0.19631475,0.13801095
1.3785509,0.53884125,0.9765656,0.8559043,0.15453395,0.1017528
1.3445187,0.7405027,1.380223,0.77593404,0.2957449,0.1369764
1.152274,0.6667637,1.3417885,0.68852097,0.08402752,0.1696761
1.3513956,0.8067383,1.7548847,0.80666524,0.07259987,0.11511691
1.276359,0.7274783,1.3154151,0.8330943,0.4074292,0.13224773
1.3416127,0.5011599,1.3448062,0.7969611,0.468098,0.14884947
1.0302933,0.7328696,1.4388304,0.76343656,0.32020083,0.16166262
1.8541727,0.78192836,1.2923136,0.77510035,0.28999427,0.14657146
1.6689479,0.9113013,1.7146804,0.87134886,0.6235612,0.11527319
1.7502685,0.95168114,1.3133745,0.7650855,0.2695222,0.15205787
1.268769,0.5927861,1.4502089,0.73898566,0.25547338,0.16377471
1.7052209,0.7157519,1.1572853,0.8219117,0.23136012,0.12181598
1.3757848,0.7716867,1.3244815,0.73863715,0.2312141,0.1592767
1.5180876,0.5007511,1.5021801,0.7558642,0.25545758,0.14776972
1.9684193,0.9885209,1.4128866,0.8098053,0.4357765,0.13369164
1.4091797,0.8913718,1.47559,0.77659035,0.3460671,0.14132862
1.4103589,0.5695231,1.4433205,0.7994265,0.38483492,0.1313602
1.4601947,0.99629694,1.2221918,0.78192794,0.28495672,0.14051895
1.5083781,0.7973248,1.5604594,0.7958597,0.46433872,0.1326041
1.7849882,0.7050707,1.4547868,0.72311795,0.16168319,0.15292831
1.4978493,0.8445889,1.3526385,0.7998939,0.46145183,0.13858116
1.3030969,0.6757585,1.4673328,0.7812698,0.4065947,0.14353299
1.3354079,0.57852596,1.5329893,0.7670989,0.33887863,0.14101805
1.3017098,0.9974035,1.446485,0.79811555,0.4497085,0.14257397
1.336948,0.79459625,1.3520324,0.8065476,0.41849363,0.1379053
1.255354,0.7377381,1.2669234,0.8267853,0.4900869,0.12719643
1.1466124,0.9147048,1.3401086,0.80460995,0.48382053,0.14341444
1.3395545,0.94005126,1.7117214,0.7998846,0.12948996,0.11523367
1.5969083,0.64087504,1.1661899,0.7867935,0.20058301,0.13463919
1.5556415,0.6257408,1.1652315,0.78929245,0.2890901,0.13863994
1.8984113,0.8323065,1.3388228,0.8577396,0.52439827,0.11712593
1.503715,0.496686,1.6727948,0.8746111,0.8164041,0.123451516
1.5374941,0.83445,1.4540167,0.80035406,0.30809215,0.13789128
1.6148294,0.7037769,1.2707186,0.7881968,0.2576135,0.13630916
1.0330074,0.8743876,1.2950733,0.7859917,0.29586682,0.13779333
1.5283922,0.52948934,1.69895,0.8355673,0.41602403,0.1269428
1.982772,0.9139179,1.5017626,0.76400983,0.2807374,0.15268409
1.4316512,0.66020656,1.1590523,0.8070062,0.26935244,0.12888047
1.816252,0.75305283,1.5067954,0.7616551,0.4402107,0.1728493
1.5567311,0.64714205,1.1534338,0.7351383,0.03786062,0.13381746
1.9727293,0.956261,1.1396286,0.78703266,0.22249956,0.13425957
1.0978591,0.8112907,1.5410545,0.8174248,0.46387032,0.1349507
1.5931976,0.8913236,1.34324,0.759263,0.24981028,0.15025392
1.5887847,0.9486113,1.4727209,0.7049024,0.15318958,0.16593172
1.4258742,0.6130304,1.2390759,0.8352731,0.46806815,0.12556522
1.1520283,0.7288018,1.3819134,0.7417466,0.17847507,0.15275483
2.0962627,0.93811417,1.4578388,0.7825961,0.56257915,0.1525507
1.7687535,0.7608129,1.654171,0.7928737,0.20244864,0.123450615
1.9190216,0.81028557,1.4203451,0.80128473,0.404018,0.14409505
1.6175439,0.70591176,1.4432878,0.7932973,0.34462178,0.13111927
1.7234261,0.634101,1.2810802,0.79855,0.3189903,0.13169211
1.5554566,0.9401466,1.2094328,0.77967155,0.24739258,0.13860619
1.017285,0.8522904,1.3795862,0.74457437,0.20723523,0.1504834
1.2765279,0.6952353,1.2908845,0.73430884,0.20099963,0.15169838
1.5251379,0.78247845,1.5948646,0.7720609,0.58315367,0.139473
1.5174466,0.7808988,1.207638,0.81356114,0.3684161,0.12866329
1.5922816,0.77302116,1.2590241,0.76140445,0.259249,0.15343441
1.0456322,0.8784186,1.3920064,0.70743525,0.16067594,0.17220543
1.7451977,0.8472287,1.1699328,0.78360605,0.18389226,0.13248238
1.4163412,0.82057554,1.2935915,0.66637385,0.022841645,0.16322032
1.8415294,0.77630275,1.482322,0.82108337,0.59288657,0.13794035
1.6659192,0.72890055,1.4357927,0.80006194,0.37654337,0.12733386
1.6094477,0.8654656,1.3475981,0.8185224,0.5520877,0.14943035
1.2382647,0.5743303,1.28582,0.7420565,0.19678743,0.1510121
1.3553219,0.6435734,1.2195606,0.7966084,0.33123773,0.14229195
1.6921967,0.7116286,1.3398151,0.6935512,0.110667124,0.16771655
1.2362016,0.9452853,1.863436,0.85125804,0.099278264,0.08664259
1.2202361,0.67670685,1.4278896,0.7786943,0.37445447,0.14977354
1.907014,0.91944534,1.1758275,0.79572314,0.26669762,0.127555
1.1918565,0.77718407,1.3957922,0.71758175,0.18572572,0.1633919
1.7678149,0.7810893,1.212817,0.74585974,0.1627428,0.14671718
1.5956649,0.8888577,1.1608602,0.80929965,0.33161682,0.12954003
1.2914671,0.93798316,1.3161652,0.81063646,0.47306016,0.13875024
1.5665874,0.8608276,1.2805519,0.78296036,0.32048926,0.14735189
1.5720135,0.982509,1.3964255,0.7104219,0.22841924,0.1617003
1.8834236,0.8474899,1.3015535,0.7021685,0.0898272,0.16006537
1.7443235,0.9502192,1.3357294,0.7349772,0.28261864,0.16544317
1.1968576,0.9650313,1.3376868,0.71592116,0.18468492,0.16585092
1.5634736,0.64233863,1.287441,0.6940753,0.07985638,0.16023241
1.3497417,0.7484033,1.1729815,0.7737504,0.13795806,0.13268425
1.6727322,0.79991615,1.2023621,0.7819409,0.2516189,0.13109468
1.2608825,0.52398443,1.1358585,0.78891367,0.20453477,0.12990107
1.4288386,0.6005263,1.4428444,0.77582824,0.3394239,0.15601096
1.6003622,0.9847789,1.3756964,0.70763564,0.16429834,0.16444457
1.5343919,0.59668577,1.2911317,0.76064694,0.2794561,0.15287767
1.5570455,0.5603092,1.1085329,0.79064673,0.19581392,0.13017602
1.5440707,0.7780931,1.6499457,0.8156723,0.47609386,0.1368831
1.2728082,0.5504384,1.621644,0.8038456,0.1906279,0.1285629
1.2669667,0.49402928,1.2543383,0.7843853,0.25054178,0.13751952
1.365172,0.7804359,1.2692168,0.7320914,0.21407633,0.15642247
1.826153,0.86904895,1.2526498,0.7315966,0.17025483,0.15328835
1.9773871,0.9272182,1.6122909,0.78554666,0.2592716,0.12850502
1.450313,0.47957036,1.2570083,0.7678145,0.34526968,0.15018496
1.4438449,0.9415136,1.2166011,0.85606575,0.48711953,0.113813184
1.9609494,0.87584573,1.1511581,0.8048577,0.25507024,0.12868117
1.1812904,0.90002203,1.3807116,0.74965435,0.34753892,0.1563219
2.0446675,0.9810946,1.3426497,0.72010165,0.2223371,0.16676344
1.4497781,0.7714184,1.8209329,0.93629533,0.83434373,0.091352545
1.343742,0.71101385,1.265934,0.7800779,0.3134384,0.14924563
1.5331063,0.51933986,1.098134,0.85939735,0.413974,0.12478596
1.6644524,0.86805356,1.3944197,0.7464052,0.33595118,0.16653378
1.5592006,0.7442639,1.3802035,0.7810518,0.3636277,0.14012654
1.701079,0.70661867,1.210614,0.79709333,0.28346464,0.13576537
1.3975166,0.5684544,1.1399233,0.7588028,0.09139863,0.13273981
1.7093332,0.63651484,1.274708,0.80870426,0.41233724,0.13134332
1.1825355,0.7041569,1.2393706,0.72601855,0.13884202,0.15195075
1.3648787,0.740838,1.0706897,0.8283717,0.1368735,0.11318587
1.8601164,0.7693941,1.9396298,0.88426787,0.14645897,0.07456851
1.3527902,0.55711687,1.2522326,0.7768588,0.29912022,0.13859653
1.9769682,0.9353962,1.3172598,0.7255666,0.19919334,0.1597985
1.2785671,0.7801956,1.565062,0.79390794,0.38245377,0.13851519
1.1848265,0.7010579,1.31253,0.756474,0.30481732,0.14873844
1.0826497,0.76006436,1.4663658,0.78864884,0.39246815,0.14059709
1.1898018,0.561681,1.3887765,0.72212034,0.22350821,0.16255145
2.0104377,0.87821084,1.4773645,0.7906124,0.42292166,0.13390578
1.522147,0.9011645,1.4450424,0.75542843,0.36209416,0.15739454
1.4873201,0.58170235,1.384321,0.7768841,0.36471462,0.1480682
1.6177806,0.7092863,1.4914417,0.7976653,0.41617104,0.14350836
2.104199,0.9892712,1.238673,0.7603567,0.1883144,0.14400879
1.126382,0.6083277,1.4896126,0.7960848,0.5058753,0.16831906
1.2969623,0.6192175,1.4088907,0.8073043,0.41486612,0.13292818
1.5036532,0.72303736,1.6278236,0.7985094,0.37873748,0.13105457
1.527,0.75990736,1.2287686,0.7462995,0.18729487,0.1464151
1.8110341,0.73701423,1.3255634,0.79926515,0.33302352,0.1445691
1.7588902,0.7913537,1.4698257,0.78614414,0.34565085,0.14678718
1.4994323,0.8582822,1.2538149,0.76156795,0.24411212,0.15121454
1.0258347,0.8458036,1.3371623,0.7653665,0.5135241,0.17249827
1.2078894,0.99764985,1.3118403,0.7450826,0.27933803,0.15741886
1.527665,0.5952254,1.3850038,0.7546092,0.24349338,0.14981937
1.4237998,0.6983554,1.4195774,0.79072917,0.35522485,0.13945445
1.143037,0.96487933,1.2317266,0.76799864,0.23242128,0.14980164
1.7082708,0.83264494,1.3569827,0.7209387,0.19902949,0.1621088
1.3846171,0.5337439,1.3283174,0.79975677,0.39687252,0.13578504
1.2700908,0.5749888,1.5502982,0.79995793,0.6224845,0.12767708
1.0718902,0.9388235,1.2479353,0.76462686,0.25190368,0.14180765
1.7205179,0.8338313,1.364682,0.7875591,0.39648587,0.14423548
1.1458635,0.6864827,1.2691808,0.78009623,0.26212868,0.13583142
0.9065342,0.9553464,1.6371667,0.83972144,0.44805086,0.12765604
1.4188551,0.6700342,1.3601968,0.72693384,0.22832042,0.16466539
1.1619495,0.558713,1.4664967,0.8007933,0.3537653,0.13401912
1.2831295,0.82277083,1.3507524,0.73483497,0.22715975,0.16179891
1.4259101,0.7061903,1.3065948,0.7739885,0.40506372,0.14445618
1.1105436,0.911315,1.2725425,0.795296,0.4008247,0.14463736
2.0487974,0.9803344,1.3547626,0.764808,0.42842436,0.15811923
1.6923075,0.6694086,1.7228096,0.8397363,0.38831013,0.113675885
1.6683874,0.9032709,1.2025294,0.7455205,0.17627737,0.151865
1.4351705,0.5124431,1.0813878,0.8459102,0.30311897,0.11313394
1.5763769,0.5562256,1.5210457,0.79609424,0.3910281,0.1324869
0.9979175,0.8106508,1.271178,0.81747806,0.3509283,0.12786765
2.0590854,0.8962078,1.2441199,0.7987438,0.26430568,0.13514198
2.0954611,0.98265845,1.1445441,0.8778985,0.5316321,0.11430437
1.7211646,0.93845797,1.4377015,0.7481851,0.29346615,0.1547869
1.988618,0.8449518,1.689475,0.8394461,0.6006007,0.11873667
1.5079972,0.88701373,1.3449571,0.65182894,0.022114428,0.17220648
1.1792549,0.83470607,1.2669666,0.73751104,0.2365116,0.16006206
1.7369245,0.66155326,1.2810276,0.7531627,0.2668206,0.15151684
1.9310391,0.8467095,1.4310772,0.787585,0.392975,0.14538498
1.5328345,0.847588,1.1631322,0.8231868,0.2990965,0.12294208
1.0456764,0.7945888,1.6106584,0.8053207,0.37038022,0.12503143
1.9523938,0.98891324,1.2475262,0.76093966,0.27293518,0.14788671
1.5411128,0.62525475,1.8802905,0.9132711,0.47119713,0.08150726
1.3307346,0.8486266,1.2054491,0.7767947,0.20456953,0.13918975
1.729314,0.78159565,1.1763661,0.7868042,0.22680935,0.13390283
1.5516248,0.5688129,1.1348131,0.81977874,0.18202376,0.11924366
1.1107724,0.6205747,1.3186548,0.72252834,0.13816522,0.15490803
1.4738679,0.7097265,1.3526478,0.805251,0.48001608,0.13769472
1.4305329,0.661979,1.2344475,0.8369013,0.4728644,0.12906088
2.0817113,0.9356635,1.508029,0.7919961,0.45823845,0.15452102
1.2509644,0.7122193,1.51758,0.80765176,0.4055532,0.13143298
1.5263928,0.6605943,1.4994092,0.80047125,0.426654,0.14140666
1.3563625,0.77397233,1.2319088,0.79278135,0.35000467,0.14466992
1.6082561,0.8250588,1.2014608,0.85089946,0.43656164,0.12175546
1.5608697,0.64526343,1.2806902,0.7641616,0.2283978,0.1440768
1.529182,0.6733095,1.3754685,0.77563393,0.2968622,0.15003084
1.5250098,0.55355185,1.3771348,0.7798549,0.44192445,0.15038072
1.4659863,0.65238076,1.3226304,0.796114,0.3734781,0.14268957
1.8054813,0.7525404,1.3400428,0.7823438,0.2874381,0.14846396
1.4179374,0.7519988,1.255791,0.7582015,0.21233672,0.14670764
1.8533751,0.9686282,1.2311738,0.7418574,0.09842394,0.14189729
1.9822693,0.831352,1.4043608,0.69459325,0.06632182,0.16784339
0.9898805,0.85849607,1.1940475,0.7562406,0.17303814,0.14331545
1.496526,0.56812525,1.3625646,0.7225094,0.19098297,0.1603573
1.0486693,0.87848836,1.3603857,0.7429955,0.26629725,0.16187084
1.5430144,0.7566244,1.3549719,0.7446317,0.3101825,0.1602421
1.1938871,0.5949542,1.0845561,0.80263144,0.10843412,0.114925586
1.3098886,0.5971454,1.4708843,0.7301767,0.19095361,0.1567063
1.3172724,0.66499984,1.7635882,0.8363597,0.13927539,0.09646854
1.1766737,0.87891006,1.811568,0.8476271,0.362776,0.10049389
1.1943564,0.87590766,1.1977437,0.7861109,0.3446612,0.14106636
1.1914182,0.5738547,1.6637409,0.8558455,0.4618186,0.107935645
1.0927066,0.6976865,1.1872628,0.85968494,0.42806613,0.121704295
1.2406224,0.627315,1.4486775,0.77075005,0.3452186,0.14984053
1.322336,0.78961253,1.5973423,0.7995365,0.48468813,0.13440214
1.3210597,0.61316055,1.3004937,0.7250643,0.22301108,0.15730716
1.3137575,0.54583687,1.1994493,0.7440892,0.066703625,0.13642508
1.6889775,0.96632874,1.2820456,0.77540326,0.3877842,0.15237272
1.2985884,0.7249217,1.3070383,0.80174965,0.29430348,0.13360325
1.0370896,0.8316157,1.0628684,0.80346453,0.16968548,0.12435028
1.3007627,0.89750993,1.3128283,0.8196655,0.64123863,0.14124489
1.9455761,0.85292107,1.279041,0.72988725,0.23200461,0.15780777
1.5305729,0.6604936,1.2399516,0.78080714,0.2780506,0.14290099
1.3507191,0.45155394,1.4863551,0.7600921,0.41843963,0.16153407
1.4974997,0.48634076,1.3297484,0.7875956,0.37464753,0.1430092
2.045147,0.9515791,1.582675,0.83053,0.64786386,0.13222606
2.1121068,0.9869317,1.2143321,0.8098336,0.4127474,0.12830833
1.401345,0.6805927,1.4746611,0.74713635,0.33454844,0.16025093
1.0713631,0.8954003,1.4663475,0.77397394,0.28858852,0.13824366
1.5416173,0.9523658,1.4061813,0.74818915,0.30823228,0.16466592
1.8061401,0.74479055,1.2287171,0.73886776,0.20069173,0.15255938
1.3697177,0.7502346,1.2975006,0.78628325,0.34158632,0.14459762
1.3577526,0.54531825,1.4928288,0.77144337,0.3847241,0.150186
1.6197704,0.74663264,1.2727308,0.71686745,0.16412905,0.16362004
1.3811954,0.43167213,1.3700995,0.7892842,0.33103842,0.13840955
1.4640994,0.72357744,1.3305364,0.77576816,0.4074244,0.15035585
1.1067059,0.6696088,1.3399658,0.6895372,0.1050361,0.16729032
1.8867828,0.8077628,1.1095206,0.79490393,0.2020759,0.12734318
1.1727916,0.8399948,1.2573051,0.80524504,0.29279813,0.13599846
0.9003119,0.95216894,1.585763,0.8148237,0.36909,0.13251442
1.2978644,0.8338216,1.1411376,0.7874203,0.15066163,0.1270086
1.5787959,0.7098729,1.625083,0.83424354,0.52253366,0.13278675
1.65132,0.94069403,1.4075117,0.76505625,0.304211,0.1445604
1.4895935,0.8500085,1.1648225,0.786305,0.19573015,0.1327135
1.0336537,0.7717373,1.5649943,0.7846322,0.37040484,0.14511685
1.6783439,0.7028982,1.4377398,0.79947317,0.43763387,0.13241433
1.3251557,0.4852853,1.1978278,0.74821943,0.10541986,0.13800989
1.1705023,0.8000453,1.4215765,0.7892553,0.46577546,0.14888091
1.322467,0.65322375,1.285258,0.7281427,0.15727171,0.15289664
1.4629669,0.53838974,1.6290646,0.8178198,0.4396971,0.12781094
1.9257234,0.93302333,1.3076215,0.77652484,0.244875,0.13957772
1.1751442,0.76812094,1.3100123,0.7663046,0.28471148,0.14778288
1.4358596,0.6846671,1.4621506,0.890981,0.6375119,0.112017915
1.2612133,0.89893544,1.1975839,0.7801094,0.27151608,0.14001487
1.52035,0.51448166,1.3150263,0.7463638,0.2376249,0.149523
1.6288869,0.99911517,1.1896551,0.7593173,0.19576201,0.1411126
1.3051077,0.7663339,1.3359494,0.6735249,0.024164565,0.16330816
1.2869387,0.8708164,1.2480714,0.72589517,0.18663211,0.16126367
1.0344343,0.9069512,1.2976434,0.80126077,0.39473215,0.13772854
1.3141751,0.48199445,1.3917277,0.8017913,0.47767016,0.15153946
1.6730367,0.68932706,1.4235249,0.7587415,0.39190653,0.15102793
1.2090268,0.8462322,1.3093491,0.7473147,0.27022886,0.14940111
1.6978539,0.67749333,1.4230807,0.7627024,0.34515595,0.1516746
1.3041128,0.5134514,1.3973894,0.7792652,0.37118196,0.13722432
1.5735887,0.8464624,1.4250002,0.73520356,0.27835009,0.1542878
1.3043227,0.53306544,1.7282567,0.7907684,0.04041859,0.11144579
1.5343678,0.6289311,1.3250942,0.77675873,0.28959924,0.13364449
1.9230775,0.8589545,1.2974474,0.8251249,0.59009904,0.13610998
1.5894371,0.8768974,1.276972,0.74821246,0.15823531,0.14702305
1.3574606,0.83359176,1.4550328,0.76729596,0.3196048,0.1546294
1.8451489,0.7326656,1.0612359,0.8421781,0.18350422,0.11025041
1.2938782,0.57782656,1.3041742,0.6768539,0.044942524,0.1692546
1.3932676,0.6118873,1.2450302,0.8013445,0.3837445,0.13867344
2.0376046,0.9835984,1.4979744,0.7858091,0.45950353,0.15547593
1.6154436,0.845509,1.2477863,0.7120166,0.090972595,0.15799747
1.2379308,0.92402637,1.419586,0.83383006,0.5306835,0.13406625
1.4091134,0.7507237,1.1724609,0.84546024,0.345577,0.113280185
1.6862752,0.7736004,1.5004966,0.8121621,0.43223062,0.14324622
1.3330286,0.48919404,1.3405488,0.7595127,0.30311525,0.15595211
1.5043554,0.5993789,1.2781625,0.7551265,0.25062552,0.14993861
1.4238698,0.90258557,1.4502978,0.75824696,0.36258325,0.14804439
1.4067403,0.89590234,1.4145007,0.747669,0.3369724,0.16350253
2.0425534,0.95271516,1.2963274,0.76462877,0.24847691,0.14255299
1.3906279,0.6875308,1.2778275,0.78608215,0.29070416,0.14013511
1.6623893,0.84804034,1.6167562,0.7654303,0.21080835,0.14225219
1.7142394,0.6918554,1.4634984,0.7611844,0.25973547,0.15047067
1.6786226,0.720887,1.312263,0.8169839,0.50933033,0.12830569
1.508112,0.6336706,1.3427222,0.82107395,0.47773105,0.13303332
1.606614,0.7484805,1.1147902,0.82629156,0.26075554,0.122553915
1.3991752,0.5509687,1.3481927,0.73180103,0.2500665,0.15404128
1.3486763,0.7754061,1.2393329,0.7494683,0.17518929,0.14594889
1.1875718,0.85891867,1.4856234,0.77102524,0.29603344,0.14266133
1.4240979,0.4474279,1.1804523,0.81457883,0.28066638,0.12608649
1.4077353,0.81706643,1.5146942,0.79041815,0.38906297,0.14588365
1.1277891,0.79765505,1.1170714,0.7993347,0.18860717,0.12397682
1.3684855,0.6992218,1.524503,0.784027,0.40885714,0.14006516
1.394348,0.4443105,1.0956336,0.8041218,0.21249387,0.12393242
1.32916,0.95514095,1.5551653,0.7999479,0.45664033,0.13914718
1.4679157,0.61642563,1.4827843,0.7926138,0.47012824,0.14533125
2.0225024,0.98605394,1.0954945,0.84036034,0.365815,0.1257764
1.4905534,0.764598,1.2975602,0.7266274,0.15837878,0.15337278
1.6162724,0.62226915,1.3593309,0.77204645,0.43242672,0.15228018
1.6674287,0.7914968,1.2889872,0.73171926,0.21937941,0.15309103
1.3505371,0.9760064,1.3809497,0.6929903,0.15939927,0.17535731
1.9900964,0.84203404,1.2036612,0.75046694,0.20928994,0.14897938
1.2666132,0.49269632,1.2450008,0.8186098,0.34398785,0.13073774
2.0415618,0.88441104,1.3931205,0.7474178,0.23818137,0.15049835
1.588342,0.7966964,1.2856233,0.7722744,0.2528281,0.1369969
1.2060374,0.62227386,1.459126,0.6812887,0.031516537,0.16158882
1.083524,0.7229728,1.4349465,0.7908055,0.36333075,0.14722335
1.090207,0.7147354,1.5536213,0.82664716,0.47935548,0.122478016
1.4617735,0.6600579,1.2041082,0.8075169,0.2827772,0.12910421
1.4936134,0.5876992,1.2563472,0.74995,0.17341273,0.15041253
1.8982093,0.95278615,1.4849987,0.8631985,0.597892,0.12403458
1.8487414,0.7814233,1.4033587,0.8149217,0.4281545,0.13854799
1.2746351,0.5563497,1.7816515,0.8594511,0.41179368,0.11140881
1.6136241,0.91550267,1.3763316,0.750325,0.22722887,0.15952425
1.3252468,0.62871003,1.1436486,0.81875104,0.341169,0.12724558
1.1899239,0.77246827,1.2059195,0.8050075,0.3149814,0.13138537
1.4519434,0.91020674,1.242641,0.7593373,0.28451425,0.14933902
1.4359807,0.579933,1.2911818,0.7561044,0.31680366,0.15356608
1.3665943,0.5015573,1.2582521,0.8313337,0.42116097,0.12899321
1.1655256,0.72224814,1.2117453,0.7891425,0.30493706,0.14587681
1.2658689,0.69439936,1.0650682,0.8060469,0.09446242,0.1149215
1.8181462,0.8980869,1.2913921,0.7654171,0.32411805,0.15229899
1.2904413,0.6104699,1.1785548,0.788944,0.23803815,0.1336082
1.8284938,0.9446009,1.4451096,0.71436715,0.09040272,0.15833691
1.5327423,0.5382957,1.5284469,0.8058308,0.70844215,0.14266913
1.3513741,0.66607547,1.3383605,0.77180004,0.25818318,0.13910225
1.2135024,0.8127629,1.3066516,0.7573838,0.28891286,0.14539705
1.1583431,0.6509012,1.2418048,0.7713376,0.25834578,0.14543052
1.97863,0.8282392,1.3204215,0.7780278,0.3844465,0.13669942
1.6992081,0.85894847,1.3240566,0.7849308,0.41747564,0.15104437
1.2286102,0.94290143,1.3640842,0.78163964,0.4522211,0.16250023
1.4674597,0.9623086,1.4053235,0.8163464,0.55324674,0.14940289
1.5451595,0.59437305,1.2354362,0.8118811,0.37741467,0.13780843
1.6460365,0.8478876,1.4562588,0.73303807,0.21803112,0.16135356
1.6496357,0.64240026,1.2846706,0.7371559,0.2215152,0.15975265
1.6098473,0.79740995,1.2975953,0.7825768,0.31090975,0.14254078
1.405544,0.604355,1.3431947,0.7373359,0.3553151,0.16096982
1.2548336,0.8704432,1.2647173,0.78913283,0.36510774,0.14243305
1.0753802,0.7660584,1.3097658,0.7638619,0.30390432,0.15241623
1.9019654,0.93336594,1.2858686,0.6932458,0.07231784,0.15934685
1.7320129,0.72944313,1.2466812,0.81182325,0.31973496,0.13358907
1.1491771,0.6089277,1.3554676,0.7546426,0.27081934,0.15588535
2.0316722,0.94930387,1.2429159,0.7023492,0.076221846,0.15707295
1.7040612,0.9420066,1.0698268,0.8170149,0.19368687,0.118107185
2.0588734,0.95626485,1.3191295,0.7580013,0.24369499,0.143893
1.2481371,0.48676422,1.4335716,0.7242389,0.23628157,0.16381963
1.3670021,0.43725514,1.5126123,0.75565815,0.23874742,0.15034087
1.4669646,0.92271185,1.7737648,0.8741948,0.7354834,0.11626759
0.93148696,0.97530395,1.2466817,0.7799574,0.2801355,0.14373498
1.4344923,0.6187596,1.4191079,0.75521195,0.27419767,0.14965948
1.9554691,0.9265396,1.2995942,0.7572525,0.2512127,0.14449401
1.4807847,0.48192516,1.3889337,0.82168037,0.4229059,0.12913817
1.8549895,0.92774874,1.2097986,0.7497559,0.16019103,0.14322889
1.1403105,0.6000686,1.4087768,0.785935,0.45978394,0.14447054
1.1369302,0.69163686,1.6647449,0.81039506,0.53393066,0.12632297
1.858674,0.8992149,1.5290735,0.92083055,0.6022646,0.086939216
1.5591428,0.7600191,1.6136558,0.795405,0.28938934,0.12511328
1.6055299,0.9316471,1.3580358,0.69266915,0.13307238,0.17557643
1.1219238,0.82483166,1.6999259,0.810338,0.24213251,0.11967205
1.273386,0.6890611,1.2638016,0.77839994,0.26229116,0.13582174
1.7803732,0.79060453,1.24618,0.75916964,0.25020868,0.14880116
1.5918555,0.9428239,1.3649399,0.7633022,0.3290461,0.15273535
1.8089517,0.73343706,1.3198104,0.72614574,0.22384892,0.15746821
1.9228563,0.91970134,1.2859802,0.7774961,0.32955512,0.14579047
1.4409628,0.9193461,1.5425518,0.84671575,0.37269193,0.107039765
1.2742558,0.56711924,1.5815766,0.7529993,0.31239313,0.14439723
1.6090618,0.65582454,1.1452401,0.77720046,0.1563585,0.13255526
1.571204,0.84026283,1.371589,0.8011244,0.4064369,0.1450787
1.0226012,0.9518824,1.7279103,0.8778531,0.53015715,0.105500996
1.5786277,0.9368729,1.5380754,0.79294413,0.38469774,0.12951815
1.3283783,0.49654213,1.342499,0.7935515,0.3235919,0.13679674
1.326311,0.99070275,1.2528827,0.7527009,0.27460095,0.15059464
1.7477006,0.7044212,1.3621252,0.7355264,0.21138595,0.15016587
1.3418863,0.41148052,1.1961608,0.72198373,0.05047529,0.14217672
1.3849937,0.57085955,1.5336311,0.760123,0.32743016,0.15386121
1.4202827,0.8396044,1.1849484,0.81638914,0.31353426,0.12946633
1.9561404,0.8803073,1.0832176,0.81230885,0.11314898,0.11696906
1.2650926,0.81869954,1.3434598,0.73152316,0.20513037,0.16035311
1.1651478,0.9945837,1.1223421,0.75955915,0.082662374,0.12847911
1.3294204,0.51822555,1.0706979,0.82761055,0.26241383,0.11970802
1.9301698,0.8169017,1.6761415,0.8303179,0.4557552,0.120697044
1.5556911,0.9994677,1.3418901,0.8305295,0.47024295,0.12748875
1.257979,0.5126915,1.1802926,0.8107785,0.37263787,0.13786536
1.685174,0.6819223,1.3970582,0.7791201,0.43216553,0.15563612
1.5255675,0.7215218,1.2880793,0.7992794,0.3589156,0.14156194
1.8411938,0.9235807,1.2978117,0.7521812,0.29982772,0.14658076
1.1371142,0.6156561,1.3517761,0.7935099,0.42819667,0.14572698
1.6972302,0.86823356,1.4249599,0.7076433,0.12985994,0.16097966
1.5394404,0.744937,1.9407785,0.91611826,0.43122536,0.07626382
1.3514358,0.42168957,1.3692551,0.7175884,0.1842837,0.16673274
1.5354158,0.5774513,1.2186148,0.76224256,0.19587329,0.14012979
1.3548335,0.93235964,1.5621867,0.76569134,0.3334973,0.14780903
1.5058838,0.7200414,1.5301516,0.7874613,0.43465397,0.14194863
1.2131929,0.7050149,1.3451428,0.7858349,0.27561298,0.14082275
1.3980279,0.6907633,1.1936622,0.7472745,0.17540163,0.14636368
1.3018978,0.45576444,1.4207408,0.78203034,0.456305,0.15669632
1.6803042,0.92780834,1.765527,0.8523746,0.3545833,0.106623255
1.5371158,0.66998225,1.3660245,0.7388241,0.2703016,0.15778404
1.3719934,0.5209446,1.3837037,0.701254,0.13183878,0.17020065
1.5231808,0.9033669,1.1290903,0.8142354,0.17887928,0.12114013
1.1846385,0.58101636,1.539787,0.8113009,0.45853335,0.140191
1.925295,0.830785,1.3659079,0.8214961,0.4461325,0.13085802
1.3730553,0.6078712,1.1400226,0.76688087,0.11320221,0.13138036
1.6221867,0.62306726,1.4515953,0.8133185,0.44095126,0.13439299
1.4155728,0.65793055,1.3431199,0.7950842,0.32740065,0.13960381
1.390279,0.46121484,1.5520651,0.82127696,0.49506646,0.13681364
1.8548235,0.84894073,1.7854242,0.8312175,0.124724954,0.09992872
1.3527979,0.5961776,1.3459735,0.71391296,0.18200713,0.16559516
1.1528753,0.84799814,1.1255584,0.81666464,0.21069504,0.12385526
1.4943147,0.87753874,1.2206903,0.73999304,0.12367585,0.14350066
1.5121723,0.53575516,1.4719744,0.7433578,0.35728335,0.17322609
1.7433128,0.958241,1.2846417,0.75204504,0.20631756,0.14555922
1.4131386,0.78885,1.4306371,0.80348575,0.4424406,0.14426632
1.6617645,0.6411439,1.177411,0.80639243,0.28383133,0.13010687
1.2744408,0.6858721,1.3948374,0.7385665,0.14478965,0.1526961
1.3483644,0.7703691,1.3013115,0.7895591,0.39303136,0.14677678
1.2829076,0.62517345,1.0854015,0.78919035,0.1849987,0.12858091
1.5852317,0.91918194,1.2595084,0.76302475,0.26470685,0.14478122
1.8326195,0.824921,1.3423295,0.72892106,0.22636476,0.16118775
1.2332695,0.994392,1.0890495,0.81845534,0.19249065,0.11960389
1.0789025,0.9054222,1.3005612,0.76590466,0.32645148,0.14866549
1.6284827,0.6058022,1.3640957,0.8179131,0.43649098,0.13787937
1.8947829,0.8668209,1.4425161,0.69601893,0.13117723,0.1655727
1.682254,0.6362725,1.3575776,0.7630698,0.34783667,0.14785491
1.5957973,0.71126044,1.3419402,0.82169694,0.4315984,0.1380055
1.3374379,0.4575199,1.3693416,0.7185953,0.16369805,0.17074424
2.0172477,0.96500045,1.0362103,0.8431081,0.19083454,0.110841185
1.2555157,0.68760216,1.7419169,0.86534506,0.53226876,0.10070093
1.2884635,0.5037271,1.4273427,0.75373954,0.33453956,0.15470238
1.9522299,0.9135888,1.479501,0.7525834,0.2816336,0.16236623
1.412558,0.9400657,1.1621678,0.77262974,0.15728739,0.13430025
1.3514525,0.7106651,1.4554672,0.73772204,0.26849294,0.15943976
1.1277633,0.8754068,1.5777905,0.7975486,0.44897425,0.13917029
1.3548336,0.6267397,1.3996577,0.74028736,0.27083826,0.15322888
1.7207855,0.63295645,1.1673391,0.81117576,0.3478928,0.132646
1.5721054,0.93955123,1.3048084,0.7692369,0.3246167,0.1485374
1.4289654,0.82071805,1.2520614,0.7255989,0.17400844,0.15304916
1.522327,0.94013315,1.4358475,0.79004955,0.54742795,0.1347076
1.4749428,0.5170163,1.1987293,0.853978,0.4344939,0.117239475
1.6955924,0.84873104,1.4826651,0.7356105,0.5084054,0.15562227
1.984008,0.83526057,1.2687781,0.7976063,0.4936345,0.13910149
1.6025512,0.75315505,1.2402687,0.73798096,0.22103663,0.15315923
1.0531363,0.826549,1.3616664,0.7093827,0.16688733,0.16427514
1.3135723,0.42946595,1.816509,0.85204196,0.22463754,0.09370983
1.7546967,0.9801352,1.7846649,0.87896633,0.6163086,0.11042026
1.7818741,0.9054493,1.3746617,0.7496443,0.21301933,0.1478108
2.0734665,0.951251,1.2439013,0.78720737,0.31103605,0.1463592
2.0299315,0.88109493,1.5038784,0.80816346,0.5778055,0.14547795
1.6236743,0.5773322,1.3729355,0.83559483,0.59900284,0.1416567
1.3138815,0.6533259,1.4180896,0.82942414,0.40266728,0.12856065
1.9983974,0.98371434,1.4097517,0.7472784,0.27162436,0.15433113
1.1466779,0.60832995,1.0892246,0.824554,0.28194454,0.1224358
1.6254785,0.8913452,1.2989681,0.79760706,0.5829807,0.1537742
2.1112583,0.9773816,1.4573622,0.7681951,0.3386443,0.15258583
1.8893012,0.87061936,1.196475,0.8102802,0.3062344,0.13279225
1.5903544,0.8161376,1.3003542,0.8061195,0.4516683,0.15142262
1.1859719,0.6875467,1.3866999,0.8150417,0.5552643,0.14444081
1.5949707,0.6182334,1.3821497,0.78270555,0.435789,0.14623116
1.4867785,0.8978041,1.3334215,0.7600369,0.25987408,0.15084785
1.7170231,0.7066113,1.4068058,0.7527723,0.35718125,0.15419789
1.08577,0.96738493,1.2530749,0.72957444,0.17473893,0.15631618
1.130045,0.79835224,1.3299935,0.8183911,0.5259639,0.13995819
1.5523288,0.6619258,1.3132849,0.7521653,0.25842863,0.15402737
1.402246,0.8637167,1.362865,0.7623627,0.28680766,0.15036184
1.388841,0.67165023,1.435641,0.7875974,0.4155965,0.14023179
1.7169529,0.9426383,1.1918812,0.8013091,0.22601213,0.13497822
1.7952452,0.8461274,1.5361474,0.8155263,0.44604564,0.13037984
1.6744375,0.6862588,1.3108256,0.7906227,0.40522617,0.13769798
1.9161376,0.88604003,1.4580038,0.8063553,0.548587,0.13348936
1.486486,0.7242697,1.4008892,0.78944045,0.32718036,0.13266543
1.5887399,0.6270641,1.5857656,0.82244164,0.59552205,0.14431669
1.521338,0.5724535,1.4835296,0.8058805,0.5606372,0.14639102
1.6324847,0.9523751,1.3151217,0.76011,0.2922013,0.15682101
1.3611013,0.7734745,1.545639,0.8277785,0.5869203,0.14965428
1.2730453,0.74608034,1.2902596,0.74093187,0.19464944,0.15223059
1.9408726,0.94343835,1.3531861,0.72315496,0.16690318,0.15764165
1.4104764,0.7303661,1.3842993,0.7139167,0.15547304,0.15997034
1.255203,0.7304158,1.1737275,0.7635366,0.14574164,0.1353572
1.0962119,0.8877118,1.2937472,0.7813415,0.32747385,0.14078046
1.4218287,0.7072554,1.8939648,0.87173474,0.3133885,0.089745566
1.482508,0.9091549,1.5885308,0.8086531,0.33103967,0.12657914
1.4358547,0.4730439,1.6067665,0.81372744,0.7827887,0.1494484
1.4404936,0.86757123,1.7361503,0.8366645,0.21756598,0.108244866
1.7191477,0.75961024,1.1972499,0.78792405,0.21261531,0.13472158
1.789681,0.84396374,1.3960812,0.759215,0.3199351,0.15538065
1.9902779,0.97704935,1.3567536,0.8092589,0.52509093,0.14563279
1.2405024,0.5521202,1.2476463,0.7419724,0.16894859,0.15002769
1.5132705,0.5050282,1.4593813,0.72863597,0.16341767,0.1590883
1.6527208,0.7378707,1.4340107,0.7963899,0.4083494,0.14124627
1.6821128,0.79822147,1.580925,0.7889979,0.42956656,0.1466446
1.3637456,0.5083697,1.2967691,0.69011885,0.114311114,0.16623299
1.5997238,0.874616,1.195086,0.73885965,0.15766858,0.14676213
1.6744238,0.60528105,1.4325752,0.7776842,0.37114003,0.1400672
1.6088777,0.7568387,1.2883627,0.7594588,0.27636206,0.14292154
1.6199306,0.7467524,1.278964,0.74628294,0.19614339,0.15147732
2.0718257,0.94005686,1.2005339,0.7950146,0.31121632,0.13407199
1.6228788,0.98693925,1.5186269,0.78194326,0.39854807,0.16090235
1.5348628,0.6365432,1.4140291,0.825347,0.40392837,0.13971601
1.638591,0.65368813,1.4942997,0.73966634,0.31038377,0.14848994
1.5000808,0.7190553,1.3430433,0.7702728,0.25957748,0.1489817
1.2910355,0.57546234,1.401603,0.7407075,0.30450332,0.16296194
1.3566711,0.5920775,1.5465081,0.8586189,0.55078053,0.104986735
1.5223757,0.6937493,1.3721299,0.73131365,0.3050833,0.16877945
1.2512205,0.52599627,1.2405939,0.77691495,0.21761082,0.14491646
1.4081129,0.6210963,1.2667289,0.77612185,0.2948901,0.1449819
1.4222479,0.83302695,1.538702,0.77699625,0.21818362,0.12994279
1.3107476,0.6304225,1.3351078,0.7836914,0.31548625,0.14563054
1.9112995,0.87269753,1.2068441,0.8160066,0.36004162,0.13402992
1.1191604,0.6096621,1.3631246,0.7849467,0.41273972,0.14566562
1.1986197,0.79576653,1.2792752,0.7572647,0.21108909,0.14438133
1.2864629,0.6170811,1.204206,0.7807172,0.27493852,0.14266515
1.5218117,0.72373426,1.516011,0.8119725,0.56115353,0.14569007
1.356978,0.45504913,1.6823597,0.87783974,0.8795254,0.10813524
1.4776474,0.5762484,1.106647,0.8035421,0.17382252,0.12212564
1.2339404,0.68578637,1.7596385,0.8761151,0.5415425,0.110100314
1.8176012,0.7693001,1.3494141,0.7552533,0.29937232,0.15675655
1.491893,0.947111,1.2912791,0.7435701,0.25183806,0.15535267
1.6779253,0.9292043,1.2413924,0.72007024,0.1020209,0.15579708
1.4423827,0.5045405,1.2447276,0.820931,0.4398445,0.13562281
2.0207038,0.9593467,1.6692436,0.80852073,0.49536312,0.139678
1.788016,0.7124834,1.3031902,0.749901,0.2086184,0.15540548
1.6277313,0.7441606,1.0349944,0.8498307,0.21467285,0.11106789
1.9488859,0.8344554,1.2880177,0.7523256,0.3245871,0.14958176
1.7576566,0.71429414,1.3177028,0.76249295,0.30031437,0.15137047
1.4383721,0.56404465,1.4676795,0.80213684,0.3384994,0.1418312
1.0749028,0.78310496,1.2579854,0.74683833,0.23281348,0.1518804
1.5099953,0.9043605,1.3015258,0.763311,0.2720883,0.15257898
1.7451588,0.78962916,1.0356627,0.81948364,0.119746245,0.11384239
1.0310045,0.919798,1.3862746,0.74120843,0.24774043,0.16379952
1.7641305,0.6680601,1.2969143,0.77785623,0.27262115,0.13963221
1.3662131,0.47689903,1.298161,0.75666237,0.20890614,0.1451634
1.4931871,0.9218013,1.5827389,0.7913006,0.31058502,0.13381566
1.9448769,0.9821538,1.1592882,0.8182785,0.31530657,0.12716022
1.6477969,0.73543483,1.2875292,0.7467191,0.22403751,0.15120274
1.3144071,0.7207827,1.2926064,0.75824,0.23744269,0.14384122
2.0512233,0.9517735,1.4196341,0.76119626,0.28185806,0.1458671
1.4334483,0.50782794,1.2169158,0.76754034,0.25876018,0.14721562
1.0940293,0.8794509,1.5969615,0.8474683,0.55955225,0.121001065
1.8292505,0.9912968,1.3182168,0.76075625,0.28919992,0.14884791
1.6918383,0.8093684,1.2906277,0.78073496,0.35287932,0.14443915
1.338342,0.6933349,1.2608273,0.7573991,0.2905941,0.15635425
1.3124676,0.85348076,1.1416705,0.7899113,0.22730929,0.13689978
1.5530514,0.7989352,1.4419918,0.7002002,0.101626344,0.1742611
1.4671508,0.63227904,1.3570604,0.8215057,0.5094057,0.1346542
1.6408736,0.9886144,1.6317103,0.8101916,0.3952839,0.12891543
1.4199771,0.48494175,1.5943379,0.7908459,0.26318648,0.13275936
1.996109,0.8761672,1.0488069,0.8126104,0.16911332,0.11892178
1.9687808,0.92541134,1.13873,0.8260686,0.24718603,0.12366045
1.6056476,0.6743887,1.5498734,0.78808147,0.3766169,0.13590792
1.595383,0.7176029,1.3190868,0.7623035,0.3282723,0.15127046
1.6626486,0.7232996,1.4708562,0.79398865,0.4155949,0.14201212
1.1724732,0.71380734,1.1809349,0.8191004,0.3238746,0.12931946
1.4959315,0.7350425,1.2130468,0.784591,0.30771306,0.14124258
0.9292341,0.89043546,1.7278411,0.8356883,0.47613758,0.12743132
1.5050774,0.68049985,1.2299135,0.7568676,0.17890386,0.14354585
1.5554104,0.8439074,1.316195,0.81854814,0.42892087,0.138151
1.5743524,0.8578578,1.264575,0.81168747,0.43054634,0.13061309
1.3549101,0.5145844,1.2067609,0.7498047,0.1982583,0.14509082
1.5983565,0.94350326,1.8054712,0.9514913,0.26539868,0.05773307
1.3760396,0.5109648,1.1957562,0.7450975,0.109686986,0.14063242
1.1380529,0.8590969,1.7189257,0.8320837,0.4493241,0.12037813
1.2779418,0.48662022,1.1683564,0.77735984,0.18392822,0.13410555
1.4946697,0.5093448,1.3023522,0.8231465,0.49338987,0.13811868
1.4789652,0.81325036,1.3439152,0.822779,0.51341116,0.14047365
1.2555535,0.7894979,1.3169744,0.8177711,0.47367617,0.13877968
1.6634109,0.88196987,1.3240569,0.7145195,0.13431494,0.1645316
1.224713,0.5266803,1.563221,0.78953916,0.35514167,0.13732928
1.1451117,0.59484637,1.2318728,0.7392689,0.13311477,0.14483131
1.3141716,0.57029366,1.1959088,0.7611042,0.15158823,0.13624424
1.5360286,0.8186478,1.4352028,0.8026322,0.44737795,0.13645656
1.194411,0.61646396,1.3753674,0.77069944,0.3745738,0.1506817
1.1063352,0.71110517,1.6644597,0.7591945,0.029060282,0.13012818
1.0908115,0.7116745,1.5702841,0.814132,0.3646564,0.13678752
1.5663683,0.8105423,1.5202706,0.7466103,0.16130576,0.14214702
2.0203035,0.9770697,1.319135,0.7679633,0.4119122,0.14711715
1.3049201,0.9459712,1.4065175,0.7550964,0.27092794,0.152688
1.2794453,0.68988055,1.3740125,0.78859,0.4412664,0.14092049
1.7487296,0.83458275,1.2452598,0.7503121,0.2722081,0.149114
1.4906703,0.647024,1.4942465,0.793099,0.41651008,0.13887699
1.6651757,0.9547774,1.3782606,0.75840104,0.29261366,0.15512331
1.7698262,0.9410526,1.2458591,0.8335365,0.48326743,0.13594797
1.7044231,0.761764,1.2653284,0.82295215,0.35442474,0.12391477
0.9847156,0.8100008,1.405643,0.79181284,0.40188235,0.1411642
1.3245609,0.9846306,1.3078451,0.7682797,0.2652735,0.14321652
1.2345352,0.9800736,1.2959282,0.7586897,0.25972837,0.14733768
2.1096451,0.9474679,1.1743201,0.8039115,0.18904197,0.12648812
1.6487154,0.6831809,1.086726,0.80779237,0.16473168,0.12248123
1.2413334,0.62439823,1.7585337,0.86127204,0.22125988,0.0961959
1.3951343,0.46855128,1.4291506,0.78758276,0.37021598,0.15097065
1.1309524,0.90261835,1.4453487,0.72825134,0.30212075,0.16003771
1.5126404,0.9534027,1.2321529,0.72613096,0.11116139,0.14771578
1.5162398,0.81267005,1.4839108,0.7989441,0.40533635,0.15123925
1.4524693,0.80501693,1.2462595,0.73471415,0.20023462,0.15281552
1.3079385,0.65596116,1.3441215,0.7869313,0.40122795,0.14987592
1.8418853,0.8717799,1.2338552,0.7976808,0.33275554,0.14033715
1.8779688,0.9325855,1.2418511,0.7818061,0.33835346,0.15221608
1.5426537,0.5913589,1.1272316,0.80419064,0.19610894,0.12603639
1.0710106,0.87095535,1.1979463,0.79342204,0.30597967,0.13262455
1.2492311,0.52172494,1.4488623,0.7031244,0.1654989,0.16348456
1.7193731,0.8504937,1.2020426,0.75224864,0.18948078,0.14582513
1.7321056,0.7803428,1.696676,0.79036033,0.15168263,0.12159023
1.0762322,0.8053718,1.287245,0.79175436,0.3301181,0.14385223
1.5531237,0.7103117,1.4725378,0.7950359,0.50017756,0.13519225
1.3793252,0.5896439,1.3167601,0.7857801,0.3146502,0.14959683
1.5423633,0.82638776,1.2848792,0.76787275,0.27814347,0.14510964
1.2711987,0.9561423,1.2117379,0.77585346,0.26627642,0.13649566
1.5536579,0.5287977,1.3895504,0.7956988,0.42462766,0.15323892
1.5679543,0.5766925,1.6407521,0.84748954,0.5788344,0.11938805
1.6848594,0.79409933,1.2464645,0.861309,0.4786723,0.12297441
1.3827008,0.48454788,1.2991729,0.7698947,0.3460415,0.14556675
1.3614105,0.55907035,1.3938394,0.75309086,0.32130823,0.16314983
1.3006958,0.95052147,1.3713386,0.72836566,0.19650345,0.15907721
1.5218886,0.54746985,1.6122553,0.8066928,0.5258793,0.13108756
1.218694,0.5998275,1.2180631,0.8406605,0.52863383,0.12429392
1.2316498,0.5422385,1.3447518,0.72659624,0.24127959,0.15738638
1.4934072,0.5041881,1.1376483,0.7698177,0.16767582,0.13592912
1.2772427,0.656261,1.4084308,0.78742635,0.45580372,0.14580013
1.4474461,0.9573357,1.10854,0.81536585,0.18949907,0.124325745
1.8525393,0.8477863,1.4223886,0.7356874,0.27008235,0.16652691
1.3451972,0.4664086,1.5303597,0.7483171,0.273963,0.15858124
1.8434232,0.85331964,1.4913914,0.78228706,0.4004604,0.14623506
1.3430233,0.6900972,1.6586635,0.82747406,0.36323392,0.11884207
1.6686894,0.7610488,1.2184918,0.7985025,0.36233607,0.13897434
1.4058204,0.44808638,1.337851,0.84417826,0.5041176,0.12634663
1.7543955,0.7137895,1.1970222,0.77254605,0.1846776,0.1347005
1.3320792,0.8328579,1.1642148,0.7918463,0.20379202,0.13267484
1.786046,0.6960788,1.1257558,0.7988926,0.14154023,0.12572835
1.222573,0.6262943,1.3233247,0.7587975,0.31379998,0.14873558
1.2731833,0.9890625,1.1872563,0.7768072,0.20048614,0.1381139
1.4694318,0.53865075,1.2840796,0.8034515,0.31959406,0.13953376
1.4901677,0.54221404,1.3926084,0.7105272,0.16579038,0.16872238
1.3747535,0.95854926,1.2512159,0.7414689,0.1752533,0.15234081
1.2107763,0.74764144,1.0500443,0.83477044,0.22976676,0.12003313
1.6328366,0.79552495,1.3860114,0.81536406,0.40536886,0.13520262
1.298487,0.63013136,1.1546214,0.82193536,0.27045336,0.12872575
1.786323,0.7745932,1.2351465,0.7619535,0.21531996,0.14477387
1.9433485,0.9625127,1.2604799,0.7891269,0.26665255,0.13379572
1.30503,0.46379325,1.3092613,0.76523805,0.32372683,0.15205729
1.4922998,0.63679016,1.3805871,0.7716018,0.42984012,0.14981613
1.3365748,0.8213628,1.2029407,0.75891554,0.18579808,0.14483267
1.2592928,0.61707723,1.403388,0.7842517,0.3609757,0.14181356
1.7688515,0.6903386,1.3789368,0.8123254,0.44346026,0.13803023
1.5237464,0.7034086,1.3811789,0.7823145,0.30723497,0.14315087
0.9922723,0.8488514,1.7594535,0.8350856,0.3364894,0.119911045
1.0187011,0.87716454,1.5336206,0.76273626,0.30978736,0.14514567
1.2125342,0.5241984,1.2732854,0.8488614,0.6035709,0.12829523
1.7465607,0.65310615,1.3715341,0.82918996,0.42777368,0.129711
1.3487762,0.48872665,1.5561471,0.75225335,0.272561,0.15400629
1.8447385,0.7406467,1.2873893,0.7465305,0.33982715,0.16055508
1.3434634,0.7255641,1.6832485,0.8117295,0.32598358,0.11499194
1.8331885,0.71972936,1.4192014,0.74955297,0.30319253,0.16108774
1.5506173,0.9485,1.13189,0.78220314,0.21989876,0.13732347
1.0324087,0.8680142,1.5464325,0.79264206,0.44789833,0.14043315
1.1225973,0.99185944,1.3696256,0.69485736,0.11936414,0.17869788
1.5211047,0.70085233,1.3322158,0.7419796,0.3011412,0.15747511
1.0441489,0.8506769,1.5625439,0.83463925,0.62638706,0.12577526
1.8072869,0.8577453,1.4531224,0.7429859,0.29106265,0.17786136
2.1087728,0.9510568,1.1633914,0.7848494,0.21611133,0.13366523
1.8437097,0.9742798,1.0187595,0.84773606,0.18300506,0.108892225
1.1077348,0.9858457,1.4586997,0.7449058,0.27118766,0.14933804
1.725857,0.7056842,1.3065317,0.75732297,0.2799003,0.14730099
1.3310311,0.5403991,1.2485428,0.82911795,0.46594465,0.1258422
1.7221851,0.674474,1.3199027,0.76245433,0.24831519,0.15067458
1.9768615,0.8714302,1.346539,0.69891953,0.16592848,0.16602632
1.952113,0.93640465,1.2093918,0.73545885,0.14131868,0.15538806
1.2571592,0.8937979,1.0828878,0.81399024,0.11763724,0.11358899
1.2945428,0.8245097,1.5659595,0.8058668,0.46396053,0.13474272
1.6731825,0.8798985,1.3578565,0.79792243,0.4436538,0.13783462
1.0542814,0.9859948,1.3106122,0.777163,0.4976224,0.15089113
1.2799399,0.57404625,1.7067931,0.8554464,0.62663394,0.11360667
1.5434642,0.63754016,1.3376203,0.7428243,0.24651204,0.1520597
2.0559514,0.9804239,1.3262174,0.7205644,0.17533961,0.15682042
1.1009144,0.84334314,1.5414844,0.7696565,0.3143271,0.14473614
1.231988,0.8604105,1.4337513,0.8012267,0.565175,0.13347563
1.5184706,0.7781109,1.3712034,0.77782065,0.31874564,0.13744591
1.802099,0.8526529,1.3078022,0.7281188,0.22847645,0.15883271
1.1974837,0.80220133,1.6072114,0.75332284,0.13580932,0.13273364
1.4471048,0.66928655,1.0061283,0.81253403,0.060548425,0.104806006
1.6069075,0.5922721,1.3819225,0.71762127,0.19612658,0.16273716
1.5475597,0.79596394,1.2944949,0.73537886,0.20312409,0.15590568
1.6250244,0.72016275,1.4141908,0.74857795,0.2196848,0.16094327
1.257819,0.95120674,1.455662,0.8139547,0.56332856,0.13624936
1.9102426,0.80421627,1.392236,0.7727921,0.37340292,0.14680827
1.4636916,0.6989292,1.6653197,0.80156535,0.39672652,0.13466805
1.6033165,0.61966133,1.1785136,0.78816074,0.21788517,0.13279897
1.0338347,0.82147807,1.5073609,0.8155317,0.48288214,0.14062385
1.705612,0.7007997,1.2768228,0.7727676,0.25385264,0.1433988
1.8574388,0.8471714,1.2283795,0.7508573,0.21603653,0.14717714
1.5038677,0.95314986,1.1790087,0.78904414,0.25000808,0.14145297
1.8772537,0.91320205,1.3274324,0.78891146,0.3181656,0.13788462
1.5167385,0.9025558,1.3010561,0.78133726,0.48134214,0.14107582
1.5271869,0.6751259,1.3002701,0.76213205,0.27943373,0.14404875
0.9583952,0.94002867,1.7564187,0.8227808,0.24116136,0.116439916
1.6800412,0.78796923,1.397968,0.7756456,0.28474683,0.145852
1.7174462,0.8950986,1.4376249,0.8049219,0.41197237,0.14115497
1.1598935,0.56041276,1.8090117,0.8676595,0.57739437,0.1182063
1.4393691,0.918957,1.2137988,0.7889613,0.2607937,0.14031804
1.2986377,0.45407104,1.4657142,0.7409947,0.21638152,0.16450931
1.6129537,0.82188094,1.4376805,0.803914,0.45180768,0.14807658
0.9774376,0.89276326,1.30025,0.7383164,0.26353094,0.16499452
1.7368753,0.757041,1.165419,0.80549145,0.35215983,0.1371283
1.2417078,0.6290481,1.2952087,0.75474876,0.26184183,0.14888234
1.88472,0.7590787,1.2668924,0.80944216,0.3531528,0.1345468
1.687474,0.7389078,1.099267,0.8125238,0.20743173,0.122456305
1.3011364,0.5093428,1.2716038,0.7882955,0.405398,0.15218231
1.61754,0.77799356,1.3396113,0.7430297,0.3062451,0.16191137
1.6790278,0.6104793,1.2521496,0.7887476,0.32925797,0.13499947
0.9505341,0.94875556,1.3461738,0.7132549,0.24190499,0.16884737
1.1761186,0.6881433,1.1626687,0.81055206,0.36145008,0.13620831
1.4460622,0.75020874,1.4408875,0.78260136,0.4644731,0.15126777
1.3500737,0.5248991,1.0941606,0.81304204,0.19289786,0.122984186
1.3081979,0.59474695,1.1583327,0.77591217,0.19127811,0.13629568
1.7170972,0.6412582,1.3739741,0.7657381,0.31085646,0.14942199
1.3219848,0.42774653,1.5196555,0.802573,0.44175926,0.12972106
1.517978,0.69195503,1.4949021,0.7828579,0.3839749,0.15298489
1.6556205,0.6829813,1.4298384,0.7574566,0.27014565,0.16033058
1.4605826,0.9125771,1.3778942,0.83660275,0.622042,0.13869703
1.2721575,0.8044444,1.3121607,0.76068133,0.31568965,0.14867635
1.6682607,0.6282228,1.4416296,0.7724765,0.34194848,0.15592732
1.5050464,0.7317448,1.7112994,0.8648323,0.8728853,0.10887731
1.3081197,0.7235264,1.3600137,0.76830125,0.2602763,0.14277929
1.2924739,0.6245454,1.3135128,0.8094412,0.38268164,0.12981309
1.1620808,0.725138,1.4568415,0.7644359,0.27788177,0.15451585
1.6566952,0.9474672,1.3712234,0.8134114,0.6172882,0.13729155
1.8891287,0.83141655,1.1754105,0.7565343,0.1594207,0.13773187
1.1306782,0.6186435,1.5488513,0.8160056,0.44597152,0.12684576
1.2197467,0.6327193,1.402816,0.7744485,0.46669734,0.16216166
1.6297712,0.57841897,1.9863226,0.89869076,0.08251429,0.061764114
1.4624515,0.48003128,1.4587574,0.86039776,0.71135247,0.1205336
1.2506448,0.95311767,1.3790164,0.7398571,0.23388922,0.15774675
1.7418029,0.83381224,1.4332755,0.81089956,0.59330547,0.14763391
1.7156221,0.6343487,1.293428,0.91659516,0.618064,0.09553452
1.1768564,0.6071521,1.4447849,0.6995084,0.081985794,0.16655517
1.4253936,0.6626875,1.2114651,0.7862224,0.21794747,0.13543047
1.3505155,0.6208829,1.1371372,0.8011698,0.24371725,0.1298725
1.771592,0.8664057,1.2656467,0.8339246,0.40150285,0.12858503
1.921659,0.99115217,1.2952952,0.7297135,0.17549203,0.1539827
1.0227714,0.76791996,1.125301,0.83306444,0.29895148,0.12304514
1.3312777,0.526646,1.3525825,0.744516,0.28530416,0.15297426
1.4528211,0.9453366,1.3252916,0.7872696,0.36350486,0.15090151
1.6569133,0.86433756,1.1853962,0.7621314,0.1909888,0.141854
1.115282,0.80554307,1.6103106,0.8600425,0.6576948,0.11646973
1.5955297,0.82870424,1.621191,0.82250375,0.50999576,0.12665881
2.026825,0.9628458,1.3773084,0.8249157,0.43754646,0.12704624
1.5455885,0.6958451,1.3936174,0.7446046,0.33756045,0.14974411
1.5663162,0.7202927,1.4238806,0.77736187,0.28881535,0.1359888
1.2619035,0.92154783,1.3289268,0.7977136,0.4063729,0.13836074
1.8174554,0.8541324,1.324897,0.79818004,0.34248233,0.13991952
1.6850803,0.634696,1.3509476,0.7563429,0.32109854,0.15005223
1.7193896,0.95381397,1.5352786,0.7307968,0.15806206,0.15174624
1.3156604,0.89106387,1.6685307,0.7794504,0.090114035,0.12378097
1.8024614,0.70575684,1.2821045,0.7658726,0.26653212,0.1394612
1.443663,0.875936,1.3080268,0.739418,0.28415185,0.16271162
1.2712958,0.9205587,1.2050326,0.77588356,0.24177377,0.13949336
1.4107873,0.45775414,1.4214165,0.69520617,0.1350572,0.16878328
1.2996255,0.5752899,1.4935615,0.8136347,0.44090888,0.13858132
1.6811785,0.90049887,1.2669284,0.7614075,0.2730493,0.14831993
1.5198725,0.6178834,1.268635,0.77616185,0.25593942,0.14480154
1.6852144,0.9553589,1.4293399,0.8076895,0.5483586,0.1447243
1.3234388,0.5117518,1.2052414,0.77060837,0.22882323,0.1428135
1.8431891,0.79415035,1.3978076,0.79298645,0.3329755,0.14022717
1.0753633,0.7896536,1.4773335,0.8203458,0.6842447,0.14737646
1.4587374,0.5388107,1.3108399,0.7724283,0.31198648,0.15506846
1.0752155,0.92630655,1.2760651,0.6793069,0.037086576,0.16005191
1.5273057,0.6887716,1.2122383,0.769981,0.31434643,0.14376684
1.1414748,0.7176682,1.7453172,0.8207459,0.4601585,0.1279383
1.4583212,0.92101586,1.2787943,0.7316947,0.31571347,0.16862747
1.0434462,0.78137887,1.3982971,0.82389575,0.50177944,0.13838635
1.2193283,0.53728765,1.277991,0.75579476,0.2068545,0.147587
1.3861203,0.9083895,1.5726805,0.8390139,0.619516,0.11886028
1.3763871,0.5250101,1.3044074,0.78441185,0.3651862,0.1465749
1.4344066,0.96337247,1.2188926,0.7530426,0.19818918,0.14511903
1.3218443,0.52159864,1.107358,0.82333726,0.2163943,0.11942016
1.8104607,0.8116653,1.5189607,0.8279349,0.52795035,0.13269089
1.4900745,0.8851486,1.0999495,0.7845265,0.13394606,0.12683667
1.3895761,0.68510824,1.3335032,0.78725946,0.40585274,0.1441417
1.2976127,0.6379533,1.419389,0.72272,0.19868343,0.16830437
1.3000835,0.48086968,1.3227296,0.746155,0.22886433,0.16173635
1.6498035,0.8467406,1.34657,0.6723956,0.08692955,0.17432152
1.5403423,0.9588611,1.1442927,0.77844965,0.17603646,0.1329785
1.4069215,0.5028685,1.28619,0.7473253,0.18040277,0.14924727
1.1755822,0.80469537,1.4318025,0.81983227,0.39051363,0.1387305
1.7837476,0.8646589,1.3138349,0.7457355,0.23349665,0.15127403
1.4899373,0.619328,1.5508416,0.8199795,0.58610404,0.13745388
1.4223909,0.92698455,1.458456,0.750502,0.33275697,0.16185579
2.14765,0.99690586,1.8621118,0.9290714,0.64107597,0.079330675
1.3909235,0.5757138,1.3707621,0.7664349,0.24340732,0.14597404
1.692518,0.629776,1.202337,0.7687826,0.17527162,0.13666415
2.1116898,0.9787363,1.1624732,0.7426726,0.10822529,0.14035374
1.8015795,0.7392434,1.5337038,0.74911773,0.26529,0.14870775
1.4483402,0.55607057,1.2884238,0.72633314,0.23541886,0.15787438
1.5498735,0.6367235,1.4786034,0.7767205,0.35012153,0.15084578
1.78322,0.7867026,1.181694,0.7586953,0.21676546,0.14121939
1.2235116,0.64361954,1.3445587,0.7222934,0.15317656,0.15752965
1.3922768,0.48829582,1.3200822,0.7528827,0.27397865,0.14830375
1.2342086,0.6634466,1.2614543,0.8094151,0.48437116,0.12720422
1.6446676,0.7541271,1.1775573,0.8070147,0.23140691,0.12565546
1.145874,0.63200295,1.3024364,0.7590021,0.2771188,0.1497156
1.1804048,0.5865188,1.3206961,0.7460673,0.2449399,0.15199189
1.528026,0.5808658,1.2815738,0.7592535,0.2509265,0.14883302
1.1204213,0.80079514,1.1074178,0.8167799,0.2901864,0.12624492
1.7363834,0.7544141,1.3940153,0.78546596,0.42714113,0.14124294
1.715898,0.78145146,1.6968441,0.8208681,0.41880128,0.12260424
1.3850758,0.83822006,1.0635972,0.79309523,0.092857614,0.123084776
1.3991446,0.45717725,1.6137593,0.8319101,0.70831126,0.1344644
2.1085732,0.9841574,1.2387042,0.74791944,0.20973305,0.1471215
1.5249933,0.66384584,1.3875425,0.75275725,0.32335287,0.15203586
0.92743,0.9066994,1.5210011,0.80139244,0.45771906,0.14444777
1.411046,0.7383233,1.4436047,0.75448054,0.18531778,0.14048508
1.2617533,0.5372333,1.4118366,0.8162548,0.6458007,0.14581317
1.483612,0.7020099,1.1932039,0.7881413,0.26113433,0.13231526
1.9307197,0.802998,1.1596014,0.76359653,0.22588502,0.14644055
1.2685628,0.78432226,1.4466832,0.78809124,0.4733864,0.14212762
1.0552865,0.69046515,1.2857659,0.81175876,0.60298795,0.14042076
1.6577561,0.7942445,1.4335771,0.7732538,0.3442178,0.15502335
1.6619524,0.86349213,1.2456644,0.75184166,0.23792523,0.14952758
1.666975,0.6796042,1.3192563,0.7308776,0.17806025,0.15239719
1.4416647,0.6314321,1.1225078,0.81823206,0.22904684,0.12097713
1.6346983,0.68000096,1.4033542,0.7868786,0.326301,0.14452314
1.1484014,0.6748768,1.5437684,0.7801309,0.4838318,0.14969787
1.5920364,0.862057,1.07234,0.82130116,0.19201428,0.115735665
1.6020532,0.6382979,1.4853632,0.75470865,0.24626613,0.14687563
1.4481565,0.73281866,1.1752293,0.77703714,0.10042588,0.12661642
1.6303829,0.858032,1.7801523,0.9060376,0.6030249,0.09372477
1.6508404,0.9955902,1.38656,0.72755796,0.25903818,0.16180958
1.8767236,0.8065798,1.5917826,0.7978521,0.36300364,0.13581266
1.697114,0.6570984,1.3899765,0.796639,0.4492639,0.14407486
1.7743406,0.85934806,1.2813096,0.81635827,0.38226193,0.13168648
1.2871951,0.58552194,1.6962509,0.8450494,0.46725425,0.113591194
1.8213019,0.89974934,1.3137484,0.7654036,0.39100975,0.15165982
1.809421,0.86583334,1.2751749,0.79985875,0.31028166,0.13927016
1.3264252,0.57090783,1.474617,0.7714666,0.31773174,0.14105462
1.2981399,0.45913428,1.0217851,0.82344073,0.14970812,0.11341404
1.6706814,0.7440743,1.3786347,0.78339106,0.33438203,0.14521204
1.5804286,0.58143383,1.4012415,0.7916775,0.37184834,0.1462981
0.9602989,0.85291773,1.2531567,0.78810495,0.37254956,0.14340265
1.7736946,0.87134165,1.474591,0.7827965,0.51470554,0.15443875
1.5497899,0.6881039,1.25316,0.77306175,0.24081083,0.13931003
1.396474,0.44397444,1.3811495,0.74853206,0.32923526,0.15557738
1.3302152,0.7445814,1.5946784,0.84300417,0.45363304,0.1362118
1.4436933,0.83704156,1.4332392,0.74830127,0.2743252,0.15284348
1.3550396,0.5742964,1.339335,0.74855185,0.17090826,0.1465933
1.3321676,0.6988757,1.2496374,0.7080648,0.071915135,0.15124996
1.806478,0.7111776,1.4820681,0.7662635,0.36122265,0.14406088
1.3137883,0.7539773,1.2514884,0.749424,0.23975223,0.14619388
1.4268373,0.5490858,1.4319227,0.75656724,0.32478443,0.14684314
1.5039368,0.6836812,1.1908422,0.75124645,0.20690271,0.14815108
1.5677634,0.8319625,1.3093011,0.73788524,0.1949271,0.1501221
1.2188469,0.68438375,1.339489,0.7853964,0.60244846,0.15662585
1.1442169,0.68318135,1.3070343,0.8216105,0.3871893,0.13340588
1.2807957,0.64044327,1.4494188,0.827218,0.6800913,0.13113219
1.9556754,0.8755233,1.3960948,0.7056598,0.090810455,0.16013508
1.8119342,0.94931656,1.0416741,0.822867,0.08259904,0.10643102
1.6159097,0.8183816,1.4467816,0.7938969,0.30183575,0.13592282
1.4912992,0.65210515,1.1881411,0.8390991,0.2792649,0.11817001
1.0336651,0.7511667,1.6960416,0.8886828,0.39489904,0.090711094
1.3738949,0.5101763,1.2587419,0.76956815,0.20636623,0.13901086
1.3979664,0.45635012,1.2564154,0.6941798,0.05692953,0.16050382
1.7557209,0.85726583,1.402061,0.79056895,0.37727574,0.14597015
1.3011825,0.70394003,1.3220472,0.80620235,0.48966983,0.13835385
1.6252785,0.99531317,1.2186196,0.76587546,0.16577913,0.13692532
1.6565821,0.8603783,1.1777593,0.8084654,0.31623986,0.13438663
1.3031821,0.65559584,1.4889824,0.77737993,0.39903033,0.14471488
1.5968684,0.617079,1.3412745,0.78117216,0.3359028,0.14265132
1.5260298,0.7204548,1.2625885,0.7192877,0.12495969,0.15458436
1.7237803,0.9098534,1.065409,0.81463176,0.15450916,0.119041994
1.381241,0.8408597,1.2387977,0.7945777,0.2848372,0.14118503
1.2303721,0.7909224,1.3251395,0.73886776,0.23101574,0.15015103
1.8577608,0.8674522,1.2280383,0.7362462,0.17065087,0.14920253
1.5734619,0.7182028,1.454005,0.7338707,0.2360355,0.15167803
1.6005747,0.65769625,1.3995674,0.78763,0.4416571,0.1499638
1.2234555,0.67214525,1.6413908,0.7953973,0.22969964,0.12034716
1.5895274,0.6738958,1.1842308,0.76817584,0.25459746,0.14084733
1.8282732,0.8193787,1.2441351,0.7987272,0.2909643,0.13629983
1.3109689,0.8468997,1.4371989,0.7293198,0.25423083,0.15450248
1.6470083,0.59175605,1.5394902,0.85474014,0.5417587,0.11846888
1.3936657,0.89456934,1.4682674,0.78842443,0.41571262,0.14612517
1.0982212,0.72286683,1.4209387,0.78853023,0.3589677,0.15022022
1.2039678,0.55490315,1.6534061,0.82289666,0.39451128,0.13241094
1.5991473,0.70078766,1.3821597,0.7628776,0.38411543,0.15271133
1.3887994,0.6427423,1.3431013,0.7294517,0.26788604,0.17276809
1.2141471,0.96037865,1.2472498,0.7810118,0.2715636,0.14338465
1.379872,0.64803654,1.4382651,0.7513455,0.25777343,0.1438312
1.382943,0.42960635,1.09017,0.82239574,0.16798712,0.11511222
1.477005,0.91236866,1.3235977,0.70589507,0.17572625,0.16746913
1.465471,0.6231592,1.4371235,0.76771903,0.2896697,0.14279689
1.7532306,0.93158925,1.4847608,0.767794,0.363559,0.1482049
1.7906426,0.9413369,1.3315761,0.8267529,0.5903452,0.13545494
1.3517346,0.8953902,1.255101,0.79128695,0.32499388,0.1359585
1.7153037,0.87820643,1.6104372,0.80890304,0.53150564,0.14393343
1.3926269,0.9865892,1.3609726,0.73635566,0.23134443,0.15091555
1.2807243,0.5698111,1.3056972,0.7529719,0.19126853,0.1447626
1.3466451,0.5394483,1.5011554,0.70939106,0.09011511,0.15818976
1.4805981,0.92160255,1.4628372,0.7116345,0.13872957,0.16347319
1.4840448,0.55568,1.4040077,0.7877646,0.41275427,0.14326814
1.0778415,0.695066,1.2390423,0.74322313,0.22593096,0.15113455
1.9920025,0.8851695,1.1415944,0.79239285,0.20943968,0.12985107
1.9300544,0.9187475,1.3819115,0.744221,0.27450097,0.15548055
1.6144339,0.9537094,1.0274185,0.83718735,0.24416442,0.11341839
1.237224,0.73120135,1.2714827,0.8064477,0.4331502,0.14425889
1.5045593,0.53512585,1.204987,0.7417494,0.19917239,0.14790888
1.1792463,0.54348373,1.337332,0.714737,0.22221924,0.16431408
1.5769441,0.66467506,1.1159317,0.79274565,0.17223632,0.12990747
1.2144132,0.83775353,1.2365484,0.8271064,0.3818499,0.13272564
1.2525978,0.5111881,1.4450295,0.81434053,0.4950606,0.14237715
1.3682601,0.9079308,1.1574554,0.7819271,0.20744446,0.13414264
1.3759905,0.73530716,1.0863472,0.79031825,0.123957254,0.12497226
1.9530927,0.95923907,1.5068092,0.8832607,0.69094366,0.11127325
1.3852254,0.6115555,1.1506264,0.8173076,0.28293997,0.12409673
1.3243535,0.44247764,1.3170016,0.7812224,0.43113992,0.14995438
2.1005208,0.9874073,1.2100317,0.7707634,0.20136529,0.13867989
1.3799515,0.5772578,1.3759577,0.66769624,0.040726915,0.17237486
1.5028996,0.6201541,1.3276985,0.7892492,0.41570687,0.14985542
1.4304317,0.7573909,1.1859865,0.7638467,0.21426626,0.14277843
1.4237584,0.83417666,1.4692445,0.76714015,0.34247106,0.14069004
1.5522431,0.59775865,1.5118284,0.7485096,0.22828461,0.15502259
1.6039922,0.98755795,1.5804799,0.79510504,0.39563492,0.13845722
1.501816,0.53132457,1.3842955,0.7562249,0.25879788,0.14776884
1.3267114,0.79539233,1.2095675,0.77366066,0.24252144,0.13869576
1.4607602,0.5160833,1.4255366,0.7617624,0.24736542,0.15070061
1.362551,0.519433,1.2599978,0.7885398,0.37763628,0.14362052
1.2754003,0.77963585,1.382828,0.74112016,0.28285545,0.16415796
1.3710291,0.53917724,1.4486301,0.78111637,0.3844405,0.15143469
2.1241143,0.9675156,1.0133923,0.8390333,0.15845913,0.10835894
1.2464945,0.8691775,1.1218333,0.7809248,0.15187876,0.13170943
1.6545038,0.6754492,1.3953328,0.7086123,0.14617226,0.16500214
1.0993694,0.6231124,1.1581182,0.76731753,0.20586522,0.13966559
1.5561808,0.64360934,1.2151301,0.77428216,0.2557021,0.14444509
1.706803,0.7019199,1.2871249,0.7704891,0.2601104,0.1421247
1.6689582,0.6819644,1.2564862,0.73177683,0.17922723,0.15826741
1.0949414,0.6435697,1.5086563,0.7012137,0.025340999,0.15305534
1.9577777,0.8542866,1.1156721,0.81390816,0.14089283,0.115893185
1.5071136,0.5965529,1.39902,0.7477267,0.30354604,0.17061405
1.2709024,0.4949053,1.3067331,0.73604786,0.2440964,0.15768552
1.4077609,0.45014685,1.3239129,0.72368026,0.16031973,0.15852454
1.7547493,0.7900254,1.4517207,0.77987975,0.34578872,0.14073823
1.2134072,0.6460654,1.2498357,0.78817225,0.2608543,0.1374469
1.1074938,0.63023746,1.3829567,0.7157421,0.13725527,0.15991211
1.9969187,0.9112224,1.6709514,0.8098884,0.3797332,0.13219838
1.4061607,0.51794153,1.3386934,0.7037321,0.11214009,0.16227908
1.6735462,0.9787791,1.3665004,0.8056011,0.4595674,0.14501092
1.4925585,0.6478643,1.3820271,0.7876275,0.3921969,0.14134073
1.4794034,0.5311473,1.5457234,0.8107657,0.3452322,0.12392233
1.2761484,0.53760535,1.2077348,0.7736807,0.19044805,0.13499315
1.286889,0.7500142,1.2689962,0.82675004,0.5593302,0.13273288
1.1617817,0.57380265,1.1976621,0.87387574,0.38470253,0.102501005
1.6902127,0.9607184,1.3920174,0.72767794,0.21989341,0.16501178
1.3063736,0.6659926,1.5069664,0.79129565,0.40727568,0.14428039
1.5198661,0.8625245,1.457027,0.7852931,0.4584816,0.15047702
1.1165531,0.8866635,1.4839964,0.7879621,0.57535034,0.1640821
1.1938018,0.55107313,1.2577727,0.81947035,0.37040097,0.12897028
1.4396005,0.45125756,1.3572261,0.81959015,0.5195133,0.13962653
1.4617357,0.5703384,1.3993247,0.82800335,0.4839551,0.13355719
1.8997774,0.8063613,1.1156187,0.8013261,0.15093797,0.12237534
1.1215816,0.80522835,1.5135136,0.7943406,0.3560567,0.1388946
1.5145296,0.5551553,1.4705322,0.72930676,0.16292511,0.15601611
1.3294057,0.67199695,1.1915517,0.74185175,0.14549422,0.14644033
2.0446787,0.9801704,1.2957563,0.69894385,0.10269528,0.17077707
1.7273456,0.7793443,1.2865417,0.7780125,0.27018696,0.14151311
1.3790259,0.6192105,1.4241364,0.74017966,0.21429949,0.15596527
1.6155561,0.828201,1.4648457,0.75533414,0.23979221,0.14767638
1.7503167,0.9697323,1.183902,0.844045,0.5961749,0.12553059
1.5487096,0.98167944,1.2768266,0.78309786,0.3786186,0.14541441
1.3792329,0.43780452,1.072412,0.8028249,0.09340688,0.11594389
1.4855319,0.49900642,1.2859194,0.7511196,0.19780695,0.1437261
1.3911406,0.45135728,1.648133,0.7507269,0.02152519,0.12757075
1.4884161,0.8290647,1.3203709,0.80617386,0.36503756,0.1324858
1.5146655,0.6515726,1.0677772,0.8149951,0.19911036,0.12290392
1.6367817,0.8749934,1.4660294,0.7688072,0.36885634,0.15020995
1.2410126,0.7164889,1.2529452,0.7377327,0.2136631,0.15368837
1.7978991,0.9294727,1.1284133,0.7888696,0.15788509,0.1272369
2.1615272,0.99775004,1.4070995,0.8124396,0.4345294,0.14629649
1.0685195,0.8965759,1.7109635,0.8196612,0.36269623,0.12238805
1.7109346,0.7699701,1.2229383,0.760827,0.25568408,0.15538236
1.1881344,0.6718186,1.2934213,0.71610963,0.18690453,0.16493517
1.9454314,0.9466509,1.4068174,0.6992424,0.1430559,0.1785016
1.094458,0.75070196,1.3431225,0.777766,0.2752863,0.14927025
1.8475299,0.74938935,1.2753627,0.74325,0.22294329,0.15553698
1.3526903,0.53263205,1.1338243,0.77645963,0.14987662,0.13306558
1.4296656,0.6138124,1.3804626,0.70735556,0.12932168,0.1583289
1.8542148,0.80069274,1.265681,0.730998,0.20121287,0.15589239
1.5577021,0.74083245,1.3167975,0.7347338,0.23426345,0.15344906
1.4220091,0.4546808,1.2017272,0.7351812,0.21356483,0.15374699
1.0694759,0.93456,1.4254997,0.7602686,0.25546852,0.14745913
1.5842429,0.54261565,1.2545879,0.7561325,0.25137007,0.14759222
1.6972991,0.6665185,1.1696317,0.7691624,0.16732486,0.13716556
1.5296472,0.70791745,1.3042984,0.6846292,0.059414525,0.1610584
1.4539484,0.98995394,1.3170812,0.73113513,0.23222929,0.157064
1.7256763,0.83758426,1.4306784,0.7993447,0.41120198,0.14408296
1.6808088,0.60940874,1.5630844,0.8122542,0.51914734,0.13023013
1.5664266,0.5975679,1.3281622,0.76886594,0.2421733,0.14426044
1.4960755,0.5056255,1.3194618,0.75105035,0.23208465,0.15613979
1.5145127,0.57071114,1.3700175,0.74455416,0.24704587,0.15333994
1.8620021,0.8654217,1.2148173,0.7672485,0.22366546,0.14217123
1.4140359,0.44452077,1.4801133,0.76674044,0.3205466,0.1480492
1.3594294,0.49115455,1.5675333,0.79236394,0.48398384,0.14284673
1.5027885,0.86124986,1.8932683,0.862721,0.1654027,0.0863568
1.6150318,0.82033503,1.6263583,0.8163951,0.3905402,0.11862638
1.6229796,0.5920361,1.2381687,0.77146536,0.27220672,0.1412591
1.8195424,0.77168006,1.2618771,0.85281867,0.38994813,0.12177981
1.8581579,0.81142515,1.2596986,0.7578026,0.2400849,0.15153374
1.5525385,0.6580359,1.1123726,0.79062843,0.19388026,0.13025014
1.4909804,0.76933426,0.98124427,0.8441052,0.20269012,0.11237422
1.8984652,0.84948987,1.1690872,0.7705904,0.21481258,0.13734154
1.5593004,0.6890352,1.2320952,0.751816,0.20425601,0.14698376
1.9945433,0.9161938,1.4102318,0.6994757,0.14616476,0.17018476
1.4984537,0.7984526,1.1371431,0.7768662,0.18922389,0.13376838
1.1051185,0.6816326,1.3716707,0.80100197,0.54742694,0.14095953
1.6479684,0.6431875,1.389858,0.71505547,0.19478287,0.1706365
1.7699262,0.71522856,1.3327909,0.735158,0.20863089,0.1518318
1.1130958,0.8855263,1.3621945,0.7726213,0.276448,0.14244863
1.2547106,0.4772885,1.6210663,0.79568356,0.3010838,0.1247794
1.3936636,0.43163985,1.3058138,0.8153931,0.41857103,0.12790528
1.4346306,0.5237131,1.4768176,0.79563564,0.377489,0.12917031
1.5317459,0.6955083,1.5295403,0.77152085,0.36997575,0.14080596
1.0615892,0.792588,1.0135225,0.84867525,0.13063183,0.10356207
1.7767099,0.7456466,1.3686333,0.84501517,0.79172236,0.1274218
1.8521019,0.84855765,1.3939264,0.75914186,0.2897121,0.14943404
1.7117541,0.8782787,1.4287753,0.785105,0.39219794,0.15034728
1.261913,0.5218933,1.3814356,0.8013521,0.39188203,0.14616776
1.7041509,0.78471136,1.4478455,0.7844801,0.42638144,0.15105882
1.5560491,0.7835725,1.454746,0.7884443,0.25667745,0.12666951
1.3764391,0.62859,1.347866,0.8060066,0.35018405,0.13942622
1.597057,0.9987442,1.728759,0.8247755,0.4233753,0.11094022
2.086953,0.9496642,1.379632,0.7742617,0.33784118,0.14585651
1.571691,0.7012142,1.746592,0.7996618,0.16062796,0.11587004
1.1978035,0.5900631,1.6438437,0.81320953,0.32789636,0.11882654
1.5474168,0.83616513,1.2614264,0.8132387,0.33338022,0.12544884
1.1754925,0.8783732,1.3239877,0.73434573,0.22865468,0.15550545
1.8601205,0.7392417,1.4871898,0.7618948,0.31651014,0.15170595
1.7810119,0.7264304,1.1593236,0.8363338,0.34035,0.12550434
1.78242,0.71030426,1.4576266,0.7648285,0.31124985,0.15597932
1.2985545,0.66142315,1.2452419,0.7828487,0.3018056,0.14206855
1.5109893,0.5892463,1.3375983,0.7961995,0.6280356,0.15176007
1.4096022,0.50029856,1.5019915,0.7884053,0.33318457,0.13683811
1.5037525,0.5338388,1.0662374,0.8289241,0.16932678,0.116378665
1.2919527,0.7791445,1.3809509,0.7468296,0.40059945,0.16633561
1.4380277,0.7233292,1.406584,0.7715475,0.4268903,0.15544078
1.39037,0.8341482,1.0777316,0.7971547,0.15353806,0.12649803
1.3945693,0.6210934,1.3447125,0.81475663,0.4366395,0.13378519
0.95241934,0.9947579,1.3420594,0.8101784,0.3640224,0.13589475
1.5406464,0.54375523,1.6637354,0.8676401,0.78399086,0.11540303
1.9667697,0.91308564,1.2016122,0.825697,0.2757809,0.122327335
1.1428902,0.81045246,1.385968,0.76684284,0.3419879,0.14667954
1.8445066,0.984399,1.3345997,0.77576315,0.34841177,0.13964583
1.2380202,0.77585673,1.4693999,0.7805133,0.40955403,0.14496191
1.1390272,0.923814,1.1865461,0.75647753,0.1651911,0.14184493
1.2530783,0.5616457,1.2206287,0.77039874,0.2579421,0.13968699
1.8669915,0.8138794,1.7368424,0.8541863,0.46907824,0.111830056
1.1341956,0.5981258,1.2724829,0.83880335,0.4252116,0.12477965
1.9993564,0.9402855,1.4071367,0.7323129,0.28005838,0.16320653
1.5857893,0.82645667,1.0100089,0.82053095,0.07765228,0.10559616
1.3329133,0.6301036,1.2644024,0.76661545,0.20538858,0.14419995
1.0347651,0.9440141,1.5269611,0.7768111,0.46275675,0.1421599
1.4110149,0.503175,1.3950667,0.7886257,0.4025087,0.15000075
1.4404479,0.6218941,1.2978494,0.76289153,0.42841905,0.1607628
1.0333701,0.9509807,1.5379605,0.79330105,0.39826673,0.14094885
1.4662619,0.8459294,1.328002,0.77239084,0.40147522,0.14875005
1.4171251,0.8128843,1.3193915,0.77262163,0.27130064,0.14164416
1.1888996,0.5905122,1.2874019,0.71884096,0.1695588,0.15800087
1.1790925,0.6454975,1.3507397,0.78823686,0.40843117,0.14990339
1.5308629,0.53492385,1.4458935,0.7332691,0.20275816,0.15134883
1.0589898,0.8200023,1.3605344,0.69678086,0.097209394,0.16618156
1.5606738,0.97229815,1.0652983,0.80372924,0.1665849,0.120854445
1.2488501,0.7457597,1.3261056,0.85178655,0.6536794,0.121724136
1.8672279,0.7885056,1.2519414,0.7389878,0.19025962,0.15280537
1.6121657,0.9560483,1.1424427,0.7590748,0.11754883,0.13694493
1.179574,0.5396976,1.3792682,0.8266461,0.5672438,0.13937424
1.939446,0.9484858,1.5405266,0.80243987,0.44298354,0.15544382
1.5719492,0.9791795,1.390481,0.69819385,0.14470455,0.16915725
1.6716485,0.7050865,1.2303376,0.80541956,0.38085237,0.13230456
1.2477487,0.6715869,1.3349252,0.7385026,0.19525565,0.15343319
1.1811574,0.74039423,1.4013834,0.8003002,0.44118834,0.14040561
1.5304852,0.59176975,1.4103124,0.7276153,0.3495749,0.15675308
1.4618001,0.7778949,1.4262819,0.71392393,0.15478764,0.15654127
1.5685421,0.7204611,1.3829882,0.77583444,0.50328684,0.16518888
1.7357402,0.8729207,1.1108861,0.8202215,0.21507186,0.12204928
1.7643188,0.93338275,1.6016779,0.822377,0.5446379,0.13446881
1.8929477,0.7746467,1.1172674,0.7895789,0.12091272,0.12351004
1.3825492,0.80402833,1.3962464,0.76977456,0.33291775,0.15244749
1.8182875,0.7102746,1.3257358,0.71910274,0.18129432,0.16260013
1.3883898,0.8993401,1.3625944,0.73935765,0.32968938,0.16108651
1.1330483,0.96577257,1.3823805,0.70450324,0.15450528,0.17570336
1.444785,0.98546124,1.2685857,0.7802536,0.35702673,0.14666092
1.3810407,0.9126299,1.1167494,0.78615767,0.21367739,0.13363917
1.4224491,0.6005978,1.2481627,0.8088291,0.39894977,0.1337862
1.3256286,0.6917663,1.4393859,0.7823253,0.3567944,0.14542711
2.008007,0.95915586,1.3874629,0.7876873,0.40960872,0.14136031
1.3050523,0.48301768,1.4001431,0.7999807,0.39869708,0.13996121
1.600871,0.94020927,1.4937239,0.74833643,0.40648684,0.15926822
1.0945508,0.6927802,1.2559543,0.79007524,0.43296653,0.14705095
1.8977327,0.90498346,1.3289378,0.83260506,0.6916822,0.12670906
1.3875655,0.48149756,1.5092916,0.75611854,0.28229073,0.15137675
1.5080526,0.7795616,1.4610517,0.69883347,0.11957637,0.16752413
1.4331981,0.4572471,1.3559344,0.7581912,0.29048076,0.14919405
1.7966924,0.8296632,1.4393175,0.80358624,0.37620166,0.13566975
1.9285139,0.78789407,1.2687933,0.7976911,0.31415036,0.13578409
2.0010035,0.8513152,1.1621664,0.76854056,0.16413161,0.13759053
1.3451123,0.4706787,1.2829347,0.76333827,0.27628604,0.1470307
1.3123064,0.6196805,1.3798862,0.7523325,0.33517435,0.16112292
1.4970216,0.9332149,1.4179597,0.7673849,0.45042452,0.14693989
0.9539863,0.850687,1.3761425,0.7561897,0.2846819,0.15060979
1.5732225,0.6727339,1.5598612,0.7978955,0.28800416,0.1291618
1.7032304,0.68126494,1.2065907,0.7217747,0.14715989,0.15317164
1.2585882,0.6021404,1.4625983,0.8002319,0.36853337,0.1347251
1.3466594,0.45437422,1.6485336,0.84954816,0.44245657,0.110593304
1.0819044,0.9513047,1.2021084,0.77735263,0.23054872,0.13761868
1.5667703,0.5657961,1.832658,0.8823153,0.9272789,0.11559377
1.6929356,0.9542133,1.2435689,0.80562156,0.32574263,0.13537298
1.9943172,0.9192151,1.2536943,0.77533793,0.3687462,0.14353903
1.7487292,0.9234955,1.4063425,0.67219687,0.0625737,0.17116788
1.1126624,0.7142565,1.5312958,0.8534392,0.6414271,0.12813878
1.582049,0.7071008,1.2698522,0.7280804,0.25007126,0.16547109
1.1770265,0.5840033,1.3128371,0.728372,0.21122421,0.15637328
1.4980167,0.8692185,1.3830462,0.74388075,0.31711027,0.15203369
1.8489789,0.81552184,1.5225973,0.836073,0.48095393,0.12146385
1.0165747,0.9413529,1.6127174,0.8576359,0.5039081,0.10825359
1.5738121,0.7400237,1.4289219,0.783814,0.38701653,0.1476663
1.8704553,0.94204193,1.1575571,0.7881695,0.17338426,0.1280022
2.09727,0.99154806,1.2666659,0.7277094,0.18080875,0.15606056
1.5909204,0.5990612,1.1149495,0.86658555,0.4158077,0.11541677
1.3306171,0.814097,1.3654416,0.7106957,0.16500832,0.16429737
1.5892087,0.79892635,1.283623,0.7658476,0.2536379,0.14392693
1.291674,0.4881623,1.3945346,0.7737991,0.38027835,0.1580996
1.4825563,0.5810008,1.3764582,0.7764348,0.35124946,0.1535308
1.0473611,0.7221989,1.2615108,0.7181927,0.16491993,0.15789832
1.3007355,0.70733637,1.5251789,0.7529144,0.23111716,0.15048984
1.2307748,0.48871332,1.7347674,0.8354507,0.5849115,0.13127935
1.7255133,0.6376613,1.2891562,0.7245238,0.19975652,0.16084528
1.6607932,0.6982195,1.5505495,0.79346377,0.60293967,0.14259923
1.3038057,0.4670163,1.260994,0.75503105,0.3130762,0.15165934
1.6757976,0.9032286,1.163662,0.79664916,0.18644339,0.123453066
1.0242338,0.81811464,1.1538858,0.8042142,0.24368875,0.12857395
1.4264656,0.7977003,1.4061897,0.72003716,0.19370176,0.15922989
1.5767175,0.78480065,1.3154354,0.7830876,0.31003502,0.14579524
1.3189617,0.66469586,1.2324033,0.789027,0.28453124,0.13142969
1.710628,0.85370976,1.2937667,0.7473117,0.31559536,0.15222415
1.9770089,0.9077526,1.3731236,0.681391,0.08514468,0.17160267
1.0790728,0.6674408,1.2721627,0.71748483,0.091951795,0.15671767
1.7756958,0.87136453,1.4294932,0.8380641,0.66103154,0.12790401
1.4550688,0.63585603,1.2540593,0.7850767,0.3458095,0.14316812
1.8584051,0.9537762,1.1785178,0.7823403,0.29762965,0.13911061
1.4239235,0.9576068,1.3324192,0.76484203,0.17865968,0.13894176
1.6632164,0.95935166,1.2745538,0.74141544,0.19429475,0.15501767
1.7696444,0.8071086,1.4102192,0.80843973,0.44048804,0.13345091
1.9057895,0.8913388,1.3367853,0.7563319,0.29913363,0.14749753
0.99616736,0.82768184,1.3441172,0.7818289,0.3637952,0.13763192
1.0559253,0.7447719,1.4448395,0.7531843,0.25698227,0.14640784
1.2604616,0.750259,1.2057037,0.73323905,0.1638891,0.14839435
1.0086645,0.8892325,1.20028,0.759984,0.21892111,0.15004197
1.9995233,0.88914585,1.2592623,0.7313378,0.14574617,0.15366249
1.5575963,0.5713333,1.1798092,0.7933833,0.33160567,0.13328664
1.4658798,0.7361894,1.6938095,0.8897955,0.7219764,0.115943715
1.7789073,0.81442803,1.1838546,0.7892482,0.20809065,0.13333865
1.7272086,0.87019056,1.3958645,0.73498344,0.22634947,0.16004206
1.8367336,0.9365518,1.2135496,0.8031748,0.3947656,0.13014098
2.0443065,0.9156364,1.3482559,0.7477239,0.21333498,0.15072112
1.6560647,0.8893474,1.5031574,0.75068843,0.09157554,0.1397277
1.6984425,0.7548883,1.504323,0.8708628,0.6578757,0.119382255
1.8882514,0.80957544,1.097145,0.7964001,0.11128032,0.121398784
1.3992149,0.72354424,1.3036132,0.7531309,0.30000865,0.15260439
1.1833864,0.63647425,1.6846173,0.8314529,0.5023879,0.12816174
1.9027555,0.89240754,1.0755116,0.7972947,0.14293686,0.12528706
1.2222598,0.6905847,1.5366783,0.7820489,0.37122458,0.14324103
2.0726314,0.9272006,1.031887,0.8499187,0.20043074,0.108788185
2.0238855,0.9775397,1.6153088,0.7664149,0.2141419,0.13872373
1.4152796,0.7245061,1.2824938,0.7831236,0.31820652,0.14133535
1.5071677,0.5025731,1.1398623,0.7882025,0.22669332,0.13032992
1.5664079,0.69138646,1.3181493,0.71277684,0.16064085,0.15976048
1.755212,0.8224896,1.5453358,0.8524534,0.6625182,0.11324678
1.3087004,0.97504175,1.3166525,0.70314884,0.13571627,0.1675179
1.5007263,0.65130234,1.3618004,0.7213955,0.16420394,0.16555078
2.0760078,0.9455112,1.4551218,0.8003807,0.64493895,0.15132965
1.2490762,0.8742942,1.3386009,0.77389914,0.31706005,0.15468997
1.4308106,0.44841018,1.5397758,0.7927623,0.3130343,0.13656238
1.2099429,0.5200423,1.4761634,0.7562183,0.2579644,0.15412214
1.0441736,0.86123616,1.5205445,0.7909192,0.51665753,0.14747097
1.6790135,0.8776451,1.3816268,0.78288126,0.37325257,0.14596204
1.386984,0.44980124,1.1189446,0.8084352,0.26788458,0.12623237
1.2390009,0.5701136,1.3028524,0.749418,0.15950987,0.14333354
1.2550192,0.82689506,1.7565968,0.8437131,0.35622284,0.11106147
1.5815511,0.6524083,1.3927269,0.80029625,0.3636443,0.1360811
1.3478897,0.40389788,1.4997969,0.8982784,0.8349507,0.10602246
1.7157338,0.66067433,1.1852279,0.76988935,0.19948639,0.13633287
0.9612968,0.82351965,1.5382731,0.79309916,0.35553282,0.1387065
1.4961839,0.60205394,1.1133423,0.7968132,0.1925974,0.12554249
1.0901114,0.8831987,1.1454611,0.8020468,0.28535587,0.13161908
1.414136,0.85352707,1.5196993,0.7841142,0.53571767,0.1511765
1.857277,0.8520566,1.2936943,0.7282023,0.18807982,0.15851745
1.8232058,0.78865767,1.6179979,0.7980474,0.35751894,0.13562062
1.3647376,0.5413368,1.378025,0.77317363,0.44443122,0.15098205
1.0537804,0.97724706,1.240767,0.7687341,0.25986284,0.14100178
1.4787208,0.947087,1.4210689,0.7743498,0.31329608,0.14070424
1.902797,0.7721805,1.043055,0.8264661,0.21187565,0.11794119
1.8973855,0.9327524,1.1529789,0.7629594,0.13735749,0.13724053
1.6587447,0.7974627,1.33353,0.6789577,0.08671222,0.17276989
1.3198363,0.9232149,1.2710657,0.7440772,0.23205516,0.1518049
1.2258149,0.52098835,1.1723053,0.7740456,0.14158122,0.13327228
1.9690919,0.909803,1.4442058,0.8290438,0.5631635,0.13040291
1.5265739,0.9755185,1.256634,0.75030684,0.16772632,0.14651458
1.1150366,0.84141964,1.4617999,0.768322,0.31357467,0.14312401
1.5220209,0.7143358,1.1744225,0.79226905,0.19128582,0.12952015
1.1307349,0.7680288,1.2757077,0.7412253,0.20458296,0.15468416
1.5465331,0.5459564,1.4043608,0.7678853,0.44629794,0.16155876
1.0983256,0.8635819,1.318105,0.759583,0.21914712,0.14793883
2.107779,0.97617775,1.2513351,0.82277334,0.36381975,0.12791565
1.6881349,0.7129944,1.3532171,0.7683094,0.33670166,0.15400127
1.5626585,0.84900725,1.4741857,0.7746246,0.33666366,0.1436094
1.3688557,0.44991836,1.1337893,0.8076634,0.23405816,0.12747428
1.6929069,0.7991457,1.3891008,0.7007911,0.10945663,0.1599313
1.7781564,0.98252505,1.3946989,0.7793575,0.39705598,0.13892785
1.2775235,0.93052185,1.0074214,0.8523458,0.17045476,0.10500809
1.069095,0.83988017,1.3800955,0.7882866,0.35687047,0.14500944
1.5114287,0.77073264,1.6589098,0.80950516,0.31747225,0.12515797
1.2773781,0.53794664,1.7009671,0.8608663,0.47840405,0.09891373
1.9658293,0.9723265,1.33409,0.77224684,0.34885183,0.1489234
2.065961,0.9983353,1.0920858,0.82105106,0.21879557,0.12504408
1.7767894,0.72459215,1.3049436,0.7579539,0.34239057,0.1552767
1.3318356,0.54196453,1.6075482,0.90638095,0.50745815,0.08778802
1.9775181,0.9002988,1.4558988,0.8072521,0.46907327,0.14911899
1.8139913,0.804164,1.5795686,0.81226164,0.37293106,0.13224554
1.2754148,0.46206588,1.3123386,0.8067915,0.44727707,0.13958453
1.5053132,0.8452862,1.2910655,0.72374606,0.13031556,0.1524474
1.2845318,0.82054085,1.2744067,0.7401618,0.18150206,0.14864445
1.2605748,0.4724514,1.3967268,0.7340027,0.3231241,0.1644154
1.1999665,0.636236,1.4421489,0.74822795,0.29743096,0.15552494
1.6153542,0.60062736,1.4154477,0.7937247,0.4502167,0.14110625
1.3770465,0.6985002,1.5278549,0.7212981,0.07046179,0.15825133
1.8185537,0.95262265,1.2340393,0.75914097,0.15473951,0.14033772
1.2431697,0.6594772,1.6160109,0.7989965,0.39067298,0.14060043
1.4506778,0.68313754,1.5432363,0.8048647,0.57300854,0.14679067
1.1875453,0.83592814,1.213938,0.78145933,0.27017814,0.1378531
1.2008963,0.89011467,1.3926055,0.77350545,0.3172189,0.14996424
1.6523108,0.60507566,1.395441,0.71111685,0.20580822,0.16717488
1.5990461,0.733233,1.6641047,0.83012456,0.6518041,0.13768107
1.0096182,0.749085,2.0318472,0.9303681,0.38569725,0.071791105
1.8750806,0.77447975,1.3285863,0.80693275,0.58028203,0.15061882
1.5827703,0.60538775,1.4068708,0.8881183,0.79704535,0.1144176
1.6163504,0.74836904,1.4103265,0.8295099,0.47053066,0.123004556
1.7956008,0.9178551,2.064247,0.9352041,0.11034294,0.055875294
1.0357178,0.794862,1.4327366,0.7777178,0.3649325,0.15249585
1.4546577,0.77600884,1.2765539,0.75766534,0.28544307,0.1578344
1.6168286,0.8442495,1.4025338,0.88556296,0.72424006,0.108738534
1.4722503,0.6765268,1.2376826,0.7987793,0.3446887,0.14628677
1.5743383,0.91146886,1.396131,0.79293334,0.3453489,0.13710943
1.9156079,0.83846754,1.5839875,0.8317194,0.56860006,0.13778988
1.6426401,0.8698926,1.0684574,0.8136983,0.08959126,0.11063294
1.0739766,0.8507315,1.3872316,0.78812885,0.42644614,0.15324295
1.3164532,0.5156368,1.511946,0.8924624,0.61051875,0.101155326
1.3819574,0.60003006,1.4681592,0.7566433,0.39796755,0.1614511
1.3275523,0.5167758,1.6375995,0.8222181,0.40528983,0.13444391
1.2855432,0.56090987,1.4178934,0.74698967,0.24891026,0.15514185
1.0035216,0.806238,1.2379994,0.69426113,0.04250459,0.15281226
1.2216563,0.69975376,1.0518826,0.8337861,0.16686743,0.11358555
1.2846909,0.6868886,1.6316681,0.85563415,0.4986787,0.11390273
1.4274191,0.6549215,1.4903207,0.81391823,0.53458863,0.1597989
1.4705597,0.9121673,1.1478179,0.7694663,0.19078289,0.13767761
1.5290345,0.89062,1.424334,0.7657121,0.33637664,0.154036
1.2376513,0.98307365,1.3091795,0.760752,0.36918825,0.15557022
1.6353158,0.72022754,1.6307399,0.79935986,0.4637828,0.13058077
1.4023875,0.68292004,1.3432932,0.77382195,0.3239436,0.14242113
1.6708717,0.9721227,1.1877182,0.76406604,0.15168461,0.13788188
1.7331269,0.82943046,1.3193343,0.71773404,0.14419365,0.161907
1.7253996,0.97598296,1.3498232,0.7137273,0.20694052,0.16399214
1.1476635,0.84932196,1.2942858,0.70758283,0.16423732,0.17186137
1.5956322,0.70145994,1.5465131,0.7570795,0.33407253,0.14763913
1.8030281,0.8510598,1.4830368,0.7609228,0.3140163,0.14987548
1.3462359,0.45752537,1.3834338,0.83955365,0.63720137,0.13215843
1.5643301,0.86595196,1.2544613,0.87233037,0.6095936,0.117846206
1.5841041,0.9217854,1.372782,0.7990337,0.4429436,0.1576054
1.197997,0.5460101,1.443166,0.7867912,0.4153825,0.15026692
1.4539663,0.60630083,1.3299286,0.7998892,0.3579349,0.12940173
1.2654763,0.46165225,1.7760837,0.8437355,0.37015337,0.1034417
1.3005619,0.570263,1.2246761,0.8140528,0.2990112,0.13237625
1.4876949,0.8404856,1.2527254,0.7159107,0.14067508,0.1556761
1.7983801,0.94387376,1.154238,0.79199624,0.19694246,0.13017437
0.92075795,0.9711445,1.3284631,0.7756883,0.34149593,0.15113743
1.6690633,0.7038171,1.3854356,0.7491269,0.3112962,0.15892203
1.8720738,0.78270763,1.3657544,0.69227326,0.15359224,0.1773151
1.378864,0.55549943,1.503228,0.7795063,0.4079889,0.15231547
1.4176791,0.88648295,1.3042848,0.75952965,0.27257568,0.1486589
1.2225939,0.7819085,1.1750019,0.73940116,0.09692286,0.14250007
1.4388796,0.50134975,1.2224877,0.79212636,0.3480207,0.13684414
1.3300263,0.4434396,1.213525,0.78776264,0.283927,0.13950075
1.7130737,0.62707543,1.7597544,0.8222881,0.23278436,0.11295574
1.266479,0.9582866,1.3600233,0.7631543,0.31656176,0.14895496
0.99344563,0.83863986,1.4034672,0.6742418,0.04021629,0.17693245
1.5728936,0.75246054,1.2580602,0.7348071,0.21266246,0.15034671
1.0299735,0.73991615,1.5474038,0.82217515,0.48756796,0.1443238
1.4010637,0.85474336,1.1759019,0.75191903,0.090962164,0.13514335
1.5024316,0.5464734,1.5510206,0.78125584,0.3719965,0.15424116
1.1292633,0.6353604,1.3535614,0.7979259,0.29323334,0.1359128
1.8635757,0.868777,1.2185886,0.77048516,0.27631786,0.1437551
1.2156929,0.9463597,1.555655,0.746059,0.3934622,0.14990559
1.4968942,0.58233535,1.1961591,0.7335721,0.114985295,0.14754894
1.7911254,0.7881945,1.3732786,0.8113235,0.41813856,0.1402405
1.759921,0.84748214,1.5083082,0.7584789,0.30371645,0.13806371
1.2453116,0.54423606,1.3645582,0.70254767,0.15588017,0.16583197
1.6913868,0.91908836,1.343631,0.793936,0.3690968,0.14508127
1.1177624,0.7180849,1.4534767,0.8094415,0.54769945,0.15065023
1.4158405,0.48785663,1.4286652,0.7448767,0.25776586,0.16572756
1.5616938,0.55617464,1.283195,0.752743,0.21899772,0.14703685
1.4119501,0.45998293,1.6944544,0.8635586,0.68663913,0.11490661
1.7705036,0.8926833,1.3251681,0.78390443,0.31035456,0.14193803
1.3155227,0.4390535,1.3240497,0.74226063,0.27503133,0.15602896
1.4318508,0.90529424,1.473391,0.69436014,0.04719262,0.16044685
1.2435946,0.6817331,1.0751591,0.81445515,0.21692127,0.12653045
1.5122474,0.5877181,1.421766,0.77138734,0.37531254,0.15628156
1.4780374,0.86680293,1.22977,0.7806268,0.28508487,0.13828763
1.2574953,0.58962464,1.3078153,0.76490676,0.34716177,0.1501986
1.1756502,0.7533535,1.3034942,0.73935306,0.21523462,0.15351275
1.2720041,0.77179754,1.4445977,0.778875,0.443171,0.14494435
1.2669696,0.651773,1.2901464,0.74603164,0.20678186,0.15070714
1.7470802,0.8699278,1.2760589,0.7409582,0.27141333,0.15571432
0.97063875,0.9909218,1.3656254,0.7223463,0.17496802,0.15730384
1.294871,0.99996704,1.4978871,0.8997682,0.8115239,0.101136714
0.8921014,0.96157074,1.0805545,0.8301317,0.2440551,0.117996804
1.3374008,0.8272992,1.3767574,0.69975793,0.18516184,0.17840151
1.1040354,0.97800714,1.398628,0.72181,0.23447779,0.16341877
1.5555745,0.5367012,1.269285,0.74415326,0.25552046,0.15475245
1.198028,0.9485157,1.52754,0.77717334,0.28578874,0.14229399
1.5569787,0.8834047,1.2627945,0.78405535,0.29008457,0.13667198
1.3718423,0.46938318,1.2718399,0.7664765,0.3870694,0.14812692
1.5178611,0.5272682,1.084693,0.8158713,0.22284254,0.12102988
1.3258878,0.98011714,1.6369998,0.7787421,0.39819184,0.13414656
1.601019,0.9584927,1.3535721,0.794954,0.38370508,0.13322
1.4897931,0.50384855,1.0080516,0.83532614,0.16407818,0.111463144
1.8673282,0.9909729,1.4314988,0.8100549,0.6703592,0.14677754
1.6510632,0.8104332,1.4230411,0.76913476,0.34480295,0.14177513
1.0685598,0.8774456,1.4948561,0.8046595,0.54122025,0.14453231
1.3066778,0.92189956,1.4143577,0.74957746,0.25758687,0.15673923
1.8712035,0.8046269,1.7557268,0.827707,0.3169979,0.10404577
1.7343113,0.68702036,1.185837,0.75129026,0.09209498,0.13649708
1.2105694,0.94088125,1.2320609,0.76009107,0.2521519,0.14526117
1.9759911,0.97345036,1.1852338,0.75297457,0.119013146,0.13853206
1.4397984,0.7927194,1.1774626,0.77533853,0.24412474,0.14136896
1.5214735,0.6207357,1.3390214,0.74672616,0.37563342,0.16417669
1.4417723,0.88090074,1.3214304,0.7466308,0.3029984,0.16699281
1.708155,0.9306381,1.1586357,0.78921604,0.25602892,0.13401973
1.5168729,0.7324672,1.4101675,0.6799055,0.04940344,0.16589859
1.679647,0.6177421,1.3767056,0.7444699,0.30611435,0.15783475
1.3365926,0.6639743,1.5700343,0.78570795,0.4454743,0.15286632
1.3841023,0.539225,1.3751416,0.7552761,0.27129573,0.1482308
1.2960976,0.99232185,1.5430887,0.78691804,0.44771472,0.14518628
1.4980975,0.89692473,1.1591287,0.74031305,0.08401994,0.1400276
1.017005,0.7786368,1.6969128,0.8330649,0.41820887,0.12875482
1.1212497,0.8977254,1.2373352,0.81100845,0.42196205,0.13734026
1.3171388,0.5072769,1.3619995,0.7828522,0.39845845,0.15534095
1.6040351,0.6302729,1.3224645,0.77481204,0.39980313,0.14723735
1.4045867,0.93610674,1.4619784,0.7778112,0.37170014,0.14596854
1.3797522,0.911111,1.4201202,0.7501501,0.2552177,0.14603044
1.2443795,0.816821,1.263484,0.78077316,0.25791153,0.13746262
1.3386683,0.6084715,1.720681,0.83699447,0.45114592,0.11780847
1.2792453,0.5048223,1.2896886,0.7069681,0.14339072,0.16302133
1.2590613,0.7121861,1.3772166,0.770969,0.30465263,0.15261017
1.6881571,0.6840727,1.4199979,0.806,0.3874236,0.12581412
1.7392992,0.7018013,1.2235954,0.8171314,0.30522844,0.12960184
1.3534694,0.50162685,1.7011042,0.84572715,0.48479506,0.10906153
1.0635631,0.7289446,1.365514,0.7311583,0.269642,0.16376804
1.4337883,0.635074,1.2817986,0.8379504,0.39703462,0.12142534
1.4726204,0.81719565,1.4842257,0.7652643,0.35032126,0.14486016
1.0070993,0.8355329,1.1728835,0.76231956,0.1467551,0.13578705
1.4381611,0.95063996,1.2024829,0.75762606,0.17324868,0.14252469
1.8093815,0.8677586,1.2072434,0.8011349,0.24873188,0.13114016
1.0668812,0.8523953,1.3592854,0.7344198,0.23857616,0.16504861
1.328306,0.69482386,1.1976087,0.82910496,0.40923774,0.121591955
1.326428,0.86427337,1.1288067,0.79941106,0.24310745,0.1279751
1.3001076,0.88047457,1.3335683,0.7740232,0.30508852,0.14398329
1.395089,0.5801731,1.4440427,0.7542203,0.20172298,0.14457898
1.4985907,0.5312112,1.2858248,0.7756012,0.32825896,0.1352836
2.0458026,0.9788885,1.2702177,0.85372454,0.43849063,0.11754335
1.423149,0.599634,1.2463675,0.78710115,0.30283418,0.14248663
1.5607327,0.7588838,1.162739,0.7791246,0.27898753,0.13799188
1.2831562,0.90938956,1.2647276,0.7264961,0.24542658,0.16307138
1.0930071,0.7558356,1.2905214,0.78368866,0.30387923,0.14512514
1.866593,0.9987509,1.7536404,0.8250132,0.1793103,0.10589115
1.2940128,0.70084906,1.3420861,0.73879755,0.32211232,0.15607898
1.3960918,0.6572084,1.298851,0.7293572,0.16872263,0.15270975
1.0852368,0.95319074,1.4794846,0.7507607,0.3273628,0.15747254
1.7944586,0.7310647,1.3337603,0.80568093,0.4880224,0.14314437
1.3162553,0.8970831,1.3173101,0.7633326,0.21056712,0.14816657
2.0167475,0.9067913,1.5112836,0.77934074,0.31224114,0.14662194
1.6778191,0.81915694,1.326031,0.8109508,0.4275119,0.14608291
1.6720263,0.7821419,1.3568201,0.7976307,0.42441645,0.13878071
1.3318996,0.5417248,1.2917435,0.77784425,0.3035771,0.14198513
1.6411462,0.67568517,1.5388641,0.7307107,0.13490961,0.15246254
1.5014919,0.8053105,1.1877012,0.80646104,0.32887617,0.13262989
1.6167499,0.88132644,1.1906891,0.794513,0.32384387,0.13455409
1.4004153,0.75917596,1.563648,0.81403553,0.7137245,0.14175059
1.4544356,0.79241955,1.9587646,0.8953614,0.29472357,0.08025747
1.456141,0.52135265,1.909879,0.8709672,0.15350378,0.0811839
1.4547025,0.67153335,1.3497736,0.88067263,0.69737446,0.121244654
1.1438507,0.94500846,1.4371154,0.6936239,0.09633921,0.1703557
1.3646853,0.9957715,1.5150812,0.8214863,0.6180346,0.14913245
1.3996153,0.48746902,1.3887427,0.7304735,0.07204373,0.14751638
1.3607426,0.9283653,1.402338,0.69375163,0.0825004,0.1714004
1.2407954,0.9579848,1.3421419,0.7126839,0.15818343,0.16199832
1.854281,0.96369064,1.5129726,0.7958478,0.5006785,0.13590169
1.410271,0.51358503,1.4890158,0.7434188,0.38599443,0.16800778
1.9764923,0.8339801,1.3151095,0.7363388,0.22778392,0.15715212
1.3567497,0.8935675,1.2421138,0.7667389,0.21941991,0.14306927
1.1516695,0.67507786,1.4928246,0.7559701,0.24633354,0.14126852
1.1347071,0.6167245,1.3119805,0.7886465,0.36573255,0.14394018
1.4280121,0.6141389,1.2343934,0.7958161,0.23664492,0.13170666
1.5395784,0.72656256,1.1913834,0.760188,0.2460403,0.15281197
1.9616177,0.8746544,1.5514853,0.8216934,0.5530754,0.13234937
1.5228518,0.76083803,1.5753632,0.7755718,0.42226678,0.13975619
1.4720101,0.5974263,1.2501371,0.7724264,0.22437641,0.14114825
1.3258076,0.8894895,1.3238277,0.8077522,0.5159435,0.14004603
1.7583095,0.89440984,1.3242822,0.7435503,0.17194852,0.14645253
1.296636,0.9875792,1.3518875,0.7683181,0.57502866,0.1676916
1.3489219,0.59156764,1.7087705,0.84156746,0.55705494,0.11618337
1.3738656,0.6709276,1.2046156,0.7717963,0.18203503,0.13624008
2.0043294,0.95970124,1.14422,0.7718549,0.17794687,0.13762955
1.2929024,0.5404115,1.3179982,0.7500725,0.3123515,0.15436736
1.0831817,0.69314146,1.1866751,0.80425423,0.38040867,0.13745067
1.4862756,0.8631062,1.433176,0.76234925,0.21635424,0.13901976
1.9432837,0.80377996,1.0690732,0.801616,0.11442787,0.12001876
1.448485,0.62964475,1.1944871,0.8252396,0.3734654,0.12918858
1.1062405,0.94244564,1.4726539,0.77524686,0.41776118,0.1573834
1.4055698,0.5609377,1.240859,0.82807577,0.3895414,0.12545927
1.2565141,0.7390441,1.3594377,0.71135473,0.14567931,0.15967385
1.3064331,0.55265594,1.379319,0.72880113,0.18876754,0.15675552
1.1869255,0.8520743,1.3110352,0.72068036,0.1700336,0.16382419
0.981352,0.97635806,1.123843,0.80620897,0.16860247,0.12342833
1.5034459,0.9669587,1.3646333,0.8131493,0.49016127,0.14196695
1.509984,0.97384983,1.3863058,0.71756697,0.17976733,0.16193105
1.179038,0.61133516,1.1784419,0.7692476,0.21877779,0.14023726
1.5367978,0.847591,1.1593018,0.786925,0.20797047,0.13005339
1.8201203,0.72628367,1.3916285,0.7042619,0.1147946,0.17480308
1.4254142,0.63265264,1.3778644,0.7270615,0.2119342,0.16589403
1.9035842,0.99539727,1.4697065,0.7838161,0.4370668,0.15612131
1.4643673,0.6584538,1.4429495,0.76571435,0.27352136,0.14421779
1.6770426,0.63558257,1.4047749,0.7608586,0.4993963,0.14956485
1.6986991,0.89822584,1.1211884,0.81630796,0.29330602,0.12753847
1.0662547,0.9725878,1.3931782,0.68938774,0.06589173,0.16598624
1.8287578,0.73546326,1.2719982,0.7345146,0.16847034,0.14869328
1.6575972,0.64406323,1.3456974,0.7177113,0.1784887,0.15965497
1.8332788,0.8427042,1.1967788,0.7878064,0.25185674,0.13485695
1.4936092,0.6292365,1.4484463,0.8391821,0.6420836,0.12913273
1.1620755,0.9027864,1.3966548,0.765103,0.28490183,0.14579666
1.3892778,0.9857533,1.3926299,0.70599926,0.12143068,0.16169854
1.7524667,0.77503633,1.2533906,0.711624,0.1278041,0.16305904
1.2468803,0.49497095,1.4294546,0.7524765,0.38792887,0.15493989
1.5653949,0.7139738,1.2605026,0.7124044,0.1468247,0.16073495
1.5046116,0.7602181,1.1582215,0.77752954,0.25048423,0.13751951
1.3598845,0.48145056,1.3719606,0.75725096,0.31446382,0.14959475
1.9774958,0.95057935,1.2299454,0.748601,0.1348053,0.14382732
1.1124095,0.7141136,1.1841044,0.7875657,0.260289,0.13678068
0.99059993,0.8685301,1.4301403,0.80736434,0.46781075,0.13656968
1.5507104,0.70163697,1.1519802,0.79780525,0.19349997,0.1343648
1.4557834,0.77991766,1.1185632,0.779014,0.12369066,0.12932357
1.726826,0.85685295,1.5124953,0.77293783,0.25230226,0.13774028
1.4942374,0.5434769,1.311583,0.70843256,0.1574309,0.16160311
1.3382514,0.8356149,1.3851905,0.76043624,0.39898854,0.16309506
1.013309,0.74012625,1.1660187,0.7495731,0.10821862,0.13963658
1.4385369,0.5273155,1.4860878,0.8595511,0.6027635,0.13576542
1.5507026,0.7165934,1.271723,0.72916627,0.23284554,0.16123518
1.6473937,0.6450176,1.2232306,0.78459644,0.28691357,0.13926461
1.2804047,0.78600764,1.3601863,0.78805876,0.44127533,0.152153
1.6750667,0.6298066,1.5143719,0.75975513,0.26189503,0.14476383
1.0927385,0.69616675,1.2548332,0.76152825,0.18352844,0.14370537
0.9743696,0.8188378,1.3115737,0.7358452,0.25068355,0.15556763
1.1851933,0.7391396,1.3874533,0.76563406,0.28720772,0.15001597
1.6925346,0.6303582,1.306454,0.7257757,0.14675409,0.15113409
1.7329369,0.7705807,1.4771178,0.72867906,0.17087853,0.1558562
1.9743202,0.8734932,1.442642,0.7894119,0.42069298,0.14185125
1.4555452,0.7706853,1.3326871,0.7239893,0.18759082,0.16146964
1.6328596,0.62116534,1.3406045,0.7934828,0.42367744,0.14235047
1.9960253,0.9357311,1.4884496,0.73373973,0.2580552,0.15747944
1.4128473,0.9340195,1.2288883,0.80416244,0.26090345,0.12817271
1.2127532,0.9766681,1.4498651,0.72745776,0.18585451,0.15890446
1.3591163,0.71248496,1.0982218,0.84851205,0.31754223,0.118869
1.2385534,0.69979453,1.396357,0.79101205,0.3677374,0.13620365
1.7385356,0.7829972,1.3040149,0.685747,0.10046415,0.16644321
1.1446418,0.92082417,1.2821426,0.7403725,0.24211161,0.15522063
1.6867186,0.63284725,1.2490323,0.80112356,0.28829595,0.13349658
1.3876857,0.43018714,1.3234468,0.7116194,0.17388311,0.1631321
1.408715,0.688368,1.5562549,0.83379704,0.44383645,0.117246196
1.2682652,0.7616111,1.216656,0.75011533,0.22422746,0.15193883
1.2225276,0.5537615,1.3451424,0.8275636,0.5171391,0.13311383
1.1617134,0.6947823,1.2152276,0.7719001,0.21281284,0.14484425
1.4289721,0.9680945,1.2231853,0.75848067,0.21358149,0.14621805
1.1189681,0.81627154,1.3484297,0.70325786,0.15197848,0.16854298
1.3697857,0.71157163,1.1265581,0.8552836,0.30734506,0.11737453
1.5156373,0.97171515,1.369071,0.74760765,0.27494755,0.15437599
1.8548397,0.7363098,1.4058969,0.75777453,0.3378494,0.14940177
1.0205382,0.8737182,2.0456703,0.935465,0.18263263,0.058610965
1.953281,0.9639841,1.3302169,0.74952084,0.21744321,0.15414408
1.5051618,0.56970656,1.1591121,0.80072933,0.2466804,0.12892589
1.3542513,0.7353286,1.554009,0.7725201,0.40861785,0.15341344
1.1189991,0.621387,1.2879288,0.7737514,0.33939898,0.14450224
1.6148376,0.89619327,1.5464013,0.78252184,0.3739299,0.1429833
1.5764939,0.7147329,1.5091407,0.79370767,0.32199126,0.1331945
0.95471793,0.96430814,1.173862,0.79010457,0.29135463,0.13942587
1.5616182,0.694578,1.4378939,0.80352443,0.34918222,0.1454047
1.0376123,0.89202714,1.5009761,0.75682175,0.30592534,0.14884947
1.404696,0.88631624,1.6682601,0.8165161,0.27862698,0.122053325
1.2471462,0.75056523,1.4196084,0.70375115,0.13730033,0.17299874
1.9663154,0.8268769,1.0987275,0.8257403,0.20528328,0.115964204
1.6074007,0.83647364,1.1987619,0.7855308,0.27661112,0.13607699
1.5575067,0.7582141,1.2736795,0.79615,0.36355054,0.13463081
1.5468804,0.5274828,1.3667722,0.7014697,0.16688585,0.1695472
1.1844889,0.8226948,1.4349313,0.83052725,0.53068966,0.12240329
1.4494404,0.66823757,1.340533,0.7901591,0.2797228,0.1363728
1.3294393,0.41652688,1.428585,0.7751632,0.39900032,0.14922418
1.5074656,0.890474,1.5382917,0.83416134,0.47102258,0.12728268
1.3168154,0.7325106,1.2744424,0.7400693,0.2519843,0.15699042
0.9081493,0.9403394,1.0146079,0.83152646,0.15720595,0.11220188
1.0304062,0.7993541,1.1630461,0.7795074,0.29088816,0.14454652
1.346658,0.6084892,1.3530545,0.7598424,0.34811383,0.16161378
1.8719398,0.9619132,1.1260564,0.8140806,0.24301215,0.12628412
1.968089,0.8662408,1.6461267,0.83159053,0.5758952,0.12786786
1.9153498,0.8997127,1.2413349,0.75676847,0.20959225,0.14754356
1.7388303,0.8033971,1.3050241,0.8081006,0.41814125,0.13471094
1.5479988,0.83650714,1.1428733,0.7566446,0.10873779,0.13493411
1.4255725,0.91693884,1.6935658,0.8021135,0.29059678,0.13142341
1.4959539,0.5219618,1.2615337,0.77318645,0.31830496,0.14680608
1.177123,0.8023411,1.5054986,0.78632736,0.37166578,0.13992819
1.347275,0.47595865,1.1194022,0.79695845,0.25190562,0.12869906
1.8245394,0.7472384,1.2353263,0.787873,0.34122247,0.13498063
1.8834178,0.84116244,1.1594638,0.7532602,0.08921696,0.13589662
1.4461393,0.96628374,1.2637932,0.7747984,0.26470286,0.14404008
1.3335019,0.53287596,1.2190003,0.7337926,0.1386468,0.14900002
1.7392703,0.7315616,1.2550979,0.7610018,0.23822376,0.14263757
1.3554972,0.7325879,1.2414296,0.75694346,0.2571825,0.14715101
1.3455849,0.6246468,1.3933296,0.8126102,0.553783,0.14438204
1.6883419,0.93765604,1.3874438,0.75838846,0.30557296,0.15272127
1.7937711,0.72308,1.0545921,0.82591116,0.17395431,0.11726366
1.2935796,0.92417985,1.1718974,0.8020982,0.3367894,0.13366988
1.3853832,0.86189115,1.2324479,0.78606087,0.31869942,0.14136225
1.3333944,0.9977616,1.3828528,0.90068793,0.6387546,0.09392821
2.0104754,0.9679523,1.1757753,0.76883376,0.14213467,0.1378856
1.7897887,0.69334584,1.7336698,0.83227605,0.22399426,0.10707519
1.7917768,0.91553384,1.015806,0.8350919,0.23021984,0.1182124
1.3704015,0.805461,1.322516,0.80960613,0.47800314,0.14199969
1.8744065,0.9804982,1.4339297,0.79468596,0.3667193,0.137637
1.4720149,0.7666061,1.1827731,0.7619889,0.15819953,0.13848807
1.8510094,0.977222,1.4924445,0.7306186,0.15128303,0.14897864
1.3236271,0.51868343,1.4770179,0.7676432,0.45329297,0.15249333
1.8514049,0.7986743,1.528758,0.7768489,0.30142307,0.14326622
1.3208686,0.428776,1.0840523,0.8214899,0.19175059,0.11779371
1.9487194,0.8720473,1.4036708,0.7159823,0.19228078,0.16048408
1.1443763,0.63571614,1.2001936,0.73426443,0.10454361,0.14382796
1.5664585,0.8630222,1.2410779,0.78069377,0.27134433,0.14396258
1.222623,0.8387489,1.2972066,0.7076371,0.100326754,0.15679419
1.3482269,0.9046848,1.1847215,0.82493305,0.3920615,0.12779069
1.6587757,0.9675149,1.4381936,0.73461235,0.23344547,0.15770847
1.2043554,0.85874856,1.289717,0.7232913,0.23833688,0.16181204
1.0451455,0.8081613,1.4378788,0.8154002,0.48861614,0.13990735
1.7650249,0.9646019,1.256017,0.7636692,0.2775532,0.14645809
1.6256872,0.5775063,1.1740515,0.7844517,0.2204464,0.12893857
1.6616912,0.6866078,1.2592299,0.7501881,0.2772212,0.15217103
1.1510198,0.86119705,1.2993224,0.7783769,0.39353973,0.15242934
1.5308901,0.88939357,1.5559387,0.7990261,0.42947996,0.15197656
0.99131525,0.9274451,1.3620079,0.72715867,0.19479941,0.1570096
1.6654615,0.9437888,1.4094207,0.8098541,0.41094282,0.1281523
1.1363088,0.69287926,1.4703424,0.7400253,0.22030392,0.14888255
1.4799106,0.55833256,1.8992624,0.88463885,0.23888491,0.07984592
1.8409694,0.9397578,1.2824523,0.75615454,0.35141316,0.16373545
1.1603215,0.6006907,1.355434,0.7638159,0.33445513,0.14995107
1.1947812,0.5689817,1.3978512,0.7708705,0.47589737,0.15347816
1.2363234,0.6646008,1.4188049,0.7691805,0.23316044,0.13593015
1.186577,0.5990823,1.345665,0.7315982,0.18256395,0.15369983
1.5667061,0.7686502,1.2452338,0.7263701,0.07101304,0.14662588
1.2888091,0.6866782,1.1112459,0.7711065,0.11535573,0.12949347
1.4504131,0.5503209,1.1772492,0.81984246,0.32624587,0.1257957
1.2122837,0.74227244,1.3322701,0.7083358,0.16390674,0.16080903
1.4812278,0.49405918,1.8094418,0.88796157,0.78424734,0.09438225
1.2819885,0.7922753,1.1834393,0.82047373,0.26380253,0.12850824
1.3537512,0.71422565,1.365289,0.7585993,0.39484718,0.15707096
1.8727659,0.9025063,1.7801085,0.9298078,0.81509095,0.08426704
1.5041196,0.6659853,1.2532673,0.7587573,0.23399247,0.14376983
1.3207129,0.5694479,1.1496191,0.7703296,0.09517768,0.12816402
1.964348,0.9970986,1.4203606,0.7307666,0.16980444,0.15664001
1.8029596,0.769534,1.2653422,0.7188354,0.091638155,0.15267843
1.8593826,0.79219276,1.698976,0.8248206,0.2937714,0.110673845
2.1060774,0.97264,1.1833739,0.8416876,0.3257721,0.11912631
1.2066168,0.6817644,1.5816467,0.7689042,0.25433403,0.14465153
1.8161409,0.7633007,1.2914848,0.78503007,0.24478704,0.14008152
1.7507207,0.8718163,1.266305,0.72784173,0.12663923,0.15168281
1.4995446,0.92809314,1.3595054,0.7609909,0.29184407,0.14650354
0.9614885,0.9435164,1.4881248,0.7825639,0.4878964,0.15694927
1.2321657,0.51975393,1.4640949,0.7395635,0.3149115,0.16215742
1.7869558,0.7009594,1.3640435,0.8484042,0.55180633,0.12043772
1.097677,0.6810072,1.4062831,0.7106976,0.16462013,0.16720736
1.6353737,0.84072936,1.5579138,0.7926148,0.4040149,0.13061331
1.20309,0.99213886,1.3295021,0.7872213,0.41142356,0.1420386
0.95557296,0.83329445,1.3405037,0.7432659,0.28604105,0.1571467
1.8520448,0.7290392,1.6527445,0.8011287,0.37575597,0.14147408
1.0981281,0.8880379,1.1853478,0.7908393,0.15642577,0.13085486
2.00362,0.89966035,1.3567858,0.6884114,0.19167691,0.17617647
1.3984487,0.67867327,1.31779,0.7518046,0.23642649,0.1501751
1.8051581,0.96432096,1.1556439,0.7687074,0.1849272,0.13575241
1.1193532,0.62003905,1.6184423,0.80334014,0.3591222,0.13572794
1.1828593,0.6184815,1.601377,0.7563904,0.18993832,0.13958435
1.1234041,0.6307337,1.1022979,0.82232547,0.2662438,0.12307067
1.3247453,0.80568534,1.227679,0.75254565,0.20957045,0.14798976
2.000235,0.8822755,1.2887559,0.8034606,0.32451054,0.13824786
1.8170364,0.85756236,1.2774844,0.78833485,0.3028338,0.13893418
1.6587648,0.7089763,1.4260411,0.7577481,0.31568274,0.15248671
1.2921513,0.81790936,1.3089144,0.7867394,0.30826405,0.14198638
1.945852,0.854585,1.3773799,0.694318,0.18528718,0.17168047
0.9715397,0.89069,1.245055,0.80939406,0.5459726,0.14178495
1.7435206,0.99427783,1.358525,0.7686273,0.36110198,0.15406114
1.679101,0.6486014,1.3488593,0.78320754,0.35589164,0.1435799
1.8365266,0.9314599,1.4173408,0.83314556,0.62664485,0.13923754
1.0478963,0.95596135,1.8754249,0.8576487,0.17366314,0.08590963
1.4397342,0.5866712,1.6794689,0.78271365,0.08372277,0.12318447
1.3847003,0.54300815,1.4788008,0.772436,0.3451686,0.14126557
1.6913518,0.98013055,1.5209804,0.8008098,0.48355952,0.14364474
1.4397348,0.5941354,1.250869,0.73120487,0.20063865,0.15435895
1.9076049,0.7846665,1.1331794,0.7863997,0.21179967,0.13323027
1.7036669,0.84367985,1.3989577,0.7404042,0.28248286,0.14961676
1.3499484,0.75907356,1.2987814,0.75690013,0.22143683,0.14584522
2.112364,0.99967265,1.2534008,0.7737841,0.23829292,0.13975789
1.2356604,0.90194964,1.2515812,0.7796712,0.30384952,0.14445172
1.0944022,0.63260907,1.2052281,0.73814833,0.17808935,0.15213393
1.717884,0.88854164,1.3119297,0.7347084,0.18245494,0.15301397
1.2144585,0.64089936,1.4548798,0.7030878,0.0610703,0.16882811
1.1255515,0.650304,1.1087674,0.79580814,0.17246388,0.12740321
1.6661185,0.9509334,1.4232361,0.8214583,0.5676075,0.13669574
1.3931316,0.7910974,1.4680855,0.75930107,0.39999726,0.15341958
1.4200883,0.8134708,1.07777,0.80516595,0.15140481,0.11866641
1.0430458,0.8908317,1.1266451,0.77291095,0.1448777,0.13333414
1.8771565,0.9356581,1.7558784,0.82379645,0.3703656,0.11458497
1.2302675,0.94939446,1.2381539,0.84180206,0.6372472,0.12911747
1.6799959,0.74050283,1.5591614,0.81142896,0.4341777,0.13848227
1.6774676,0.92659956,1.1483781,0.82538027,0.2608842,0.12549321
1.7777704,0.93082356,1.2584164,0.79220694,0.25047678,0.13674524
1.8177469,0.9942549,1.6450219,0.8099814,0.5087892,0.1328112
1.4747677,0.6291143,1.385246,0.7261373,0.25868407,0.16823238
1.3059132,0.63232183,1.431845,0.75100857,0.23298751,0.16018255
1.3756298,0.9286526,1.599771,0.7338474,0.019777589,0.1373628
1.1979306,0.5558676,1.2303298,0.7674421,0.23499747,0.14081942
1.29475,0.738649,1.3433337,0.7350465,0.25367823,0.16510735
1.4216945,0.44316757,1.2300267,0.77114034,0.35923606,0.1406381
1.4009159,0.9702053,1.1370196,0.8240632,0.31137216,0.12655722
1.3928089,0.6743069,1.0654521,0.8339382,0.1990992,0.115260385
1.5532886,0.8588256,1.3404491,0.80736667,0.38427678,0.13785648
1.7748122,0.8243543,1.4763396,0.73796386,0.31854647,0.15705425
1.9391448,0.8244284,1.4712508,0.7935356,0.45106086,0.14172626
1.7534974,0.72015756,1.2441247,0.721995,0.1368688,0.15382512
1.0114962,0.77072954,1.3825557,0.7792417,0.31408474,0.14823027
1.5623937,0.6370408,1.4319754,0.7619597,0.33217603,0.15310651
1.359236,0.6865743,1.363955,0.69084483,0.1809301,0.17150465
1.1679701,0.77928126,1.202836,0.80997026,0.26892942,0.13061903
1.4724125,0.63298815,1.2737355,0.80304366,0.31141225,0.13190578
1.2162191,0.85948586,1.6966312,0.8685245,0.77382857,0.12930115
1.7887894,0.8500856,1.3594334,0.75190294,0.23195122,0.1520996
1.2199854,0.75733477,1.2962835,0.72695434,0.22147794,0.16541567
1.354665,0.78523564,1.2992356,0.7758282,0.34021828,0.150607
1.2907724,0.63490134,1.2461178,0.74541986,0.16820426,0.14474417
1.9642451,0.8754579,1.3865659,0.7215942,0.265762,0.17000133
1.4000769,0.797873,1.3480377,0.78498405,0.394105,0.1446435
1.3428022,0.68086797,1.3893573,0.8110704,0.4702535,0.13915543
1.7973212,0.99085635,1.1508603,0.7728739,0.15765645,0.13458467
1.1707964,0.58030146,1.4965899,0.8099323,0.48198155,0.14203383
1.3025241,0.53159463,1.1857405,0.76922107,0.21799308,0.13993235
1.1216115,0.63064104,1.4372494,0.83332354,0.76555294,0.12377878
1.4802452,0.58625203,1.3021731,0.7606209,0.23913354,0.14721482
1.3301257,0.49549222,1.2592521,0.7907406,0.38019955,0.1416205
1.4430145,0.8529448,1.4660056,0.864892,0.86865854,0.12114798
1.4576412,0.9242435,1.3656452,0.68472767,0.10568501,0.17274769
1.3423003,0.4153203,1.3826141,0.73873895,0.24662435,0.16713756
1.6602244,0.94180185,1.9592485,0.89213103,0.19273919,0.07610336
1.2885768,0.8710864,1.3760676,0.7389878,0.30909702,0.1663995
1.0617974,0.7650697,1.4207857,0.74459565,0.31154987,0.16369238
1.2329223,0.69413656,1.1872287,0.7386121,0.11342959,0.14449766
1.9396904,0.8503355,1.3111863,0.7862334,0.3093572,0.14057337
1.7214676,0.83456355,1.3398676,0.7357381,0.24942246,0.16358033
1.8231843,0.7832489,1.3349407,0.7407876,0.25581634,0.1546094
1.7117679,0.98990613,1.5401907,0.8036432,0.50180995,0.13263915
1.945365,0.84120214,1.3256512,0.7313133,0.27711597,0.16399625
1.0893514,0.8983198,1.2933633,0.7909013,0.32528028,0.13829927
1.0873883,0.9302585,1.475106,0.81398433,0.48451206,0.14078304
2.100206,0.9464203,1.2345808,0.7448517,0.21143635,0.15178874
1.7775049,0.7542785,1.3034279,0.8174217,0.47895834,0.149332
1.2469268,0.5323283,1.6821098,0.8408467,0.3820445,0.116615176
1.5729668,0.7572801,1.2190986,0.8006293,0.25148895,0.12767147
1.6122198,0.96733165,1.2791121,0.71587074,0.12998213,0.15601231
1.4418621,0.49731812,1.0362854,0.8407661,0.19995695,0.11037417
1.7540703,0.76377326,1.6673293,0.8123258,0.20812492,0.13631384
2.1101432,0.9582081,1.6645887,0.8382338,0.5695237,0.123455875
1.3146865,0.5981667,1.3877859,0.7245935,0.2288722,0.17135431
1.4911658,0.929935,1.683245,0.8121453,0.35779327,0.13101953
1.3135908,0.436349,1.3404005,0.7758497,0.32258862,0.14646249
1.6049072,0.796122,1.2783113,0.83352,0.3719947,0.1277116
1.2798145,0.45323196,1.4820557,0.7682379,0.36165503,0.15165477
1.2058415,0.7002275,1.1911588,0.8129886,0.31985077,0.12910345
1.4035252,0.7113664,1.3548172,0.7966896,0.3622049,0.14087021
1.6471876,0.76625437,1.2725716,0.7934047,0.3097339,0.13194093
1.3858868,0.6197357,1.2846854,0.7326983,0.21851754,0.15488221
1.5946854,0.81211543,1.3535962,0.7653428,0.22560307,0.14546788
1.7091497,0.79443717,1.1244845,0.7970859,0.17437892,0.12750502
1.550004,0.9583859,1.1644034,0.755618,0.1534408,0.13866775
1.30093,0.60240555,1.9501266,0.9275128,0.30932754,0.07001167
1.3446119,0.46684146,1.8571057,0.8562091,0.16702837,0.091609396
1.739446,0.7506502,1.1860666,0.7543198,0.08621163,0.13461505
1.2461289,0.7484262,1.4208272,0.8049527,0.34958735,0.12679999
1.7376621,0.80734164,1.4156585,0.7771499,0.37741217,0.1439018
1.1719598,0.77381873,1.0581617,0.85581774,0.26944828,0.11601184
2.0805547,0.98225576,1.5660987,0.74989784,0.320023,0.156631
2.0952635,0.97833985,1.1104296,0.7879719,0.17465012,0.12948008
1.1252891,0.82277864,1.1405857,0.7839845,0.17756912,0.12919408
1.4176451,0.4595616,1.1241969,0.8021123,0.22965543,0.12570073
1.1647781,0.7797168,1.2034042,0.7570988,0.15782174,0.13852872
1.2806076,0.509196,1.1030886,0.7680104,0.09730831,0.13329789
1.8215973,0.73108804,1.2743278,0.7523315,0.2946252,0.15176374
0.93662953,0.95472676,1.2977698,0.81780285,0.3301733,0.1310548
1.0616176,0.7566356,1.3043964,0.7687316,0.30784473,0.14826283
1.5871072,0.9134709,1.4476395,0.7532801,0.37326086,0.15361132
1.5105909,0.5254805,1.2406068,0.7925263,0.29451284,0.13341664
1.2982073,0.4822845,1.5757334,0.7975063,0.42106053,0.14996313
1.7218872,0.9202797,1.1203971,0.7871345,0.14994964,0.12734564
1.288168,0.7989512,1.3989744,0.7369821,0.3378511,0.1671586
1.6411903,0.5953924,1.6112549,0.8054665,0.46106678,0.13371862
1.4004955,0.815899,1.2619994,0.7792296,0.31518087,0.14243013
1.075233,0.79605496,1.3810763,0.8257243,0.46865907,0.13559282
1.3870353,0.7551301,1.3640614,0.76907563,0.27588207,0.14319707
1.8325301,0.7678943,1.1149702,0.8232353,0.34995583,0.12968314
1.4451065,0.4577272,1.5972674,0.84313875,0.6290286,0.1139492
1.8008333,0.9432523,1.637177,0.8079824,0.4702871,0.13056944
1.8185863,0.9342118,1.2654641,0.80560243,0.33911845,0.13405001
1.3740636,0.715408,1.3135962,0.7716149,0.32204834,0.15474087
1.253406,0.70761335,1.2093906,0.75540435,0.19282535,0.1429837
1.3750281,0.9520609,1.2301998,0.77200687,0.23082888,0.139553
1.1616541,0.6020794,1.3120158,0.7494332,0.23372301,0.14679962
1.883174,0.99959767,1.5050488,0.8103432,0.519418,0.13662097
1.6056564,0.82682776,1.0918269,0.79561716,0.17155345,0.12638591
1.9408947,0.8715424,1.3615043,0.7881149,0.39027348,0.14393914
1.441394,0.77094084,1.4811463,0.78323233,0.41233486,0.14209892
1.6813804,0.9164676,1.4111235,0.7292472,0.26015186,0.17335807
1.3276048,0.6792049,1.5631533,0.7318349,0.1388691,0.14659014
1.688366,0.7178426,1.2711256,0.75821614,0.25044858,0.1458044
1.8915205,0.87177414,1.3241594,0.7596762,0.22584032,0.14741577
1.4854316,0.8708055,1.3069704,0.7571233,0.21241973,0.14727691
1.0811887,0.69289756,1.1464698,0.743158,0.04913463,0.13014123
1.616841,0.6251896,1.192303,0.8185032,0.3578567,0.13171689
1.3172802,0.5276583,1.2789309,0.7597762,0.23320952,0.15210976
1.6689186,0.7220831,1.4495094,0.73074955,0.25102493,0.15416029
1.0816958,0.7455192,1.2422647,0.763947,0.18920718,0.14001441
1.279464,0.6467817,1.297744,0.74800366,0.24016967,0.15096171
1.986141,0.9618293,1.369334,0.75322497,0.27688187,0.15386644
1.5965981,0.60283065,1.3984847,0.8345792,0.657198,0.12511887
1.7406417,0.7174118,1.3613734,0.87074786,0.65125173,0.11609775
1.5319867,0.5566323,1.1966722,0.7823424,0.35780084,0.1494633
1.0631392,0.7839266,1.3689282,0.7845447,0.37001956,0.14474504
1.8678882,0.74248,1.4840999,0.7676699,0.35726365,0.14651111
1.4714459,0.53497815,1.2413929,0.7720021,0.25510886,0.14745763
1.3766816,0.60831827,1.3944657,0.7512212,0.33245793,0.15529017
1.7461487,0.907843,1.1913114,0.78673685,0.24232149,0.13905664
1.2395246,0.86843634,1.5322533,0.7881485,0.53401744,0.15669166
1.3030503,0.71205825,1.2743475,0.7760993,0.34751093,0.14649749
1.1719345,0.72909904,1.2165463,0.75093985,0.16994287,0.14577578
1.7007831,0.808287,1.2957237,0.795091,0.3902407,0.13914566
1.372509,0.8796986,1.3486898,0.75638735,0.3113705,0.15878883
1.87698,0.8142471,1.2236423,0.83197516,0.45122096,0.13463509
1.1021007,0.9632686,1.1413448,0.8242689,0.27484414,0.12502211
1.3184874,0.87027234,1.453798,0.8105634,0.4841585,0.15606946
1.4736426,0.76244193,1.1554277,0.8141978,0.28093463,0.1250046
1.3224221,0.6268353,1.5083258,0.7737727,0.40420207,0.14586863
1.5351298,0.8270407,1.2821856,0.8383462,0.5489048,0.13589953
1.3150308,0.55344594,1.1629653,0.78407645,0.22056329,0.134284
1.5792384,0.619558,1.2154479,0.7604673,0.21260065,0.14368372
1.2362802,0.99974954,1.957128,0.90220195,0.5648499,0.09170127
1.4309232,0.852979,1.4641545,0.7655571,0.3468494,0.15470992
1.735534,0.9983547,1.353107,0.7835078,0.38400072,0.1387416
1.4292852,0.8086954,1.3737392,0.74943274,0.32102168,0.15170947
1.562569,0.6957568,1.2195592,0.7544521,0.20916118,0.14483562
1.4229896,0.54754966,1.4983337,0.7788426,0.36385012,0.14731012
1.4262022,0.849402,1.4986548,0.78752077,0.42368937,0.14726344
1.0823386,0.9977443,1.2637482,0.7984838,0.4341403,0.13899238
1.8675596,0.78918463,1.382715,0.7186691,0.20577686,0.16522184
1.3531998,0.42366642,1.4416442,0.77252626,0.4238677,0.15027446
1.891916,0.92258346,1.3561587,0.7968091,0.53412616,0.14875242
1.1893744,0.63787633,1.2926872,0.72078335,0.20581563,0.16355522
1.6172698,0.82078034,1.2758985,0.74737006,0.23636325,0.1484722
2.019236,0.9701481,1.2176015,0.7670456,0.18874075,0.14043355
1.0052012,0.7782599,1.6337128,0.79148597,0.3579077,0.13399218
1.5468438,0.9033635,1.5360796,0.7370858,0.25369877,0.1515896
1.9666039,0.870949,1.3082678,0.73335695,0.21049345,0.15611656
1.1462783,0.59227633,1.3317757,0.73378706,0.20475337,0.1605523
2.1018443,0.97051376,1.8713756,0.8834514,0.37244695,0.090214215
1.341291,0.5701854,1.6213462,0.8492146,0.6919566,0.125055
1.0140167,0.8806914,1.5606883,0.7779423,0.28917742,0.12820968
1.4111193,0.89633626,1.3408141,0.7620413,0.29736653,0.14913169
1.4232813,0.6056237,1.139299,0.8204574,0.28498545,0.121936426
1.4333185,0.9132883,1.1711541,0.8021121,0.26956803,0.13323307
1.4500496,0.676307,1.4095147,0.73227084,0.12933953,0.15402226
1.2071708,0.7060749,1.4022183,0.75267303,0.27779847,0.15275328
1.6698637,0.8246969,1.4959867,0.8094908,0.48663884,0.13478558
1.884571,0.79064524,1.1976418,0.8301001,0.48305088,0.13806175
1.2316922,0.690642,1.3859115,0.7575946,0.28746217,0.15271774
1.1357126,0.94148386,1.1334367,0.7709565,0.16186348,0.13245411
1.652303,0.9814519,1.7786882,0.8562431,0.3644483,0.10078754
1.1113006,0.9541055,1.3584187,0.8145877,0.408535,0.13253249
1.570601,0.83511853,1.5257099,0.8038464,0.4538256,0.13274883
1.8929409,0.93475604,1.6220996,0.79355067,0.28783622,0.140376
1.4686998,0.8974699,1.3849046,0.77625346,0.39961138,0.14281437
1.7861649,0.78233385,1.2215188,0.80817515,0.3937823,0.13283071
1.5372173,0.98814607,1.3868501,0.8010304,0.4043539,0.14062575
1.7351421,0.9857831,1.4259634,0.73476124,0.24114624,0.15632841
2.0384789,0.9873876,1.2128251,0.77005243,0.23949276,0.14479557
1.4623476,0.59526116,1.1957068,0.7933448,0.28575695,0.13088061
1.7860063,0.8620803,1.5299475,0.7451493,0.28656787,0.14967042
1.6768045,0.68242496,1.408273,0.80046314,0.41673324,0.13850373
1.2626973,0.60389674,1.5362809,0.73671055,0.19917609,0.14895138
1.2369368,0.49826354,1.3238039,0.7073933,0.18840732,0.17008807
1.3926836,0.79318625,1.1618531,0.77896446,0.19239537,0.13477476
1.4491993,0.71303827,1.3055546,0.81156284,0.35384247,0.14110124
2.0392103,0.93450016,1.4024293,0.76604533,0.3241136,0.15092318
0.96558243,0.91505325,1.4993975,0.8231445,0.42231727,0.12592
1.3264102,0.5112126,1.2534616,0.74801517,0.22474074,0.14787221
1.7643976,0.78524303,1.3353298,0.76778805,0.2989289,0.14150384
1.0081918,0.7454617,1.3092077,0.7807423,0.3735303,0.14792769
1.762743,0.71682906,1.4844298,0.8085633,0.44684625,0.12955663
1.6015875,0.6680174,1.2709167,0.78641266,0.2699856,0.1376784
1.3716671,0.8644746,1.3293896,0.7989355,0.303461,0.13724811
1.2191626,0.8567526,1.5629394,0.8521232,0.39851242,0.10571612
1.6062142,0.87273145,1.2572396,0.7482637,0.2131207,0.14955476
1.7503961,0.9817547,1.3045695,0.7595028,0.327878,0.14992228
1.6859583,0.8234348,1.5790944,0.7991373,0.3244643,0.12453419
1.508693,0.58248556,1.2767584,0.75478137,0.31032434,0.15501766
1.8770441,0.9319269,1.3028796,0.74441385,0.29072282,0.15693323
1.7392007,0.9327684,1.4175684,0.8095494,0.47274953,0.1353138
1.5737122,0.55971104,1.705903,0.8139635,0.3863546,0.13139887
1.7560272,0.7377225,1.3826234,0.74936366,0.22408852,0.14570354
1.968157,0.9269016,1.5856822,0.75720924,0.13779823,0.13537005
1.908333,0.81708604,1.4537866,0.71231854,0.16370279,0.15853785
1.5968013,0.6755029,1.624701,0.74586284,0.04802588,0.13244404
1.5646566,0.6962675,1.4395921,0.72822475,0.29569677,0.15816818
1.5578469,0.6894662,1.2717798,0.7691803,0.31182075,0.14137277
1.2045,0.635193,1.4882879,0.7158648,0.16023003,0.16271259
1.5297153,0.72542804,1.3347192,0.69415903,0.07743456,0.16266787
1.7443583,0.8549567,1.5719998,0.7645271,0.23439507,0.1450951
1.5198144,0.9536733,1.1596177,0.7978602,0.24075511,0.13124199
1.6268526,0.68459076,1.0974767,0.80543727,0.23310038,0.12786521
1.4417636,0.48399743,1.234154,0.81030065,0.3211928,0.13720511
1.459823,0.83025223,1.1828697,0.8270504,0.27380064,0.11387236
1.756603,0.91271406,1.3018479,0.75494325,0.2855185,0.14445749
1.6272757,0.7471502,1.7844622,0.9032902,0.5208788,0.09283207
1.4253124,0.648898,1.2077179,0.7690828,0.20273645,0.14049497
1.6782193,0.7636729,1.1787742,0.80187804,0.26497278,0.12991177
1.5083414,0.6519467,1.2235861,0.77185476,0.28171158,0.14248344
1.632189,0.7877213,1.2627385,0.8055641,0.3263845,0.1353222
1.3825436,0.8023838,1.2143266,0.79034513,0.30138186,0.13623714
1.7901905,0.90243703,1.6539419,0.77630246,0.30749604,0.13673855
1.4529462,0.62069005,1.4273107,0.7352772,0.24239296,0.15793929
1.9869173,0.8351697,1.2843616,0.7354745,0.17011851,0.14921819
1.3144721,0.42972627,1.383028,0.76269585,0.35195804,0.15073466
1.6172004,0.6925728,1.1752098,0.8176654,0.26191416,0.124239616
1.4223895,0.8085743,1.0511873,0.83041793,0.11699928,0.10856471
1.5269947,0.8220486,1.4643104,0.75774324,0.37250212,0.14988282
1.6710902,0.7523726,1.4041843,0.7902892,0.42876586,0.14518975
1.43683,0.6426223,1.2293756,0.7529633,0.19796829,0.14925686
2.083838,0.96016735,1.2548478,0.77385527,0.23003261,0.13794091
1.044019,0.8247002,1.9608407,0.9055087,0.32305196,0.07345044
1.905964,0.76961184,1.5502629,0.78982306,0.42348576,0.13974911
2.1320262,0.9843522,1.3014071,0.73179626,0.21094078,0.16017942
1.146859,0.71373034,1.2719047,0.7990868,0.40633526,0.13712063
1.3161767,0.6348364,1.2966645,0.7343229,0.15360303,0.15701023
1.4693346,0.6890308,1.2954764,0.7396179,0.2720332,0.1560942
1.5703683,0.5448363,1.3563797,0.7866709,0.36409804,0.1410663
1.3716115,0.6438803,1.2201433,0.77102375,0.291011,0.14493974
1.2833059,0.48545295,1.4948282,0.7856854,0.31133506,0.14199427
1.4694331,0.7902504,1.453974,0.7608031,0.34603584,0.14362228
1.5424819,0.67398065,1.3076501,0.75412136,0.2585189,0.1500316
1.4281924,0.83141345,1.3182826,0.75373745,0.19426934,0.14716683
1.6084782,0.99404526,1.3660731,0.8628289,0.75295126,0.123311624
1.3865478,0.98627955,1.4080391,0.699876,0.13707115,0.16953066
1.8759214,0.85867804,1.3789291,0.80425376,0.37756288,0.13592403
1.2354829,0.6072806,1.0594141,0.8410843,0.25018892,0.11089128
1.9230773,0.98703784,1.4692607,0.8119554,0.5236705,0.13862306
1.9759612,0.88281226,1.233922,0.7262032,0.18059641,0.1536065
0.9986064,0.85611117,1.6059811,0.8020846,0.5300016,0.14474264
1.6318368,0.71100485,1.0889602,0.8170156,0.2159775,0.124595195
1.9717796,0.95238364,1.1919107,0.7708963,0.18829453,0.13705325
1.298399,0.5737435,1.4287298,0.8221078,0.45888188,0.13268663
1.4522718,0.5294214,1.3297555,0.7891089,0.33404195,0.13676238
1.7935768,0.86555445,1.4257197,0.74035215,0.24362217,0.15421703
1.3972692,0.62839985,1.367229,0.65240514,0.024536902,0.17777939
1.533276,0.6793989,1.1796901,0.78938305,0.2438363,0.13446574
1.806254,0.97487277,1.2167017,0.7737645,0.30595282,0.14778304
1.6051246,0.9013129,1.15112,0.8037616,0.21693689,0.12646653
2.1325738,0.9811499,1.4611764,0.7763576,0.34446323,0.15018457
1.083984,0.92558616,1.205153,0.78087926,0.25973976,0.133243
1.2262734,0.66954756,1.1677501,0.7653593,0.14131047,0.13660641
1.5948495,0.683554,1.139024,0.80522794,0.19177964,0.122534424
1.4588612,0.7116153,1.24951,0.7767918,0.250165,0.14325388
1.896693,0.7727322,1.3719172,0.7604704,0.42788085,0.16147652
1.7073119,0.73408407,1.18486,0.7979515,0.2776518,0.13359436
1.7446303,0.8671796,1.2700145,0.81470317,0.4844053,0.13317935
1.3399606,0.9897016,1.3396192,0.71632993,0.17962904,0.1685687
1.4925582,0.6562354,1.2177305,0.7293568,0.10050407,0.15043996
0.95397127,0.9086599,1.4617629,0.7218181,0.24064183,0.16359776
1.7920269,0.8610559,1.1699054,0.7432609,0.13206756,0.14211637
1.4591916,0.83621776,1.2972319,0.75985813,0.23589826,0.14191343
1.480979,0.8758137,1.2960813,0.7189872,0.17476831,0.1615429
2.0328686,0.95675814,1.3517497,0.7246812,0.115603946,0.16265157
1.4470357,0.5480059,1.4150949,0.7820265,0.5523785,0.16016762
1.7576678,0.85224134,1.4053004,0.7095206,0.10813385,0.17090271
1.4725327,0.78722686,1.4236908,0.8367362,0.49827877,0.12940732
1.4786514,0.720861,1.4868248,0.7994228,0.39769986,0.1411836
1.4379046,0.74640054,1.405685,0.7043054,0.20785479,0.16554488
1.9608598,0.86221594,1.2650115,0.7403184,0.20138046,0.14946082
1.6458467,0.64989805,1.6950665,0.82561475,0.50997365,0.13083047
1.556531,0.6912649,1.4173679,0.7503469,0.24479012,0.15672444
1.3366432,0.68167514,1.8569534,0.88411856,0.38352913,0.09836735
1.0856192,0.7875403,1.4133799,0.77036107,0.341813,0.15528159
1.684646,0.76784045,1.3464832,0.73158777,0.26217574,0.16571097
1.2160548,0.64604956,1.2716143,0.73627234,0.16482326,0.14919971
1.5745595,0.8244402,1.1560446,0.7721726,0.21873997,0.14008598
1.6305057,0.994395,1.1641338,0.77885264,0.28342336,0.13647914
1.7288762,0.73969734,1.334312,0.78787005,0.36690357,0.13818143
1.5291939,0.52409387,1.2454631,0.7766905,0.27089256,0.13634813
1.3679368,0.510977,1.3916788,0.7476722,0.17984462,0.15942448
1.6382748,0.8911416,1.4245024,0.7820807,0.38011587,0.14508109
1.5249578,0.6695161,1.2695191,0.8114535,0.42065826,0.1416031
1.7302607,0.847386,1.2497704,0.77028984,0.25090128,0.14844894
1.4900835,0.5834663,1.3651645,0.78057283,0.34320092,0.14778341
1.7297893,0.6810515,1.47264,0.79028994,0.45421818,0.14773868
1.1176906,0.81587553,1.4657724,0.75067466,0.31854624,0.15277757
1.5095413,0.54578537,1.4770133,0.7891829,0.49108702,0.132787
1.6510417,0.9200908,1.7708964,0.89410514,0.4133854,0.08304052
1.5628121,0.7321917,1.4936686,0.91471654,0.57071316,0.08657345
1.3297871,0.8975517,1.1897595,0.7774185,0.20710875,0.13426858
1.3923748,0.5813233,1.6491485,0.8429436,0.5562984,0.13395195
1.1837987,0.6069067,1.3274405,0.7539354,0.1909487,0.1541263
1.5068955,0.5466015,1.4842885,0.76706314,0.28898612,0.15698725
1.4723216,0.70398885,1.3914363,0.728792,0.30801246,0.16743673
1.6474907,0.97062856,1.1893697,0.7647481,0.22193615,0.14176735
1.1383463,0.9646457,1.1201642,0.77379596,0.1709952,0.13604498
1.7170147,0.7310878,1.1933346,0.7514372,0.1433407,0.13968693
1.2057319,0.95150715,1.1168346,0.8076029,0.20632227,0.12208432
1.5563455,0.607524,1.2306497,0.7441249,0.13516688,0.14388625
1.1779829,0.78509253,1.4315686,0.8382731,0.64810336,0.14193356
0.8744704,0.99951464,1.1417639,0.7804862,0.17011733,0.13798681
1.5499189,0.5613677,1.3681991,0.79444176,0.3398948,0.14604679
1.8668766,0.75593925,1.2254021,0.7909206,0.27576151,0.13478737
1.773633,0.8544854,1.221456,0.7770962,0.27502322,0.14313205
1.7337102,0.9362237,1.5797114,0.7374699,0.11179328,0.14201815
1.601545,0.9209185,1.3265762,0.7562649,0.26950556,0.15109888
1.0675259,0.8184452,1.4125104,0.7777128,0.26939398,0.14600179
1.1333965,0.6073683,1.363455,0.77342266,0.2712952,0.14588317
1.5034539,0.58149964,1.7639122,0.86137,0.44378954,0.10245849
1.9771731,0.9777102,1.4273019,0.68534,0.029915271,0.1659725
1.83244,0.7361283,1.40101,0.7211323,0.17300327,0.1567605
2.1267009,0.96309435,1.1105325,0.8061655,0.2795841,0.1291983
1.1554954,0.77173716,1.2763321,0.7747,0.3907464,0.14981814
1.7689695,0.8874047,1.7605164,0.84529996,0.42494485,0.11102716
1.9718475,0.87544155,1.3407543,0.74973416,0.25046575,0.14800906
2.03539,0.88592845,1.2094016,0.81235754,0.36078337,0.12898687
1.3793813,0.42134315,1.1821401,0.7602179,0.13847965,0.13892038
1.8595526,0.78649527,1.3283963,0.7819676,0.33172226,0.13824229
1.6857136,0.9867278,1.1811442,0.7864629,0.19370559,0.13305202
1.9420295,0.9459252,1.1596339,0.8186134,0.2629487,0.1273548
1.7644154,0.7617569,1.5253072,0.83563787,0.36854532,0.120210335
1.4134786,0.8177517,1.091947,0.83168256,0.2622376,0.12195218
1.7718145,0.92503446,1.2911544,0.7364461,0.19333112,0.15297902
1.6974057,0.9131411,1.297288,0.76200265,0.33309767,0.14935634
1.8691435,0.8356765,1.2800248,0.7315,0.1433381,0.15320006
1.2265406,0.93778515,1.4125769,0.7381149,0.27366397,0.15630674
1.4802588,0.5275208,1.1926436,0.785553,0.21835902,0.1319834
1.7775722,0.7228069,1.0869901,0.78993547,0.16902769,0.13207056
1.808052,0.97284424,1.5192161,0.81084937,0.44006687,0.13997735
1.0846956,0.88714445,1.5527267,0.80104095,0.5919846,0.14361893
1.3191992,0.43695098,1.4088705,0.7965521,0.44344595,0.14531414
1.3902097,0.45088938,1.733932,0.83525133,0.4523288,0.121099934
1.8744292,0.76532036,1.2915337,0.7317311,0.2195293,0.15511632
1.6965975,0.7563233,1.3900118,0.81882364,0.63598865,0.14417799
1.5022215,0.9098815,1.4052761,0.7026052,0.07773389,0.17048903
1.7948716,0.9028267,1.3647125,0.79622865,0.38832653,0.14045179
1.8992319,0.99032843,1.4678819,0.73791265,0.39484647,0.14963923
1.5406982,0.7477898,1.447463,0.7900119,0.37947112,0.14240624
2.076776,0.9358913,1.2639153,0.7795632,0.28628668,0.13817354
1.5564544,0.82803965,1.2676055,0.7227944,0.11207507,0.15061958
1.7474883,0.9448208,1.5609522,0.81246585,0.4154055,0.13530263
1.3616407,0.7429157,1.5423725,0.743173,0.097125374,0.14193378
1.5339619,0.51545465,1.2900732,0.6864419,0.109589756,0.17315006
1.0538416,0.8837496,1.5863137,0.79518205,0.55312955,0.14039665
1.864483,0.75265783,1.1834941,0.77371764,0.22328559,0.13957784
2.059655,0.9446016,1.3658051,0.7697461,0.30736974,0.14485401
1.5255775,0.5580649,1.421478,0.75233275,0.3111866,0.15222603
1.2029588,0.9790584,1.3721237,0.8198989,0.3614436,0.13493794
1.8041837,0.76475775,1.3815229,0.8574235,0.48508254,0.11570507
1.644944,0.77872366,1.2670434,0.7481072,0.22986268,0.15257244
1.3614388,0.7900222,1.3206861,0.7768574,0.30989808,0.15110293
1.7095234,0.745941,1.0532255,0.8552975,0.24543391,0.10882166
1.8129766,0.8222739,1.5412352,0.81305766,0.39180344,0.13223039
1.0913497,0.881642,1.4800761,0.7091011,0.09855791,0.16519533
1.3405795,0.5927628,1.3816288,0.79028213,0.41375437,0.14233005
1.8604788,0.7500049,1.4925654,0.7448524,0.26529768,0.15741111
1.467564,0.71130973,1.1480079,0.78107107,0.18196294,0.13214794
1.5507977,0.65183014,1.4735148,0.7953184,0.43591723,0.13450219
1.8687643,0.7922167,1.4045227,0.76996607,0.35725674,0.15637475
1.3857673,0.71442485,1.153127,0.76121575,0.15715075,0.13914545
1.7787343,0.9150284,1.4135056,0.7177526,0.21280633,0.15999016
1.364731,0.49596256,1.2270987,0.79698867,0.3917695,0.14204727
1.2964607,0.6814554,1.0482813,0.81186885,0.17346725,0.11992663
1.1898346,0.8089704,1.4239445,0.80527097,0.38153175,0.14632799
1.4106753,0.5211387,1.2530794,0.75132906,0.17633222,0.15484123
2.0825338,0.990965,1.4049065,0.7823002,0.4387503,0.146084
1.0487031,0.760495,1.0957813,0.79880744,0.13706785,0.1236599
1.2838782,0.64619863,1.3770654,0.7904618,0.38502604,0.14853378
1.860065,0.8733577,1.5509295,0.8655963,0.8670006,0.11690549
2.092,0.9565296,1.4960082,0.901525,1.043687,0.10854132
1.1599119,0.88276494,1.2679346,0.73787034,0.15952845,0.1457893
1.2853719,0.52361465,1.2963986,0.768758,0.3253117,0.15470777
1.596062,0.99154526,1.6093259,0.8247023,0.4670307,0.1257581
1.2938145,0.6408943,1.6097169,0.7476212,0.053300463,0.13228668
1.3730432,0.9633239,1.3938208,0.7653218,0.28695798,0.14623536
1.4403156,0.87306345,1.4731574,0.77219045,0.4614624,0.152714
1.2757283,0.719826,1.2783208,0.7858092,0.30230755,0.14326724
1.3669957,0.9487893,1.2256377,0.8322616,0.4504663,0.12122178
1.7215487,0.9408823,1.4857662,0.79487145,0.4851615,0.14148544
1.8357877,0.98548657,1.3483062,0.7077799,0.12084683,0.16384798
1.3576041,0.54368895,1.6531961,0.8164336,0.30628756,0.12662156
1.3709503,0.989288,1.1370966,0.7815337,0.19962773,0.13510922
1.5175258,0.57307017,1.3931947,0.79338,0.42631763,0.13438523
1.6402972,0.8957219,1.7767112,0.8448367,0.36738542,0.099871606
2.068414,0.9064688,1.0997511,0.812385,0.13869536,0.11589474
1.3000314,0.6983721,1.1791506,0.75302494,0.14105791,0.1398928
1.3844823,0.8412528,1.2023046,0.75569993,0.17191124,0.14049941
1.643347,0.9764617,1.3003299,0.7356862,0.25917548,0.15528348
1.5652947,0.5966287,1.2227764,0.7524213,0.2636462,0.14596164
1.4440773,0.71521187,1.3868682,0.7685343,0.31402174,0.15075369
1.1655711,0.59716344,1.1826978,0.8106668,0.3148184,0.12958089
1.369532,0.59405524,1.4114003,0.8174899,0.55643344,0.1251635
1.3750404,0.99358845,1.189198,0.78846586,0.25625652,0.13741276
1.8313642,0.97585547,1.2127087,0.86307204,0.47545016,0.111197606
1.7521116,0.98578477,1.5253422,0.78907454,0.45086628,0.14448783
1.3119687,0.6700402,1.2659822,0.77781755,0.24703637,0.14597668
1.2930394,0.81426823,1.257915,0.74440336,0.22096305,0.15168631
1.44778,0.7780549,1.2580216,0.7739414,0.32781053,0.1441343
1.5697081,0.636622,1.2013118,0.7570287,0.22747917,0.1425412
1.1520169,0.6186336,1.3998435,0.7876239,0.4482702,0.14877674
1.3232964,0.7040373,1.4223702,0.74097455,0.33639944,0.1597279
1.4093486,0.64986503,1.2241738,0.7691206,0.23700047,0.13972846
1.2061677,0.53983396,1.454324,0.7861104,0.44266447,0.14428456
1.6845535,0.95103604,1.3542976,0.7234328,0.20012593,0.1579652
1.3516332,0.7532544,1.4878752,0.7519269,0.26840815,0.15506417
1.5538117,0.6626683,1.1390133,0.8198269,0.20554224,0.122300856
2.146067,0.97866607,1.3602855,0.6921002,0.09688886,0.16981736
1.0891166,0.89499074,1.244148,0.74852425,0.24833463,0.15041709
1.073208,0.99938625,1.1614695,0.86534506,0.47671983,0.1142911
1.5972599,0.5727259,1.3574522,0.7235942,0.18215184,0.1545144
1.4256595,0.52565783,1.4470632,0.77022934,0.45511204,0.15587434
1.4881265,0.6955507,1.1989696,0.8041201,0.25496116,0.13056229
1.9699804,0.86166817,1.5129344,0.7413746,0.3041605,0.15578717
1.7630017,0.7066646,1.2453322,0.8020944,0.36638677,0.14023766
1.6065044,0.8091987,1.2546375,0.7921278,0.47189328,0.15101843
1.6349179,0.8976864,1.4417555,0.8017563,0.36684102,0.1442496
1.8651261,0.9298998,1.7197633,0.7950817,0.19754557,0.12704214
1.3735517,0.5458518,1.3327427,0.74302924,0.24649882,0.15543838
1.365909,0.5332742,1.2373977,0.77625155,0.22389232,0.13390128
1.91549,0.87691385,1.1276864,0.810904,0.20357761,0.12255969
1.2200595,0.8222303,1.151164,0.8156111,0.3572899,0.13079524
1.3722409,0.97507304,1.2117586,0.82506734,0.44230768,0.13373041
1.880223,0.87628406,1.1753523,0.79813546,0.2651331,0.12971538
1.9160353,0.9058227,1.2659831,0.7402196,0.1729014,0.15766698
1.0899397,0.94316787,1.3338268,0.7540674,0.22412802,0.14568165
1.6129947,0.6695005,1.633204,0.8349017,0.36564392,0.13482586
1.1059754,0.73173815,1.5013971,0.8040432,0.41117796,0.13847005
1.6811494,0.95426184,1.3546553,0.7623782,0.37781996,0.15700383
1.8199185,0.8892061,1.420176,0.7841476,0.40617037,0.14360982
2.0620506,0.93762034,1.525564,0.78408694,0.31968614,0.13814378
0.93429065,0.8971987,1.1698697,0.7849084,0.23987223,0.13420981
1.3996211,0.4357809,1.4780693,0.81068146,0.42352158,0.12820968
1.7229244,0.8516835,1.1415539,0.8094751,0.25595883,0.12896991
1.5844879,0.785782,1.2339118,0.81229013,0.39205223,0.13415952
1.9031876,0.8327305,1.5647838,0.8067642,0.3011436,0.13645379
1.741773,0.72823507,1.2623687,0.7662575,0.41953522,0.14823136
1.3516209,0.5111881,1.3436289,0.79785657,0.33303133,0.13405809
1.7979033,0.7085687,1.6279838,0.8189581,0.3760165,0.12093021
1.6535708,0.63376504,1.3659477,0.73495495,0.26405177,0.16920252
1.3181425,0.8690809,1.4078374,0.7815583,0.4927645,0.14660618
1.3257668,0.42330685,1.6168926,0.8512105,0.50134194,0.113795616
1.3148422,0.4252706,1.1001105,0.8073594,0.27565178,0.13328932
1.5033895,0.6267054,1.4279468,0.71037006,0.233199,0.16657437
1.7401985,0.6705083,1.21457,0.7681146,0.18309078,0.144601
1.4040474,0.77931416,1.4631002,0.73912114,0.24613613,0.15302186
1.5042063,0.5990248,1.1757128,0.8059916,0.22221342,0.12635079
1.4765893,0.7251855,1.3904283,0.68924564,0.094244994,0.16980205
1.432943,0.7179537,1.3638134,0.80484915,0.36102223,0.13144478
1.3643512,0.62596637,1.2593424,0.75453985,0.21628134,0.14604427
1.3973614,0.8354731,1.1908233,0.81658894,0.44958743,0.13111545
1.7513268,0.8271819,1.2372539,0.72661763,0.123099394,0.1500489
1.5113446,0.59063125,1.4607201,0.7904806,0.3301069,0.1415399
2.0093203,0.85867506,1.4648545,0.7412565,0.26485023,0.1538029
1.1808406,0.890713,1.5120742,0.7309613,0.17374383,0.15030035
1.2407488,0.5095094,1.4289238,0.72517484,0.16158535,0.15281872
1.5152949,0.5891201,1.2105997,0.73857456,0.20125295,0.14965625
1.4833187,0.6442453,1.2223611,0.7631266,0.21256779,0.13951674
1.3209524,0.5492925,1.2725427,0.82243186,0.44344187,0.13342534
1.4990802,0.61080146,1.4337687,0.7835125,0.34498027,0.13954937
1.6139886,0.7700953,1.2822995,0.8047889,0.49322057,0.13979828
1.7362136,0.8078038,1.2246926,0.78139406,0.28942594,0.13197358
1.1648,0.9555518,1.4015839,0.79575014,0.51538783,0.14866114
1.0358329,0.9934505,1.3505862,0.7751322,0.35498065,0.15877055
1.3110204,0.5811777,1.1221061,0.81104153,0.21779387,0.12636107
1.273122,0.7212208,1.5660715,0.8189536,0.3545568,0.13927655
1.7566437,0.94424415,1.4267144,0.7073524,0.10516958,0.1552563
1.3887355,0.8556213,1.4459698,0.70963085,0.17937237,0.17157824
1.8678365,0.81548846,1.1508691,0.8070622,0.21867996,0.12553893
1.117009,0.6465738,1.3209176,0.7523986,0.24103542,0.1512875
1.5059683,0.8910676,1.5609832,0.80971944,0.37742215,0.1280516
1.1297718,0.6682285,1.431124,0.81742567,0.5309341,0.13954149
1.7535032,0.6594684,1.2146525,0.83069336,0.37389335,0.12728766
1.9875664,0.9001698,1.9408858,0.8775435,0.15692157,0.07508046
1.4135419,0.6340441,1.2029729,0.75740266,0.15181853,0.14104488
1.2591381,0.47232354,1.5478666,0.7796017,0.37641668,0.13318302
1.6987995,0.84548515,1.2444851,0.69832337,0.031983867,0.14956124
1.280853,0.57490015,1.3112345,0.7330481,0.20098183,0.15445945
1.3442153,0.6592239,1.450119,0.79228467,0.4238038,0.1294408
1.4188895,0.6853036,1.4514894,0.7799932,0.31739768,0.14662744
1.3110033,0.8271934,1.5277491,0.7847234,0.48028946,0.17182069
1.0169064,0.90950423,1.2385902,0.7497937,0.2169051,0.14740452
1.4855611,0.48101634,1.4467416,0.7628562,0.25087497,0.14171387
1.7029617,0.6298168,1.3223486,0.72926617,0.1697112,0.1549485
1.7927842,0.98706704,1.2653656,0.8024757,0.25682333,0.1331777
1.5559913,0.5246168,1.3719974,0.74468863,0.28669083,0.16441157
1.2703512,0.56035626,1.496464,0.79732513,0.36514437,0.14615056
1.3496957,0.43202138,1.437619,0.74449855,0.35296434,0.15996228
1.4275582,0.762626,1.3111544,0.71433413,0.15423797,0.15801495
1.5208839,0.51474625,1.3566306,0.7299385,0.33643422,0.16547906
1.2559386,0.6229775,1.437779,0.79436237,0.44435927,0.14669862
1.2196572,0.83609885,1.582381,0.79152226,0.37104282,0.13500142
1.5717747,0.5692837,1.5970154,0.8697111,0.699847,0.11498448
1.6539929,0.98672795,1.2807193,0.8088727,0.3941781,0.13327852
1.8067522,0.89339817,1.4080782,0.8139655,0.46486336,0.13211653
0.9764664,0.9489096,1.264853,0.7643287,0.28800488,0.14867574
1.1146578,0.86983055,1.2410016,0.8208265,0.40549344,0.12464407
1.2765032,0.6341247,1.2807,0.80476606,0.32128683,0.13148375
1.068634,0.8744558,1.3693316,0.80420786,0.5251627,0.1441052
1.3546207,0.46823114,1.2718413,0.84205943,0.5699922,0.12501079
1.7288135,0.8964606,1.2461116,0.7610146,0.2563391,0.1519164
1.1623508,0.98640764,1.0838113,0.81617635,0.16154072,0.11727513
1.6034349,0.9191595,1.0460482,0.84995985,0.18287982,0.10899142
1.0530053,0.75924087,1.060035,0.8009822,0.18606617,0.124556765
1.2586043,0.5482149,1.3983147,0.7305653,0.23948014,0.1596237
1.5202914,0.5951263,1.5051851,0.7327007,0.20218684,0.1574523
1.9401555,0.99029547,1.345231,0.7437608,0.2677689,0.16035914
1.855664,0.7799006,1.5220196,0.7452599,0.2543156,0.14626825
1.5161353,0.5262593,1.5697193,0.774914,0.3610631,0.14233111
1.2568017,0.80933094,1.3879375,0.7277421,0.28664434,0.17542925
1.2691929,0.6468485,1.1303532,0.80395484,0.22952741,0.13225266
1.5453056,0.6296064,1.3569002,0.6623822,0.040158752,0.18448058
1.5859001,0.55920756,1.4468083,0.7664523,0.3717603,0.15027706
1.8208079,0.83769923,1.7257397,0.85809547,0.65242106,0.12063973
1.7746974,0.9984943,1.4121482,0.7711844,0.28845567,0.14388731
1.996087,0.8596893,1.5085094,0.79823405,0.41322163,0.13453123
1.2640302,0.93012094,1.3872418,0.78986466,0.34555182,0.14054912
1.9880162,0.9369678,1.3517842,0.7593036,0.38896075,0.15319486
1.5181074,0.6787892,1.4615116,0.74924564,0.2728305,0.14842476
1.4578425,0.6235193,1.372407,0.797551,0.5196073,0.15579899
1.6010749,0.75464594,1.1702225,0.8350798,0.31417197,0.12201061
1.8607024,0.9219558,1.1500952,0.81725234,0.30200142,0.12682731
1.455362,0.95636696,1.1943722,0.7605245,0.1848655,0.14193502
1.5583485,0.54954505,1.2868307,0.79899865,0.30591267,0.13291733
1.3415148,0.41552725,1.3497105,0.7232182,0.2192533,0.159685
1.2247714,0.5586343,1.308099,0.78946763,0.33052346,0.14120786
1.6835687,0.79696965,1.1313062,0.8174332,0.2755498,0.12410771
1.5174367,0.5363094,1.5475976,0.80773175,0.49449062,0.1485431
1.2468116,0.67810905,1.1704454,0.787777,0.25733745,0.13565394
1.6989708,0.6832414,1.2788126,0.7563366,0.29326263,0.15043822
1.0756161,0.9650098,1.3708365,0.7435827,0.3131898,0.15942967
1.2936853,0.4634733,1.4660437,0.74812263,0.3225796,0.15767652
1.3133912,0.54941636,1.3098581,0.74725306,0.2598786,0.15718266
1.7062176,0.6221161,1.1714892,0.8015693,0.21880546,0.1280529
1.4312432,0.5489962,1.2184012,0.7734115,0.24467026,0.13869372
1.7623701,0.74698836,1.2845016,0.81391364,0.34363487,0.13492492
1.7110205,0.83328843,1.1241665,0.78937835,0.19149286,0.13034832
1.1031818,0.6448718,1.2205493,0.82732415,0.38610804,0.13623586
1.3451242,0.9769592,1.3913348,0.74400884,0.2777266,0.15063395
1.1377593,0.84030277,1.4337342,0.7764538,0.32122484,0.15121707
1.7757256,0.7154086,1.5560322,0.79065925,0.391423,0.14370121
1.5896034,0.8214715,1.177073,0.7851174,0.2808893,0.14324252
1.5217493,0.5999306,1.1917226,0.80861026,0.30878824,0.12904248
1.5927331,0.82388073,1.5375049,0.76072115,0.16343354,0.13589363
1.792233,0.9685944,1.4086154,0.75876087,0.26320687,0.14883222
1.242241,0.90737456,1.3860402,0.7119507,0.21128823,0.17036098
1.366493,0.47062048,1.3662236,0.7604582,0.31051445,0.1565385
1.7071178,0.9122148,1.6344202,0.84883744,0.56815875,0.11832751
1.4534919,0.87384766,1.4113543,0.7264052,0.25985226,0.16605616
1.7352759,0.82867104,1.0725194,0.82613814,0.14942805,0.11625226
1.6242917,0.6906666,1.9077213,0.85269904,0.07463245,0.079752445
1.098904,0.634889,1.3675988,0.8070741,0.42152882,0.13799617
1.91111,0.962864,1.3907828,0.77266854,0.31095883,0.14965639
1.3683532,0.78596056,1.2300279,0.7369267,0.14074235,0.14811525
1.359156,0.7253083,1.5574589,0.8082019,0.43636718,0.13294193
1.596514,0.59610754,1.3489909,0.6831998,0.13577391,0.18164173
1.0056477,0.95758957,1.1757131,0.8254007,0.29501534,0.12582432
1.8372877,0.73393875,1.3035345,0.75601006,0.3401953,0.14950955
1.1303636,0.59616494,1.1939147,0.82518506,0.26687276,0.11808367
1.4754068,0.99633133,1.6577699,0.7668581,0.14810655,0.13344713
1.6893198,0.81403935,1.3198287,0.75879604,0.36890993,0.15473318
1.9620389,0.9487512,1.3880229,0.8216569,0.58084244,0.1342892
1.7559276,0.9555133,1.2279398,0.78338546,0.30642167,0.14347018
1.3917292,0.44627953,1.07788,0.79859805,0.15920223,0.12546495
1.7419318,0.70497483,1.451822,0.77257526,0.31029457,0.1502993
1.1420795,0.74029094,1.3326652,0.87382483,0.49034426,0.108853646
1.306478,0.74322736,1.5322013,0.7639864,0.3015842,0.14635447
1.7816089,0.9894918,1.3972671,0.7887943,0.31634188,0.13656136
1.8905624,0.90692866,1.4520276,0.77840686,0.3683036,0.15069582
1.1662852,0.9787201,1.4964914,0.7586563,0.28683728,0.14640653
1.4185594,0.45706683,1.3416998,0.7719988,0.33229485,0.1507178
1.2994727,0.63906604,1.4133496,0.78398204,0.31588092,0.14188656
1.967236,0.8581485,1.1685684,0.7808845,0.24113289,0.13428721
1.2611958,0.69398975,1.2974052,0.7845566,0.32343546,0.13463353
1.2673324,0.95249546,1.5661578,0.864456,0.6885672,0.12572119
1.6317744,0.8585512,1.5333385,0.7621613,0.24525763,0.14188774
1.6934952,0.8564876,1.4956505,0.7631397,0.38642102,0.14882413
2.0135024,0.98782605,1.2295296,0.77743554,0.16116801,0.13301264
1.4368637,0.50694793,1.1588662,0.73646295,0.104135916,0.1418607
1.9915955,0.8401446,1.2822506,0.71405107,0.14636359,0.15659241
1.3272482,0.75702596,1.2243929,0.7528757,0.2367715,0.14585014
1.2526313,0.90045685,1.6104262,0.76206815,0.23611118,0.14439519
1.43426,0.6784729,1.6590486,0.8302348,0.6154393,0.12835601
1.014066,0.882929,1.3905661,0.7627492,0.31648645,0.14976498
1.3132186,0.5891996,1.5972836,0.7954598,0.29331627,0.124289095
1.8294591,0.7537607,1.5068529,0.74164057,0.22041664,0.14779067
1.151318,0.86539644,1.3885629,0.7854062,0.3578889,0.14417103
1.7967268,0.9840979,1.1945603,0.84328836,0.4019814,0.1156221
1.6674782,0.76559496,1.5361247,0.7755657,0.43389574,0.14032605
1.1986027,0.5952646,1.5747762,0.8236428,0.5626826,0.13630071
1.6129774,0.81499,1.4499776,0.8144352,0.49102443,0.1257363
1.3916689,0.4809422,1.4863832,0.7124163,0.12144289,0.15411592
1.5078508,0.80204517,1.3642542,0.75057566,0.3345004,0.14877106
1.4445378,0.46977705,1.2533731,0.7249727,0.16729794,0.15651466
2.103337,0.993216,1.4290078,0.8021955,0.48479903,0.15217334
1.1194166,0.84509546,1.3940871,0.8051981,0.36023527,0.13747713
1.2648934,0.6532505,1.2042551,0.7773325,0.24282487,0.13714217
1.3393049,0.82689244,1.5277166,0.7162585,0.03570191,0.14787921
1.8901726,0.87463915,1.1853247,0.8193226,0.2748512,0.122828156
1.3074803,0.6392516,1.5013888,0.77360684,0.34709924,0.13732904
1.9298992,0.9158858,1.4254806,0.7908393,0.4495264,0.15039843
1.8938007,0.99988556,1.3434536,0.810258,0.43703082,0.13891
1.7432398,0.7064236,1.4460604,0.79495734,0.47504148,0.13678297
1.2753603,0.58997786,1.4019389,0.7136793,0.13846938,0.16058092
1.5533167,0.5501588,1.265414,0.72365224,0.15624672,0.15743218
1.1092294,0.9261406,1.148488,0.75645316,0.14563702,0.14412561
1.839902,0.7623469,1.3298583,0.77702236,0.3376466,0.15525927
1.104009,0.69010025,1.9413369,0.9007345,0.2634841,0.07555473
0.98058766,0.93826306,1.8667176,0.90529937,0.5225052,0.088178486
1.6240842,0.86193025,1.2207112,0.76376516,0.19306846,0.14272092
2.0296698,0.93769395,1.7930803,0.86130667,0.3190918,0.094051935
1.9082687,0.78451115,1.3347197,0.74122083,0.28466994,0.16081977
1.7468787,0.90675056,1.2279062,0.69569826,0.06658997,0.15587145
1.3851721,0.81617135,1.311465,0.7172944,0.14288037,0.1617584
1.7104726,0.6807653,1.2837493,0.7009002,0.035885353,0.15113863
1.1213186,0.7607203,1.5445416,0.8593742,0.6040065,0.117521256
1.4967992,0.74377286,1.2938557,0.8187634,0.44573307,0.13193989
1.8944,0.81967795,1.4670308,0.7488069,0.28145027,0.16266418
1.176138,0.7849667,1.2593663,0.7319837,0.13570859,0.1486031
1.4853469,0.54773885,1.3355813,0.8213633,0.40406367,0.13341478
1.3588427,0.510897,1.4615386,0.7808317,0.4916725,0.14671922
1.1310889,0.8921383,1.3146224,0.7265664,0.23492825,0.1651552
1.4505066,0.67065626,1.2990975,0.8164591,0.6222416,0.13731949
1.3732544,0.6038301,1.5914776,0.78289354,0.2797772,0.13482106
1.7037241,0.74462247,1.3972945,0.80165863,0.39626884,0.14563128
1.5623627,0.8253624,1.387142,0.73213285,0.37696168,0.16238281
2.0122545,0.9356987,1.3438075,0.8136925,0.45309794,0.13497773
1.4822304,0.51475894,1.1090145,0.78625816,0.15269127,0.12724012
1.823002,0.83031094,1.1902294,0.7844627,0.24456792,0.13510402
2.0706706,0.9150295,1.181382,0.74612087,0.069398925,0.13379194
1.8982824,0.8429259,1.4351625,0.80470663,0.53083134,0.14210732
1.4853286,0.82616407,1.4756057,0.75629467,0.29325244,0.15018794
1.6064762,0.70990247,2.14615,0.9779267,0.16565341,0.042393595
1.1462213,0.6696495,1.2211139,0.7529779,0.1811702,0.14387535
1.6698623,0.6072148,1.2378771,0.7952962,0.28479573,0.1380541
1.1826742,0.69348055,1.3453991,0.8199907,0.4103096,0.13704617
1.3070847,0.89284456,1.5962822,0.86019814,0.7627775,0.12201919
1.0933276,0.8816599,1.5880904,0.82629853,0.5572297,0.13351165
1.1354734,0.9165842,1.3847902,0.6708635,0.06466898,0.17191665
1.9940826,0.9752988,1.5146244,0.8448313,0.68103534,0.12896165
1.2292595,0.5360186,1.223459,0.72772264,0.06404791,0.1436293
1.6903477,0.7741025,1.4120934,0.72776306,0.18042345,0.15564153
1.5752269,0.8956033,1.6656923,0.8459375,0.71346956,0.123119436
1.4241618,0.68619144,1.865547,0.8510401,0.06569961,0.08421022
1.7127398,0.7066738,1.4353173,0.76049376,0.36879325,0.15306424
1.2269652,0.5189506,1.2998507,0.73658955,0.23940238,0.15362044
1.8300812,0.9536872,1.3073545,0.7875715,0.36068895,0.14596875
1.446282,0.6219762,1.4149992,0.7734126,0.43280742,0.1710564
1.8503783,0.9234474,1.331039,0.73780143,0.23562719,0.15490417
1.3118334,0.5497587,1.2636755,0.81927764,0.34818327,0.12830047
1.9598002,0.9434138,1.2864783,0.8005059,0.36010686,0.14262553
1.2545964,0.667238,1.2865064,0.7775318,0.25926992,0.14762281
1.3351084,0.95415884,1.5149443,0.75882375,0.31889915,0.147203
1.3719592,0.91188127,1.3216891,0.7849585,0.37983274,0.14451157
1.0409334,0.88477266,1.2771246,0.79014426,0.4367258,0.14309955
1.1205932,0.69935983,1.3284614,0.75354856,0.28474173,0.14876075
1.440519,0.48965302,1.2424185,0.791818,0.3333527,0.13785304
1.3364028,0.8970407,1.371778,0.7176149,0.24320765,0.17851187
1.3487939,0.6552736,1.1158352,0.80670005,0.1930545,0.12571202
1.3021797,0.66373783,1.4456677,0.7843678,0.28816614,0.13954923
1.4178374,0.8390444,1.1698196,0.74424183,0.11916727,0.14187631
1.5120175,0.69564295,1.4489403,0.7654833,0.35543114,0.16231969
1.5417862,0.6388335,1.3537934,0.741274,0.32331026,0.16325249
1.7053653,0.6869377,1.2213225,0.83039844,0.40198594,0.13103656
1.993596,0.9621135,1.2216501,0.759009,0.23023489,0.14356624
1.5961725,0.81999177,1.3959973,0.6903435,0.103346735,0.16607678
1.624475,0.71537197,1.4621532,0.8005846,0.47758472,0.14064096
1.9290003,0.88073325,1.2895772,0.719145,0.2258407,0.16280058
1.5768548,0.58749384,1.1063585,0.7867553,0.14896208,0.12613313
1.2283171,0.53556836,1.2391827,0.74661505,0.19649902,0.15213683
0.95173687,0.8685948,1.2104964,0.8259312,0.25682268,0.122210905
1.3691193,0.5978752,1.3357203,0.79274064,0.39448386,0.13498838
1.01739,0.9762502,1.3103006,0.80240494,0.3664873,0.13964969
1.4776556,0.6125101,1.3262501,0.8300259,0.42037737,0.12515838
1.8565042,0.9370746,1.7900629,0.86595637,0.3489823,0.09886962
1.5879236,0.73551553,1.4062726,0.72773665,0.25254762,0.16075629
1.4013307,0.94494367,1.2089365,0.7499145,0.17313729,0.14177644
1.2621557,0.52981496,1.2296329,0.77020967,0.27358097,0.14436562
1.5560659,0.99128485,1.4089785,0.79294366,0.37932554,0.14485283
1.3653206,0.5368776,1.2233377,0.8009495,0.31910044,0.13768986
1.2009325,0.71733314,1.1743907,0.82749295,0.4170724,0.12951532
1.4277261,0.99523556,1.3958666,0.78053457,0.31242603,0.13804668
1.533548,0.8559537,1.4363239,0.7727942,0.38107103,0.15574397
1.1309288,0.78261936,1.2062199,0.79516226,0.23857552,0.1340338
1.9773017,0.9861661,1.4667621,0.77389234,0.33443868,0.15803005
1.6524597,0.8199272,1.3042047,0.7654184,0.2766878,0.14728516
1.256029,0.47712517,1.6466398,0.8219191,0.3396184,0.11088387
1.7504284,0.657719,1.4598329,0.78686893,0.4720856,0.14530076
1.5957268,0.9719299,1.3962932,0.7622039,0.2836357,0.15116332
1.2852705,0.7846244,1.2966032,0.7867757,0.37376904,0.14087954
1.5559677,0.7713152,1.0945604,0.8199058,0.16676877,0.11841279
1.2285922,0.805762,1.6332042,0.80131984,0.37300736,0.13041952
1.398132,0.51534986,1.470459,0.7357892,0.18947048,0.1599184
1.7408295,0.6637432,1.3267403,0.79739624,0.4084463,0.14714006
1.6086984,0.70271456,1.4431243,0.7683667,0.36184004,0.1581756
1.2662209,0.57336164,1.2755237,0.8122506,0.41750523,0.13454789
1.2688116,0.80313253,1.8616891,0.8971457,0.33200786,0.08188278
1.7071012,0.78464985,1.3231614,0.77997744,0.3482463,0.14919715
1.5127525,0.95438427,1.6290562,0.85590357,0.5015122,0.123674706
1.5059465,0.83635354,1.2427859,0.7850302,0.28884557,0.14036272
1.5787026,0.61030394,1.2681746,0.7766298,0.37986183,0.1520563
1.1332582,0.9858698,1.3103845,0.74465364,0.19209376,0.15117855
1.6518669,0.60793686,1.4789331,0.81164503,0.5266094,0.14167364
1.2818629,0.79597646,1.219826,0.77612734,0.3024073,0.14003477
1.4176989,0.69909364,1.3406508,0.77222836,0.31314528,0.14909607
1.2163353,0.7633944,1.259589,0.74563754,0.19180764,0.14688957
1.6576614,0.92185295,1.7397561,0.7998442,0.15380998,0.117880784
1.72788,0.7503619,1.1542814,0.74425465,0.13287139,0.14140731
1.3415792,0.63728535,1.4058232,0.74417615,0.2976423,0.15272696
1.2397035,0.8203054,1.3544376,0.80853564,0.40654528,0.13101508
1.1074567,0.896554,1.3510678,0.77543306,0.4028632,0.15084265
1.4525524,0.6600372,1.3080592,0.78811705,0.394357,0.14638446
2.0837488,0.99818116,1.5044453,0.8534747,0.5884235,0.12581389
1.794605,0.68947047,1.4205205,0.72277796,0.19047637,0.16036694
1.7852591,0.68346024,1.5120134,0.72848177,0.12738794,0.15354389
1.3152919,0.816633,1.2273009,0.7709273,0.209155,0.14094125
1.6728278,0.6707866,1.3161659,0.84711325,0.5770263,0.122117236
1.2966009,0.4439677,1.3949525,0.75394624,0.23473978,0.14866616
1.2350171,0.89320475,1.0789452,0.8268749,0.12832223,0.10702886
1.2605426,0.5990285,1.2662232,0.7982126,0.32310018,0.13273816
1.9224783,0.9389892,1.2962899,0.79541904,0.35370505,0.13642924
2.060787,0.90210813,1.2142999,0.74129033,0.19169058,0.1549745
2.0290997,0.9324738,1.3478174,0.7909429,0.35797802,0.14080316
1.418861,0.91605395,1.1600138,0.79350454,0.20701794,0.1322603
1.5071776,0.8287537,1.1920388,0.7614722,0.1939826,0.14235622
1.2439077,0.6488145,1.8475084,0.90715176,0.44470182,0.08530221
1.3869233,0.45181173,1.137825,0.77704823,0.15957603,0.13116077
2.0943317,0.97190034,1.259892,0.7977428,0.32918817,0.13234296
1.3612247,0.85061246,1.247092,0.7940869,0.37734434,0.13731787
1.5104247,0.5108043,1.4581051,0.7728925,0.31742433,0.15142141
1.0598444,0.8817171,1.4109733,0.7762024,0.33488324,0.1523995
1.5693506,0.63855106,1.3200653,0.7274857,0.20934327,0.15847099
1.2577889,0.9124443,1.4430089,0.6919931,0.1203689,0.17370513
1.7324249,0.72602886,1.2783847,0.76606226,0.30303967,0.15550706
1.6932645,0.648118,1.280997,0.7511004,0.29555124,0.16108069
1.9704794,0.90496886,1.4241297,0.7506843,0.29091206,0.15673034
1.3979716,0.9714539,1.2464526,0.7548769,0.1975403,0.14129494
1.6564673,0.9448427,1.3728855,0.78705215,0.42243004,0.1503936
1.9682143,0.82501787,1.2165492,0.75837046,0.2070092,0.1422496
1.9912194,0.86742204,1.1861932,0.80378497,0.25646925,0.12643671
1.5754577,0.58424973,1.1479611,0.7827435,0.16264999,0.13295726
1.9145743,0.91585153,1.3083048,0.7910241,0.31438103,0.13797504
1.7470409,0.68010247,1.3284626,0.8241544,0.8092371,0.13711175
1.5722625,0.54669636,1.2404587,0.77419555,0.21002279,0.14140372
1.2229224,0.56315595,1.2214036,0.81648654,0.3107919,0.12410054
1.5775069,0.86878484,1.3253567,0.8720104,0.6604361,0.11837019
1.2079011,0.8625734,1.5287461,0.78879684,0.31126755,0.13309729
1.1553551,0.578891,0.9929878,0.85207593,0.09580641,0.09585338
1.1813172,0.8309343,1.3877425,0.800252,0.7491855,0.16260825
2.0917923,0.9806483,1.1759324,0.76422185,0.16918471,0.13931935
1.7687832,0.7819453,1.2989378,0.8038372,0.39278254,0.13966295
1.7852647,0.7138252,1.1935666,0.72310704,0.040320046,0.14022635
1.5702995,0.64393014,1.5183098,0.77445036,0.4356833,0.14773114
1.1671857,0.60197544,1.4617836,0.8075045,0.3984009,0.13022502
1.5577075,0.5361922,1.6331267,0.81187576,0.4983967,0.13695455
1.6154178,0.70869374,1.2838802,0.80155367,0.35411996,0.13317427
1.8838024,0.81520087,1.4393611,0.7520842,0.29922062,0.15154837
1.8448838,0.9687226,1.1671169,0.8087763,0.33344436,0.13094215
1.243641,0.7027917,1.2030597,0.7557142,0.18675575,0.14804947
1.3149823,0.4398937,1.2362742,0.7788279,0.2557536,0.13999607
1.3160083,0.75351673,1.5099823,0.80695266,0.5468858,0.14007849
1.2722651,0.6750453,1.4838533,0.806221,0.5071387,0.14771037
1.436579,0.7899288,1.1987274,0.7689018,0.25414342,0.14156991
1.1043099,0.9704216,1.564199,0.82337123,0.60737157,0.13120921
1.5278642,0.73708194,1.4224815,0.7859707,0.39247125,0.14469306
1.3223436,0.9377563,1.3910592,0.73629856,0.26548433,0.15694702
1.2694882,0.84833807,1.4618208,0.81338197,0.59756136,0.13875939
1.8517227,0.92111063,1.6257651,0.86724997,0.5743968,0.11331827
1.603426,0.567057,1.3596091,0.80814254,0.4324988,0.13694583
1.4874145,0.62621266,1.3747613,0.80865914,0.37491423,0.13996519
2.0332956,0.98066956,1.3725085,0.7625116,0.33030257,0.158597
1.55598,0.60415345,1.4003356,0.7661111,0.29416075,0.14120933
1.4964564,0.5854069,1.3804045,0.67976713,0.0909087,0.17469168
1.435151,0.8459499,1.3668952,0.7805018,0.36371002,0.14710626
1.7935212,0.78302866,1.1421976,0.79308933,0.27959347,0.12959626
1.3429589,0.41091517,1.6208363,0.7962206,0.3249217,0.13376828
2.051222,0.8904772,1.4088635,0.7089368,0.13367553,0.16932912
1.3661126,0.81359184,1.1219447,0.7825349,0.18403612,0.12771559
1.7943847,0.8674559,1.2893066,0.79850215,0.3402788,0.13373955
1.4416963,0.84754556,1.2332706,0.7428738,0.14728926,0.1429975
1.4748175,0.7906874,1.4510603,0.7643765,0.39062673,0.1616602
1.7792389,0.9292635,1.7629309,0.85576177,0.3419494,0.09892075
1.0934296,0.69672364,1.2537494,0.74735963,0.21480875,0.14670116
1.3776493,0.44560343,1.4578183,0.77440274,0.5057145,0.14799123
1.6506212,0.99462193,1.1230495,0.7989808,0.19724275,0.12537678
1.1208535,0.63971007,1.4466748,0.7820344,0.27093488,0.13447352
1.4690143,0.8725074,1.549113,0.722574,0.042029854,0.14245132
1.3577665,0.46716002,1.4405532,0.84070927,0.5868536,0.13261956
1.5560744,0.54785764,1.290283,0.7956578,0.3227099,0.13779478
1.1233222,0.88567036,1.0759165,0.79874676,0.16103582,0.1203205
1.9198899,0.8801772,1.2957695,0.7091031,0.10043924,0.15631042
1.7578106,0.94151276,1.5368571,0.78047425,0.5358432,0.15506795
1.4851019,0.5856514,1.581728,0.8343567,0.350488,0.11234799
1.1934389,0.64424753,1.4848328,0.792769,0.37803337,0.14502107
1.1887527,0.9959103,1.4904864,0.7454152,0.20574318,0.15229397
1.5490699,0.72025704,1.5575163,0.794892,0.432748,0.14950864
1.9812077,0.99876153,1.3446393,0.7875152,0.51008946,0.14866771
1.3021117,0.92969877,1.2748883,0.7757604,0.35383195,0.14479798
1.2071018,0.84081286,1.3048482,0.78044426,0.34691298,0.14704448
1.20815,0.5735377,1.2499685,0.78239524,0.22537966,0.13591474
1.5396756,0.53354335,1.1835651,0.7934819,0.30867743,0.13239984
1.1530304,0.7027025,1.313437,0.77129066,0.40711626,0.14218177
1.2709572,0.6811466,1.6561294,0.79937214,0.23577352,0.11746594
0.9618177,0.8837642,1.0879443,0.82064605,0.19341455,0.11494753
1.1931531,0.92654663,1.2130616,0.7522154,0.23681468,0.15357326
1.2072583,0.5313554,1.428849,0.7987922,0.41004154,0.14754148
1.887062,0.9416788,1.4287202,0.8027336,0.4587072,0.1498787
1.3806268,0.8371715,1.0435503,0.80401856,0.091412365,0.11487323
1.5650703,0.9395436,1.5667922,0.8191563,0.45967564,0.1282098
1.4923937,0.92737764,0.9897086,0.8759402,0.20415938,0.097978994
1.7194403,0.64614254,1.238687,0.73805696,0.1840501,0.15211666
1.6072186,0.7686986,1.3071184,0.73270637,0.16237529,0.1495213
1.95603,0.81461,1.4946218,0.7903151,0.44236195,0.15188624
1.7261187,0.93513477,1.3287482,0.7967916,0.36086944,0.14101902
1.2037313,0.51958084,1.5050366,0.7776652,0.39634827,0.14713536
1.4211764,0.8440975,1.4159615,0.78365946,0.45370272,0.1448598
1.4446461,0.69926196,1.6675456,0.8034331,0.3466752,0.12741333
1.4886392,0.6689621,1.2955706,0.75779027,0.32223144,0.1540988
1.3573492,0.57578313,1.5717115,0.8296107,0.41421396,0.1196087
1.6461115,0.63195646,1.0071466,0.86913675,0.19631049,0.1029812
2.0339086,0.88767874,1.3470905,0.7694216,0.3767632,0.14955689
1.4000832,0.7489199,2.0697136,0.9578528,0.3361243,0.060626674
1.5457636,0.78561044,1.4000089,0.66200423,0.03591854,0.17179687
1.1787555,0.8658474,1.204673,0.7361386,0.15013596,0.15279768
1.8623968,0.7632686,1.063,0.8265116,0.23838723,0.12244115
1.5197272,0.55083257,1.2907586,0.76041085,0.2629658,0.1462857
1.1748133,0.9777979,1.3117445,0.7927845,0.5310672,0.14172813
1.6539811,0.79217327,1.6570294,0.85648566,0.64507806,0.12282049
1.8967938,0.8630889,1.5197835,0.79433644,0.43583393,0.14067419
1.3900638,0.4299535,1.4323685,0.80085856,0.47318372,0.14555943
1.7034104,0.98422545,1.1299903,0.7931219,0.23261555,0.13595214
1.2938162,0.907479,2.0017698,0.92777604,0.2771014,0.06395633
1.448016,0.70344627,1.5125995,0.8037585,0.43534964,0.13827604
1.2075772,0.74956447,1.0544024,0.8549867,0.3225653,0.11272261
1.3757323,0.5235085,1.2817371,0.7562147,0.2288234,0.14508176
1.7518591,0.7719865,1.3419065,0.7184134,0.16579361,0.15995683
1.9126312,0.9498879,1.1150312,0.81156,0.22800253,0.12851867
1.3319877,0.41374588,1.4889407,0.75459707,0.2864588,0.15480848
1.2899115,0.5798826,1.2265906,0.76259893,0.2681988,0.147853
1.4931056,0.52208924,1.3605301,0.68741477,0.09964129,0.16646111
1.2985474,0.75982267,1.4448051,0.792,0.4198281,0.14623813
1.5559773,0.5453196,1.3600559,0.7519698,0.20733188,0.14908597
2.0496974,0.9479142,1.5167506,0.7929357,0.53150266,0.1415336
1.7317097,0.9878296,1.4036441,0.72893417,0.3076265,0.17457488
1.5765011,0.6722155,1.326654,0.7362461,0.24695772,0.15865855
1.6102238,0.905078,1.441062,0.74514973,0.3045778,0.1565167
1.6620978,0.76622343,1.3329606,0.7794899,0.3253927,0.13957961
1.4956691,0.6562806,1.24457,0.77764535,0.29128733,0.14284371
1.4802306,0.90528846,1.2684953,0.75473404,0.26440153,0.14939646
1.3341657,0.66864425,1.2601926,0.79863566,0.35605788,0.13666989
1.5309074,0.8720331,1.3076744,0.7522489,0.24768391,0.15587482
1.1773708,0.93188703,1.7616596,0.84525424,0.4200824,0.10876738
2.0061874,0.9906789,1.6424048,0.8152133,0.5476154,0.14342913
1.5850767,0.8195966,1.1364558,0.82500166,0.3132258,0.124122545
1.8401024,0.7642491,1.5409527,0.7962646,0.46612796,0.1517838
1.866453,0.8605395,1.2042582,0.7425095,0.11553426,0.14141017
1.5471607,0.784519,1.3656602,0.7924405,0.39994594,0.14292814
1.2230359,0.92325085,1.3038881,0.74392325,0.2273806,0.15360186
1.7504803,0.6970949,1.5792012,0.7704087,0.33692098,0.14675201
1.2964194,0.4607414,1.3423975,0.781411,0.32422155,0.14639369
1.953085,0.8282682,1.5371914,0.7839986,0.41005337,0.14188817
1.5552408,0.91036665,1.9651849,0.891808,0.17815073,0.07479668
2.0831077,0.95429844,1.1987245,0.7739809,0.17334588,0.13705793
1.4663625,0.63885975,1.6622164,0.792626,0.26480284,0.1253569
1.4903073,0.7764846,1.1524186,0.79813415,0.29413554,0.13657075
1.3954039,0.4940631,1.4844913,0.8167793,0.49337906,0.13851164
1.0692708,0.6604427,1.1532865,0.7588762,0.15254642,0.14214431
1.6740235,0.6976469,1.2984688,0.7603117,0.2664381,0.14694044
1.966109,0.9328379,1.3426297,0.7677367,0.27752692,0.14639306
1.7224243,0.9037094,1.2534268,0.7549312,0.22926903,0.14946955
1.4170704,0.5406054,1.1501021,0.79736453,0.22665945,0.13033815
1.2877429,0.57204044,1.1214607,0.80145115,0.20871753,0.12846936
1.5310668,0.88765377,1.4017825,0.7349981,0.24478477,0.1609107
1.5553015,0.5440133,1.4096844,0.81088525,0.50565076,0.14869007
1.4414442,0.7045165,1.2185898,0.80072075,0.25330666,0.13158628
1.7490637,0.90376776,1.3410215,0.7222322,0.19799905,0.1586929
1.360439,0.44251478,1.3900092,0.7780161,0.34333482,0.14908843
1.1221972,0.6944058,1.5489519,0.835316,0.49699274,0.12500691
1.4635698,0.55117536,1.5213377,0.8010053,0.48826507,0.1544979
1.8763462,0.94995713,1.1032534,0.8092937,0.27057013,0.13503776
1.8855878,0.85400236,1.6859651,0.8118886,0.16308229,0.11151753
1.7775359,0.8889633,1.4413531,0.75907415,0.35226402,0.15036333
1.5160356,0.6589014,1.2428675,0.72678816,0.12588607,0.15231057
1.367837,0.56707686,1.4233913,0.74099064,0.41223934,0.156752
1.3761327,0.91393334,1.2541971,0.7752638,0.23904766,0.14139916
1.9637822,0.92735505,1.4212425,0.7617022,0.2834662,0.15215272
1.5516295,0.9129094,1.5256753,0.7282356,0.26019636,0.154433
1.5321925,0.78805524,1.2328184,0.7686077,0.2792011,0.14325337
1.0320334,0.90526825,1.2886283,0.75934374,0.29024372,0.15074553
1.4433191,0.9707171,1.2371101,0.9035155,0.49351615,0.09830295
1.6883998,0.7789451,1.4365289,0.7952041,0.4240465,0.14753912
1.0985098,0.8311464,1.2525132,0.766385,0.23117213,0.14298536
1.9123293,0.820377,1.1800315,0.74937385,0.13437623,0.14162606
1.65261,0.62109464,1.6071379,0.81680727,0.43492562,0.12847747
1.4922528,0.68499106,1.3943818,0.7563095,0.37544093,0.15763246
1.3043523,0.8605357,1.3317194,0.80654854,0.4220871,0.1393842
1.64502,0.9271476,1.2534246,0.82854813,0.52653104,0.13666423
1.3973585,0.73687315,1.5257785,0.75856763,0.2654518,0.14226392
1.1343974,0.6856465,1.5859504,0.7900801,0.355232,0.13638867
1.3539696,0.689088,1.3587677,0.83048505,0.45958507,0.121884696
1.2720842,0.7109512,1.3495533,0.6658504,0.04321602,0.17952713
1.5008967,0.7274513,1.2869694,0.7438674,0.2198732,0.15366314
1.2242453,0.83348435,1.3329093,0.78693295,0.2953741,0.14420311
1.1249087,0.8357209,1.4524319,0.83924526,0.5715884,0.13889235
1.7548064,0.68373615,1.3428838,0.7594807,0.24304086,0.15038182
1.7518786,0.92991024,1.5270057,0.7548975,0.18308266,0.14784981
1.0098597,0.8662971,1.5558691,0.75709486,0.28571802,0.1448029
1.591444,0.90250695,1.1103678,0.7736453,0.10124374,0.1280057
1.8316599,0.8809213,1.4369226,0.7787665,0.34907603,0.15378058
1.6177285,0.97591347,1.4710646,0.7944773,0.39803582,0.1451432
1.7862234,0.8265357,1.3988416,0.7939841,0.43171608,0.13513833
1.2013882,0.51406443,1.5595496,0.77442783,0.34403476,0.14770138
1.2203707,0.6502953,1.4441352,0.7297006,0.3125194,0.16743599
1.5904843,0.64718276,1.5415545,0.7597741,0.1427817,0.14452212
1.4881266,0.6651779,1.2547729,0.75085914,0.21334639,0.1513529
1.2988551,0.9867879,1.5134432,0.8118449,0.47566292,0.13151217
1.3296419,0.88318056,1.2888434,0.6767472,0.045833193,0.17232618
1.1198765,0.8381445,1.3547854,0.7343954,0.2588146,0.15428671
1.350678,0.79606116,1.2486687,0.81633085,0.53613913,0.14158736
1.6783264,0.60822785,1.2516541,0.79757386,0.40596157,0.14542948
1.2103745,0.5150033,1.5066049,0.7379127,0.2179216,0.15107785
1.8335619,0.92068803,1.1133215,0.7923278,0.13841754,0.12515044
1.9673195,0.99240047,1.546896,0.78462535,0.29792416,0.13697192
1.6980574,0.8074347,1.5666292,0.79739255,0.5024712,0.14356786
1.9426334,0.8933905,1.2856402,0.76047856,0.26159316,0.15497917
1.5674955,0.58069366,1.2801213,0.7666354,0.2773992,0.14258187
1.5203706,0.9214745,1.213439,0.73096496,0.08979602,0.14443052
2.0190368,0.9754996,1.2700839,0.76039803,0.2518457,0.14437228
1.7599895,0.71861255,1.3042378,0.76303875,0.30589396,0.14608774
1.4692943,0.5668539,1.4394002,0.6935219,0.14191167,0.16909157
1.1672223,0.83815855,1.2008672,0.77051073,0.24983653,0.151869
1.5034474,0.60893047,1.6902323,0.83980054,0.52197486,0.14195229
1.6532825,0.9623283,1.3662679,0.77311295,0.2817491,0.14721645
0.9640152,0.9062775,1.216531,0.7989854,0.2766057,0.12839006
1.7074916,0.7430877,1.3221118,0.75659966,0.2200133,0.14495748
1.6329242,0.83631915,1.6405778,0.79688066,0.19307883,0.12010586
1.5027738,0.87085336,1.2351983,0.69322383,0.08969526,0.16849306
1.7215878,0.6827511,1.4238639,0.72078156,0.1806214,0.15640266
1.4127144,0.56968623,1.2101896,0.77217144,0.31180084,0.1424108
1.5031443,0.8062116,1.109822,0.7936777,0.16637291,0.12775844
1.4212133,0.6835577,1.2895789,0.7682348,0.29996133,0.14281733
1.3317701,0.96368146,1.1319816,0.80659485,0.23234473,0.12711783
1.5650876,0.9588089,1.6675687,0.87001234,0.668857,0.11798625
1.6133653,0.6507864,1.993695,0.90143996,0.06694112,0.061855484
1.4209023,0.95642793,1.5114572,0.7830771,0.35016805,0.14433534
1.5229045,0.7363732,1.6066864,0.82909817,0.5086935,0.13518825
1.5333359,0.7319758,1.7765517,0.877612,0.45243457,0.10111887
1.5457035,0.59262973,1.1756124,0.7755017,0.211178,0.13601059
1.3849108,0.70182705,1.3363056,0.7387169,0.1974923,0.15421434
1.8270818,0.9779967,1.172698,0.7993408,0.326161,0.1374592
1.304967,0.4865386,1.429507,0.6745569,0.058277518,0.17568648
1.227183,0.63018143,1.2977936,0.77167076,0.26742887,0.14111084
1.557396,0.6676153,1.2802246,0.7864851,0.31864035,0.14319237
1.6520905,0.5954523,1.2987196,0.7979111,0.4433826,0.14370175
1.3313507,0.7206821,1.2827959,0.77703255,0.29298583,0.1458401
1.9083087,0.9736611,1.1768482,0.73938584,0.15258728,0.14642118
1.6037531,0.5732594,1.3371108,0.77293205,0.4240553,0.14911409
2.0136385,0.8944558,1.3113596,0.7975672,0.37317985,0.14677365
1.8421468,0.9599855,1.343822,0.78320664,0.39213365,0.14118779
0.98498523,0.8652209,1.3155837,0.7818007,0.33608055,0.14912878
1.1763257,0.7552205,1.3674088,0.847383,0.7938316,0.13314249
1.7455143,0.88173604,1.2594271,0.79681283,0.3671281,0.14049873
1.0773387,0.87998444,1.4412463,0.76650697,0.37552142,0.14829496
1.6696695,0.81119967,1.2592132,0.74813104,0.24068397,0.15864474
1.4258138,0.55063206,1.1861362,0.77918977,0.26127973,0.14069161
1.2695851,0.46752906,1.651885,0.8500153,0.6267218,0.11532557
1.555763,0.84181833,1.5815499,0.7730866,0.2799442,0.13983883
1.6374342,0.9085184,1.5009153,0.7818277,0.3892181,0.15163109
1.2674011,0.6511947,1.2257352,0.7773311,0.32855767,0.13914531
1.4654557,0.9100281,1.160693,0.7784349,0.185241,0.13294967
1.5576,0.78912777,1.5588291,0.78753924,0.42381763,0.13274145
1.5791605,0.9635307,1.2356148,0.7559676,0.2285804,0.15166482
1.4800926,0.9533755,1.4287076,0.79537046,0.43683225,0.1489611
1.1660453,0.9617266,1.3428493,0.7798829,0.4000462,0.14560291
1.428497,0.91019416,1.5512402,0.760958,0.12974666,0.1335421
1.2780305,0.68442434,1.1462559,0.7768855,0.18273444,0.13539518
1.3177503,0.6155443,1.4137492,0.7230246,0.26220807,0.1619156
1.7770026,0.9228899,1.3601027,0.7345118,0.27381617,0.15410973
1.1724521,0.8568475,1.0494232,0.8482882,0.2205057,0.11282705
1.5635977,0.7428122,1.323662,0.7162855,0.17322011,0.16591735
1.3826638,0.7148302,1.3333168,0.75117224,0.22126174,0.15090756
1.6488848,0.7350115,1.3922997,0.76663214,0.3492608,0.149239
1.4862108,0.47952726,1.3302741,0.6867806,0.08505286,0.16795422
1.9775568,0.9310003,1.3370974,0.82255083,0.43829378,0.12856944
1.10262,0.6994113,1.2973125,0.7993796,0.30700976,0.13177761
1.2223693,0.68954915,1.3622348,0.7532787,0.3216047,0.16169645
1.2015965,0.54948276,1.4017165,0.75487995,0.3928828,0.156828
1.8445244,0.7265242,1.6224132,0.78109944,0.23657821,0.13155453
1.2960542,0.89852893,1.369792,0.70346475,0.15471464,0.16081995
1.1962398,0.80371165,1.1659122,0.77295893,0.2309772,0.13479793
1.3368791,0.7457534,1.393074,0.80234325,0.37349293,0.13684271
1.737148,0.74536574,1.511836,0.7868713,0.3838556,0.14021623
1.7257268,0.97587293,1.2966726,0.7415737,0.23881194,0.14950806
1.4415517,0.74283475,1.3265169,0.75900114,0.27498394,0.15458769
1.6415017,0.77366686,1.5326371,0.777153,0.28468475,0.13948084
1.3475474,0.5414632,1.3288336,0.7963378,0.37100497,0.13549218
1.5272948,0.77116287,1.3610477,0.7563844,0.3305068,0.15876378
1.9133456,0.90050757,1.0508419,0.84690434,0.26063687,0.117700644
1.1644813,0.89645875,1.3956351,0.7651184,0.34140193,0.15376276
1.7736658,0.9639152,1.3040152,0.738988,0.23287457,0.15441555
2.0645103,0.96098435,1.3388875,0.7943929,0.48283845,0.1528474
1.8644834,0.80840385,1.2823153,0.8293256,0.45842138,0.13053152
1.5939116,0.9872922,1.3844736,0.7963012,0.29333827,0.14226197
1.2451093,0.97669035,1.4236627,0.81007135,0.43064487,0.12929304
1.9756653,0.9564607,1.4532416,0.81376904,0.5441324,0.14405103
1.3787456,0.6404113,1.4187753,0.726954,0.23025031,0.17033288
1.1955519,0.58625674,1.3344524,0.7314847,0.16434719,0.15641998
1.6380336,0.9610045,1.3469586,0.766821,0.30876425,0.14230597
1.1290451,0.6603035,1.9884965,0.9394021,0.4159751,0.067479655
1.1326482,0.73235244,1.4013512,0.7091067,0.18061723,0.16789742
1.0081722,0.97774565,1.3977299,0.75520587,0.29275265,0.14925134
1.3773104,0.617941,1.4659672,0.8303923,0.7750124,0.13444151
1.3104159,0.86825556,1.5089364,0.824944,0.48740882,0.13161328
1.1488967,0.61641383,1.6847818,0.80690604,0.08588275,0.106359035
1.3970925,0.46553445,1.9969351,0.92515975,0.31588683,0.06668306
1.3086293,0.9019798,1.1866367,0.8106788,0.330296,0.12952995
1.3950365,0.5875955,1.3849492,0.76436174,0.34201306,0.14901827
1.5181547,0.6885994,1.6962957,0.80617464,0.19571792,0.11748152
1.6233398,0.9387415,1.3341289,0.77635145,0.33123317,0.14988713
1.5579658,0.9605487,1.1265203,0.78009176,0.17729804,0.1307913
1.5972675,0.87271464,1.1995263,0.70036256,0.030864498,0.14727256
1.2580627,0.52167076,1.3700242,0.79886484,0.30982792,0.13724947
1.1683322,0.7866464,1.2526278,0.75776017,0.3197686,0.15277332
2.020609,0.9507936,1.3286293,0.750602,0.18895975,0.14908394
1.3586116,0.49546146,1.4752183,0.77398455,0.40494767,0.15561835
1.2780209,0.47251827,1.5497589,0.76914704,0.21137321,0.14393887
1.805914,0.8415224,1.3623357,0.777647,0.41780385,0.13843907
2.0027714,0.8661134,1.2245004,0.7703533,0.25479484,0.14292563
1.0004352,0.99855834,1.2222099,0.8169939,0.4597342,0.13677211
1.2180246,0.9533292,1.3438714,0.7926305,0.64082325,0.15821053
1.3012813,0.83760303,1.2660196,0.7802191,0.2794446,0.14155744
0.98283225,0.78618556,1.3675575,0.7490829,0.30436948,0.17453894
1.2299212,0.55739653,0.99993855,0.85208124,0.109948486,0.099377215
1.5554804,0.8392099,1.4391534,0.7469408,0.23444915,0.15439078
1.175977,0.80502456,1.2798357,0.74247754,0.25773582,0.15823446
1.2625709,0.7000221,1.3352087,0.81049335,0.44473413,0.130666
1.4005682,0.45456976,0.982231,0.84137756,0.13566256,0.10308607
1.105785,0.9550367,1.3501587,0.7630189,0.27064526,0.14644372
1.3772135,0.82906,1.4256849,0.77454257,0.3640697,0.1499992
1.8679562,0.80954033,1.4399333,0.7481741,0.38845894,0.1687842
1.0638932,0.8049431,1.3042495,0.7684208,0.36364764,0.15294276
1.3181374,0.73652315,1.2730718,0.72271705,0.15017813,0.1639274
1.4998392,0.5542595,1.3455482,0.7693796,0.348779,0.1579682
1.2721454,0.48547062,1.1750164,0.8388381,0.36737132,0.12016791
0.9874132,0.8403095,1.4115613,0.76579374,0.3915443,0.14995334
1.5792853,0.6421198,1.4227922,0.7279285,0.30032495,0.1638507
0.9471018,0.86097527,1.2404258,0.84108406,0.3923098,0.123221464
1.1917794,0.62330174,1.3681564,0.7766814,0.41483462,0.15187983
0.990932,0.9006642,1.2216799,0.7346624,0.05431839,0.1406088
1.7105083,0.81149024,1.4978507,0.8354778,0.49382088,0.12679452
1.4192536,0.47836214,1.3968639,0.8176569,0.39070103,0.13961926
1.26613,0.77182645,1.2722003,0.73203266,0.26869765,0.16630603
1.7743934,0.88041145,1.4630744,0.7686702,0.40226263,0.14362516
1.4942493,0.51534784,1.4122384,0.7396554,0.19485602,0.15127902
1.0531124,0.7126495,1.3387623,0.7576178,0.3059649,0.15238343
1.9589117,0.9673745,1.4351811,0.7908911,0.47887895,0.1509836
1.1024297,0.99746954,1.3527522,0.71707726,0.20991306,0.16378279
1.4950418,0.5808048,1.3867526,0.7798688,0.49126413,0.1594812
1.5287367,0.560294,1.5632217,0.7626152,0.27669087,0.14762494
1.1539527,0.63356906,1.3594182,0.7695822,0.33086166,0.14367138
1.5527226,0.81306076,1.2912538,0.73925257,0.27094918,0.1597182
1.3868728,0.83129054,1.2052991,0.74255097,0.17840447,0.15274033
1.7563378,0.75805044,1.3224926,0.76705784,0.31196263,0.14738338
1.0535624,0.7028536,1.3079615,0.79390365,0.46872047,0.13804194
1.9067283,0.9429925,1.6145136,0.81390816,0.44567752,0.1319744
1.4505055,0.53277975,1.6166332,0.8296743,0.5188924,0.1285495
1.2330681,0.9213525,1.4170489,0.7243211,0.22605059,0.16057663
1.6134171,0.709427,1.1883428,0.7952052,0.23294356,0.13633168
1.731455,0.74493563,1.2017934,0.73619515,0.12580006,0.14888395
1.3123282,0.49082223,1.1682212,0.8096159,0.22052015,0.12520339
1.5081236,0.5682335,1.3134463,0.7691647,0.3283187,0.14531904
1.2095453,0.53164524,1.2035329,0.7713948,0.15176739,0.13450435
1.681242,0.9173114,1.4652195,0.7477011,0.30696407,0.15399946
1.4618832,0.767945,1.5020294,0.8107309,0.44433376,0.14019492
1.9269252,0.97614276,1.3699744,0.74994373,0.37463993,0.1531473
1.9253796,0.89118135,1.2771556,0.7806661,0.33146843,0.14832921
1.2211857,0.50436157,1.2463934,0.821868,0.47835532,0.13474704
1.2786002,0.59134245,1.4436255,0.76943964,0.3407853,0.15295848
1.1707319,0.96776974,1.2573538,0.78186977,0.35027507,0.1476184
0.99777406,0.9584869,1.7308905,0.87875843,0.71839476,0.12083613
1.2233909,0.9888694,1.328306,0.7756829,0.33061525,0.15035775
2.019389,0.9984037,1.2392223,0.75037265,0.18853624,0.14512733
1.5991582,0.6323243,1.4951849,0.79045874,0.33142877,0.13740899
1.5510453,0.9853854,1.317512,0.7848402,0.4396032,0.15757346
1.801998,0.7810764,1.380697,0.7936539,0.35772884,0.14495523
1.7372789,0.66849023,1.0541986,0.8104355,0.16783205,0.118571185
1.7435883,0.7059031,1.3786733,0.8218258,0.44825178,0.13373783
1.6565607,0.6265318,1.3675625,0.73427534,0.2703605,0.15690163
0.95132655,0.96956176,1.2881341,0.72710055,0.20886332,0.15780132
1.9524081,0.8799096,1.4527369,0.7126355,0.16350576,0.16893153
0.9791544,0.95318437,1.5793123,0.7777637,0.20871972,0.13654591
1.5816091,0.9943711,1.0928907,0.81152976,0.14905427,0.11833214
1.9881264,0.9163325,1.2412996,0.77326834,0.36572683,0.14856024
1.5496783,0.5819475,1.3233526,0.7481267,0.24263786,0.15599146
1.5294348,0.76112145,1.4288502,0.8278169,0.7255364,0.13044752
1.7076015,0.7630963,1.3899379,0.8611316,0.6558242,0.116749234
1.3651456,0.955668,1.3413098,0.8027464,0.45352367,0.12902765
1.915239,0.89739454,1.3201928,0.7642162,0.2054023,0.14255592
1.7717049,0.921576,1.2976658,0.75994873,0.29535857,0.1458795
1.3080525,0.44925573,1.3211498,0.7422349,0.24532461,0.15361607
1.9662536,0.89333254,1.4307234,0.6919658,0.08198447,0.1643651
1.3376867,0.9766555,1.4048071,0.7716975,0.36334446,0.1524776
1.3297313,0.5467732,1.3613129,0.7707111,0.3347803,0.15981089
1.6294199,0.6220912,1.12621,0.81586003,0.29382187,0.12825565
1.5865428,0.58188486,1.2192347,0.76932645,0.18623069,0.13895777
1.8015845,0.6977587,1.5882759,0.81319964,0.54080445,0.14997733
1.1649641,0.6090446,1.2846012,0.79618984,0.34121138,0.13669991
1.6344147,0.9317187,1.5889053,0.7961319,0.3135414,0.124279745
0.93430626,0.9243653,1.4497919,0.780282,0.32822713,0.14540188
1.4768022,0.4740207,1.277564,0.74583673,0.24680091,0.14845903
1.2507286,0.68803006,1.363121,0.74586993,0.18627664,0.15023476
1.9885329,0.9230305,1.3587744,0.80604553,0.45470625,0.13502258
1.2574431,0.56960577,1.3190904,0.7435532,0.2982432,0.15959166
1.1981497,0.62598205,1.8337522,0.84580624,0.1783547,0.09679072
1.4606239,0.6154511,1.2946789,0.774498,0.30578196,0.1476604
1.6134099,0.5770759,1.33711,0.73845905,0.2344767,0.1450434
1.8528746,0.838852,1.4728494,0.7236464,0.11663577,0.15492171
1.3916556,0.49144545,1.3863623,0.8037438,0.5167381,0.13750081
1.5118843,0.86623126,1.6301203,0.8254868,0.47697583,0.13518365
1.9853351,0.9287407,1.285713,0.7073317,0.054017685,0.1554997
1.3606863,0.63707,1.3347561,0.7821049,0.40587142,0.14592074
1.8213981,0.76124734,1.1741287,0.8152378,0.35846758,0.13105056
1.4055147,0.76800483,1.4250574,0.75353515,0.25921303,0.1426123
1.8011761,0.7696083,0.99583215,0.83723897,0.11624712,0.10148985
1.6711875,0.95756966,1.4148142,0.75405735,0.33716074,0.16174571
1.3475032,0.43245026,1.559514,0.87744457,0.9649299,0.11492975
1.7998056,0.9967437,1.1661534,0.7920004,0.2525566,0.1400128
1.3910015,0.8768525,1.2633853,0.7893686,0.30608517,0.14342698
1.9355015,0.8816865,1.3517256,0.72581095,0.25246352,0.16032824
1.0774106,0.68764085,1.5553346,0.9005198,0.5595814,0.08921673
1.3769096,0.8442206,1.1970782,0.8595692,0.5252568,0.114599645
1.3205532,0.6374248,1.7794425,0.85526466,0.2752221,0.101630464
1.2595837,0.6599061,1.6777139,0.800096,0.34963244,0.13014175
1.3024178,0.72097754,1.2786834,0.7102054,0.14972977,0.16270234
1.597603,0.56561935,1.2641721,0.7427132,0.18248498,0.15064579
1.3041126,0.60887474,1.4411721,0.7646853,0.3294393,0.1469355
1.4841114,0.9017894,1.2891369,0.7568032,0.26343548,0.1511463
1.4354924,0.7191265,1.4180126,0.77840406,0.30976126,0.15678823
1.2023319,0.94585454,1.3665872,0.8674813,0.45577565,0.108951315
1.327192,0.4288665,1.228605,0.7498286,0.1906932,0.1466925
1.7353195,0.6685724,1.2641599,0.7158607,0.13210003,0.15955162
1.3060521,0.6833276,1.7383106,0.82952833,0.39133847,0.123316206
1.7920673,0.84554,1.3631127,0.7400131,0.26165166,0.15542197
1.7112796,0.6358899,1.2966669,0.7803279,0.34057525,0.14573817
1.8334271,0.758409,1.1579442,0.767487,0.1515592,0.1364278
1.5617923,0.53017884,1.5899799,0.82111967,0.44158125,0.12091473
1.3879277,0.5134531,1.2863972,0.7587812,0.23302804,0.14069611
1.3239824,0.5377405,1.4749751,0.7150737,0.11576077,0.15773991
1.2599897,0.9444306,1.1662966,0.765777,0.16893165,0.13575901
1.7057267,0.8602077,1.4932299,0.76592076,0.29158726,0.15260363
1.2992815,0.608408,1.3607588,0.7603384,0.2779453,0.14828286
1.7305882,0.9091474,1.5320466,0.7509446,0.27098423,0.14917414
1.2634218,0.60367435,1.2400231,0.78156316,0.37823945,0.14522186
1.867596,0.8180509,1.1961358,0.84631974,0.4863082,0.13461873
1.4673764,0.56822205,1.4668975,0.77124465,0.53839135,0.15399128
1.9412433,0.8623943,1.3921814,0.6957577,0.060689006,0.16485326
1.248464,0.54155594,1.4268084,0.7835963,0.44979584,0.13839829
1.4120402,0.47667474,1.1230059,0.7829543,0.15721881,0.12761843
1.3387733,0.4610669,1.2849882,0.81108433,0.3950844,0.13549173
1.673326,0.79972124,1.343101,0.79019964,0.4360383,0.14709722
1.1449683,0.95535886,1.7059147,0.8211059,0.41661915,0.12584695
1.9265488,0.945235,1.3568077,0.76701957,0.3736236,0.15164685
1.7555699,0.9310277,1.2189381,0.8036745,0.41624227,0.13049094
2.1464465,0.9762839,1.1366992,0.782727,0.07788265,0.12242896
1.3166052,0.9902144,1.2737801,0.8417,0.48719668,0.13360858
1.1469625,0.9525173,1.4057422,0.7215109,0.20887487,0.16189423
1.691605,0.86467147,1.3112783,0.75743765,0.2009734,0.14888594
1.7491142,0.8117356,1.2737293,0.7177244,0.14473987,0.15913782
1.2254586,0.8156518,1.5162816,0.7719495,0.357361,0.14425583
1.3436902,0.8892862,1.3018808,0.7823167,0.39452323,0.14139593
1.6429658,0.66503865,1.3849914,0.7707077,0.34492025,0.14226264
1.3317449,0.8879965,1.0687499,0.819624,0.22198562,0.118055075
1.346635,0.69873655,1.3687658,0.8377158,0.4304823,0.1147474
1.7586391,0.9994234,1.4418874,0.81494665,0.55264014,0.14381552
1.6483607,0.79442894,1.1933994,0.8047132,0.47530714,0.1393217
1.1167822,0.9815425,1.667711,0.81471086,0.45900416,0.1281718
1.335652,0.52994955,1.39819,0.8123998,0.35355124,0.13756658
1.3213917,0.71144193,1.3607202,0.74899936,0.22736177,0.1523884
1.5987649,0.74291986,1.4808953,0.77146095,0.26901066,0.1402029
1.9239252,0.98481184,1.291851,0.7713806,0.23611678,0.14898193
1.5024242,0.8600773,1.1309956,0.8115496,0.23400207,0.1252471
1.6278822,0.78075975,1.3946939,0.8426643,0.507756,0.1274331
1.7679945,0.8514098,1.3549442,0.6787635,0.09885546,0.1733767
1.2634374,0.7515696,1.4688845,0.73288256,0.23446497,0.14921299
1.1910809,0.9106968,1.4960852,0.76770496,0.25867918,0.13942097
1.466798,0.49789733,1.2889409,0.80287665,0.34264642,0.14027508
1.9526345,0.9107494,1.3528957,0.76377136,0.35611743,0.15313078
1.4000478,0.9404659,1.1800141,0.813997,0.28870293,0.12845074
1.2347155,0.5388974,1.7215545,0.83212453,0.25443256,0.10791669
1.0336834,0.83130366,1.237984,0.82621247,0.3222771,0.11829166
1.3618957,0.52755034,1.0476941,0.87066525,0.34231365,0.10649498
1.2309835,0.4957398,1.3427598,0.831549,0.50388277,0.13534741
1.9236443,0.8206269,1.3282847,0.72243106,0.1671724,0.156799
1.2144554,0.6809297,1.2420166,0.7476764,0.22673579,0.1530082
1.5236259,0.6499443,1.0353922,0.8188946,0.08155998,0.10843055
1.9009352,0.8725191,1.2359722,0.796753,0.32789624,0.13803053
1.8451761,0.8337507,1.3823652,0.72575253,0.20630407,0.16009773
1.1394733,0.85470927,1.215529,0.75874364,0.25799248,0.14912742
1.7801774,0.9306823,1.414774,0.7290065,0.115729444,0.15822935
1.9079247,0.91380644,1.4486892,0.7699539,0.33954868,0.1511533
1.5462455,0.82057345,1.3712542,0.693503,0.08599317,0.16417795
0.961236,0.97720677,1.2531948,0.7617724,0.2893603,0.1494611
1.6234698,0.7446422,1.521321,0.7575912,0.223534,0.13696344
1.8428935,0.7497845,1.5588267,0.7694896,0.33400428,0.13594984
1.1879144,0.70859724,1.2866876,0.76735127,0.22629653,0.14692357
1.6480231,0.6347703,1.6512072,0.8290081,0.5163722,0.13774192
1.5670787,0.5629672,1.2743087,0.8444265,0.48394606,0.1132338
1.7521813,0.6746694,1.3434529,0.79019856,0.33959827,0.14017071
1.8244272,0.95478487,1.4022367,0.7485077,0.28539103,0.1556009
1.6555641,0.86669254,1.2606277,0.7966854,0.38994554,0.14487423
1.6193973,0.6996557,1.6446939,0.7847266,0.23790284,0.1305898
1.8321656,0.98668635,1.1539569,0.782056,0.19040139,0.13326786
1.5003475,0.622103,1.4604161,0.76094604,0.3540373,0.15961552
1.3344215,0.5854761,1.9117525,0.8956602,0.3273402,0.077006154
1.0410463,0.72054225,1.3033864,0.68972814,0.053743307,0.16014381
1.8946826,0.96970606,1.0696027,0.83226216,0.19965404,0.11655739
1.276867,0.6514621,1.5603061,0.8369064,0.5373477,0.13567124
1.2995675,0.6945804,1.1052198,0.7901962,0.13291784,0.12231228
1.4847417,0.483995,1.2555792,0.7562274,0.2244103,0.14750454
1.679826,0.82587785,1.1796978,0.8918495,0.44530532,0.09864599
1.5830687,0.5612673,1.5679982,0.8538559,0.66929936,0.12640312
1.4789023,0.8998101,1.2457125,0.7852881,0.34323633,0.14489228
1.9417608,0.9148196,1.2588234,0.7998447,0.3058578,0.13444172
1.8493717,0.89577717,1.3215852,0.762348,0.30643418,0.14762552
0.88127494,0.9868351,1.3813214,0.7083294,0.21179138,0.16286322
1.9548248,0.81206566,1.3359396,0.7571081,0.32282677,0.14761251
1.9557011,0.8767611,1.9185033,0.8838604,0.18722916,0.07534208
1.7537835,0.8180179,1.3596973,0.77264607,0.38361877,0.15189174
1.1321688,0.8493948,1.3140547,0.7243465,0.20586124,0.16374153
1.5430924,0.7474308,1.3598907,0.70492303,0.19055228,0.17501518
1.3970523,0.7406473,1.5072324,0.76869595,0.3735178,0.15361758
1.5085909,0.49999297,1.4367645,0.7645551,0.47762266,0.14824995
1.4346756,0.7273827,1.5387762,0.7730757,0.34324065,0.14647534
1.4015821,0.52112055,1.4704137,0.8049727,0.5191773,0.14073347
1.3733994,0.47529855,1.4881482,0.77427495,0.36270013,0.14963885
1.8088104,0.89158714,1.4954402,0.79050183,0.46875235,0.14742099
1.3104341,0.4531687,1.2627358,0.7679366,0.29688275,0.14665376
1.3640262,0.50936973,1.226016,0.74428177,0.2062746,0.14623891
1.1152558,0.94805926,1.4187136,0.78489494,0.34490493,0.13805874
1.3654432,0.4651166,1.5741124,0.807953,0.41099843,0.14588651
1.6639835,0.92036104,1.2926345,0.8035457,0.33368313,0.13717504
1.4410582,0.79231143,1.3354378,0.7904514,0.3656992,0.1504611
1.1465532,0.72954464,1.2071455,0.7658094,0.23427758,0.1429682
1.4737551,0.8549569,1.3955324,0.78181,0.43076122,0.1544194
1.3633057,0.517465,1.292268,0.73566216,0.19629373,0.15207854
1.5506933,0.8226526,1.3367193,0.8529822,0.39033222,0.10667483
1.2724738,0.7290884,1.21562,0.80912286,0.38366067,0.1377418
1.1848836,0.7058703,1.1452408,0.76576626,0.12822387,0.13624282
1.4892937,0.72044325,1.180177,0.79974943,0.25250155,0.1322472
1.6218957,0.60143065,1.2620251,0.8374171,0.5224335,0.13535789
1.036844,0.85255396,1.2793777,0.7505206,0.2911315,0.15082972
1.4747369,0.968757,1.5984046,0.80739623,0.44493163,0.14449078
1.2675902,0.5275331,1.2100239,0.7619839,0.21681483,0.14566246
1.3328353,0.8903333,1.2050333,0.8168952,0.3056751,0.12986219
1.6210638,0.7111062,1.2633204,0.7964198,0.27745795,0.13675052
1.3389852,0.4275809,1.2698672,0.8430748,0.707438,0.12347737
1.7510555,0.6712552,1.450638,0.7821465,0.35361424,0.13871428
1.3443576,0.6714863,1.630342,0.7692578,0.20119181,0.14357144
1.5920055,0.5536647,1.3213923,0.7256196,0.22888525,0.1614888
1.7828219,0.8408381,1.2660966,0.76926225,0.32745233,0.14660886
1.6777816,0.6532743,1.268492,0.76040626,0.208135,0.14311694
1.6460906,0.8672388,1.2450781,0.74985915,0.20724429,0.15211059
1.5057368,0.56660646,0.980514,0.84504247,0.13906054,0.10686092
1.5900707,0.697141,1.518697,0.80202484,0.40256852,0.13870893
1.4032102,0.6164748,1.3232598,0.7464417,0.2570597,0.15969492
0.972424,0.82234526,1.4006932,0.68554956,0.13542366,0.17125875
2.0316308,0.989679,1.3627264,0.7699924,0.34322363,0.15047976
1.5360701,0.88777196,1.3863013,0.6989925,0.14914729,0.16977587
1.9157861,0.8175295,1.3646224,0.72516036,0.19218396,0.1623377
2.0152712,0.9443951,1.2079773,0.832748,0.50017667,0.1272695
1.7572955,0.7142629,1.5549748,0.7396127,0.16040179,0.15044518
1.1712829,0.67108136,1.2813442,0.7836855,0.2955681,0.14097765
1.3740004,0.71974266,1.3198729,0.80016047,0.48736528,0.149899
1.410868,0.83260536,1.3651564,0.70686144,0.17255618,0.16564186
1.3717712,0.5442906,1.4153154,0.7795838,0.4749854,0.15199801
1.3408525,0.59051967,1.4061368,0.745189,0.22697952,0.14748211
2.0502834,0.8990881,1.3310552,0.72528195,0.2560736,0.16904965
1.418347,0.4638346,1.1470358,0.76426625,0.14797367,0.13676746
1.4004252,0.6627277,1.286833,0.7040415,0.10637457,0.16387758
1.3539158,0.6328315,1.3325121,0.74228704,0.2899332,0.15651503
1.3090434,0.7244702,1.1264832,0.7984825,0.25346556,0.12963583
1.5171113,0.69032335,1.419174,0.80321735,0.49232617,0.14246403
1.4766657,0.49336168,1.4272795,0.79603475,0.44657388,0.13653636
1.3020084,0.47553286,1.2469671,0.7170955,0.1297992,0.15715213
0.9904329,0.9860757,1.4270766,0.7943436,0.37446886,0.13319974
1.8453873,0.93546027,1.4801648,0.79461396,0.44501522,0.14516734
1.4897187,0.6253152,1.3919785,0.7023283,0.105144925,0.18302782
1.5421084,0.7407306,1.358957,0.73072565,0.28001875,0.17885011
1.4900961,0.69679505,1.2573256,0.82687074,0.3878012,0.12680975
1.8684828,0.90124404,1.2639134,0.7458658,0.17719774,0.14957547
1.5914696,0.8692899,1.14657,0.8133961,0.31388834,0.1319048
1.3824004,0.5815084,1.3301637,0.719489,0.16011092,0.15775348
1.859282,0.9015721,1.3614099,0.7645011,0.41318494,0.15260787
0.92249197,0.89731264,1.9552851,0.88787836,0.07149217,0.06347706
1.4489602,0.60966474,1.7567036,0.8366781,0.3434157,0.12054889
1.3864233,0.9299561,1.4235373,0.75891083,0.29195562,0.14718737
1.3194503,0.48927438,1.3004899,0.81696504,0.43012056,0.13551554
1.5981039,0.77764785,1.5567119,0.7717266,0.3065309,0.14941551
1.5590107,0.5956138,1.4159014,0.8473859,0.54652596,0.11562903
1.2520851,0.88274795,1.3893261,0.81717247,0.61240405,0.13834931
1.0551984,0.9743816,1.0111128,0.83424455,0.17740837,0.11190334
1.2665993,0.6391368,1.2355499,0.72353935,0.09195968,0.1466279
1.1493924,0.57231456,1.5846643,0.83613306,0.6333775,0.13607837
2.1117752,0.9432562,1.5433857,0.83691585,0.5036859,0.121032946
1.9871111,0.94649696,1.4275532,0.7595738,0.35611108,0.15221617
1.8162729,0.9346667,1.393075,0.76702714,0.3550855,0.1472131
1.7064924,0.9550038,1.5163746,0.8195659,0.6080721,0.14615679
1.1829557,0.98804516,1.6730168,0.7978763,0.37087345,0.13709536
1.6700083,0.79438776,1.2167587,0.75160396,0.2516387,0.15086922
1.5951542,0.7185885,1.2374892,0.79223734,0.32310054,0.13925512
1.4570253,0.5859548,1.2672923,0.7993675,0.28057674,0.13159543
1.1568038,0.8517859,1.1419241,0.80013955,0.21347897,0.1297791
1.3416731,0.672926,1.6091983,0.7830254,0.27297032,0.13200796
1.8878956,0.8972204,1.4808538,0.79347986,0.4666674,0.13221048
1.4473491,0.57094085,1.3139522,0.80609554,0.44947553,0.14510721
1.6656326,0.7875271,1.4078293,0.7201718,0.23754475,0.16035375
1.7022942,0.9193139,1.3036995,0.77751726,0.35074902,0.14864025
1.4567435,0.67809826,1.6619899,0.82356864,0.616909,0.13196048
1.2599536,0.50156456,1.2184317,0.81554836,0.3767997,0.13420074
1.7732003,0.77296996,1.5522857,0.7419366,0.19592777,0.15274033
1.6182113,0.6873991,1.4646127,0.74278694,0.3329837,0.15720141
1.5065333,0.6795183,1.3429735,0.7418737,0.27293405,0.15607001
1.6266048,0.6879113,1.2691379,0.76351976,0.24053293,0.14387792
1.4533634,0.6499185,1.0466614,0.8111807,0.109652884,0.1169353
1.152371,0.6113698,1.457237,0.78674376,0.3705858,0.13768923
1.366059,0.6189897,1.3143198,0.7709562,0.34511653,0.1419925
1.4303666,0.6526183,1.218931,0.8245082,0.36731508,0.12814726
1.9377218,0.8158004,1.655139,0.8050719,0.31841242,0.12531355
1.8631717,0.87629193,1.4744725,0.7580097,0.28033465,0.15365982
1.4812918,0.5351116,1.2297237,0.7939785,0.2800128,0.13501945
1.7804254,0.9633126,1.4679873,0.6962719,0.10078565,0.16373841
1.4998633,0.529497,1.2687318,0.77098656,0.30161658,0.14504407
1.7889097,0.9747338,1.430013,0.7624039,0.46040344,0.15433957
1.4392227,0.70629984,1.4677012,0.74743116,0.32952413,0.15105355
1.2073262,0.5464595,1.2804594,0.80968994,0.4845627,0.13844587
1.7077184,0.81797725,1.5139134,0.7978071,0.3567416,0.12788378
1.2482551,0.6696815,1.2965331,0.80949545,0.38867953,0.13389559
1.5094676,0.5221316,1.2684302,0.74603677,0.21990605,0.15497804
1.841185,0.8612545,1.3782926,0.83230597,0.47909993,0.12520158
1.6711618,0.9707087,1.7314408,0.819883,0.28222132,0.11794044
1.5963242,0.78200805,1.1468889,0.77966994,0.14701396,0.1325452
1.1929995,0.6097945,1.26365,0.67841387,0.021758132,0.16068476
1.4613768,0.83103836,1.3106725,0.76134115,0.24299842,0.14794637
1.5042572,0.93135726,1.3255098,0.8202109,0.6404009,0.13256964
0.98823816,0.83499956,1.3728442,0.7535696,0.31821713,0.15138675
1.4392883,0.7984822,1.7212081,0.8111425,0.2344284,0.117996864
1.3367532,0.58880705,1.3006179,0.74347675,0.20180123,0.1503619
1.4618102,0.586686,1.499408,0.8196428,0.5127195,0.13759191
1.1951988,0.83742285,1.3685918,0.7688069,0.28773132,0.15397596
1.7196082,0.70181143,1.4951162,0.8300274,0.49187517,0.1267174
1.5274936,0.5213637,1.4916582,0.8158286,0.42996648,0.13387983
1.3186182,0.6682138,1.3642018,0.7485999,0.2877503,0.15285604
1.6124434,0.7719227,1.2998891,0.7429813,0.21660103,0.15506572
1.5666747,0.79134566,1.1334338,0.81048715,0.23822396,0.124203354
1.4199303,0.5060213,1.4239719,0.76890874,0.28435758,0.14491968
1.4908067,0.58345056,1.4337003,0.7425389,0.29345196,0.17007706
1.4629496,0.8485679,1.5372801,0.7799202,0.43240216,0.16177271
1.7034297,0.9646955,1.4956954,0.78484184,0.35329008,0.1497649
1.5200833,0.5028954,1.2107422,0.74099755,0.114203475,0.14859465
1.3195856,0.62030005,1.2308829,0.7078917,0.068798505,0.15884896
1.8861331,0.9416828,1.4710016,0.8201787,0.5677208,0.13969372
1.6954459,0.6354475,1.6961114,0.8138117,0.4693564,0.12701285
1.7965311,0.9849798,1.3302817,0.7140062,0.1420365,0.16048379
1.9557979,0.9377235,1.398493,0.7287151,0.21568373,0.16822055
1.9694105,0.84545326,1.2673583,0.7492549,0.20346642,0.14914393
1.8151267,0.92895746,1.2617762,0.7610214,0.22835049,0.1450772
1.2315141,0.89322585,1.2352991,0.7690945,0.26325014,0.14315157
1.7060252,0.9721866,1.2831953,0.722141,0.18752001,0.16671142
1.8054359,0.6943789,1.2826314,0.7286545,0.20266187,0.16142212
1.1700424,0.56206757,1.3475788,0.8083927,0.3958975,0.13170624
2.0496929,0.9985435,1.3671057,0.81516945,0.48796636,0.12993027
1.6749256,0.8133662,1.092392,0.7972167,0.12422648,0.122126974
1.8422154,0.79375297,1.4824524,0.7482865,0.4634897,0.16639158
1.3741871,0.6655517,1.2424185,0.77851784,0.2858074,0.1480338
1.216315,0.61183465,1.2531168,0.7377144,0.12966084,0.1450762
1.6502193,0.75637937,1.4062283,0.83534044,0.43621215,0.12654348
1.3130164,0.66858345,1.393235,0.78578925,0.35006818,0.15249175
1.4010853,0.9730065,1.3838699,0.7386858,0.28759563,0.15210633
1.4198707,0.4818763,1.2536359,0.7193631,0.111694366,0.14908955
1.5490671,0.6722501,1.2840836,0.7488988,0.29842708,0.15326442
1.4967117,0.5553664,1.5876858,0.83815515,0.6877973,0.1515771
1.345532,0.48531523,1.3609288,0.7525102,0.30937558,0.16524176
1.8543452,0.98294044,1.4448154,0.7426618,0.24464993,0.16487637
1.5211112,0.7168531,1.35145,0.7876579,0.48293182,0.15059651
1.5094782,0.9314936,1.5493655,0.8616405,0.60208076,0.11326647
1.6246794,0.7300267,1.1401862,0.77687484,0.20099272,0.1325139
1.5994,0.60363597,1.2243705,0.79742444,0.3189861,0.13414757
1.2922012,0.5921022,1.1541989,0.762073,0.14522645,0.1370698
1.1663537,0.9967956,1.2811649,0.7894124,0.27270162,0.14116064
1.7951303,0.86184984,1.1475253,0.8448697,0.37664098,0.12578243
1.6102395,0.7128195,1.3464868,0.74119663,0.25188863,0.15628241
1.4148513,0.71762526,1.4330842,0.7541028,0.32101324,0.14885081
1.3120707,0.8792623,1.4219346,0.7719645,0.3844056,0.14756523
1.4987829,0.5762931,1.2665184,0.76704764,0.21615094,0.14145721
1.0938797,0.7832405,1.7833383,0.8475253,0.31269333,0.10459647
2.0195417,0.9595913,1.4169612,0.8036249,0.4756274,0.14124031
1.6593103,0.67494094,1.130518,0.7830799,0.18659788,0.12951316
2.0751717,0.96450806,1.2403986,0.7426927,0.2235843,0.15020044
1.3311973,0.74092066,1.3340781,0.7561393,0.33354217,0.15343238
1.5281118,0.55376613,1.6598325,0.84436387,0.4304668,0.1058199
1.1480833,0.64633995,1.1665862,0.79149973,0.2159831,0.13185538
1.6907288,0.7416451,1.357336,0.8020622,0.44211927,0.14523226
1.7727357,0.9044612,1.0571712,0.83018637,0.21366017,0.11426647
1.3837795,0.71625614,1.2335868,0.8034075,0.4046828,0.14546956
1.6430986,0.6988891,1.4202003,0.7577464,0.36570126,0.15439442
1.1595014,0.9093373,1.3733788,0.73443085,0.20678803,0.15268956
1.6084379,0.61863625,1.2474906,0.8021748,0.45384482,0.13666578
1.398598,0.47209558,1.5064144,0.71763885,0.08850496,0.15684725
1.7065026,0.6317988,1.3328953,0.7982635,0.34272283,0.13282552
1.9250277,0.9406029,1.2502367,0.7920047,0.3973109,0.13955542
1.724403,0.6456038,1.203305,0.7402905,0.1373666,0.14887515
0.88603777,0.9667201,1.2756398,0.7567168,0.25454763,0.1483781
1.2485706,0.69889885,1.4571371,0.78835547,0.3907596,0.13726214
1.3369315,0.50638086,1.4862602,0.7714268,0.36245742,0.13676894
1.3236516,0.88044465,1.2195456,0.71589816,0.091846235,0.15155984
1.231454,0.57207716,1.3444116,0.6892159,0.09999439,0.16968392
1.4370275,0.50557023,1.2957034,0.7630021,0.30246046,0.14788328
1.4992248,0.5298467,1.1209807,0.76314807,0.07320493,0.12775558
1.1847007,0.5654888,1.363533,0.7956028,0.33981422,0.13778234
1.4997263,0.62037295,1.738615,0.82607454,0.31058487,0.11731823
0.95659083,0.9778394,1.3159544,0.743032,0.2567962,0.1638455
2.0344234,0.8880272,1.3112962,0.73508257,0.2263484,0.1608347
1.8148342,0.9185433,1.7477484,0.9405203,0.94634414,0.079029
1.8879122,0.88232344,1.2258487,0.71554327,0.08397377,0.15146375
1.2451599,0.60870796,1.2382259,0.7877997,0.31139135,0.13747925
1.2520593,0.67529505,1.5156655,0.72846764,0.16230237,0.15460671
1.6273104,0.6456879,1.3959777,0.80171674,0.4791156,0.14635934
1.5033175,0.9919473,1.4302661,0.779979,0.3597919,0.15396668
1.4299283,0.56228477,1.1540229,0.8006938,0.23915689,0.12887236
1.48372,0.69952494,1.3644159,0.80571526,0.38047302,0.15353294
1.8042129,0.94135034,1.5203567,0.7887373,0.38373256,0.14346904
1.401394,0.6372477,1.5043509,0.80951583,0.41466624,0.12818296
1.1090616,0.8387711,1.2528615,0.81362075,0.40397924,0.13924651
1.4320236,0.55344725,1.0267148,0.81523794,0.11097505,0.11198631
1.8653619,0.7552745,1.5389581,0.8173091,0.43941793,0.14185384
1.233127,0.6704738,1.1707191,0.74934757,0.0992924,0.13926631
1.6199148,0.5881152,1.3496902,0.78147316,0.40483153,0.13725893
1.7920972,0.9809262,1.2292271,0.82057315,0.38485307,0.12913312
1.6696963,0.65867096,1.5527585,0.7929415,0.31859535,0.1390187
1.3747355,0.4222424,1.3345997,0.7240081,0.21412227,0.16567092
1.4308989,0.49081597,1.3418276,0.7412548,0.24246792,0.16020112
1.7646304,0.7265346,1.3089683,0.77782404,0.3943226,0.1445753
1.1668159,0.83534926,1.2006307,0.7844573,0.21616474,0.13500264
1.1826173,0.5712271,1.1781456,0.7886369,0.2353223,0.13406445
1.3442959,0.7635492,1.5450585,0.81579566,0.42017928,0.12991606
1.3997993,0.73237944,1.1212867,0.789244,0.16138615,0.12927891
1.5095873,0.8751837,1.5752089,0.83472985,0.57171416,0.13379945
1.3760254,0.9416178,1.0707753,0.81489974,0.23291078,0.12233526
1.0682821,0.9672387,1.132854,0.81670207,0.30442458,0.12549104
1.4414077,0.9156662,1.3651307,0.73536307,0.20955247,0.1603863
1.350147,0.58594406,1.5269568,0.7962206,0.44944102,0.13409123
1.7677766,0.79966235,1.1617973,0.7654485,0.24085346,0.14159274
1.7574968,0.79734564,1.2416215,0.7037658,0.07514469,0.15623839
1.0323422,0.8015083,1.2003639,0.80703026,0.29563457,0.12843321
1.8281878,0.7385264,1.4791224,0.81948054,0.513641,0.12645507
1.1939447,0.5666126,1.3181989,0.7739737,0.341146,0.14361697
1.4151899,0.6366269,1.2598898,0.69536376,0.06735988,0.15692371
1.1419472,0.58294827,1.3909466,0.82290006,0.5018071,0.12209426
1.6520768,0.907019,1.3195019,0.7166226,0.17150308,0.163723
1.3887583,0.6097088,1.4027514,0.77920604,0.44853783,0.14696348
1.5127162,0.7192698,1.4611127,0.79183173,0.41685316,0.14116263
2.006601,0.9961249,1.4314826,0.7570952,0.34105548,0.15377775
1.7968746,0.8027956,1.3592494,0.79588115,0.35653117,0.1392566
1.3692901,0.80970556,1.4554667,0.77906454,0.33822852,0.14592235
1.4909208,0.7505178,1.4257662,0.7826965,0.300359,0.14673817
1.3941371,0.6698991,2.0310457,0.945888,0.41107762,0.06577109
1.3353614,0.9408044,1.4168079,0.7548995,0.27405626,0.15334783
1.9614625,0.948976,1.4204645,0.74108565,0.29894674,0.15130775
1.3407288,0.64258385,1.3431768,0.783039,0.27607217,0.14635995
1.541727,0.6512901,1.441473,0.7415556,0.33420104,0.1594361
1.3278047,0.50550354,1.4245453,0.7123463,0.19088696,0.16747355
1.1970321,0.90220416,1.706507,0.902996,0.803193,0.085840434
1.5338854,0.7517208,1.5042186,0.77934533,0.4600856,0.14833666
1.6020242,0.99394524,1.4622569,0.7449623,0.21176389,0.14608045
1.2864217,0.8392569,1.5278826,0.81290615,0.36742082,0.1289184
1.3181869,0.8594911,1.3124764,0.69833267,0.10185465,0.1617427
1.4115167,0.77998585,1.0821958,0.81406325,0.26099178,0.1254095
1.6895617,0.9030038,1.113487,0.7800884,0.13631958,0.13123196
1.5142754,0.6455428,1.2362726,0.7452642,0.1570932,0.14591879
1.347919,0.6515903,1.2264624,0.7661075,0.2732007,0.14535534
1.5929258,0.6940221,1.346189,0.7054769,0.15580568,0.17103949
1.2875879,0.69368494,1.5124106,0.80012804,0.40963343,0.13254963
1.4118308,0.68916094,1.3001363,0.69172466,0.07853461,0.16978249
1.7549435,0.6569351,1.1130923,0.79327065,0.24337927,0.13211446
1.0048934,0.85924846,1.7108865,0.8892436,0.70917505,0.105459854
1.2957555,0.6422953,1.3156891,0.7030558,0.17770326,0.16423583
1.2688391,0.57463276,1.412317,0.70886284,0.13239685,0.16123058
1.765128,0.878245,1.43908,0.7489034,0.3796702,0.15019903
1.0205348,0.75584,1.335226,0.75871396,0.372945,0.15980126
1.8071227,0.69690275,1.2739339,0.76557565,0.33528745,0.14986582
1.9452465,0.88373387,1.4042482,0.78542966,0.29948875,0.14570725
1.5410867,0.93871987,1.3027251,0.7824385,0.34710658,0.14656568
1.3980111,0.6479505,1.2852373,0.7743429,0.34124765,0.1518717
1.4233791,0.54022396,1.6387751,0.8180713,0.32105246,0.1219147
1.4162143,0.5166118,1.3759344,0.7632224,0.32183778,0.15730524
1.2301949,0.76103514,1.2292228,0.7698679,0.27568167,0.14240775
1.2740439,0.9634423,1.2681298,0.81131727,0.29435793,0.13129096
1.8039806,0.865524,1.2367537,0.77029413,0.2566228,0.14113012
1.8254247,0.8064677,1.4928398,0.8055311,0.4058266,0.14736837
1.3364632,0.8965457,1.1608577,0.77957,0.25919145,0.13729022
1.1999933,0.61101925,1.1697264,0.7607293,0.05915354,0.12825598
1.367669,0.4762713,1.3079736,0.7636855,0.3246757,0.15652551
1.0859257,0.87603086,1.5525994,0.8153389,0.42783144,0.14584671
1.5822735,0.6422978,1.61425,0.7998045,0.39128616,0.1333792
1.3626574,0.4578295,1.4109459,0.8267605,0.6142995,0.14177899
1.2669196,0.92006606,1.25348,0.744981,0.21232277,0.15278883
1.3116074,0.6895949,1.9191773,0.8851417,0.15974471,0.08107523
1.7458614,0.8316879,1.2909172,0.7889653,0.35546878,0.13954139
1.6880347,0.8761939,1.5969133,0.7869587,0.3299363,0.13479364
1.7363431,0.7206461,1.4146984,0.75227773,0.2914486,0.15989655
1.4245591,0.5596012,1.4260497,0.72545195,0.26799175,0.16226989
1.5318452,0.63654655,1.494798,0.73488253,0.17525846,0.15294355
1.9516178,0.97028553,1.1732625,0.7754092,0.14963828,0.13369043
1.5110004,0.63955307,1.3550172,0.8075358,0.42599705,0.13698037
1.4831706,0.48603597,0.9745424,0.8572385,0.19885442,0.1047911
1.3676243,0.6525209,1.2926652,0.821195,0.34175012,0.12766099
1.7532012,0.8330542,1.3259327,0.78966594,0.37276027,0.1436949
1.4580015,0.95040923,1.3960598,0.79110765,0.42201743,0.13946591
1.2202476,0.5495003,1.6253805,0.8185198,0.56235206,0.13612518
1.5851912,0.62041414,1.3750656,0.78805506,0.46474922,0.14590527
1.0133547,0.76661617,1.2638669,0.7540543,0.28211245,0.14918418
1.3874726,0.44284782,1.3734307,0.8028843,0.41905725,0.13932496
1.4232017,0.7412615,1.2029793,0.7795632,0.17123336,0.13232666
1.3145124,0.71819717,1.2823639,0.76159394,0.35243928,0.15118921
1.334361,0.46391395,1.187288,0.7881489,0.21450226,0.13240999
1.7585603,0.77899647,1.3934832,0.79573053,0.43033904,0.13987598
1.6318344,0.680096,1.3327773,0.8131871,0.47746313,0.13484035
1.071534,0.97679204,1.2619722,0.7805963,0.32783565,0.13942581
1.8396896,0.8388583,1.6883373,0.85174114,0.5785262,0.12296718
1.0532893,0.98987365,1.3545587,0.7724614,0.3038007,0.14535482
1.3435248,0.8686796,1.3781927,0.78436685,0.5746167,0.15830967
1.4936022,0.8480561,1.153472,0.7753758,0.1829078,0.13503398
1.4555387,0.93495333,1.2602277,0.7794143,0.32555947,0.14160945
1.6734166,0.72628874,1.1588526,0.77622044,0.15936366,0.13337886
1.8464324,0.8463621,1.3131721,0.785433,0.33757874,0.15071033
1.7874717,0.84583026,1.8982642,0.89228976,0.32711303,0.08397631
1.6573687,0.6317181,1.4819651,0.77271384,0.44318512,0.16363257
1.7843186,0.9742804,1.4798548,0.7432368,0.25897825,0.15850995
1.1093578,0.7325452,1.2737536,0.8026897,0.34187374,0.13299479
1.5108289,0.8385208,1.3857305,0.76368475,0.36797085,0.15853298
0.98998415,0.90638137,1.5738151,0.80431,0.34537107,0.12855515
1.4007452,0.51331687,1.5354102,0.7943753,0.487161,0.1456858
1.920507,0.9513214,1.2903123,0.7981801,0.40651503,0.14394237
1.4154462,0.59546036,1.3556247,0.7567978,0.2693681,0.14770256
1.7931783,0.850229,1.2744753,0.78080475,0.28711295,0.14028686
1.5237414,0.5326,1.4918945,0.6923508,0.042435493,0.16337222
0.96091235,0.8752033,1.4126279,0.781808,0.36774454,0.13718954
1.3451492,0.92573196,1.7060843,0.8243434,0.4036025,0.12886925
1.2535117,0.74506164,1.2285502,0.7312435,0.15073076,0.14818102
1.5901572,0.58199245,1.099891,0.8057408,0.19807936,0.12478094
1.3619632,0.47432846,1.5237148,0.8002909,0.61412966,0.14561287
1.358303,0.58131444,1.3733101,0.77596813,0.35283178,0.14696136
1.441082,0.93225574,1.4238031,0.7836306,0.38022524,0.14504181
1.5543301,0.6449474,1.2028277,0.7276658,0.1297337,0.15268195
1.3390458,0.6814832,1.3364382,0.7388328,0.20973295,0.17105813
1.4153204,0.5491592,1.1573334,0.8227214,0.3670545,0.12841627
1.4332409,0.91883254,1.2286608,0.7838279,0.20482136,0.13613415
1.8865193,0.7871892,1.2093246,0.73158634,0.09567763,0.1458769
1.4618156,0.9634316,1.2408547,0.77790534,0.29022628,0.13980815
1.1630143,0.7536811,1.2452018,0.78025466,0.1913832,0.13497634
2.084116,0.9298118,1.5399439,0.7545532,0.17388684,0.14377102
1.5341352,0.5678795,1.2024724,0.74592507,0.23001961,0.15939695
1.4375267,0.7070797,1.3074665,0.7755215,0.33947664,0.146549
1.9299276,0.8203719,1.6975505,0.82193655,0.4072124,0.12276028
1.6813573,0.757772,1.376996,0.7968054,0.41654864,0.14000496
1.5010101,0.88112265,1.6964138,0.8641482,0.5305102,0.106891654
1.2843584,0.81791884,1.3289511,0.70092785,0.0980887,0.16473265
2.0222895,0.872487,1.3898582,0.73726285,0.34276396,0.15935639
1.4809394,0.69415504,1.4253426,0.8231744,0.59943146,0.14870232
1.2106459,0.54899347,1.3013952,0.7644396,0.3174504,0.14852242
1.53586,0.5956325,1.4333808,0.7390193,0.31319022,0.16143034
1.8930571,0.78116095,1.3527179,0.7071382,0.17056446,0.16750647
1.6596705,0.7638603,1.368819,0.66190475,0.027861938,0.17298567
1.7935652,0.8448053,1.7457471,0.85248953,0.19645827,0.09663961
1.187544,0.59802663,1.5318446,0.85450506,0.54043424,0.10428134
1.5299537,0.59222096,1.3479228,0.7811881,0.41535813,0.14231059
1.6182326,0.7030965,1.4532428,0.7299665,0.25134984,0.15871422
1.3658051,0.5015061,1.2097714,0.7839148,0.19573563,0.13206929
1.2689111,0.75862616,1.5313404,0.78145635,0.3784731,0.14300503
1.2218453,0.7982568,1.530515,0.8263106,0.42747113,0.13344021
1.377088,0.5885297,1.4309285,0.67759764,0.016217507,0.16305326
1.7180469,0.7304034,1.3743384,0.7565248,0.36892152,0.15963784
1.6726623,0.6638024,1.0830195,0.8416464,0.31867883,0.11569803
1.2712302,0.7753054,1.3277948,0.80494875,0.31167603,0.13224153
1.2682681,0.5648457,1.4835894,0.75209546,0.26530218,0.1591129
1.4845961,0.805809,1.5035219,0.7981095,0.5831049,0.1575389
1.5363626,0.78330505,1.4388857,0.74367166,0.28547445,0.16094056
1.1117743,0.9172887,1.6107125,0.81993717,0.6587785,0.14288628
1.3101966,0.5643698,1.3611562,0.7787838,0.34968194,0.15327944
1.8253685,0.83746487,1.5152187,0.82537156,0.4889689,0.13564143
1.5339432,0.66911495,1.405469,0.71150917,0.28105485,0.1718655
1.2769232,0.7415256,1.228082,0.75449765,0.32197824,0.15179272
1.420135,0.7491416,1.2633469,0.7443582,0.22048461,0.1530765
1.5324494,0.5501752,1.4156835,0.7407059,0.2084028,0.15644702
1.3739789,0.74881214,1.4221337,0.78793424,0.35850358,0.14660792
1.830189,0.89438015,1.0756133,0.8153537,0.163544,0.11791473
1.7791221,0.6774321,1.4771614,0.78429884,0.4150346,0.13886786
1.4018959,0.72676283,1.3562458,0.73395073,0.27607304,0.1540463
1.6859175,0.8742743,1.7569287,0.8606739,0.5490289,0.107833795
1.7952601,0.8905562,1.5273869,0.7903349,0.5448838,0.1450683
1.6853101,0.9162652,1.1105155,0.8037644,0.14011116,0.118847474
1.7499497,0.7590276,1.2587216,0.79503137,0.29444367,0.13295557
1.1416037,0.680451,1.4713781,0.80901736,0.50063926,0.14364445
1.065131,0.876431,1.4531395,0.8499765,0.5462935,0.1242114
1.7155585,0.89651436,1.5174212,0.73613113,0.17353241,0.14608012
1.7145497,0.9539685,1.5430355,0.7669499,0.26499674,0.14302142
1.0854048,0.7467939,1.473851,0.79274213,0.37952635,0.13467823
1.566251,0.7304751,1.4672217,0.7654676,0.39856753,0.14599885
1.3177315,0.4408849,1.320514,0.8290749,0.5844014,0.1386357
1.7365199,0.9690317,1.2045238,0.75564766,0.23433183,0.14802654
1.2317835,0.50009197,1.4259617,0.7378466,0.23565364,0.15935944
1.307371,0.81499577,1.5186832,0.77049017,0.40085888,0.15690422
1.6945343,0.6580557,1.4411197,0.7499856,0.27388284,0.16085006
1.6424371,0.74964577,1.3080819,0.7801908,0.32320574,0.14384872
1.4965049,0.95571005,1.4117179,0.74421954,0.3788034,0.17357036
1.5909356,0.66353536,1.3877344,0.78290176,0.4135821,0.14518967
0.91333,0.9340734,1.0903912,0.8204146,0.28304356,0.12238845
2.0240538,0.88224834,1.2677829,0.76267326,0.2249125,0.1464805
1.3332233,0.47478005,1.360008,0.81797713,0.4610635,0.13566719
2.033509,0.9072059,1.449765,0.82875335,0.48761684,0.12611583
1.318619,0.760135,1.3071175,0.75767076,0.2352991,0.14687462
1.1211176,0.7237341,1.3711157,0.7318724,0.24644448,0.1603301
1.8176422,0.7459905,1.2917128,0.7746781,0.33369923,0.14905883
1.4986508,0.7351589,1.3084762,0.7878997,0.5631591,0.14901671
1.7921016,0.7859232,1.5042355,0.74692583,0.27185875,0.16641897
1.4818083,0.59766847,1.4426317,0.7844869,0.4467784,0.15215771
1.1037768,0.8960433,1.3230262,0.77938735,0.3409132,0.15556349
1.5277759,0.771411,1.2948351,0.695715,0.10496012,0.16135351
1.6131302,0.64463264,1.3232152,0.72265303,0.2070674,0.15417744
1.1890187,0.5788825,1.1569245,0.78939366,0.24490842,0.13378271
1.4102995,0.4351798,1.4248939,0.7768518,0.31880644,0.14767115
1.5609902,0.57953006,1.132596,0.7801331,0.14967442,0.1304703
1.4143734,0.51765966,1.3933499,0.77838886,0.43254936,0.14692074
1.0808527,0.80172485,1.4136336,0.7928468,0.441039,0.14995413
1.0903003,0.8180532,1.4182975,0.80290717,0.40266496,0.14401066
1.2908407,0.83065444,1.7172565,0.8472726,0.62099177,0.12315953
1.3148254,0.50771457,1.3752513,0.79211605,0.4652947,0.14611463
1.1798081,0.7559311,1.4775975,0.803971,0.42459387,0.1267844
1.8813678,0.76470774,1.200844,0.75039554,0.18106233,0.14452226
1.2179645,0.82247686,1.3070118,0.7573899,0.27778754,0.14722225
1.1924207,0.58458924,1.1770306,0.78419363,0.17901933,0.13313954
0.92821866,0.99635184,1.5670488,0.7912936,0.2286669,0.12715395
1.1074159,0.85825056,1.1840339,0.75443745,0.13416137,0.13914925
1.3497587,0.6151182,1.3253164,0.7598464,0.25629535,0.14920998
1.2443736,0.6083532,1.3378944,0.7964527,0.34435195,0.14370696
1.4104966,0.9871132,1.3309915,0.7843846,0.40836424,0.15095791
1.2056373,0.7153363,1.3210669,0.72411686,0.21727946,0.16788705
1.8377368,0.8674597,1.3316021,0.7432639,0.24925019,0.16004232
1.6726829,0.7494211,1.5566304,0.7871789,0.4325661,0.15707906
1.7226444,0.75023943,1.4456685,0.7871132,0.39406553,0.15123986
1.7098421,0.74328554,1.4171062,0.7306435,0.22462653,0.16421585
1.306015,0.8287215,1.2467291,0.75860226,0.2924046,0.14583352
1.23976,0.57539845,1.4822505,0.73469716,0.22845846,0.15765852
1.7639611,0.8248025,1.1990921,0.75926685,0.21113506,0.14333004
1.2752771,0.928239,1.3441033,0.74755,0.28711244,0.1598713
1.7567079,0.785182,1.395185,0.76020586,0.3556887,0.14751509
1.9285114,0.840627,1.2761576,0.78411967,0.2641096,0.13848925
1.6393036,0.62858933,1.2243869,0.7709794,0.19462666,0.1426725
1.5862268,0.98319227,1.5927551,0.7520958,0.09787615,0.13416444
1.3898499,0.68105906,1.3800776,0.78968036,0.45822865,0.13599129
1.7371094,0.70459133,1.4079947,0.7800225,0.35612208,0.14493492
1.6958889,0.82589793,1.2102389,0.7595879,0.22207893,0.1403503
1.2446864,0.6041641,1.1835597,0.7766111,0.17562754,0.13585903
1.4439467,0.47864923,1.3093898,0.7594683,0.2006699,0.14384893
1.7181396,0.88678265,1.0574131,0.814728,0.14918631,0.117284454
1.4088678,0.46586707,1.3766026,0.8406888,0.5191522,0.14059481
1.7509112,0.992857,1.3802726,0.8055058,0.27825212,0.13243678
1.3826612,0.65340567,1.2348197,0.7922025,0.31586567,0.1384216
1.3241557,0.85474956,1.7413692,0.8443181,0.4864009,0.114481956
1.7948738,0.82847685,1.41401,0.77647144,0.37032422,0.1511593
1.8416938,0.8454166,1.1740475,0.8137936,0.37269568,0.13431545
1.8801373,0.96294653,1.361613,0.72958493,0.26058874,0.15749972
1.5798566,0.5990079,1.6753876,0.84248126,0.3576641,0.10441357
1.0630721,0.7244926,1.2909486,0.77747554,0.34878522,0.14838846
1.5779324,0.9053023,1.07954,0.8313502,0.19659825,0.11506676
1.555636,0.9432251,1.6273327,0.76370835,0.11465492,0.13334279
1.3811089,0.4787651,1.0820369,0.7998317,0.14939487,0.123211846
1.8272502,0.8865292,1.2615521,0.7997946,0.3697495,0.13351674
1.6100385,0.5955907,1.3303077,0.7338822,0.28317538,0.15897904
0.99522215,0.7903631,1.608645,0.82106906,0.4890892,0.12178664
1.505265,0.505113,1.1896517,0.83135515,0.32733938,0.1215305
1.8864169,0.75765055,1.4214301,0.7521406,0.29985192,0.14925036
1.4229907,0.541397,1.5743232,0.82104844,0.55424833,0.12626432
1.1658182,0.73411924,1.4170954,0.75333893,0.21444328,0.15022494
1.810247,0.88060033,1.4822123,0.7620531,0.36427504,0.15205677
1.2553318,0.8143259,1.539536,0.8164396,0.42152086,0.12424588
1.2173009,0.8541568,1.308331,0.7379847,0.23273747,0.15741014
1.7790602,0.7840625,1.1453056,0.8363485,0.35631752,0.12003157
1.4398605,0.7024263,1.379844,0.81235784,0.5007173,0.13895887
1.0598407,0.9192094,1.3009982,0.79370403,0.3297572,0.13611475
1.6234002,0.8160328,1.2123947,0.83474797,0.32577392,0.12158582
1.535554,0.66921335,1.2222581,0.73109114,0.122119516,0.14973517
1.6379335,0.6554397,1.1624804,0.8065531,0.3252963,0.13687253
1.509366,0.57423604,1.1428508,0.7928376,0.18034506,0.1289834
1.3829491,0.6742907,1.4419305,0.77305245,0.3124169,0.15368871
1.5797336,0.9914198,1.8154855,0.8599433,0.5273129,0.114714116
1.2793653,0.46435535,1.661736,0.84813726,0.4621033,0.114092134
1.5090808,0.80897224,1.3197801,0.7966595,0.38515967,0.14139077
1.2658592,0.61738384,1.1748428,0.8062974,0.28709635,0.12787767
1.626152,0.6234428,1.2863045,0.82563716,0.3952229,0.1340134
1.8191159,0.7269592,1.1003213,0.8088051,0.20333537,0.12386723
1.5076835,0.7826711,1.4696107,0.78748643,0.42819217,0.142273
1.6117271,0.6974314,1.330406,0.733328,0.26210955,0.16431364
1.5452294,0.75511503,1.2459085,0.73912334,0.1993217,0.15131253
1.902834,0.82460797,1.6521547,0.8204848,0.4515631,0.12633802
1.8885841,0.7568909,1.3128085,0.7785656,0.37244484,0.14329928
1.9282622,0.89470077,1.3219883,0.7447051,0.195959,0.15365236
1.5302898,0.81636137,1.3620541,0.8533318,0.50003713,0.11160945
1.1734674,0.8787485,1.3123577,0.7794101,0.3709583,0.15155229
1.8778931,0.95618993,1.1491089,0.82630354,0.43573353,0.12374191
1.3357263,0.49695203,1.1772472,0.74805295,0.16114192,0.14447902
1.8590304,0.9007327,1.148345,0.7948969,0.24005885,0.13723755
1.4810791,0.54559535,1.101505,0.8237228,0.2631071,0.120433815
1.8171529,0.9568843,1.4579015,0.76662093,0.2942453,0.14926057
0.97119534,0.8636147,1.2660041,0.7878779,0.38313657,0.14395517
1.2127614,0.6504101,1.3893399,0.77237904,0.3365071,0.1465281
1.5861496,0.9187764,1.5382493,0.74732214,0.1770347,0.1451929
1.8168987,0.9521139,1.0911276,0.8168946,0.20225157,0.12087538
1.4970866,0.59834725,1.378747,0.80015355,0.4441266,0.13508266
1.7247684,0.74920577,1.2616205,0.7586116,0.25640243,0.146925
1.2406359,0.8731726,1.5078373,0.7927618,0.4278436,0.14148216
1.6193907,0.65509546,1.5337131,0.845961,0.5747853,0.12292396
1.3380146,0.5543452,1.5750759,0.82224816,0.7632749,0.1474274
1.7206267,0.93901235,1.4190462,0.7417382,0.24391957,0.14671288
1.401378,0.495514,1.1502721,0.78194106,0.19045125,0.13352346
1.111718,0.82181126,1.3732271,0.7916313,0.33724487,0.13274248
1.2096776,0.571484,1.3524942,0.7261288,0.18485199,0.15472467
1.642178,0.7499728,1.3192017,0.8007913,0.4279355,0.145036
1.7717363,0.8601129,1.4766622,0.7583803,0.274524,0.15173818
1.5956814,0.58323586,1.4379182,0.6846514,0.0701786,0.16727786
1.1822224,0.56376463,1.5777152,0.80843186,0.4059799,0.14041033
1.326196,0.4589493,1.3422365,0.727463,0.23172073,0.16134942
2.0030355,0.8896855,1.2299492,0.7870649,0.21203946,0.13687825
1.5565393,0.6183515,1.8315201,0.85637414,0.17658891,0.08988078
1.4712188,0.5414737,1.4580829,0.78896254,0.38098705,0.14498043
1.9384205,0.8485151,1.4158633,0.7123852,0.21649376,0.16523245
1.3140202,0.9760466,1.4621639,0.80738777,0.47560936,0.13970205
1.9378918,0.8981806,1.4156487,0.79839057,0.39831808,0.14314127
1.559182,0.6589266,1.2671297,0.7958887,0.28305897,0.13719597
1.9139128,0.7896168,1.3302925,0.7798053,0.2834849,0.14387463
1.6711446,0.9066751,1.5306501,0.7833489,0.3951357,0.14335686
1.1735163,0.68664455,1.308054,0.77230436,0.36132076,0.15116352
1.7295161,0.87794715,1.275912,0.7402314,0.22581498,0.15613872
1.4701086,0.73188776,1.4886525,0.7794343,0.38039336,0.13388424
1.244392,0.9481138,1.2496867,0.763659,0.15050754,0.13405168
1.8033527,0.86421126,1.3763509,0.7200879,0.17396545,0.16131863
1.3759389,0.4434653,1.5152891,0.8016642,0.46783188,0.14185971
1.8614124,0.77471024,1.773875,0.8613219,0.583658,0.12012037
1.2608585,0.72485197,1.3731072,0.71973103,0.20023242,0.16467759
1.0213145,0.92949796,1.6810389,0.807064,0.2383856,0.116055414
1.5482237,0.8169139,1.2912557,0.77206594,0.35563692,0.14904307
1.6429409,0.86532307,1.4062169,0.73953456,0.27180117,0.15848595
2.1016824,0.94197756,1.3521929,0.8114515,0.54976285,0.13492729
1.2370917,0.93216515,1.247411,0.85329634,0.3702824,0.11338698
1.2524943,0.76211303,1.1518145,0.7922252,0.28964248,0.1327985
1.4510405,0.5493304,1.3852901,0.85000914,0.6282174,0.12546815
1.5110943,0.72501206,1.2531285,0.7759677,0.2583232,0.13825113
1.427661,0.8090272,1.9265993,0.8853792,0.1894508,0.08472715
1.2967101,0.4374461,1.3647945,0.78269744,0.35556975,0.14784285
1.8101836,0.7387348,1.3352897,0.77548975,0.2636802,0.14723818
1.9274782,0.8660775,1.3176136,0.7720547,0.31873253,0.1413002
1.408183,0.49767885,1.279192,0.75734806,0.23862462,0.14723201
1.2493106,0.9378385,1.5299852,0.76904297,0.27750972,0.14228924
1.2009529,0.62848204,1.3975451,0.7517369,0.27948028,0.15568271
1.9841043,0.85922253,1.4357061,0.80630875,0.49040276,0.14195563
0.92680985,0.98666364,1.2455716,0.8195117,0.39023003,0.13376515
1.7125843,0.90435326,1.4769132,0.79334754,0.63177717,0.15704037
1.3715441,0.771474,1.5066826,0.729237,0.12022774,0.15136464
1.445491,0.618025,1.2467868,0.7386538,0.15002477,0.15243548
2.083104,0.9423453,1.7010627,0.82204956,0.45738944,0.12393922
0.9312418,0.8821445,1.3376062,0.7777699,0.36118048,0.15396638
1.9872545,0.954114,1.100251,0.8402927,0.3047311,0.1188419
1.5056397,0.79894,1.2837236,0.7858485,0.28521806,0.13589886
1.3169574,0.50821394,1.2920866,0.8166594,0.41018978,0.13522145
1.4056424,0.64159375,1.7756639,0.8249194,0.20835482,0.10504602
1.216966,0.5615466,1.2490034,0.75558436,0.29423028,0.14994082
1.9360467,0.9453328,1.1071093,0.82279366,0.3273452,0.12487429
1.4721202,0.7043528,1.642108,0.8186442,0.41457653,0.13890377
1.158535,0.8810279,1.3810625,0.70051664,0.122403406,0.16414338
1.4385036,0.5025362,1.3382688,0.8034205,0.40317255,0.13031818
1.9779853,0.95201993,1.3738432,0.75415725,0.29236662,0.15431808
1.2094258,0.9492878,1.6530826,0.88239855,0.8134323,0.10901377
1.5494817,0.5490886,1.4665544,0.846705,0.60422,0.12694773
1.8939313,0.9714597,1.321317,0.7565042,0.31671247,0.15192169
1.5522282,0.7247731,1.2831287,0.68164366,0.07322503,0.16560082
1.4367149,0.99652976,1.0962385,0.7926157,0.20934346,0.13286419
1.2767764,0.6963169,1.2797005,0.7884791,0.29086012,0.13503939
1.8102051,0.79916775,1.5513732,0.7862412,0.26364177,0.134458
1.3533566,0.68683076,1.196974,0.7278235,0.04703699,0.14124843
1.4712106,0.788476,1.4857624,0.8379888,0.49659577,0.12150853
1.5622392,0.690239,1.4125125,0.68722737,0.066270076,0.1657381
1.3059447,0.90758204,1.2355492,0.77039075,0.33487922,0.15307817
2.0302994,0.9909699,1.1632454,0.76443374,0.13471639,0.13708496
1.7022423,0.9136312,1.1493831,0.78408927,0.18371902,0.13320802
1.5923102,0.62838435,1.4225023,0.7863207,0.36623174,0.1391392
1.4840338,0.8205458,1.3959744,0.77099967,0.4169989,0.15908234
1.6666425,0.6458633,1.3937025,0.7461712,0.2525681,0.15745783
1.6943347,0.80085194,1.5597377,0.71886474,0.023702243,0.14027102
1.5696989,0.6345873,1.6343982,0.800439,0.33727455,0.13652804
1.489676,0.66796863,1.2007186,0.7630495,0.1739823,0.13949832
1.8790333,0.75971836,1.3894477,0.7843908,0.43776965,0.14498717
1.6059153,0.69270325,1.2302303,0.77719915,0.328344,0.14563349
2.0857217,0.977688,1.1818454,0.80203325,0.23288448,0.13089904
2.1587956,0.9933478,1.2302444,0.75610495,0.20723598,0.15051055
1.3752434,0.47954816,1.4456375,0.8007119,0.4185892,0.13568376
1.2678283,0.74496067,1.4438784,0.7456907,0.36305657,0.17495869
1.4246703,0.55744517,1.2090507,0.7749758,0.19381985,0.13772959
1.6780562,0.8026361,1.2672801,0.73541355,0.1567131,0.15014404
1.2735084,0.9356363,1.9652615,0.92483604,0.1342087,0.06142218
1.0085634,0.7597374,1.41467,0.76280904,0.28492934,0.14696701
0.99056154,0.84540206,1.1865029,0.79308695,0.2680242,0.13467734
1.2592149,0.9923579,1.0591202,0.82977444,0.22498538,0.11633356
1.2282119,0.6812606,1.3112285,0.7718325,0.2947281,0.14438538
1.7056288,0.6536209,1.2198079,0.80859023,0.2533172,0.12363901
1.7712905,0.9124342,1.1928661,0.7372802,0.12658323,0.14825237
2.0170825,0.9270968,1.2935252,0.7309325,0.20789924,0.15998729
1.1606721,0.97150344,1.5149531,0.78139704,0.3418709,0.14617392
1.5487639,0.8759781,1.1718171,0.8084988,0.23244062,0.12473596
1.108668,0.7234206,1.5555685,0.8574071,0.55627817,0.116022825
1.7295939,0.64909536,1.3514302,0.7546135,0.25809646,0.15514538
1.6537387,0.9031557,1.3445206,0.8163169,0.534635,0.14025679
1.7235225,0.9343615,1.259434,0.7924136,0.27458543,0.13401549
1.175071,0.79616296,1.3537924,0.8129973,0.47653553,0.12918869
1.8292685,0.92611885,1.4330175,0.7384467,0.30420154,0.17278421
1.9131662,0.99831593,1.3690567,0.8016792,0.43213922,0.13656068
1.7481346,0.9313639,1.5329194,0.74583733,0.18511677,0.1548507
1.4563129,0.86711526,1.2860477,0.7164247,0.15074646,0.16112946
1.748159,0.99286616,1.616319,0.79826564,0.35164952,0.12616327
1.5524029,0.8602241,1.3967166,0.8232624,0.5609289,0.13887276
1.4966276,0.5457244,1.6518297,0.7972296,0.34409162,0.12947872
1.5789673,0.6225834,1.5898056,0.8012467,0.38151792,0.13067041
1.8827087,0.88730675,1.454885,0.77214277,0.3964727,0.15940776
1.3778677,0.8102877,1.1506594,0.7939021,0.25981686,0.13242024
1.1613933,0.6338095,1.6033742,0.80607814,0.42064327,0.1364657
1.3813998,0.5377259,1.5171118,0.8064812,0.44239315,0.13770668
1.4467406,0.49790746,1.4803302,0.7707443,0.3832502,0.15273026
1.6136564,0.8623375,1.218988,0.7698076,0.23412094,0.1412687
1.3623717,0.99817526,1.1025007,0.8030214,0.1760874,0.12615399
1.3342122,0.73401076,1.1658051,0.7925865,0.19464451,0.13149832
1.1266093,0.78741646,1.2766035,0.79293066,0.38067758,0.14124724
1.3931701,0.90085846,1.4193261,0.6818783,0.03588407,0.16337049
1.4081616,0.71213776,1.3942466,0.7147985,0.17460272,0.16184811
1.5280538,0.9191287,1.18925,0.74948895,0.12008579,0.14117588
1.7904173,0.92915034,1.5004146,0.75668097,0.20626983,0.1495488
2.0367413,0.9354922,1.2743382,0.7690153,0.27204716,0.14662588
1.2205365,0.9809277,1.2245955,0.81450313,0.3186102,0.13246666
1.2528366,0.49851105,1.2713456,0.7199956,0.15027606,0.16576944
1.3132211,0.4525866,1.5992141,0.766021,0.24270563,0.1339497
1.0334706,0.8282194,1.4772568,0.79297954,0.46594843,0.15121052
1.8892125,0.822554,1.2895339,0.80087584,0.32406664,0.13537246
1.3118753,0.5644076,1.3435411,0.79671735,0.42506152,0.14580747
1.9907322,0.88994384,1.4358063,0.77446944,0.4598255,0.15944599
1.585277,0.70666975,1.3529027,0.71013,0.18137525,0.1608413
1.3538562,0.7777128,1.252595,0.7676829,0.2990539,0.14531481
1.3288891,0.9106398,1.3758478,0.8198276,0.70313776,0.14482057
1.4363703,0.95552397,1.1075125,0.77756965,0.13982545,0.12843625
1.6767477,0.72866577,1.5170958,0.7445458,0.1143597,0.14277786
1.6572912,0.7272971,1.3123679,0.7876633,0.42410898,0.1438005
1.2996124,0.9927114,1.1376007,0.78236103,0.17235681,0.13258518
1.1155844,0.86039984,1.4912643,0.7308152,0.24094248,0.14916486
1.3838675,0.7694716,1.2344024,0.81703275,0.58081824,0.14449231
1.7782261,0.710395,1.3129447,0.80268383,0.39515212,0.13997014
1.112064,0.66542333,1.3663461,0.7333228,0.35634744,0.16850097
1.3059026,0.95918745,1.0024025,0.86755186,0.24195597,0.10884342
1.2631794,0.51466674,1.4095142,0.75102603,0.23178835,0.14811797
1.5805346,0.6054803,1.2746911,0.78560066,0.3043246,0.13705327
1.121001,0.8315565,1.6183264,0.8004136,0.5758159,0.15299778
1.6035712,0.91283077,1.2420344,0.7561723,0.2380462,0.14435537
1.5982333,0.80607265,1.1929018,0.7586864,0.112435386,0.1363865
2.016795,0.92894304,1.2769251,0.8417183,0.3229795,0.11786164
1.137244,0.99016464,1.6112785,0.8066295,0.53181684,0.13522674
1.2662879,0.49732777,1.3557997,0.7777973,0.34462652,0.14646794
1.9620345,0.8166171,1.3695045,0.7680493,0.32440224,0.15312882
1.4937564,0.7162132,1.5294838,0.7790804,0.4010007,0.15385571
1.8223449,0.742606,1.3248787,0.7502526,0.23399268,0.15050821
1.4749014,0.8619807,1.2222414,0.76155114,0.21022116,0.14654148
1.6559187,0.9966501,1.2786953,0.7267059,0.17939244,0.15666568
1.4330026,0.7165295,1.3006449,0.74710727,0.25426757,0.15174116
1.2047583,0.7983576,1.307473,0.7332288,0.24892356,0.16196516
1.2503766,0.65189177,1.5559297,0.7763737,0.3575673,0.1443823
1.4267802,0.46879697,1.4238663,0.8045143,0.5232841,0.13510843
1.7755517,0.8933381,1.4225028,0.7366388,0.2887734,0.16700801
1.7512584,0.92894727,1.4886954,0.759271,0.3820206,0.15107223
1.629044,0.7116745,1.452898,0.7965514,0.4521267,0.14511421
1.5847291,0.7839969,1.3898628,0.7882381,0.3657214,0.15216921
1.8994597,0.8565689,1.2748349,0.7164874,0.12156082,0.1573022
1.1064615,0.9368081,1.313844,0.81271774,0.5150458,0.13983232
1.3136522,0.8787873,1.314867,0.70178056,0.16129448,0.17202242
1.4558712,0.49507985,1.2771075,0.7663717,0.32839203,0.14785771
1.4087037,0.8152424,1.531744,0.8287867,0.4820489,0.13242841
1.2982358,0.46873796,1.7625756,0.8411406,0.37387475,0.12141666
1.316226,0.8038765,1.0752721,0.8030965,0.18725674,0.12478534
1.4827383,0.702752,1.4433761,0.7886522,0.4296403,0.15935196
2.065548,0.98609686,1.2222958,0.7355658,0.14684916,0.14893204
1.2607684,0.84309584,1.2599907,0.752171,0.16510583,0.14362623
1.091337,0.83031696,1.4542212,0.7647625,0.31494337,0.14802432
1.742163,0.696942,1.4059031,0.78364754,0.30579504,0.13415632
1.0249947,0.7783429,1.3900404,0.74696386,0.3432772,0.15892224
1.0568482,0.7826679,1.3281541,0.7597171,0.28559905,0.14991605
1.1131266,0.7172439,1.2341888,0.75009394,0.22810265,0.14932568
1.6585134,0.62611634,1.4286828,0.76601034,0.37442967,0.15104532
1.4659843,0.86394393,1.2970202,0.74697083,0.1597373,0.14699738
1.911357,0.87761587,1.2990191,0.77419955,0.37409112,0.1511653
1.3730925,0.94829035,1.4274638,0.75133574,0.30696535,0.1538256
0.9910164,0.8501547,1.2902281,0.765376,0.25639933,0.14474195
1.7392278,0.6902529,1.3811855,0.778667,0.3401801,0.14549619
2.0821016,0.96787286,1.3210421,0.7510456,0.24653138,0.15326498
1.3843043,0.721695,1.4043269,0.80366516,0.32486767,0.13922031
1.1414695,0.67007023,1.5589082,0.7903983,0.34655586,0.14086097
1.4068485,0.49492097,1.1178567,0.8166628,0.22105841,0.12231955
1.9668012,0.89989823,1.3842239,0.77291906,0.36344856,0.15113413
1.2963533,0.9467696,1.4086359,0.7691373,0.4562377,0.15387768
1.297987,0.8219455,1.4016364,0.80261993,0.4029716,0.14028856
1.4805068,0.49815163,1.3885338,0.7717811,0.43219334,0.16358493
1.7547415,0.8241581,1.5385258,0.76927793,0.34532407,0.15182376
1.2518085,0.4938377,1.2493343,0.767081,0.28915888,0.14564382
2.0413737,0.95599115,1.3062365,0.7894107,0.4279186,0.1436088
1.2816268,0.555862,1.6884155,0.86349493,0.7953967,0.11170374
1.2805778,0.82942635,1.4180822,0.7591471,0.3421427,0.16230954
1.7633115,0.8425036,1.5529656,0.87304807,0.70018834,0.108754285
1.5959837,0.6813541,1.5202539,0.80915385,0.4032096,0.14668135
1.9117419,0.7788081,1.1278849,0.7817255,0.15845604,0.1297939
1.1627402,0.6846871,1.3707316,0.7310613,0.25361124,0.1598072
2.0876203,0.9211198,1.2747631,0.7396686,0.22200152,0.15120357
1.3224549,0.66909945,1.3557031,0.6881356,0.098424494,0.17280999
1.9800208,0.91955674,1.5034852,0.85319,0.4755251,0.11645348
1.4477615,0.5384594,1.1618618,0.79545134,0.24977595,0.1355744
1.7277303,0.7568691,1.3244207,0.7732548,0.26168516,0.1420596
1.8943712,0.86708814,1.416703,0.71759146,0.22337463,0.16607451
1.3980249,0.71195334,1.4094977,0.7733571,0.37062353,0.152674
1.5303284,0.7597385,1.3360841,0.85030365,0.6677198,0.1250353
1.8383596,0.7338899,1.2748494,0.74341017,0.18893978,0.15001866
1.4274197,0.45669982,1.2773969,0.8227897,0.46224922,0.13672356
0.9124613,0.998003,1.1264853,0.79993194,0.17905663,0.12744853
1.1335621,0.98371315,1.0954506,0.8043257,0.22409837,0.12847684
1.5396259,0.91022897,1.3116667,0.68488765,0.06989376,0.16251715
1.8042371,0.7992971,1.3115606,0.7539523,0.26202467,0.15484957
1.7981744,0.8407065,1.2870147,0.7414869,0.24628355,0.1591518
1.6834689,0.9257226,1.2179801,0.7427222,0.1970414,0.1492898
1.4901766,0.86324555,1.3424091,0.78719306,0.4199394,0.14330153
1.8330569,0.8367564,1.0897981,0.8166042,0.22547315,0.12405574
1.2932118,0.92593586,1.519139,0.7776911,0.4039888,0.1586522
1.3473499,0.75797343,1.0819387,0.80365324,0.2231528,0.12789826
1.476582,0.8378893,1.2991986,0.77222097,0.36454147,0.15084437
1.9787353,0.91198903,1.2076714,0.79280156,0.32955694,0.14011925
1.3842564,0.8853239,1.1171257,0.79933304,0.18878847,0.1288681
1.1641579,0.5760143,1.1826899,0.76973397,0.20846702,0.13867109
1.0257424,0.8423854,1.3448069,0.726408,0.1492257,0.15157256
1.490802,0.7197184,1.4558661,0.7242422,0.35760847,0.1775036
1.6691891,0.61628425,1.3163998,0.7425044,0.25362676,0.1507293
1.1620486,0.8552667,1.4132209,0.78139365,0.3237857,0.15496798
1.6544275,0.67274404,1.276947,0.79219455,0.34668434,0.13987789
1.7851042,0.89195305,1.2885714,0.8349972,0.4470256,0.12447404
1.6021084,0.62896234,1.1962359,0.7843075,0.25120288,0.14194289
1.5777562,0.74709576,1.6698439,0.8266817,0.25623006,0.11446558
1.5340738,0.6088316,1.2319422,0.7810275,0.26910007,0.14786823
1.6581365,0.93640363,1.2397518,0.7992182,0.32311368,0.12928897
1.2942657,0.60191506,1.4508088,0.74625957,0.2933059,0.15563634
1.3836439,0.92719203,1.2278168,0.75948983,0.22852989,0.14824203
1.4796373,0.60981035,1.518101,0.79535276,0.4529837,0.15087534
1.4611709,0.5936706,1.4565666,0.77001643,0.17842916,0.12933779
1.5534601,0.76167506,1.280534,0.79028594,0.39429244,0.14737153
1.26861,0.54018545,1.5414684,0.7940572,0.32714978,0.13861483
1.5280386,0.9380382,1.3562145,0.8067674,0.48306474,0.13994122
1.876425,0.79586565,1.6077704,0.8023637,0.43761948,0.12349105
1.373189,0.5030117,1.4728646,0.80700487,0.5135496,0.14925629
1.4619691,0.7998936,1.4239364,0.8416424,0.6320002,0.121219344
1.6996455,0.8598838,1.238045,0.7656394,0.21977364,0.14293534
0.96817225,0.8207935,1.5887394,0.7965475,0.311003,0.13425544
1.5000818,0.69174105,1.3796916,0.6939527,0.14728786,0.17430453
2.0237744,0.9637165,1.5976114,0.8021987,0.4196446,0.12837103
1.2813032,0.71326214,1.0627483,0.7870064,0.06644351,0.11689818
1.0782037,0.96418464,1.4475765,0.7610012,0.31444728,0.1446123
2.1230803,0.97830534,1.8198783,0.8838987,0.61888605,0.09988729
1.2893374,0.90866965,1.39027,0.79102945,0.37024865,0.1477833
0.91303766,0.9434976,1.2670841,0.74805045,0.22771066,0.15259735
1.1764079,0.6389338,1.5742157,0.7854448,0.41789353,0.14463902
1.1074028,0.7529835,1.2925019,0.6950978,0.06771696,0.15878187
1.2147961,0.89519584,1.4839492,0.7670072,0.48244974,0.15769394
1.6820878,0.95881426,1.3235149,0.7711333,0.4054622,0.15817891
0.9985915,0.94913566,1.4193089,0.78756547,0.51327676,0.15167671
1.5547475,0.5924164,1.2653763,0.7274881,0.11750172,0.15775971
1.2136084,0.8879466,1.3344285,0.79053175,0.36541852,0.14302394
1.5159665,0.96398413,1.3527215,0.8019519,0.3819106,0.1356152
1.2457463,0.47777432,1.7368667,0.83550465,0.26226845,0.11494279
1.6843934,0.9265342,1.2730694,0.8249836,0.44203797,0.12746912
1.2581375,0.9137684,1.6052663,0.8312472,0.73121023,0.13616918
1.6554513,0.98228896,1.3263524,0.76588595,0.38335356,0.15635899
1.4603982,0.59518135,1.4157627,0.8015744,0.40014422,0.13369581
1.4977199,0.83659166,1.2790229,0.7621896,0.22961445,0.146456
1.3781724,0.7463956,1.4056966,0.75259584,0.2993931,0.15644565
1.1488264,0.96103764,1.3420937,0.77360004,0.3601,0.14904438
1.7768182,0.9763874,1.521761,0.77241665,0.34220648,0.14472428
1.1824838,0.8609972,1.3754559,0.7462204,0.23472041,0.15234347
1.7150927,0.85524553,1.4989839,0.7700067,0.3051109,0.15250486
1.8822886,0.9970548,1.5514262,0.7555311,0.23265225,0.15147178
1.0185217,0.933698,1.3473499,0.7186829,0.15817049,0.15904513
1.6233739,0.80055267,1.46785,0.79047155,0.41634607,0.14945106
1.3147038,0.5053912,1.1906977,0.7641363,0.13095872,0.1331997
1.3080873,0.7974266,1.3122354,0.79983175,0.46513003,0.14448075
1.4927801,0.96189636,1.1079124,0.78300685,0.16703911,0.13036579
1.3631054,0.51103204,1.2590885,0.7746005,0.29723966,0.14470962
1.4888145,0.6863745,1.1875381,0.7801628,0.29373893,0.14136508
1.7123885,0.7269931,1.3825231,0.7932463,0.5812626,0.1480195
1.1604226,0.6540882,1.1883166,0.78469074,0.25193858,0.13196784
1.0848005,0.7325208,1.3368804,0.72455585,0.22742873,0.17125301
1.5929339,0.7328114,1.4511421,0.7916232,0.5053459,0.15010104
1.5341773,0.6472315,1.753643,0.85045666,0.48349902,0.12065874
1.8172224,0.8862715,1.1706157,0.7794363,0.2636589,0.14154753
1.425612,0.46745208,1.4084444,0.8310778,0.5854783,0.1349958
1.8119762,0.87372154,1.4040649,0.7703798,0.2743704,0.14179541
1.3490695,0.72858346,1.8423672,0.859155,0.18873015,0.09148634
1.5808432,0.612843,1.3243377,0.8265842,0.54936314,0.12859428
1.6251787,0.6432075,1.3142595,0.7671726,0.23724236,0.14669098
1.6514739,0.92651206,1.333925,0.75567067,0.24604972,0.14938492
1.1979998,0.84711945,1.1628724,0.8116917,0.30442318,0.12731758
1.4046817,0.804128,1.2702019,0.79711133,0.30738047,0.13772252
1.2169895,0.51335573,1.3064127,0.7973485,0.30323535,0.13241261
1.3131564,0.57632995,1.5116286,0.7718272,0.19464692,0.1385879
1.2465796,0.4775412,1.5942152,0.75228035,0.17748186,0.142128
1.582678,0.83347404,1.5376909,0.8005205,0.41748407,0.1358653
1.3777763,0.53079224,1.2356122,0.75810564,0.2286274,0.14660613
1.174677,0.956942,1.1494064,0.74071217,0.061096914,0.13689455
1.5842841,0.7703485,1.325829,0.76610714,0.3440493,0.14581574
1.5278116,0.5655774,1.2940097,0.7548145,0.21929954,0.14905548
1.1634235,0.7141419,1.4876957,0.8018573,0.47360566,0.14641991
1.2923661,0.8900513,1.086,0.82190496,0.21700329,0.11919938
1.3094277,0.57155937,1.2502189,0.7597891,0.294843,0.14984842
1.6175628,0.7194711,1.5253804,0.7603245,0.30039677,0.14626878
1.3083614,0.48605582,1.3511136,0.76893294,0.3647932,0.14573267
1.6559464,0.89204353,1.6507671,0.85772324,0.4494268,0.10429996
1.5337638,0.94508827,1.20105,0.85752964,0.6463549,0.11780308
1.1739402,0.82265,1.3037953,0.7213497,0.21247664,0.15855871
1.5472939,0.6762222,1.6151359,0.81409794,0.4151155,0.12480365
1.5075322,0.8960945,1.2401569,0.74383694,0.20633543,0.15350379
1.9071305,0.87000185,1.3340149,0.81493384,0.50703984,0.13864398
1.0868745,0.91260946,1.7231088,0.82252985,0.30783027,0.10938798
1.4990312,0.77340823,1.4382412,0.7829623,0.4182525,0.14530265
1.6153189,0.6134073,1.3246346,0.7830938,0.36269644,0.1411257
1.8219206,0.8065293,1.3120899,0.72079253,0.2315435,0.16009727
1.6563569,0.9407054,1.2265463,0.77133167,0.28729862,0.13996248
1.4288092,0.6995425,1.650284,0.8041224,0.31806138,0.12981653
1.4821738,0.82805514,1.2995255,0.74132013,0.2073957,0.14972322
2.0128567,0.8839316,1.1426212,0.7650193,0.1388811,0.13501543
1.6223859,0.7453105,1.6008875,0.7498025,0.0303649,0.13195124
1.7628764,0.739406,1.1487738,0.8053829,0.22406799,0.12483122
1.7853305,0.7301784,1.3047311,0.82253045,0.5757815,0.13619833
1.7547768,0.9744455,1.5084214,0.7927659,0.42998073,0.14888987
1.1633083,0.62283236,1.327374,0.7491945,0.23952006,0.15282226
1.8882833,0.8502566,1.632163,0.8210001,0.67078096,0.13965347
1.3926777,0.8385135,1.6943872,0.85727054,0.53270626,0.108656585
1.8909864,0.86312497,1.2813375,0.7195999,0.17336746,0.15649474
1.6280557,0.6962872,1.55213,0.79049575,0.39155808,0.1475487
1.5171025,0.7908372,1.2555928,0.7690457,0.2910555,0.145924
1.1984072,0.77830154,1.6547074,0.83582246,0.6040833,0.13369341
1.6255692,0.801391,1.9168491,0.87023383,0.2288023,0.08774596
1.4486994,0.9358149,1.3710845,0.7576587,0.3346647,0.15659928
1.4040616,0.84297657,1.1647956,0.77543354,0.18795349,0.13414398
0.88182324,0.97945994,1.5758748,0.8491107,0.43553084,0.11271583
1.9373785,0.8915485,1.6716442,0.8283762,0.43104297,0.12259771
1.9233526,0.8811867,1.3867955,0.76294124,0.29488522,0.14688352
1.9401717,0.7990309,1.1002278,0.8286001,0.22503659,0.11759549
1.7046998,0.64587384,1.6738994,0.82536,0.39488354,0.13539504
1.4561573,0.8689921,1.1598845,0.7801028,0.26505962,0.14158756
1.4773532,0.99547565,1.3481293,0.75926995,0.26732627,0.15014817
1.3804812,0.7981277,1.2885985,0.72439975,0.15744996,0.16256514
1.2187032,0.88989127,1.2874427,0.7985496,0.31762785,0.13997066
2.0735564,0.91662407,1.2774167,0.71496224,0.1486567,0.16058233
1.7860224,0.8559205,1.283704,0.77318764,0.24965736,0.13973247
1.4158474,0.8978157,1.545316,0.8716871,0.65334,0.105249576
1.2722112,0.6368856,1.1896677,0.8129712,0.3629901,0.13248995
1.0380019,0.98286855,1.3434491,0.7516615,0.3063248,0.15980557
1.5016559,0.8989907,1.371481,0.76393974,0.36836064,0.15178822
1.5380127,0.80715,1.773514,0.8244711,0.371746,0.11462779
1.4680911,0.9930544,1.7805655,0.86163104,0.51207644,0.10420755
1.5656189,0.68638027,1.3172936,0.83620703,0.4536372,0.12760538
1.1382134,0.60959697,1.3815329,0.6879793,0.13191962,0.16941077
1.546113,0.59629905,1.2045598,0.77513725,0.21244739,0.13695838
1.6379206,0.6069962,1.3149412,0.8200521,0.42199567,0.1334124
1.5562924,0.9599228,1.3482232,0.7688176,0.34114406,0.14474928
1.4996085,0.86761385,1.3840489,0.8019279,0.41520533,0.14748178
1.9729847,0.88110423,1.5149274,0.7885283,0.4155363,0.13644123
1.188933,0.64409393,1.4873343,0.73543483,0.17356986,0.15490733
1.5863494,0.5850815,1.3014731,0.7552048,0.26224253,0.15427871
2.0223632,0.86588323,1.3044806,0.76867044,0.31029347,0.14948896
1.3269597,0.7230001,1.2951648,0.76842797,0.31744555,0.14405993
1.716857,0.6707826,1.5494328,0.806861,0.4644988,0.13931186
1.2188562,0.65758353,1.3362663,0.73659855,0.17556205,0.15133804
1.5887477,0.6443803,1.2868855,0.7289968,0.16732647,0.15408021
1.6986765,0.684652,1.3358614,0.78177845,0.23488663,0.13730107
2.0855947,0.96500397,1.3830144,0.7488965,0.28023568,0.15037557
1.658015,0.7768564,1.3159351,0.80765945,0.36378732,0.13480265
1.0275216,0.7505657,1.5190148,0.8241363,0.54460377,0.12148193
1.9244382,0.7956825,1.3836088,0.7412212,0.25636324,0.14920819
1.5853416,0.8164802,1.7801027,0.8669133,0.5954696,0.10948618
1.3698735,0.75635177,1.343744,0.7720798,0.34402218,0.14229964
1.493236,0.48930058,1.5560465,0.78799796,0.21579854,0.12881
1.2681718,0.84548384,1.1273832,0.76743853,0.08624382,0.12951115
1.3229433,0.8319389,1.4407604,0.7519877,0.336346,0.15759563
1.1793824,0.8007085,1.3757331,0.7794173,0.34300175,0.13669448
1.741895,0.97130865,1.3516333,0.71391726,0.19956738,0.17175694
1.8047158,0.7234295,1.355478,0.78373945,0.41256046,0.15520684
1.5060546,0.56960756,1.1257412,0.81063944,0.2826218,0.13109985
1.7517481,0.8224736,1.3030875,0.753265,0.19861208,0.14750345
1.4578164,0.7697567,1.1374661,0.7693095,0.12921613,0.13393657
1.8718624,0.76501113,1.2966847,0.775301,0.30192196,0.14427394
1.6588012,0.7976428,1.2557085,0.74841,0.21489729,0.15178956
1.9346806,0.84944236,1.6039541,0.8590139,0.6068246,0.12036131
1.683815,0.64779085,1.5050611,0.78394157,0.46944463,0.14407736
1.8947585,0.879896,1.5394914,0.8080365,0.47628537,0.1361583
1.4202985,0.9952119,1.3502555,0.8195693,0.5842029,0.14050236
1.4862152,0.49693456,1.3994253,0.77761775,0.34395683,0.14168762
1.8919413,0.86126417,1.3682821,0.7399632,0.23665442,0.15381227
1.5529499,0.61251855,1.1375,0.8228608,0.36561412,0.123250574
1.9494722,0.9961862,1.2843149,0.7633519,0.26715222,0.15059122
1.7140722,0.733383,1.1951826,0.74372494,0.15707536,0.14494832
1.3297272,0.9360232,1.2241592,0.7430793,0.19470567,0.15047152
1.2710445,0.8124519,1.4479697,0.805372,0.47600034,0.14142108
1.1829094,0.8945704,1.3189213,0.7643342,0.2979822,0.1435947
1.541325,0.81544954,1.2454174,0.70884806,0.09686337,0.15698329
1.2155848,0.50153834,1.3916061,0.72803086,0.3232108,0.15537502
1.577391,0.694244,1.2923639,0.85120416,0.50974685,0.120298
1.1829568,0.64157665,1.6528707,0.79175365,0.21315442,0.12389926
1.4627864,0.49091306,1.2476184,0.7065456,0.07041756,0.1542501
1.685337,0.7746699,1.3886726,0.7784866,0.38445976,0.14861913
1.7562158,0.8852644,1.3500745,0.73181486,0.27968752,0.15772492
0.91307926,0.91165215,1.2574704,0.7780796,0.2596506,0.14478411
1.1673158,0.90340805,1.2335238,0.7898495,0.28484523,0.13625555
1.4795898,0.50504124,1.3576019,0.7836795,0.36634228,0.13937454
1.715662,0.953901,1.5775571,0.7942558,0.47806287,0.1441342
1.2744235,0.63307726,1.2673757,0.7942828,0.26595417,0.13258234
1.2408761,0.61309206,1.5035641,0.75706476,0.25416303,0.15161423
1.7661679,0.97502613,1.306468,0.7942645,0.37645972,0.14140753
1.4748594,0.7099743,1.5261555,0.76446784,0.26747003,0.14722687
1.8627712,0.9690691,1.3718181,0.74714804,0.25126708,0.1498542
1.8072525,0.8840086,1.3836057,0.7561486,0.25545138,0.15113221
1.3524978,0.85486346,1.2023108,0.7721731,0.20905285,0.14100541
1.6415455,0.75243765,1.3179429,0.7357069,0.20555551,0.15274823
1.7459373,0.6945512,1.2032595,0.7825725,0.22624972,0.14042623
1.2914958,0.51890355,1.2333255,0.78301835,0.31834716,0.13946508
1.484163,0.7891161,1.3252625,0.73235583,0.27486366,0.1690984
1.5474834,0.7161551,1.2266881,0.72353625,0.10190501,0.15172595
1.2595387,0.6954795,1.2375369,0.7566278,0.2164299,0.145074
1.7001631,0.9799033,1.3859005,0.7399502,0.18138531,0.14572361
1.3224455,0.81637084,1.2253659,0.78752315,0.2977621,0.13915591
1.8290968,0.93941784,1.2649915,0.79079616,0.29284033,0.14193495
1.4625072,0.50959116,1.5738683,0.82290477,0.39672524,0.11359034
1.2465907,0.88606304,1.4215167,0.7574817,0.42730463,0.148625
1.136886,0.7715351,1.1241739,0.7714592,0.15908036,0.13743314
1.5478667,0.5255109,1.4618554,0.7549516,0.31676918,0.14768076
1.4299976,0.46650252,1.1746294,0.7679864,0.23395103,0.14082567
1.889333,0.76831865,1.5688527,0.75463086,0.29559773,0.15249987
1.2605599,0.9540968,1.4852524,0.76512325,0.21336144,0.1415372
1.3362058,0.7808468,1.1624172,0.76063937,0.12157161,0.13571426
2.0781267,0.91788816,1.2040017,0.7177114,0.10135576,0.15339981
1.6211386,0.8342659,1.0363679,0.8315324,0.14507534,0.113775395
1.3424904,0.62974644,1.3832932,0.71338814,0.22920507,0.16624965
1.7321614,0.95574105,1.515948,0.7497016,0.2375383,0.14792849
1.2611316,0.6471054,1.2633464,0.7461132,0.1990399,0.15598388
1.9991363,0.8981958,1.2869279,0.7354563,0.19947729,0.15820764
1.5167207,0.56999725,1.1569539,0.7313949,0.084119,0.14288211
1.6488167,0.66941065,1.743242,0.83562064,0.4516065,0.11754329
1.8019315,0.99332327,1.7213602,0.84336644,0.364232,0.11303733
1.5352044,0.6478167,1.2494044,0.75319815,0.28732687,0.149699
1.5205094,0.5789103,1.109518,0.8169035,0.32242146,0.12577628
1.5409635,0.9498995,1.3092613,0.7799657,0.40377524,0.1570836
1.3018322,0.510418,1.3035953,0.72218555,0.17228323,0.15576205
1.1260307,0.6888678,1.3537555,0.77174467,0.31278622,0.14917032
1.1656004,0.6175851,1.4529355,0.81419677,0.5102596,0.14152475
1.3192297,0.626764,1.8591158,0.8617088,0.2983591,0.09294658
1.7015668,0.7902022,1.351542,0.74876946,0.28595594,0.14887005
1.6889364,0.93831146,1.1619706,0.7777173,0.26115337,0.14265546
1.5041342,0.56798863,1.7110546,0.82886,0.24349338,0.1001774
1.0364367,0.89845455,1.1341805,0.8106184,0.21526557,0.12693475
1.103917,0.6785037,1.3645706,0.71143353,0.2293799,0.16403289
1.1415567,0.6120496,1.2494614,0.8177865,0.3687676,0.13744931
1.506873,0.8536541,1.3244374,0.7701979,0.3149896,0.14191385
1.0262866,0.9211455,1.4052451,0.80400866,0.5844789,0.15598679
1.6445167,0.829265,1.4389961,0.75689113,0.35719815,0.16229258
1.5591817,0.64240474,1.265291,0.79674596,0.2552476,0.13415822
1.8733644,0.9609109,1.5584579,0.8232252,0.45826912,0.13072437
1.8216776,0.74462324,1.3080897,0.8044453,0.36046916,0.14246386
1.1814184,0.9362333,1.7651646,0.8140517,0.101330735,0.11141153
1.5639298,0.76245654,1.3976321,0.77347577,0.27819097,0.14427976
1.9913021,0.8861109,1.6349142,0.8176067,0.48113945,0.12593167
1.4545133,0.59235,1.138089,0.78420866,0.21646166,0.13710576
1.6030616,0.8444488,1.4347789,0.83036894,0.4295106,0.12482576
1.6289774,0.5806255,1.2055719,0.7939937,0.26609662,0.13201107
0.94755244,0.94836074,1.2956665,0.7909714,0.3823262,0.13695121
1.3614074,0.6631651,1.4035265,0.74803627,0.2386928,0.1515343
1.5177507,0.5848569,1.113272,0.85907274,0.31104243,0.11412371
1.476282,0.47589004,1.4673645,0.75692546,0.26478863,0.14285707
1.928178,0.8023789,1.4428527,0.7607398,0.47472575,0.1574539
1.173065,0.5595439,1.2612934,0.7956701,0.41156244,0.14770131
1.916398,0.8274873,1.4638674,0.81352866,0.7321266,0.14410189
1.004032,0.9215465,1.2736936,0.7505819,0.23499969,0.14911722
1.5046577,0.8914763,1.2709701,0.8063271,0.36435556,0.13268255
1.4231247,0.8230788,1.1267717,0.7827246,0.17356767,0.13590828
1.3497026,0.732467,1.0709829,0.81060165,0.12459808,0.11507449
1.7300807,0.8504457,1.3019257,0.79449683,0.31209186,0.1349319
1.2822145,0.9322582,1.4658723,0.75969696,0.30326256,0.15732002
1.7716002,0.68340635,1.3606803,0.7364609,0.24437645,0.15659608
1.9635807,0.83528847,1.2863846,0.7866033,0.45898002,0.13658881
1.3694065,0.9125397,1.5360427,0.8262047,0.60002184,0.13217099
1.9097248,0.89016706,1.0982943,0.8134492,0.19142942,0.12446556
1.293565,0.49677762,1.21277,0.8214435,0.3267982,0.12553573
1.7918674,0.967263,1.3130836,0.7997455,0.40326935,0.13665412
1.6948483,0.74454397,1.1902201,0.75737154,0.14045689,0.13813527
1.2749821,0.50035906,1.6100109,0.79744107,0.45505986,0.13847674
1.8801161,0.7742788,1.4156778,0.75484836,0.33573124,0.15240355
1.0706291,0.6860248,1.3929982,0.79616046,0.38639343,0.13902614
1.3219564,0.9580007,1.522341,0.766278,0.3577739,0.16288911
1.3893806,0.45807683,1.3993528,0.75810754,0.38920242,0.17293155
1.4730355,0.77960354,1.2937036,0.76465094,0.33362728,0.14797834
1.4423691,0.99003077,1.3309753,0.77983916,0.36289036,0.15007149
1.6638745,0.94574535,1.352725,0.75645864,0.32086903,0.16214174
1.829795,0.8242808,1.2773676,0.74580294,0.2834232,0.15908276
1.4260345,0.50219655,1.1803346,0.83547395,0.29649323,0.12301426
1.5677879,0.91807705,1.519665,0.74225736,0.115928955,0.14171223
1.8149117,0.71493334,1.3571262,0.75766385,0.2216971,0.14565529
1.6663607,0.6388502,1.4374607,0.71591246,0.16158661,0.1603972
1.6199379,0.92463803,1.4852264,0.771265,0.38753498,0.14859895
1.180091,0.60117966,1.5296447,0.7924368,0.34866,0.14170289
1.2192316,0.70439,1.5204146,0.832668,0.5783054,0.14220195
1.9822798,0.9262085,1.5741124,0.7718446,0.33617434,0.14377068
1.2674086,0.5351043,1.211674,0.8288747,0.36884388,0.1292489
1.1801804,0.61747164,1.3271174,0.73843277,0.27869046,0.15933196
1.9151846,0.9419419,1.078494,0.8146144,0.14460863,0.116507135
1.0966054,0.66272676,1.2229936,0.7394099,0.10569975,0.145486
1.713696,0.81545275,1.471221,0.7767517,0.379895,0.15888624
2.0185313,0.9939588,1.3108349,0.78158814,0.3107397,0.14002007
1.8184426,0.871944,1.2454655,0.7330742,0.1584699,0.15309606
1.9563595,0.9652185,1.3756952,0.72804594,0.16682695,0.15314142
1.2310127,0.60225123,1.3805146,0.7631562,0.38190025,0.15853773
1.5623757,0.95754105,1.3069632,0.70511055,0.12056629,0.1635375
1.403016,0.86999434,1.4415002,0.77237487,0.34353435,0.14228007
1.3772011,0.6723414,1.5841882,0.88368815,0.58561563,0.09850671
0.9533206,0.84899133,1.2038233,0.76548684,0.19135444,0.14106157
1.6813767,0.93189543,1.1204792,0.7935823,0.22197352,0.12858239
1.1171768,0.7459022,1.1923771,0.7667481,0.206248,0.14363231
1.5117853,0.744852,1.3233366,0.8188147,0.46187618,0.13463815
1.7916063,0.9111027,1.2762289,0.7256539,0.16387275,0.15471555
1.7943766,0.91086626,1.3598523,0.76114374,0.2937139,0.14547954
1.4082661,0.44475704,1.6593096,0.8469289,0.6262299,0.12482555
1.2246519,0.857159,1.2314332,0.7792474,0.26991093,0.14191872
1.4105579,0.6908864,1.4422047,0.7439824,0.2959438,0.14934893
1.4942343,0.6734642,1.7626457,0.79717773,0.037720747,0.10655154
1.4313502,0.78520983,1.4421465,0.80707914,0.6080956,0.1452981
1.3558611,0.5590566,1.5652518,0.729939,0.082605675,0.14458221
1.2842036,0.46334785,1.2321298,0.7979888,0.3336023,0.13297027
1.2617118,0.5438897,1.6429408,0.7863729,0.25630188,0.1258715
1.3604206,0.41728666,1.2895114,0.7764433,0.38198045,0.14308506
1.4313453,0.57321906,1.3529608,0.6677235,0.031108152,0.16885863
1.7246242,0.8049629,1.1977549,0.7706665,0.21397792,0.1394827
1.1722577,0.64263856,1.159901,0.7673847,0.11744456,0.13246748
1.7314379,0.98677725,1.2098744,0.78151464,0.21766447,0.13824059
1.5845418,0.5701926,1.2436736,0.7358159,0.1588737,0.15441376
1.9103962,0.7766215,1.628417,0.7647256,0.14087363,0.1458123
1.1448029,0.67286015,1.248275,0.77035123,0.3012846,0.1461622
1.3981489,0.8592166,1.2398226,0.73833597,0.18578273,0.15082869
1.5323399,0.6000086,1.2870309,0.74383163,0.2186327,0.1490577
1.855731,0.8888049,1.1170194,0.7745609,0.13067733,0.13293706
1.906832,0.9871851,1.1610739,0.7431733,0.06389362,0.13778833
1.6490638,0.61301136,1.2019718,0.8127888,0.40886277,0.13062397
1.6402129,0.699357,1.1335052,0.77693635,0.10771248,0.1256785
1.3200898,0.5162619,1.3115976,0.7682185,0.33485827,0.15477149
1.4831139,0.95113194,1.536125,0.74624705,0.19801758,0.15559654
1.7423663,0.9585119,1.6088281,0.7860439,0.3577366,0.13341877
1.4830278,0.969367,1.3486917,0.793988,0.44090292,0.14433907
1.377631,0.85855484,1.3651841,0.71822655,0.19382243,0.15829115
1.605394,0.8068713,1.5907152,0.8158959,0.41102654,0.1327607
1.4778117,0.5023922,1.3550072,0.697164,0.11489206,0.17172785
1.271213,0.62253624,1.4669003,0.77996063,0.4608713,0.14481255
1.8806701,0.8816351,1.2310727,0.76817787,0.26169807,0.13711917
1.6634023,0.79494065,1.2280765,0.7548603,0.21028191,0.14427517
1.8884095,0.8661323,1.2172694,0.7728509,0.22168386,0.14035656
1.2793998,0.7647367,1.9721498,0.8883005,0.13037409,0.07156855
1.3078568,0.913922,1.4654179,0.7727207,0.3776749,0.1449044
1.3189731,0.95343894,1.2349768,0.72819865,0.144882,0.15472941
1.3041587,0.4392957,1.304035,0.7359033,0.16888003,0.15127335
1.8665131,0.83906204,1.2749429,0.8008717,0.3236388,0.13331577
1.937444,0.8144956,1.4693627,0.8119123,0.48282653,0.13672137
1.0039157,0.894849,1.5212228,0.83007276,0.528634,0.13392878
1.1213883,0.6166122,1.3837271,0.80527955,0.40986103,0.13901702
1.7118425,0.7264779,1.3323255,0.79548985,0.31290206,0.13477205
1.1562772,0.6225267,1.3809934,0.7268388,0.24050096,0.16722834
1.5441167,0.8023872,1.2837405,0.7695928,0.28517956,0.14125444
1.1655555,0.5944051,1.1592245,0.83747154,0.42963257,0.12289921
1.8133932,0.72395176,1.6766646,0.8318212,0.5785234,0.13743386
1.3743209,0.8155987,1.4581468,0.6912638,0.05883802,0.163071
1.5350926,0.94796425,1.4069674,0.75897914,0.28859764,0.15947214
1.4394765,0.9695296,1.2730334,0.83195716,0.46908042,0.12656479
1.2417727,0.88757646,1.2148297,0.7984796,0.3742077,0.1455074
1.4629506,0.6439066,1.2954228,0.75437295,0.19952916,0.153545
1.5115947,0.9742048,1.7192774,0.83970934,0.5418381,0.11962453
1.7771388,0.91974926,1.4217649,0.77969056,0.36472166,0.1448009
2.100626,0.9539513,1.2609229,0.74775183,0.17455442,0.14714362
1.4753438,0.89488345,1.146018,0.7831782,0.1779451,0.13814986
1.1371398,0.7864128,1.3964031,0.78025055,0.4157451,0.14899567
2.0824332,0.99907786,1.1744418,0.76598006,0.21521008,0.13873379
1.6042562,0.59385645,1.2469814,0.74045074,0.21462691,0.1545556
1.2907593,0.59385574,1.2279305,0.75150084,0.23006374,0.14960513
1.5822434,0.79953814,1.3466139,0.8041359,0.35357508,0.13624667
1.0761448,0.69117975,1.1321807,0.7906659,0.252958,0.13357095
1.2281334,0.9920744,1.1150801,0.78570014,0.07948866,0.120972976
1.3167409,0.4949865,1.3474247,0.7306252,0.17547622,0.16064262
1.72133,0.8626495,1.2812064,0.76967376,0.32282764,0.15069029
1.5296378,0.5849661,1.123509,0.79837763,0.2133445,0.1337823
1.5302204,0.85926396,1.466742,0.76417315,0.32637954,0.14894807
1.5941743,0.81155956,1.4122732,0.7824395,0.37342653,0.14729337
1.6289576,0.76466733,1.2390194,0.8022848,0.37067324,0.13859169
1.7546816,0.72710776,1.4033351,0.8235732,0.62875706,0.14438389
1.3564684,0.64264685,1.4002037,0.70988095,0.14857498,0.16669367
1.6488018,0.86038554,1.3638895,0.8341808,0.5346688,0.12618223
1.4343079,0.6167952,1.5477912,0.7433108,0.163427,0.15289266
1.099836,0.75261873,1.374677,0.74868137,0.27167043,0.15066117
1.4450381,0.68939155,1.3660648,0.7334573,0.22458854,0.15840268
1.5728518,0.6048366,1.2107894,0.79782766,0.32265136,0.13366713
1.7012314,0.81938684,1.3070161,0.76426786,0.20610765,0.13924582
1.3370049,0.7492689,1.5960815,0.7783456,0.23751608,0.13124827
1.6177408,0.79873,1.4574437,0.82576895,0.3743752,0.122484274
1.4349993,0.9725674,1.4036522,0.6806321,0.064854525,0.17346336
1.6538403,0.9050837,1.2673407,0.79084444,0.37073305,0.14384635
1.9215603,0.95182884,1.7515163,0.8212171,0.17402637,0.10446067
1.7257951,0.952093,1.3805788,0.7550347,0.32528988,0.15110515
1.3703637,0.71753246,1.3102238,0.8073355,0.51830506,0.13872887
1.9164975,0.91135895,1.4583659,0.7968885,0.3567556,0.1374184
1.4465504,0.66401905,1.4822624,0.76942104,0.37523815,0.1535909
1.3680019,0.8231073,1.333077,0.7510864,0.16549116,0.14744797
1.299328,0.49187848,1.3019228,0.85827667,0.4993922,0.12072584
1.7303089,0.87404925,1.2799795,0.6992618,0.0755054,0.16997133
1.3728099,0.66850764,1.3277471,0.70263106,0.1567558,0.16451974
1.5521107,0.6641173,1.3942618,0.79093546,0.32443562,0.13889599
1.6301923,0.85390097,1.3249514,0.73733634,0.25231203,0.15211187
1.203622,0.75435054,1.3584735,0.79169667,0.47000375,0.14218256
1.2032063,0.7991634,1.5378797,0.7419759,0.10002551,0.14123134
1.4622431,0.7259346,1.3720858,0.7786165,0.26750863,0.14161861
1.1403378,0.8862071,1.1715298,0.8149465,0.2738134,0.13179696
1.8571692,0.76287776,1.4938028,0.7520973,0.4182481,0.15773663
1.0757525,0.75904065,1.3431597,0.69949716,0.12936643,0.16580889
1.4837424,0.5875833,1.3055105,0.795692,0.35711056,0.13480404
1.3946161,0.76721627,1.8268476,0.8688816,0.32147458,0.09928762
1.4538932,0.57210314,1.2092915,0.7731868,0.21621011,0.1374466
1.5466332,0.8919499,1.1310711,0.7981495,0.21354729,0.12804924
1.4890574,0.5816319,1.565083,0.79294485,0.34224832,0.13752595
1.5137403,0.6448452,1.3447201,0.7703338,0.30628166,0.14485241
1.1810943,0.54304194,1.3759236,0.7445075,0.26860577,0.14679456
0.9551008,0.891434,1.5855234,0.8556568,0.70731014,0.13741784
1.33484,0.66733104,1.2884924,0.7514162,0.23008618,0.15071669
1.6010206,0.7924995,1.3059106,0.75431573,0.21869308,0.14709674
0.9926835,0.85531,1.1712577,0.78733623,0.30505678,0.13732542
1.6994022,0.9951664,1.3037713,0.77847886,0.32410592,0.14049979
2.1243916,0.97444624,1.3222384,0.763653,0.30067933,0.15188035
1.9994912,0.97735035,1.4386058,0.72469425,0.18648496,0.15719222
1.3373216,0.5656204,1.2640514,0.79314655,0.390546,0.14850202
1.2693937,0.87858456,1.2814,0.7450919,0.23076218,0.1486137
2.0647492,0.9205893,1.3290312,0.82280374,0.4515401,0.12806302
1.6918986,0.6145159,1.3265755,0.72613776,0.21042877,0.15721044
1.5963469,0.59457517,1.5321605,0.82152516,0.44809002,0.13258436
2.0699673,0.9054595,1.2551131,0.7979336,0.3104256,0.13872382
1.7515306,0.76180184,1.1545571,0.835431,0.31507832,0.12062476
1.9038271,0.9812328,1.535047,0.80489236,0.529783,0.13465182
1.8607861,0.7347202,1.4944832,0.7848626,0.33612448,0.13564758
2.0079806,0.9394425,1.4038563,0.74131286,0.2611172,0.15879664
1.0427991,0.86224896,1.2515619,0.793704,0.37917164,0.14316545
1.33394,0.6909169,1.1533172,0.80073935,0.1900097,0.12974957
1.8018218,0.81734294,1.4062932,0.7861431,0.37190205,0.13943385
1.8339875,0.74691945,1.8040185,0.8345881,0.17981133,0.10384882
1.5426208,0.62971556,1.544419,0.8089372,0.4564989,0.12939171
1.5824515,0.7446719,1.2345054,0.77029985,0.21005385,0.14061716
1.284336,0.4511086,1.1598426,0.80668074,0.22537406,0.12441069
1.8460426,0.8478677,1.3553524,0.76730037,0.34237823,0.15416619
1.1935084,0.59994936,1.3916068,0.82937497,0.50439864,0.14190254
1.1831988,0.5797745,1.6828394,0.8333554,0.49343392,0.1252408
1.3392775,0.52912426,2.0789077,0.9436222,0.13888285,0.050555002
1.9499793,0.9168451,1.2156546,0.75039625,0.16617355,0.14568911
1.3659896,0.5980288,1.2767975,0.7476569,0.29569235,0.16001798
1.6590362,0.83834225,1.3848073,0.73770475,0.20714286,0.15136856
1.1955045,0.79608417,1.3777156,0.7903125,0.39573082,0.13975134
1.9577212,0.83265686,1.7228374,0.8451621,0.4041574,0.10974341
1.850673,0.79673827,1.328064,0.74432117,0.23788217,0.14454126
1.5229657,0.8678684,1.5003335,0.7708355,0.2543991,0.14400762
1.2055836,0.6647288,1.2591989,0.7773409,0.47275442,0.141637
1.4370711,0.76351166,1.3492963,0.8221254,0.47326994,0.13907428
1.4347793,0.4975584,1.2815022,0.7508595,0.24119022,0.1468058
1.545557,0.9723052,1.2477956,0.7712623,0.23727563,0.13809155
1.8186775,0.94992316,1.208646,0.83128697,0.50639194,0.13384804
1.6669453,0.924289,1.4941301,0.81143135,0.4499422,0.14961906
1.7468034,0.7684479,1.2486103,0.81028277,0.34903923,0.13081454
1.0497164,0.9261397,1.1818233,0.78428406,0.20457354,0.13428311
1.8329601,0.7925826,1.4002793,0.7648145,0.30025333,0.14652961
1.5378629,0.5753198,1.2448735,0.7655725,0.31300846,0.1469491
1.054188,0.680108,1.0714025,0.8278415,0.18940775,0.1202869
1.4613886,0.65504813,1.509124,0.7383918,0.11221488,0.14063168
1.14302,0.9763974,1.0981541,0.8211896,0.2848134,0.11947128
1.7964343,0.8375132,1.3389328,0.7902908,0.47864908,0.14886831
1.2715099,0.59594595,1.4747744,0.7360512,0.19113348,0.14723003
1.827258,0.9333535,1.5085964,0.7841751,0.35001642,0.14854571
1.245737,0.69945097,1.3281205,0.7898625,0.38064152,0.14458717
1.3924544,0.42628923,1.1947005,0.73896116,0.10852545,0.14665368
1.1517965,0.57730573,1.2477765,0.77030426,0.22489068,0.14091876
1.7255074,0.7799537,1.4700778,0.70703375,0.09564862,0.16449897
1.4120765,0.4449541,1.4074619,0.76567155,0.3240492,0.14514878
1.6642835,0.8840894,1.2200007,0.7548924,0.22450021,0.14861083
1.4609233,0.8792732,1.1888335,0.78828406,0.27847442,0.13891645
1.8636736,0.9412043,1.2945921,0.7873241,0.24517539,0.13542514
1.705306,0.70354307,1.142206,0.7512715,0.09551885,0.13654616
1.7672409,0.8505966,1.3760052,0.7322,0.30245197,0.15467702
0.9679719,0.929725,1.3303144,0.7715935,0.39795518,0.15130484
1.3097076,0.7928708,1.2979443,0.76210123,0.27227706,0.14844674
1.5854316,0.76494354,1.2354131,0.75203174,0.17682467,0.14255288
1.9567723,0.83248633,1.2250099,0.80832046,0.3545937,0.13114512
1.5418016,0.54433614,1.1416237,0.793807,0.25816706,0.12891628
1.8361093,0.8359843,1.2577593,0.75039124,0.2386776,0.15000755
1.7798674,0.7864382,1.8743541,0.8728719,0.24038526,0.08603704
1.5893198,0.8800732,1.1664782,0.7552738,0.1244358,0.13815951
1.6955632,0.65189725,1.4077735,0.74002075,0.32266402,0.15442502
1.3275255,0.46715087,1.3191729,0.7617445,0.2877299,0.1488499
1.9718817,0.84268886,1.6092384,0.78293145,0.29102215,0.13311963
2.0012348,0.9519038,1.1509917,0.7695298,0.12656334,0.13404225
1.1150074,0.95484096,1.3945739,0.72977436,0.37835547,0.1667462
1.5712824,0.7086587,1.3009496,0.7764059,0.31132218,0.13772148
1.8022822,0.9374275,1.1403339,0.80220336,0.20519045,0.12573776
2.005922,0.874562,1.1651769,0.76645434,0.23461811,0.13925727
1.441428,0.4607296,1.3484795,0.7591344,0.41673377,0.16324063
1.1754955,0.84415567,1.2169704,0.83745515,0.42512652,0.12763439
1.125031,0.9631161,1.2972274,0.7350594,0.2009938,0.15926199
1.3306743,0.63242626,1.2994375,0.76381326,0.34013143,0.15803249
1.5514534,0.9018462,1.2445414,0.6974307,0.07851494,0.16921438
1.1886059,0.54634815,1.3418322,0.6937578,0.10908929,0.16560312
1.1532853,0.7334219,1.6318309,0.8386906,0.5829395,0.1262035
2.0882602,0.9560515,1.2777262,0.7549658,0.19362253,0.1490076
1.5678055,0.8713444,1.2884593,0.7415973,0.21519065,0.1463241
1.5056245,0.4965059,1.2683351,0.7381323,0.1980685,0.15372033
1.248,0.97580105,1.1844277,0.8044537,0.3045911,0.13276197
1.6279374,0.60148394,1.1382548,0.7932057,0.18276288,0.13109468
1.3707764,0.47077015,1.2845328,0.7109778,0.078537524,0.15891774
1.3216261,0.83223456,1.3956563,0.7377478,0.1696394,0.14913236
1.576458,0.5363526,1.3553085,0.8029048,0.5191622,0.14811231
1.7540479,0.9885667,1.5422995,0.74011695,0.18288957,0.1428894
1.5019637,0.6388195,1.3144839,0.7228539,0.25346652,0.16544844
1.6310688,0.5725791,1.274652,0.74062026,0.252646,0.15301478
1.7399932,0.6545787,1.3474638,0.77086574,0.36023387,0.14979853
1.3519229,0.568913,1.1360829,0.7837297,0.1500875,0.13232967
1.6180034,0.7730164,1.2529235,0.8499208,0.46611515,0.1243543
1.3217294,0.75552666,1.2321584,0.8248621,0.3313827,0.12664765
1.9672495,0.9445272,1.371244,0.7834078,0.32943794,0.14494368
1.4298923,0.7518796,1.4975257,0.7581705,0.29919726,0.15060629
1.3113637,0.89562804,1.2064135,0.79627615,0.1839072,0.12931816
1.3644377,0.7137694,1.2492073,0.8049926,0.33972672,0.13934809
1.9803005,0.8609565,1.2578995,0.7986011,0.3816512,0.14267205
1.1021338,0.66243786,1.2699008,0.8093013,0.29880548,0.13241602
2.021269,0.9901128,1.5552437,0.765401,0.2672814,0.14017463
1.731928,0.95736635,1.3924844,0.788012,0.40838432,0.15510063
1.315435,0.9011068,1.2831748,0.7724625,0.29905134,0.14469612
1.5354017,0.5673649,1.3212962,0.71378,0.15592854,0.15876718
1.3327928,0.43603376,1.2731013,0.7746945,0.3177577,0.14784388
1.0799736,0.6519507,1.3164375,0.7842268,0.28269145,0.14274311
1.837375,0.7783889,1.2762139,0.73008454,0.20198722,0.15955743
1.3678708,0.41683182,1.259052,0.6894068,0.027808059,0.15515797
1.4555382,0.48763603,1.3469837,0.70943034,0.18907735,0.16673087
1.5961031,0.8865554,1.2538893,0.7123387,0.10554463,0.15613526
1.3423953,0.5265311,1.2576287,0.82222885,0.3360223,0.117895246
1.3056432,0.6824497,1.4722521,0.813808,0.48340738,0.13765341
1.4210553,0.54484355,1.290015,0.72468513,0.17018425,0.15602441
1.6640642,0.5950733,1.1994405,0.7735403,0.22376494,0.13629356
1.6144878,0.9667692,1.5000331,0.7662405,0.32482904,0.15043747
1.1951494,0.84512943,1.290694,0.6986298,0.14627424,0.16764626
1.4103876,0.655476,1.115881,0.7780691,0.16158392,0.13095695
1.2035037,0.59839463,1.3594368,0.68253946,0.07713966,0.16744556
1.4416547,0.82300764,1.386754,0.82640076,0.71470773,0.12844755
1.2856131,0.68550754,1.7004609,0.87428117,0.44249293,0.09825046
1.5897886,0.6886398,1.3278735,0.71342814,0.17503914,0.159963
1.1854181,0.93768334,1.3499165,0.7725603,0.32510608,0.14402086
1.4193866,0.4607998,1.2228725,0.7794167,0.37141994,0.14656045
1.4090648,0.82604575,1.1799507,0.78328836,0.15769272,0.1293558
1.300768,0.7733899,1.0565774,0.8314349,0.16046487,0.114858694
2.0137355,0.97370815,1.3411939,0.8197323,0.38902745,0.12732817
1.5227455,0.62362754,1.2898996,0.75271577,0.29869673,0.14872427
1.8280619,0.7722527,1.4516387,0.7361527,0.19703698,0.16486137
0.978351,0.8734332,1.3142796,0.7812358,0.27631277,0.13443644
1.2919003,0.67543167,1.0578377,0.81120974,0.20578234,0.12339326
1.6156431,0.75652975,1.103997,0.7962578,0.1662297,0.12871958
1.3206335,0.8216944,1.2209301,0.77850676,0.2996989,0.14116403
1.7840619,0.6955722,1.462748,0.7789316,0.3503317,0.1407033
1.5331687,0.8151817,1.4079018,0.7798356,0.3389912,0.1452774
1.509342,0.9919013,1.152362,0.80436707,0.27919483,0.12973186
2.0616076,0.9083704,1.7479064,0.85876936,0.5451078,0.1127221
1.3830098,0.42049417,1.27526,0.7642185,0.2076452,0.14318366
1.3489068,0.76768625,1.1568853,0.7805495,0.26315594,0.13702759
1.3978174,0.73245484,1.2436612,0.7915145,0.26944062,0.13608497
1.1220629,0.6062096,1.3380239,0.6987632,0.12815975,0.1722862
1.1328312,0.88469136,1.7164054,0.7862945,0.07745763,0.11608829
1.7433206,0.9221812,1.7609253,0.86595184,0.53463686,0.12273063
1.296918,0.5239719,1.3431907,0.8127082,0.46997494,0.13455479
1.3612063,0.47014418,1.2048764,0.7770039,0.26499054,0.14268067
1.8345574,0.7347605,1.148695,0.7705602,0.19397412,0.13630886
1.3504932,0.87527996,1.4037473,0.7514796,0.32349792,0.15400611
1.7728889,0.8759009,1.4010875,0.7581395,0.280417,0.14944857
2.087635,0.97868645,1.4988635,0.78956795,0.41388246,0.13577487
1.3710176,0.61639035,1.3772318,0.76308113,0.24406339,0.14972392
1.526022,0.62483776,1.4145381,0.7811601,0.40802896,0.14380229
1.5471495,0.93837875,1.228015,0.7283869,0.07918891,0.14488076
1.710893,0.74843717,1.5402243,0.7918671,0.39172465,0.13746414
1.7046458,0.6806684,1.2150507,0.7621014,0.27733117,0.15295936
1.8516334,0.9149068,1.1139742,0.79206604,0.19468324,0.13219607
1.7998368,0.9350876,1.3895416,0.77357686,0.31596255,0.15095428
1.7171347,0.9177884,1.2046788,0.7818086,0.21109709,0.13788456
1.486779,0.5078377,1.3519282,0.79859203,0.36530995,0.14551781
1.6420373,0.9678689,1.5214376,0.8070944,0.4362907,0.12641339
1.5801353,0.7916349,1.0948114,0.79039127,0.060769532,0.11363222
1.3510336,0.66720855,1.2765393,0.76061845,0.3212761,0.14466782
1.2883649,0.6947229,1.4245546,0.7682432,0.36601853,0.15584728
1.3981037,0.80788076,1.375216,0.83559555,0.5051211,0.14490354
1.1148089,0.90870607,1.4569356,0.76386756,0.40112686,0.14692043
1.2263386,0.54826325,1.0976014,0.83378524,0.26734117,0.11927319
1.7330511,0.9682334,1.4489679,0.7874104,0.39467555,0.15994969
1.2408448,0.9021825,1.1898613,0.76155126,0.14066854,0.13646688
1.2677479,0.7411069,1.5536706,0.7774039,0.2713265,0.1330228
1.1502008,0.6133027,1.2209034,0.76044405,0.23070215,0.14710996
2.01309,0.9054748,1.2838032,0.7736734,0.28932208,0.14272948
1.6536833,0.6177167,1.3626201,0.7303084,0.19519694,0.15744086
1.508401,0.6070327,1.2119458,0.76084465,0.24032207,0.14677012
1.150465,0.67887205,1.3241992,0.7930596,0.37502328,0.14472304
1.0487202,0.72539103,1.4827712,0.8262834,0.5550433,0.123806424
2.0904124,0.93849385,1.2927673,0.7744688,0.41171533,0.16034836
1.5905402,0.72546166,1.8933606,0.9017038,0.64463747,0.08802152
1.2395215,0.51577336,1.6083224,0.8160618,0.4509017,0.14315772
1.8632164,0.813449,1.2822845,0.73217034,0.14214645,0.14716864
1.4744241,0.8163236,1.209667,0.73236203,0.1229962,0.14617802
1.4907991,0.9362521,1.6375742,0.80837876,0.38222483,0.12724593
1.5276473,0.74358565,1.1281579,0.83754224,0.30684647,0.123988554
1.6189287,0.9615881,1.5790782,0.827449,0.542765,0.13230556
1.8767194,0.8397406,1.3503149,0.73695004,0.25090054,0.15870602
1.202249,0.62625927,1.1475267,0.7669006,0.16249827,0.13789618
1.6218972,0.7677647,1.6678262,0.8728029,0.73887336,0.1110159
1.8874271,0.7759517,1.8095078,0.8611992,0.52540797,0.11481004
1.5258275,0.5492488,1.4071133,0.759707,0.30351424,0.15528518
1.0531422,0.79957265,1.7814729,0.89147335,0.6440469,0.08883803
1.9771309,0.93435985,1.3925171,0.72271216,0.2181919,0.15780392
1.4731388,0.9580462,1.5472927,0.8005312,0.4757862,0.13593873
1.0797718,0.91332495,1.3748469,0.8150567,0.40260768,0.13256313
1.9555929,0.8423842,1.1698682,0.7996401,0.30816537,0.13228409
1.4260451,0.78745306,1.461474,0.8127012,0.559001,0.12755346
1.623728,0.6438931,1.2068508,0.79683197,0.29609028,0.13110714
1.0976292,0.66665334,1.4627624,0.88593596,0.6803198,0.10341271
1.5411199,0.7478615,1.4891422,0.7541929,0.2161585,0.14158663
1.7933618,0.79172885,1.4149799,0.7435324,0.37859082,0.15072638
1.3702817,0.8747752,1.2262254,0.75693893,0.25431505,0.15077229
1.9614569,0.945372,1.2416866,0.78470767,0.33395803,0.14034398
1.6125247,0.9567834,1.4191818,0.7460389,0.33218515,0.1570113
1.824139,0.85030216,1.1783493,0.8201476,0.3100528,0.12845442
1.6731787,0.9479072,1.3361146,0.7180754,0.20832205,0.16351289
1.2226757,0.58181363,1.3436697,0.8316786,0.51046395,0.12925033
1.1154163,0.7669874,1.0699874,0.87164414,0.31404042,0.10415016
1.5647153,0.5443264,1.2655716,0.78230596,0.30955616,0.14024748
1.9720148,0.82575226,1.2687063,0.7642961,0.22010982,0.14267066
1.758312,0.7090357,1.2789035,0.77619994,0.2880741,0.14200795
1.1946661,0.82791,1.2916074,0.7264405,0.16730763,0.15506156
1.3720593,0.8264567,1.4594758,0.7524015,0.32937828,0.16226284
1.0145187,0.9791888,1.227726,0.7135041,0.07111781,0.15074292
1.5784398,0.9938787,1.5517349,0.8475742,0.53431875,0.13105856
1.3692669,0.42302996,1.2994497,0.78097147,0.33533764,0.14997289
1.4183432,0.72858495,1.7256587,0.7994096,0.15584673,0.11696684
1.2685002,0.5516971,1.4645078,0.810209,0.5197133,0.14332956
1.261049,0.72649425,1.5700047,0.8022797,0.24520975,0.12356412
1.2893301,0.46216136,1.4518611,0.77332354,0.26307365,0.141243
1.4230032,0.8067386,1.5171163,0.810352,0.4109799,0.13459268
1.4444118,0.79947394,1.2542269,0.78277826,0.31349427,0.13883471
1.2255576,0.7397072,1.4100835,0.76855266,0.43817875,0.15436508
1.7193367,0.929961,1.4891434,0.7317947,0.2593834,0.15272065
1.4451983,0.6656201,1.6533282,0.7902905,0.22707427,0.12806077
1.1552935,0.6218141,1.1658506,0.75355804,0.09441369,0.13455759
1.2051388,0.98908037,1.4223518,0.8123937,0.39307064,0.13833147
1.6577152,0.749829,1.2599802,0.7814882,0.29843247,0.13904959
1.2668123,0.8750274,1.394258,0.75106037,0.31965578,0.15057667
1.3645422,0.7836669,1.2433896,0.78723943,0.3536997,0.14100413
1.0927458,0.69224125,1.4514859,0.791788,0.55072296,0.15081695
1.1254803,0.8607775,1.3687415,0.83443487,0.43779427,0.13726045
1.5498942,0.9590817,1.3238685,0.7179786,0.15756644,0.15869415
1.6403044,0.62359285,1.2310495,0.78374314,0.25424385,0.13800457
1.2818044,0.8291553,1.3285227,0.75901634,0.27598533,0.14848137
1.6296334,0.8677746,1.2491553,0.759874,0.24700227,0.14622317
1.2557827,0.7156208,1.0146723,0.83172685,0.06078223,0.096955866
1.1877496,0.7088613,1.3353853,0.7026136,0.11202038,0.15989545
1.5932341,0.743921,1.3434134,0.6907431,0.11342194,0.168665
1.7066582,0.87174064,1.2003975,0.7839872,0.28884095,0.13641062
1.5727824,0.70047635,1.3570039,0.76626027,0.2928126,0.15031897
1.4638875,0.72732943,1.208693,0.77611667,0.25923398,0.1395148
1.5720911,0.8379842,1.3897276,0.7771181,0.26894775,0.14256692
1.1161559,0.8585586,1.3086212,0.7956585,0.34542185,0.13178976
0.9916699,0.9886183,1.8965569,0.89268434,0.41105703,0.081342064
1.0520724,0.73393464,1.2004166,0.7740387,0.24785729,0.1448949
1.4799544,0.7912325,1.4456661,0.82744473,0.49023834,0.12501049
1.4313259,0.54336685,1.3257885,0.7277655,0.17254978,0.1533089
1.5470736,0.5672344,1.6341827,0.8023984,0.29725602,0.13386212
1.7331425,0.704038,1.3070736,0.73201007,0.20375083,0.15370594
2.0868762,0.98645246,1.2680428,0.7339615,0.17323744,0.1499714
1.0636663,0.6864773,1.6131685,0.80488163,0.5096996,0.13025363
1.1264133,0.74473065,1.5136383,0.79221386,0.4626333,0.138873
1.4386717,0.5803799,1.4638362,0.7873551,0.3466862,0.14259353
1.3561292,0.576192,1.3483653,0.769511,0.31503922,0.15179673
1.73179,0.8274716,1.2694767,0.7957145,0.3204942,0.13197458
1.3565266,0.65387833,1.2763629,0.6903066,0.070394255,0.16768941
1.3565456,0.9136366,1.3943329,0.75616467,0.34087253,0.1550167
1.6386564,0.83555764,1.4435208,0.8132512,0.58449805,0.13912123
1.4685681,0.93362033,1.2580061,0.78791034,0.24044633,0.13690904
1.5950083,0.96034527,1.3038476,0.76808155,0.30974835,0.1432534
1.4951625,0.55310416,1.3354115,0.70971763,0.24836081,0.17537165
1.483738,0.5947677,1.4879587,0.76291215,0.32084525,0.15326025
1.7047936,0.9116592,1.2810407,0.7835121,0.30444014,0.13984594
1.7938823,0.7514361,1.3381529,0.7367515,0.24254939,0.15366423
1.4864036,0.81338173,1.4224286,0.7422396,0.26057482,0.15854745
1.1954272,0.54177475,1.44403,0.7414595,0.27621666,0.16102152
1.7310331,0.76604706,1.1747417,0.8034536,0.37810493,0.13943826
1.3409473,0.43612137,1.2469499,0.7468835,0.19036604,0.14520715
0.93266195,0.9402714,1.3838317,0.79633,0.41199207,0.1456307
1.107057,0.99549305,1.4462938,0.7763395,0.32696834,0.16489483
1.7463609,0.9580782,1.105697,0.8032366,0.1837208,0.12439562
1.5136086,0.5892655,1.7892764,0.82892597,0.1650132,0.10449582
1.3079226,0.8152936,1.0496961,0.87303203,0.32428676,0.108333185
1.4762281,0.9105056,1.1738536,0.8424017,0.39583236,0.12534514
1.4892464,0.49768233,1.0713735,0.8666144,0.31685802,0.11843548
1.1343694,0.6233366,1.185808,0.8044195,0.25848055,0.13138214
2.0134037,0.87457275,1.043181,0.8241344,0.12666975,0.11276513
1.5517585,0.5315658,1.5784569,0.835113,0.53851736,0.13256273
1.6728355,0.9449261,1.482043,0.82512677,0.48456478,0.14844446
1.3875072,0.63342166,1.4072106,0.7703619,0.44520894,0.14689003
1.5682259,0.6994757,1.3554838,0.7054362,0.13739337,0.16192463
1.5521978,0.6079874,1.3829916,0.700827,0.16135454,0.1661365
1.2593544,0.5621138,1.2236032,0.7420731,0.102492906,0.1426977
1.8767114,0.91069514,1.1011703,0.81689966,0.23639452,0.12316028
1.6496952,0.6792801,1.2776594,0.77628666,0.25113064,0.14042358
1.2139332,0.5601347,1.575655,0.82663447,0.40791166,0.114667006
1.572988,0.8745751,1.3770893,0.73324287,0.19968049,0.15220225
1.47983,0.5984216,1.5078895,0.7454729,0.3507414,0.15649542
1.3586133,0.5095721,1.4564357,0.8105505,0.42787254,0.14192633
1.634133,0.92534643,1.2852013,0.78488576,0.31690526,0.14231744
1.9701331,0.866229,1.2149019,0.75468534,0.17758116,0.14542449
1.3204838,0.62245244,1.430022,0.719018,0.15876389,0.15796173
1.8430612,0.7414583,1.3093028,0.7851099,0.34838134,0.14440309
1.702561,0.7898728,1.3262625,0.75455093,0.24494871,0.14476919
1.358917,0.7391108,1.250634,0.7939631,0.24357721,0.13213415
1.8178144,0.8254692,1.1473145,0.7736627,0.16970967,0.13339002
1.3389119,0.5597401,1.2647824,0.8260958,0.391082,0.12567802
1.7230849,0.8924025,1.6045053,0.8408858,0.58776385,0.12240784
1.151095,0.6589218,1.4458148,0.79859203,0.659633,0.14674902
1.7526348,0.95809656,1.648835,0.7914166,0.29029167,0.1283722
1.4744191,0.8136438,1.4058082,0.80538183,0.41403735,0.13232674
0.9925,0.88208777,1.4106631,0.769782,0.3821678,0.16308807
1.8860786,0.8732823,1.3004065,0.8395211,0.46539345,0.121612765
1.1800779,0.5934721,1.3240132,0.7804704,0.28862944,0.13910258
1.3188236,0.7657525,1.2917709,0.6847937,0.06170559,0.16439119
1.3459553,0.41434374,1.4399991,0.7481971,0.22837155,0.1489569
1.8347502,0.9542762,1.189652,0.7563225,0.17277919,0.14652242
1.4166894,0.5098051,1.6987712,0.84146214,0.48439205,0.11157249
1.9802868,0.92732006,1.2842321,0.7165997,0.15661836,0.15461427
1.3539532,0.6025091,1.4474766,0.74372375,0.35493603,0.15729956
1.9472033,0.85396975,1.2160974,0.78243697,0.29193908,0.14055943
1.0760705,0.6538213,1.311429,0.6963501,0.08524977,0.15991959
1.6253448,0.6164777,1.2701416,0.79690266,0.35936478,0.13841468
1.5227723,0.93915176,1.243335,0.7831837,0.3646572,0.14050736
1.3883965,0.5035068,1.322824,0.7814665,0.46190816,0.14750887
1.4331023,0.55354095,1.5324202,0.7444657,0.20577846,0.14548337
1.4790586,0.942779,1.2647014,0.76804745,0.21784244,0.14634794
1.1806015,0.75673556,1.3206141,0.78358036,0.31751287,0.13950172
1.7982104,0.80698264,1.1874492,0.7441125,0.1435552,0.14059854
1.3480233,0.49135736,1.2256818,0.75078404,0.26322126,0.15511547
1.9175913,0.920461,1.3659811,0.723897,0.21135953,0.16055241
1.6980026,0.97268784,1.3233738,0.7794107,0.33163556,0.15091236
1.7017994,0.84257305,1.1702437,0.785576,0.28070384,0.13986643
1.3576459,0.88917905,1.4883373,0.8007719,0.51922673,0.14494069
1.3669811,0.88938767,1.3895078,0.7558639,0.31777847,0.14873502
1.3217983,0.6529861,1.3048699,0.7769439,0.31578803,0.14581376
1.9286643,0.86215913,1.1022801,0.82844466,0.1977812,0.11466153
1.1225802,0.9180656,1.7204027,0.82011634,0.28554365,0.11213894
1.1043078,0.6518612,1.1537427,0.81932193,0.33024767,0.12762824
1.9109608,0.9940547,1.4201112,0.7713107,0.3997943,0.14748827
1.3953888,0.5173034,1.2956963,0.7972005,0.3091074,0.13580216
1.4108957,0.99043524,1.2710652,0.6921072,0.05715821,0.15766428
1.5728757,0.6364176,1.7942386,0.8847811,0.70209014,0.09949373
1.734034,0.7750572,1.4756787,0.71850085,0.16796552,0.16093616
1.6732627,0.7884373,1.3199518,0.8278411,0.55620617,0.13951842
1.9164902,0.88528985,1.1648463,0.81232345,0.33365744,0.13539077
1.8353823,0.84872943,1.3149416,0.68448246,0.08089565,0.16710283
1.5966972,0.7632779,1.3878076,0.70082307,0.10187369,0.16184357
1.4290296,0.8725972,1.5132856,0.7860057,0.26328424,0.1488398
1.8809953,0.803542,1.3101428,0.7057569,0.09857875,0.16053729
1.3266938,0.5143429,1.1961765,0.73542774,0.10437699,0.14498238
2.0000808,0.9125659,1.2609162,0.8224852,0.40678295,0.12979978
1.8356464,0.954808,1.2513547,0.8247287,0.41670272,0.13781506
1.1479137,0.84626424,1.6180599,0.75926656,0.19502689,0.13291092
1.5358881,0.80263746,1.3098822,0.7984352,0.48924616,0.13479154
1.2608434,0.622894,1.664391,0.7854518,0.2603469,0.13481376
1.7199844,0.89644986,1.3785231,0.7996337,0.38296497,0.14039302
1.4735659,0.8294964,1.5543666,0.7756967,0.42507935,0.15518259
1.0848897,0.69736075,1.4307439,0.7054628,0.09042284,0.16468455
1.8131995,0.7821336,1.4350598,0.76633143,0.32575303,0.14026481
1.3912302,0.5358232,1.2946177,0.7404463,0.23284303,0.15084934
1.7103529,0.99012357,1.3924448,0.7522288,0.36285698,0.15335643
1.7222716,0.6419653,1.0721076,0.798222,0.17057575,0.12401581
1.014041,0.97386897,1.2384887,0.7092372,0.079524145,0.15416524
1.1133862,0.6924581,1.3159735,0.7134452,0.17474659,0.1640271
1.1759256,0.83347374,1.394084,0.71262044,0.14335136,0.1639791
1.6514015,0.7603483,1.2630222,0.76221764,0.18577123,0.14057784
1.7772706,0.6898149,1.2541842,0.7549975,0.2327237,0.14559941
1.3534749,0.98520756,1.1646805,0.7688757,0.17858048,0.13939117
1.489502,0.6303854,1.3979015,0.80824447,0.5730727,0.14047095
1.5053622,0.8203996,1.6656861,0.85284615,0.68740463,0.122256495
1.9374635,0.9766709,1.0667284,0.81976205,0.23071249,0.11842098
1.017899,0.78291893,1.289201,0.7376497,0.16891994,0.15755022
1.3579054,0.8860331,1.1924815,0.7969244,0.18737243,0.12911096
1.1637795,0.75948614,1.0529997,0.79630405,0.11282242,0.11668671
1.1729057,0.6911785,1.2792826,0.7726974,0.3356606,0.14959888
1.3422748,0.6076355,1.415241,0.73605335,0.21542826,0.16808304
1.7689358,0.896102,1.3902378,0.7601217,0.25042456,0.15499821
1.5890299,0.59234047,1.2515223,0.77601266,0.29091534,0.14006065
1.609328,0.5717703,1.1010754,0.81405634,0.17894492,0.119440235
1.8435198,0.97826123,1.8167052,0.8942025,0.27254027,0.078374006
1.1581557,0.9608173,1.3439028,0.78654766,0.44474015,0.1409413
1.346105,0.42351612,1.3537543,0.82937914,0.6349959,0.127334
1.9263716,0.83652455,1.4694455,0.80026364,0.5065922,0.14256729
1.5797815,0.6311922,1.4195709,0.7205718,0.24479634,0.16311148
1.6764144,0.88639814,1.0583591,0.83072644,0.20094533,0.1186322
1.5828317,0.93817395,1.395684,0.76325476,0.40493938,0.1451752
0.9581888,0.96713257,1.143475,0.8288012,0.28907552,0.122470655
1.64644,0.5913327,1.4948897,0.7597571,0.31258702,0.14366557
1.5190219,0.5357754,1.1881833,0.7950737,0.26536965,0.1368477
1.7357764,0.76715004,1.5829196,0.77179325,0.29260543,0.1416925
1.2355026,0.87384397,1.4042599,0.78717226,0.53478557,0.15965152
1.7095339,0.67271817,1.1684644,0.7640103,0.093808666,0.13009615
1.489202,0.6114116,1.30686,0.7527433,0.326467,0.15356396
1.5438755,0.610419,1.2470927,0.80945235,0.35041073,0.13485576
2.019751,0.86875355,1.4749315,0.7984378,0.40437144,0.14512303
1.6499821,0.7600912,1.2474959,0.7728402,0.2559846,0.13882917
1.1521691,0.92595583,1.2044439,0.7544031,0.25346625,0.14596836
1.6333038,0.74120665,1.3290529,0.75158054,0.2385661,0.14923568
1.3376822,0.79001147,1.2489259,0.7482991,0.2000298,0.1469813
1.2374004,0.6696802,1.2728248,0.7391796,0.16950598,0.1514466
1.4444157,0.6804749,1.144809,0.7634594,0.1585992,0.13906902
1.2084913,0.8239515,1.5460126,0.79411167,0.3820095,0.14086269
1.2490244,0.5240205,1.2103868,0.7638765,0.21598029,0.14286621
2.0191646,0.9525052,1.1024213,0.8115553,0.22995979,0.12480329
1.5441095,0.8035511,1.4707189,0.73229444,0.23173353,0.14865264
1.251443,0.9995931,1.1366858,0.7935682,0.2126669,0.13023728
1.3959929,0.43495664,1.4190974,0.7021853,0.1465919,0.1672943
1.5700905,0.6702778,1.5807707,0.8206957,0.52355814,0.13784686
1.6692022,0.8677206,1.4734261,0.76480496,0.38180208,0.1544577
1.2484972,0.7285644,1.3890944,0.74096525,0.22291206,0.14889222
1.2192786,0.5278951,1.1331006,0.78185034,0.20140666,0.13471645
1.2741158,0.74701875,1.6442711,0.77188534,0.24044892,0.12767038
1.1452717,0.86772656,1.3889227,0.84453183,0.61726457,0.12168799
1.6989156,0.9758315,1.312618,0.68883824,0.10518659,0.17306016
1.4294634,0.7365804,1.2618282,0.73431325,0.123250626,0.15115803
1.099536,0.6306755,1.3800597,0.7897705,0.4888884,0.14516643
1.7489437,0.6781978,1.1086216,0.8139832,0.30974084,0.12668656
1.2728989,0.6057573,1.2572136,0.7788919,0.2966088,0.14108185
1.5691012,0.7677665,1.1311083,0.82462907,0.2960021,0.12305597
1.8932695,0.9528944,1.4705331,0.74455464,0.3150411,0.15788949
1.4680079,0.5729251,1.2208321,0.78170395,0.21584281,0.13544896
1.2228199,0.6033594,1.4215424,0.79814166,0.35684478,0.13866395
1.7818366,0.91261035,1.3060119,0.6619799,0.03703705,0.17122635
1.4023787,0.490071,1.1711363,0.7622769,0.12484549,0.13549896
1.5230949,0.5359879,1.9443138,0.8947905,0.16411376,0.07299075
1.4850439,0.9418373,1.1783683,0.79705065,0.258194,0.13016029
1.9995842,0.9199274,1.259629,0.79911965,0.3631903,0.14747113
1.4537772,0.71094984,1.4163945,0.7916291,0.56065685,0.15710074
1.2234474,0.9895662,1.141142,0.7930402,0.2640854,0.13289742
1.3411868,0.44145665,1.5817006,0.8129845,0.60711706,0.14780201
1.691198,0.75481147,1.0807664,0.8252327,0.20361541,0.119541384
1.3792356,0.7523367,1.3889487,0.77376175,0.4138312,0.1442846
1.3960901,0.47949594,1.0043111,0.8577084,0.24452373,0.112358004
1.0250834,0.9418586,1.1663373,0.80787665,0.25505775,0.12731625
1.6963419,0.731489,1.2702672,0.7869483,0.2499525,0.13649373
1.2516525,0.62803125,1.2070229,0.7471527,0.18977273,0.15100521
1.8315537,0.875824,1.275964,0.7550281,0.24491778,0.14737108
1.4426695,0.768621,1.2828796,0.7162278,0.1650839,0.16345459
1.2348197,0.8500857,1.3154781,0.79870564,0.41507897,0.14546734
1.2550281,0.5235213,1.3433683,0.75081515,0.21968172,0.14808036
1.7348891,0.6681134,1.6739798,0.8270888,0.42155498,0.114868164
1.7535853,0.9970186,1.2166383,0.74681747,0.16626768,0.1478143
1.5000879,0.91547227,1.360837,0.7829267,0.43726945,0.14706361
1.3954082,0.86873835,1.3044212,0.7637916,0.263626,0.14874573
1.3096333,0.78949624,1.2648499,0.78825927,0.46532965,0.14801171
1.7560729,0.8980245,1.357727,0.7281652,0.19364808,0.15260442
1.4263873,0.7424231,1.6635461,0.8049469,0.35065755,0.1160419
1.9232771,0.99586755,1.6411769,0.8235204,0.40769234,0.11223197
1.3036709,0.70923567,1.3020906,0.72728133,0.15663972,0.15843739
1.7371937,0.9390376,1.2290404,0.76535606,0.17032076,0.13803743
1.3787724,0.5574816,1.2927463,0.790453,0.31780863,0.14014824
1.6167766,0.68102545,1.2321231,0.80516595,0.3201278,0.12961619
1.2455153,0.5504736,1.4745772,0.784835,0.45164263,0.15487257
1.3805541,0.48301667,1.3195438,0.7489971,0.21874775,0.14895962
1.0172219,0.9679214,1.425976,0.78512496,0.3845657,0.14596067
1.6838353,0.92488384,1.1784253,0.83366376,0.35126767,0.12042025
1.5528264,0.9199147,1.1863863,0.7595713,0.15959255,0.14031638
0.9697409,0.90864754,1.1806934,0.7694595,0.17960162,0.13833936
1.190518,0.83067906,1.5624347,0.7564165,0.24078006,0.13525055
1.4240403,0.509423,1.312314,0.7883702,0.37716964,0.14086057
1.8835765,0.7671148,1.4240386,0.83228165,0.43399137,0.12992783
1.592526,0.73057675,1.1976259,0.8001,0.40019298,0.1415275
1.1593099,0.5747676,1.4398885,0.81175274,0.4503778,0.13158277
1.4868406,0.61330336,1.2673244,0.7329227,0.15409182,0.15098418
1.3851538,0.7130369,1.0251045,0.8502555,0.23740768,0.110395096
1.3955666,0.75931233,1.2934864,0.8060551,0.3809818,0.1402067
1.7312787,0.6669963,1.3078618,0.7962482,0.37467435,0.13311964
1.4898428,0.6255489,1.1540229,0.8020386,0.24995694,0.12967724
1.7842455,0.9425838,1.3267779,0.7804153,0.3688456,0.16208625
1.9197042,0.8692538,1.1911771,0.825988,0.33234984,0.12166092
1.9374067,0.855941,1.2924228,0.82396454,0.4151186,0.12714888
1.105643,0.6478984,1.2563691,0.80590117,0.29819962,0.12717956
1.5967307,0.68888944,1.3581314,0.76598066,0.40565667,0.15584093
1.4414849,0.5548257,1.1700587,0.8347573,0.37171498,0.12654719
1.446638,0.7875698,1.6139405,0.8432161,0.6238328,0.117433436
1.9011626,0.8696918,1.2882156,0.7428282,0.18266663,0.15225083
1.1501472,0.87583005,1.360887,0.76532125,0.29829895,0.14764412
1.5088959,0.68011016,1.5484121,0.8006472,0.38565046,0.1329671
1.4315287,0.47561684,1.240701,0.7096467,0.058411304,0.14952242
1.982572,0.9377,1.6859589,0.8124381,0.2558212,0.12312011
1.2401414,0.6438033,1.4093564,0.73381853,0.25681427,0.16151305
1.5910072,0.58250695,1.6661026,0.7922129,0.31733257,0.12573764
1.275252,0.9851233,1.4703219,0.7176281,0.15236449,0.16004199
0.92256624,0.9214395,1.2450917,0.80262846,0.26693356,0.13016458
1.4229234,0.57467866,1.232651,0.7810335,0.20336531,0.13460998
1.3433613,0.8956652,1.3139129,0.7639734,0.2997183,0.15540776
1.5203434,0.75245684,1.1293302,0.8337512,0.25703162,0.119141966
1.240971,0.6243792,1.5643849,0.7533169,0.2730173,0.14711079
1.8277878,0.742116,1.4506512,0.75187594,0.26635832,0.15288597
1.5959122,0.7353595,1.4279468,0.7901815,0.3799481,0.14496611
1.8334104,0.73551583,1.4837599,0.8007185,0.4895261,0.1424116
1.6932981,0.635821,1.6972017,0.8169578,0.27372167,0.115562126
0.9810199,0.9625589,1.3470883,0.7711487,0.36770412,0.1430957
1.231116,0.49534813,1.1971259,0.7710941,0.13031283,0.13309194
1.3253956,0.73931193,1.2115941,0.7351955,0.09048902,0.14039122
0.94441545,0.901751,1.6425219,0.8017886,0.44531748,0.1389518
1.3545083,0.8751418,1.2787774,0.817294,0.38530123,0.1320123
1.7685871,0.6708537,1.4026041,0.6932237,0.18559916,0.17481539
1.8789183,0.88424593,1.2714028,0.69481146,0.059044007,0.1670275
0.99520904,0.7812933,1.5319734,0.75949216,0.2629899,0.14376245
1.6622088,0.6271279,1.2386427,0.7873955,0.26233602,0.1367192
1.4616975,0.7788259,1.4839671,0.76717615,0.34018332,0.16085136
1.2449515,0.8502676,1.2624185,0.7442167,0.24369694,0.15567942
1.5820841,0.71846306,1.339927,0.77987874,0.2840426,0.1394975
1.1229655,0.9258572,1.3222451,0.7083202,0.22271958,0.16496843
1.15077,0.7829523,1.6986971,0.8858153,0.6622508,0.099016905
1.2464728,0.4964009,1.1082201,0.886514,0.4406615,0.11372975
1.4007943,0.8562743,1.2530987,0.7611439,0.3055304,0.14768039
1.5097649,0.5254456,1.4088447,0.8087769,0.63538,0.1347272
1.8919413,0.8534306,1.2890418,0.79156744,0.41502774,0.15510002
1.2461852,0.5534328,1.6013193,0.8455792,0.6691594,0.14052156
1.2070069,0.87239516,1.2361157,0.7102352,0.098420106,0.1518817
1.2539577,0.53619605,1.329603,0.700035,0.11745026,0.16297515
1.3902547,0.4406991,1.3348818,0.767843,0.3419421,0.1488975
1.1427816,0.8142119,1.2483838,0.81076384,0.43906328,0.13995966
1.1654838,0.6448057,1.3331456,0.75293994,0.30970958,0.156986
1.9755644,0.92913795,1.3891544,0.75494444,0.2414867,0.15202501
1.936466,0.8973823,1.1876986,0.8130488,0.26857087,0.12626334
1.503584,0.88236004,1.2310615,0.7832966,0.30457723,0.14604846
1.9751871,0.98719007,1.260472,0.69265527,0.045843277,0.15844788
1.541203,0.9486617,1.5386608,0.80568177,0.49813265,0.1370872
1.3122945,0.45417243,1.366581,0.84433305,0.539865,0.13531427
2.0080547,0.9131387,1.545332,0.7551533,0.24836014,0.14508753
1.1004612,0.8556735,1.3013518,0.77773595,0.54889214,0.15513773
1.3665572,0.97037476,1.222034,0.768021,0.25428167,0.14245453
1.5283759,0.7861523,1.3231022,0.7206832,0.15936336,0.15752733
1.403948,0.814426,1.4013486,0.807942,0.41725612,0.13763647
1.4578189,0.7004387,1.3539157,0.69086003,0.17174904,0.17411998
1.4987822,0.8806389,1.3126779,0.7171786,0.1842392,0.1606119
1.5335985,0.6037366,1.1933985,0.76354814,0.19081312,0.13940261
1.6487695,0.62295145,1.2214837,0.77768344,0.27971667,0.14132479
1.5563453,0.6916582,1.17906,0.7447313,0.1059307,0.14053869
1.4622613,0.6440198,1.253092,0.71645784,0.13835642,0.15325361
1.7799807,0.98377913,1.1512234,0.7911314,0.18166314,0.13112977
1.8352807,0.9665452,1.0762494,0.81958824,0.1509853,0.11280332
1.0351378,0.79830945,1.4789019,0.75720143,0.20261325,0.14103736
1.1535468,0.91383535,1.5960443,0.79145455,0.42270032,0.13832879
1.388555,0.49982506,1.3896794,0.78558564,0.37954456,0.1546302
2.1176374,0.9585538,1.1807003,0.7510797,0.10540684,0.13684356
1.6747086,0.9014106,1.4495397,0.75644344,0.31353122,0.14511347
1.4483204,0.89167076,1.7012293,0.8159294,0.33146343,0.12319497
1.8588549,0.92481685,1.3956847,0.74165356,0.2634077,0.17242178
1.345555,0.6958341,1.3023283,0.7168821,0.1222876,0.16367556
1.6921768,0.96720344,1.2164934,0.74615204,0.14893053,0.14491352
1.3909005,0.87644255,2.0386872,0.9683606,0.4877793,0.065019265
2.1390965,0.97959214,1.1077721,0.799346,0.18454655,0.12722541
1.428312,0.66622543,1.271348,0.7438611,0.19250956,0.14531082
1.5536394,0.59228927,1.2461958,0.7503054,0.28659004,0.15500607
1.5066811,0.751664,1.1723588,0.7875645,0.2990526,0.14645968
1.4050161,0.974689,1.387063,0.7305207,0.23221458,0.1604694
1.4795136,0.72510314,1.3771274,0.8101238,0.5081909,0.12709163
1.8355218,0.75269043,1.2660205,0.76831603,0.2443722,0.14462619
1.4679217,0.8454221,1.1086333,0.7914597,0.23616424,0.13179173
1.4404585,0.4852982,1.3139293,0.7498206,0.36150685,0.15990709
1.1716508,0.8101952,1.327095,0.77112806,0.34682113,0.15394996
1.3548266,0.66143006,1.6098626,0.73731977,0.032758906,0.1351323
1.7205524,0.8392478,1.3313375,0.77983475,0.31268457,0.14017875
1.4993293,0.6905191,1.1758167,0.7829097,0.2673295,0.13794851
1.6136792,0.98525435,1.3471406,0.7662587,0.24067321,0.14129679
1.3308756,0.74539953,1.5990579,0.8021593,0.7511369,0.14387892
1.9731859,0.8251434,1.8347862,0.8790853,0.41130644,0.10649447
1.411834,0.5763207,1.4762905,0.76581407,0.28211856,0.15224649
1.4399788,0.8525679,1.3591552,0.7697735,0.3317089,0.14882834
2.0832253,0.9176134,1.5607264,0.7703395,0.2047572,0.13077378
1.5960808,0.5575587,1.1817222,0.75236094,0.15866444,0.14032699
1.998341,0.8504902,1.0826982,0.8245747,0.2186824,0.11673331
1.0638658,0.81787026,1.5404625,0.7782048,0.33473483,0.13941535
1.6201162,0.72666967,1.3291631,0.8055108,0.409978,0.13444489
1.8604733,0.860346,1.4276521,0.7667773,0.35580721,0.1575516
1.4564636,0.75753087,1.2806857,0.7371319,0.18159686,0.15190598
1.7496378,0.7172649,1.1109715,0.80933744,0.19008027,0.124176465
1.3840936,0.4946295,1.356044,0.7352899,0.31728026,0.15588826
1.4497801,0.9665803,1.2034609,0.80539364,0.30724242,0.13532156
1.3800844,0.47496182,1.2588334,0.6980881,0.047041763,0.15640278
1.3973899,0.44509006,1.3836479,0.7386831,0.27298686,0.15654813
1.6067464,0.9707822,1.4736111,0.7816977,0.35419732,0.14717226
1.5609024,0.5320588,1.2408097,0.77994114,0.26391685,0.14326338
1.1879201,0.85937333,1.3514004,0.7849559,0.36117876,0.14214402
1.4401,0.66870373,1.4208221,0.78653276,0.4002347,0.1393407
1.9677826,0.98322445,1.5252359,0.79488003,0.47431797,0.14970198
1.6935899,0.74312925,1.3809125,0.7756262,0.29196054,0.14334358
1.4406224,0.78571606,1.1210029,0.79385996,0.20072976,0.13019896
2.0953746,0.9541458,1.092467,0.8083832,0.22635077,0.12218919
1.5799907,0.59724545,1.5831497,0.7585427,0.19494098,0.13715568
1.2915624,0.488983,1.4457378,0.74935293,0.3370117,0.16041401
1.8806807,0.8339446,1.333642,0.73487175,0.25869724,0.15929039
1.5544509,0.6905059,1.2932103,0.767013,0.2893003,0.143263
1.4516152,0.5459874,1.689405,0.83166546,0.45496342,0.117669486
1.9713709,0.8368288,1.2638454,0.78745997,0.2737489,0.1386794
2.035593,0.98774624,1.2549863,0.77791286,0.3682248,0.14622113
1.0148512,0.7561456,1.1142299,0.8022869,0.1629158,0.12375684
1.1655201,0.9160177,1.45984,0.71860373,0.1060911,0.15621229
1.4301769,0.9298715,1.221015,0.7640916,0.2652816,0.14627907
1.3227626,0.9135521,1.6064024,0.8376317,0.4940241,0.12883157
2.0283158,0.93291533,1.0142689,0.86383516,0.27430797,0.10964158
1.9902456,0.8976741,1.9242566,0.88055754,0.2845052,0.086790666
1.4511129,0.92587525,1.1562827,0.77912116,0.14242083,0.12990484
1.3886358,0.6302294,1.2179279,0.7611052,0.14871882,0.13752842
2.014611,0.90460783,1.3637488,0.7652453,0.25826097,0.14084254
1.3848649,0.5176294,1.4718988,0.78981435,0.38812375,0.13939393
1.4989331,0.6068418,1.4127502,0.7832526,0.2851479,0.14058
1.9184942,0.8451067,1.3394907,0.7386297,0.29871672,0.17136464
1.6046443,0.8499631,1.3229301,0.74837154,0.2569094,0.14373556
1.8551579,0.9366414,1.48436,0.82138443,0.4047082,0.13154826
1.6611626,0.8998844,1.274998,0.77554613,0.27065414,0.1401525
1.150947,0.80289835,1.3940542,0.81181496,0.53190595,0.14365438
1.6394954,0.9812386,1.2250545,0.7689458,0.2819305,0.1445597
1.9531544,0.8217845,1.2153788,0.7929769,0.3684288,0.14118779
1.3356358,0.6037632,1.3670807,0.7582719,0.3385326,0.1564206
1.349727,0.51499945,1.2607594,0.79954755,0.35262415,0.1372532
1.3937227,0.43386176,1.128725,0.77340865,0.15027763,0.13416773
1.5501838,0.96560574,1.0753146,0.81411713,0.1614616,0.11839189
1.7647454,0.75129473,1.3941572,0.7424763,0.23849027,0.15662502
1.484283,0.83354485,1.1905344,0.81625724,0.38879162,0.13428594
1.6964217,0.64217937,1.1098688,0.8139633,0.31805947,0.12824042
1.6031697,0.88095057,1.9847336,0.891545,0.15081681,0.07286076
1.3433235,0.41789845,1.501051,0.80538803,0.39239225,0.13394243
1.1310735,0.7249016,1.2153549,0.7709191,0.24022016,0.14243078
1.6378953,0.6752206,1.1492406,0.7774705,0.20010157,0.13459545
1.0736547,0.96494144,1.0761294,0.8437602,0.24293631,0.11508322
1.3298062,0.9685431,1.1569517,0.81419784,0.20688798,0.12396728
1.6318986,0.68037677,1.1508193,0.8234673,0.24421825,0.1236906
1.1143429,0.6686309,1.4639938,0.813443,0.59913886,0.14536156
1.1570739,0.7692569,1.2886176,0.7622893,0.37582138,0.16345042
1.4153726,0.77932936,1.4097121,0.7641705,0.25422683,0.13795692
1.3148351,0.5237803,1.5094438,0.7952098,0.3620348,0.13330734
1.5655779,0.7404212,1.2698352,0.77823913,0.2714301,0.14021763
1.2821578,0.9665281,1.3155262,0.7437074,0.22336954,0.15484591
1.1680069,0.63469094,1.5535972,0.7830539,0.3697736,0.135133
1.6383609,0.57867724,1.4552526,0.7322869,0.20638056,0.16055818
1.384227,0.52473336,1.3446105,0.7865044,0.40173227,0.14599255
1.9092484,0.9257297,1.4633987,0.69946265,0.07798749,0.16132481
1.3503354,0.4680355,1.3297281,0.7419319,0.19359271,0.15405767
1.6618767,0.87602246,1.3637483,0.7461412,0.3935959,0.16434847
1.7733952,0.9856391,1.5005918,0.7840822,0.44464338,0.15432121
1.3320161,0.46788153,1.2669225,0.7602081,0.2738745,0.14572032
1.3732307,0.6122069,1.2227097,0.77001166,0.30107847,0.14323406
1.3299158,0.41988638,1.390707,0.7808174,0.3706671,0.13605696
1.5946099,0.6523667,1.3845818,0.7209859,0.22197819,0.164753
1.546084,0.9595071,1.347285,0.75638884,0.28955606,0.14469218
1.6481292,0.5996331,1.3125303,0.7902341,0.34112322,0.15148742
0.9830873,0.8179707,1.402205,0.8254241,0.50712925,0.13379286
1.0291985,0.86279047,1.1491946,0.75147194,0.12808661,0.14049995
1.6432731,0.68836457,1.5435555,0.77586746,0.39886543,0.14434719
1.1734612,0.6924109,1.2366507,0.7929068,0.27423415,0.12955019
1.6852412,0.7893276,1.797046,0.8382814,0.18324062,0.09466691
1.4157639,0.6954408,1.467668,0.7327564,0.19378641,0.15376678
1.3570706,0.5332857,1.3968384,0.7557959,0.38207784,0.15391344
1.5734837,0.60637647,1.3640745,0.7303827,0.22735913,0.16710143
1.5519994,0.70639074,1.256876,0.73335993,0.16496678,0.15108734
1.8523257,0.8858822,1.4811623,0.8065451,0.363753,0.12542331
1.8888192,0.7722817,1.3170533,0.73966277,0.25715542,0.16475485
1.1450816,0.98364866,1.2293715,0.782187,0.249111,0.13506874
1.4373161,0.7499272,1.1814475,0.79502314,0.28963852,0.13580488
1.0986323,0.7936794,1.4142711,0.73699224,0.24604066,0.16251385
1.2851604,0.46474934,1.3407273,0.7719308,0.21199934,0.14512287
1.4637637,0.58494073,1.4661512,0.8129714,0.42094606,0.12095013
1.7707711,0.9354669,1.6368482,0.80950004,0.53875494,0.13744143
0.9848599,0.93262386,1.3875909,0.7640851,0.34832478,0.15347958
1.8285525,0.91886896,1.3026958,0.77308595,0.26972944,0.14436835
1.258873,0.97214276,1.2833667,0.7958264,0.52388144,0.16807592
1.2311727,0.89975137,1.3032615,0.7396213,0.2302699,0.15486592
1.4889504,0.71901107,1.2543156,0.7720331,0.32287315,0.14015163
1.20437,0.59834945,1.6063156,0.7875969,0.30396262,0.13013977
1.4980065,0.66420406,1.291348,0.7764483,0.32046348,0.15318161
1.5483414,0.5236492,1.6187956,0.80505186,0.50551236,0.1328814
1.7232318,0.9677751,1.4192197,0.77155995,0.4652695,0.15098552
1.4883043,0.7848979,1.2681227,0.74588734,0.19561279,0.1479593
1.6955196,0.8210534,1.3289669,0.7634674,0.31914327,0.15715905
1.863891,0.7996897,1.4352422,0.7924949,0.3636695,0.14271574
2.1045678,0.96361923,1.4263475,0.77873904,0.3872317,0.14901513
1.6210442,0.967197,1.2398252,0.7482262,0.22447312,0.14943475
1.2950182,0.46710277,1.4035764,0.7527028,0.2971121,0.1616335
1.6445124,0.59256524,1.289928,0.7590471,0.27811176,0.14735366
1.4217547,0.9441209,1.3736451,0.7817396,0.30679807,0.13810535
1.5730671,0.6402629,1.4259932,0.7521286,0.26444185,0.15312482
1.1752014,0.9435248,1.3052216,0.7829431,0.3401178,0.13692492
1.8052522,0.99630815,1.3682044,0.71522766,0.1057223,0.16170053
1.4778619,0.562316,1.3326299,0.7012342,0.15062866,0.16472732
1.537802,0.8020568,1.2635083,0.72810245,0.16410175,0.14976862
1.9001869,0.80427563,1.285677,0.7041847,0.11187253,0.15954873
1.3096333,0.57099754,1.4864924,0.865182,0.6407267,0.10772728
1.6115208,0.94487834,1.2757356,0.75343984,0.24336421,0.14743167
1.3226877,0.95324737,1.0662918,0.81183714,0.19074579,0.12356271
1.5324804,0.59483206,1.2898757,0.70019054,0.10715728,0.16301979
1.2661057,0.51010495,1.2403045,0.76944387,0.20018615,0.13806012
2.0110075,0.94618744,1.4060891,0.7590534,0.2626359,0.1481397
1.9580684,0.88634866,1.3603561,0.7624115,0.35878503,0.15165298
1.2143065,0.8466598,1.4994414,0.8124298,0.554427,0.14063641
1.1949944,0.62569475,1.2823706,0.7212206,0.21206726,0.15629278
1.6780181,0.6548656,1.2726405,0.73445344,0.19106284,0.15942815
0.9822464,0.7913861,1.0778375,0.8163342,0.20041181,0.1205421
1.448315,0.797339,1.3682113,0.7310891,0.24003252,0.16460602
1.359344,0.4128738,1.1736479,0.81470335,0.2207478,0.1265481
1.1622033,0.79170555,1.1823208,0.82500595,0.31150204,0.11962946
1.3082033,0.43965784,1.4567394,0.8310081,0.49209595,0.14037728
1.8692515,0.9520402,1.1356955,0.803484,0.24226667,0.12714645
1.2617927,0.96488714,1.3453474,0.72367597,0.16335857,0.15466635
1.5965352,0.9724321,1.2532494,0.7872388,0.33175343,0.13848339
1.5562901,0.8771807,1.2777729,0.7763241,0.3444786,0.15012422
1.6971775,0.72412276,1.3116999,0.7230179,0.20443013,0.15657753
1.4882379,0.5450301,1.3149602,0.76203185,0.29429698,0.14595383
1.2329106,0.69304115,1.4829798,0.7393309,0.092930235,0.14882202
1.7621833,0.75747937,1.1520605,0.7780744,0.13777243,0.1311573
1.4736089,0.7121073,1.4185088,0.75957966,0.3319127,0.15116629
1.200373,0.52613014,1.3527045,0.7617327,0.26123556,0.1437774
1.6458937,0.68469024,1.4497719,0.7776903,0.3350504,0.15284953
2.0206592,0.88366896,1.510998,0.79956156,0.4084011,0.13739118
1.9456778,0.845709,1.1046202,0.807022,0.19885825,0.124330185
1.0305122,0.783662,1.4450204,0.72739106,0.24793908,0.16456042
1.7849672,0.7605636,1.3062108,0.78306276,0.31073284,0.1436447
1.6968274,0.71991456,1.1387727,0.78901505,0.18421005,0.13117898
1.530741,0.6976559,1.1653856,0.76315445,0.14661585,0.13645089
1.9774407,0.938583,1.2862396,0.7746682,0.23996341,0.1397935
2.0735447,0.9195277,1.258735,0.7858862,0.2567967,0.13547677
1.3371173,0.6694514,1.302191,0.7770692,0.3044126,0.15339604
1.6734316,0.8784499,1.1311777,0.807765,0.21455479,0.124674775
1.7782103,0.7820104,1.2728114,0.802421,0.4043847,0.14115587
2.0183322,0.91313416,1.3567202,0.7194895,0.1602917,0.16118115
1.5795927,0.5532045,1.2987797,0.74525267,0.26087922,0.1585544
1.5239835,0.56982,1.4601917,0.7663032,0.43991566,0.15717505
1.0501629,0.9311986,1.339364,0.7280959,0.22715437,0.15655614
1.0048468,0.7763215,1.519927,0.81553596,0.4869604,0.15089597
1.1475215,0.72867763,1.5044951,0.797948,0.3929548,0.13634688
1.7435764,0.8188885,1.2856126,0.75486994,0.22537696,0.1473918
1.2945065,0.76369625,1.1970551,0.7484684,0.12774344,0.14582708
1.5196762,0.9865621,1.3727658,0.6981623,0.13762128,0.16591294
1.317598,0.43239957,1.4491916,0.78901976,0.43128753,0.14566478
1.1508518,0.8427636,1.7018754,0.8138035,0.29258832,0.12199121
1.5557365,0.90355843,1.3760271,0.77173597,0.32505855,0.14444044
1.46962,0.6187812,1.4870837,0.7782106,0.34778893,0.1405523
1.4585615,0.74520457,1.7382758,0.81455106,0.23388815,0.11584618
1.9789104,0.9708348,1.2652748,0.8038492,0.43231818,0.13336661
1.7701768,0.81285983,1.8764894,0.86975896,0.16783082,0.081955895
1.4350059,0.65395415,1.2209868,0.7653415,0.11908168,0.13489377
1.8952439,0.85298365,1.5625954,0.78345907,0.40862158,0.15115592
1.9735059,0.965876,1.4921961,0.78061026,0.34868628,0.14322382
1.370023,0.5764256,1.23718,0.83293563,0.4119878,0.13003884
1.6364036,0.6556744,1.3377061,0.77217907,0.28835863,0.14744662
1.4553442,0.6863978,1.2494855,0.73713636,0.13971558,0.14860347
1.4980735,0.5109342,1.4712934,0.7742847,0.41155684,0.14217831
1.5088633,0.6128143,1.2155366,0.7117476,0.105815284,0.1546652
1.2821516,0.5760309,1.4786034,0.7635988,0.34176427,0.14818102
1.6144481,0.57582325,1.3550053,0.8079293,0.49828342,0.1429416
1.5669088,0.9860433,1.195641,0.82654774,0.3509179,0.12953316
1.4702317,0.52995306,1.1471049,0.7736821,0.20559996,0.13887556
1.5452913,0.7375772,1.1707213,0.80940264,0.31217703,0.12683673
1.4224484,0.97483844,1.42189,0.7656857,0.37710756,0.15487136
1.1946311,0.828565,1.3306081,0.7446798,0.2852407,0.16472156
1.8872222,0.76682657,1.4303887,0.71568406,0.18121986,0.16148412
1.2337211,0.76376957,1.6096523,0.7861584,0.32793072,0.13420203
1.4435151,0.63641644,1.400593,0.68701303,0.066946976,0.18108158
1.4306332,0.5986395,1.3985167,0.78060627,0.41726997,0.15519466
1.6633141,0.7832235,1.4214823,0.7863811,0.35235742,0.13458732
1.0671033,0.7879445,1.4954555,0.81348056,0.4298508,0.12655905
1.0959628,0.9459361,1.3047287,0.80028754,0.4269955,0.14592564
1.7346705,0.6428141,1.625102,0.76234263,0.081108995,0.1305085
1.6490098,0.83115226,1.2969155,0.74077225,0.14796945,0.144605
1.5498646,0.7336355,1.468441,0.8500646,0.5850276,0.12674564
1.6735414,0.72444403,1.7860658,0.8527524,0.29625627,0.09545032
1.468027,0.95052254,1.2725756,0.80703354,0.5236836,0.14072913
1.5206497,0.62556213,1.1504977,0.8142027,0.31272036,0.1336375
1.9608552,0.92299026,1.2894113,0.7566253,0.246998,0.15073958
1.6223444,0.7460719,1.305398,0.7542214,0.260296,0.15000248
1.2461278,0.8135066,1.2498055,0.80685455,0.41945788,0.13390657
1.1474522,0.8859505,1.168174,0.7848023,0.15105388,0.12807192
1.3851346,0.9474801,1.2254717,0.8112988,0.2703043,0.12700583
1.4187531,0.5854833,1.321322,0.8007961,0.39983797,0.13062717
1.5111504,0.54578674,1.4055262,0.8223054,0.48859486,0.12532796
1.4986424,0.7651545,1.5924127,0.797736,0.449835,0.1346534
1.431435,0.5157893,1.5173569,0.85752374,0.703283,0.13548733
1.1053425,0.72833484,1.1864269,0.7532307,0.18847321,0.14547768
1.438816,0.6557409,1.6895425,0.7684904,0.039927594,0.12131587
1.8417231,0.77344257,1.427371,0.9065147,0.65981835,0.09205275
1.6612943,0.80480033,1.3237293,0.72226477,0.21557188,0.15967298
1.3352981,0.6144207,1.0769618,0.8293896,0.2177723,0.11879299
1.8413363,0.8134217,1.2029796,0.80182177,0.21586098,0.12686118
1.5047406,0.79968923,1.3517201,0.7171465,0.16554704,0.1594361
1.7750919,0.8693529,1.1821399,0.80589885,0.40763378,0.13617226
1.5613865,0.8661338,1.4670315,0.8265481,0.60831964,0.13455229
1.812632,0.74994266,1.4765229,0.78843784,0.4011781,0.14491217
1.3541142,0.94550776,1.3586771,0.77687615,0.34366214,0.14348438
1.292345,0.7214162,1.3251145,0.7753947,0.3577552,0.1439358
1.4141294,0.57032347,1.1014943,0.81704646,0.26929072,0.12500897
1.9543312,0.82466257,1.4601772,0.77012646,0.38711938,0.15627123
1.3465204,0.47199494,1.3632224,0.7455514,0.2122914,0.1483469
1.656211,0.698594,1.4550338,0.7455771,0.28622493,0.15455908
1.9058301,0.81022036,1.2364743,0.74750316,0.14722173,0.14558178
1.4739614,0.5325871,1.2951987,0.76804054,0.32603043,0.14560384
1.3063564,0.4461631,1.4139731,0.78664076,0.5076562,0.15472995
1.4206954,0.95021987,1.1577594,0.8019237,0.23188926,0.12772289
1.6115882,0.8334813,1.3884811,0.7256917,0.105451226,0.15308191
1.1558636,0.91189015,1.7419534,0.84872705,0.45697698,0.11143211
1.2833219,0.68120396,1.2205212,0.8356672,0.33419582,0.12293435
1.2949121,0.90181077,1.4302099,0.76161635,0.3635961,0.14791039
1.3940753,0.9038667,1.3947315,0.7285197,0.2002837,0.15287688
1.7874354,0.7592974,1.3529046,0.740769,0.18536423,0.1588508
1.3601031,0.68990344,1.3393943,0.822108,0.47716805,0.1304152
1.2454605,0.5061559,1.5522184,0.82355994,0.5292881,0.13633743
1.5416679,0.6917076,1.2263098,0.7710611,0.3012054,0.14654478
1.5719684,0.5626806,1.1198592,0.8030608,0.28381005,0.13170354
1.0190452,0.8804707,1.3878677,0.76955295,0.32111982,0.14840232
2.0386946,0.9248076,1.2582233,0.73163325,0.17872363,0.15307835
1.679273,0.68181694,1.3401985,0.7936564,0.45660126,0.15119785
1.6770208,0.8632198,1.3657348,0.7600635,0.23401518,0.14062446
1.5159912,0.75811994,1.2138486,0.76470095,0.25408676,0.14694118
1.2487613,0.49327922,1.4350712,0.7808253,0.36451733,0.14515235
1.7184954,0.89577574,1.2648335,0.7619084,0.28145573,0.14347544
1.6924217,0.80269367,1.5364063,0.81287074,0.497876,0.1336942
1.4158989,0.52848274,1.4356277,0.7432282,0.2494922,0.15291007
1.5045527,0.51681733,1.2131629,0.7810699,0.32403803,0.1416715
2.0967739,0.94698775,1.5504112,0.82688975,0.6470113,0.122068234
1.6873276,0.9034064,1.1491338,0.8018207,0.21381125,0.12967485
1.3472213,0.56405574,1.3418348,0.73640597,0.24418244,0.16021992
1.3084884,0.6282389,1.8385754,0.8873397,0.764404,0.10306798
0.90371305,0.93448985,1.3637326,0.7617876,0.4081669,0.15833096
1.0777072,0.87793374,1.430959,0.7821729,0.3762736,0.14568274
1.44479,0.5442629,1.4255517,0.7130532,0.15462762,0.16582823
1.9608647,0.9781973,1.3659723,0.72209144,0.23828533,0.16254593
1.242713,0.7780625,1.297363,0.77600545,0.4163227,0.14718534
1.0655321,0.6711729,1.1386926,0.7884598,0.15966865,0.12824433
1.362859,0.5460689,1.1878796,0.7719424,0.22170077,0.14003263
1.4902326,0.74759555,1.1706915,0.75371486,0.16225508,0.14400421
1.5059896,0.8269609,1.1446768,0.78231496,0.22458301,0.13217355
1.517451,0.89432645,1.1688057,0.8124768,0.353738,0.1256364
1.7335304,0.809903,1.1704906,0.7515414,0.09017003,0.13698535
1.7921419,0.8147582,1.3816595,0.6642027,0.028381512,0.17363085
1.7558981,0.7555732,1.3906476,0.8061685,0.41857457,0.12936586
1.6788814,0.8233474,1.6732914,0.8042286,0.28725734,0.13172218
1.0702701,0.8689824,1.2937529,0.7626235,0.2922191,0.14604689
1.6731259,0.78567165,1.3504419,0.73119104,0.25378793,0.1586726
1.6121659,0.87413824,1.4539032,0.79915464,0.48457953,0.14538153
1.8742162,0.91555476,1.3608108,0.75366116,0.37166697,0.16164193
1.9773594,0.850182,1.2425711,0.81709,0.5056383,0.13831665
1.2407409,0.5391581,1.6065753,0.80078506,0.36724895,0.12826638
1.3995072,0.53334427,1.8485148,0.85658795,0.2240911,0.09711016
1.4124584,0.7369391,1.1269262,0.8005414,0.13142844,0.12210605
1.2731626,0.6857575,1.3097174,0.81810844,0.49936053,0.13850723
1.5165354,0.58207756,1.4080822,0.74648744,0.22556068,0.15707122
1.4108185,0.4555733,1.2664542,0.7829946,0.3015863,0.1378751
1.9309666,0.81334966,1.3726985,0.73596007,0.31893703,0.15808746
1.1423172,0.9643158,1.1001844,0.83821476,0.27728567,0.11802199
1.8896756,0.9792428,1.3785086,0.73963284,0.09947067,0.14736478
1.7794563,0.7753231,1.3704014,0.71370256,0.21782362,0.16606323
1.5523043,0.76117164,1.6921475,0.83898443,0.61153036,0.13628268
1.6583811,0.86428624,1.4985955,0.7798058,0.33672556,0.14610577
1.3367563,0.98195446,1.8489106,0.90281564,0.7026184,0.102680594
1.1107473,0.9560772,1.3956728,0.80284303,0.38844118,0.14099579
1.5055782,0.7225873,1.4629505,0.8071611,0.42884108,0.13743308
1.3662366,0.49776992,1.2410204,0.78080297,0.25802872,0.13835885
1.8372561,0.75850433,1.4029915,0.7489277,0.24254793,0.14913999
1.2403866,0.97253186,1.5341578,0.8317545,0.46054783,0.13288656
1.6426293,0.99739903,1.1132532,0.798908,0.23099066,0.1335611
2.1164865,0.98179185,1.2102833,0.82186246,0.33093864,0.123929374
1.4095402,0.59015,1.3312538,0.7342056,0.24465616,0.16424459
1.2380354,0.7207829,1.2031331,0.71129584,0.030704718,0.14285624
1.466704,0.47462156,1.6676602,0.86869216,0.78671855,0.11293709
2.0436695,0.9351797,1.5170274,0.81729513,0.6103213,0.14592534
1.676598,0.61577195,1.3937938,0.8029794,0.47861773,0.1521674
2.0219617,0.9128336,1.3128178,0.77555126,0.403689,0.14815304
2.1176295,0.9778002,1.323209,0.7034179,0.17487016,0.16924666
1.5098208,0.6371835,1.6623073,0.8207827,0.31207898,0.12691693
1.2893721,0.44545522,1.5009737,0.8217928,0.3459745,0.12013717
1.2410501,0.83133894,1.4216402,0.83435345,0.60315,0.14811787
1.2444905,0.76823795,1.3969507,0.7612404,0.4673441,0.14917445
1.3235333,0.4917509,1.168392,0.792594,0.24386464,0.1367539
1.5995378,0.6887142,1.2444072,0.7294506,0.17104721,0.1541425
1.5878708,0.7018201,1.2663369,0.7394725,0.16872378,0.15795949
1.8998076,0.90855914,1.269712,0.7704373,0.2406002,0.14107731
1.4002104,0.6178628,1.417114,0.7376728,0.28135657,0.15729402
1.5535254,0.89889616,1.1835265,0.801778,0.24717785,0.13307136
1.3284072,0.48065835,1.3133328,0.70807284,0.20065804,0.16475852
1.7162517,0.9491246,1.0886765,0.8043957,0.17743842,0.12380818
1.3791989,0.5931099,1.1470473,0.8233058,0.41092286,0.12451846
1.8134706,0.85833436,1.3352046,0.8199723,0.6336105,0.14161901
1.614383,0.9197055,1.3786609,0.77804714,0.34870034,0.1568707
1.338948,0.48780772,1.2144029,0.7854551,0.25881845,0.13651747
1.8060753,0.98848563,1.4663918,0.8014793,0.32661024,0.14488219
1.2656686,0.6305444,1.388349,0.8345518,0.48990938,0.12526436
1.7846318,0.9617136,1.196069,0.76768565,0.1783078,0.14418525
1.9135194,0.8597316,1.421299,0.8038626,0.452062,0.13969325
1.5255843,0.9671564,1.1585696,0.8053958,0.18609914,0.12148493
1.820585,0.87703514,1.49316,0.7561486,0.29658937,0.15359394
1.543928,0.9000461,1.1724992,0.80102795,0.26913163,0.1301071
1.5727693,0.9464836,1.4018888,0.7320985,0.3282716,0.16511355
1.5775744,0.8541749,1.6152127,0.8556386,0.2750663,0.10199419
1.3149278,0.66642,1.5424986,0.7522062,0.2615832,0.15315281
1.241117,0.88410425,1.2475066,0.7521392,0.19373482,0.14657496
1.4845034,0.5719877,1.2581723,0.7930301,0.35435048,0.14082727
1.9298007,0.807739,1.4928195,0.8103242,0.50546193,0.14076924
1.5372967,0.9937994,1.1608666,0.7691518,0.18704677,0.13560595
1.8913783,0.96960676,1.2799885,0.7378981,0.21248434,0.14788003
1.0401409,0.99863726,1.580642,0.7897223,0.31556642,0.14123246
1.4150289,0.7048967,1.3776269,0.78703046,0.4000492,0.1493867
1.6120578,0.94127816,1.4668298,0.71305454,0.09537389,0.15227811
1.5463761,0.889749,1.1057434,0.7838427,0.16365808,0.1320965
1.2735573,0.78852487,1.4501874,0.77010953,0.3639409,0.15074949
1.5950394,0.6716389,1.2543838,0.7768594,0.40803313,0.15400502
1.4940526,0.66016257,1.1012187,0.79821545,0.17095524,0.12476828
1.3501612,0.578095,1.2897909,0.7509871,0.3114381,0.15028112
1.3485527,0.47781006,1.2491827,0.76353586,0.3401002,0.15445206
1.539869,0.5780293,1.5707228,0.8753694,0.8909817,0.11072744
1.6030326,0.5546881,1.3604445,0.73737836,0.19591136,0.15369198
1.6726799,0.6392631,1.4277885,0.73828435,0.3182497,0.16866834
1.7678436,0.87830585,1.6643326,0.81299263,0.3842765,0.1298266
0.94553196,0.9357977,1.3510284,0.69347584,0.12975143,0.17520212
1.3626875,0.5033396,1.4956286,0.7358643,0.11596045,0.1450597
1.5773897,0.8737472,1.2940228,0.7777846,0.32272127,0.15166794
1.3104157,0.7728036,1.2983859,0.72851896,0.14574133,0.15198179
1.2453908,0.6619267,1.5255024,0.75056493,0.29887846,0.15067214
1.8484708,0.85119355,1.2702827,0.8386108,0.41660565,0.11802262
1.5269729,0.55526143,1.5852828,0.8390693,0.58914477,0.12998778
1.3850956,0.45957023,1.214864,0.8069778,0.36410835,0.13462932
1.4026175,0.6519395,1.3342147,0.77200997,0.33435044,0.14920728
1.1423599,0.8994471,1.3195007,0.7296622,0.18898407,0.15629476
1.2948773,0.83598673,1.1716111,0.78187966,0.20710942,0.13215436
1.451284,0.7796843,1.1425503,0.79807407,0.18468516,0.12763913
1.7901725,0.6951891,1.2352376,0.7726617,0.27522162,0.14797531
1.3897179,0.7378619,1.3045597,0.71764195,0.21229048,0.16494472
1.306244,0.68742865,1.3797808,0.79489386,0.5086768,0.15237577
1.3303572,0.9110357,1.8220112,0.85251,0.32607046,0.110309556
1.3832076,0.9427301,1.1702709,0.736363,0.060123615,0.139783
1.7719269,0.85158014,1.3564403,0.7758441,0.4570372,0.14877333
1.5373365,0.90729463,1.4764326,0.8403598,0.46971428,0.12705529
1.310205,0.76394063,1.5325794,0.73786885,0.22159359,0.14920542
1.3659017,0.59297895,1.192879,0.7522236,0.23817685,0.14644367
1.4575591,0.78288907,1.2679479,0.7296018,0.16636425,0.15285574
1.4380276,0.7891512,1.3948524,0.74540067,0.21482867,0.15626636
1.4830801,0.7489258,1.3608968,0.7535533,0.37303105,0.15118675
1.2925023,0.6726169,1.2129841,0.7755773,0.27095383,0.13852625
0.97394556,0.8187067,1.0642409,0.8072843,0.16500941,0.12083501
1.5614548,0.53646004,1.3274546,0.7392417,0.2616407,0.16501053
1.3126354,0.5621378,1.357382,0.7663344,0.2575901,0.15369934
1.4478326,0.48574495,1.3032281,0.7776892,0.22767958,0.14106208
1.705403,0.92952913,1.0826589,0.8337911,0.2941261,0.119865924
1.2434909,0.6807124,1.4481146,0.7662412,0.5784961,0.15269773
1.4362088,0.593492,1.3423643,0.7174331,0.15677291,0.15817988
1.2844551,0.9712435,1.2330275,0.7979665,0.2596509,0.13320081
1.4114958,0.83473,1.1538565,0.8293919,0.42169687,0.1291905
2.0315075,0.94430435,1.3909795,0.7302691,0.11094987,0.15115812
1.394669,0.7986022,1.3833661,0.7621771,0.24315794,0.1441354
1.5540544,0.99714047,1.3493993,0.76502556,0.27931505,0.14495765
1.1654873,0.61837226,1.115003,0.7837233,0.20734002,0.13165735
1.300927,0.81672996,1.579366,0.78375006,0.390382,0.14140432
1.2542369,0.55355954,1.4559834,0.79461306,0.43244553,0.13689446
1.2929792,0.473324,1.5998869,0.77598095,0.27059826,0.13923061
1.6362659,0.8006787,1.3957932,0.7632331,0.36090857,0.15348406
1.8956884,0.837889,1.5452135,0.8089361,0.4430605,0.13295338
2.059263,0.93652254,1.1826546,0.75723594,0.2254366,0.14433274
1.4211001,0.45409176,1.1453418,0.76438063,0.10396939,0.13328743
1.5229281,0.8725503,1.3479261,0.7581613,0.37588623,0.15128908
1.90849,0.7920211,1.268722,0.7722905,0.35165378,0.15097801
1.4801784,0.74698806,1.2376206,0.78021795,0.2657659,0.14181122
1.1534353,0.62990075,1.4612389,0.77846384,0.3414316,0.14557299
1.1634641,0.5511189,1.4954193,0.79621917,0.44027543,0.1380475
1.4773897,0.91943383,1.2368824,0.7271829,0.13767768,0.15192346
1.7698244,0.8415466,1.4182017,0.727225,0.27830786,0.16044451
1.3623613,0.9186625,1.4923983,0.73801327,0.20793374,0.14973159
2.023589,0.9254217,1.3736587,0.7869867,0.44711056,0.15520702
1.7102485,0.9930266,1.1994443,0.77510077,0.25063044,0.14148277
1.6062179,0.7744454,1.385658,0.74249434,0.29505816,0.16090272
1.9174309,0.99151164,1.3297968,0.7720163,0.33303186,0.1515746
1.6951642,0.9772272,1.2579541,0.74619514,0.2786067,0.15803146
1.5013012,0.8356901,1.2615416,0.7566924,0.1950312,0.14464481
1.8783208,0.9505905,1.2048397,0.74532515,0.15774043,0.14597006
1.2569392,0.90262717,1.5495718,0.7955692,0.42732754,0.13694148
1.4839052,0.9270695,1.4132473,0.81620026,0.3689482,0.11689142
1.0843198,0.7721459,1.4047263,0.7337462,0.21141244,0.15996876
1.2966775,0.7143609,1.7259429,0.7892964,0.08499025,0.114215
1.3119625,0.60894114,1.4393137,0.7449454,0.3009821,0.14992821
1.6232255,0.5907684,1.2391658,0.77478075,0.38398966,0.14817533
1.6220574,0.8193225,1.0681574,0.8150428,0.17137007,0.12159647
1.3994591,0.852568,1.2220211,0.808421,0.32247955,0.13582343
1.4235628,0.563442,1.5396543,0.8062463,0.31109998,0.122256376
1.5978043,0.7911819,1.3922775,0.7730839,0.27881938,0.14504619
1.1599925,0.6267812,1.6365278,0.79322356,0.35887638,0.1374496
1.5877341,0.78551364,1.5651383,0.78655374,0.3603704,0.1475222
1.4826444,0.4796447,1.0339518,0.82092524,0.096586436,0.11122531
1.5204325,0.86437196,1.1402445,0.76219535,0.122028895,0.1332824
1.9182855,0.9866072,1.1427758,0.791149,0.20664176,0.12964965
1.5174427,0.5332211,1.2638109,0.71046925,0.13207021,0.15983148
1.5748539,0.95127547,1.3051076,0.75774646,0.20140557,0.14563842
1.3373289,0.6150281,1.2249331,0.77614725,0.22681051,0.14051937
1.3384786,0.98404396,1.2041497,0.72541595,0.078950115,0.14479728
1.6304731,0.7754011,1.3628731,0.79497397,0.3708088,0.13936675
1.6851195,0.7742815,1.1585102,0.80460316,0.30627123,0.13220763
1.4193568,0.5910376,1.2015717,0.77502006,0.17073192,0.13454565
1.37172,0.5326605,1.1530874,0.8344883,0.4392078,0.12506239
1.4439021,0.7060432,1.4645047,0.77895755,0.33354592,0.15221019
1.2918652,0.50950587,1.1518453,0.8062151,0.20801476,0.12438894
1.3885052,0.5329416,1.2628243,0.76710004,0.38686496,0.15133823
1.721146,0.95596534,1.4312482,0.7191895,0.23472539,0.16079609
1.1500363,0.6015479,1.5966365,0.831581,0.50897783,0.13453813
1.8284112,0.7721799,1.4855316,0.8000615,0.4610416,0.15157542
1.7100875,0.925755,1.3411937,0.75856006,0.34493887,0.15091364
1.9383415,0.8551181,1.3133771,0.7954282,0.36720312,0.13408014
1.5017906,0.98821515,1.3337393,0.7886002,0.34170777,0.14785838
1.7545798,0.67181814,1.6292131,0.8119938,0.7031467,0.14224134
1.081645,0.9307549,1.3891375,0.7589315,0.33070675,0.15688883
1.7388318,0.72119766,1.2496855,0.7786782,0.3099214,0.14315276
1.913778,0.83463234,1.3189678,0.7614664,0.19777872,0.14694263
1.8998069,0.8257267,1.1414886,0.8085987,0.20123233,0.12746222
1.5696062,0.68056846,1.3721783,0.76651734,0.38102505,0.15990642
1.6077222,0.710753,1.525203,0.77568513,0.35547775,0.14735901
1.8506167,0.9778635,1.3595939,0.70138466,0.16652697,0.17078726
1.6408857,0.6810035,1.3480637,0.7505102,0.26914573,0.14166568
1.6201518,0.6610514,1.4665239,0.7262676,0.15202324,0.15339167
1.2177869,0.55172354,1.4598873,0.69296604,0.10110289,0.16536863
1.3518676,0.764176,1.3019288,0.7633036,0.28499752,0.15171218
1.4703643,0.61976326,1.3697519,0.7631637,0.2524729,0.14400168
1.8192648,0.84486336,1.5473628,0.8088547,0.39779696,0.13929942
1.433047,0.62664247,1.30758,0.7335239,0.20911664,0.16026483
1.3739182,0.823875,1.3741663,0.77099454,0.35149324,0.14799981
1.4950979,0.59747505,1.2414968,0.77280843,0.21155949,0.14363635
1.3530077,0.5916733,1.2843802,0.8114845,0.34154108,0.13052547
1.8365619,0.93379116,1.2417698,0.7175706,0.07739121,0.14899458
1.4749199,0.9018107,1.4175553,0.785553,0.49460506,0.15417556
1.6779664,0.782025,1.4823501,0.7825819,0.35390818,0.14258194
1.2506211,0.71346986,1.4107025,0.7588652,0.2604135,0.14432532
1.1422087,0.8493937,1.421154,0.76508915,0.26117676,0.14908373
1.4988075,0.5228907,1.0214713,0.82444376,0.14011338,0.11027756
2.006432,0.91900146,1.3352244,0.77172565,0.3522382,0.14991747
2.0996006,0.9697968,1.0607629,0.8047629,0.14719242,0.12212322
1.3175986,0.83252996,1.3350582,0.7660767,0.38677758,0.15916929
1.2728405,0.6275193,1.2635455,0.7714593,0.27742195,0.14451556
2.0050693,0.96824783,1.5774763,0.8223297,0.549228,0.12009938
1.5706499,0.8402614,1.412214,0.8102183,0.3849947,0.139464
1.5546602,0.53304684,1.502676,0.7348908,0.15548252,0.14692302
1.6536946,0.6556548,1.3447433,0.79151225,0.3186947,0.1364024
1.2647997,0.79340875,1.2976122,0.8145893,0.40367323,0.13329688
1.2575659,0.6094092,1.3494427,0.76331747,0.2758588,0.15394512
1.3737191,0.6672191,1.4246829,0.80996084,0.47863078,0.14867456
1.5186417,0.8218133,1.2193599,0.8389455,0.350599,0.124110885
1.6561837,0.7758281,1.5982084,0.7723664,0.29801837,0.13999543
0.9993946,0.7673443,1.3901885,0.77789915,0.35527024,0.14042501
1.7091912,0.6301956,1.2600636,0.76713324,0.18172769,0.14168704
1.3242693,0.60155314,1.1348548,0.8357635,0.26302645,0.119276926
1.4800857,0.60558134,1.3133001,0.79031,0.3124117,0.13850902
1.2533847,0.96502924,1.3428214,0.7710614,0.27519086,0.14022705
1.2506018,0.6228115,1.1709676,0.78038585,0.19447604,0.13380726
1.6485972,0.85735184,1.1872644,0.7686095,0.16783996,0.13746007
1.0775288,0.6899537,1.4272902,0.7885851,0.45860595,0.14353392
1.8298709,0.8384718,1.3002303,0.79911065,0.36923712,0.14502226
1.2953439,0.44428524,1.3688338,0.81679076,0.47750786,0.13230696
1.3987026,0.9478682,1.0685699,0.85082734,0.2926421,0.118365064
1.3590764,0.41648415,1.1392751,0.80990463,0.24840902,0.12776935
1.7626097,0.73147094,1.0623746,0.80860305,0.18796441,0.123329364
1.6359652,0.9194765,1.3472905,0.79980856,0.4988835,0.14657441
1.4272583,0.77078176,1.5913868,0.77617073,0.28568366,0.1317248
1.4533981,0.529068,1.7948694,0.88522524,0.4634897,0.0874136
1.867892,0.7943139,1.469399,0.8266068,0.53795934,0.13630661
1.7109723,0.83788794,1.5289707,0.7449865,0.21738833,0.14478275
1.3200526,0.5894054,1.3396964,0.77893925,0.34030366,0.14584811
1.3148483,0.52511245,1.2637713,0.7326977,0.13333926,0.14944997
2.0849566,0.9769241,1.7810669,0.8353096,0.3420271,0.1128867
1.3814663,0.51886207,1.2732508,0.8436489,0.4235903,0.12680727
1.8518732,0.7596828,1.320543,0.78267217,0.28985092,0.13894877
1.240976,0.6072848,1.2094653,0.7598456,0.19557205,0.1483181
1.4926459,0.9424407,1.1492893,0.835401,0.42914966,0.13048358
1.2665851,0.9664742,1.3446546,0.7844193,0.3481377,0.14060238
2.0046368,0.9611495,1.6227832,0.8605074,0.3261217,0.099593885
1.9183555,0.9130009,1.1468542,0.82626456,0.33271065,0.12463425
1.4647689,0.61026,1.5189261,0.8010803,0.47185817,0.14562266
1.6759976,0.6091629,1.2157364,0.81927687,0.37224057,0.13211554
1.3749812,0.48383582,1.358511,0.7593031,0.3383099,0.15087052
1.3975962,0.45281523,1.1652747,0.77642304,0.2106445,0.1418277
1.2084761,0.8730468,1.2210319,0.7904573,0.2882877,0.14177658
1.9976628,0.9699942,1.396343,0.7633736,0.33672178,0.15835336
1.1055471,0.6338102,1.2538285,0.7435131,0.12288039,0.14470127
1.5834173,0.82088774,1.3659673,0.8016553,0.4334665,0.14819956
1.9249407,0.8167111,1.215565,0.74151605,0.12849014,0.14590858
1.655602,0.7175215,1.3454938,0.7086052,0.14474122,0.15860435
1.650996,0.8873504,1.3680398,0.73939574,0.29182243,0.16741364
1.8468754,0.85456634,1.3879673,0.7756846,0.35919663,0.14675114
1.1500279,0.7779565,1.3507619,0.7730592,0.3687469,0.1488989
1.813731,0.956347,1.1967134,0.7593981,0.18734579,0.13849156
1.2682157,0.6842136,1.600106,0.8194123,0.42704007,0.12647359
1.0746183,0.8774616,1.2295659,0.73598963,0.25722277,0.16111057
1.5949731,0.79740053,1.2614756,0.75253856,0.16839357,0.14635298
1.8919314,0.9437064,1.3383648,0.74458545,0.26438946,0.15433343
1.2250807,0.8471388,1.3337984,0.68207514,0.08182746,0.17342363
1.8974501,0.77432334,1.5919199,0.80327594,0.62174654,0.15584259
1.5373431,0.51380384,1.326797,0.8246638,0.46508974,0.13411061
1.6717578,0.78984034,1.1625242,0.80128425,0.23341502,0.13031723
1.7468361,0.9664071,1.2707224,0.78045297,0.4032182,0.14664851
1.3968223,0.4971388,1.4875989,0.8070846,0.41550407,0.14361042
1.6335615,0.93791914,1.2047486,0.75795996,0.2428365,0.14781132
1.5952499,0.99106795,1.2039678,0.7796618,0.21758537,0.13262697
1.1992867,0.6220889,1.311616,0.7416002,0.22837533,0.15619065
1.415396,0.5211025,1.1506147,0.7647919,0.14382964,0.13393502
1.9480649,0.90141225,1.0403717,0.81338155,0.15663446,0.11908293
1.2147526,0.9284061,1.2434087,0.7324022,0.18976921,0.15855679
1.5371233,0.54700994,1.1517622,0.774325,0.20433944,0.13487013
1.321562,0.87175965,1.3845904,0.8320895,0.4526133,0.1311431
1.1411043,0.6571167,1.5659509,0.7881886,0.578184,0.14777796
1.1226265,0.68905085,1.3195872,0.7912533,0.44764274,0.13867338
1.4360745,0.5053523,1.1630185,0.80554485,0.25762725,0.12886499
1.7297242,0.99563,1.2674394,0.7750156,0.2841821,0.13875958
1.268069,0.8311384,1.2675335,0.7832788,0.16042738,0.13221592
1.8017675,0.8134908,1.2897644,0.78157365,0.3316039,0.14990948
1.7428806,0.7835498,1.217591,0.73871326,0.21774341,0.15146421
1.1761174,0.7177154,1.2986624,0.8068921,0.3939057,0.14441963
1.3432232,0.55209166,1.5789864,0.8097593,0.48947844,0.14699921
1.4561645,0.49845237,1.3736508,0.7688198,0.32142365,0.14515878
1.5747343,0.74530965,1.2978246,0.77880687,0.457401,0.15820272
1.3387191,0.6219489,1.5738645,0.81487435,0.52339476,0.14037244
1.155718,0.6427476,1.4076593,0.79959077,0.4272918,0.13838556
1.2848761,0.9586028,0.9985008,0.85520697,0.120836966,0.096049726
1.8529376,0.8027374,1.3192976,0.7959432,0.5098437,0.14403228
1.3494585,0.4779381,1.1907558,0.7913734,0.20628312,0.12977073
1.1768245,0.8340006,1.1066988,0.807819,0.2835117,0.13374327
1.1618986,0.69898796,1.2481856,0.7932221,0.26880866,0.1347106
1.3951876,0.8413704,1.1932986,0.8182903,0.317063,0.12601899
1.7206525,0.87799174,1.414803,0.770017,0.32069167,0.14968975
1.4555486,0.9096639,1.260184,0.7122132,0.14732051,0.1614073
1.4724246,0.57770616,1.4853773,0.77202046,0.3839283,0.15597601
1.7121999,0.7987096,1.6449313,0.75739956,0.08136095,0.13646862
1.3327795,0.95970637,1.2133751,0.81682765,0.3113705,0.12691526
1.9408103,0.96402574,1.2928073,0.77596444,0.3065926,0.14907353
1.6239451,0.70207,1.28442,0.8017394,0.38179213,0.14000559
1.6676292,0.7856345,1.2745364,0.74752235,0.21089907,0.1489867
2.016554,0.97526973,1.2581196,0.79126024,0.37746626,0.13443968
1.2303783,0.83601403,1.3917298,0.72836727,0.20410556,0.16074479
1.2609915,0.47529912,1.3443735,0.75972223,0.3403022,0.14993721
1.358774,0.96387905,1.1225195,0.79682386,0.19115362,0.12712105
1.3505917,0.43714797,1.1434124,0.7857024,0.1656893,0.12800683
2.0013673,0.967853,1.5713081,0.7543751,0.17218103,0.14173031
1.1634113,0.9488937,1.3141325,0.760651,0.22589788,0.1411142
1.6744707,0.6343938,1.4094672,0.75668114,0.27802345,0.14893901
1.4518956,0.9382942,1.304729,0.7309202,0.18060327,0.1544302
1.7032762,0.9204383,1.3584433,0.7789567,0.40400675,0.15166126
1.2319714,0.5235798,1.2122743,0.77917564,0.31095684,0.13867481
1.036231,0.7170948,1.590884,0.7719523,0.11696973,0.13216262
1.2330574,0.9768101,1.2846112,0.72857225,0.20493242,0.1619871
1.027601,0.7243356,1.6044798,0.80800503,0.41712323,0.123137064
1.9361943,0.85011667,1.4492085,0.7357732,0.22192876,0.14946829
1.3077198,0.943262,1.2632699,0.7938822,0.29779592,0.14149983
1.5370678,0.91252893,1.0534179,0.83238244,0.2378401,0.118796356
2.022905,0.94946194,1.1158986,0.8400572,0.30355605,0.1148238
1.3816214,0.71243507,1.423754,0.7699417,0.3327729,0.14388213
1.2754881,0.66581345,1.465693,0.7632764,0.34116954,0.147573
1.3000392,0.64661324,1.3788915,0.72694707,0.2512032,0.16906284
1.7296594,0.6612812,1.5345957,0.80698234,0.33828998,0.13114366
1.9481695,0.95769453,1.5209398,0.74180865,0.19319052,0.14344476
0.9943551,0.90759534,1.4241927,0.7812362,0.383007,0.15259914
1.322272,0.664091,1.2678285,0.7159862,0.15927412,0.1628759
1.8283634,0.91887397,1.218708,0.7684275,0.25006953,0.1424721
1.0739609,0.8459495,1.1128778,0.81054276,0.15734784,0.119770624
1.2018273,0.87018704,1.4912348,0.8133623,0.59667677,0.13353097
1.246032,0.9604205,1.7195764,0.81682634,0.26255953,0.121710226
1.8942147,0.8750235,1.3449445,0.7404015,0.25285134,0.15242863
1.6850348,0.8585461,1.4763799,0.71745133,0.23646042,0.1633966
1.5274502,0.84980184,1.2918148,0.7280431,0.14696738,0.15243952
1.7747862,0.93742394,1.337219,0.7014877,0.19164458,0.1654038
1.7827213,0.7327052,1.673491,0.8670388,0.78812355,0.11045352
1.0507412,0.69637597,1.2925308,0.7859114,0.36617434,0.14674807
1.3992313,0.610106,1.1561525,0.7641557,0.12832527,0.13602534
1.3259331,0.5395462,1.2757134,0.74656296,0.15600145,0.14799125
1.5331357,0.7171899,1.1525192,0.78892887,0.25418985,0.13654003
1.5359658,0.8770819,1.3635366,0.7538824,0.2560988,0.14852926
1.9185865,0.7821392,1.4017546,0.7366707,0.3425726,0.16496839
1.2562845,0.96449536,1.3543782,0.79885,0.48634928,0.15064253
1.7490368,0.8974955,1.1643221,0.77681386,0.18279359,0.13362844
1.3932339,0.675092,1.3276398,0.8122557,0.43090302,0.13735707
1.5319566,0.93151456,1.5070455,0.7886026,0.4597464,0.14490907
1.4311693,0.47311383,1.1736531,0.81443053,0.30030853,0.13404405
1.3731633,0.53278494,1.2589645,0.7472634,0.24618223,0.1570886
1.2148563,0.71382433,1.2195659,0.8123953,0.32612458,0.13276203
1.4068034,0.62080044,1.3931265,0.7355904,0.27536243,0.1550387
1.3618841,0.73037106,1.3761466,0.7308186,0.22506276,0.16065764
1.6152514,0.95915514,1.1833389,0.7736256,0.20407854,0.13389984
1.267131,0.59229153,1.4136987,0.8801519,0.68888724,0.11951864
1.871856,0.77416444,1.2888494,0.80751246,0.37599903,0.13893683
1.2599286,0.9176572,1.256069,0.8207229,0.38876626,0.13271275
1.132906,0.99464566,1.3212702,0.714137,0.17621295,0.16715764
1.5439396,0.5675933,1.4655535,0.7348023,0.25686592,0.16150835
1.3458352,0.8869886,1.6011629,0.82152075,0.46243393,0.13520156
1.2040097,0.6739454,1.4842138,0.8161281,0.38763645,0.13101012
1.7492299,0.8404352,1.387079,0.7968799,0.46320727,0.14492619
1.9135917,0.81617767,1.3421688,0.77734536,0.38253734,0.15062238
1.8347933,0.977947,1.4938407,0.70719504,0.04080515,0.15028286
1.183757,0.99792355,1.3352921,0.8410314,0.48896846,0.12858123
1.4313669,0.7599239,1.6936293,0.82493347,0.38743332,0.11368277
1.1985942,0.948358,1.245172,0.74119544,0.21841796,0.15091577
1.8464098,0.98075914,1.3941693,0.7810106,0.44053075,0.14871216
1.6283994,0.5921856,1.2379358,0.79719085,0.29354805,0.1395226
1.6016831,0.571566,1.5137446,0.73797166,0.12388891,0.14068045
1.2084608,0.855082,1.1462269,0.8093064,0.2756783,0.12883145
1.5328071,0.75226194,1.2298913,0.757934,0.2169068,0.14827934
1.8927054,0.9800748,1.3520646,0.7373201,0.23528387,0.15753582
1.6032633,0.6557614,1.4723661,0.7889902,0.34247878,0.13226977
1.5528383,0.7825405,1.2665071,0.7453087,0.24642949,0.15013222
1.238226,0.8209036,1.3952832,0.7904352,0.41041082,0.1404857
2.0526884,0.9636204,1.370475,0.75193286,0.24887933,0.15579757
1.5047877,0.8377927,1.4084404,0.6977563,0.119356856,0.17211302
1.5096517,0.56597835,1.2570732,0.77349126,0.28299183,0.14430836
1.230593,0.76471716,1.3579376,0.79610956,0.3974659,0.14209208
1.7466108,0.87165034,1.369343,0.7213176,0.23043174,0.16187279
1.5882154,0.8911006,1.2254539,0.8234909,0.36065894,0.13229494
1.1582676,0.59862745,1.5751629,0.78702664,0.37786004,0.1443837
1.3700498,0.44746628,1.4519765,0.73159313,0.29627103,0.16176848
1.5059482,0.6945022,1.2353537,0.7423569,0.1476849,0.15014347
1.650373,0.8007295,1.2040718,0.7602576,0.17170765,0.13541271
1.69663,0.89545906,1.1149725,0.7786118,0.14385708,0.13012049
1.6725336,0.68999755,1.3620291,0.7528777,0.23035552,0.15547766
1.7151304,0.8440715,1.3409817,0.7496992,0.20461932,0.14981851
0.95602745,0.91192293,1.075227,0.830713,0.26335028,0.11770374
1.7765019,0.7541229,1.2225909,0.763293,0.19743928,0.13896653
1.1517925,0.84823686,1.2658179,0.7529371,0.25359252,0.14917438
1.3124201,0.81846845,1.2598569,0.7838658,0.4227771,0.14158024
2.1205788,0.96277326,1.3237188,0.7170571,0.16334866,0.15959695
1.239193,0.5606687,1.2789934,0.7981895,0.37159756,0.14220656
1.4682741,0.6049954,1.4488084,0.82599586,0.71435505,0.14234848
1.0883138,0.9355724,1.022358,0.83351356,0.2214067,0.12085081
1.4573971,0.72053856,1.2385843,0.7685767,0.19190122,0.13878714
1.1649997,0.7113079,1.9713006,0.89871,0.15352397,0.06872245
1.3625244,0.4483703,1.2520001,0.79337424,0.28158098,0.13355857
1.7234818,0.865226,1.3133671,0.81617194,0.48160297,0.14384519
1.1802526,0.5521179,1.2997591,0.80388165,0.39084488,0.1448409
1.4179716,0.7755588,1.368787,0.7265772,0.3280614,0.16908908
1.6263839,0.65937644,1.5448256,0.7640798,0.40196624,0.15905336
1.8946973,0.99778736,1.3597507,0.77946424,0.43350714,0.14583209
1.789913,0.83769596,1.6364424,0.76669043,0.0749257,0.1314428
1.5547467,0.5338615,1.3305986,0.72027415,0.2402877,0.15926822
1.3528731,0.65912026,1.4799798,0.72164744,0.14412513,0.15224311
1.1410571,0.86804533,1.5328305,0.78067744,0.3195732,0.1526411
1.9031796,0.8373518,1.2446685,0.7772329,0.27019188,0.13785739
1.295303,0.70082337,1.2950702,0.7615188,0.2330415,0.14504282
1.6613221,0.70165277,1.2836816,0.7718357,0.2709226,0.14875524
1.2583125,0.54296696,1.6163812,0.77040815,0.22297807,0.13486326
1.6937957,0.6294875,1.6441128,0.8450954,0.55789006,0.11996311
1.1907436,0.7943635,1.4149323,0.7714095,0.3763135,0.16422574
1.8781193,0.9909133,1.4724622,0.8552868,0.7040094,0.12350434
1.2425535,0.7744624,1.4561894,0.8052086,0.4297568,0.14011541
1.5647658,0.7197443,1.60252,0.791229,0.32231355,0.12843013
1.853369,0.93105525,1.3056102,0.7858946,0.35624123,0.13718659
1.2150129,0.77858907,1.328527,0.77506846,0.32450923,0.1458253
2.0503073,0.98959184,1.4909067,0.8034438,0.3936017,0.15183274
1.5715196,0.59031296,1.4386003,0.7228446,0.14995241,0.16112809
1.7504506,0.9658462,1.1875293,0.80032426,0.25287968,0.1326258
1.879749,0.96336985,1.2116315,0.80608124,0.34658393,0.13189195
1.6979628,0.76073414,1.0582088,0.80321604,0.069493786,0.11090863
1.2734121,0.6103406,1.2653146,0.80393094,0.39843395,0.13798845
1.3687735,0.42578223,0.9805136,0.86457473,0.17023262,0.10422431
1.0692327,0.72303694,1.5328622,0.7808228,0.303315,0.12874499
1.8664156,0.99894863,1.3951106,0.7305484,0.19471051,0.15312636
1.6316357,0.90016997,1.3790407,0.6931893,0.10099278,0.16805817
1.6384258,0.72048235,1.3700848,0.775115,0.45418942,0.15260442
1.1597619,0.6942648,1.0666226,0.8356358,0.23301591,0.11385704
0.97961545,0.91706413,1.1882105,0.8051864,0.30064523,0.13888857
1.3721435,0.56792766,1.3955905,0.789804,0.4941406,0.14350513
1.3378867,0.7889276,1.2059219,0.7474018,0.19531661,0.14541121
1.7518451,0.9010904,1.3951046,0.7661288,0.29762384,0.14764474
1.7523347,0.83803755,1.3744714,0.7848529,0.33691943,0.14268544
1.6384798,0.6998345,1.2580009,0.8360008,0.4021885,0.12321911
1.7650985,0.78222394,1.0693586,0.7726805,0.059062563,0.1223917
1.150764,0.7144709,1.3144944,0.8252538,0.3871234,0.13190338
1.5549186,0.7463921,1.3083868,0.81911147,0.5271944,0.13647269
1.9803269,0.9478636,1.2763815,0.75804114,0.24131918,0.1448734
1.7007754,0.7909606,1.1455456,0.7616088,0.17512779,0.13864116
1.0536103,0.71331805,1.1378262,0.8055568,0.16983442,0.12539744
1.3710964,0.6232397,1.419518,0.8013361,0.49889636,0.13485658
1.4005432,0.78078914,1.1769509,0.8068909,0.25903228,0.13224113
1.0578464,0.8408559,1.1816773,0.73510444,0.094487,0.14631456
1.4402411,0.46502668,1.318146,0.72315854,0.19643128,0.16220565
1.10683,0.89912915,1.3751333,0.70553076,0.17813614,0.1657108
1.3682249,0.41764066,1.1301023,0.8399903,0.37077132,0.12630902
1.7724149,0.9729957,1.102309,0.80915093,0.22767158,0.12646648
1.5708439,0.6474295,1.3481181,0.73828244,0.2555905,0.15311335
1.5470359,0.8984795,1.6253796,0.791723,0.27094245,0.12880477
1.8360084,0.8061656,1.2619774,0.76466197,0.18718995,0.13854487
1.6088996,0.67115134,1.4699781,0.78139377,0.47391248,0.15915929
1.2747784,0.7347913,1.6783295,0.8175663,0.3482541,0.1182037
1.3763688,0.693101,1.4869277,0.78039926,0.4106742,0.14195667
1.5497527,0.6312292,1.0759845,0.80157155,0.15049115,0.12126132
1.3582097,0.8849613,1.2649622,0.78585804,0.39778212,0.14242896
1.563953,0.9719875,1.2443545,0.7398897,0.16312431,0.14995356
1.4832121,0.83787894,1.2948673,0.74058664,0.2366349,0.1557642
1.3853228,0.9429683,1.4679096,0.7471664,0.2252973,0.15250276
1.0146791,0.8115941,1.3138323,0.7173836,0.1792109,0.15907897
1.9806404,0.85856485,1.5245957,0.8067178,0.45681727,0.13619359
1.1982248,0.7034208,1.3865788,0.76816946,0.4296725,0.15359955
1.2215657,0.800332,1.5836377,0.7829976,0.36855212,0.13935702
1.1816877,0.76729935,1.3905456,0.7409756,0.35919133,0.16355424
1.3984634,0.74845856,1.3014061,0.71994114,0.19861603,0.15799464
1.3205168,0.7393951,1.1611735,0.7893454,0.22960027,0.13430789
1.3406004,0.426315,1.2774973,0.73998606,0.1977346,0.15165576
1.1450064,0.8201347,1.1368754,0.78768444,0.18628366,0.13445552
1.2820867,0.5308432,1.1981957,0.77044845,0.2603043,0.14476393
1.2698805,0.7604648,1.3597779,0.74392223,0.25465497,0.15356651
1.7239472,0.71726304,1.4140053,0.7875784,0.3749214,0.14162399
1.5133638,0.72696304,1.0871854,0.7891198,0.15394709,0.12670526
0.9318128,0.90435416,1.1267525,0.78163135,0.08323291,0.124896415
1.3201137,0.56745994,1.2113094,0.76593596,0.26920968,0.14587379
1.8244259,0.7419266,1.1277494,0.78948104,0.16650383,0.12653016
1.1896899,0.6610654,1.2331758,0.78112584,0.2584042,0.13668372
1.7225246,0.9338347,1.5290911,0.8193409,0.44656256,0.13465722
1.5004711,0.5150093,1.095561,0.8299096,0.22392888,0.11761393
1.2917316,0.70127106,1.3686798,0.77045184,0.29438475,0.14724481
1.6699368,0.7611271,1.3599694,0.8166626,0.557952,0.1352764
1.4846072,0.49288648,1.682385,0.8365638,0.38388985,0.11469029
1.4226055,0.6154015,1.9855573,0.9139356,0.51796204,0.08770475
1.5161937,0.6863329,1.1826079,0.7999583,0.3122936,0.13727622
1.6338531,0.9415126,1.5252788,0.7540951,0.30287004,0.15027645
1.7528758,0.6717356,1.1147408,0.87083644,0.45302323,0.11379513
1.4831846,0.5291371,1.3061922,0.7215024,0.1364967,0.15588641
1.157446,0.7416918,1.3951926,0.73432374,0.16134828,0.15740865
1.5999861,0.97382975,1.1193218,0.81086504,0.25070035,0.125109
1.6983316,0.8135114,1.1460063,0.8063536,0.25040317,0.12652992
1.4502503,0.76527333,1.264564,0.7323592,0.17305864,0.1529239
1.1618717,0.95743465,1.5210114,0.74850094,0.3625205,0.15928249
1.1771338,0.5791204,1.3905561,0.84320384,0.60141236,0.12613767
1.7841673,0.7289115,1.4824872,0.7828772,0.33695522,0.1431273
1.6203413,0.8547015,1.2302456,0.854676,0.6132287,0.13286458
1.046006,0.9123692,1.1438496,0.75242794,0.05840598,0.12900066
1.4005352,0.8981431,1.1369934,0.80361813,0.15679568,0.12289345
1.651802,0.64540094,1.1136268,0.7847977,0.17965178,0.12972723
1.1174064,0.6823472,1.2253299,0.82389075,0.5113793,0.13366084
0.98927647,0.8664317,1.3079417,0.7470534,0.27209428,0.1529819
1.9593928,0.8540313,1.2897108,0.7708723,0.29375884,0.14182837
1.3358502,0.4935012,1.0548632,0.8257081,0.15153131,0.11694773
1.7986023,0.71258855,1.5462742,0.75031745,0.22671239,0.15236881
1.3044678,0.44057631,1.478508,0.73051435,0.13011874,0.16282092
1.8086691,0.9396068,1.4460368,0.789122,0.40029755,0.14816079
1.68218,0.9427136,1.4053211,0.8007099,0.43903536,0.14986129
1.4043782,0.82195926,1.4580269,0.7803147,0.3629906,0.14332224
1.8904114,0.78901196,1.2408979,0.78900373,0.3554782,0.14692743
1.4684538,0.5715115,1.4075689,0.71688277,0.18971245,0.15749441
1.9616969,0.955011,1.3952563,0.7603675,0.29865685,0.15663995
1.2297488,0.5187312,1.5975819,0.87932575,0.83238924,0.123872615
1.6478926,0.944681,1.3853614,0.7712009,0.44002017,0.15537052
1.1474377,0.9285504,1.5938392,0.8062498,0.4364654,0.14278978
1.6752638,0.87144727,1.2590551,0.772637,0.3073138,0.14599916
1.6359854,0.94570404,1.2932007,0.814273,0.5595841,0.13548268
1.6669081,0.9474093,1.6002989,0.773286,0.3002618,0.13685267
1.522315,0.87871486,1.4220994,0.7671051,0.38371152,0.14638118
1.5222287,0.9109601,1.1161457,0.8132282,0.20709729,0.1232879
1.9194354,0.8443141,1.1331685,0.81673604,0.2227144,0.124074146
1.6784257,0.6148182,1.2483089,0.77668345,0.310069,0.141816
1.1965249,0.8272388,1.3894908,0.77889824,0.3376744,0.16248512
0.8870817,0.97837627,1.4419618,0.7293416,0.27644888,0.16020586
1.7334129,0.9583187,1.2727561,0.80194503,0.46788567,0.14689755
1.45339,0.7695848,1.3969643,0.7843989,0.3688625,0.14491682
1.3147339,0.51677996,1.1865256,0.7784254,0.20950007,0.13804224
1.460904,0.8282387,1.509696,0.85390943,0.59706616,0.13389793
1.6669605,0.65128267,1.3646843,0.78301597,0.37163895,0.14910918
1.5400916,0.5773294,1.3378506,0.6802694,0.086294524,0.1705663
1.2182469,0.5369114,1.290961,0.75730145,0.20857207,0.14689976
1.1550344,0.63641435,1.3040128,0.77439094,0.37181664,0.15158354
1.6235521,0.84567124,1.1125544,0.81498283,0.23147936,0.12527968
1.9155232,0.92133856,1.2286344,0.81867725,0.3004123,0.12781024
1.5325472,0.8038779,1.172411,0.79815084,0.37282205,0.13779338
1.6723664,0.7470663,1.2736566,0.75458056,0.28437704,0.14392546
1.8533921,0.76041275,1.4519327,0.79740566,0.47426528,0.1495421
1.215098,0.7668694,1.3960037,0.78613293,0.4213737,0.14513963
1.3884016,0.71505946,1.1078601,0.81512666,0.28992528,0.12969975
1.1495043,0.5765837,1.4794047,0.76324105,0.32391554,0.1600616
1.8280553,0.9699524,1.4130204,0.7734944,0.3294005,0.14726593
1.6574874,0.7491567,1.2768354,0.8067481,0.30512437,0.13462389
1.4754609,0.74841136,1.6777887,0.8064244,0.32151768,0.12777132
1.536591,0.82887447,1.0407662,0.85316765,0.24556811,0.117289014
1.7500508,0.65305424,1.6063533,0.83039516,0.44245052,0.12938604
1.1961257,0.9519002,1.347903,0.68692386,0.11218873,0.1701331
1.0864173,0.9376102,1.3722615,0.7320812,0.2283665,0.16033809
1.8377444,0.7215301,1.0800655,0.78493005,0.10703893,0.122433476
1.5055864,0.59032404,1.2160714,0.74777186,0.15948954,0.14281397
1.5668716,0.5561633,1.6130574,0.8798836,0.75564456,0.1171689
1.5312966,0.78974426,1.271905,0.766027,0.2617536,0.14508136
1.331521,0.5697435,1.6856306,0.842917,0.5387124,0.12567028
1.2014632,0.6178008,1.2396557,0.7283926,0.172378,0.15449439
1.0946037,0.88704956,1.3400023,0.8134192,0.43432674,0.13712935
1.5241845,0.57954335,1.2739816,0.72742295,0.1714593,0.16106907
1.1387141,0.8245092,1.5267298,0.83756375,0.48422107,0.12246514
1.3758421,0.5171382,1.4016488,0.797294,0.4159718,0.13393603
1.3231019,0.4467926,1.0793086,0.80856997,0.16249838,0.12095826
1.272112,0.5129099,1.4215236,0.82676023,0.466201,0.12856491
1.6764985,0.6024139,1.4793768,0.8057807,0.3807038,0.13772385
1.3356442,0.7407649,1.2211463,0.7564789,0.22269176,0.14694993
1.5920963,0.6898432,1.2781327,0.7310734,0.24328002,0.16336475
1.6756362,0.90269864,1.369128,0.6897736,0.12054692,0.16882227
1.2870704,0.5458807,1.3015103,0.78975827,0.28885594,0.13734476
1.732208,0.90219146,1.4477689,0.74819297,0.23837206,0.1555872
1.1409568,0.70605195,1.4941258,0.73642504,0.20529076,0.14521962
1.7286562,0.9557671,1.4380243,0.77991295,0.52532715,0.14980476
1.3545337,0.83281344,1.4183712,0.8289681,0.5919558,0.14477198
1.7860745,0.70190966,1.3409836,0.76554036,0.27686217,0.14313492
1.9086562,0.89524984,1.5674148,0.8205983,0.64317685,0.15197219
1.4979231,0.6868236,1.375459,0.7349181,0.21728769,0.16438258
1.7745376,0.9113326,1.3794796,0.7774109,0.342595,0.14454505
1.5309426,0.80976903,1.4927588,0.74383795,0.27222016,0.14973359
1.0037761,0.77810746,1.4404213,0.6981232,0.10182897,0.16571084
1.3647563,0.57711834,1.3636951,0.7384496,0.3308886,0.15922247
1.4349958,0.69679254,1.4768186,0.7829126,0.35747746,0.14290462
1.9021057,0.77552,1.6263702,0.7648847,0.14351535,0.13738164
1.7982476,0.96402335,1.4177439,0.703806,0.13056515,0.17142235
1.3810021,0.6020012,1.3791132,0.77552944,0.31757712,0.15144604
1.6591045,0.7458186,1.5775104,0.7387852,0.115274884,0.14313345
1.3080382,0.6731741,1.2999852,0.79946584,0.38583216,0.14535046
1.3604336,0.5710066,1.2544527,0.7765869,0.31021526,0.14028709
1.4079094,0.52293193,1.2298479,0.7739532,0.20060115,0.1346153
1.5869806,0.78807634,1.272022,0.76565063,0.32489088,0.1502328
2.1512492,0.99925584,1.3655326,0.77176434,0.341293,0.15600392
1.1838325,0.68610173,1.2504799,0.7496819,0.19797456,0.14936702
1.296406,0.78148854,1.7254319,0.8475905,0.6761177,0.124603234
1.8613869,0.87123364,1.2073774,0.74178284,0.16151717,0.14988947
1.4725418,0.54488534,1.3486814,0.71711427,0.14553216,0.16150704
1.7072381,0.83054906,1.4582562,0.82480806,0.5391816,0.13656475
1.4217784,0.7318253,1.2071187,0.85334325,0.47082865,0.11687617
1.3280315,0.64217466,1.3495157,0.7406858,0.4299349,0.16095072
1.5312544,0.5775289,1.4505031,0.8281333,0.505403,0.12704973
1.6095864,0.77050465,1.8117833,0.83646125,0.18013327,0.10058929
2.0651827,0.95688146,1.4390583,0.7260799,0.18855037,0.16855128
1.494858,0.9708804,1.5272732,0.73557615,0.0888562,0.14390194
1.3818951,0.94186705,1.3334291,0.8006342,0.3525006,0.13472567
1.1643008,0.74917626,1.6379395,0.8552702,0.60876966,0.11528496
1.1986353,0.66439754,1.5426295,0.7470868,0.13352926,0.14642857
1.6491222,0.66896385,1.4018464,0.7348292,0.27454445,0.15498313
1.5908369,0.7190181,1.320401,0.79998964,0.5856236,0.14497553
1.6361974,0.6955869,1.2635407,0.74686396,0.200463,0.1521331
1.4025109,0.85751265,1.3878729,0.84234554,0.6629263,0.12957822
1.8260926,0.7353622,1.2371523,0.7312008,0.1380964,0.1507988
1.3649542,0.81789863,1.3714807,0.8108061,0.4213716,0.13740908
1.8769372,0.9080193,1.4363794,0.7607585,0.35644287,0.15463376
1.3408383,0.5884564,1.2444403,0.77852106,0.3125059,0.14764197
1.9514906,0.8775745,1.4775963,0.755308,0.24023187,0.14516865
1.7009721,0.8157247,1.1862972,0.74787486,0.14700171,0.14640912
1.9971622,0.96092147,1.3039126,0.80495787,0.40908462,0.1380294
1.2480335,0.6358091,1.1421399,0.81047195,0.2631951,0.12544256
1.8290527,0.9034422,1.3925312,0.7609793,0.31303877,0.1542998
1.4916992,0.70085293,1.4640462,0.7221253,0.15927188,0.1609
1.4991292,0.5189495,1.3214688,0.7598048,0.33322412,0.15286596
1.4087368,0.9632837,1.3668535,0.74416035,0.13322873,0.14748372
1.5654739,0.65435195,1.4300597,0.76419777,0.3100197,0.14964826
1.270812,0.5862781,1.3441391,0.76737636,0.3201592,0.14983298
1.4731675,0.9300457,1.4297366,0.7345119,0.23825574,0.1530145
1.2371495,0.63815963,1.1163282,0.77911747,0.16114724,0.13002156
0.9605325,0.9484596,1.4746916,0.82327163,0.44173416,0.12966697
1.6893194,0.73746717,1.2631478,0.68263197,0.04134102,0.1636763
1.1474686,0.7345755,1.396491,0.791848,0.43131348,0.15129207
1.5168266,0.5012803,1.4472878,0.72865933,0.1947964,0.15594918
1.719093,0.9132667,1.3335979,0.81235117,0.34408134,0.12623435
1.1724399,0.9555976,1.4048607,0.72820306,0.21786815,0.1652329
1.2572293,0.46766216,1.2952764,0.8026862,0.35866147,0.1383309
1.3816124,0.5585415,1.1440313,0.7872921,0.19805135,0.13243893
1.9023302,0.87100935,1.1954672,0.81814855,0.27875862,0.1280197
1.6345104,0.8945816,1.5538313,0.8155215,0.33480123,0.12040423
1.3471049,0.42017755,1.5227497,0.7973154,0.43130693,0.15058804
1.5398561,0.5521094,1.096811,0.79713845,0.1729126,0.12647182
1.4443299,0.6189755,1.1878693,0.7610851,0.17122076,0.14372514
1.3521142,0.755981,1.222456,0.80257124,0.26668906,0.12968358
1.1335864,0.85594034,1.1527967,0.7781806,0.2067588,0.1344931
1.3759047,0.6450206,1.377523,0.7894903,0.32370073,0.13572833
1.0634332,0.7777436,1.5943413,0.8092484,0.5756463,0.14365628
1.7667418,0.8460221,1.4734087,0.74959284,0.21471214,0.15407638
1.409323,0.45586404,1.43438,0.82674426,0.41681474,0.12714167
1.2809831,0.6026649,1.30287,0.776241,0.26743174,0.13904998
1.8313338,0.91297007,1.5069652,0.7489221,0.33409575,0.15023631
1.498358,0.60342324,1.5485308,0.7514873,0.32167017,0.14555565
1.9040781,0.8186673,1.3243437,0.75915146,0.2755859,0.1540825
1.6652703,0.6537047,1.0982132,0.80444545,0.21511929,0.12721804
1.4673358,0.6968193,1.4132807,0.82269853,0.41174272,0.12997745
1.7312585,0.7908687,1.2347996,0.7252935,0.120387875,0.1484302
1.1867946,0.8485751,1.1921501,0.765625,0.21109751,0.14424229
1.392413,0.5670111,1.2223744,0.76261485,0.1916882,0.14426056
1.4930753,0.7352794,1.964423,0.90052634,0.21526927,0.0748931
1.3613248,0.44672737,1.5275414,0.84182423,0.60304135,0.12493016
1.6575906,0.8163902,1.1050143,0.8485209,0.35731632,0.12064461
1.7121474,0.8614441,1.457335,0.80773824,0.5451094,0.14360821
1.2380993,0.6430449,1.7269063,0.92821115,0.67120194,0.088103436
1.3240325,0.78725874,1.4668076,0.77840805,0.3096085,0.14328101
2.035634,0.8840714,1.4299426,0.7982951,0.45438126,0.13748407
1.3266107,0.89920706,1.1536148,0.760303,0.1941963,0.14409077
1.3596857,0.52853996,1.456785,0.7465096,0.3757043,0.15853406
1.0790907,0.8292559,1.2538912,0.7670548,0.28464207,0.14706808
1.507452,0.8600929,1.4517066,0.7509609,0.31838268,0.16670857
1.4680759,0.5501755,1.5659764,0.7758088,0.27665597,0.13628328
1.2431402,0.84772,1.3423896,0.7435985,0.28051475,0.16773061
1.3649529,0.5948985,1.2798901,0.8233284,0.55392087,0.13452306
1.5214543,0.92302525,1.4050813,0.76405823,0.2646825,0.1538852
1.8016417,0.70631826,1.4685411,0.8062723,0.60271686,0.14099589
1.4191971,0.76714337,1.3114948,0.7648191,0.32592395,0.1504745
1.4837713,0.68017554,1.5176985,0.7930313,0.4875341,0.14874198
1.408114,0.868941,1.1191387,0.7840002,0.17602608,0.12988338
1.4958586,0.59994656,1.1231837,0.8194558,0.3035907,0.1260655
1.2940627,0.7102868,1.4019864,0.74210095,0.27374494,0.16936058
1.5716964,0.5976649,1.2162564,0.83206815,0.39095303,0.12438273
1.863216,0.83732235,1.2070987,0.85806596,0.580613,0.12317463
1.4662937,0.83071387,1.3674979,0.77334255,0.42789656,0.15156174
1.5231465,0.63943136,1.2209263,0.7884418,0.394494,0.13763192
1.7191024,0.8391492,1.7023468,0.8077727,0.25325418,0.11467111
1.7148587,0.6373411,1.167896,0.79661804,0.2378093,0.13479948
1.3795997,0.43058822,1.1626129,0.7890997,0.27131468,0.13625818
1.078061,0.95034885,1.345897,0.807083,0.5460357,0.13819556
1.58307,0.7668454,1.1366124,0.79433894,0.21784331,0.13012263
1.456609,0.6537334,1.315516,0.73704666,0.18301491,0.15422395
1.6187527,0.918948,1.3947341,0.8276885,0.45998687,0.13674748
1.4857194,0.9835688,1.4812415,0.7882668,0.3564814,0.1424987
1.4889725,0.514295,1.2998955,0.7228528,0.18738513,0.15856309
1.3331218,0.44708684,1.3312404,0.68888724,0.068269536,0.16382952
1.8760793,0.9803069,1.4889739,0.74494153,0.27602416,0.14722797
1.0118159,0.8764991,1.1940622,0.78781587,0.24262197,0.13585363
1.3027829,0.6470003,1.252367,0.71607137,0.122380696,0.15485808
1.3935388,0.9883265,1.5401793,0.7860811,0.4168546,0.13693981
1.4559381,0.51468337,1.3573437,0.7818793,0.37687495,0.14679323
1.4570671,0.9551937,1.3228769,0.74607694,0.37482587,0.1589308
0.9531245,0.8699644,1.249485,0.79649264,0.27304092,0.13223457
1.5233169,0.94841206,1.601445,0.7963497,0.3918103,0.13378528
1.5416063,0.8065238,1.1927526,0.77218014,0.28234464,0.1422614
1.8290395,0.9060462,1.3511302,0.70200074,0.1563851,0.16589274
1.2841879,0.80306566,1.4960053,0.836687,0.53515947,0.13555035
1.8514663,0.96565926,1.3767715,0.75309706,0.29557297,0.1552819
1.7701871,0.863221,1.3995085,0.67318827,0.054160338,0.17417744
1.5751314,0.6815834,1.5914595,0.7435849,0.14212309,0.14161035
1.2853025,0.5916001,1.2277374,0.77479607,0.28310317,0.1429388
1.2877551,0.8909227,1.3463795,0.7004248,0.1062219,0.15976392
1.4430777,0.5048539,1.3305714,0.8013169,0.41291866,0.14628115
1.2734447,0.56516695,1.4652307,0.71115863,0.08745106,0.16122033
1.4567989,0.9632021,1.13792,0.791856,0.20577626,0.13467072
1.1109763,0.7625549,1.3861456,0.7458514,0.28559497,0.15327771
1.6830094,0.7920898,1.1774786,0.79110384,0.25312033,0.13836455
1.5752174,0.83523685,1.3368764,0.72478855,0.19314282,0.15520029
1.2978513,0.6755796,1.4086847,0.8319437,0.4432509,0.13425082
1.0848861,0.71295524,1.4629202,0.725929,0.22006553,0.170784
1.4312848,0.65451443,1.293931,0.73102605,0.26383713,0.16248778
1.490596,0.8789951,1.1425961,0.8100602,0.27594796,0.13016883
1.4752094,0.93701667,1.2630975,0.8455455,0.5769049,0.12661548
1.537715,0.54244053,1.6767113,0.78685975,0.1673912,0.1326845
1.3308607,0.70783734,1.2118351,0.8158289,0.23480755,0.12871827
1.385071,0.53752655,1.1113375,0.7876708,0.15217525,0.12074891
1.0750415,0.65549535,1.2800634,0.752877,0.25314516,0.15393454
1.6314352,0.7704925,1.2172332,0.74418616,0.14260766,0.14410372
1.6035335,0.7956679,1.4929607,0.7637115,0.33173317,0.15288638
1.82348,0.74562395,1.316905,0.7566042,0.29456013,0.15067697
1.7779477,0.8140476,1.5608346,0.7818765,0.40510637,0.13884313
1.6083192,0.6875136,1.1724074,0.7857609,0.21829647,0.13406354
1.6094328,0.65439117,1.1895592,0.775059,0.15948018,0.13507871
2.0271432,0.8743757,1.2760808,0.7552817,0.27562487,0.1493234
1.7273368,0.69167936,1.4066675,0.860226,0.6444509,0.11086548
1.7440963,0.89395624,1.503587,0.7774734,0.3796137,0.15932153
1.6561748,0.6540895,1.3535583,0.8052061,0.40073383,0.14097677
1.4661909,0.5137825,1.2220902,0.7926977,0.3056117,0.13179083
1.3932137,0.6347321,1.45348,0.7526485,0.31354886,0.15500306
1.7505202,0.6705948,1.3900573,0.7293867,0.20451738,0.16017264
1.9709581,0.9610302,1.291929,0.7217689,0.1657879,0.1587073
1.3868089,0.54849994,1.2081378,0.74427557,0.17279193,0.14704415
1.6703044,0.6844666,1.4147398,0.7838597,0.41879857,0.1425705
1.6035899,0.74260056,1.2902713,0.76162064,0.2786694,0.1496027
1.4200736,0.79457873,1.4971383,0.8043885,0.50887316,0.1321882
1.116712,0.6039374,1.3620322,0.7513677,0.23195218,0.14907128
1.7825724,0.81633204,1.155287,0.81362414,0.35306746,0.1333355
1.5560328,0.57245046,1.1613195,0.7777489,0.17593147,0.13611063
1.9968255,0.930638,1.3602421,0.76577854,0.2599789,0.14564145
1.8258269,0.73777556,1.4658504,0.7411455,0.3271742,0.16502127
1.7718858,0.8884518,1.2424986,0.7311759,0.14172216,0.15231444
1.2645309,0.8311094,1.2075016,0.73886967,0.13862899,0.14416708
1.3848782,0.4844083,1.3109028,0.78434426,0.28050116,0.13703166
1.5950947,0.61290324,1.2873857,0.7801443,0.3633253,0.14259163
2.014997,0.9841302,1.3875077,0.7867305,0.47714907,0.14553805
1.7059053,0.7121262,1.5520852,0.74619174,0.24814554,0.15434338
1.011663,0.8110392,1.3805065,0.78703976,0.4030463,0.14407483
1.847789,0.8575995,1.5394711,0.790029,0.3830121,0.14232199
1.1454549,0.68759376,1.2431026,0.77825797,0.30556774,0.14060807
1.5667067,0.6363858,1.306566,0.81243527,0.42119715,0.13458045
0.97193676,0.8249067,1.3257573,0.78144294,0.49091202,0.14758746
1.9087957,0.90562636,1.235889,0.8042701,0.32498655,0.13395873
1.8238814,0.7277133,1.5985096,0.8354689,0.47767153,0.1278551
1.3328403,0.5046479,1.4198928,0.83688813,0.5510526,0.13063252
2.0458696,0.952703,1.2730746,0.7850847,0.31965938,0.14454082
1.3560832,0.42461193,1.2855847,0.8468385,0.64673734,0.12891963
1.6587366,0.5927775,1.3722651,0.71810484,0.16169514,0.17053734
1.4313332,0.7208216,1.511313,0.7723484,0.3588365,0.14321864
1.8871763,0.9840356,1.3572173,0.71748376,0.15533607,0.1663013
1.7228668,0.7777736,1.241874,0.8088463,0.29345644,0.12638988
1.8718027,0.8659452,1.480269,0.8121219,0.50241053,0.13891524
1.4290222,0.715057,1.3353138,0.7485812,0.24315953,0.154586
1.4935477,0.85232764,1.2394068,0.729774,0.10040765,0.14768343
1.5524771,0.61776954,1.185174,0.7420095,0.12268887,0.1445825
1.2316867,0.83132356,1.3434083,0.76551163,0.25151002,0.14169219
1.3646132,0.45937815,1.1790829,0.7579254,0.21589048,0.14199553
1.1849246,0.6745911,1.1863968,0.8251559,0.37825766,0.13076034
1.6162115,0.8287231,1.4900475,0.8139331,0.52429616,0.14293963
1.4735562,0.87035763,1.2262254,0.7731327,0.14821142,0.13609631
1.3544905,0.8611162,1.3163586,0.86196864,0.63789105,0.11565319
1.0135623,0.81010777,1.3424013,0.7724394,0.30343172,0.14204243
1.3237958,0.6076581,1.4564366,0.82207114,0.5798544,0.1299354
1.5793662,0.84408,1.325551,0.79157734,0.36378434,0.14130229
1.3253148,0.75907767,1.2512197,0.7808292,0.29272282,0.1408288
1.6713032,0.97560525,1.286906,0.7713274,0.32886678,0.14265186
1.3614695,0.76359695,1.1789362,0.78260106,0.19211125,0.13458648
1.4973034,0.7996882,1.0502529,0.83927864,0.18149583,0.11292755
1.2287393,0.9341382,1.6570437,0.83140314,0.4980251,0.12783074
1.2241962,0.94196093,1.429899,0.7931537,0.40383554,0.14311111
1.0557851,0.92662686,1.3982515,0.71024233,0.07638535,0.15926836
1.353919,0.72690964,1.3503592,0.7575441,0.2653525,0.14893821
1.2226782,0.6847728,1.4190612,0.73369455,0.22639038,0.15203823
1.6404797,0.5801695,1.0630136,0.83089596,0.24249749,0.11933748
1.4951059,0.57996297,1.3484659,0.77688634,0.3925552,0.15118773
1.851036,0.9685126,1.2673593,0.73580647,0.19983536,0.15449072
1.8548318,0.97772866,1.3446329,0.78717786,0.31679595,0.14347154
1.5992837,0.8425251,1.519804,0.8175213,0.54015905,0.13793966
1.7321315,0.7036045,1.421576,0.76660043,0.36312658,0.15169007
1.5204712,0.6740607,1.2313023,0.74797815,0.22652252,0.14875323
1.1803797,0.93262476,1.6090333,0.8740826,0.61236113,0.105663165
1.1374447,0.7676985,1.1157222,0.8134035,0.2206879,0.120036654
1.7197858,0.8780489,1.16981,0.7621746,0.25056413,0.14360881
1.7495701,0.95119333,1.1994486,0.75880355,0.20189318,0.14127831
1.8836534,0.7676543,1.4218597,0.7599162,0.19434336,0.1447225
1.1670322,0.9837679,1.1767592,0.7526481,0.18631679,0.14211524
1.2951678,0.7050615,1.4955854,0.76199675,0.3724295,0.14416727
1.1475136,0.9917371,1.3084021,0.8159803,0.4471011,0.13226286
2.0413136,0.93919665,1.3908551,0.7585702,0.27223748,0.14742242
1.233755,0.5726478,1.3078566,0.7649782,0.2221607,0.14646176
1.51948,0.9564116,1.5747008,0.79349416,0.30958992,0.12716246
1.1477641,0.64320976,1.5032992,0.7530558,0.25729638,0.14994411
1.2181519,0.68815094,1.4096043,0.7824874,0.42686403,0.15272976
0.9115111,0.9395196,1.1639357,0.777076,0.22782508,0.13738841
0.99832106,0.9844693,1.3052964,0.7966744,0.39817435,0.14137538
1.4300957,0.5372726,1.1812165,0.789441,0.17920823,0.12917759
1.3438851,0.56433135,1.2461438,0.7463274,0.21398681,0.1520607
1.4902738,0.92060274,1.5350173,0.7773681,0.26991087,0.14920107
1.5949992,0.8377639,1.3311892,0.74905103,0.2409096,0.14722016
1.9299189,0.9798235,1.413471,0.7448565,0.26373833,0.15213215
1.5822943,0.58138,1.8704982,0.9408166,0.6909797,0.07774952
1.3444988,0.9645628,0.9620934,0.86794424,0.13799836,0.1001904
1.8950114,0.7818457,1.2657063,0.7696253,0.29628792,0.14133678
1.5334846,0.6577029,1.4077063,0.74934506,0.22987187,0.15097891
1.5325977,0.67798406,1.4546134,0.76124984,0.31064585,0.14504944
1.5722978,0.8244635,1.4136925,0.7705182,0.29805422,0.14590004
1.2663859,0.8262927,1.1455156,0.82703656,0.269831,0.122343056
1.4764132,0.75376135,1.2707951,0.7699571,0.27246585,0.14360452
1.39143,0.54737383,1.3744164,0.7472595,0.28966746,0.15956199
1.2489566,0.48287466,1.278995,0.71963596,0.16969885,0.15792935
1.7510109,0.89625907,1.0505605,0.8358606,0.18510124,0.11772587
1.4953678,0.81574684,1.1737864,0.7495502,0.15143065,0.13898784
1.2991877,0.49152547,1.4998972,0.7465793,0.20908113,0.142322
1.3834482,0.66401887,1.3771279,0.765262,0.41278842,0.15477237
1.8474628,0.88353485,1.596314,0.796609,0.50123817,0.15466174
1.4293808,0.9768014,1.5158427,0.80208826,0.51937497,0.15256225
1.2508341,0.8648383,1.282573,0.73688465,0.2638455,0.16492872
1.7323192,0.72830796,1.2510078,0.7430546,0.15357699,0.1457992
1.6374356,0.9282118,1.1766434,0.8468474,0.41611287,0.12583351
2.0285957,0.87529147,1.369849,0.7510445,0.35622782,0.15197775
1.4390721,0.6237202,1.2130876,0.7721828,0.20627183,0.14276497
1.9105208,0.8249345,1.7126889,0.8724417,0.64954764,0.11411063
1.3883543,0.8398641,1.5456762,0.75377285,0.1860341,0.1408561
1.4316674,0.872204,1.4571879,0.7155516,0.12963866,0.16140199
1.4122058,0.46588236,1.3333247,0.76091254,0.24947986,0.14723127
1.5600812,0.6219663,1.783524,0.84216815,0.41078004,0.109364055
1.0743337,0.6776674,1.234976,0.7606825,0.23790394,0.14150107
1.5138596,0.5777767,1.2360454,0.7707894,0.30000466,0.14811309
1.5620956,0.837064,1.2333455,0.7329905,0.13327123,0.14903148
1.6195997,0.91420025,1.4082794,0.7831619,0.41247243,0.13913855
1.7908638,0.843836,2.010384,0.90530926,0.05512911,0.059376594
1.874077,0.7493913,1.1915214,0.7463403,0.18536453,0.14832103
1.9536023,0.8343924,1.5956316,0.81316495,0.42423764,0.12676723
1.8190621,0.87544507,1.0973308,0.81460387,0.29221386,0.12973404
1.1070611,0.7235769,1.1830356,0.7952152,0.26590174,0.13497876
1.4631428,0.92082816,1.277483,0.73838204,0.22152862,0.1531473
1.6728016,0.96188015,1.4591908,0.7101582,0.08083788,0.15664916
1.4025564,0.5172589,1.086204,0.8350155,0.23293978,0.11419612
1.287616,0.79033303,1.4680352,0.793952,0.4353402,0.14853054
2.0881188,0.92165154,1.4698133,0.7659783,0.4018812,0.15852898
1.2224741,0.6614308,1.5120337,0.8284393,0.51455086,0.119350664
1.1577511,0.5896162,1.2640102,0.7880205,0.36283514,0.13623025
1.6174546,0.7001227,1.5074029,0.8134286,0.6161209,0.14022978
1.0578855,0.7611511,1.4810131,0.74136114,0.2445287,0.15667671
1.7078505,0.6911338,1.3626926,0.7542681,0.33919898,0.14819773
1.6147307,0.736999,1.0945032,0.7775578,0.1396947,0.13240962
1.309421,0.52084595,1.5006158,0.7701551,0.47022825,0.16331615
1.3596272,0.8013914,1.451205,0.7851848,0.38896683,0.15162012
1.68265,0.70969313,1.1344962,0.83352095,0.26540193,0.12016132
1.9917604,0.86829096,1.2986004,0.7755803,0.39694712,0.15385343
1.5194865,0.7907558,1.2486682,0.7632354,0.25105587,0.14200336
1.524955,0.6204026,1.2208366,0.7331531,0.12642732,0.14730665
1.6983848,0.63170534,1.3271403,0.704919,0.13581535,0.16394646
1.4641434,0.81842685,1.186789,0.79238033,0.28167388,0.13228843
1.897058,0.9787414,1.6392806,0.83836955,0.5346851,0.13957289
1.1655457,0.68056417,1.3644078,0.7154334,0.23899819,0.16134945
1.6841995,0.63861686,1.1759884,0.81004953,0.27784798,0.12931712
1.6691839,0.6998366,1.8352511,0.8749052,0.31048205,0.08974318
1.3209201,0.81264615,1.3717556,0.785542,0.3615955,0.143606
1.5512259,0.5254937,1.3762882,0.7077161,0.1578453,0.16151711
1.54015,0.75261956,1.2982094,0.7932608,0.41416803,0.14606369
1.1698254,0.87583405,1.6283829,0.8053195,0.24558786,0.123048484
1.6252058,0.6786396,1.3056226,0.7702236,0.38914862,0.14819522
1.3469962,0.4097982,1.3717942,0.80323213,0.43123093,0.14239778
1.591528,0.68425345,1.607166,0.8135853,0.51428336,0.13517566
1.5639691,0.7631787,1.0128715,0.83782655,0.18037185,0.11633598
1.55123,0.64865035,1.074228,0.7974826,0.11991343,0.121362135
1.3585802,0.9696967,1.4145808,0.71628976,0.2067079,0.16241476
1.6405427,0.73475367,1.3588054,0.7601844,0.3220462,0.15604281
1.3685663,0.9208766,1.2798922,0.7216606,0.18375559,0.1633781
1.271677,0.624617,1.4849634,0.78028077,0.29033026,0.13706699
1.6164297,0.8216793,2.1568394,0.9829373,0.12989998,0.042984575
1.758833,0.8021382,1.16837,0.7678132,0.21654642,0.14008068
1.6598729,0.6671255,1.35184,0.7967688,0.38811913,0.14144298
1.6909219,0.75701404,1.3309307,0.80060285,0.40478122,0.142461
1.7749708,0.7846635,1.6174262,0.74743134,0.06865542,0.13867514
1.1422836,0.6884794,1.411303,0.76444656,0.33691898,0.1607573
1.3008304,0.6142779,1.4425616,0.77009225,0.38119605,0.15391691
1.4586416,0.56062204,1.543925,0.8248363,0.5682339,0.14172034
1.8132337,0.84308076,1.3536355,0.7857462,0.37436345,0.16030571
1.4528565,0.5087112,1.4965842,0.78729236,0.35824218,0.13054734
1.3939654,0.6496726,1.385606,0.8077173,0.39879605,0.1360507
1.3615823,0.8353682,1.4254942,0.76868594,0.358747,0.1440323
1.6080134,0.66506815,1.7814026,0.8744264,0.43505645,0.113890104
1.1251063,0.95387995,1.502032,0.8368754,0.5840804,0.13361903
1.7006818,0.6259939,1.2685273,0.76546234,0.25309315,0.14426087
1.7623614,0.9835207,1.4558377,0.68627787,0.042267613,0.16253327
1.2221777,0.5751188,1.1748695,0.74376905,0.13665642,0.1436923
1.1325778,0.6670811,1.5332229,0.7989587,0.37123933,0.13385867
1.887782,0.8247935,1.2130766,0.7455651,0.16814789,0.14727132
1.4373908,0.47654796,1.3685629,0.7797598,0.3641062,0.14078914
1.3033087,0.46580565,1.2460785,0.7028041,0.0912499,0.15925124
1.5109303,0.7657082,1.4706464,0.747703,0.14539315,0.14689027
1.3425752,0.58093286,1.3899596,0.7111656,0.27984336,0.17447665
2.1034236,0.93948877,1.0790443,0.7868773,0.09872474,0.12368668
1.4663584,0.7196503,1.480752,0.7335494,0.20070304,0.14853011
1.3451887,0.58551997,1.8814337,0.8666833,0.07315169,0.07810021
1.1878598,0.8720238,1.4508986,0.7581547,0.28813413,0.14545202
1.9626622,0.92951447,1.4554684,0.821415,0.58025134,0.1274197
1.5672461,0.76303685,1.3742688,0.7880176,0.46258557,0.1457816
1.7709366,0.79704624,1.3145571,0.78703964,0.3009841,0.13620164
1.6797863,0.8709067,1.3446915,0.765205,0.38496518,0.15186244
2.0742917,0.99706095,1.5298219,0.7676101,0.4008846,0.14701496
1.0415947,0.95773834,1.265058,0.7846743,0.33443174,0.13867119
1.4355139,0.5097878,1.2169938,0.81047314,0.34216687,0.12969263
1.5804816,0.5774595,1.3086884,0.7641809,0.31410143,0.15238458
1.2275255,0.6723026,1.21405,0.7837454,0.24986808,0.14095083
1.806506,0.9838101,1.4913287,0.809084,0.4531275,0.13220136
1.0494395,0.9712142,1.3886828,0.7756784,0.30606908,0.15529741
1.8841107,0.8680064,1.5373414,0.7830472,0.44940674,0.13967334
1.7965986,0.7757609,1.7111058,0.83398545,0.31346634,0.123434044
1.3162701,0.5046406,1.4131887,0.7909573,0.45517984,0.14819612
1.7004961,0.6860321,1.3287594,0.7643601,0.4006297,0.15583661
1.509654,0.6875071,1.4411688,0.717569,0.16317531,0.15730946
1.1664736,0.8737809,1.2860789,0.7872633,0.3557433,0.14105332
1.8835999,0.860407,1.3071766,0.80840105,0.529524,0.14116827
2.0357938,0.99668086,1.1976564,0.7569871,0.16652516,0.14310963
1.573603,0.59313655,1.2955735,0.82423735,0.41215217,0.12651011
1.6907171,0.6251622,1.277056,0.7980382,0.32505342,0.13359779
1.2884725,0.80494875,1.4488466,0.7795719,0.3412661,0.14422347
1.6479806,0.7047247,1.5739632,0.8236876,0.4950308,0.12066785
1.4355134,0.5464097,1.2902482,0.77525616,0.41571718,0.14506795
1.8061666,0.79025644,1.2647645,0.7493968,0.21684742,0.15409736
1.4948249,0.7317089,1.2801218,0.7359008,0.19807513,0.15558796
2.1172233,0.96101505,1.205548,0.75147736,0.13974541,0.14047728
1.2527738,0.48806486,1.3691728,0.79932517,0.4339731,0.13755287
1.45213,0.5612231,1.4758544,0.7774287,0.41116303,0.14909165
1.2635236,0.9109467,1.3740299,0.75824594,0.21854192,0.14884044
1.5856225,0.62229896,1.4684052,0.73474133,0.18306024,0.14897484
1.9884373,0.8410796,1.6403463,0.7745825,0.18891202,0.12815854
1.5077338,0.5297721,1.5279231,0.80868,0.41603264,0.13837114
1.8253096,0.930202,1.2735415,0.7195414,0.10107162,0.15145004
1.8376133,0.8340383,1.3898323,0.72356594,0.21604276,0.16849706
1.5477167,0.9021527,0.95796543,0.85424155,0.16593911,0.104424536
1.3541259,0.6684295,1.1514264,0.76420075,0.16453555,0.13923965
1.2563859,0.8495836,1.4591799,0.7541208,0.30539253,0.15450317
1.4219764,0.74174047,1.3634388,0.7392694,0.30168653,0.1542271
1.5255669,0.6075545,1.5274043,0.7210321,0.091994435,0.15219186
1.9844756,0.8730011,1.1653693,0.77194655,0.19316518,0.13490964
1.3980147,0.7789067,1.3005044,0.6933598,0.102236025,0.1668606
1.6857332,0.61618906,1.7968123,0.8592447,0.35255736,0.101091236
1.5072634,0.6712082,1.075336,0.8108125,0.17416942,0.12109231
1.9607766,0.9002468,1.5562451,0.76345754,0.23950736,0.13948536
1.645281,0.98711425,1.27244,0.7657418,0.2599303,0.14470929
1.6952255,0.8475415,1.3634431,0.7580419,0.27929097,0.14869401
1.2891659,0.52206844,1.3953846,0.8591598,0.6314994,0.13556957
1.3038765,0.94296604,1.1512339,0.7754426,0.18046305,0.13435027
1.4930911,0.6105018,1.4874651,0.85271066,0.81220114,0.1267632
1.6507305,0.72657025,1.5051618,0.7223102,0.14180185,0.15067421
1.8006788,0.7624849,1.7816496,0.89206237,0.58985984,0.10325519
1.7117168,0.8952179,1.0717812,0.86573595,0.3250374,0.114082076
1.6400952,0.6734609,1.3166757,0.8005483,0.4677299,0.13975309
1.1798433,0.674149,1.143966,0.80759996,0.27444044,0.1270319
1.4769757,0.51183784,1.5248282,0.75271326,0.22904009,0.1489099
1.8500925,0.88141304,1.5964861,0.76710486,0.10330582,0.13401201
1.5706705,0.5919196,1.3802776,0.76554865,0.34395212,0.14529702
1.3743438,0.9455861,1.2488353,0.7489728,0.23465773,0.15513746
1.1063703,0.70143175,1.1855636,0.8135449,0.26713303,0.1275097
1.3707811,0.89013374,1.468451,0.8352949,0.68689436,0.12664495
1.658687,0.8310018,1.597537,0.84452444,0.6494432,0.1178262
1.1702751,0.6245759,1.289849,0.7579392,0.21002413,0.15050916
1.4163558,0.5760381,1.4986491,0.79463416,0.35569957,0.13699013
1.8355601,0.74396133,1.0800872,0.8061115,0.17741543,0.12147644
1.7575076,0.92020345,1.3443911,0.7689868,0.41059884,0.15405001
1.2867974,0.51476294,1.8876784,0.8652348,0.15198284,0.08703887
1.2167852,0.72277945,1.2594461,0.78022313,0.3293237,0.14516127
1.3081567,0.8688836,1.5288064,0.8430375,0.62890685,0.12474523
1.2596081,0.49331275,1.3033702,0.77443874,0.3262285,0.14768374
1.5203301,0.6154873,1.2312429,0.83954257,0.45819622,0.1344725
1.5126753,0.8924891,1.2081933,0.7810278,0.22839771,0.13852939
1.6786861,0.79738545,1.2040968,0.792892,0.28669992,0.13666841
1.1857985,0.8735282,1.3009956,0.75436926,0.28545225,0.1562416
1.2111666,0.7923814,1.2790973,0.7681664,0.29600215,0.14826666
1.9700276,0.88449687,1.109477,0.8114378,0.18549669,0.12387918
1.8289238,0.76790285,1.377862,0.77073663,0.4093289,0.16260724
1.1459799,0.56950074,1.436028,0.72653055,0.2789464,0.1679305
1.7381535,0.6675778,1.2074137,0.8045712,0.293446,0.12315428
1.3691175,0.4576175,1.4238214,0.76809794,0.375709,0.15148847
1.5072781,0.64224035,1.2117996,0.77507514,0.23469725,0.13930021
1.6314476,0.7415454,1.329282,0.68037677,0.084931314,0.1706917
1.3980534,0.9643493,1.2623405,0.72043306,0.18419404,0.15904081
1.619116,0.65223056,1.5648029,0.7170818,0.045726687,0.14223799
1.542977,0.5393561,1.3640642,0.7739785,0.3890924,0.15135685
1.47572,0.56582737,1.2940478,0.7912664,0.30408603,0.13551952
1.4659739,0.5262257,1.2277122,0.8157819,0.42173034,0.13439472
1.5081162,0.6272414,1.3234704,0.78143257,0.36514527,0.14107926
1.7424667,0.97050124,1.4299395,0.72158307,0.22210497,0.16715701
1.9283487,0.91238123,1.3629866,0.73834205,0.22536395,0.1532297
1.358794,0.6237135,1.297205,0.7255776,0.16011946,0.16085191
1.7358909,0.971141,1.4208558,0.748796,0.29705507,0.1629451
1.6071507,0.6662158,1.5284543,0.7806467,0.39485195,0.14622237
1.4569951,0.5142635,1.6397417,0.842957,0.58056825,0.13393527
1.5090449,0.8644824,1.5189004,0.7387093,0.081911325,0.1423511
2.0270514,0.92195624,1.4359682,0.7587432,0.28369734,0.15470605
1.0773343,0.7371194,1.1440701,0.7689459,0.13608624,0.1336905
1.8176318,0.7040914,1.6668832,0.8279493,0.3626405,0.117771596
1.2765974,0.86287636,1.0494001,0.83294755,0.21542205,0.117606014
1.2048488,0.6177591,1.4868202,0.7560137,0.34741834,0.1552167
1.1678003,0.8216338,1.3501327,0.7255095,0.23427476,0.15726869
1.2486768,0.92036957,1.1968458,0.78536534,0.19687085,0.1340361
1.5033818,0.6074732,1.4080024,0.82359487,0.6397627,0.14357784
1.2925776,0.6435024,1.5823314,0.74956095,0.18507402,0.14006883
1.2263147,0.859529,1.4433379,0.79567295,0.40806985,0.13761972
1.7197251,0.9923312,1.9565015,0.89683443,0.11732615,0.06870622
1.6797795,0.9336202,1.1744606,0.7434106,0.090522364,0.14151041
1.6253211,0.924914,1.1354988,0.7725359,0.15769473,0.13410003
1.5217382,0.8617243,1.7698169,0.843889,0.45746407,0.11537499
1.4020971,0.7670233,1.6093197,0.82142156,0.42673185,0.13548708
1.4938903,0.96844584,1.4283872,0.70235944,0.12283569,0.15948403
1.1838578,0.9191924,1.3350601,0.71555316,0.17897303,0.16743627
1.727687,0.91749364,1.1977634,0.783562,0.24952495,0.13341023
1.0723256,0.8546446,1.2472715,0.7733582,0.27283067,0.14158036
1.3028365,0.5244821,1.1458781,0.8310579,0.37239978,0.13076253
1.6748916,0.9106245,1.2275229,0.7527052,0.20967515,0.14278467
1.4211316,0.50165987,1.7605546,0.81941265,0.21491924,0.10796433
0.9141361,0.99947643,1.3887804,0.75068945,0.29287502,0.15681116
1.9006869,0.9355249,1.4528391,0.74833065,0.26224342,0.16087128
1.3201177,0.8730831,1.4732583,0.79738504,0.4099267,0.14827827
1.4111922,0.7611241,1.1373048,0.7918136,0.22092271,0.12643209
1.3319433,0.59996516,1.2205215,0.77460325,0.2782059,0.14176
1.8741416,0.77139217,1.492974,0.8042212,0.6873556,0.14921977
1.4624379,0.8061973,1.7012994,0.8211183,0.3741828,0.12209117
1.2832689,0.71271086,1.6314087,0.7770926,0.2020691,0.13569848
1.7926826,0.8615901,1.4110503,0.68046916,0.042311847,0.17092334
1.6492691,0.91569847,1.2134039,0.762555,0.24138775,0.15001647
1.2100118,0.7924548,1.0433497,0.82788634,0.06949384,0.10152881
1.5466619,0.54052913,1.6401081,0.7912301,0.28543872,0.1246851
1.4337782,0.45955336,1.220762,0.73639214,0.15126428,0.14775003
1.2746049,0.7125378,1.2592411,0.75694305,0.24813557,0.14764594
1.3177373,0.6993137,1.3749082,0.74992764,0.32816505,0.15889585
1.4329813,0.5251241,1.4589915,0.7884509,0.38911924,0.15065743
1.5818828,0.7453423,1.3989298,0.78066593,0.3737069,0.14792107
1.3466696,0.8655954,1.5442743,0.7678143,0.24071594,0.13870868
1.5410062,0.83710057,1.4310508,0.7583363,0.3010311,0.15288623
1.5861,0.58624744,1.3660913,0.7546792,0.31631172,0.15388438
1.3072294,0.7234779,1.0953245,0.782392,0.10432047,0.12599091
1.3083563,0.5676312,1.3688135,0.7995842,0.42016035,0.13719125
1.6272519,0.6673381,1.3332279,0.77202106,0.34420407,0.15025972
1.6857648,0.6291599,1.2510345,0.7914219,0.34977913,0.13900146
1.6269038,0.9984696,1.4386375,0.77642274,0.30719873,0.14067625
1.2957137,0.4793412,1.3362534,0.7794634,0.32961276,0.13949914
1.6992838,0.90772146,1.2873039,0.74643123,0.21886942,0.15651153
1.4968247,0.9402113,1.1967399,0.7661131,0.24718682,0.13974273
1.3627385,0.7712657,1.1809096,0.7714315,0.20885289,0.14087462
1.4958011,0.9052761,1.4047146,0.7787961,0.35868004,0.14735293
1.2309824,0.84530795,1.4391186,0.71405494,0.18314604,0.16611162
1.1347651,0.64234614,1.3870769,0.7641498,0.33922797,0.15047754
1.5637317,0.6153674,1.3705764,0.810628,0.40568045,0.13751402
1.5385903,0.8997742,1.4770617,0.804235,0.53237677,0.14220093
1.4130827,0.9836362,1.4847496,0.73177934,0.20034514,0.15397517
1.6172141,0.822621,1.3171496,0.78383154,0.33768952,0.14657287
1.351126,0.83411294,1.4547191,0.7685746,0.33125442,0.1581825
1.590795,0.785823,1.4208794,0.77734154,0.40350258,0.15699898
1.7353257,0.66569716,1.1718748,0.7703846,0.16947763,0.13755028
1.6189847,0.7090762,1.3204372,0.76032686,0.30162817,0.15121984
1.2244455,0.5999966,1.1107278,0.79339045,0.18943967,0.13124388
1.743297,0.6626213,1.4564569,0.74321616,0.20142214,0.15450543
1.5028579,0.7957189,1.8201377,0.8637509,0.37355494,0.10322563
1.9576894,0.85446084,1.3526006,0.83742696,0.4667629,0.11685597
1.6742022,0.8175818,1.3169193,0.7708821,0.22712961,0.14467268
1.4954131,0.8012566,1.594533,0.77627146,0.30578235,0.13806145
1.4232426,0.61659575,1.3094344,0.78013766,0.32105756,0.14332204
1.7653219,0.8916671,1.2216675,0.71018714,0.05532924,0.14810628
1.3774055,0.4536969,1.497026,0.7925396,0.41018528,0.13911082
1.4971054,0.8316845,1.3252933,0.7742747,0.43162006,0.15535356
1.3758051,0.4444306,1.4388444,0.7505847,0.39271572,0.15827323
1.5083448,0.5346385,1.4562795,0.74140036,0.24342561,0.15901117
1.9157089,0.81735176,1.2499909,0.77355754,0.34125045,0.14661685
1.8387392,0.96197736,1.3473432,0.70716006,0.10278427,0.16324028
1.3554186,0.8331429,1.4623907,0.7463199,0.3487314,0.16679217
1.4592726,0.7808807,1.4188824,0.8241647,0.46901658,0.12464502
1.197069,0.5694053,1.2203295,0.7600381,0.20672983,0.14623813
1.2113607,0.6484743,1.2199779,0.73066926,0.13949043,0.15242225
1.6044694,0.9174025,1.4262998,0.75866413,0.2820198,0.15947205
2.1232574,0.9657356,1.3389139,0.7195364,0.17321755,0.16120188
1.821448,0.7715217,1.5474544,0.80935735,0.46876225,0.13926293
1.6826932,0.60835,1.2291558,0.795285,0.31125575,0.13825506
1.3749592,0.7207352,1.4330325,0.7240311,0.17073286,0.15877691
1.8051065,0.7375376,1.5652704,0.79070306,0.40288976,0.14184062
1.1634922,0.55223763,1.252656,0.7380907,0.155761,0.15100816
1.8552011,0.9423222,1.3316741,0.75494766,0.29243362,0.14828505
1.5433924,0.8833022,1.257354,0.7878026,0.42690045,0.14740443
1.9168284,0.939377,1.4036775,0.7600654,0.30990654,0.15659037
1.3760867,0.8689676,1.341476,0.7901397,0.3959581,0.15545523
1.5080884,0.9672187,1.4835074,0.74057376,0.25520045,0.1528096
1.3202082,0.86774665,1.2675233,0.7621353,0.19505261,0.13964099
1.8007059,0.70006615,1.4630144,0.7547146,0.27288032,0.1557316
1.2742983,0.48396632,1.2992561,0.7502424,0.2848966,0.15665838
1.7571079,0.74482155,1.105912,0.7870437,0.14324328,0.12758671
1.8214246,0.71726537,1.1893444,0.77771175,0.21934731,0.13859628
1.0437087,0.71631324,1.2493448,0.76353276,0.22055723,0.14274947
1.55377,0.8126803,1.3313875,0.8130917,0.5403988,0.14531077
1.6809503,0.7098392,1.2719114,0.73424256,0.20082179,0.15663601
1.5856036,0.8361841,2.0328293,0.979939,0.467194,0.052248586
1.6649523,0.64315456,1.7399995,0.84943056,0.37355688,0.109706454
1.1678631,0.9987598,1.3366678,0.7502866,0.23680566,0.14260931
1.3493056,0.51517797,1.2390602,0.778934,0.26940733,0.13827144
1.3093277,0.7824938,1.3183234,0.73345244,0.18720385,0.15112439
1.5956568,0.8120857,1.7230201,0.824076,0.2617777,0.11408216
1.2412713,0.5731148,1.3197486,0.77288544,0.26313794,0.14733201
1.904706,0.9011773,1.1212555,0.7945023,0.22074327,0.1283101
1.339173,0.64181054,1.4513562,0.78856,0.42777652,0.15161477
1.8085603,0.848782,1.3147476,0.77376974,0.33361676,0.14672911
1.0481838,0.90895873,1.8008223,0.8953453,0.7493524,0.097255886
1.8164706,0.97381234,1.4964759,0.76995873,0.44960395,0.15277119
1.2000582,0.70169073,1.3444872,0.6811937,0.095825024,0.17327993
1.1683908,0.9486101,1.3789728,0.8003974,0.37683433,0.1377184
1.5804954,0.6831247,1.8032677,0.8889496,0.59378636,0.09351172
1.3964599,0.8973954,1.284528,0.74331653,0.241022,0.16038315
1.3615627,0.70456696,1.4045663,0.8528062,0.6121202,0.11573923
1.1732917,0.7463171,1.4545741,0.79233974,0.41704455,0.14857395
1.5197839,0.61586165,1.4995167,0.8486369,0.5288142,0.12376806
1.7622154,0.99270105,1.3673468,0.79408675,0.47809467,0.14359948
1.711499,0.8923947,1.2108629,0.80387205,0.479697,0.14463161
1.418201,0.5813424,1.2816944,0.72325444,0.14201437,0.15721877
1.2166935,0.6489323,1.3252864,0.75423384,0.26538226,0.15593176
1.7024521,0.9880653,1.5079947,0.7962215,0.3586737,0.14207308
1.911446,0.91505706,1.2108827,0.76131326,0.23652418,0.14304712
1.9504274,0.8271086,1.3821282,0.77170336,0.24312918,0.15058492
1.573818,0.58513427,1.488769,0.70396143,0.10395903,0.15869726
1.8157995,0.7394977,1.552608,0.8234563,0.43123615,0.11889402
1.7646786,0.8865195,1.1420155,0.77681124,0.1671945,0.13061635
1.7939291,0.8552353,1.0586455,0.84283155,0.2881994,0.11659405
1.5913934,0.9057085,1.3175852,0.73735744,0.20745908,0.1525457
1.0931755,0.77600324,1.2316096,0.7784489,0.20812824,0.13699496
1.5857633,0.6213752,1.424468,0.7818725,0.3406556,0.14970806
1.0528743,0.7573366,1.3386781,0.6941192,0.10888907,0.16787976
1.6830102,0.6273458,1.4976835,0.7737483,0.4280216,0.14424555
1.3279,0.58064413,1.3475926,0.78605473,0.352023,0.14488429
1.691845,0.7087463,1.3106089,0.7485136,0.2359091,0.15261427
1.2960134,0.5241887,1.2723739,0.7656219,0.32075655,0.1536856
1.8375893,0.9170257,1.4842,0.7510824,0.39913738,0.1491535
1.9940164,0.9973459,1.2379127,0.7783449,0.31809038,0.14585616
1.4782388,0.7985253,1.4661498,0.7413299,0.32367167,0.1593111
1.4057388,0.9671299,1.1597357,0.81642306,0.37192875,0.12452356
1.6642686,0.7431094,1.2751358,0.7585939,0.35805887,0.15136793
1.4940971,0.9611738,1.4254663,0.77728736,0.3325491,0.14254074
1.4148424,0.5033534,1.3445463,0.727321,0.17848517,0.15683787
1.4194267,0.8130546,1.2691815,0.8040485,0.33911327,0.13663115
1.3521378,0.5618388,0.94299906,0.8796631,0.19195977,0.10067103
1.3517501,0.77562934,1.6526229,0.79768795,0.33560506,0.13429463
1.4537815,0.965749,1.3370225,0.73864067,0.19173339,0.15735207
1.9096452,0.8918469,1.21313,0.7334127,0.1594107,0.15286933
1.1915705,0.57663846,1.3941727,0.7602991,0.32807544,0.15540525
1.8989346,0.91380423,1.462877,0.8149745,0.5943205,0.14661108
1.6915493,0.66279995,1.6283052,0.81754977,0.44190678,0.13478002
1.4315524,0.954866,1.3746512,0.78663623,0.37333822,0.14637291
1.330134,0.49686897,1.3136263,0.82268965,0.5685112,0.12781717
1.1496851,0.69783664,1.4026146,0.7164172,0.12856345,0.15473439
1.3329209,0.6616012,1.7159443,0.8306585,0.367745,0.111322366
1.8482316,0.8316902,1.5027981,0.814095,0.48649,0.14380161
1.8923979,0.9625165,1.7778311,0.8640551,0.6513221,0.11824605
2.0823061,0.9729531,1.3433688,0.71788704,0.16988492,0.15985939
1.1193985,0.701818,1.1757107,0.7482984,0.1313857,0.14113624
1.7392843,0.7856072,1.2265167,0.7658339,0.2672239,0.14380597
1.5528265,0.69491667,1.3373451,0.80196494,0.4797575,0.1429007
1.5850084,0.5514717,1.7340815,0.83354867,0.14407346,0.09905013
1.206958,0.80969334,1.3542173,0.82160026,0.38907385,0.13307574
1.104543,0.8217158,1.7672544,0.86622983,0.5139241,0.1043338
1.7172415,0.8205111,1.1358211,0.8399616,0.27397463,0.117568254
0.9379671,0.87808627,1.5992157,0.82394195,0.5761885,0.14965434
1.2751616,0.85529345,1.3658204,0.709344,0.15319537,0.16035093
1.0675828,0.8970153,1.0543432,0.8526011,0.22913225,0.1122633
1.3466263,0.41756558,1.3049605,0.7659043,0.22910883,0.14264362
1.0424885,0.9787731,1.3117497,0.8099275,0.38918898,0.13759181
1.4269457,0.4963321,1.3363974,0.7872941,0.3211763,0.14630175
1.9719837,0.9280933,1.3557765,0.7545824,0.31574944,0.15998591
1.5002085,0.9720755,1.4132023,0.7981456,0.5164959,0.14577278
1.1902329,0.796909,1.523221,0.76306033,0.25580704,0.1435495
1.9261189,0.9253073,1.3607094,0.7386739,0.26831323,0.15463817
1.7913198,0.73846996,1.2598367,0.7064598,0.06757039,0.15482795
1.6246009,0.71152353,1.3324211,0.8091778,0.44089428,0.13941447
1.4719512,0.57020795,1.2374351,0.79566747,0.33939958,0.1418179
1.6663538,0.7075608,1.4312737,0.6871534,0.123406604,0.1687423
1.6121694,0.7024705,1.4408038,0.77537644,0.3943655,0.14585258
1.6327615,0.76104707,1.3845344,0.811925,0.4468182,0.12916341
1.932572,0.9414536,1.3798339,0.78190106,0.33961233,0.15232944
1.2784342,0.8687227,1.1550971,0.76088005,0.13494904,0.13495089
1.5875385,0.9919676,1.1126313,0.76942235,0.1383365,0.13689494
1.0987103,0.6688344,1.3839917,0.79030526,0.6143331,0.14759055
1.5849218,0.5618177,1.9970541,0.9279288,0.25518826,0.06800683
1.2985377,0.974622,1.2912309,0.79949933,0.38380685,0.14481041
1.3968885,0.57453877,1.3668299,0.7798513,0.375686,0.13803609
1.1499985,0.96780163,1.4185526,0.79807705,0.41591987,0.13521515
1.686276,0.89444596,1.2332938,0.75474584,0.21944748,0.14245716
1.449652,0.8126758,1.507065,0.745626,0.19677655,0.15248999
1.3295245,0.4360162,1.5373032,0.74916834,0.19327192,0.15297164
1.4357177,0.59220034,1.310358,0.69326067,0.13259001,0.16354366
1.9671588,0.9850541,1.1092815,0.8021431,0.23443049,0.12810357
1.5587397,0.5659271,1.381526,0.7769222,0.30178738,0.15266965
1.5705876,0.70834476,1.2802777,0.74257106,0.33222514,0.1573686
1.3504397,0.51919585,1.3056228,0.7713798,0.28304216,0.14185476
1.2104623,0.68232304,1.4832497,0.79246587,0.50259125,0.12973662
1.3332853,0.7224099,1.5709796,0.8361571,0.46671227,0.119665936
2.033658,0.95307636,1.390497,0.7141473,0.17380473,0.16516139
1.5667361,0.9404065,1.509404,0.7785645,0.30065492,0.14700167
1.6294283,0.98289937,1.2421935,0.72277236,0.17208579,0.15573207
0.8919734,0.99089706,1.5268495,0.7327179,0.29544175,0.1503504
1.2551072,0.7697393,1.3513086,0.78192735,0.5140639,0.15671492
1.4686049,0.74939936,1.260709,0.7603053,0.3105492,0.14304024
1.7402259,0.9555821,1.3736529,0.79517144,0.40877616,0.14462838
1.1712021,0.9908533,1.4547036,0.77532685,0.34910762,0.1500239
1.4322728,0.661081,1.5655541,0.78385603,0.34834248,0.15074486
2.0515327,0.9444703,1.1956997,0.7644275,0.20998308,0.13816135
1.8475474,0.8374614,1.4329753,0.75075185,0.26443467,0.16116334
1.9635937,0.9890472,1.3266754,0.7890962,0.31627655,0.14498839
1.2294862,0.52271026,1.421138,0.695974,0.17569856,0.17276092
1.1348983,0.98083836,1.389602,0.7881253,0.3240134,0.14000441
1.5360699,0.96916556,1.2790489,0.7426883,0.2034416,0.15426353
1.5969167,0.7520758,1.5647912,0.74079156,0.14137532,0.13885812
1.5090411,0.6414672,1.3261807,0.70952636,0.2782909,0.16886261
1.3316354,0.7142332,1.2408772,0.7901503,0.29093874,0.142446
1.7369757,0.81254154,1.3486061,0.7549459,0.2844193,0.14834973
1.4786674,0.7455043,1.2763724,0.776222,0.37719393,0.15301028
1.2248673,0.59838647,1.3783967,0.8051926,0.47570047,0.14144652
1.41579,0.6105185,1.1918736,0.7992045,0.21148944,0.12719181
1.81247,0.9621611,1.0982136,0.84459996,0.26647618,0.115371734
2.0104094,0.92017126,1.3667233,0.72533035,0.221515,0.17338246
1.1836711,0.8998327,1.2476785,0.7451408,0.17167924,0.14594388
1.3405452,0.6061533,1.3448849,0.7183051,0.19369932,0.16263913
1.3632256,0.46992323,1.4637012,0.80342644,0.5690323,0.15119039
1.667277,0.9978159,1.1959949,0.784397,0.25123146,0.13381918
1.64626,0.8538477,1.4452865,0.828011,0.67627025,0.14042503
1.4530054,0.6029398,1.2023442,0.8297167,0.42016423,0.12801439
1.9385864,0.97438645,1.0575576,0.82684666,0.17720446,0.11773571
1.7938371,0.7380323,1.0500102,0.82267267,0.13902298,0.11250624
1.5028412,0.6706935,1.3920054,0.7332627,0.28660777,0.16383894
1.4452728,0.6196724,1.1611941,0.7730693,0.1384172,0.13348737
1.4786599,0.9550242,1.299041,0.74186647,0.32182345,0.16143878
1.3095511,0.48784527,1.3790214,0.8004822,0.3805089,0.13525072
1.2967154,0.5968504,1.3423789,0.71521527,0.19802509,0.1670263
1.3523147,0.47217533,1.1969788,0.7759943,0.27474278,0.14598216
1.4115918,0.5348126,1.700203,0.8415323,0.4275161,0.117744155
1.0039304,0.7489709,1.5161481,0.7805743,0.41519985,0.14879255
1.192108,0.5563269,1.5488417,0.7846247,0.36163682,0.13811724
1.7504667,0.8149087,1.4260299,0.7725903,0.30151814,0.15032907
1.745556,0.83620113,1.4932528,0.8220014,0.5455874,0.1444778
2.034199,0.9156968,1.3002331,0.72025794,0.23086569,0.15606938
1.48277,0.52570164,1.6045132,0.80644506,0.39707667,0.1335416
1.7681528,0.92109346,1.2095869,0.73672915,0.14549996,0.14800073
1.6800122,0.9571007,1.1700728,0.77686495,0.20737715,0.13556036
2.1227806,0.99796844,1.4525006,0.7140913,0.23351404,0.16337487
1.5447044,0.5826972,1.4193113,0.75804776,0.2968612,0.15936738
1.0221324,0.88706344,1.3910892,0.74371475,0.2998858,0.16302516
1.2167417,0.6107307,1.3814545,0.7663225,0.33701307,0.15164217
1.5918927,0.75348055,1.4068816,0.7588189,0.27991462,0.14757001
1.4627962,0.6720765,1.2449744,0.7649924,0.30224854,0.1436594
1.9962194,0.85195893,1.4420981,0.7586241,0.27867076,0.14512841
1.8548911,0.9534068,1.5308802,0.8095948,0.49625963,0.13254733
1.9087685,0.8081478,1.5441167,0.7731576,0.3129782,0.14101443
1.3912055,0.9566868,1.154376,0.79156935,0.3378342,0.14341909
1.1263161,0.6796486,1.2520657,0.7840371,0.31535214,0.14078113
1.4037954,0.61367583,1.3383327,0.7650262,0.30729765,0.14753209
1.4552463,0.896206,1.4704666,0.80995744,0.5841339,0.14146794
0.9606645,0.9529985,1.5078084,0.7720295,0.255816,0.13891663
1.3289919,0.85766727,1.0364875,0.8338854,0.15310864,0.10885153
2.009908,0.95230323,1.5027821,0.817422,0.39379874,0.1298611
1.9623288,0.9343045,1.2303414,0.7487881,0.21726419,0.15444651
1.448431,0.68683016,1.3701286,0.74735975,0.3775007,0.16186482
1.2874647,0.650363,1.4516582,0.74408597,0.24836461,0.1602348
1.772253,0.803754,1.1883028,0.7896209,0.18622118,0.1262589
1.700675,0.64079416,1.5312095,0.7735417,0.38233307,0.1336478
1.3506967,0.5759913,1.4398849,0.80493826,0.56786865,0.14380568
1.4933645,0.7067625,1.185868,0.7996554,0.2686435,0.13364983
1.6226772,0.7428545,1.2411737,0.75324667,0.23044036,0.15163621
1.2946347,0.5545597,1.3883631,0.7389239,0.23643617,0.151991
1.034054,0.77450454,1.5347149,0.73619026,0.23685166,0.15902646
1.4729121,0.88777286,1.2592034,0.7227341,0.11690092,0.1529171
1.4749863,0.5035997,1.235733,0.762197,0.22674854,0.14684708
1.2843941,0.46524736,1.7075257,0.8211903,0.30690643,0.12022931
1.7017267,0.8557647,1.444006,0.7799169,0.37153235,0.14298338
1.0264881,0.93039,1.3267415,0.85875124,0.68959767,0.12192642
1.321734,0.47289535,1.2781656,0.7726525,0.3151625,0.14902246
1.3066268,0.49830344,1.3858552,0.71859515,0.19167624,0.15856408
1.240929,0.7019098,1.1505809,0.78614056,0.15220158,0.13088407
1.0706359,0.9710249,1.6567061,0.85399586,0.43645906,0.10677426
1.6393619,0.7259621,1.3443694,0.69799316,0.132397,0.16445936
1.1310989,0.6943299,1.1483424,0.80449104,0.32647857,0.13344905
1.8599344,0.89747334,1.363266,0.72703564,0.14228234,0.15743613
1.7311236,0.66843075,1.2720783,0.73573774,0.16821481,0.15902849
1.2103677,0.56601095,1.3727529,0.7215036,0.19723305,0.15834877
1.144451,0.7773135,1.4081919,0.7631504,0.26446527,0.15760651
1.4081302,0.6816948,1.2377715,0.7655601,0.23265895,0.14101583
1.1899475,0.9852951,1.2912788,0.7803342,0.3359622,0.15357426
1.4166527,0.92594504,1.2641475,0.7324916,0.16285169,0.15558445
1.6221833,0.66747695,1.1798227,0.80681723,0.34823057,0.13054568
1.9961134,0.8883198,1.3390386,0.751547,0.30202603,0.15321139
1.4441602,0.51134884,1.7878504,0.8467838,0.39603484,0.105272844
1.7133671,0.7877284,1.6785073,0.8322487,0.6774177,0.11962512
1.2963123,0.4576032,1.2046282,0.76879716,0.23157862,0.1400819
1.6077445,0.66054803,1.4499135,0.69280386,0.07210276,0.17606322
1.914727,0.90928197,1.4976966,0.7805129,0.42581323,0.15072711
1.5121487,0.67277706,1.3653183,0.7626438,0.32489637,0.14902054
1.2698812,0.79175156,1.5362394,0.8034289,0.45864514,0.1449912
1.7722956,0.7100376,1.4207203,0.70237666,0.15156117,0.1655898
1.545881,0.7288851,1.3801537,0.74537075,0.2536076,0.1587905
1.3639227,0.7582597,1.3826666,0.7550282,0.3179964,0.15462688
1.413105,0.59522897,1.3592207,0.7483292,0.30623326,0.16066687
1.0396211,0.76641965,1.6778791,0.83358663,0.40183476,0.11344698
1.7606845,0.84186,1.5742271,0.851028,0.57042295,0.11247495
1.1158562,0.6994827,1.5588617,0.8022986,0.33972868,0.13139257
1.3386766,0.8534724,1.4545927,0.74131155,0.31358433,0.16284329
1.3359393,0.8711142,1.3329093,0.7649921,0.2790231,0.14351608
1.2861658,0.741751,1.4158199,0.726197,0.12581562,0.15433389
1.4759586,0.48499283,1.2281554,0.7538862,0.12725478,0.13675854
1.6882366,0.85627437,1.2767062,0.7368518,0.21487266,0.15729874
1.6098943,0.81217784,1.3785212,0.70975506,0.21455275,0.16596854
1.3021199,0.557141,1.0197984,0.8419274,0.23795612,0.114312865
1.3462415,0.97863543,1.4331136,0.73013043,0.2619338,0.15468204
1.924819,0.78854764,1.4365106,0.7764245,0.3089516,0.15106373
1.7102615,0.63109964,1.1141977,0.76958704,0.13064115,0.1344974
1.6791033,0.915703,1.3781121,0.6972735,0.09561388,0.17645667
1.5215874,0.5838322,1.441647,0.7598753,0.29830492,0.14855368
1.4488916,0.5699121,1.2832191,0.77545667,0.34069338,0.1484723
1.8863428,0.77163696,1.2793784,0.7288216,0.15840702,0.15174997
1.9882733,0.9218053,1.3770835,0.7251364,0.26325306,0.16788681
1.5482659,0.74626225,1.3462675,0.76607555,0.29800078,0.14471662
1.1073781,0.9885915,1.3667974,0.7820362,0.46921548,0.1507098
1.4802972,0.719898,1.177563,0.791768,0.25500083,0.12965772
1.9136264,0.80785143,1.1575451,0.79005957,0.23699589,0.13162495
1.9199674,0.833842,1.1262472,0.80158913,0.26416627,0.12958515
2.0203323,0.890794,1.6583691,0.79426414,0.13595961,0.1224663
2.0172884,0.89616805,1.3351443,0.6824588,0.060473036,0.17238286
1.3751436,0.6239573,1.3742476,0.7495029,0.24470904,0.14936915
1.4537412,0.9973824,1.5928512,0.78362656,0.36277097,0.15063305
1.0016177,0.77292186,1.28738,0.741679,0.2541855,0.15236183
1.4191902,0.7983268,1.5551147,0.8293897,0.4811233,0.1324633
1.1826853,0.9333682,1.1917207,0.7589907,0.22222544,0.14314029
1.6709725,0.922256,1.4193208,0.8017269,0.47149473,0.14383127
1.1992538,0.63262856,1.3580759,0.75725317,0.32660702,0.15247717
1.551707,0.5835098,1.0441813,0.8274307,0.18062213,0.11536401
0.9089899,0.99601173,1.3233662,0.80418617,0.4315823,0.13796203
2.04938,0.99558425,1.5969288,0.8636231,0.51242685,0.109024726
1.4093803,0.4689001,1.4385574,0.7886379,0.38823435,0.14060165
1.214109,0.95028377,1.2166708,0.79306924,0.27132744,0.13242535
1.546027,0.880844,1.6129909,0.8233448,0.41045383,0.13088156
1.210533,0.5233842,1.3972328,0.74226886,0.31721234,0.18356621
1.0334792,0.87878436,1.3120403,0.7640199,0.2567789,0.1484451
1.2143269,0.50578356,1.3242328,0.7535819,0.36631134,0.15191662
1.2482382,0.55095565,1.5233557,0.82890093,0.45971012,0.12703049
2.1107569,0.9656508,1.3415217,0.71638995,0.254683,0.16455832
1.5421382,0.96488076,1.2351153,0.7429322,0.1950854,0.14959967
1.6070517,0.7615425,1.3290458,0.7195973,0.13326092,0.15789428
1.8382651,0.80887854,1.2940733,0.7786461,0.23511273,0.13686666
1.0260603,0.7922106,1.0651455,0.8339589,0.31346223,0.122723974
1.4757254,0.722633,1.4139845,0.69178075,0.12572,0.16894478
1.5630407,0.92132765,1.5560331,0.78604317,0.40277767,0.15220292
1.1706723,0.78315794,1.4482942,0.7732394,0.42231375,0.14352411
1.6808189,0.82138675,1.1131542,0.8414014,0.3197965,0.124408714
1.7810124,0.6986568,1.3574784,0.7102864,0.12772836,0.16466054
1.6577744,0.637911,1.693691,0.7895514,0.17367122,0.12802728
1.4362271,0.5884195,1.7362721,0.8491021,0.4263523,0.11080707
0.9869797,0.8341529,1.1410816,0.7962763,0.17684025,0.130234
1.4263735,0.763088,1.4472263,0.8409023,0.6171882,0.12856182
1.8587707,0.89509314,1.3693302,0.77364683,0.46867332,0.15745412
1.3509842,0.5682516,1.4667041,0.76528484,0.39272988,0.15540056
1.2466989,0.7533782,1.9016068,0.88187665,0.30822256,0.087991625
1.5163784,0.5795734,1.5272751,0.7691386,0.31137776,0.14285584
0.93690383,0.9804061,1.1580127,0.81163436,0.29721683,0.13130164
1.562396,0.88968164,1.2105138,0.79060537,0.1828413,0.13531673
1.8323305,0.85091734,1.2893643,0.78329223,0.30841148,0.1468166
1.7666119,0.8352079,1.4157889,0.75373656,0.34812316,0.1482063
1.3338193,0.43427992,1.2270951,0.76143724,0.23824447,0.14970084
1.9594024,0.96068484,1.2491374,0.7560153,0.2654175,0.14747413
2.040512,0.91044605,1.0328434,0.8247614,0.11244454,0.11029325
2.021754,0.8901005,1.371088,0.74463,0.28572664,0.15981169
1.7376052,0.7528757,1.2006373,0.79343134,0.29459354,0.13418792
0.90173256,0.976767,1.26139,0.79271096,0.36242574,0.1419819
1.1541803,0.6854127,1.3141465,0.76448786,0.36855185,0.15901665
1.5085301,0.8335971,1.7412264,0.8592192,0.62675494,0.112560436
1.2937465,0.877507,1.4896908,0.75692,0.30651823,0.15101312
1.6722572,0.63716215,1.4252641,0.7543571,0.2961038,0.14995237
1.5495142,0.61999786,1.3619702,0.71408087,0.1674091,0.15970038
1.9449944,0.8489616,1.3059311,0.76013625,0.24727091,0.1514354
1.5965141,0.7061016,1.486954,0.71260124,0.109394155,0.15704656
1.6417283,0.9387535,1.612843,0.8415664,0.49544367,0.1261758
1.2730786,0.780151,1.3967028,0.7722087,0.31706798,0.14700486
1.8037436,0.8258425,1.0774236,0.8763476,0.40774152,0.11680504
2.028751,0.9408633,1.2218785,0.7382715,0.16110086,0.1483189
1.5026407,0.97463626,1.2847755,0.80371445,0.36490968,0.14056455
1.31711,0.5677312,1.3805997,0.7660975,0.31956688,0.1528892
1.4565763,0.46186543,1.2999303,0.7592597,0.23817976,0.14939113
1.3334556,0.544065,1.2983012,0.7918575,0.39348578,0.14156504
1.4669307,0.6910209,1.3409207,0.76518106,0.3034176,0.14999409
1.712829,0.6894007,1.2922227,0.81426466,0.45721844,0.13997887
1.6528392,0.84002316,1.0970582,0.7998888,0.20192555,0.127385
1.1765103,0.54270655,1.4648588,0.77973413,0.31937414,0.13744839
1.2707047,0.518516,1.4735065,0.8106296,0.41168332,0.1292188
1.1421186,0.8255522,1.4171021,0.74094486,0.2549963,0.1620901
1.4315821,0.50732034,1.1516457,0.7759278,0.13560133,0.13031766
1.4070991,0.7377583,1.3581035,0.7530651,0.31442967,0.15302143
1.4635361,0.6758066,1.4115968,0.7464346,0.33597597,0.15999067
1.9901121,0.8584774,1.534761,0.7526184,0.30354017,0.14519845
1.8365163,0.8800012,1.1414585,0.75858766,0.125416,0.13683033
2.0896325,0.9402848,1.1355183,0.84619826,0.35482776,0.11662484
1.6450175,0.8004506,1.0641623,0.79155946,0.079709224,0.11596237
1.3603334,0.80118763,1.1331253,0.8449135,0.29831052,0.11876281
1.6042821,0.8107046,1.1978292,0.79338837,0.30120686,0.13799596
1.6027558,0.72891873,1.6230781,0.8155812,0.37351727,0.13595611
1.2541364,0.93292433,1.3590508,0.67298096,0.0613148,0.17051283
1.4544748,0.5701891,1.357233,0.697068,0.15913963,0.1748563
1.3533449,0.9311353,1.3294206,0.7574644,0.28616527,0.15487422
1.2436105,0.67581296,1.2431526,0.7648316,0.18301548,0.13804564
1.4496831,0.52311903,1.3547866,0.79246205,0.43139428,0.1513623
1.0524992,0.90834457,1.398427,0.7334,0.25471497,0.15430987
1.5289948,0.999634,1.9684868,0.90884715,0.27336642,0.07446674
1.6160098,0.93012553,1.4125645,0.8078488,0.47431493,0.14737865
1.915651,0.994206,1.2763536,0.7184268,0.12585369,0.15424466
1.3744847,0.5179621,1.3589566,0.80411977,0.36900926,0.13561296
1.9721493,0.8371455,1.2849507,0.8385034,0.47940326,0.1349675
1.4803143,0.5963497,1.6593153,0.7742746,0.16149981,0.13002233
1.2316363,0.71730125,1.2567825,0.7803248,0.27520493,0.14167973
1.4156853,0.4656631,1.2086251,0.71925753,0.056515705,0.14965641
1.6829147,0.6732615,1.3840139,0.7634022,0.35688522,0.14808844
1.6182431,0.76300657,1.1804991,0.76087403,0.17895567,0.14033933
1.7994081,0.7123081,1.9516022,0.8926322,0.23938832,0.08177786
1.5713305,0.69246596,1.3452301,0.7849494,0.44987833,0.1477908
1.6962657,0.9884245,1.1512284,0.7844469,0.1857541,0.13136381
2.040307,0.95663697,1.4042957,0.81081635,0.6326314,0.15129875
1.8618617,0.9949457,1.4197361,0.759544,0.37201986,0.1512182
1.0894085,0.98578435,1.4381547,0.8240869,0.608695,0.13506298
1.2316095,0.51461047,1.4753859,0.8353632,0.4895822,0.12817599
1.2006528,0.7464244,1.073764,0.84224266,0.25733176,0.116238385
1.5697707,0.7159879,1.4818347,0.7167725,0.12612401,0.15329333
1.7000463,0.80006,1.4103365,0.77260876,0.33321077,0.14139254
1.2288841,0.95399934,1.4110556,0.733876,0.2891312,0.16594888
1.3131263,0.701116,1.586905,0.78665185,0.4112561,0.14355667
1.9218006,0.99810004,1.3981559,0.74134195,0.289622,0.16618687
1.9087687,0.90852934,1.6636043,0.7769034,0.1819839,0.1260205
1.4177301,0.7049763,1.1850681,0.73382366,0.11127154,0.14578967
1.7809381,0.85240096,1.1442462,0.8073842,0.20928112,0.12370253
1.3466219,0.99054015,1.3583715,0.7049273,0.19937354,0.16615632
1.2252736,0.62316924,1.3668323,0.7748456,0.3629032,0.14604707
1.6639704,0.65993637,1.5468743,0.88338137,0.77291137,0.106216714
1.3820567,0.8654731,1.3165762,0.73773134,0.23332088,0.16180894
1.3423145,0.7126718,1.3174694,0.7128551,0.12984109,0.15828627
1.3050345,0.59275454,1.5800936,0.7884724,0.41061172,0.1345954
1.9499571,0.9140254,1.4829526,0.7265546,0.14294274,0.15728241
1.3388162,0.47655502,1.2980933,0.8143396,0.4159324,0.13459997
1.1019561,0.6839807,1.5426857,0.8093769,0.5251576,0.13137366
1.0954261,0.8375513,1.3461926,0.7375987,0.24102737,0.1497364
1.7265247,0.6995222,1.4401832,0.7288734,0.13218282,0.15287966
1.4501842,0.49947095,1.17036,0.78086096,0.15942247,0.1316966
1.6363734,0.6772125,1.2428098,0.74040854,0.19817853,0.15137598
1.990404,0.8528447,1.1754408,0.76637983,0.17351843,0.13801777
1.0708582,0.8528015,1.408643,0.84655905,0.5427136,0.11873431
1.2196965,0.5391667,1.2697911,0.7864331,0.35044882,0.14172953
1.1339495,0.8054014,1.4401753,0.7722457,0.37317708,0.1507318
1.9844952,0.8347811,1.2373807,0.7709284,0.2331342,0.14323619
1.2410382,0.9467399,1.2960246,0.802915,0.37119824,0.15013458
1.263601,0.6220414,1.3175068,0.7187615,0.17490248,0.16430615
1.2177616,0.95649445,1.1621184,0.8029421,0.27489683,0.1283837
1.7770746,0.8174936,1.531246,0.8128608,0.3921545,0.12869477
1.925029,0.80677736,1.3404138,0.81174535,0.4212385,0.13700847
1.1693853,0.7636521,1.3551335,0.72831064,0.1633906,0.15260474
1.3533651,0.46223578,1.2526481,0.7309147,0.15816669,0.15129457
1.4389677,0.55334526,1.3621218,0.7733375,0.37650982,0.14382069
1.1070502,0.955322,1.6446004,0.82135016,0.43580246,0.12594849
2.1071858,0.97172135,1.2984769,0.7369089,0.23180589,0.15518773
1.6108973,0.93378836,1.3686919,0.81666774,0.40629014,0.1356466
1.6384133,0.939481,1.4470592,0.7498661,0.37280732,0.15256841
1.2665918,0.76352674,1.3239584,0.7374636,0.23943701,0.16427864
2.0139587,0.9597433,1.1333879,0.7491993,0.10056522,0.13764788
1.4390146,0.61859345,1.3961015,0.7383034,0.25324553,0.16127668
1.4085659,0.5074205,1.4547231,0.7542707,0.42931354,0.15609361
1.3557503,0.6963291,1.5766513,0.8359616,0.5315711,0.13266446
1.6981319,0.7361075,1.4506412,0.76344097,0.3127268,0.14781192
1.6824161,0.81943,1.436094,0.84924406,0.56257266,0.12634236
1.2851316,0.9599688,1.5085521,0.7871638,0.33107102,0.13095543
1.3643817,0.84969705,1.3344991,0.78633106,0.2851571,0.13923278
1.2678808,0.92032033,1.8784847,0.87187064,0.18824072,0.08383143
1.816126,0.8521869,1.3801723,0.7881338,0.35832843,0.14876705
1.1686177,0.9080285,1.1785128,0.7605335,0.1622242,0.1405141
1.8293661,0.7210104,1.2590809,0.827382,0.50077814,0.12564158
1.59378,0.5895041,1.4570296,0.76048636,0.32084358,0.15535247
1.920904,0.8724573,1.1773863,0.7607808,0.15525377,0.14042418
1.8605679,0.8610426,1.1229564,0.786466,0.19427472,0.13325563
1.6470991,0.8064681,1.6676292,0.82213384,0.50882894,0.13416307
1.9077445,0.8516136,1.134448,0.7693337,0.14988364,0.13574997
1.6804309,0.90543723,1.1325059,0.7771572,0.15936859,0.13215227
1.5434158,0.6681656,1.2014313,0.80309874,0.33490425,0.13212913
1.3454535,0.4724832,1.0484432,0.8396701,0.25379312,0.11350803
1.6115576,0.7089011,1.3514528,0.8035056,0.45505604,0.15366687
1.3369205,0.81996846,1.4042816,0.76861596,0.2782947,0.14332737
1.395548,0.6037107,1.2832451,0.7221732,0.2098826,0.1573605
1.4392562,0.96858674,1.3442404,0.8013522,0.40111735,0.13834535
1.4589301,0.9178415,1.2886636,0.7602571,0.2044656,0.14615951
2.1021388,0.96092016,1.518626,0.8147303,0.3832876,0.13253312
1.7558104,0.7302805,1.2060156,0.7814261,0.28553948,0.1390833
1.5512902,0.61677384,1.1604283,0.7721403,0.18402581,0.13989687
1.823293,0.85722315,1.3217046,0.7938315,0.35527012,0.14789991
1.6909807,0.86731505,1.4398847,0.81675583,0.47747523,0.12519787
2.130726,0.9667638,1.4948993,0.7536274,0.19351912,0.1436842
1.2460166,0.8685225,1.5339875,0.81372213,0.3825211,0.12038368
1.5342236,0.83490604,1.2388484,0.71930534,0.12526433,0.15499799
1.9678962,0.9342879,1.2533932,0.7460413,0.2711023,0.15328756
1.6591226,0.80275,1.2689128,0.77485716,0.39352176,0.15548146
1.4530494,0.70312846,2.080196,0.9464597,0.056174308,0.044451825
1.6387287,0.6157643,1.4819527,0.79077727,0.4390141,0.14579524
1.3392941,0.580936,1.2910974,0.6942091,0.088551335,0.16869625
1.1389048,0.86892563,1.2401481,0.77937174,0.27103314,0.14337994
1.2393562,0.76495165,1.4370189,0.771686,0.3403356,0.14934951
1.3300159,0.9173826,1.1888957,0.8334341,0.40833575,0.12433292
1.466432,0.5259622,1.1520805,0.80076164,0.31940335,0.13668256
1.8939593,0.92748296,1.3691025,0.77421016,0.3118277,0.14543168
1.4461405,0.8782981,1.2580044,0.77191174,0.36617944,0.15020148
1.3356199,0.81068605,1.6803427,0.821824,0.38055235,0.124819234
1.521825,0.56613237,1.4155767,0.6872467,0.13897164,0.17430198
1.4007508,0.58954215,1.4825611,0.73736715,0.18944013,0.15790498
1.0348601,0.81715125,1.3807976,0.7595593,0.4444352,0.15751697
2.0001354,0.91665965,1.4087882,0.73754394,0.22711499,0.1579994
1.697831,0.7791389,1.2973764,0.78627056,0.37961358,0.14649068
1.3118333,0.4810003,1.6332824,0.8445801,0.61504096,0.11979529
1.7378199,0.9128008,1.2414753,0.80111635,0.2878986,0.13271196
1.4438553,0.4545017,1.336199,0.7120531,0.17762949,0.17417672
1.2941097,0.95561403,1.181459,0.8056429,0.19992562,0.12624992
1.5062877,0.92310697,1.0560954,0.82733506,0.22257139,0.11700599
1.20648,0.9312451,1.3462346,0.7151216,0.114472054,0.164389
1.4818829,0.55016834,1.2434516,0.7534586,0.20572285,0.14957725
1.1535422,0.7754448,1.4579463,0.80963796,0.5822742,0.14202276
1.401443,0.88179123,1.3949566,0.7555073,0.32383576,0.15721336
1.3779029,0.7397946,1.3344512,0.7912002,0.34794253,0.13909154
1.7462529,0.663559,1.203635,0.80378443,0.31320524,0.12978417
1.5363404,0.722088,1.3948643,0.7583832,0.3178705,0.15442869
1.8166534,0.95185083,1.4140265,0.7143011,0.16240504,0.16657169
1.4468322,0.81334674,1.1583077,0.7556606,0.04906569,0.12801935
1.3052478,0.6060238,1.3476803,0.7262556,0.15867682,0.15244144
1.4807844,0.9156137,1.4661477,0.8042552,0.462684,0.13873038
1.6415782,0.73313165,1.5067804,0.7816395,0.3993353,0.14353165
1.3952022,0.88359016,1.4107823,0.8095356,0.44722697,0.129324
1.212496,0.9376322,1.408524,0.77483743,0.3318077,0.1445625
1.7334327,0.8606975,1.3842461,0.7804358,0.393089,0.14336415
0.99557495,0.92579895,1.2972083,0.7465503,0.23359711,0.15542397
1.1544952,0.85257506,1.3279345,0.71436685,0.12446989,0.17004259
1.2913306,0.47089627,1.2140336,0.7753229,0.27879012,0.14770126
1.3192064,0.68544745,1.3133616,0.70414394,0.10110546,0.16232906
1.5678368,0.88589686,1.1180615,0.8316616,0.36000746,0.12155323
1.9746305,0.8615485,1.711896,0.8382427,0.32062545,0.111135155
1.3108699,0.6939874,1.5061655,0.7822834,0.6178638,0.15592517
1.4268712,0.80376923,1.4228053,0.78130615,0.27988765,0.14517556
1.3777019,0.6577232,1.4842472,0.82303435,0.6055625,0.13903455
1.9688616,0.91847706,1.0666482,0.79815036,0.12015091,0.11770655
1.4840536,0.5569035,1.2155275,0.7693003,0.19006242,0.1395438
1.092148,0.7338978,1.1107719,0.79654574,0.11705631,0.12247291
1.4617116,0.8891637,1.2230816,0.7578457,0.21260823,0.14864329
1.5572668,0.5351894,1.6176312,0.8353666,0.4441481,0.12145132
1.2514536,0.92958003,1.3644552,0.6698947,0.07577301,0.17865671
1.1706436,0.78543633,1.3006666,0.8031891,0.33486646,0.13380258
1.8309929,0.76961964,1.2920482,0.79027057,0.32785398,0.13527326
1.4820015,0.69449764,1.1902568,0.8047401,0.34935316,0.1292986
1.6649414,0.64878047,1.5149167,0.8087199,0.46419618,0.14148793
1.4278977,0.7902616,1.1665386,0.76108897,0.15553868,0.13997947
1.2328783,0.50468993,1.1537526,0.7964749,0.3601501,0.13596816
1.4456158,0.46330175,1.3179862,0.69249964,0.06374567,0.16139951
1.7828258,0.8499518,1.391305,0.69679147,0.14818579,0.1645831
1.2357093,0.5349825,1.2008531,0.7620793,0.18431166,0.14392619
1.5090917,0.7544002,1.4426398,0.79884773,0.4548729,0.13945621
1.8413734,0.887644,1.2410388,0.79590684,0.33750662,0.13022314
1.599216,0.6011295,1.3131323,0.77121097,0.33418018,0.15753677
1.1135216,0.8351938,1.2653112,0.8110246,0.31805202,0.13058554
1.5509568,0.9525544,1.3439894,0.7593945,0.29879975,0.14831708
1.9109389,0.88206625,1.3261383,0.77192557,0.33569485,0.13992305
1.3241558,0.5832515,1.5290532,0.7324381,0.15124883,0.15377377
1.287836,0.47492808,1.4724591,0.77072644,0.36685997,0.1529397
1.202443,0.5213773,1.1301172,0.82203686,0.2547202,0.12637174
1.7650903,0.87908286,1.5497015,0.80719703,0.4404752,0.14342882
1.2129358,0.8567676,1.2795262,0.755671,0.31288236,0.15808503
1.3807104,0.8445357,1.3923559,0.7986745,0.4094552,0.14669725
1.2584882,0.7796293,1.4689527,0.70270705,0.03941794,0.15238182
1.2174546,0.95229465,1.3406725,0.6911036,0.12259807,0.16798131
1.4556615,0.9499708,1.225122,0.82737243,0.35803896,0.124366365
1.7457144,0.7173531,1.2106485,0.7804779,0.19558072,0.13684286
1.8240787,0.96598643,1.3959804,0.73557174,0.23696738,0.16146356
1.4052575,0.90983707,1.221807,0.7479956,0.21329111,0.14829946
1.9131838,0.9910611,1.3329735,0.8462815,0.5474683,0.13134469
1.1125486,0.66701746,1.5035064,0.7422416,0.18266042,0.14635381
1.1640282,0.5841347,1.4991994,0.8297183,0.66154695,0.1328258
1.2668685,0.97923803,1.0950742,0.8713421,0.2844664,0.10550768
1.3633059,0.81928504,1.3985486,0.7512991,0.26804098,0.15317108
1.2146213,0.5280417,1.2035098,0.7736869,0.27771226,0.14338812
1.3977696,0.45891717,1.1599276,0.79240793,0.25694638,0.13701588
1.6467687,0.6971102,1.2937927,0.72607255,0.1925398,0.1568806
1.4008652,0.8071121,1.456178,0.7281501,0.28030476,0.16909344
1.2302247,0.87184167,1.4349606,0.8006379,0.4413012,0.15171663
1.4025779,0.5065824,1.4155769,0.7319447,0.25402078,0.155701
1.2811131,0.651126,1.3377247,0.6908189,0.115299374,0.17180881
1.6384404,0.97912234,1.5076301,0.753797,0.2507373,0.14963451
1.4808403,0.62911665,1.3066916,0.7702575,0.34754452,0.14554472
1.4380312,0.76876146,1.4152701,0.8473141,0.5951874,0.12276536
1.5932789,0.635555,1.5716975,0.8367069,0.50242835,0.124154605
1.3504076,0.7650827,1.3053751,0.8068617,0.36834115,0.13975655
1.3067826,0.7797886,1.6954596,0.8531057,0.4332503,0.11608914
1.411563,0.47680748,1.2702167,0.78282833,0.403304,0.14151064
1.6599226,0.8951543,1.3381102,0.78861696,0.4089226,0.13827676
1.0723337,0.79706055,1.2082946,0.73620176,0.18319303,0.15129976
1.3238541,0.9328691,1.2856021,0.8186453,0.43378386,0.12774262
1.3510075,0.64379364,1.4268525,0.71295583,0.14858904,0.15528198
1.3591664,0.96370083,1.4897797,0.7972237,0.44640034,0.13487998
1.4505056,0.6740564,1.333986,0.7743828,0.3320477,0.14730194
1.9342828,0.91490877,1.729069,0.7976511,0.116346285,0.11956341
1.6188657,0.6632918,1.698096,0.8732187,0.636801,0.10384333
1.677635,0.8606429,1.4622066,0.7867572,0.32225558,0.14690123
1.0111105,0.99418086,1.3499417,0.76984054,0.4067285,0.14741084
1.6785656,0.66565114,1.4613411,0.71736664,0.22468157,0.16851287
1.5350252,0.8953117,1.1910744,0.79511446,0.3327039,0.13360186
1.3433839,0.47262946,1.1687727,0.7720024,0.18319559,0.13702989
1.0764009,0.94974685,1.3798933,0.8087788,0.45755935,0.13691153
1.7025812,0.71956056,1.4171617,0.7805673,0.39771786,0.14383477
1.2924635,0.67095965,1.0393006,0.8388662,0.15785822,0.11417995
1.40232,0.44651133,1.3551528,0.6738228,0.08397765,0.17310508
1.7360373,0.72902024,1.4298732,0.7813574,0.3333134,0.14467381
1.209627,0.6414029,1.3510423,0.7764095,0.30908126,0.13857405
1.3395401,0.5412722,1.2015271,0.83769524,0.3567066,0.124785185
1.2984138,0.595694,1.2536924,0.7411177,0.11262504,0.14577407
1.1947669,0.6735219,1.5464087,0.79190737,0.24992208,0.12630561
1.4910998,0.50295174,1.0789905,0.8060878,0.12511857,0.11814536
1.2126297,0.902772,1.2466037,0.7996438,0.45846704,0.13814317
1.1508316,0.63333386,1.5479631,0.8502358,0.683374,0.12802844
1.6681435,0.939207,1.437468,0.75181204,0.30429447,0.15307853
1.385047,0.522969,1.1363451,0.80127984,0.20193528,0.12644571
1.3510606,0.49452943,1.109153,0.8145912,0.15703925,0.11951833
1.3145036,0.46659046,1.0597345,0.81823146,0.18156666,0.11735746
1.4911706,0.6332287,1.2231162,0.7903698,0.29698786,0.14336489
1.4125397,0.45679817,1.375951,0.8245444,0.38469368,0.12353348
1.70816,0.95064133,1.4031837,0.76574814,0.32001263,0.15322995
1.4677486,0.6180821,1.5636506,0.7841389,0.45000723,0.14896211
1.5381052,0.91924775,1.3829913,0.78264713,0.3080196,0.14422615
1.8477849,0.8303539,1.5684197,0.82631165,0.4628386,0.12864405
1.84315,0.7823335,1.3940489,0.76275635,0.30575812,0.15083097
2.0665586,0.92202944,1.2729566,0.74991375,0.24032728,0.15175347
1.9105198,0.8821749,1.1403608,0.8073185,0.27938157,0.13750626
1.8774916,0.7943417,1.8604856,0.8466868,0.08081825,0.08380618
1.3517581,0.70047283,1.4422607,0.7698303,0.31544212,0.14978583
1.3246646,0.5691404,1.2665582,0.76498073,0.330356,0.15499896
1.5252818,0.53649276,1.527354,0.7627239,0.33069408,0.14398424
1.5713159,0.59335864,1.3008976,0.7576482,0.34981748,0.15206653
1.3358067,0.47608343,1.1868677,0.82027465,0.38807878,0.12742683
1.5139048,0.6371942,1.5755045,0.7771261,0.43175817,0.15160036
1.5576075,0.5231478,1.1839805,0.8421349,0.40703803,0.11851949
1.6520668,0.89969766,1.0792768,0.8350642,0.21026762,0.11348168
2.089877,0.9330076,1.518585,0.80719715,0.39591342,0.14495789
1.6964836,0.93858415,1.5155966,0.75940233,0.13222754,0.1381088
1.1999183,0.6078539,1.1443318,0.80845505,0.29109672,0.12803692
1.6973594,0.62110794,1.2180994,0.7531471,0.1632434,0.14410222
1.4105222,0.6968842,1.7854383,0.8843518,0.67168593,0.09457967
1.1049566,0.9063478,1.3038192,0.7453401,0.22171754,0.15000875
1.3005353,0.4599835,1.4755225,0.7998304,0.4109543,0.14219442
1.598378,0.65791404,1.3940208,0.72833526,0.24234091,0.16310184
1.7990166,0.9320359,1.7194445,0.82104963,0.3073691,0.11838824
1.4688435,0.50911343,1.3996816,0.80002236,0.4772647,0.1372394
1.9054699,0.8955474,1.2504067,0.7787914,0.25999382,0.13818769
1.8312821,0.8501395,1.2968831,0.78132415,0.25721875,0.13857532
1.0942428,0.63209265,1.5150304,0.7909526,0.3366174,0.13932128
1.5980588,0.73774725,1.5843761,0.78354335,0.4056916,0.14812355
1.4541969,0.7949386,1.5360596,0.75586206,0.18602031,0.13820255
1.8574656,0.7345905,1.2165897,0.79303837,0.22738822,0.13223831
1.9091529,0.82364094,1.3021183,0.7690943,0.26781556,0.14437494
1.2256733,0.86629796,1.2609086,0.76447046,0.2509212,0.14676568
1.3750688,0.8466369,1.4174807,0.7756496,0.35980192,0.14658484
1.8248765,0.8378887,1.2382193,0.80288,0.33500066,0.13636176
1.3006811,0.7355952,1.373344,0.7292487,0.24962953,0.16127995
1.1820943,0.76409566,1.6563852,0.830018,0.5486538,0.115774535
1.6384267,0.9480035,1.5418427,0.7584824,0.33070403,0.15668006
1.660193,0.8757315,1.3891277,0.79923,0.42611945,0.13613805
1.6339486,0.8016677,1.5610592,0.80205446,0.48496798,0.13731602
1.7789366,0.83861625,1.3023074,0.7993464,0.3901209,0.13637303
1.1212373,0.84680814,1.1377878,0.82403916,0.28234893,0.12280244
1.7327769,0.90756106,1.4931717,0.8539918,0.63160473,0.12917514
1.320199,0.5917715,1.3748496,0.81669164,0.50836277,0.14288478
0.98776495,0.85358846,1.344125,0.79232806,0.36819887,0.1463787
2.0031543,0.8847637,1.3326118,0.77666956,0.2925111,0.13944891
1.4280697,0.6270039,2.0588715,0.92806345,0.12424759,0.05731189
1.0780765,0.8676663,1.3143947,0.7279952,0.21632561,0.16034617
1.1891243,0.6635405,1.2911828,0.7807063,0.29480886,0.14230828
1.40515,0.52438474,1.5437062,0.83138865,0.56115514,0.13559432
1.5236617,0.6566562,1.260114,0.79766005,0.35305774,0.13313377
1.249797,0.79940027,1.4147549,0.79510874,0.50297254,0.15134627
1.4831465,0.7313666,1.2606487,0.79289854,0.40154278,0.14011584
1.8043088,0.9786809,1.3145239,0.7614246,0.23893954,0.14933868
1.4828275,0.9858251,1.4298639,0.79272527,0.47160506,0.1404388
0.97744083,0.9231194,1.2500908,0.7747396,0.23537315,0.13871881
1.5585542,0.6846545,1.6317501,0.82727295,0.5992161,0.1253244
1.7312089,0.7343326,1.2927299,0.74011874,0.22245365,0.14749779
1.4057441,0.57585233,1.5615866,0.7596059,0.23383301,0.1427807
1.4076186,0.8349978,1.4050837,0.7854574,0.3107941,0.14158736
1.8803179,0.76563144,1.344898,0.7953834,0.44924897,0.13995907
1.3156658,0.7143419,1.3185055,0.79189014,0.43352976,0.1493468
1.4703134,0.74774075,1.0779687,0.81396204,0.17551008,0.11942358
1.8488454,0.90700996,1.4722235,0.76438606,0.29765978,0.1430489
1.2760217,0.9241332,1.2804937,0.7673259,0.22957514,0.14212236
1.5505468,0.57772565,1.347508,0.812159,0.3785618,0.13507159
1.2233016,0.7317453,1.4993117,0.7672112,0.34902182,0.14031714
1.4554356,0.5410636,1.09968,0.7987514,0.1665896,0.12303961
1.492583,0.49932092,1.2240188,0.8026265,0.3457641,0.1352467
1.1456088,0.82461876,1.189616,0.78698105,0.19166751,0.130332
1.4615635,0.83406633,1.1952782,0.7928221,0.2864003,0.1393211
1.8012259,0.8956023,1.5765316,0.80955404,0.63375807,0.12842742
1.551979,0.7924986,1.2552602,0.7461045,0.20564221,0.14823247
1.6197507,0.72419554,1.4409723,0.7262759,0.21503256,0.15664306
1.34975,0.53582686,1.4665463,0.76084405,0.35576087,0.15140903
1.8886932,0.7564904,1.3272271,0.76613104,0.29153684,0.15006194
2.049202,0.97366333,1.3114178,0.6925398,0.13097419,0.1689779
1.9176917,0.82726735,1.1083077,0.82113343,0.29747778,0.12540266
1.5005987,0.52514964,1.3880286,0.7759112,0.29643282,0.13627231
1.7633321,0.67337936,1.224899,0.711928,0.14292479,0.15836802
1.2933519,0.74499536,1.212668,0.79653317,0.30177614,0.13404341
1.2292541,0.7900673,1.2170198,0.78874457,0.4287126,0.1416695
1.3799144,0.5348792,1.0320789,0.8222286,0.1452847,0.11206245
2.0379739,0.9058868,1.2794733,0.75853765,0.27776697,0.14784086
1.2023141,0.6916367,1.3032241,0.74243283,0.23658244,0.15612215
1.3537632,0.6620964,1.4323108,0.74919224,0.3501839,0.15189618
1.4463216,0.6057252,1.263613,0.7431678,0.16589063,0.15557557
1.5500405,0.804437,1.3570628,0.7925504,0.50430566,0.14847058
1.604871,0.7481573,1.3260136,0.75921696,0.29290202,0.14926955
1.7262443,0.7093921,1.2104683,0.7569084,0.19469056,0.14243019
1.3399413,0.8846797,1.786576,0.84541565,0.21550623,0.09926929
1.2177932,0.6310255,1.4927392,0.80462503,0.45809314,0.14065616
1.0537577,0.96428496,1.3721058,0.6903578,0.066967696,0.16522719
1.9000279,0.9279752,1.1835053,0.76955676,0.22107145,0.14294755
1.3716711,0.80125916,1.4387608,0.88099545,0.5373589,0.10235622
1.3811231,0.49312818,1.0597742,0.81064063,0.107194915,0.11557997
1.2401092,0.6472807,1.392391,0.83587664,0.64218354,0.14307226
1.1597725,0.5975937,1.1486323,0.77049345,0.16904196,0.13448606
1.6175847,0.77598125,1.3613474,0.74067867,0.29471678,0.15604107
1.3902537,0.5634835,1.3472183,0.8014159,0.5062147,0.13946588
1.7113923,0.70316094,1.4824905,0.8043327,0.36731002,0.13773632
1.5239302,0.6690626,1.0705492,0.8104721,0.09207495,0.11262499
1.6671647,0.97286785,1.1368816,0.81459475,0.25799948,0.12728572
1.5493761,0.536881,1.3019495,0.77535117,0.33033496,0.14341925
1.2667136,0.9655608,1.684711,0.80769634,0.2635821,0.12776664
2.0137482,0.8772633,1.46116,0.7940145,0.37389758,0.13931856
1.2397959,0.9840662,1.3614159,0.74500716,0.25398967,0.1527014
1.4353938,0.5711512,1.0852351,0.791615,0.09798932,0.119723484
1.2479072,0.7975045,1.4831383,0.7123255,0.10971751,0.15556301
1.0124968,0.9593943,1.1215189,0.79271024,0.15582787,0.12724392
1.6908318,0.8002495,1.3510532,0.78067136,0.35420972,0.14219902
1.6885234,0.8994371,1.1817641,0.7907729,0.3565978,0.13716586
1.9524697,0.8247265,1.388782,0.77730423,0.38048428,0.15314068
1.6993283,0.80787414,1.2392881,0.83128047,0.3773941,0.12954772
1.6594055,0.8791221,1.1563237,0.76252747,0.08898265,0.13074306
2.008579,0.9370524,1.2115254,0.79993546,0.3188292,0.13371341
1.4957331,0.51161575,1.2655699,0.77628183,0.25683057,0.14039284
1.9439961,0.9193539,1.1808419,0.78827894,0.29953566,0.13970667
1.9615076,0.8431817,1.2620032,0.7342976,0.19106907,0.15513258
1.8040609,0.84091073,1.2038746,0.74394095,0.16682304,0.14688316
1.3392085,0.866262,1.5804462,0.8310771,0.5480298,0.12830016
2.038612,0.9718904,1.374212,0.7907033,0.4209411,0.1482294
1.2306123,0.7066544,1.197948,0.7591901,0.18399389,0.14483249
1.5406691,0.8913428,1.4361851,0.7711924,0.34980586,0.15165064
1.5875427,0.6925208,0.98789907,0.8418121,0.1828262,0.11284429
1.6590437,0.976192,1.3096862,0.8694113,0.5923745,0.11102401
1.6165086,0.752812,1.240459,0.78083444,0.31150243,0.1400557
1.7271066,0.7059485,1.418385,0.7036867,0.15546104,0.16300057
1.8255377,0.81407523,1.3156207,0.7396449,0.18936673,0.15280257
1.0098754,0.8291114,1.3029411,0.77143955,0.20338917,0.14277801
1.0217046,0.8554752,1.6475992,0.7969573,0.38236406,0.136153
1.3677086,0.64675903,1.4964693,0.7953208,0.38258442,0.14662917
1.2673293,0.6230696,1.2867467,0.73151267,0.28553218,0.15633799
1.9570708,0.9109471,1.2662435,0.770483,0.24071203,0.14365262
1.6917295,0.8179576,1.3286133,0.74530375,0.25381723,0.16165267
1.4253402,0.8202604,1.4908032,0.7747681,0.45813715,0.15511672
1.3929471,0.6967205,1.1961818,0.82060117,0.3391496,0.1290314
1.2270745,0.9095946,1.4709418,0.7656849,0.29074597,0.15366869
1.7230307,0.6501674,1.1540556,0.7712987,0.17983493,0.13551642
1.4487945,0.82534236,1.4027958,0.7213727,0.16177778,0.1642118
1.3183988,0.49466324,1.3847342,0.7766496,0.31132522,0.14762816
1.5124469,0.5722039,1.4053776,0.7616496,0.23621157,0.14309551
1.1999241,0.94102055,1.899049,0.897788,0.49316233,0.08864036
1.5499166,0.6203239,1.2654264,0.7693083,0.26760137,0.14190055
1.1903807,0.70066434,1.338727,0.8042993,0.42096978,0.13011248
1.711674,0.96602404,1.2650311,0.7670353,0.22484931,0.14039692
1.209619,0.8274544,1.2773106,0.8054217,0.47241756,0.13594818
1.0937303,0.7493343,1.4019597,0.71322024,0.1686897,0.16339302
1.7594515,0.6701144,1.6898458,0.8116906,0.35907868,0.12900825
1.187569,0.5790235,1.2241127,0.9034063,0.7486134,0.11039489
1.9232054,0.95851576,1.4951017,0.82776016,0.51508045,0.12430068
1.3937752,0.64608014,1.3063214,0.7649429,0.3428496,0.14796747
1.2172265,0.6529063,1.3721693,0.7917829,0.3371838,0.14249413
1.3573116,0.93961996,1.3222964,0.7672074,0.37064752,0.15151489
1.2682089,0.7742862,1.4253769,0.72688127,0.27840713,0.15714417
1.8207759,0.9977052,1.6901829,0.8441337,0.6290232,0.12160747
1.7374746,0.84681994,1.3527746,0.7275236,0.280257,0.16057989
1.2635788,0.8034102,1.752521,0.8211469,0.36853722,0.123166345
1.1973021,0.72239256,1.2209785,0.76209116,0.19427852,0.13805152
1.4348058,0.4856103,1.3521669,0.84875864,0.68744016,0.1272374
1.5566735,0.84929794,1.4607074,0.7497919,0.27988037,0.154887
1.6768206,0.655985,1.5221016,0.80338264,0.48151246,0.13522264
1.660564,0.61629426,1.3880842,0.76637673,0.3879305,0.14832352
1.4360702,0.81204927,1.528503,0.7910538,0.28347364,0.1372312
1.5221397,0.9249553,1.335207,0.7692089,0.35831866,0.14723943
1.696033,0.7291906,1.2264421,0.75503683,0.25768116,0.14652759
1.3003175,0.81585366,1.3557134,0.6891259,0.061917454,0.16799152
1.2401103,0.75549597,1.4149415,0.7224676,0.1901619,0.16051684
1.5199769,0.50612444,1.3140976,0.7578315,0.2185855,0.1516761
1.5952075,0.9104274,1.1850648,0.7917241,0.22506973,0.13131265
1.5826557,0.5859685,1.4533119,0.7502366,0.3326818,0.15528303
1.7881738,0.70604736,1.3211799,0.7893529,0.3594733,0.13486557
1.4272591,0.95001197,1.445287,0.8185654,0.5210296,0.15550911
1.8964201,0.9025511,1.4993896,0.78471214,0.37600836,0.14033146
1.1342573,0.7540607,1.4143367,0.7156162,0.13869852,0.16240965
1.2746451,0.47248924,1.1490563,0.7959271,0.21922927,0.12909412
1.4563463,0.6231737,1.3182068,0.79775566,0.46522036,0.14146024
1.4667234,0.599475,1.2752054,0.7529625,0.16423918,0.14843316
1.4604975,0.60771805,1.4267278,0.79628193,0.36115825,0.1471316
1.4021583,0.7345266,1.2198932,0.8326132,0.3884843,0.12155958
1.119698,0.9458858,1.3957474,0.68382597,0.10558238,0.16812876
2.044909,0.9450303,1.4899392,0.789247,0.36613446,0.13586105
1.6244683,0.76145685,0.9452971,0.85094064,0.12994486,0.10245536
1.8283926,0.9795618,1.2830701,0.69222724,0.043936864,0.15762581
1.7614095,0.7161445,1.565829,0.76115835,0.3013419,0.14101435
1.2096837,0.73110574,1.2788982,0.79951185,0.33353642,0.13535184
1.2998049,0.46119082,1.2506318,0.72110844,0.21130717,0.15742156
1.2936083,0.5322215,1.4399602,0.837126,0.6422204,0.1438213
1.3850399,0.53039277,1.1749773,0.7605962,0.14009778,0.13870381
1.4491313,0.60837996,1.3684921,0.68713117,0.1298921,0.1708877
1.335124,0.7373529,1.1444368,0.7810447,0.265508,0.13667133
2.0564263,0.9286672,1.2111206,0.7479043,0.14632565,0.14351797
2.097383,0.9640006,1.1474028,0.8159572,0.3493968,0.13370858
1.8650433,0.8962044,1.279665,0.7726754,0.30160123,0.14165261
1.4779165,0.792628,1.3043032,0.74403024,0.24416703,0.15528037
1.7950318,0.71535033,1.4060016,0.7618472,0.26843363,0.14739212
1.2877731,0.56881213,1.3663139,0.7402841,0.37865913,0.16190977
1.5778224,0.5935298,1.25472,0.7960886,0.4525072,0.13931496
1.8665406,0.7963081,1.39589,0.7708926,0.2970871,0.1454093
1.4573172,0.55627453,1.3111615,0.7333977,0.14726068,0.15530103
1.3743957,0.62435627,1.2938042,0.73302007,0.19492804,0.15177669
1.4998815,0.7296399,0.9819577,0.8620754,0.08502696,0.09282264
1.6143951,0.9401007,1.4810843,0.80280685,0.5490428,0.1440206
1.2561918,0.50564,1.7510324,0.8641784,0.5276702,0.10704697
1.386719,0.6813972,1.0830562,0.78579247,0.08930577,0.12019417
1.250967,0.88212526,1.2610524,0.78276706,0.2413166,0.13614997
1.5247527,0.508236,1.9020221,0.8643487,0.11100388,0.08028319
0.977898,0.9892763,1.4087446,0.74169195,0.32646954,0.16541326
1.629237,0.7498109,1.0473268,0.84199077,0.211465,0.11167537
1.9977177,0.873526,1.3723638,0.77039003,0.34204015,0.14481845
1.5798697,0.604158,1.2878177,0.7736126,0.339928,0.1418296
2.027254,0.95854384,1.3138185,0.717134,0.1986809,0.1614233
1.5904492,0.64891964,1.2426198,0.7167683,0.097599335,0.14915311
1.944745,0.8941527,1.377531,0.7012994,0.11650532,0.16391261
1.4697883,0.78404504,1.4595759,0.7597128,0.28078356,0.15303929
1.958212,0.98445386,1.1951735,0.7755794,0.22895083,0.14282285
0.9271649,0.95336485,1.5812151,0.7911645,0.3050968,0.1334247
1.8704091,0.88267493,1.0966218,0.82413924,0.23950808,0.11986172
1.6053547,0.79636914,1.2861512,0.8188377,0.30515578,0.12731755
1.0577296,0.86257434,1.3789783,0.7855025,0.3528229,0.14956954
1.1348805,0.88839334,1.316941,0.75363946,0.24820583,0.14818086
1.4780225,0.87629515,1.4331443,0.7489687,0.33321813,0.16395395
1.030428,0.79027283,1.1676339,0.8124275,0.33160362,0.13022906
1.6902655,0.8095865,1.2601604,0.788977,0.34956565,0.137224
1.8083467,0.7464209,1.302115,0.7938166,0.5225146,0.14142251
1.5482595,0.91777104,1.3498824,0.73351336,0.20564431,0.16015817
1.5732768,0.9916823,1.5444665,0.74684197,0.3132247,0.14395872
1.810021,0.90423745,1.3129928,0.77225137,0.33527213,0.14753248
1.406891,0.47617972,1.2679622,0.7558466,0.22353855,0.148337
1.298682,0.6851272,1.3099453,0.7780653,0.3164172,0.14952835
1.2641084,0.83330387,1.3682864,0.7699907,0.2760451,0.14668271
1.2030064,0.6731234,1.1554961,0.7976892,0.2130305,0.12911548
1.1717174,0.54866105,1.3904805,0.79755646,0.5101461,0.14497654
1.1090105,0.6180221,1.2691538,0.8136253,0.36021593,0.13479526
1.7068529,0.7568915,1.2653503,0.7106025,0.10215139,0.15755244
1.9056958,0.8042662,1.3363743,0.73354805,0.1715872,0.1586775
1.1911521,0.70349485,1.503593,0.7895279,0.42601135,0.13890778
1.0828946,0.84855187,1.5263324,0.77959764,0.43247172,0.14400288
1.3495371,0.7803198,1.1360838,0.80213964,0.22464053,0.12296699
2.0377371,0.9260115,1.6285243,0.8267589,0.4573941,0.12727877
1.5120459,0.78667396,1.3397341,0.75876284,0.30010495,0.14989027
1.5969809,0.92925507,1.0153177,0.8004511,0.089087434,0.11443104
1.543646,0.5869491,1.3634737,0.7465731,0.3440161,0.15515801
1.3748956,0.6541738,0.9958873,0.82212883,0.08984055,0.10743371
1.5413015,0.6929325,1.5640914,0.8324552,0.5723837,0.11621505
1.9842682,0.876583,1.502111,0.7256583,0.09395189,0.14643979
1.226211,0.67596406,1.39698,0.73947597,0.22606684,0.14823972
1.8346498,0.88755673,1.3010643,0.7128038,0.13486806,0.16142175
2.0744593,0.9740445,1.2510908,0.7697252,0.24562003,0.14316475
1.8586013,0.8183771,1.2941775,0.80787414,0.35937762,0.13154016
1.261717,0.8629512,1.2927406,0.68361187,0.047028206,0.1622967
1.2264594,0.5564803,1.1249716,0.821395,0.2740043,0.12510945
1.2319101,0.5496383,1.511584,0.7808014,0.31735405,0.14544323
2.0400257,0.97350496,1.3835511,0.760977,0.28692192,0.14937694
2.016796,0.8704896,1.5769796,0.8273013,0.4038214,0.12718005
0.94108254,0.99936086,1.3176317,0.70658803,0.18822913,0.16702256
1.5584829,0.5999923,1.3314106,0.79703337,0.4222809,0.13382645
1.6071744,0.74888253,1.0827898,0.80275786,0.1300151,0.114253104
1.1703653,0.94619465,1.2330191,0.73926824,0.13970925,0.14693399
1.2959318,0.49427325,1.3220916,0.7750584,0.3118766,0.14285025
1.8320258,0.9423187,1.3459578,0.78971887,0.5055762,0.14997424
1.4588629,0.9684444,1.3348794,0.7264006,0.1604291,0.15690312
1.6934954,0.9740768,1.4491162,0.752808,0.3221881,0.15480834
1.584563,0.80225164,1.4834559,0.79089177,0.38722908,0.13997221
1.6375692,0.7058519,1.5133827,0.8502458,0.51962847,0.11459009
1.2760384,0.66371435,1.6760023,0.81653166,0.3868588,0.13084218
1.5019847,0.8048972,1.3091049,0.8047499,0.4547714,0.14016472
1.9462633,0.80753446,1.7513015,0.80528516,0.1823903,0.11627423
1.1672131,0.67893344,1.2684357,0.7540456,0.2446027,0.15611054
1.9418902,0.8068159,1.1885874,0.8140259,0.36674523,0.12991937
1.9573286,0.9360865,1.4731145,0.7853998,0.40792647,0.14642663
1.6499708,0.6762756,1.2864344,0.8178776,0.5419543,0.13544162
1.3327997,0.5970752,1.8563111,0.8654987,0.31009215,0.09866833
1.4087578,0.5394047,1.4828548,0.7806605,0.37377432,0.14235784
1.1402009,0.87627244,1.5376341,0.7651113,0.28439516,0.1472022
1.4900471,0.9933383,1.1503098,0.81230885,0.3489983,0.13224055
1.4770511,0.6955453,1.3682842,0.74042845,0.29208595,0.16159198
1.3136684,0.96501374,1.3503842,0.782043,0.3486963,0.15172274
1.2866064,0.76877517,1.475539,0.8099243,0.5504288,0.13775036
1.5105973,0.7907083,1.2727599,0.7091365,0.08814425,0.1593651
1.7246071,0.88145673,1.1844633,0.78742397,0.27522022,0.13673384
1.7888365,0.70565027,1.3641112,0.77209127,0.41506982,0.15169346
1.5778248,0.72864527,1.169167,0.7429908,0.06640129,0.1339092
1.4162053,0.5430182,1.261843,0.8092155,0.46859244,0.14212696
1.1090398,0.8602518,1.4867706,0.7490771,0.22785483,0.15132813
1.4237981,0.8587196,1.4207664,0.7353084,0.30138114,0.16501747
1.6571375,0.7548435,1.1604428,0.81108856,0.3128166,0.12375201
1.1059421,0.69291145,1.4368961,0.7610377,0.35880238,0.15924731
1.9006543,0.7852771,1.3233619,0.8348293,0.46933365,0.12643817
1.512145,0.974067,1.2913687,0.73262906,0.15815292,0.16433382
1.4512969,0.69189453,1.0486046,0.82545704,0.1426863,0.11076402
1.4884111,0.54427284,1.4531789,0.7704028,0.34314126,0.16451138
1.7610863,0.8438191,1.2101505,0.79391086,0.24373995,0.13341062
1.2180952,0.68216854,1.4868827,0.7811717,0.4091228,0.14706151
1.4494611,0.5113879,1.128577,0.8077815,0.28046548,0.12882145
1.2744362,0.45606777,1.4166787,0.69035906,0.08167363,0.16743474
2.0135098,0.89600587,1.3941054,0.7497728,0.29961672,0.15414526
1.4859517,0.59664977,1.1551783,0.80854124,0.2255535,0.12395037
1.6079161,0.904679,1.077369,0.80763024,0.1884006,0.12415088
1.9477459,0.86069036,1.1132572,0.8024023,0.2066673,0.12754752
1.5808026,0.78271055,1.290009,0.7613182,0.29638517,0.15070286
1.8740886,0.7690925,1.3439422,0.73665327,0.19006884,0.15485246
1.7970916,0.91308755,1.2931242,0.7980766,0.3003667,0.13061668
1.6608138,0.62787867,1.2074933,0.7385472,0.13835444,0.14550947
1.7442033,0.8112339,1.0326998,0.8221029,0.13138627,0.10780675
1.6885854,0.7996512,1.4346387,0.7927038,0.579085,0.14685468
1.3635122,0.46725795,1.33424,0.7636309,0.26867175,0.1513421
1.4302028,0.47795323,1.2566848,0.79831284,0.3484812,0.13385092
1.2839564,0.54634243,1.1078885,0.78405344,0.082070604,0.12315414
1.7709899,0.739129,1.5238597,0.8676572,0.71263534,0.10556628
1.4185501,0.88189876,1.5339153,0.82926285,0.5728432,0.13825034
1.6605581,0.74314195,1.3548961,0.793526,0.49353984,0.14796688
1.7115504,0.6654949,1.6113837,0.82688904,0.5218485,0.12577613
1.6464744,0.93855995,1.4209237,0.720629,0.1529988,0.1559551
1.0814345,0.9579204,1.1989865,0.7466307,0.1238978,0.14112954
1.1816962,0.58682954,1.2522912,0.74133724,0.20857076,0.15245867
1.3179089,0.5301466,1.3906708,0.7901012,0.46180537,0.1462321
0.9856245,0.9148865,1.5965419,0.7901685,0.32866046,0.13840543
1.4034702,0.66600657,1.2129467,0.820955,0.29797435,0.124935724
1.9444005,0.8772791,1.1491377,0.77812386,0.1554311,0.13078018
1.5868311,0.8080606,1.1727325,0.7485145,0.109556876,0.13876668
1.5737392,0.8493471,1.1367514,0.75601244,0.052253723,0.12999126
1.37462,0.4735024,1.1652465,0.7691338,0.1919101,0.13740698
1.6166456,0.94349,1.3645828,0.7555795,0.301803,0.14606181
1.3137099,0.6113661,1.3214767,0.7069317,0.1473838,0.16346633
1.520918,0.68825686,1.2652948,0.8370676,0.42944714,0.12563288
1.6764262,0.9381694,1.4619737,0.7766082,0.32757232,0.15747173
1.6151571,0.9923201,1.4099712,0.8019948,0.41898713,0.1406723
1.8163365,0.9086411,1.3725393,0.8054704,0.41333508,0.14273584
1.2749537,0.8336712,1.2374616,0.76867497,0.2415157,0.14461765
1.2071422,0.74094766,1.142153,0.81042963,0.20659196,0.124244295
1.1450795,0.9563583,1.2186372,0.77660197,0.20174631,0.13896827
1.5962709,0.8039758,1.2287576,0.7889437,0.23571248,0.13454302
1.5683008,0.6846888,1.3540254,0.79660064,0.38047424,0.13541038
1.3886728,0.6096167,1.2669919,0.76586664,0.29582894,0.14542282
1.6215248,0.89088446,1.4060647,0.7374759,0.251085,0.15953074
1.2750838,0.9179597,1.1781312,0.8011809,0.29391006,0.13264515
1.2773479,0.8391561,1.2964039,0.7551172,0.2247271,0.14733927
1.6117069,0.81559265,1.0935608,0.83841246,0.23115192,0.11288777
1.3935131,0.47193053,1.5092802,0.7973004,0.43008053,0.15351257
1.52197,0.86675584,1.3312716,0.7453704,0.17840664,0.15164274
1.4707612,0.9182481,1.2126546,0.7377372,0.17933218,0.153803
1.7768221,0.7842794,1.0964963,0.76411307,0.042464938,0.12038636
2.1059184,0.96052396,1.2489278,0.7641206,0.23518844,0.14614403
1.8430007,0.76600724,1.1720107,0.76911056,0.20149878,0.13706952
1.4510875,0.638704,1.3473701,0.7599792,0.2608615,0.1475358
1.8673034,0.9143354,1.4616725,0.82335037,0.61937326,0.14801417
1.8805127,0.7740575,1.4163575,0.76485825,0.24919549,0.13848011
1.5769352,0.77354527,1.5428069,0.76216877,0.16622849,0.1334784
1.5961009,0.7778873,1.3091342,0.7727539,0.24610658,0.14386007
1.5282493,0.648854,1.1315024,0.75261885,0.097914964,0.13598756
1.5353469,0.9121061,1.399677,0.7540326,0.28819418,0.15836069
1.3435582,0.75270975,1.3415065,0.7853807,0.30409005,0.14679815
1.9685621,0.8425151,1.4491496,0.8191888,0.461082,0.14411637
1.173297,0.9541292,1.541126,0.74975467,0.2187345,0.1432888
1.7066157,0.6858616,1.0789449,0.812924,0.24736392,0.12562844
1.294292,0.9241565,1.341371,0.77463543,0.2946813,0.14319365
1.6564398,0.6105224,1.2625713,0.784975,0.24186759,0.13839178
1.2135712,0.8910574,1.5152154,0.7802514,0.4656879,0.15007827
1.4030106,0.8612186,1.2710924,0.7561861,0.29417834,0.14792888
1.5594506,0.79286546,1.4788225,0.7683897,0.25741053,0.14113133
1.5027653,0.5833228,1.5100927,0.81402135,0.49220955,0.13497522
1.1122952,0.8361354,1.3530989,0.75573826,0.26670146,0.15137933
1.3034972,0.5200104,1.3297365,0.79516834,0.41154236,0.13643591
1.2675264,0.53491324,1.4337027,0.72280365,0.17325757,0.15483299
1.7170631,0.82843584,1.1110365,0.79156077,0.17859402,0.12593938
1.3202448,0.55310076,1.153478,0.8173961,0.25347915,0.11943792
1.6785188,0.80454654,1.3141913,0.77533007,0.34151217,0.1467554
1.6076338,0.59525937,1.4480288,0.7970049,0.5332702,0.13823347
1.6275895,0.874768,1.3650401,0.7266582,0.18368569,0.15393613
1.928613,0.88328046,1.5273457,0.7884446,0.6099358,0.1626276
2.0410264,0.8870445,1.5421953,0.75689685,0.23672813,0.1509117
1.08952,0.6946355,1.3481598,0.7634678,0.31944966,0.14790949
1.1428983,0.7940063,1.0515069,0.835857,0.23662913,0.11953375
1.9966574,0.8523844,1.3056366,0.7626729,0.31647858,0.15671362
1.7075781,0.9690943,1.3344529,0.7299,0.27863377,0.15513441
1.3540308,0.89734614,1.4714582,0.7467021,0.30951574,0.16007367
1.6537254,0.8502018,1.2935038,0.70862347,0.12997799,0.1660592
1.3300364,0.5663442,1.2474446,0.7466127,0.18371008,0.15034567
1.6159171,0.85763144,1.0560107,0.8054915,0.11473604,0.117481634
1.2542629,0.6429621,1.3782353,0.8428474,0.4824314,0.11537463
1.7470495,0.8010945,1.3204806,0.78998506,0.31554794,0.1395317
1.6065003,0.8823615,1.4547,0.7967765,0.54023176,0.15223853
1.788473,0.9339345,1.3728707,0.76253426,0.47428283,0.15620321
1.338568,0.5351117,1.1226163,0.7923432,0.14114906,0.12581433
1.2960857,0.9242694,1.2048235,0.8190755,0.33485028,0.12732416
1.6941849,0.74651617,1.4065337,0.7031468,0.1827749,0.17597991
1.8839372,0.81188387,1.3875859,0.81694347,0.39331967,0.1315829
1.5528637,0.7016163,1.3989251,0.76341355,0.3361541,0.15509361
1.7678481,0.7078498,1.4260998,0.71733105,0.119633086,0.15545048
2.1006954,0.99854016,1.2045858,0.76165694,0.2519489,0.14453816
1.0055102,0.84329635,1.3229089,0.8095886,0.36289823,0.13734387
1.3074657,0.6510976,1.576426,0.7929744,0.4295273,0.14037298
1.5460397,0.60119027,1.0781772,0.77701104,0.08772358,0.12315416
1.405528,0.52131456,1.5848472,0.80405265,0.42463747,0.13336973
1.481023,0.5079459,1.2446945,0.7258995,0.08589957,0.14605284
1.6393528,0.83526754,1.5373826,0.78517485,0.29715738,0.13972531
1.7217827,0.7804233,1.5511467,0.839898,0.64989084,0.12873815
1.4578462,0.8185963,1.2854896,0.7667017,0.25321484,0.1454048
0.9730782,0.85618705,1.2154784,0.7864167,0.24033259,0.13946609
1.3870485,0.55704874,1.370023,0.7444745,0.2824402,0.15511936
1.6658794,0.59496737,1.3245492,0.7539948,0.24139553,0.14932063
1.4370596,0.5922403,1.4722502,0.82210773,0.54621357,0.13904485
1.5142424,0.5208971,1.1686403,0.7975046,0.23726335,0.13165158
1.7723817,0.8782183,1.3072655,0.75134516,0.19728465,0.14474331
1.711288,0.6506191,1.3197126,0.7591459,0.30338773,0.15046085
1.0518624,0.7429142,1.6037214,0.78256035,0.2746926,0.14288667
1.8610913,0.8703074,1.5673862,0.7738221,0.3662401,0.15403588
1.6309268,0.8826798,1.1584458,0.7814287,0.19276586,0.1376041
1.1861992,0.9932968,1.4916329,0.7747452,0.38890916,0.13988213
1.9923012,0.9861118,1.0996013,0.7966557,0.22324383,0.12746662
1.278195,0.93280244,1.530705,0.7979406,0.45878997,0.14015523
1.2714915,0.83484304,1.3448181,0.7301867,0.26507685,0.15908204
1.1550449,0.7003471,1.2678235,0.81325555,0.29733008,0.12937798
1.7301732,0.8262962,1.4357631,0.750535,0.21571413,0.15751208
1.7553856,0.79947,1.369214,0.7200448,0.17533529,0.15636967
1.280433,0.69952345,1.5209246,0.7381929,0.21268904,0.14637788
1.2246137,0.5121423,1.1647272,0.81362194,0.3628232,0.13228023
1.414115,0.61471164,1.5488043,0.7969251,0.48482612,0.14239652
1.3830527,0.51029694,1.3254323,0.7864426,0.29337144,0.14029254
1.5331073,0.6167911,1.355515,0.7622621,0.26558647,0.14754714
1.9926883,0.99254584,1.2487626,0.7323005,0.14093123,0.14790864
1.6375321,0.9337901,1.1809866,0.80132806,0.26429892,0.13053818
1.3989563,0.58678776,1.3082864,0.7294738,0.21869117,0.16370101
1.6102034,0.99483347,1.2591333,0.72166705,0.11643198,0.15249012
1.6963515,0.6674025,1.380681,0.77706987,0.3597388,0.14298348
1.2234122,0.79094744,1.1515907,0.8076363,0.38185537,0.13242826
1.1841928,0.68062717,1.3393521,0.8431375,0.5495444,0.1316182
1.9160397,0.9774277,1.3981786,0.7808366,0.38710463,0.14482461
1.0871135,0.7597319,1.3555982,0.761659,0.3468743,0.15277681
1.7071893,0.77103406,1.703022,0.7805322,0.031094812,0.114855275
2.0303981,0.99265486,1.4391413,0.7556019,0.26863983,0.1457712
1.8706503,0.8239993,1.5202327,0.8056498,0.49579218,0.14190638
1.672974,0.70068073,1.1233995,0.81461924,0.28684098,0.12529527
1.6551313,0.7139069,1.2251122,0.7717943,0.21022336,0.14108309
1.8321517,0.7859735,0.9780187,0.8540885,0.115976155,0.10099936
1.7340761,0.6413572,1.4766212,0.75864244,0.43830517,0.14939216
1.6608739,0.6005037,1.2964611,0.6786286,0.040393814,0.16301326
1.7062359,0.918723,1.4330132,0.79636556,0.42829728,0.1479569
1.3160813,0.733076,1.0733116,0.8048732,0.14459154,0.119284265
1.7311456,0.6677014,1.2414615,0.8012032,0.29475412,0.13285387
1.2369611,0.8461501,1.1949162,0.76581705,0.15409264,0.1345287
1.3980645,0.98827887,1.2381604,0.79374444,0.26324087,0.13470306
1.4593112,0.55275965,1.4622302,0.7738661,0.460172,0.15388782
1.0591779,0.8235906,1.2584264,0.76589173,0.32223752,0.1509033
1.2907616,0.6069106,1.2636638,0.777022,0.28557494,0.1379814
1.8784667,0.9958211,1.3850572,0.8167462,0.51805776,0.1463148
1.835017,0.7302132,1.3247361,0.7846003,0.32249126,0.13984925
1.4210166,0.9135052,1.4999173,0.7752913,0.33270487,0.15519658
1.2318478,0.59277785,1.3893352,0.7926099,0.41319543,0.14248195
1.076768,0.9628206,1.2486856,0.7816076,0.27453423,0.13942096
1.9314117,0.9311451,1.3962336,0.79141015,0.41696715,0.14748128
1.0960586,0.75858843,1.1705906,0.7892024,0.3030596,0.13517879
1.2870239,0.45416182,1.1920996,0.79393756,0.38616675,0.13647479
1.5217382,0.62227976,1.7244031,0.8583048,0.5275193,0.11897967
1.5364197,0.970388,1.2845795,0.7790649,0.24900672,0.14356036
1.3302944,0.62918735,1.4126108,0.73114043,0.19938606,0.1665639
1.9781295,0.9789308,1.1600623,0.8011691,0.24916425,0.12964669
1.4376088,0.64703506,1.1291379,0.7575841,0.08550893,0.135442
1.2804732,0.54605484,1.4066393,0.7260508,0.27672783,0.16061364
1.272622,0.7663894,1.331959,0.836275,0.646051,0.13001963
1.6088698,0.92506254,1.259166,0.7882447,0.35150188,0.14277156
1.6614718,0.954831,1.2535057,0.7843846,0.25022867,0.13379368
1.3435483,0.76911384,2.0116878,0.93676287,0.5984926,0.06738399
1.4005312,0.5969993,1.0965837,0.8238351,0.25647336,0.12657484
1.2671317,0.8815086,1.4834838,0.88622737,0.68952787,0.113991186
1.4597788,0.85174745,1.6183949,0.78265697,0.31618845,0.14116015
1.5536349,0.9925418,1.3231993,0.7606011,0.20137143,0.14304464
1.3849745,0.78935933,1.4608428,0.7747159,0.3988524,0.15140143
1.5711119,0.5726998,1.441736,0.7943812,0.44973952,0.14364342
1.6051672,0.67456317,1.5553925,0.80805594,0.41687208,0.13788268
1.7300705,0.7658776,1.3714199,0.777444,0.3564661,0.15212703
1.4401333,0.5238203,1.3230677,0.80109674,0.40131035,0.14710996
1.5062534,0.55022,1.7777019,0.8502573,0.6198692,0.11215351
1.4274615,0.72273433,1.2311146,0.8190605,0.35721767,0.13602966
1.8309937,0.78350526,1.3760562,0.7294856,0.27428454,0.16113429
1.0408623,0.8130611,1.443923,0.7234378,0.21883461,0.15666908
1.671064,0.99189955,1.2586842,0.7953761,0.29372978,0.13555318
1.4551508,0.6770288,1.147836,0.82973546,0.28531376,0.12188173
1.1163859,0.72828513,1.2323859,0.8079123,0.36092997,0.13919441
1.6124365,0.627976,1.1356889,0.7982038,0.2705693,0.12648639
1.4302583,0.7732456,1.5167236,0.76252455,0.2641179,0.14366853
1.9225334,0.9908825,1.3389578,0.7386348,0.20834288,0.15612516
1.0650014,0.902568,1.7071393,0.84573275,0.53939396,0.11780581
1.2414167,0.9191349,1.3579624,0.7409558,0.30950484,0.15527536
1.2900925,0.8395836,1.29352,0.74653417,0.2354285,0.14881927
1.0910757,0.7686816,1.2040341,0.81657857,0.39586544,0.14010186
1.3411372,0.4140406,1.1955829,0.74955094,0.12059342,0.14039212
1.3462044,0.6747693,1.6966052,0.7864197,0.14236365,0.117140606
1.4784948,0.8654082,1.5001409,0.76977295,0.38597482,0.14133239
1.2265569,0.7801989,1.6726501,0.80375594,0.2717815,0.12807089
1.8167447,0.98426634,1.2799013,0.8315461,0.45138708,0.12729321
1.6671228,0.7012907,1.0926193,0.7714139,0.059003636,0.11919706
1.2045317,0.79657954,1.2243419,0.7741585,0.251866,0.14185268
1.6473787,0.76814884,1.3511522,0.78397477,0.50803304,0.15793224
1.2371634,0.6423899,1.2909331,0.7342242,0.18821567,0.15377066
1.5205759,0.58679813,1.3443387,0.779291,0.3526081,0.15355101
1.306139,0.7573183,1.17272,0.7715124,0.19264503,0.14120902
1.2864071,0.9198033,1.2321146,0.770298,0.27554944,0.13817872
1.3321934,0.97148997,1.2890534,0.7667986,0.25480697,0.14146112
1.2298019,0.5682894,1.1763475,0.7562838,0.14127101,0.14191988
1.5658085,0.82408214,1.3443065,0.79609865,0.4627625,0.14718367
1.3365217,0.76419675,1.3673432,0.81173354,0.506187,0.14170046
1.3860614,0.4752866,1.3938212,0.76857275,0.53190595,0.15894315
1.4128306,0.64225227,1.4327514,0.8205529,0.6686495,0.15207462
2.1212144,0.98630863,1.5289211,0.76615715,0.37197423,0.15426464
1.3068845,0.9540354,1.3317103,0.7114078,0.17754707,0.16207284
1.2146612,0.5437888,1.3287611,0.6773269,0.06843935,0.16637252
1.3108733,0.784453,1.4343395,0.796241,0.3169496,0.1415877
1.513118,0.51425153,1.3065965,0.71140957,0.18080407,0.16452567
1.8043679,0.80593187,1.2730105,0.78534305,0.2962467,0.13725856
1.7804188,0.8506174,1.5367298,0.7450249,0.19138385,0.14596814
1.4816055,0.86314845,1.4099166,0.7332387,0.2702101,0.15991499
1.7110695,0.639985,1.1474671,0.8096774,0.2940402,0.1249604
1.5194186,0.7229966,1.357476,0.79586416,0.42203206,0.14916578
1.4621089,0.64174587,1.2305841,0.76296043,0.2648412,0.14829926
1.2872535,0.8119966,1.3069525,0.6980133,0.089858264,0.16275175
1.6782522,0.68298864,1.4851663,0.7945846,0.37309018,0.1316357
1.6050429,0.6011273,1.2475998,0.7439083,0.18633088,0.14850672
1.645102,0.60651,1.3266501,0.74780035,0.19143113,0.14630394
1.2058861,0.6732068,1.4586833,0.7642684,0.25276673,0.14538066
2.0129764,0.8896788,2.0865142,0.94998497,0.19110535,0.05509021
1.5940946,0.55589867,1.2145231,0.7939107,0.24824446,0.13532823
2.01756,0.8782043,1.1057515,0.85920995,0.28086644,0.11744225
1.090412,0.8643653,1.5411866,0.7496919,0.11803143,0.13551363
1.7293366,0.71524984,1.3541079,0.8055658,0.49991053,0.14253889
1.2462772,0.6543669,1.3754807,0.69045997,0.105625995,0.16950656
1.600315,0.79226005,1.3454666,0.7970119,0.39505205,0.14533547
1.6824911,0.71486723,1.4648945,0.7701248,0.3117095,0.15401603
1.3223419,0.606195,1.1759443,0.77230674,0.20739229,0.13749859
1.5742761,0.58363295,1.4164219,0.78895766,0.4082064,0.14991485
1.3441468,0.50219893,1.1815631,0.7434931,0.12914006,0.14505348
1.2371925,0.70013297,1.4181569,0.7910919,0.4025342,0.14339225
1.2868716,0.6004062,1.5514724,0.8235521,0.64601916,0.14841968
1.1573311,0.83821124,1.3517559,0.69201595,0.10030307,0.16671173
1.081315,0.86129415,1.3239441,0.8010567,0.36329958,0.14146759
1.5801816,0.6733978,1.5115216,0.7548419,0.30052236,0.14854157
1.9341966,0.8413609,1.2222626,0.7788455,0.23714375,0.14059806
1.7976819,0.98890704,1.5516133,0.80708003,0.43735883,0.13540708
1.6383463,0.5790801,1.4445765,0.75834894,0.3686163,0.15363063
1.7781768,0.73094237,1.2385378,0.78681207,0.28682634,0.14089544
1.7382967,0.706781,1.5301299,0.7911787,0.38474837,0.14231391
1.6332685,0.9478242,1.4027107,0.7341563,0.32807583,0.163222
1.5873227,0.75365585,1.1735425,0.7616788,0.17071173,0.13818605
1.3553606,0.56147337,1.1646419,0.8260001,0.29188317,0.12507701
1.829792,0.90651244,1.5696914,0.8001278,0.432522,0.14113788
1.5672385,0.6794182,1.7053411,0.81977004,0.42631763,0.13219917
1.905939,0.7922342,1.2895756,0.7941782,0.3020381,0.13740516
1.196983,0.59654874,1.1956799,0.8118888,0.24558501,0.12632658
1.344273,0.61465716,1.6206403,0.77129763,0.26796162,0.13972014
1.7264456,0.7599537,1.2892668,0.79360116,0.35107592,0.14179103
1.5435565,0.8327822,1.3707576,0.75272214,0.29030874,0.14651878
1.5797617,0.97356224,1.6704049,0.794782,0.33654177,0.12681922
1.6451592,0.8140213,1.3693326,0.6915417,0.14297503,0.16968988
1.2065321,0.9537767,1.5347686,0.79777235,0.40091276,0.13456629
1.3937732,0.85784197,1.532335,0.7872797,0.38076776,0.15104163
1.8317771,0.7441571,1.7655892,0.9150952,0.562263,0.08534408
1.9956131,0.93854207,1.4224265,0.7470976,0.35037187,0.15683322
1.3219879,0.85840577,1.2801855,0.78665376,0.32764983,0.13753137
1.441098,0.8384692,1.4658027,0.73404986,0.22633658,0.16568856
1.4178457,0.7130933,1.3075151,0.7877329,0.35147306,0.1341593
1.5404685,0.6466431,1.2819054,0.7336788,0.14577708,0.15285297
1.7409787,0.80261606,1.2069595,0.7792464,0.30775815,0.13879289
1.4685094,0.90789014,1.4538202,0.74497044,0.29121917,0.15980738
1.4733068,0.66780025,1.3569388,0.7463759,0.28173643,0.1498589
1.6261954,0.5806851,1.3525875,0.78975844,0.4754031,0.14537434
1.7280705,0.7704494,1.3154123,0.71855867,0.1976181,0.15793623
1.0939329,0.9685411,1.3792603,0.7301053,0.215303,0.15519975
1.8847595,0.9378085,1.2461145,0.80179554,0.31283477,0.13373426
1.4796791,0.7147218,1.4254746,0.7211658,0.24359001,0.16753781
1.2906319,0.73253995,1.7735331,0.8610807,0.6401499,0.11880117
1.3826984,0.8858364,1.2649915,0.7845986,0.3454325,0.14472757
1.6481835,0.7031339,1.1556287,0.80458397,0.3704872,0.13669893
1.6174557,0.66882265,1.489476,0.76228225,0.3204216,0.15473464
1.8229061,0.7780584,1.1563216,0.7833345,0.2091907,0.13372952
1.0458925,0.81764615,1.3823974,0.74114037,0.2682897,0.16535017
1.2472174,0.9750395,1.6870091,0.79610944,0.1782411,0.11602239
1.4762989,0.5750963,1.2545602,0.7728674,0.2261184,0.14095356
1.4316587,0.6708605,1.4169145,0.7783968,0.3686229,0.14434019
1.6128855,0.6625987,1.2693522,0.78312975,0.31988645,0.1490505
1.6092656,0.7625095,1.3434289,0.80611986,0.34240532,0.12845822
1.2845913,0.80026287,1.2045891,0.77738667,0.23108195,0.14366303
1.4899275,0.57174283,1.4208884,0.77378464,0.34530127,0.14829634
1.9523798,0.92458624,1.3207216,0.7450428,0.26147604,0.15204227
1.3341275,0.5503083,1.3344293,0.86279124,0.65976644,0.12977093
1.3730447,0.5257591,1.7083979,0.8467862,0.39456213,0.11427294
1.107357,0.69223475,1.3145657,0.72716904,0.18334034,0.1542666
1.1270458,0.60917276,1.5347488,0.809105,0.55449754,0.13125595
1.4232147,0.51038295,1.4485373,0.80684966,0.45707634,0.13076958
1.543271,0.8103175,1.3991284,0.7039093,0.09494,0.15943041
1.5795125,0.63175553,1.579431,0.81669104,0.5968677,0.14115521
1.3739554,0.88328636,1.1864071,0.78271437,0.290415,0.13950105
1.0631536,0.8422374,1.1246421,0.7945198,0.2088295,0.13064419
1.3746101,0.95012695,1.4383824,0.76230586,0.32642168,0.15355988
1.7035671,0.7605311,1.5241895,0.7797822,0.30584562,0.12849294
1.2172529,0.8928017,1.2476418,0.74684846,0.22248073,0.1499385
1.4744699,0.9094058,1.4674301,0.7768556,0.31138965,0.14693028
1.2509185,0.6917695,1.2612159,0.77178645,0.24854073,0.14029534
1.3390224,0.4636881,1.6614411,0.80243284,0.43266982,0.15796548
1.5865691,0.79982525,1.3931234,0.75166255,0.30655643,0.14430465
1.0260146,0.9137372,1.6686525,0.82362896,0.4469485,0.119396046
2.0192137,0.9768866,1.528492,0.74647295,0.3217491,0.15352762
0.9755821,0.94987404,1.6691861,0.8405415,0.31424794,0.102909125
1.1530188,0.78401595,1.3624415,0.79388607,0.3896265,0.14133695
1.529498,0.9017687,1.2784495,0.8135352,0.48709816,0.13732405
2.1192641,0.95911187,1.3939939,0.84576005,0.5433754,0.120359436
1.914211,0.8822402,1.2262301,0.7333652,0.16264167,0.1538055
1.783953,0.7787403,1.342762,0.7625345,0.3632428,0.14855543
1.4429096,0.47177878,1.3163152,0.7206361,0.23387587,0.1684761
1.7018576,0.78171843,1.2086222,0.79347765,0.2870275,0.14127804
1.7263848,0.7669824,1.4009662,0.7675717,0.3524668,0.14884268
1.5522063,0.535686,1.2809832,0.76410353,0.25372046,0.15314136
1.4065064,0.67459023,1.1696031,0.7860981,0.3696945,0.14019907
1.1893904,0.5518794,1.2466555,0.7711148,0.2760566,0.13853508
1.0867789,0.66240907,1.46258,0.75066197,0.30783445,0.15506127
0.87642175,0.99464613,1.3875549,0.67405474,0.081138104,0.1771618
1.7262164,0.69170034,1.186805,0.7588771,0.17717637,0.1390194
1.492435,0.9234296,1.0183718,0.8565286,0.14251761,0.10454929
1.1681565,0.55261856,1.527065,0.7880509,0.4737457,0.13840503
1.5146348,0.51577795,1.4453251,0.7767549,0.34274027,0.14293775
1.2440727,0.51713854,1.2623699,0.7325115,0.17867836,0.1519788
1.9473317,0.9598118,1.2419376,0.7281407,0.09087857,0.14680304
1.6112998,0.5864785,1.6066363,0.7877207,0.2915417,0.13453752
1.6920607,0.8110115,1.0788734,0.7935657,0.08917466,0.119189054
1.6576952,0.71605766,1.339447,0.7938313,0.41024637,0.14023688
1.3024405,0.7667056,1.3065128,0.7594055,0.23627724,0.15194313
1.895606,0.8391804,1.4448559,0.6860429,0.049183782,0.16391794
1.4539534,0.8687035,1.504323,0.7734127,0.4331515,0.15260984
1.4183363,0.6413886,1.1297982,0.8181129,0.3231111,0.12666787
1.3309485,0.90497196,1.1262383,0.8185904,0.34201798,0.12440536
1.2877755,0.48723203,1.431272,0.75530124,0.36856917,0.15490882
1.9256817,0.8967688,1.2696176,0.7369875,0.18561865,0.15401645
1.2412422,0.5200636,1.28392,0.75952053,0.27857456,0.14881046
1.9665385,0.83592993,1.1576536,0.7758518,0.31442925,0.14235812
1.3465654,0.94902396,1.2628925,0.7396694,0.19922262,0.14923954
1.0630735,0.8873757,1.3839145,0.739799,0.21297835,0.15721741
1.4082739,0.54396003,1.2022595,0.7665191,0.25504056,0.14120172
1.3664527,0.59662306,1.3115776,0.76478577,0.2981104,0.15245631
1.5674475,0.8788838,1.3847182,0.7868264,0.44963002,0.15489241
1.5102941,0.9591198,1.3204,0.71906006,0.22035146,0.16042118
1.2437937,0.59992194,1.7390769,0.8496554,0.54973525,0.11437338
1.594169,0.86242867,1.2176001,0.7402416,0.15814283,0.14908034
2.1012669,0.94589144,1.4535742,0.786968,0.40150353,0.14877078
1.467307,0.6793269,1.4711273,0.7034183,0.11830253,0.16514367
1.635065,0.6924815,1.40587,0.7465323,0.272705,0.15447977
1.5380874,0.6828511,1.3172047,0.74441564,0.2553576,0.15953685
1.66704,0.6185217,1.1272502,0.78903997,0.16751556,0.12883678
1.2310967,0.7465814,1.4254217,0.7799044,0.3605085,0.13730252
1.4187926,0.92621535,1.0562251,0.79656506,0.12463755,0.11939319
1.1711364,0.8053257,1.3112662,0.8160648,0.5754053,0.1381788
1.6901942,0.95643485,1.4401245,0.79365194,0.39628753,0.14117947
1.3687946,0.41268766,1.4221871,0.7257658,0.26373327,0.16694812
1.8975885,0.9107219,1.4067883,0.7892455,0.51945895,0.14393109
1.2107918,0.7929932,1.4317491,0.7304748,0.20683648,0.15792799
1.5133568,0.6474297,1.2841163,0.7159109,0.20209962,0.16651672
1.660495,0.9233609,1.464941,0.73683226,0.23004109,0.14978407
1.4913889,0.70366395,1.3555753,0.7793083,0.3323034,0.14350155
1.281698,0.5899809,1.4725633,0.78029215,0.48913687,0.15067872
1.1652951,0.6419618,1.2737939,0.72179174,0.14612949,0.15394858
1.3159785,0.97501004,1.3443847,0.7758813,0.34188807,0.14966407
1.598724,0.68019235,1.1129584,0.8262872,0.2831389,0.12287568
1.3501003,0.8035552,1.1059825,0.77392995,0.100106135,0.12600975
1.8315905,0.9735096,1.4240859,0.76593125,0.37530875,0.15522902
1.951906,0.86703074,1.5268939,0.81535083,0.5673178,0.12894283
1.3508568,0.82552946,1.2449095,0.7551309,0.19420476,0.14715524
1.3192271,0.5951676,1.2891655,0.8283655,0.43927723,0.1261235
2.0865033,0.9888464,1.2615473,0.80325764,0.38751176,0.13725284
1.388742,0.5406391,1.3541033,0.79591745,0.37625656,0.13635035
1.1635163,0.7777832,1.234093,0.79868454,0.36866593,0.13592944
1.7379977,0.9610728,1.2329814,0.803701,0.34431642,0.13605312
2.0103285,0.94327813,1.0998619,0.79924875,0.14244853,0.12484236
1.6799526,0.6892461,1.4126294,0.7712354,0.43755248,0.1499025
1.2357653,0.6854343,1.5161283,0.8423895,0.54893124,0.12622222
1.0267272,0.9557982,1.273052,0.77102876,0.2636901,0.13988389
1.5987273,0.6120939,1.0145756,0.8332208,0.13141996,0.10715228
1.7214488,0.94074297,1.136416,0.80759627,0.22360238,0.12697664
1.5280457,0.77157354,1.134739,0.85168004,0.34533575,0.11575855
1.9266269,0.8670836,1.5404942,0.80972964,0.3349755,0.13618723
1.690881,0.6683489,1.2643826,0.6952316,0.032626458,0.15805148
1.5890288,0.80258596,1.4529889,0.8134056,0.44753224,0.13406602
1.047557,0.9495575,1.4077284,0.8071993,0.5007457,0.14439014
2.0292218,0.987928,1.1769112,0.7786944,0.20839885,0.13739529
1.0316635,0.83443725,1.3058894,0.79265213,0.50525254,0.13762707
1.3971803,0.84934115,1.3468962,0.81132644,0.39713028,0.14023574
1.6706065,0.66581345,1.127013,0.81929857,0.3494932,0.13024797
2.055016,0.9728807,1.5249066,0.8208859,0.6059738,0.15309837
1.161316,0.9235154,1.8048,0.8518742,0.21580721,0.09553926
1.257815,0.4683288,1.303299,0.7081021,0.17326255,0.16251637
1.8391193,0.9281579,1.6343241,0.79878265,0.12579359,0.11938868
2.1138618,0.95357233,1.2655239,0.7698052,0.20140097,0.14235927
1.5540185,0.6268486,1.3819706,0.7722133,0.35122633,0.14889896
1.2552584,0.54410577,1.0993487,0.8061512,0.23710373,0.12564796
1.2258925,0.5717611,1.1350534,0.7629522,0.10701231,0.13691267
1.4154537,0.7921323,1.5711644,0.80283815,0.4033113,0.13511191
1.515018,0.52768254,1.3904049,0.73188573,0.2869711,0.1592554
1.3120637,0.47977132,1.352062,0.7723267,0.27530897,0.14021054
1.6960793,0.6784249,1.3222101,0.76953095,0.28449395,0.14406188
1.1993122,0.6860751,1.7086799,0.8413333,0.56496894,0.12385832
1.5438839,0.7274148,1.1963246,0.80691314,0.26092243,0.13078362
1.0580384,0.98592454,1.4686668,0.73039556,0.4064257,0.16510999
1.7459098,0.8997647,1.175278,0.75510323,0.19730586,0.14625536
1.8099298,0.7287375,1.31952,0.7357629,0.19138716,0.15058991
1.5569762,0.5622016,1.343544,0.7580809,0.26566753,0.14426087
1.0553826,0.94014543,1.2896869,0.7093724,0.117933825,0.16057198
1.4705583,0.48247975,1.2491341,0.7630788,0.2264185,0.14281008
1.6960713,0.6723004,1.368248,0.7904641,0.3516981,0.1474693
1.3079038,0.5849545,1.6833415,0.79435134,0.24122827,0.13169304
1.151397,0.68754786,1.4083667,0.76593417,0.25976178,0.14029627
1.1657238,0.6374921,1.1916833,0.78489184,0.24003887,0.13301066
1.2903118,0.49262252,1.5719748,0.7806525,0.32571107,0.13003552
1.7289413,0.83296996,1.6106913,0.74528515,0.1675555,0.14123753
1.7245597,0.922308,1.1527157,0.79580647,0.25061393,0.13009247
1.191567,0.55451995,1.2380645,0.6951687,0.044284716,0.1559337
1.4639478,0.8950828,1.4493406,0.7275225,0.1636693,0.1601166
1.7427998,0.8658351,1.5254972,0.79781204,0.5416056,0.14146656
1.913491,0.83189124,1.335459,0.7815081,0.2810151,0.14389366
1.6732236,0.631549,1.1406698,0.84607005,0.3084021,0.11617465
1.3563464,0.5048306,1.3749535,0.7613443,0.3444731,0.15357034
1.983505,0.8575745,1.3053668,0.7714262,0.33840862,0.14480123
1.5883718,0.57148665,1.2490945,0.78385806,0.34138408,0.14284
1.3390566,0.63144684,1.511538,0.74756813,0.32489216,0.15189037
1.504948,0.8979225,1.2339396,0.7653388,0.24523675,0.1406952
1.3913704,0.5931025,1.437443,0.7814687,0.44470844,0.15995099
1.6159283,0.9731887,1.5480824,0.7659454,0.2506651,0.13673928
1.1427033,0.57757753,1.2336526,0.8014954,0.32199275,0.13313682
1.3764173,0.487443,1.6078556,0.7776343,0.2621001,0.14249997
1.24217,0.7555131,1.3000498,0.76684946,0.3892372,0.15597782
1.721471,0.91195625,1.3474047,0.78293735,0.36376652,0.14584866
1.8719704,0.99426323,1.795335,0.82443297,0.26547176,0.10960726
1.3608097,0.6796549,1.0728297,0.8086475,0.15119989,0.121920675
1.2437434,0.53096354,1.6761715,0.81096894,0.41492575,0.12644364
1.8780184,0.84736115,1.3935151,0.77527297,0.37362304,0.14609565
1.6006125,0.6586492,1.2316818,0.7388413,0.13459074,0.14536792
1.2897756,0.46023658,1.3918557,0.76839215,0.33055925,0.15572587
1.4471194,0.9828998,1.3564701,0.7248888,0.2342992,0.16193286
1.2357221,0.5817931,1.0195422,0.8195265,0.17561652,0.12201267
1.1148129,0.8692739,1.5237987,0.8009482,0.52090263,0.14071232
1.1190654,0.718059,1.15875,0.8239079,0.39736387,0.123650916
1.5417571,0.6484636,1.6126113,0.7750644,0.2830006,0.14102153
1.3296,0.43058288,1.5406771,0.7763878,0.37742898,0.14737949
1.2938498,0.7075635,1.3661568,0.7140161,0.1987936,0.1627082
1.6360741,0.7617648,1.294318,0.7536829,0.27027655,0.15218055
2.0812252,0.9689492,1.3525329,0.7132719,0.13707404,0.15995009
2.0019245,0.8678032,1.2256162,0.7838526,0.24020267,0.1345073
1.5646863,0.52813965,1.2789698,0.8321194,0.45082477,0.12232241
1.418446,0.981494,1.4127526,0.8231093,0.5655099,0.14040856
1.9358666,0.8395493,1.6288736,0.79267055,0.26219746,0.12866496
1.7063893,0.7845283,1.3792756,0.77678835,0.3229272,0.14755265
1.3056016,0.94307435,1.3356929,0.7257447,0.25545174,0.15902112
1.5996946,0.72501427,1.770469,0.8406078,0.43643263,0.1138538
1.2207981,0.6859336,1.3559296,0.77031696,0.30629843,0.14559582
1.6824511,0.9794521,1.22387,0.7194339,0.098844595,0.1489683
1.4033446,0.97140294,1.2885425,0.76169133,0.25548267,0.14921041
1.017121,0.72948843,1.5897305,0.8089672,0.41313896,0.13629076
1.7693243,0.67624074,1.1630161,0.8082031,0.33372852,0.1314215
1.3227686,0.45912528,1.2889228,0.7673709,0.2753522,0.14550677
1.2679697,0.6811125,1.3471775,0.8378467,0.59841794,0.13578407
1.3202895,0.64367956,1.5920725,0.7729185,0.21462594,0.12987195
1.4786394,0.59659016,1.3434825,0.7746971,0.34824428,0.14981344
1.3162932,0.9510536,1.1971743,0.82415056,0.27704847,0.1311533
1.5627657,0.595631,1.5280173,0.78484,0.46526834,0.15650563
1.3428291,0.589111,1.4116714,0.7199282,0.22671548,0.16596296
1.9865943,0.83794737,1.3133409,0.7544329,0.19670856,0.15067136
1.5253025,0.750548,1.2234104,0.78195167,0.2639269,0.13871841
1.2855911,0.5122569,1.4201407,0.79532415,0.51503533,0.16102232
1.511503,0.5776257,1.5805042,0.8086854,0.3911433,0.13032648
1.1157541,0.60754174,1.3414159,0.7487185,0.34371695,0.1573181
1.679558,0.8339098,1.2444263,0.79422814,0.29137546,0.13719943
0.9438076,0.9653266,1.7436166,0.8370807,0.4411766,0.11827564
1.7099912,0.65353924,1.5683315,0.81834775,0.58830476,0.1412633
1.3769819,0.49072358,1.2134576,0.7692331,0.21527255,0.1397939
1.6535277,0.61442095,1.827049,0.83826417,0.04946807,0.085257195
1.8666838,0.8725701,1.3458652,0.7712795,0.28654286,0.1412302
1.1859144,0.6383191,1.2539079,0.73859453,0.19139412,0.15009475
1.497836,0.7061537,1.3665638,0.7875536,0.25507477,0.14157756
1.3876005,0.4805258,1.6206577,0.78090954,0.3650294,0.14223446
1.3484621,0.4929926,1.4412324,0.79621613,0.48275208,0.14044902
1.3461329,0.51402736,1.3358133,0.7356436,0.2516663,0.15875332
1.4958123,0.95478326,1.2747397,0.7613523,0.2345236,0.13978596
2.1186624,0.9573657,1.1604999,0.7522253,0.1661951,0.14565867
1.3545575,0.65935147,1.3777165,0.7381354,0.25428435,0.15247898
1.9309433,0.8170608,1.4656849,0.79578984,0.4310356,0.14791822
1.0732017,0.69422406,1.2469935,0.76001465,0.19491002,0.13859895
2.0740962,0.9308935,1.3580098,0.81325203,0.4117758,0.1383973
1.2460384,0.79813445,1.2216029,0.78312767,0.29839516,0.14223778
1.6236025,0.7519443,1.8352993,0.8597264,0.21859655,0.08864824
1.6734303,0.67395735,1.246804,0.81078845,0.45403633,0.13762388
1.7636095,0.81237894,1.3228486,0.74918026,0.35858285,0.15589501
1.3856736,0.8670135,1.2204411,0.744881,0.15944444,0.14714263
1.3428698,0.5506446,1.3869922,0.7934755,0.378179,0.14553848
1.7174692,0.9296332,1.3866057,0.75468946,0.3608662,0.15589362
1.8930119,0.8596559,1.2698536,0.79651564,0.29061365,0.1374365
1.009476,0.7518631,1.1365206,0.78923357,0.19293018,0.13156022
1.1357079,0.84264195,1.3613877,0.72094584,0.26141733,0.16466518
1.2301936,0.53147876,1.1956451,0.79924136,0.1960279,0.12745473
1.6603218,0.6121445,1.1895118,0.74894977,0.061362676,0.1354711
1.37265,0.43670955,1.4626408,0.7821418,0.44722423,0.1474058
1.7363414,0.68965304,1.5442417,0.83335984,0.5934569,0.13595806
1.3281021,0.5953042,1.1081413,0.78716683,0.14404769,0.12718144
1.8578297,0.99878365,1.2280228,0.8152775,0.38619575,0.13250373
1.3983408,0.8950702,1.3550553,0.7293508,0.2225901,0.1590762
1.3588437,0.9500353,1.7142389,0.82232386,0.41732037,0.12165047
1.144448,0.84876776,1.3557315,0.78235847,0.35963136,0.14766112
1.3024089,0.6152628,1.487205,0.6885575,0.030003734,0.15676118
1.6911478,0.68007296,1.3069725,0.82085115,0.4147072,0.1324948
1.2143898,0.5389049,1.2736835,0.830558,0.46232492,0.12752245
1.9314941,0.8204465,1.7404971,0.87578136,0.6388334,0.1080984
1.2926538,0.55619717,1.536469,0.77385986,0.33276853,0.1439174
1.8955215,0.81863344,1.6994779,0.8127368,0.32486516,0.117627956
1.4188057,0.9662576,1.4045446,0.7863872,0.38976225,0.14029452
1.6483073,0.94751114,1.0090537,0.86057824,0.20888348,0.10817392
1.4755721,0.9304177,1.3327703,0.7210561,0.16938367,0.1569809
1.4705552,0.8471992,1.4797621,0.79348737,0.3804375,0.13499522
1.1539547,0.6687688,1.3162024,0.73237884,0.23138215,0.16470635
1.6554065,0.8160336,1.1315371,0.8089956,0.22155283,0.12067848
1.7660547,0.94325006,1.4836738,0.729604,0.25393632,0.16204245
1.2842258,0.8937352,1.4793994,0.76797676,0.34841132,0.1454265
1.2024746,0.7341857,1.3664007,0.7327378,0.15402386,0.15115441
1.1226676,0.86739564,1.2603774,0.76416117,0.21559024,0.14339311
0.94131523,0.94786334,1.382962,0.82483363,0.5640396,0.13570036
1.4547527,0.5325191,1.1647782,0.84534013,0.38672265,0.12196316
1.5985497,0.95863247,1.398848,0.7070652,0.21237247,0.16585498
1.841656,0.9896156,1.2567713,0.74905777,0.25396392,0.15186869
1.6936406,0.6383456,1.4270885,0.78429306,0.43504146,0.14798619
1.3683728,0.46561503,1.3704438,0.69363725,0.10474839,0.16635934
1.4139636,0.58966976,1.5091903,0.816371,0.53185046,0.14800331
1.4695286,0.53270626,1.1268443,0.78696424,0.19729324,0.13029903
1.3470705,0.96721923,1.565202,0.80107754,0.37330803,0.13556331
2.1322718,0.98835886,1.3694344,0.7908375,0.29489982,0.14156328
0.9734234,0.86181885,1.214361,0.77602255,0.29590777,0.1409999
1.3396457,0.46625254,1.3771467,0.6874362,0.15304588,0.17189573
1.3487935,0.5585958,1.1854806,0.78302205,0.17125854,0.13149588
1.3430009,0.9763798,1.368391,0.6785322,0.059554197,0.17026639
1.6596048,0.5911528,1.2671452,0.7581502,0.20470041,0.14180148
1.2361543,0.9340543,1.4884834,0.727013,0.1939856,0.15509169
1.3983618,0.7003749,1.4099777,0.8250268,0.44297773,0.13764986
1.5090895,0.9054854,1.3913312,0.7381765,0.32175,0.17069781
1.8868923,0.9458681,1.3803563,0.7425407,0.25154987,0.16565166
1.4549367,0.9408778,1.3032742,0.758008,0.28985867,0.14689653
1.930423,0.915623,1.3192916,0.7538916,0.28623673,0.15341988
1.5358138,0.6992306,1.3939645,0.78806853,0.3229002,0.14804254
1.6504512,0.8520553,1.3650091,0.79078424,0.3484109,0.14563757
1.4057286,0.72691053,1.4442406,0.74332374,0.24362841,0.15251772
1.892538,0.7739561,1.1738601,0.7872093,0.19807918,0.12884623
1.1155591,0.85843384,1.5403559,0.80106086,0.5343573,0.14761506
1.9722553,0.9005955,1.1624358,0.77795124,0.1664342,0.13615708
1.1421921,0.6191329,1.447015,0.7913935,0.41006103,0.1380018
1.4177216,0.7652911,1.4498019,0.8098729,0.5923524,0.14558643
1.8287026,0.77197593,1.2546203,0.7906109,0.3877567,0.13820964
1.3383543,0.466411,1.2133205,0.8164659,0.38126943,0.12929724
1.5049496,0.97458345,1.511003,0.766611,0.21592136,0.14016917
1.8656569,0.98727113,1.2153046,0.7907394,0.34039316,0.1390661
1.6126026,0.64643466,1.2015715,0.7977816,0.3015016,0.13918254
1.8613306,0.98865,1.3016479,0.7496068,0.3635281,0.16672817
1.1047928,0.6514557,1.2054353,0.72830033,0.07791894,0.14629023
1.5453686,0.8099565,1.3253939,0.71422553,0.17369506,0.16270979
1.4114747,0.4438877,1.5267062,0.7886969,0.33243194,0.14678381
1.8559464,0.82546675,1.3455074,0.78062063,0.3996346,0.15534742
1.1277019,0.8789433,1.4800835,0.8036461,0.5511135,0.1471506
1.8395972,0.9129665,1.2521873,0.7837362,0.26600543,0.13798973
2.0451908,0.9672184,1.469727,0.73235536,0.19806972,0.15710099
1.2601978,0.8996034,1.6691072,0.78061634,0.0992735,0.12336506
1.684808,0.76920253,1.237391,0.7178787,0.12397623,0.16334261
1.3164744,0.4319334,1.1307604,0.7925939,0.18878211,0.13156505
1.8050607,0.7309699,1.1027788,0.8005186,0.19978544,0.12841229
1.4261298,0.6584903,1.7164853,0.84742695,0.3670106,0.110067084
1.3442314,0.81232077,1.4070034,0.75538665,0.20924316,0.1456775
1.7094198,0.9437635,1.2571793,0.777485,0.29218677,0.14750256
1.5122583,0.8503712,1.323489,0.68841755,0.07922064,0.17374867
1.8011588,0.92955667,1.124213,0.813827,0.31171268,0.13048275
1.4005251,0.49067068,1.3172297,0.755638,0.30576035,0.16317332
1.5195894,0.9175456,1.3419445,0.7072065,0.13328132,0.1609943
1.9217503,0.90522265,1.4726329,0.8008849,0.48502612,0.13508324
1.6726732,0.8572723,1.4197884,0.8270978,0.5487766,0.13512337
1.3871546,0.79824024,1.2069464,0.7592639,0.24449338,0.14677665
1.5281279,0.9760154,1.5127811,0.8032765,0.67820424,0.1477098
1.6882473,0.73953426,1.0791876,0.7984212,0.13972585,0.123921596
1.4337016,0.5196779,1.0771176,0.7794224,0.09149018,0.12480583
1.6086445,0.660985,1.4650965,0.7758532,0.4269632,0.15089513
1.7067798,0.6571978,1.6919773,0.84093875,0.6573002,0.11715608
1.7356677,0.7955931,1.2498043,0.77053106,0.33937514,0.14902318
1.3008901,0.43853885,1.4727533,0.7378667,0.19556054,0.1559828
2.0142345,0.9390225,1.471998,0.7610499,0.24123882,0.14903075
1.7269838,0.7253379,1.4360652,0.80728966,0.5208094,0.14782174
1.1344247,0.8391801,1.2965562,0.77278376,0.28955182,0.14808989
1.3336885,0.76057994,1.3541665,0.794143,0.4027637,0.13811493
1.7899384,0.9234589,1.4164081,0.81498086,0.5113172,0.14125983
1.9277319,0.9420699,1.2667933,0.7372732,0.24705061,0.15384167
1.2151395,0.615883,1.5176408,0.7387565,0.30779606,0.16500111
1.342298,0.4676986,1.2474597,0.7276206,0.14747305,0.15174754
1.1652727,0.7751294,1.531815,0.79862994,0.36483154,0.1293113
1.3652093,0.5225563,1.3277955,0.7288455,0.24555004,0.16190821
1.3873888,0.75995713,1.4107914,0.77062124,0.28942522,0.1427386
1.6638361,0.942619,1.4587531,0.82997894,0.42026794,0.12599649
1.6329741,0.89504045,1.4402716,0.7425078,0.22498931,0.15734848
0.98618746,0.8483018,1.2446554,0.7482437,0.1486604,0.14596775
1.5131836,0.5502972,1.3499553,0.77435774,0.30540672,0.14127494
1.6383916,0.6188576,1.219984,0.8189071,0.4677876,0.13358104
1.4393984,0.54390424,1.32725,0.7308468,0.24526298,0.15515815
1.9538102,0.97157705,1.3463709,0.72658944,0.18894616,0.15175189
1.7514654,0.70848435,1.3113861,0.7900102,0.3981603,0.14550944
1.2894762,0.6863932,1.8493052,0.8581024,0.29102102,0.098585784
1.9742832,0.9866081,1.3987885,0.75919724,0.29260212,0.1492766
0.919103,0.93679327,1.2683494,0.82143074,0.37161878,0.13607186
1.5979284,0.87498313,1.3037543,0.7515813,0.2858883,0.15042235
1.3363993,0.5908713,1.6288936,0.9088272,0.794202,0.095058195
1.4148154,0.61808854,1.4910119,0.7946542,0.4306487,0.14794067
1.7312894,0.87293166,1.5211322,0.7544466,0.29757595,0.15253372
1.3702503,0.81090987,1.1255832,0.78479534,0.09125289,0.12645195
1.8038505,0.77053124,1.3197358,0.70633775,0.16975282,0.16596238
1.861042,0.90319353,1.3605812,0.7364906,0.23935263,0.15827598
1.582871,0.6094213,1.6148984,0.8508653,0.6672626,0.12982222
1.5263126,0.5834031,1.4946926,0.7710823,0.3649991,0.14501765
1.3141395,0.629326,1.3766439,0.793446,0.4081279,0.14107081
1.630285,0.9302362,1.3706429,0.7722081,0.3420613,0.14296171
1.3425426,0.83436203,1.4206221,0.80330473,0.3925351,0.13924581
1.3841064,0.8695522,1.1427351,0.7713707,0.15117209,0.13332924
1.772382,0.69358957,1.5751204,0.79251474,0.40324354,0.13672574
1.5572237,0.73969644,1.3145909,0.7345538,0.2089456,0.15224697
1.8750085,0.79708976,1.5763187,0.7873747,0.5296481,0.1606214
1.634245,0.62939423,1.4095008,0.77595663,0.4988324,0.15352823
1.0412521,0.7222822,1.7477481,0.83414036,0.37536952,0.10532997
1.167715,0.9914406,1.4571729,0.7590581,0.3394287,0.14389485
1.5904188,0.7752688,1.16787,0.7927503,0.26019797,0.13512765
1.0498947,0.786894,1.46859,0.73711455,0.20320274,0.15530825
1.3175946,0.662439,1.0941731,0.8078462,0.17153418,0.12423271
1.7198533,0.806395,1.3598902,0.70839804,0.19979754,0.16652611
1.6779639,0.8439142,1.5906117,0.76533544,0.34444895,0.15242372
1.8144094,0.787803,1.039284,0.8374933,0.13551001,0.10770502
1.1532102,0.69025755,1.6615036,0.8458208,0.39462492,0.12716639
1.3510925,0.47372994,1.1517121,0.7819915,0.15315047,0.13063839
1.8048801,0.9290415,1.4982083,0.7866124,0.35340345,0.140142
1.7998762,0.6918593,1.3590398,0.71153533,0.17155427,0.17370833
1.539921,0.8518461,1.3219764,0.8035813,0.35103002,0.13748373
1.6500038,0.82481354,1.4451439,0.78672254,0.40789217,0.14676097
1.3338176,0.42705557,1.609539,0.8356477,0.47085407,0.12913105
0.96008277,0.85244787,1.2261355,0.761763,0.167569,0.13848525
1.490611,0.7419128,1.4757383,0.7917645,0.6050949,0.1700488
1.3173101,0.49155587,1.5413206,0.7815388,0.37179053,0.14509559
1.5410413,0.82062674,1.3072557,0.7175313,0.18983178,0.16048878
1.3742039,0.5378213,1.2598867,0.76838243,0.2766359,0.14249381
1.6333997,0.60979337,1.6749322,0.81005365,0.40889716,0.12594478
1.1252351,0.90237933,1.2953737,0.7579329,0.27105227,0.15273666
1.8579729,0.80927444,1.461112,0.7667822,0.3422504,0.15118884
1.2392197,0.49772257,1.4821231,0.77273643,0.34819132,0.1397209
1.419136,0.46179804,1.127898,0.7927645,0.21085659,0.1295409
1.404793,0.50949043,1.3871503,0.7796779,0.3466593,0.1452756
1.8081267,0.95619494,1.3032584,0.7564212,0.29458073,0.16471648
1.383507,0.9901618,1.3053744,0.7600413,0.24541244,0.14553466
1.8223679,0.7069363,1.3447628,0.67097294,0.060817827,0.17150973
1.274082,0.8179808,1.4376986,0.8038195,0.48736805,0.14558858
1.8743058,0.801417,1.3307152,0.7442607,0.21498027,0.15779594
1.493788,0.6271793,1.2922454,0.7722318,0.2842546,0.14515226
1.3238531,0.4727059,1.4145873,0.84082794,0.5227719,0.12407856
2.0800688,0.98499894,1.3733382,0.73238087,0.29090393,0.1725144
1.6009115,0.5567558,1.1427155,0.7957311,0.21409273,0.13497938
1.4015352,0.9141411,1.3152833,0.7434795,0.23899625,0.14718282
1.5005991,0.50875586,1.2023022,0.7953563,0.24776772,0.13689418
0.9955497,0.88047737,1.049618,0.83570194,0.19706579,0.10983143
1.2566953,0.6733168,1.5185332,0.77279776,0.4383825,0.13592099
1.1497478,0.8207949,1.4485347,0.74984884,0.19035459,0.14233251
1.1790828,0.68644893,1.1081529,0.79483503,0.18335912,0.12760536
1.1608422,0.6368031,1.5208497,0.7580509,0.2838651,0.15021637
1.2277333,0.7129656,1.25423,0.73655856,0.20972925,0.1529738
1.6323546,0.9900717,1.2815187,0.76769316,0.23960361,0.14422528
1.9514288,0.8786251,1.3629568,0.7640201,0.29853395,0.15063767
1.8683406,0.7776886,1.4050629,0.80067545,0.44327438,0.14804292
1.833134,0.9793961,1.3112385,0.79456097,0.33700433,0.1425032
1.5798619,0.9523844,1.2538667,0.8042499,0.30286673,0.13169268
1.7440385,0.81198287,1.3426332,0.77421284,0.31827396,0.15426287
1.6501622,0.7085308,1.106391,0.7828793,0.19173104,0.13282952
1.9399798,0.87461966,1.102541,0.8211687,0.22227417,0.12304354
1.3915341,0.47705963,1.3459308,0.80064374,0.42534155,0.1374844
1.3758497,0.5727714,1.2307708,0.7667581,0.24569197,0.14184967
1.3571491,0.9249394,1.522738,0.77766293,0.25939724,0.13471188
1.8455172,0.76427567,1.145591,0.7743967,0.2119634,0.13848299
1.3810441,0.7296495,1.3943877,0.71555156,0.16602302,0.1618839
1.6703054,0.62630415,1.5723994,0.8025139,0.3074722,0.13922298
1.2839162,0.7288478,1.175539,0.7850008,0.18608451,0.13428162
1.461653,0.81177586,1.6987615,0.8741789,0.5040284,0.10576299
1.5497345,0.8646231,1.3358405,0.76840836,0.32081056,0.14608891
1.5258358,0.88838243,1.4413195,0.77727723,0.3132977,0.15779713
1.3579636,0.95947474,1.37064,0.728051,0.29057226,0.1601771
1.1045517,0.6916206,1.0742276,0.85782796,0.33417442,0.114986196
1.0596102,0.9156354,1.1234603,0.7650082,0.149057,0.13180612
1.6203815,0.9633975,1.362808,0.76802385,0.34195864,0.14507325
1.3907484,0.9242124,1.4063106,0.72786075,0.1302734,0.14845636
1.5346717,0.5921129,1.5054226,0.69820434,0.022766821,0.1528251
1.6437352,0.9510144,1.3854587,0.7518776,0.39663422,0.15980466
1.3881967,0.63659614,1.324017,0.76046693,0.2728636,0.15155618
1.9187618,0.94107753,1.2277782,0.75374746,0.15139493,0.14279151
1.9386009,0.8372274,1.0320694,0.8282656,0.17681785,0.11374796
1.2920866,0.44587025,1.145658,0.79096425,0.22800958,0.13329832
1.959902,0.8558723,1.5430608,0.8130145,0.4703391,0.12464387
1.4748541,0.930735,1.3550985,0.7926786,0.35408527,0.13637188
1.2420722,0.60024744,1.3696561,0.6879934,0.08856177,0.16608147
1.4113755,0.5129775,1.6592953,0.8279465,0.5162136,0.12970671
1.1305001,0.9321316,1.1339018,0.8129909,0.33962208,0.12990385
1.4177415,0.49225205,1.3227713,0.7600816,0.34401017,0.15571322
1.7044967,0.7375693,1.3084469,0.7680509,0.29857916,0.14508472
1.3537561,0.6280227,1.3324306,0.7530046,0.25048527,0.14812091
1.6108366,0.7319818,1.2376456,0.78738153,0.3125214,0.13898522
1.566473,0.9839447,1.7701793,0.9057836,0.8424386,0.096531585
1.4292557,0.77850115,1.4406586,0.8153954,0.47516736,0.1351194
1.1352266,0.90211934,1.3939054,0.75937206,0.4730466,0.17962158
1.4316345,0.67771786,1.3197322,0.7386389,0.24358708,0.1581893
1.8408879,0.9765199,1.1993871,0.7435777,0.16015519,0.14482039
1.0274768,0.75131917,1.3443038,0.82140607,0.45992762,0.1336383
1.2446562,0.9570981,1.2881434,0.8216743,0.4758761,0.13757548
1.1196982,0.62320155,1.1771016,0.77172303,0.233109,0.13786106
1.1695187,0.71476793,1.6231647,0.80463827,0.36349884,0.13391268
1.5216237,0.57244754,1.490668,0.7947527,0.4002364,0.14911754
1.7632042,0.92407304,1.4388733,0.76416004,0.31779656,0.1447207
1.9845238,0.96529174,1.6234324,0.8246257,0.6136647,0.1348276
1.6984186,0.71587926,1.498672,0.7617289,0.35274276,0.15524398
1.6271461,0.69966996,1.7356088,0.81665725,0.28140843,0.123457216
1.3557178,0.43242562,1.3375578,0.7903149,0.3303052,0.1380599
1.081293,0.9334681,1.2302108,0.71301866,0.031125711,0.14492889
1.6829063,0.71167773,1.4405649,0.7751968,0.32592916,0.14374958
1.3136758,0.4406386,1.4303389,0.7953461,0.6261716,0.15132779
1.4973803,0.6472851,1.5791736,0.76334083,0.22574468,0.1384192
1.6395241,0.7890168,1.3914928,0.8243351,0.5075589,0.13120896
1.7046897,0.69508725,1.3696227,0.75035,0.18819408,0.14902401
1.4353161,0.6787673,1.2078376,0.7426882,0.14913882,0.14633442
1.0620644,0.72608703,1.2078283,0.7672745,0.2870223,0.14269488
1.5588646,0.5540757,1.1458263,0.75952494,0.14943492,0.14206412
1.7957765,0.74485785,1.7775714,0.84478766,0.25225487,0.107076034
1.4038129,0.93837696,1.3096814,0.74008083,0.2769061,0.1532714
2.063606,0.95282197,1.4291182,0.8045561,0.461227,0.14383906
1.3641593,0.60701096,1.2016432,0.7903141,0.27760914,0.13591094
1.4060079,0.4852875,1.198607,0.7381631,0.11871744,0.14722873
1.4714305,0.75311095,1.2182474,0.7945476,0.37104103,0.1383022
1.6736603,0.69293237,1.3506191,0.78469324,0.3116087,0.14069813
1.206555,0.7721863,1.282033,0.74651617,0.2747532,0.15472183
1.273921,0.5031347,1.8553982,0.8424881,0.019074557,0.07738869
1.5088121,0.5170453,1.0488856,0.808368,0.14354017,0.119671606
1.2228215,0.59827507,1.3587735,0.72340995,0.2579307,0.15963717
1.7980404,0.71738935,1.5186274,0.81353384,0.39895064,0.13371693
1.4408431,0.7707413,1.3491821,0.8186856,0.50144196,0.1490184
1.6428624,0.7063125,1.4140832,0.86093384,0.61226946,0.118917674
1.5237755,0.6150594,1.4185874,0.7726561,0.38045204,0.15666468
1.3057283,0.8111349,1.1909184,0.7930147,0.27940896,0.13504325
1.4548126,0.50667834,1.4004908,0.80732185,0.5088116,0.14672925
1.4422837,0.7677557,1.2549915,0.75643194,0.21352129,0.14238928
0.96601355,0.928054,1.1843455,0.838728,0.41639975,0.12656584
1.2264779,0.9178588,1.3252711,0.7242026,0.18156205,0.15670581
2.120195,0.9905427,1.3890908,0.8109662,0.5336573,0.14687818
1.763625,0.75310093,1.27527,0.7719817,0.29780108,0.14540072
1.6398811,0.6698531,1.4982462,0.81292063,0.54076535,0.13879783
1.9590702,0.86789495,1.1283584,0.84982955,0.2860099,0.11461143
1.8032775,0.875194,1.0249705,0.84600407,0.2284201,0.11322218
1.1544793,0.8736131,1.1932669,0.7384254,0.15522659,0.1476447
1.6114283,0.6094471,1.5094979,0.8176165,0.42095777,0.13571222
1.6468298,0.93268985,1.1896906,0.78500736,0.20668435,0.13146642
1.6747497,0.86739624,1.2437327,0.75702596,0.20828128,0.14286524
1.660382,0.66945624,1.3796782,0.7691351,0.38862896,0.14979824
0.98914415,0.9154838,1.332855,0.7423922,0.23799382,0.1503437
1.3178866,0.4266028,1.0753083,0.802131,0.13857548,0.11983273
1.4395508,0.77045804,1.3987379,0.8269043,0.60973763,0.14226449
1.4820944,0.9264228,1.2438934,0.76736325,0.20082602,0.14232661
1.2921268,0.9936301,1.2440345,0.77584994,0.22175974,0.14044386
1.7925497,0.7700192,1.1499221,0.7862525,0.20370361,0.13371764
1.269592,0.7597936,1.8388655,0.8478858,0.120974064,0.09100852
1.4538662,0.7166705,1.7844481,0.83726805,0.122194074,0.09263944
1.2601877,0.66366076,1.3043482,0.754969,0.30771643,0.15431222
1.8140085,0.8617137,1.5318489,0.7773529,0.3418423,0.14268567
1.2840691,0.9610853,1.3692513,0.7696512,0.5051512,0.16181947
1.5165626,0.54983205,1.1576519,0.8001123,0.22617628,0.12879579
2.1458921,0.9862122,1.4646013,0.7650016,0.34972364,0.14237031
1.3123425,0.52186584,1.443197,0.77169114,0.3485978,0.14917924
1.5787449,0.6302771,1.2882385,0.7566707,0.30545354,0.16113591
1.5833752,0.72624993,1.3962529,0.72463477,0.17848608,0.15399988
1.2994497,0.89940464,1.3872004,0.7727287,0.29129452,0.14298216
1.5016496,0.71157414,1.5371714,0.7490246,0.22429171,0.14847992
1.568362,0.99050355,1.3126602,0.7397763,0.18024418,0.14787215
1.2304776,0.72033024,1.429584,0.83098084,0.5920715,0.13595289
1.886342,0.938078,1.3892231,0.71688616,0.10907241,0.15816663
1.0211295,0.7975842,1.3565967,0.7408787,0.22973156,0.15614443
1.070768,0.80862236,1.2630277,0.688916,0.011974048,0.149143
1.3100971,0.5911772,1.6973543,0.81900305,0.27011806,0.11617496
1.4398843,0.4678779,1.2754674,0.7658472,0.20675494,0.14388993
1.3322879,0.93587315,1.2729077,0.814025,0.4887854,0.13996823
1.3530821,0.5646796,1.2739184,0.77841175,0.30701596,0.14190139
1.0778145,0.81780005,1.1987267,0.7866278,0.34172136,0.14090198
0.9019404,0.944342,1.4953525,0.72787905,0.16987473,0.15240976
1.085113,0.7923729,1.3639476,0.71017194,0.18098642,0.16336274
1.2184879,0.8671411,1.443665,0.8256136,0.6659482,0.1381363
1.5451155,0.5996275,1.4032965,0.77261007,0.4093824,0.14490896
1.5113276,0.802732,1.1385578,0.85772485,0.48848587,0.1259095
1.4628955,0.7764911,1.152735,0.82217056,0.3169096,0.12235744
1.3710289,0.51981103,1.1797855,0.814169,0.28892982,0.12781441
1.5285723,0.6168804,1.2855928,0.7429495,0.22666577,0.14873886
1.3318267,0.6033747,1.5118539,0.78037125,0.2587969,0.13694091
1.3421904,0.48487395,1.3727582,0.753567,0.369155,0.15059023
1.2229959,0.93955094,1.6570475,0.79750913,0.3385514,0.12783428
1.4913887,0.51495785,1.1200736,0.7855406,0.107354686,0.12091564
1.502688,0.8755303,1.1872158,0.86525595,0.48249742,0.12296408
1.6021572,0.6506106,1.6199081,0.81967974,0.50634474,0.14158799
1.8273513,0.7592738,1.1467779,0.74653697,0.09316545,0.13700984
1.5985742,0.6398843,1.2633579,0.813014,0.43345067,0.13131222
1.111026,0.98224056,1.2665472,0.8231961,0.38597062,0.1222937
1.370899,0.5573176,1.1679583,0.8171881,0.3635118,0.13388047
1.3169957,0.5562796,1.3555048,0.7439631,0.32921368,0.1634257
1.346878,0.7207085,1.4540033,0.79947144,0.4147339,0.14062034
1.9326994,0.842273,1.1595109,0.8038644,0.23558041,0.12763955
1.5789561,0.8455721,1.465903,0.81832016,0.54868656,0.13001588
1.4995465,0.9693352,1.1553645,0.81423616,0.2629997,0.12601303
1.8541055,0.9133959,1.5013733,0.7734026,0.329144,0.14442928
1.3513621,0.53812146,1.5565515,0.7752304,0.18624312,0.13140151
1.6766381,0.8534672,1.6413271,0.81110793,0.46985745,0.14210108
1.6641505,0.82181495,1.446765,0.7165899,0.19115376,0.16487116
1.3752508,0.8720488,1.2826295,0.7724936,0.27702802,0.14124991
1.6881744,0.61234915,1.0414648,0.8223914,0.18948735,0.115111105
1.1990584,0.73708403,1.3226101,0.7777766,0.37204975,0.14269146
1.4776639,0.58995754,1.525301,0.7326644,0.2208964,0.15533356
1.8148439,0.94385076,1.2077246,0.7891295,0.2277153,0.13766795
1.6508344,0.73354167,1.321269,0.7165725,0.17776398,0.1573911
1.54061,0.7503321,1.4940779,0.76226234,0.3327028,0.1476573
1.5472497,0.6467802,1.4525795,0.7260309,0.25868633,0.16550617
1.6196587,0.6073782,1.7710791,0.89873767,0.78613704,0.10123713
1.940836,0.92109966,1.3478413,0.68151027,0.102893576,0.1726526
1.8687762,0.7931249,1.4633329,0.8204242,0.614878,0.13568012
1.3606077,0.45310283,1.2394695,0.7851823,0.31791142,0.14301062
1.1091766,0.67749786,1.2251823,0.78045034,0.20246105,0.13289972
1.3483958,0.52759635,1.1928201,0.7489504,0.1719368,0.14971846
1.3173074,0.9606965,1.5896668,0.83012927,0.41768122,0.12477191
0.9739423,0.948334,1.3749311,0.67819583,0.0824994,0.17291653
1.8836266,0.8197022,1.4790919,0.80158603,0.5164063,0.13787591
1.1589427,0.77374727,1.0750333,0.83341426,0.2519754,0.11940946
1.005196,0.77765596,1.5668445,0.8548295,0.6839723,0.13355877
1.5463817,0.9922864,1.2488093,0.8587107,0.48442486,0.11568338
1.5231587,0.7333034,1.3157659,0.7497238,0.2582394,0.15592843
1.7235979,0.7649848,1.4068346,0.7984546,0.43060932,0.14932296
1.1760018,0.9497243,1.1023517,0.79954875,0.25568855,0.13108127
1.6481206,0.6787528,1.2416098,0.7615112,0.25379813,0.14682092
1.6656415,0.86526644,1.2322631,0.8200717,0.4984238,0.14156069
1.5557424,0.71414953,1.6413646,0.86203736,0.85822624,0.12177277
1.8032025,0.75949633,1.9739804,0.9150385,0.2643559,0.06990693
1.4606225,0.71142507,1.0877312,0.8233957,0.16462654,0.11373627
1.2529584,0.6179326,1.429271,0.74879366,0.31590208,0.15047209
1.3972199,0.4880647,1.1148381,0.80541646,0.17988528,0.12504506
1.5314305,0.9409753,1.155026,0.768373,0.2020902,0.14438483
1.1017569,0.7660689,1.1516972,0.7641672,0.20268431,0.14026351
2.027821,0.9657087,1.372004,0.7996965,0.60479593,0.16167119
1.4963021,0.9043366,1.3095257,0.8646851,0.58288693,0.11571557
2.082134,0.9327557,1.4180961,0.7255905,0.23142034,0.16412205
1.3836018,0.68045926,1.3221893,0.7193917,0.20112507,0.16230272
1.3239648,0.80884963,1.0592067,0.8391803,0.24454209,0.11515552
1.3394575,0.77710086,1.375406,0.75865996,0.27002513,0.15116084
1.634974,0.5943848,1.3545043,0.7364305,0.3080558,0.1703443
1.4846985,0.5398298,1.3175712,0.77548885,0.37714034,0.15331064
1.0806386,0.7784158,1.1922045,0.7828224,0.25265488,0.1330762
1.668696,0.7078256,1.1509032,0.8034831,0.21890235,0.1271567
1.1453165,0.6300214,1.5444336,0.80142945,0.5572055,0.14258766
1.571063,0.7336028,1.3528411,0.77364326,0.46739307,0.15819997
1.3424885,0.51097846,1.1129239,0.81445545,0.21543503,0.123580664
2.0464108,0.96506137,1.3715961,0.78221333,0.33375022,0.14861439
1.5819576,0.7739406,1.3391695,0.7053808,0.16741638,0.16311255
1.9962996,0.89218,1.3201592,0.7234923,0.19361483,0.16338758
1.3955941,0.46517622,1.7239823,0.8188677,0.20756254,0.11860984
1.2256949,0.857424,1.33546,0.76384306,0.3035561,0.15371501
1.3383116,0.6053004,1.2559056,0.7624508,0.2528857,0.14460489
1.0290341,0.8070711,1.1897132,0.76748455,0.13533436,0.13507433
1.4701233,0.86547756,1.4094276,0.80691785,0.48560348,0.13557212
1.7195901,0.7653493,1.4463654,0.82634753,0.4963215,0.12758029
1.1280434,0.90859836,1.4255967,0.8201447,0.71247715,0.15037756
1.7424413,0.8408637,1.3136683,0.7617166,0.22543511,0.14738734
1.1349013,0.71296257,1.350878,0.8066425,0.43700424,0.13720043
1.3112018,0.4405099,1.205545,0.76347005,0.15859458,0.14011216
1.5230868,0.642413,1.2978592,0.71873415,0.146367,0.16041039
1.2472795,0.8467106,1.5623527,0.7838069,0.34750342,0.14928795
1.6955485,0.8024311,1.2609017,0.75066245,0.27520058,0.15954009
1.1819949,0.61795604,1.6063821,0.8194952,0.4686675,0.12694232
1.1157532,0.62490535,1.4947963,0.7315583,0.23913498,0.15289275
1.2786752,0.50157136,1.418376,0.75137734,0.25411135,0.15337314
1.2662429,0.51886785,1.1503123,0.8014078,0.16045657,0.1252964
1.1834998,0.6975791,1.0489072,0.8241585,0.20340869,0.11836927
1.6958131,0.8344065,1.7704084,0.8692796,0.44104937,0.099293225
1.2419499,0.5234398,1.135339,0.7756225,0.1516629,0.1304238
1.9200693,0.8058927,1.1870389,0.7565871,0.11633521,0.13784656
1.4385962,0.87117875,1.1599133,0.7975849,0.22207154,0.12923022
1.2080003,0.54059875,1.2542312,0.80339843,0.37689626,0.13629846
1.3937937,0.79845005,1.2580712,0.74493915,0.2813564,0.15426911
1.9404298,0.8976184,1.3947244,0.74801314,0.28446266,0.14956763
1.3190953,0.7195767,1.1144699,0.8153884,0.22111808,0.12449743
1.1243273,0.7167856,1.3372846,0.7657194,0.37115663,0.16466339
1.8589072,0.8302907,1.4868848,0.7659706,0.4019757,0.15350425
1.2842844,0.8224488,1.238328,0.7282329,0.12518826,0.15147899
1.3734066,0.9239231,1.4394906,0.7822833,0.3690235,0.14207321
1.6157556,0.8793543,1.2217603,0.7803163,0.219757,0.12593569
1.7518904,0.9163233,1.4943235,0.85255617,0.6748673,0.123168245
1.7134677,0.9920543,1.3420422,0.733291,0.2607342,0.16367513
1.3813254,0.44336826,1.3828254,0.7747991,0.46208984,0.15468852
1.6083103,0.844537,1.291985,0.754446,0.34240916,0.15813181
1.3677509,0.9279479,1.2599595,0.77927524,0.27254727,0.13886124
1.3113254,0.42743072,1.3732779,0.78261566,0.27799678,0.14026862
1.4277467,0.75396,1.5236623,0.7948014,0.40419742,0.14010121
1.02952,0.8743688,1.5732839,0.74940956,0.24166068,0.14154677
1.7008907,0.63422257,1.2674632,0.8015448,0.30743963,0.13295372
0.96766937,0.87124383,1.3209093,0.7397535,0.33093172,0.16324958
1.3635037,0.87823796,1.2364068,0.77591085,0.22506751,0.13998674
1.2982544,0.9801911,1.1929607,0.80472034,0.2640321,0.12854712
1.9674845,0.88665897,1.4320343,0.7307867,0.2681672,0.16015448
1.5495261,0.755828,1.3582444,0.7021029,0.15094765,0.17417377
1.371572,0.6467011,1.3544536,0.7802553,0.44420058,0.14078857
1.7675233,0.7432401,1.2790027,0.7864136,0.32396027,0.13836911
1.6293818,0.62848324,1.2264876,0.77292275,0.29520956,0.14160083
1.4724302,0.49968642,1.5153718,0.76733893,0.30479014,0.14489152
1.6386595,0.7997184,1.4222465,0.72534907,0.22017466,0.16263196
1.5038408,0.881353,1.1858406,0.737727,0.1248092,0.14149018
1.6840969,0.8453263,1.1003639,0.84160435,0.28358966,0.11157997
1.6311734,0.5752397,1.3585203,0.7085279,0.11962232,0.16227992
1.0299727,0.82643104,1.4404006,0.7231595,0.20860775,0.15976946
1.4221989,0.96833456,1.4346397,0.7676883,0.36556727,0.15526742
1.6410127,0.9372285,1.2713158,0.81438494,0.4128637,0.1306552
1.5198629,0.758571,1.3054812,0.7694553,0.31283107,0.14185023
1.5737187,0.55041695,1.6391728,0.7798207,0.122101165,0.12580146
1.1112678,0.63297486,1.3928409,0.7711548,0.3452881,0.14289038
1.5825348,0.8553037,1.1657618,0.77634144,0.28614172,0.14113529
1.3812548,0.6049363,1.473537,0.8443002,0.5714288,0.1282004
1.4705853,0.5958914,1.408524,0.7906258,0.33202395,0.13346137
1.477501,0.5673979,1.3220806,0.8039018,0.43333027,0.14033864
1.1302145,0.92073584,1.5860767,0.7587452,0.19825263,0.13971922
1.5735826,0.65842146,1.759558,0.8704805,0.6787917,0.11640237
1.1446245,0.5964977,1.4039657,0.74771106,0.27277687,0.15237938
1.152292,0.8183598,1.4607499,0.8190447,0.4717558,0.1309703
1.6556779,0.720257,1.287597,0.71752286,0.1331925,0.15525538
1.2418407,0.62545717,1.3792479,0.77923775,0.44675204,0.14298724
1.5852355,0.71593654,1.2826355,0.739251,0.25082794,0.15730469
1.4539016,0.58768386,1.0971763,0.78459954,0.16051441,0.128604
1.3808115,0.6184254,1.2604985,0.7542228,0.21712261,0.14970425
1.322336,0.7817758,1.4232719,0.763731,0.35221082,0.15896313
2.0026133,0.9631669,1.2201257,0.72632927,0.11222115,0.14920855
1.2783959,0.75215197,1.2505813,0.78626096,0.31998032,0.14167877
1.418657,0.8811885,1.5327594,0.7810507,0.4179218,0.16017921
1.2566475,0.58934265,1.4952762,0.80634266,0.3299168,0.13699104
1.4267883,0.64822006,1.2488606,0.7968349,0.25722158,0.13377959
1.6704081,0.7362303,1.484555,0.7744484,0.3061799,0.14344451
1.6512556,0.635729,1.2904074,0.77353185,0.27950263,0.1418094
1.2500151,0.8116006,1.3166418,0.7414795,0.2705346,0.15335852
1.3782576,0.4390802,1.5212123,0.7647919,0.28867882,0.14257348
1.5916157,0.8769133,1.303268,0.7231332,0.19497581,0.16137047
1.6576729,0.7963087,1.0994717,0.80556697,0.189365,0.1262702
1.2127118,0.6880379,1.2867076,0.7919913,0.276644,0.1369529
1.1188595,0.61740345,1.2200718,0.7821969,0.24602622,0.13727176
1.3679559,0.49918497,1.5391197,0.77027816,0.36390784,0.1367398
1.6671625,0.8235922,1.0919183,0.7781695,0.115251265,0.12716025
0.9792525,0.95720327,1.2497747,0.7654126,0.25660807,0.1398775
1.589737,0.54995537,1.2389865,0.7776319,0.24573176,0.14132965
1.3881685,0.44430134,1.2040958,0.81092507,0.3341267,0.12656921
1.5982246,0.70586777,1.3128982,0.7659532,0.21737555,0.1398753
1.1872594,0.84665823,1.2521572,0.75524825,0.2468506,0.1464534
1.6178379,0.9766177,1.0790286,0.8081197,0.2232339,0.12045386
1.5529294,0.7544295,1.2599461,0.84253484,0.47221747,0.124250114
1.6862925,0.9786087,1.2116742,0.7603177,0.23045367,0.14346534
1.5221002,0.7664884,1.5932782,0.85150796,0.74816555,0.12432371
1.4472035,0.96130466,1.6447673,0.7703209,0.15413737,0.12668678
1.1994818,0.90122455,1.3371336,0.68152803,0.09998302,0.17096345
1.869553,0.7595093,1.7142107,0.872037,0.7784678,0.12726872
1.071867,0.71367794,1.4507391,0.7659405,0.29280698,0.15120496
1.4197876,0.98384213,1.3324511,0.80379194,0.392292,0.13755602
1.3585488,0.7075469,1.3346589,0.7667696,0.28119308,0.14261128
1.3692677,0.60203,1.1252886,0.80472994,0.2668482,0.12990507
1.1729631,0.75447106,1.9963031,0.9189563,0.45729175,0.074148394
1.3545251,0.81425524,1.1938996,0.8114422,0.31678724,0.13896695
1.35668,0.6941568,1.6837406,0.85868025,0.6992794,0.13534938
1.6928865,0.6854833,1.4209628,0.7636498,0.30498052,0.15817828
0.9737384,0.8492842,1.4699802,0.6985582,0.044403877,0.16054435
1.6685174,0.65416914,1.6225927,0.9117281,0.8641348,0.10490108
1.5288299,0.6392346,1.3962681,0.76991117,0.3339683,0.14897555
2.0444534,0.9885512,1.5498071,0.77559483,0.17142005,0.132576
1.3408022,0.8792189,1.3122902,0.69603854,0.121468335,0.1695139
1.2652466,0.81150293,1.7695744,0.83676916,0.20703946,0.10550618
1.3492873,0.86641264,1.5103207,0.75954556,0.29631954,0.14272065
1.3685825,0.91803896,1.8000968,0.8771894,0.5069316,0.10019117
1.5071671,0.8382091,1.3948467,0.7492305,0.3068815,0.15316705
1.6375438,0.62770295,1.4669387,0.8048199,0.4713768,0.14039242
1.828663,0.85160506,1.264297,0.7438635,0.23385286,0.15886974
1.2003517,0.6711383,1.375148,0.80013615,0.46649113,0.14485517
1.2734432,0.918699,1.2242885,0.75540686,0.18489242,0.14264852
1.7898558,0.8410631,1.222007,0.8076727,0.2615273,0.12869713
1.9820025,0.8745307,1.4449966,0.76018375,0.2831193,0.15621173
1.3492798,0.4320466,1.1366024,0.7773811,0.19669667,0.13345791
1.7592332,0.78360134,1.4181855,0.6884305,0.13223542,0.17821725
1.1940827,0.59589064,1.1473174,0.8301692,0.2904014,0.122513086
1.5868669,0.7707649,1.3758774,0.77095485,0.34511378,0.16259138
1.3949455,0.8920822,1.7357254,0.86678386,0.64652216,0.11812824
1.3952041,0.6908517,1.3801253,0.7487392,0.31513533,0.16233839
1.3432999,0.7067017,1.1899431,0.728993,0.08052545,0.14293435
1.0979431,0.7934089,1.5284033,0.7962026,0.40420797,0.14188866
1.4712613,0.858288,1.563906,0.78743094,0.40557158,0.14483741
1.7502114,0.8032245,1.3991044,0.7501565,0.2699547,0.15670602
1.3403798,0.45935005,1.719621,0.8625298,0.45231956,0.1080066
1.2354578,0.87374026,1.274821,0.78591704,0.30481088,0.14405525
1.4347792,0.97349334,1.3969538,0.8064672,0.49921873,0.1507132
1.7981524,0.7177673,1.2959137,0.71288466,0.14732896,0.15823849
0.99247,0.93659455,1.2732124,0.7941507,0.62400204,0.15178634
1.2897084,0.8411006,1.3780985,0.8243174,0.53064615,0.13081367
1.0481557,0.9386924,1.3178589,0.77044135,0.33043417,0.14743955
2.0849457,0.9924965,1.2199781,0.7078738,0.09700519,0.15550435
1.1502557,0.774991,1.2964609,0.7021333,0.12153758,0.16293854
1.7071362,0.7772372,1.2208183,0.7729548,0.27266386,0.13708034
1.2731119,0.7372678,1.1874175,0.8070895,0.33009163,0.1314572
1.0811952,0.9348836,1.4577947,0.74251187,0.2517023,0.14873591
1.7729431,0.73010844,1.4629748,0.74828124,0.35364088,0.17320652
1.2097293,0.5878864,1.3858912,0.7974765,0.42735097,0.14074044
1.4971998,0.7828377,1.3831835,0.7047125,0.17591701,0.16878806
1.2294534,0.5787232,1.3627069,0.8289493,0.4982841,0.1349575
1.9742866,0.99336827,1.4752772,0.8524423,0.44015262,0.11274883
1.6693708,0.7091214,1.2570279,0.7133689,0.117747866,0.15775333
1.8793187,0.88731945,1.4808884,0.7637351,0.3509931,0.15079318
1.4633492,0.99770784,1.4062207,0.7576016,0.34550613,0.15516905
1.988199,0.8996752,1.5823891,0.80329144,0.33315015,0.12894012
1.122832,0.6086289,1.2427485,0.739393,0.14207006,0.14334135
1.834258,0.74927115,1.3907919,0.8351335,0.53336024,0.13805433
1.2216676,0.4958292,1.443342,0.79883844,0.48204532,0.14638622
1.3949214,0.74758613,1.1155612,0.89168733,0.49825263,0.10692823
2.0501025,0.95906454,1.4401557,0.75922835,0.3272041,0.15343662
1.2466344,0.55692774,1.362773,0.69737744,0.17110357,0.17738944
1.516892,0.6824312,1.3545787,0.8102153,0.45914084,0.13725916
1.3281157,0.41405112,1.2552247,0.7962293,0.3638567,0.13442844
1.4899015,0.72724354,1.2114975,0.72563684,0.15851109,0.15553863
1.5765748,0.8015018,1.1347568,0.8339502,0.26454556,0.117651775
1.5159959,0.721014,1.3198385,0.7204428,0.14662407,0.16629386
1.4968288,0.7942694,1.3351262,0.7733593,0.27501303,0.1387895
1.5950093,0.85134566,1.317096,0.7521347,0.27633795,0.14978065
1.2584323,0.59056,1.429122,0.71777725,0.11705571,0.15539274
1.7415977,0.98044485,1.5378189,0.76332283,0.2821923,0.14062628
2.028125,0.89786106,1.2614505,0.78115165,0.32232863,0.13939756
1.1227127,0.7124699,1.3783998,0.8106783,0.48844704,0.14110066
1.1554276,0.678878,1.1265304,0.785724,0.09917424,0.12324372
1.329081,0.6739396,1.1615826,0.8163626,0.24942935,0.1285947
0.95921123,0.9530149,1.3558421,0.7362155,0.3034686,0.15378997
1.9568764,0.89891285,1.4246981,0.76310456,0.28089032,0.14418022
1.439701,0.5151608,1.2165794,0.795589,0.30994385,0.13533197
1.2890795,0.9910736,1.1705182,0.81106734,0.25935915,0.12862842
1.7496395,0.66869605,1.1884949,0.7814758,0.21824798,0.1333289
1.2841196,0.9486153,1.2634592,0.7646303,0.40979686,0.1549582
1.7100248,0.69966745,1.530272,0.8532885,0.58460337,0.116592005
1.4840313,0.62138414,1.2351673,0.81358063,0.43645144,0.13688704
1.2633262,0.8337847,1.4322875,0.8003665,0.40402997,0.14891064
1.7223753,0.7838708,1.1812627,0.78790706,0.20420393,0.1353935
1.2402819,0.7002581,1.5589302,0.81919473,0.61229485,0.13271236
1.2959446,0.97794086,1.250957,0.776193,0.2592737,0.14444582
1.0114615,0.74037224,1.2589064,0.7902073,0.38520208,0.13367838
1.2445831,0.53107196,1.2633972,0.756963,0.24617027,0.14361215
2.0657547,0.973315,1.5853524,0.8369992,0.6171391,0.125758
1.6864109,0.94680375,1.2893164,0.7999839,0.36483854,0.13647537
1.8809093,0.8626783,1.3952456,0.77686256,0.40922976,0.1356103
1.5206721,0.7839585,1.1446143,0.7960784,0.23626837,0.13423309
1.1741616,0.75444937,1.199038,0.7912066,0.28923312,0.13764097
1.9209719,0.902,1.3952749,0.7984637,0.3763131,0.1421119
1.4012356,0.9268253,1.4227605,0.7514661,0.3086843,0.15474258
1.3586079,0.7077505,1.3218904,0.75477403,0.3073963,0.14929031
1.7634588,0.96452457,1.4817111,0.71451926,0.1435719,0.16136754
1.355302,0.43715343,1.3321593,0.77754575,0.38899595,0.15134622
1.223236,0.6660439,1.3478925,0.8157423,0.445436,0.13765936
1.1771998,0.90699536,1.4753749,0.86991423,0.729357,0.110543154
1.1282725,0.9424795,1.0907111,0.80106324,0.09843006,0.11726868
2.0047686,0.96683156,1.4455914,0.79798764,0.41589245,0.13803262
1.1589358,0.6575194,1.6004353,0.8222572,0.63293463,0.14096388
2.0042236,0.98149425,1.7289536,0.8028395,0.1462273,0.114360265
1.4701712,0.82877606,1.2343125,0.75446904,0.18053262,0.14789794
1.206736,0.9438069,1.2106748,0.75466776,0.16967934,0.1482115
1.6767589,0.667364,1.3951368,0.7162772,0.20513336,0.15913433
1.9869479,0.9433596,1.2075694,0.7514918,0.17781226,0.14540498
1.3596171,0.92603564,1.4620681,0.765141,0.40149292,0.16021805
1.9435897,0.96253645,1.5772798,0.79526216,0.33174366,0.13474023
1.5351088,0.5547119,1.2542522,0.7755746,0.23907873,0.13608769
1.488787,0.62609935,1.7394202,0.8037231,0.087680794,0.1098959
1.4279994,0.5882483,1.3164399,0.82000417,0.4205168,0.12745637
1.6725454,0.66630214,1.8036723,0.85244447,0.37466058,0.1083384
1.9401132,0.93846124,1.4279273,0.69974196,0.1394191,0.16530208
1.1360615,0.65016633,1.5068893,0.73447466,0.18426672,0.1492871
1.795481,0.9286613,1.2847443,0.82289976,0.39586297,0.12163838
1.9697639,0.9331782,1.3803103,0.7372944,0.35321945,0.15635483
1.4839917,0.7700859,1.1278648,0.7743727,0.1415824,0.13422142
1.2925001,0.6580023,1.176769,0.7645043,0.17248839,0.14206064
1.7603546,0.6956127,1.1961875,0.8140746,0.39463052,0.13588266
1.7311571,0.94361997,1.5397089,0.7392398,0.10419221,0.14148282
1.5561414,0.920933,1.2854426,0.76037097,0.29261532,0.15009864
1.5005898,0.63180774,1.4084895,0.76201767,0.41715667,0.15485388
1.3932923,0.73190993,1.422854,0.7777978,0.38100883,0.14251862
1.5581182,0.83284265,1.360697,0.8238458,0.4700642,0.12536463
1.1155752,0.9252089,1.5322423,0.77134836,0.3596856,0.1572662
1.4643934,0.8099267,1.1774805,0.7859179,0.26597634,0.13970299
1.6154312,0.92687494,1.3588102,0.7216135,0.22287862,0.1667731
1.4564261,0.48167282,1.4301836,0.6918005,0.07683297,0.18267791
1.1284297,0.61474854,1.6375315,0.7778875,0.14660963,0.1252154
0.9927427,0.83568907,1.2100136,0.7961673,0.2455742,0.13128121
1.288585,0.7424431,1.422394,0.76367766,0.30421084,0.14475869
1.2482951,0.94706446,1.5829339,0.7864678,0.36265075,0.13690642
1.664925,0.662129,1.6690671,0.8130334,0.37588614,0.12693156
1.6446248,0.6166178,1.0853894,0.8331428,0.23422754,0.120534144
1.7419854,0.6851596,1.2551734,0.78354,0.27869794,0.13906288
1.3449917,0.4118744,1.1106012,0.7771176,0.08050218,0.12614796
1.0031947,0.94714886,1.2550828,0.7511211,0.16266675,0.14218028
1.1421533,0.9210149,1.388427,0.6853194,0.09537649,0.17067699
1.1429518,0.69936,1.3006742,0.7925416,0.5354746,0.14956945
1.8551873,0.86813647,1.4707391,0.7557769,0.2634047,0.14448297
1.7045665,0.7356226,1.3372304,0.7084351,0.15445986,0.16247663
1.451814,0.6174989,1.2230296,0.7544733,0.23584522,0.14548564
1.6036856,0.7796589,1.4591837,0.75864744,0.33556324,0.15363944
1.4638923,0.7408489,1.1348157,0.79200923,0.14564756,0.1276544
1.6509031,0.90376115,1.4417839,0.74623775,0.28286153,0.16057977
1.1877124,0.67978317,1.6195984,0.84640193,0.68021786,0.12265772
1.5597255,0.7116987,1.1213629,0.8180354,0.25063652,0.12534317
0.97182995,0.9284314,1.2277062,0.76921636,0.18765037,0.13835868
1.4507784,0.6542657,1.4760933,0.78183264,0.34331894,0.13425247
1.4698161,0.88992345,1.2206469,0.74614435,0.16622438,0.14959757
1.1188905,0.8770085,1.5133204,0.7911783,0.38160092,0.14010394
1.2453476,0.9527987,1.479378,0.79556906,0.3786405,0.14407718
1.7735655,0.72710544,1.4226286,0.78541595,0.42541787,0.16010547
1.7317057,0.72801447,1.4058635,0.6891148,0.066568926,0.1731384
1.2132025,0.8852067,1.4900837,0.7807443,0.41900015,0.15705557
2.0058045,0.85668284,1.5389946,0.80511236,0.34422907,0.13233593
1.1467614,0.67116463,1.4195573,0.7887838,0.35071057,0.14664365
1.3259771,0.8070137,1.3752828,0.7472633,0.22434054,0.15299676
1.2656469,0.89992684,1.3080997,0.78987586,0.39042452,0.14767396
1.7326418,0.9717372,1.5021098,0.80142826,0.4935286,0.13529325
1.2956464,0.96173626,1.1390202,0.7837089,0.22189453,0.13698171
1.894271,0.91686046,1.2483122,0.708925,0.102416344,0.15725598
1.7740502,0.85281897,1.281807,0.78305185,0.31586534,0.1446872
1.2617991,0.4847986,1.2081511,0.7346579,0.16824262,0.1495513
1.7165703,0.8549451,1.3928525,0.8278855,0.31709796,0.116542295
1.3952127,0.57922715,1.3494108,0.75254065,0.28553307,0.15522182
1.124426,0.78696054,1.8754869,0.87366015,0.24409743,0.086506665
1.2857705,0.47087786,1.2930956,0.7484336,0.22489983,0.149545
1.5745554,0.53511167,1.1692679,0.75268805,0.10428203,0.13810772
1.4395224,0.53415644,1.2203767,0.73299414,0.10982141,0.1477964
2.0311725,0.9004569,1.225359,0.8404364,0.37229225,0.11314043
1.5629995,0.6280046,1.0325773,0.84023434,0.14558868,0.10483101
1.4803377,0.6111727,1.3996506,0.76206726,0.24396989,0.15401936
1.1642854,0.9168781,1.610327,0.86564803,0.6395038,0.10586033
1.1497619,0.93896145,1.3224554,0.737733,0.3001631,0.1543199
1.2301115,0.57588357,1.268477,0.7519949,0.33194515,0.15374143
1.6043603,0.771302,1.322427,0.79573095,0.42211047,0.14898507
1.4177448,0.7873927,1.4472795,0.7813062,0.26435617,0.12821537
1.3613365,0.74860865,1.4619412,0.7689461,0.35364872,0.15103483
1.5674249,0.92774045,1.1082578,0.81142527,0.16777629,0.123276815
1.4547048,0.46920055,1.3529973,0.70816076,0.12464661,0.17145987
1.8202611,0.7365407,1.3705599,0.7109622,0.15104201,0.16885674
1.7594557,0.7831373,1.1681193,0.77705353,0.19298968,0.1376846
2.1303678,0.99517095,1.6205006,0.809943,0.31333873,0.117976055
1.8925494,0.89507407,1.3133402,0.73774827,0.22924483,0.15278164
1.3517425,0.4992053,1.6918721,0.8098162,0.36118114,0.12675571
1.8552316,0.818023,1.3505559,0.7576963,0.2842836,0.14761382
1.2964779,0.7204122,1.4590471,0.78681064,0.38128042,0.14487877
1.0370806,0.7550212,1.143223,0.79125035,0.18442626,0.13189992
1.1088271,0.8111941,1.194207,0.8016017,0.23554207,0.13005362
1.3453635,0.72311556,1.3248956,0.7697017,0.311543,0.15517119
1.538681,0.7793503,2.0185888,0.91320777,0.030170271,0.05536596
1.3002748,0.7637172,1.4914722,0.7939687,0.39451334,0.14638081
1.3826263,0.4891788,1.44749,0.76340055,0.2218271,0.14756389
1.4553216,0.6783868,1.1614435,0.82483953,0.2955251,0.1263606
1.3527565,0.7752435,1.572329,0.80870026,0.19425775,0.118568406
1.273494,0.76711136,1.285249,0.7298408,0.16987295,0.15460072
1.5729698,0.7255912,1.1595728,0.7979236,0.26448867,0.13112348
1.0586194,0.770912,1.4416585,0.72432125,0.19391038,0.1581996
1.0195663,0.8176463,1.5179403,0.74495256,0.40934822,0.1783307
1.5013243,0.7698541,1.6011693,0.7719134,0.25952277,0.13840781
1.4586796,0.5407973,1.2601528,0.7408314,0.2822241,0.15359612
0.9147519,0.9968859,1.3610337,0.7550007,0.36265606,0.16590188
1.4509957,0.6535026,1.1932986,0.8038143,0.23498347,0.13340324
1.1772652,0.8952228,1.1513052,0.77295804,0.21063553,0.13781957
1.4896517,0.6697939,1.3769083,0.8322605,0.5335402,0.13643055
1.358627,0.656118,1.1826825,0.73872066,0.07601274,0.14140993
2.0157528,0.92652774,1.2900035,0.72887397,0.1698631,0.15192798
1.7470922,0.7049655,1.5397723,0.7686479,0.34169036,0.14913954
1.9065409,0.8631003,1.23561,0.74939835,0.24955362,0.14770643
1.227203,0.91252434,1.4710598,0.70759416,0.046738986,0.15260153
1.0232855,0.78173256,1.4409494,0.7336985,0.2322231,0.15327966
1.4852399,0.65495855,1.2396472,0.751856,0.18031436,0.1433774
1.0656812,0.90722233,1.1074181,0.800326,0.23004386,0.12979749
1.1677568,0.8598427,1.2004163,0.79601383,0.25558197,0.1308858
1.4665194,0.5954666,1.4713099,0.7680192,0.30624473,0.14457293
1.3147202,0.42354223,1.245306,0.78843737,0.34562936,0.14073233
1.4341918,0.6101857,1.5484211,0.7786164,0.39095476,0.14504556
1.6753658,0.87058413,1.1771104,0.8340704,0.37938908,0.12280865
1.7641586,0.87019056,1.3485904,0.7205143,0.22373489,0.16066067
1.4064646,0.4597082,1.1308422,0.83983296,0.2790927,0.11502735
1.534334,0.65960914,1.4190071,0.7547537,0.2524164,0.14835295
1.5786812,0.8697259,1.4641917,0.73600006,0.23575412,0.155819
1.4304894,0.54597604,1.4101827,0.7473069,0.32136005,0.16332687
1.642521,0.7675579,1.3081522,0.68657374,0.069484115,0.16957107
1.0475842,0.6872365,1.2988205,0.74108195,0.3284397,0.15878442
1.3030477,0.6788985,0.9777563,0.86881804,0.28995094,0.10800935
1.1731393,0.711177,1.4124796,0.731761,0.2968903,0.16171972
1.7193834,0.70782655,1.507664,0.808485,0.41122618,0.14074765
1.2280428,0.6020676,1.2216806,0.72287726,0.11156239,0.15015043
1.3735914,0.738389,1.3240016,0.6893483,0.11301848,0.16575761
1.3695748,0.43884414,1.1332604,0.8182356,0.25223443,0.12510616
1.5340631,0.6408087,1.2230542,0.77389336,0.23380762,0.13776009
1.1778541,0.78633463,1.275219,0.74912465,0.23292829,0.14920576
1.9035683,0.97105557,1.3080368,0.8104583,0.42056704,0.13468271
1.925539,0.791324,1.4081845,0.73640954,0.3359733,0.15866114
1.2548137,0.736983,1.3262439,0.72711146,0.21216866,0.15683001
1.6365116,0.75781685,1.4159567,0.68927634,0.1581334,0.1728408
1.9787068,0.914868,1.4851577,0.7716252,0.5111293,0.15329887
1.6742193,0.7458545,1.3197331,0.7189017,0.15699887,0.15493524
1.6198068,0.59542257,1.1708512,0.790072,0.27180687,0.13594984
1.2780269,0.67919976,1.3439941,0.7745454,0.33106145,0.14269437
1.6452872,0.8431535,1.2770734,0.73208463,0.23068675,0.16145079
1.470178,0.8429654,1.5233557,0.88716394,0.89198816,0.10053841
1.4580451,0.93315405,1.243401,0.76538384,0.30956945,0.14479555
1.1046377,0.65198815,1.522831,0.79700494,0.5375627,0.14006105
1.240343,0.9564229,1.0610926,0.80820984,0.16550274,0.12157037
1.7469573,0.8093666,1.4056027,0.7091447,0.19070452,0.16737
1.8722179,0.86197263,1.9346347,0.8932365,0.46839097,0.088329285
1.9131209,0.91991246,1.2563639,0.7276079,0.13192724,0.15274866
1.7046361,0.70976865,1.4047666,0.7886996,0.38436958,0.13638787
1.7352104,0.9082302,1.2280712,0.7746612,0.2958635,0.14576012
1.8202354,0.9981483,1.4341502,0.78597176,0.50293154,0.1562778
1.1827114,0.89559436,1.4173493,0.70556855,0.11858784,0.16068812
1.580886,0.8918879,1.216608,0.76320803,0.24368583,0.14420284
1.7757477,0.9172064,1.2908349,0.745417,0.35025418,0.16634592
1.5359801,0.6335359,1.5950809,0.77278316,0.28795394,0.13686612
1.4445524,0.6306599,1.3198645,0.7505647,0.2803578,0.16033013
1.8267347,0.7824757,1.3957295,0.8160308,0.468108,0.1388588
1.4972572,0.8873714,1.2782135,0.7372055,0.22348838,0.15567079
1.2167062,0.759538,1.1426172,0.7665884,0.1433468,0.13491873
1.3014213,0.47859412,1.3221579,0.77072906,0.2559878,0.14400117
1.5322406,0.66349024,1.5970147,0.73841107,0.14266734,0.13888809
1.6521484,0.7748751,1.6353021,0.83799344,0.2920755,0.105352946
2.1085317,0.9563339,1.605,0.7845722,0.25655064,0.13359949
1.5723922,0.7318761,1.407273,0.78371084,0.31790274,0.14222907
2.0308816,0.9937248,1.0917487,0.807934,0.23374395,0.12944016
1.0170292,0.8356572,1.3236699,0.81484866,0.45494983,0.14435595
2.0545995,0.921257,1.1962283,0.7438849,0.14068404,0.14599958
1.7375646,0.69203687,1.2785363,0.75932676,0.24828856,0.14589362
1.2732238,0.47145084,1.370573,0.72229934,0.21740721,0.15811262
1.1143072,0.87143564,1.1961,0.77588075,0.26504743,0.14272234
1.5992223,0.6088071,1.0242301,0.82180136,0.16456425,0.11545281
1.304547,0.6481213,1.1740701,0.7652121,0.18637162,0.14134692
1.9453934,0.9621919,1.1217067,0.79653734,0.26018882,0.13288417
1.9687122,0.9131211,1.4550202,0.82513505,0.47109333,0.13593909
1.1964068,0.57352304,1.1605327,0.81338185,0.35375446,0.131656
1.6820371,0.8929513,1.3881903,0.7302377,0.2646523,0.1570936
1.4199604,0.69162786,1.5915937,0.8089792,0.39472428,0.13416669
1.6113529,0.6895877,1.2123291,0.822049,0.33539507,0.12858929
1.5455571,0.856507,1.6667109,0.8369401,0.4692847,0.12585339
0.9004785,0.9521841,1.1927195,0.79644984,0.3170952,0.13879138
1.3713418,0.6181919,1.3652318,0.6942815,0.13897908,0.17576508
1.1398617,0.8544032,1.2782896,0.78072244,0.2719524,0.13263649
1.9179995,0.98240685,1.304699,0.80085653,0.4055311,0.13785417
1.354332,0.53977865,1.4109242,0.76835006,0.42613629,0.15501806
1.4813682,0.49831116,1.2675736,0.7573793,0.2076821,0.15208992
1.2148522,0.5387483,1.2193537,0.7996938,0.27338192,0.12724572
1.8123468,0.82962304,1.4029346,0.7756988,0.33189026,0.13920966
1.836087,0.8809396,1.1820695,0.8114783,0.34535804,0.13511814
1.6764501,0.9616419,1.1528866,0.79554385,0.2636899,0.13035797
1.1475362,0.7633433,1.409044,0.7834769,0.23397887,0.14856204
1.2213647,0.96512914,1.3868515,0.7439089,0.28333217,0.15763555
1.4958214,0.97034585,1.2639568,0.808832,0.3762582,0.14071515
1.6478915,0.72837436,1.1948111,0.8000766,0.22466463,0.127725
1.661521,0.5942527,1.7017815,0.82789046,0.4812159,0.11393014
1.6388811,0.6819463,1.3927262,0.83178955,0.6095855,0.13657382
1.0385674,0.70009434,1.3162787,0.7893661,0.4000983,0.14513622
1.9614841,0.85914046,1.3499565,0.7912836,0.29295105,0.13477646
1.4797713,0.598793,1.363069,0.7136913,0.1858498,0.16604047
1.6851504,0.8145314,1.3994102,0.7464234,0.24525173,0.15727767
1.562944,0.57502526,1.5459964,0.7327188,0.10383126,0.14841181
1.4880803,0.95371634,1.7726438,0.8586174,0.377603,0.10564588
1.3670549,0.814732,1.3248444,0.78232324,0.3500872,0.14116791
2.0090258,0.86857635,1.3527327,0.74216354,0.20495024,0.14714502
1.4596894,0.4736725,1.304836,0.7794255,0.35318273,0.1421898
1.4041338,0.5605311,1.2343602,0.7936413,0.446848,0.14287858
1.2967303,0.78134423,1.2970803,0.7582532,0.2950969,0.15181935
1.602221,0.66056865,1.0607045,0.8187243,0.15370636,0.11709562
1.1634973,0.56284267,1.3141346,0.81503093,0.42450824,0.14001057
1.5749707,0.7773149,1.1500037,0.78417206,0.18471399,0.13172461
1.1579539,0.6750963,1.6716049,0.84867924,0.593061,0.11367141
1.6843368,0.6795097,1.5890768,0.81481117,0.6026887,0.1375181
1.4637283,0.60463536,1.2893715,0.76733,0.23758732,0.14475209
1.2492418,0.95834213,1.394841,0.789397,0.3352356,0.14826621
1.3109934,0.47741055,1.3197923,0.76067305,0.22640921,0.14779693
1.1179701,0.7811616,1.6972322,0.81291384,0.3089151,0.117480494
1.6617985,0.88125616,1.319871,0.73620653,0.20045143,0.15596126
2.0257292,0.9170198,1.2676528,0.7272364,0.19105484,0.164161
1.9280295,0.9832305,1.5231504,0.79357433,0.4327065,0.13782911
1.4895738,0.57560885,1.1816742,0.77761126,0.18845704,0.13359134
1.872561,0.7524563,1.6143212,0.818941,0.5758197,0.14064899
1.9117733,0.83354187,1.2178364,0.76932526,0.25335184,0.14574336
1.2965307,0.7738537,1.1578169,0.7982013,0.27696064,0.13489053
1.1147584,0.9638204,1.4022229,0.75092745,0.23525369,0.14542727
1.1316774,0.8852726,1.3936982,0.79513484,0.5173128,0.14704762
1.3247634,0.5346139,2.0963204,0.95835286,0.24367541,0.05937504
1.4867787,0.9539721,1.417979,0.77812624,0.3577299,0.14030598
1.4231147,0.521017,1.4040403,0.7370519,0.2294319,0.15692136
1.1151558,0.6844437,1.4249933,0.8015874,0.36050388,0.14102787
1.4186112,0.521497,1.3102331,0.71906585,0.1792575,0.16094829
1.4221597,0.81571645,1.1746422,0.80593747,0.31337467,0.13149236
1.0940965,0.8811132,1.4694796,0.7590538,0.22370102,0.13782531
1.1081886,0.7021479,1.1193702,0.8366821,0.3124604,0.12032437
1.8035231,0.7672079,1.3279085,0.77977943,0.38010716,0.15489149
1.2868952,0.7084767,1.2413964,0.70609355,0.11890629,0.15558647
2.0195796,0.86815894,1.4872308,0.7393272,0.28219196,0.15388794
1.6475594,0.6302163,1.1285348,0.80642205,0.2015056,0.12552533
1.6842396,0.7282635,1.3012547,0.81118065,0.44808704,0.13229156
1.6932322,0.93371284,1.1579801,0.7927554,0.19060645,0.1281169
1.902092,0.94302344,0.9777978,0.85385495,0.14718871,0.101873085
1.4253383,0.8716742,1.3202844,0.74307275,0.27879485,0.16323851
1.4312541,0.7081909,1.3800085,0.8282747,0.6273121,0.1473619
1.5884545,0.693472,1.6041384,0.77158475,0.27085602,0.14159007
1.6935146,0.7683828,1.2750907,0.7764567,0.29571086,0.14772956
1.0425359,0.714132,1.2848439,0.7419735,0.17077889,0.14914407
1.7015942,0.6759416,1.3060253,0.7237916,0.20956498,0.16383673
1.2360206,0.49695623,1.4487629,0.77346206,0.56563884,0.15000765
1.4730569,0.54142016,1.0937982,0.81552666,0.18895455,0.1253076
2.0107734,0.89186215,1.2701735,0.80801976,0.39966255,0.1286384
1.871294,0.85739696,1.3330524,0.78436524,0.41379115,0.15384947
1.6916615,0.72387993,1.3966539,0.76737237,0.35377824,0.15022993
1.8426077,0.93732303,1.1786001,0.7635367,0.27075452,0.14490128
1.3470459,0.7012597,1.5115082,0.7614457,0.39160663,0.14540794
1.565525,0.99543595,1.3870902,0.7443035,0.23690142,0.15188809
1.816599,0.78694206,1.1672713,0.8060702,0.27616033,0.13051757
1.8775485,0.94106954,1.4539871,0.79651827,0.41352683,0.14583838
1.7794014,0.74252707,1.2349844,0.7134457,0.083486915,0.15234382
1.5937991,0.7053629,1.3415122,0.7762278,0.3341335,0.13709551
1.212357,0.55100626,1.2804985,0.7868989,0.27233163,0.13736026
1.3287611,0.6010182,1.2480004,0.7879683,0.28358176,0.13065828
1.6804067,0.62046415,1.2576544,0.7724107,0.3166953,0.14823031
1.6876493,0.78317475,1.3618565,0.7731139,0.40787715,0.14425297
1.0478694,0.78858423,1.4265683,0.74902135,0.25887644,0.14931121
1.332705,0.68947667,1.4402246,0.75226337,0.27340096,0.15164807
1.2848549,0.48219743,1.5501945,0.77619725,0.40665334,0.14448056
1.5379189,0.9777199,1.4014301,0.8106356,0.49196666,0.14230914
1.3403841,0.87983555,1.4759216,0.78002334,0.39457393,0.14701071
1.5448545,0.7232188,1.4315374,0.81191117,0.4759923,0.1319919
1.4541409,0.59607863,1.4478474,0.774306,0.34187832,0.13910955
1.2645541,0.9869114,1.282922,0.76933694,0.23031811,0.14266756
1.7956895,0.903848,1.2187285,0.80991924,0.34007514,0.12413678
1.9515463,0.84247446,1.4427245,0.8056696,0.5516307,0.14425182
1.723153,0.74255204,1.5217967,0.7987314,0.44847056,0.14206557
1.147516,0.66040576,1.0189295,0.8506629,0.11624761,0.10191966
1.0741947,0.9908312,1.2829831,0.7586367,0.30422214,0.14380807
1.5092379,0.9229811,1.3397834,0.6894047,0.09118033,0.17426725
2.0642686,0.9265285,1.3489492,0.76833856,0.32901624,0.15392123
1.740005,0.9659051,1.2352023,0.7612014,0.17384353,0.144124
1.775096,0.9841666,1.8350997,0.8666077,0.43094483,0.100124225
1.5536444,0.70128214,1.3560808,0.72472537,0.21689956,0.1605798
1.1398259,0.8564733,1.3363492,0.7330123,0.24550849,0.17154862
1.5406001,0.8900581,1.5607028,0.79788154,0.31902146,0.13493533
1.6356467,0.90247566,1.2035158,0.76561457,0.20874698,0.14022444
1.3297536,0.45565256,1.4095936,0.7272313,0.24223223,0.15969603
1.6724861,0.8148958,1.1874592,0.7395661,0.10231459,0.14050089
1.3078007,0.7290837,1.4713998,0.80819976,0.4022003,0.1354113
1.3932066,0.9246766,1.536247,0.7571239,0.31902698,0.14244506
1.4996259,0.52345186,1.3564503,0.7025516,0.13529518,0.16403867
2.060023,0.9502546,1.9595907,0.90528387,0.29049468,0.079970635
1.1147864,0.6047588,1.4692571,0.8507737,0.5785471,0.11323656
1.9761372,0.9758477,1.573138,0.778178,0.30927587,0.14146683
1.5331744,0.8707427,1.3081195,0.79621285,0.3606563,0.14406854
1.3014536,0.6580039,1.3598747,0.76600534,0.3009916,0.14990658
1.1915914,0.53725636,1.3239644,0.8124417,0.4011726,0.13425419
1.5944312,0.8254636,1.4472566,0.7952807,0.3842045,0.13284425
2.0388718,0.8808759,1.2009842,0.77637804,0.25670886,0.14046648
1.3577642,0.5263107,1.4269443,0.7899606,0.5531001,0.14498724
1.163122,0.74563044,1.3082325,0.7280964,0.16105023,0.15983431
1.358464,0.88852686,1.1071022,0.84367424,0.28717437,0.12284168
2.1169782,0.9782779,1.3274238,0.8144516,0.34645683,0.12723356
1.3189143,0.70787704,1.649812,0.79278976,0.23272021,0.12757313
1.6118448,0.5868953,1.2035666,0.78241664,0.2342865,0.13750766
2.0427861,0.94038296,1.3166006,0.7449441,0.25166458,0.1516929
1.167193,0.8695638,1.1198373,0.81071407,0.3026346,0.12914027
1.7669706,0.79620177,1.4925959,0.7650775,0.312563,0.14142917
1.3154545,0.871874,1.2957468,0.8248943,0.5971642,0.13572669
1.8255535,0.75950617,1.752631,0.8390337,0.3188995,0.106346525
1.5139102,0.8811515,1.3410678,0.6758628,0.062174752,0.18135066
1.7541258,0.6663754,1.3404918,0.79217887,0.4346168,0.1526379
1.6832926,0.96742517,1.3150575,0.7162149,0.13084738,0.16145769
1.49555,0.95718557,1.3871565,0.8222881,0.5129764,0.13339347
1.8935845,0.89633083,1.1167917,0.8107096,0.19070707,0.12187905
1.3939756,0.86567295,1.2743189,0.74791634,0.31610686,0.15085183
1.5865145,0.5797283,1.4659631,0.80288905,0.39663324,0.14432865
1.6545353,0.9281387,1.2726295,0.7701976,0.31545487,0.14729826
1.4734337,0.8570835,1.4552348,0.78414714,0.50250113,0.14496608
1.6448576,0.70441806,1.4563332,0.762725,0.2934168,0.15671074
1.1373104,0.61756206,1.287169,0.74958605,0.21959235,0.1490468
1.767273,0.91296726,1.3002796,0.69149005,0.09390319,0.16923025
1.0302013,0.72364706,1.2703724,0.7114805,0.13184482,0.16149029
1.0086541,0.8429959,1.1850777,0.77907217,0.20297138,0.13615797
1.6719549,0.6725606,1.1954546,0.7516992,0.1468461,0.1403767
1.9311047,0.8422851,1.3674195,0.8061871,0.4934598,0.14869511
1.2029657,0.60338813,1.514811,0.81529355,0.5588157,0.14236139
1.8948436,0.85482144,1.3568742,0.7700918,0.35128972,0.14863764
1.4354025,0.5532974,1.1550741,0.82829964,0.27967355,0.12046789
1.7931945,0.80146307,1.2404213,0.7198052,0.14428183,0.15478298
1.2828631,0.72699696,1.2162118,0.75761527,0.1726057,0.1433651
2.0929744,0.9617972,1.3397393,0.7918238,0.4075224,0.13861147
1.6193836,0.85733634,1.2575865,0.7462738,0.2564894,0.1487972
1.779153,0.9261709,1.3791358,0.7686384,0.46792367,0.163238
1.7992835,0.8283849,1.5423717,0.77802944,0.43702963,0.14790286
1.63206,0.77874774,1.224405,0.7542967,0.24059524,0.14502887
1.5374477,0.96478766,1.2911041,0.7665455,0.39706218,0.15682594
1.7919663,0.752654,1.2429354,0.78047764,0.36696205,0.14734113
1.2083088,0.8156526,1.4404085,0.80074495,0.4435002,0.13969329
1.4334903,0.5201319,1.3890457,0.7729781,0.28705388,0.14243935
1.4861075,0.63220316,1.7095222,0.79601645,0.08377624,0.115890406
1.471173,0.6666416,1.4380894,0.73979604,0.32893038,0.16792947
1.5335627,0.7243151,1.6171088,0.8326446,0.5670256,0.13152447
1.5800894,0.5699076,1.1499743,0.7723913,0.17700073,0.13453381
1.7715706,0.81145036,1.3636017,0.7528385,0.30172816,0.15580533
1.4081937,0.7350851,1.2783532,0.7780054,0.3015025,0.14215502
1.6212094,0.7357337,1.1962335,0.74667335,0.14325593,0.14521146
1.22567,0.5723603,1.2129745,0.87779987,0.5569948,0.116522804
1.5200824,0.85924137,1.4111245,0.7629845,0.31303948,0.14887808
1.171834,0.61068153,1.4252577,0.7655262,0.46768233,0.1565008
1.2528335,0.99180144,1.1016147,0.83104306,0.20699157,0.119404845
1.7615615,0.7922524,1.2291024,0.7714604,0.25912285,0.1419009
1.5650632,0.5834979,1.2301815,0.76886594,0.25145227,0.14604746
1.7415737,0.89613396,1.1965873,0.7356975,0.122354,0.14833626
1.915198,0.8900341,1.3431594,0.7722949,0.28466114,0.14199334
1.6741775,0.67122346,1.4661386,0.78745997,0.43831143,0.14996202
1.1954798,0.63003767,1.1425433,0.83540636,0.34154904,0.12630457
1.3833373,0.7551037,1.4543526,0.76484394,0.36616358,0.1583041
1.3220589,0.47186768,1.1140728,0.81386054,0.1382814,0.11816539
1.5522603,0.8220792,1.1226919,0.7621687,0.13515359,0.13494161
1.8269975,0.74655265,1.4940126,0.86350816,0.66430026,0.12420068
1.6232612,0.66854733,1.2220116,0.7739342,0.23794167,0.13880691
1.6725591,0.63453686,1.2422731,0.78737897,0.2943999,0.13571931
1.3600684,0.42512378,1.2090366,0.80699617,0.411272,0.13395642
1.2124324,0.9665078,1.4282622,0.78433037,0.32554016,0.14395437
1.3454473,0.74831444,1.2042477,0.79777247,0.32757905,0.13759364
1.8617932,0.90002394,1.3307354,0.7690859,0.33386692,0.13831924
1.6587037,0.7017571,1.427969,0.73315525,0.19056737,0.16323267
1.1603078,0.6803309,1.369345,0.73695195,0.32984456,0.17934005
1.107677,0.73403853,1.4746766,0.7564962,0.34534264,0.14615488
1.1311518,0.8075291,1.5014615,0.76888216,0.3264877,0.15194099
1.3356851,0.99747187,1.1959991,0.84182495,0.30532783,0.118986465
1.4006506,0.63316697,1.1682026,0.7943277,0.34963393,0.13679637
1.2905422,0.51852536,1.3954949,0.79549384,0.45588806,0.15584935
1.9984361,0.93884534,1.3312528,0.7930748,0.44676203,0.14826305
1.323373,0.57360864,1.0374961,0.8273328,0.11340096,0.10916849
1.2092565,0.7499807,1.154013,0.81398493,0.19825602,0.1235566
1.4424784,0.9875714,1.286761,0.7560581,0.3130594,0.15057859
1.195871,0.64440227,1.4209638,0.70809007,0.1356936,0.16842294
1.4617479,0.48442942,1.4392745,0.8524279,0.6483158,0.13086239
1.8170497,0.73886895,1.4762664,0.79768854,0.43255252,0.15159489
1.602419,0.72225875,1.3113573,0.79590493,0.4514956,0.13833407
1.4163669,0.99717575,1.5628772,0.87929314,0.4712456,0.09371961
1.9224997,0.92129314,1.1207924,0.82157356,0.27540958,0.11987526
1.6104039,0.6389172,1.2525172,0.792233,0.35658062,0.14100012
1.8804505,0.9772153,1.3010304,0.80328995,0.4998782,0.1436001
1.0253229,0.88411266,1.2264938,0.7226861,0.12686077,0.15597758
1.2366589,0.7081486,1.2580082,0.78156984,0.32617784,0.14424476
1.3526533,0.76017207,1.2164769,0.7343105,0.09371452,0.14420727
1.1543053,0.5743412,1.1753666,0.7711613,0.18328759,0.13473684
1.9076456,0.7817586,1.1787853,0.80239373,0.22459061,0.12417229
1.3100379,0.8502456,1.2855623,0.7310141,0.1709775,0.15730342
1.5724965,0.80040056,1.3467047,0.7487547,0.28874138,0.1494073
1.9491576,0.8828555,1.1965308,0.79903823,0.24454598,0.1316434
1.848232,0.8248496,1.2305057,0.8003251,0.2939808,0.135509
1.0857067,0.91142386,1.3303773,0.7592069,0.28629744,0.14230527
1.2966034,0.5503177,1.3622875,0.80691105,0.44250157,0.14814354
1.1267827,0.88438994,1.2344258,0.81983024,0.4259947,0.13719016
1.5030107,0.8740476,1.2585588,0.7717521,0.3152206,0.14355679
1.8067405,0.894573,1.1386342,0.8004481,0.15452066,0.12647815
1.593878,0.8948577,1.3114626,0.8228676,0.5085817,0.1285771
1.9418882,0.97455657,1.4795718,0.72866106,0.23097426,0.1641947
1.8302861,0.77059513,1.1981752,0.78993213,0.23425952,0.13364306
1.3960345,0.68450075,1.3301063,0.7377029,0.15339722,0.15224206
1.9270339,0.83772975,1.2111444,0.7910632,0.38485223,0.14438382
1.1816008,0.6314706,1.2984211,0.7270372,0.20378703,0.15738937
1.3065578,0.8456556,1.3673851,0.7981446,0.3322464,0.1479664
1.4396026,0.75653195,1.3669417,0.8023467,0.54739463,0.14853194
1.1252202,0.9820883,1.331804,0.76814187,0.32402414,0.15227914
1.8668414,0.9312944,1.4451673,0.7605688,0.34464574,0.15089452
1.6261722,0.8740596,1.2787077,0.76268953,0.19095868,0.14076221
2.0201373,0.91620415,1.6079991,0.76702905,0.2527041,0.13751934
1.405997,0.8046684,1.4777648,0.75191784,0.32311472,0.15355985
1.1390954,0.6279146,1.3160651,0.68584704,0.1002383,0.167365
1.6971415,0.87719244,1.4065435,0.74150115,0.2547421,0.15213601
1.340909,0.7449881,1.3696432,0.7607628,0.36067262,0.15356979
1.3195045,0.57896966,1.3238363,0.7787887,0.3299969,0.15035306
1.2283274,0.5643124,1.2505217,0.7904798,0.30287153,0.14312574
1.2820218,0.65649086,1.3022878,0.73335874,0.1578233,0.15520704
1.634945,0.924987,1.3237336,0.73373306,0.21078703,0.15411483
1.2964749,0.5106784,1.1898324,0.74527025,0.11077386,0.14026617
1.2694569,0.8441637,1.2803607,0.77745736,0.33411455,0.14692731
1.2849143,0.5038738,1.2221982,0.76035386,0.241371,0.14669888
1.4901857,0.4917421,1.5922747,0.8171634,0.4228955,0.1259883
2.0105731,0.86799514,1.7384443,0.8662123,0.33306542,0.094531834
1.7986314,0.85389817,1.4747632,0.7191537,0.14867122,0.15162757
1.3163145,0.4927034,1.354022,0.7935,0.36172703,0.14487162
1.7745863,0.7702892,1.0633104,0.8281875,0.16945589,0.11153297
1.5050168,0.70617276,1.1880763,0.7413984,0.14852025,0.14593595
1.2175838,0.7719409,1.3296616,0.7615738,0.28285164,0.14905167
2.1331766,0.9875939,1.3448079,0.8114623,0.41587707,0.13440014
1.1428077,0.60578835,1.2733109,0.77238756,0.2080523,0.13977516
1.548771,0.8581967,1.7073634,0.8407007,0.44161472,0.11665906
1.4109141,0.60399944,1.2497756,0.78927976,0.5028374,0.14532311
1.2627859,0.7439385,1.2710745,0.7435922,0.25121507,0.15347278
1.8492383,0.8282304,1.3180463,0.73358095,0.20886642,0.15536398
1.1925873,0.65567964,1.3285663,0.7966878,0.4059533,0.14328192
1.2427803,0.8747038,1.5639169,0.79480773,0.31181386,0.13149509
1.7228472,0.9958202,1.3869298,0.77028143,0.366728,0.15437779
2.0269608,0.879056,1.3694198,0.7540877,0.37153336,0.16051196
1.2246102,0.58658206,1.1979828,0.7616788,0.20417555,0.14220466
1.9712881,0.88154566,1.3993864,0.7859283,0.40147838,0.13948183
1.1355023,0.6770262,1.2996049,0.7516867,0.22025366,0.14931831
1.5095584,0.74325746,1.3291783,0.79871476,0.3547163,0.13604333
1.5115352,0.77057064,1.2818668,0.7972701,0.39338177,0.1396815
1.3222902,0.9393569,1.4709873,0.76734567,0.3465761,0.14952107
2.0319052,0.9978319,1.2165401,0.8002609,0.3243467,0.1315235
1.3352531,0.41834342,1.1024305,0.8127366,0.18913649,0.12007337
2.0562856,0.9093581,1.6305857,0.8203343,0.40398756,0.11284878
1.4660685,0.4779967,1.2178767,0.8252134,0.4705061,0.13758518
1.4400932,0.9052072,1.3977766,0.8145457,0.7121486,0.13504824
1.4555768,0.90498143,1.3744755,0.72265315,0.17620584,0.15431038
1.3954732,0.48896775,1.7285933,0.82593846,0.2815931,0.116310425
1.2267272,0.67434496,1.473001,0.8056585,0.5280563,0.14762911
1.5703638,0.8317141,1.3755174,0.7209265,0.1826444,0.16492887
1.2912596,0.73199296,1.5614746,0.7794167,0.38847,0.14124626
1.1479558,0.6725739,1.1372671,0.7596369,0.1352813,0.13797642
1.6224792,0.85199,1.5311577,0.77723,0.40040475,0.14563192
1.697041,0.7025957,1.6053634,0.80003935,0.44995022,0.14026506
1.5509723,0.84913856,1.1699376,0.7614543,0.1295498,0.13624112
1.7969964,0.7773076,1.3100734,0.761874,0.24926555,0.14996275
1.8088573,0.8370337,1.4491367,0.8168525,0.6085761,0.14616331
1.5347737,0.5663178,1.2445543,0.80247444,0.47850993,0.13447432
1.9059056,0.8775732,1.5363886,0.79410475,0.40403268,0.13557525
1.5393064,0.53781986,1.5203488,0.8288152,0.5498313,0.1330551
1.6620364,0.63907063,1.5550938,0.7916148,0.49672174,0.15265775
1.3103614,0.44779563,1.5878732,0.7786275,0.4081781,0.14834069
2.0201929,0.9719094,1.4344296,0.76881665,0.33177087,0.14756235
1.9894912,0.86859095,1.5795028,0.7956304,0.41469294,0.12641712
1.2789097,0.6201086,1.7598894,0.90116405,0.49222487,0.08732093
1.4637523,0.7674833,1.2089913,0.7995552,0.3522047,0.14005749
1.9683727,0.9101739,1.8047094,0.87239003,0.34083188,0.09120266
1.4249637,0.5923196,1.4420104,0.7165036,0.22564925,0.16754621
1.3964162,0.67132086,1.3888593,0.7006221,0.10070566,0.16322899
1.8248754,0.7113136,1.9252331,0.900133,0.31634885,0.07629664
1.35048,0.46626982,1.410106,0.71430993,0.1730515,0.16299848
1.1309416,0.6872274,1.513655,0.78332514,0.27853137,0.13378288
1.4177191,0.6343979,1.0093703,0.859487,0.1311154,0.103370436
1.3098824,0.9444006,1.6045804,0.7975804,0.3912347,0.13366292
1.4452875,0.616939,1.1977351,0.8031379,0.24196374,0.13561437
0.9724119,0.8719757,1.3340347,0.76763356,0.33047497,0.1488938
1.6806338,0.8663917,1.2733476,0.7834734,0.33433375,0.14128122
1.2803242,0.7332024,1.4375741,0.74686617,0.2694724,0.14443535
1.3209977,0.75914425,1.2829397,0.7826341,0.23817545,0.13664229
1.5692884,0.72392654,1.2567275,0.7605087,0.20069303,0.13877578
1.5104017,0.66722345,1.2365208,0.7922855,0.3511715,0.13736214
1.413246,0.75269955,1.3198638,0.794133,0.37100586,0.14446422
1.1438832,0.68485653,1.7787144,0.8240329,0.108402796,0.10063371
1.471456,0.4939609,1.4064984,0.7493917,0.2705167,0.16021743
1.1748809,0.5894197,1.105556,0.81293064,0.29811,0.1250544
1.4074334,0.55895334,1.6326225,0.80479896,0.3110481,0.13320653
1.9679145,0.9158162,1.3819788,0.758047,0.2932308,0.15662293
1.3195376,0.806469,1.2753165,0.7567084,0.27443346,0.15447631
1.3693413,0.47766507,1.2323079,0.7940791,0.2672817,0.133289
1.5469004,0.5622801,1.2422326,0.77286816,0.34805548,0.14456393
0.9874873,0.84911865,1.2597401,0.78158736,0.28824002,0.140351
1.4414555,0.9757657,1.4782588,0.78439546,0.4092,0.15274571
0.9554165,0.8348157,1.33599,0.7054513,0.19702363,0.17358983
1.3967154,0.5154904,1.5119946,0.80592424,0.4807981,0.13017432
1.7313651,0.85347617,1.4769542,0.808008,0.36456054,0.14254758
1.3794311,0.9553062,1.0640912,0.8677501,0.26390633,0.106038645
1.7131507,0.9445866,1.52862,0.8631055,0.7744832,0.11820182
1.5720689,0.539269,1.4603975,0.7097558,0.17438433,0.16165364
1.722696,0.9451492,1.0882742,0.79680735,0.14115028,0.12576479
1.2515961,0.88444555,1.2183585,0.72068346,0.044478346,0.1419866
1.2250305,0.5703531,1.4816873,0.7178096,0.22559999,0.15999022
1.6831678,0.9962773,1.5470831,0.779879,0.40667665,0.1411608
1.3425769,0.44824916,1.4233394,0.7842152,0.6297731,0.15198737
1.101003,0.6722648,1.7037656,0.84646887,0.42563975,0.107453525
1.980065,0.92844456,1.3880935,0.7805821,0.40765083,0.1561256
1.6960189,0.630541,1.5456023,0.77166337,0.5168343,0.14800131
1.786969,0.6839424,1.5364377,0.7989524,0.52022946,0.14748716
1.1704856,0.54920685,1.4840388,0.7181114,0.085390426,0.15208411
2.0730546,0.9198725,1.5086813,0.8190063,0.5631834,0.14451492
1.5758367,0.5474477,1.1410322,0.77379864,0.12928493,0.12999599
1.4632971,0.474364,1.0846989,0.786342,0.14513864,0.12698427
1.9443376,0.9955957,1.3333266,0.7964592,0.4408842,0.14039291
1.9198829,0.8143424,1.2848139,0.7456051,0.24126011,0.15152559
1.1318833,0.84621644,1.2844071,0.7864223,0.3072665,0.14212157
1.6007867,0.68037874,1.4518938,0.7461308,0.306711,0.15675223
1.2938006,0.59468216,1.2803864,0.7615239,0.3327005,0.15530048
1.1774985,0.87665004,1.6535408,0.8426642,0.56296796,0.124653004
1.368913,0.55175716,1.2359579,0.7687019,0.27458778,0.14393409
1.3879476,0.87470496,1.2667565,0.7675728,0.39214912,0.15319334
1.5824353,0.86079854,1.6682897,0.765588,0.11771912,0.12883712
1.0905241,0.9171981,1.5880327,0.8204475,0.6492153,0.1466044
1.3973212,0.51728255,1.35077,0.75776136,0.25747126,0.15043442
1.6027147,0.6930113,1.3102329,0.7793262,0.23596284,0.1411523
1.8037066,0.7796378,1.2683704,0.7716027,0.3521752,0.14835307
1.2519604,0.754546,1.5016818,0.7788029,0.24858631,0.12987024
1.4581441,0.88458115,1.2584934,0.73184854,0.10865715,0.14638504
1.4553803,0.49209026,1.2618048,0.82121956,0.469041,0.14217094
1.1091886,0.8946605,1.1420126,0.80847275,0.2135658,0.122913055
1.5415674,0.84581804,1.181026,0.797386,0.22800353,0.13232574
1.567546,0.72476876,1.2488344,0.7501104,0.22892536,0.15108584
1.3801321,0.92663723,1.3455477,0.7529559,0.3226558,0.15174194
1.780516,0.9128546,1.4674013,0.7613942,0.28080696,0.1449818
1.1048528,0.71849793,1.4065158,0.7521405,0.26279244,0.14768872
1.571643,0.900615,1.3683727,0.7199075,0.24592859,0.16984414
1.5827979,0.55209154,1.3203986,0.6987312,0.12708765,0.16698924
1.5035489,0.7731605,1.4829416,0.8212413,0.5670792,0.146663
1.4463005,0.7685719,1.0476339,0.82526034,0.12529929,0.108949095
2.0151424,0.9822173,1.112547,0.8145403,0.23796794,0.12486776
1.1485391,0.93573135,1.3835344,0.7658552,0.3434665,0.15328859
1.1728051,0.7445602,1.1047986,0.7630425,0.08441623,0.1322347
1.9747057,0.9958684,1.3735805,0.756198,0.355659,0.14498712
2.1079867,0.97893023,1.3849523,0.7814683,0.4174357,0.14673667
1.2071894,0.93282795,1.3956516,0.7309189,0.2344737,0.16175981
1.5232681,0.93750954,1.1491337,0.7712821,0.16213895,0.13600376
1.4348528,0.7021431,1.3235805,0.78799343,0.2565132,0.1289544
1.2628675,0.54463255,1.2813487,0.7093465,0.15832125,0.16055512
1.6645153,0.6266463,1.5504014,0.7926545,0.39825267,0.14382891
1.1948283,0.71863425,1.3591464,0.7397431,0.2544694,0.16441885
1.0798684,0.8959114,1.263818,0.73296016,0.17569874,0.1619197
1.502681,0.6256556,1.0694737,0.8409063,0.23673268,0.11384131
1.846136,0.7587874,1.2792256,0.7824751,0.3099327,0.14385855
1.6502727,0.8113477,1.2445624,0.79116535,0.27642497,0.1363377
1.857537,0.9537721,1.294368,0.7687505,0.29657605,0.14572011
1.2655663,0.5432146,1.2849071,0.7559529,0.33119735,0.16171926
1.0752048,0.6575993,1.4351535,0.7626795,0.29128176,0.15559204
1.7910087,0.8659545,1.4215763,0.6979244,0.14340557,0.17116424
1.5424795,0.8586714,1.1910801,0.7381336,0.16949844,0.15011984
1.6480389,0.82002944,1.4479275,0.7697166,0.26568958,0.14973123
2.0267465,0.9713248,1.1959887,0.77711284,0.23324168,0.13809389
1.1900542,0.66642475,1.1389246,0.8161749,0.25681895,0.12662615
1.7901576,0.91158384,1.4810731,0.8034058,0.44305626,0.1420543
1.4344268,0.5439127,1.6453152,0.8515181,0.5157106,0.115108244
1.9803481,0.8747248,1.380477,0.8190738,0.5332759,0.12674974
1.1275102,0.7261533,1.2243321,0.7665256,0.22735403,0.14320771
1.4867971,0.9253212,1.4615831,0.7600465,0.29329947,0.15632707
1.37908,0.602188,1.4237652,0.72185075,0.23369718,0.17349377
1.3030013,0.8487795,1.2255659,0.7642563,0.3025561,0.14477792
1.8583481,0.9422864,1.294754,0.8082487,0.45793954,0.13916565
1.3218101,0.74071115,1.2467601,0.73766196,0.24523062,0.15041043
0.97412455,0.9044978,1.3163729,0.70647407,0.0900559,0.1634225
1.2341706,0.7057698,1.2275972,0.79951173,0.35531044,0.13670774
1.4813187,0.50191534,1.572305,0.8249512,0.5215381,0.14288895
1.7500424,0.9268645,0.9802714,0.83553696,0.12538345,0.104509085
1.9621502,0.92981964,1.4456251,0.8255211,0.63077486,0.13992628
1.2590181,0.5556189,1.3648305,0.7851411,0.3148994,0.14332439
1.2914127,0.51175326,1.3678274,0.72536767,0.26433584,0.15741378
1.6993954,0.64748144,1.413429,0.8119122,0.47348693,0.12782705
1.2601799,0.7907418,1.19893,0.7355836,0.069781914,0.14402418
1.8889624,0.85996836,1.1788232,0.8260189,0.3784474,0.12803963
1.314164,0.56497,1.3603485,0.727507,0.24813643,0.16690956
1.0027418,0.81934404,1.0015893,0.8920451,0.27660385,0.09965054
1.8584447,0.97100776,1.3425746,0.746248,0.2871867,0.15569802
1.3872852,0.50345504,1.3057129,0.7558085,0.2611459,0.15337642
1.6248307,0.69386333,1.4335265,0.75943816,0.44310692,0.16371715
2.0032563,0.96364695,1.2405691,0.7298084,0.18419752,0.1532483
1.5645548,0.5289019,1.4171679,0.7593864,0.29034615,0.14843556
1.2352375,0.9366755,1.400964,0.75727695,0.32046753,0.15072587
1.4903978,0.69318146,1.24407,0.8110734,0.38498253,0.13687234
0.9447671,0.8678244,1.618125,0.8842175,0.5986767,0.09514315
1.0790236,0.99940044,1.107516,0.82448405,0.16570187,0.11590386
1.6822503,0.83022696,1.3810294,0.7736865,0.28420845,0.14100435
1.6639522,0.87619704,1.7497976,0.8474638,0.324404,0.1069784
1.5284202,0.64963394,1.2910333,0.7530965,0.23700687,0.15010174
2.1341035,0.98441374,1.2589555,0.73953074,0.21191369,0.16134532
1.0620903,0.97086257,1.2559278,0.7971572,0.4194936,0.13803507
1.5600737,0.56434,2.0037556,0.92969465,0.49156436,0.07116042
1.1749249,0.64113283,1.7137587,0.92703515,0.6159375,0.08130558
1.48554,0.6876326,1.4150705,0.78135014,0.3104946,0.14781073
1.7143359,0.94547594,1.1252915,0.81126374,0.32284027,0.13432525
1.4466361,0.7641326,1.4635086,0.7381925,0.09342489,0.15310732
1.5262076,0.91016567,1.5615392,0.79553825,0.34133342,0.1316968
1.7162278,0.7876995,1.3514538,0.8051782,0.49823734,0.13481599
1.466463,0.6805251,1.4288819,0.8105226,0.43345767,0.14355624
1.8418761,0.90305597,1.2155721,0.768443,0.28054345,0.14651854
1.5110489,0.6112416,1.407311,0.75734967,0.3450835,0.15084057
1.3327615,0.6497108,1.1352559,0.8016514,0.18741961,0.1243358
1.339372,0.44024014,1.2205219,0.8021392,0.30220968,0.12845232
1.4902681,0.49436975,1.4857552,0.7203107,0.1745773,0.15718974
1.3305908,0.8148772,1.3910081,0.73880595,0.15758209,0.15236458
1.4979872,0.5568642,1.4901495,0.77719843,0.40077773,0.14583611
1.5344621,0.9601695,1.199615,0.81834686,0.19111201,0.11687039
1.5028586,0.6742686,1.3094003,0.7375592,0.26455683,0.15722623
1.4104941,0.5352524,1.7700782,0.86215085,0.557024,0.116637655
1.9287915,0.9398587,1.2992611,0.6961699,0.09304061,0.16164069
1.1209934,0.97362846,1.3444827,0.7449017,0.2044009,0.14898278
1.3801129,0.52324903,1.3076417,0.6885833,0.11065153,0.16680624
1.6370633,0.85783964,1.1676266,0.7585615,0.16161446,0.14389992
1.6666007,0.6967842,1.5709023,0.8125085,0.4416213,0.13604234
1.5393722,0.9104594,1.4962881,0.867704,0.7579772,0.12463012
1.4267762,0.7218728,1.7065704,0.8600928,0.74176013,0.10664955
1.5723764,0.73013276,1.6976845,0.77342904,0.033608768,0.11716149
1.6715387,0.6133885,1.2321463,0.8547713,0.49621168,0.12021605
1.223506,0.8267016,1.3456426,0.72111696,0.18894243,0.16880204
1.5918285,0.69576216,1.3781245,0.74078476,0.2458166,0.15216053
1.0190276,0.89497983,1.5605402,0.8308072,0.46469432,0.11749343
1.292985,0.65377194,1.0635254,0.8144912,0.16107704,0.115692995
0.96499276,0.8788323,1.1928294,0.7452571,0.14940819,0.14395934
1.1479213,0.6666001,1.4520464,0.7824284,0.33236128,0.1411565
1.3985095,0.9230085,1.3552201,0.8005559,0.4506804,0.14274311
1.7500178,0.9139702,1.4841392,0.7507343,0.31588665,0.1505238
1.8557389,0.7524043,1.3618128,0.74376506,0.24492034,0.15437964
1.4063988,0.8323927,1.2781076,0.82843286,0.47281066,0.12713434
1.5651492,0.7029994,1.2097816,0.80652124,0.29129454,0.12731026
1.3607017,0.64082927,1.182559,0.7992318,0.26120234,0.12591095
1.27797,0.5639948,1.1967516,0.8114309,0.41857156,0.13167284
1.2954109,0.5456736,1.2233367,0.7604268,0.19012612,0.14380156
2.0561574,0.99452835,1.4631026,0.82538366,0.47121656,0.13233007
1.3175648,0.6255795,1.2876706,0.7574201,0.2901737,0.14905272
1.3400631,0.44185522,1.5061233,0.8390272,0.48189297,0.13812341
1.6134676,0.56699914,1.5779932,0.80709535,0.43947986,0.14466639
1.6823806,0.6950346,1.4118807,0.73471594,0.21363409,0.14639659
1.8729433,0.84880066,1.634722,0.7965768,0.39246044,0.13134286
1.5985987,0.59749204,1.1876411,0.7980061,0.32359928,0.13238628
1.0351553,0.8428176,1.5486367,0.8016856,0.3171659,0.122373685
1.2434465,0.795391,1.6340811,0.84912235,0.62805665,0.12952052
1.8669026,0.77674526,1.7075336,0.8297177,0.38444713,0.12229335
1.3809838,0.6074084,1.2809317,0.7479437,0.28738457,0.15593736
1.3899548,0.84863997,1.5488014,0.7745389,0.27609783,0.14934173
1.4182911,0.538613,1.5625606,0.77701473,0.22691551,0.13789208
1.6226741,0.5691582,1.2434986,0.78367066,0.23262477,0.13225451
1.6729084,0.6785247,1.0265436,0.838085,0.14983703,0.10946545
1.5095232,0.6973266,1.2468402,0.7681102,0.26179847,0.1431183
1.5216309,0.51667243,1.3869863,0.8091304,0.4590013,0.14136237
1.08851,0.66469944,1.5239568,0.87830263,0.6556687,0.1144758
1.1902516,0.5957071,1.5881393,0.7690321,0.16579323,0.13198462
1.285248,0.61269146,1.2253788,0.78845906,0.28106216,0.13661107
1.8326613,0.72359663,1.2919557,0.7430445,0.19774471,0.15076996
1.7174252,0.73184294,1.8133802,0.8411935,0.12579627,0.089990124
1.1887192,0.68909997,1.4363127,0.747523,0.27619535,0.16070151
1.4615519,0.4949194,1.4409163,0.7187222,0.18852918,0.17986183
1.1245755,0.98404706,1.2580366,0.7489159,0.23202138,0.15479432
1.6997807,0.9068503,1.4663293,0.78742003,0.36733133,0.14454642
1.7763644,0.72516906,1.2773297,0.7442972,0.1679615,0.14648288
1.4855342,0.5566405,1.3837535,0.71392214,0.2620261,0.16763134
1.4192014,0.8513464,1.6377959,0.8377384,0.5346262,0.12314898
1.307666,0.9343173,1.3512433,0.7566887,0.3848342,0.15778309
1.410439,0.6495548,1.2367046,0.72007376,0.15889539,0.15956832
1.0695062,0.9583281,1.3382232,0.69431925,0.13134845,0.16817105
1.2128373,0.5502247,1.1328976,0.7666997,0.113735765,0.13178222
1.3007026,0.6465601,1.4130611,0.75555706,0.3326063,0.14868768
1.2643647,0.6322075,1.2342486,0.82064086,0.33653486,0.12961566
1.7456201,0.7018944,1.5918553,0.8129592,0.63290817,0.13796182
1.4297161,0.49099225,1.0537763,0.8677959,0.30600953,0.1139234
1.2817671,0.50804484,1.6615498,0.831686,0.41971534,0.12529889
1.5832423,0.66615206,1.2176495,0.77906704,0.30346486,0.14362709
1.2360277,0.8558012,1.3333473,0.7252784,0.22245769,0.15490043
1.3018208,0.4809178,1.3539646,0.7277978,0.2336716,0.16231462
1.4347458,0.5671286,1.4205737,0.76126075,0.30367053,0.15626016
1.4170846,0.5181951,1.5532906,0.78524625,0.35692888,0.1419781
0.8809862,0.9912881,1.1333287,0.7664598,0.13379441,0.13547036
1.1310796,0.6240419,1.2792227,0.77365553,0.26149878,0.14421013
1.3661402,0.624088,1.6360164,0.81573313,0.32582512,0.12266968
1.0612799,0.73028183,1.2302988,0.76171243,0.18495283,0.13916036
1.3475832,0.44793132,1.3469193,0.7408619,0.17743923,0.15202504
1.4498733,0.70258766,1.7239819,0.8458063,0.5972955,0.12250702
2.0667293,0.9796991,1.1244283,0.8038281,0.24807952,0.13167907
1.2719162,0.5613424,1.1775758,0.7943534,0.2645873,0.13231128
1.732517,0.7544919,1.4711585,0.7141914,0.21139601,0.16390483
1.9035391,0.82846576,1.2951281,0.7661212,0.23337272,0.14537938
1.969592,0.82194084,1.2096004,0.7811622,0.29360119,0.1399884
1.3933296,0.676315,1.4639027,0.8134636,0.45380616,0.1289497
1.0756512,0.74392813,1.2428172,0.79029524,0.331246,0.14003342
1.6841218,0.92592937,1.8866553,0.8826038,0.4669451,0.09036596
1.5371556,0.59666836,1.5852289,0.82085013,0.50726944,0.13690609
1.6788958,0.88315207,1.3208623,0.71889484,0.15200047,0.15950191
1.2969801,0.9616903,1.2982736,0.75853044,0.27418786,0.15098543
1.3314725,0.85938764,1.3403752,0.82454246,0.43103382,0.13258427
1.4643078,0.5426718,1.2490742,0.75137746,0.14541472,0.14405021
1.7073146,0.9695622,1.1766986,0.8077455,0.28553325,0.13041595
2.0029929,0.9684608,1.3655481,0.752998,0.35220432,0.15109956
1.5001758,0.8963229,1.3401368,0.78515226,0.32562017,0.13400327
1.5341672,0.63858217,1.2564611,0.71081805,0.11111347,0.16045879
1.643789,0.8296551,1.3189092,0.7450262,0.21012895,0.15287273
1.4147913,0.45346346,1.1963015,0.7808493,0.22448665,0.1361247
1.1540173,0.6922762,1.802165,0.83153886,0.26731062,0.11868616
1.4737068,0.5798251,1.3301494,0.77543724,0.29268694,0.14636634
1.9182034,0.79505444,1.7271249,0.84831595,0.36315152,0.10372343
1.5704964,0.8802276,1.3992515,0.7648897,0.3007518,0.15202957
1.0655751,0.70956826,1.4039285,0.66225904,0.011181014,0.16934203
1.3083131,0.9499319,1.358443,0.7866783,0.3978104,0.14220238
1.2840286,0.5167413,1.272932,0.8281677,0.42433223,0.12534377
1.1968195,0.70524675,1.8226974,0.9326541,0.6552685,0.0814636
1.4279119,0.4574915,1.3654785,0.7321606,0.30727425,0.16192785
1.5346017,0.55789876,1.2080133,0.7353765,0.10526113,0.1448095
1.3275212,0.67903286,1.4429166,0.7849948,0.51575446,0.16642836
1.7879312,0.8228276,1.3604126,0.73185533,0.26216868,0.17105952
1.7447511,0.99378866,1.5035884,0.71695566,0.08035318,0.15240829
1.3685378,0.48915026,1.4651148,0.8108893,0.46137407,0.13652326
1.4545358,0.49902257,1.3185253,0.7656994,0.41847858,0.14789417
1.7238778,0.63806677,1.3774974,0.7422956,0.26096046,0.15101726
1.6660408,0.77587384,1.1789908,0.7662967,0.1635178,0.13898651
1.0891622,0.94187725,1.3625007,0.78185505,0.43628734,0.14660661
1.0549349,0.9062586,1.2731991,0.73351765,0.12422186,0.14874591
1.3296288,0.99113196,1.3558455,0.7630022,0.33265066,0.15016517
1.681888,0.76088434,1.293004,0.7546749,0.2056377,0.15292276
1.6517798,0.6981001,1.243828,0.77024984,0.26794502,0.14259534
1.4023104,0.48942307,1.4186063,0.78091484,0.411447,0.1506846
1.2883008,0.58765376,1.1598725,0.74353814,0.07515931,0.13834012
1.2520001,0.83080304,1.3891616,0.735797,0.22092333,0.15317363
1.3310448,0.5256918,1.236948,0.7645264,0.23715205,0.14535575
1.2338539,0.8023308,1.3652022,0.7172941,0.25631562,0.16437516
1.5294713,0.58333707,1.6066334,0.763523,0.15720616,0.13319784
1.9030439,0.88250124,1.348784,0.7456709,0.26334593,0.15658848
1.586706,0.5799421,1.4658558,0.7843438,0.40797868,0.14767125
1.5159757,0.51464915,1.1493666,0.80997884,0.22967666,0.13354851
1.6782197,0.8274987,1.2102375,0.7372254,0.15927729,0.14984028
1.6377088,0.7098328,1.6012135,0.8137824,0.44846803,0.1359204
1.9115877,0.8740251,0.98487514,0.8443984,0.16912143,0.109428145
1.8710757,0.82172406,1.2453194,0.7324016,0.16374663,0.15588512
1.2550551,0.7446415,1.2555759,0.77775407,0.3020034,0.13933405
1.8157282,0.83636266,1.2701299,0.7497157,0.2612068,0.15518221
1.1230818,0.61784637,1.2487421,0.8156511,0.37011468,0.12841378
1.2313889,0.5526219,1.761677,0.87012917,1.023861,0.11854544
1.1617441,0.887781,1.478606,0.732355,0.21436633,0.15881601
1.8632782,0.75919974,1.1724946,0.80457383,0.3065113,0.13252544
1.5894209,0.64915633,1.3540311,0.6683322,0.074449375,0.17430948
1.4216647,0.76169795,1.2423239,0.7942285,0.31299356,0.14206788
1.4996802,0.78393483,1.4859176,0.8048882,0.3697391,0.13220866
1.993489,0.88006765,1.4851406,0.762228,0.28219685,0.1448082
1.8153161,0.9669641,1.2333112,0.77862483,0.1961459,0.13488774
1.2971234,0.9972763,1.2852664,0.8274072,0.45777547,0.12684987
1.4889797,0.68738616,1.3392618,0.7906987,0.37089366,0.14652683
1.3127668,0.5810096,1.134515,0.7926534,0.22768041,0.13047725
1.7297527,0.7577353,1.6631949,0.80286163,0.36033034,0.12956664
1.5216428,0.918186,1.3051999,0.72197026,0.20965005,0.15988421
1.4514074,0.9016244,1.545691,0.78933793,0.33361837,0.13409638
0.96324205,0.81835634,1.2723641,0.7108168,0.10223995,0.15638174
1.317321,0.5769158,1.2497652,0.69878554,0.08600798,0.16341709
1.608648,0.58353317,1.3438551,0.72713375,0.2699962,0.16093796
1.4112798,0.59536064,1.3937774,0.8181427,0.4614575,0.13129291
1.7640625,0.84310997,1.2302794,0.7593465,0.22157815,0.14474136
1.3697494,0.4943843,1.3151703,0.74593854,0.2822374,0.14739996
1.7908231,0.8429836,1.4107709,0.8272677,0.5350848,0.13315813
1.4875678,0.75253224,1.4307194,0.70950806,0.15581594,0.16848412
1.8218007,0.9829628,1.3238256,0.8009185,0.41308707,0.13879192
1.3276327,0.79991585,1.1294694,0.7534067,0.10115679,0.13617146
1.2711407,0.7582774,1.3905272,0.7921284,0.42845252,0.14155275
1.476306,0.51011074,1.2904751,0.7913561,0.36687726,0.14030977
1.2305466,0.94692236,1.261981,0.7732893,0.29185528,0.14489357
1.4369292,0.45501187,1.214901,0.74619174,0.18327677,0.1488735
1.9750419,0.94022626,1.373451,0.69697464,0.12582067,0.16580454
1.4774029,0.60042256,1.4400148,0.6895788,0.055971317,0.16418394
1.3463285,0.9573155,1.3288157,0.77496135,0.4155577,0.14490403
1.673705,0.6386044,1.6166141,0.850469,0.5304251,0.11896218
1.3392782,0.45596665,1.345062,0.7220366,0.1804579,0.16083711
1.3782226,0.71071637,1.7999773,0.8625874,0.21443905,0.093301505
1.7588103,0.88196766,1.379194,0.7307186,0.17832407,0.15577815
1.6445837,0.7023153,1.4150248,0.76100034,0.30264002,0.15804906
2.0307863,0.87801343,1.5498097,0.8060009,0.43560097,0.14266145
1.3873382,0.5543107,1.3644776,0.760352,0.28742555,0.14622633
1.3585348,0.42529115,1.260143,0.724163,0.11246456,0.15502587
2.0839558,0.9191316,1.3161275,0.7355994,0.19337384,0.14801413
1.3582927,0.93786645,1.2170627,0.80720997,0.39411253,0.13314095
2.0337884,0.9087057,1.2671037,0.7252355,0.14756428,0.15463129
1.7169594,0.76808333,1.5059626,0.7212751,0.15225771,0.16052689
2.1184897,0.9582731,1.175328,0.8124943,0.26343304,0.12167152
1.1427324,0.8501038,1.2765622,0.7169536,0.12801176,0.15825665
1.3057696,0.9462042,1.6568239,0.7823912,0.10983484,0.12529767
1.4384631,0.7998373,1.4632151,0.79848754,0.41373026,0.15021822
1.7168974,0.96164,1.7459669,0.9097896,0.9477911,0.10262815
1.4283996,0.4617371,1.1364405,0.79140985,0.17985371,0.1296734
1.7168517,0.78288776,1.3123095,0.8005946,0.35940704,0.1414911
1.4021543,0.88381904,1.1722163,0.84082484,0.3513319,0.12450647
0.98042357,0.90450704,1.3551981,0.7834777,0.41841024,0.1511231
1.3447964,0.9097348,1.1188278,0.7847594,0.18564443,0.1311465
1.613849,0.99989,1.0944364,0.8202309,0.222169,0.12016478
1.2252957,0.7354402,1.4572098,0.7600975,0.21479759,0.14769737
1.1948091,0.9583666,1.5102048,0.7486103,0.16825514,0.1465653
1.471984,0.8508293,1.4245305,0.7728052,0.56431556,0.15301035
1.5541362,0.5640265,1.2555325,0.7453165,0.23393363,0.15059343
1.4372476,0.7772318,1.4252703,0.74301666,0.20055209,0.15776645
1.8135469,0.85767215,1.4010243,0.72066,0.21290928,0.1567449
1.257972,0.6729781,1.6415601,0.8269964,0.41559502,0.119124904
1.3574163,0.9625644,1.5981557,0.76298136,0.24515043,0.14481129
1.8492401,0.9238353,1.525871,0.8497638,0.61959386,0.116868645
1.8863226,0.94408864,1.3933244,0.7638195,0.33941898,0.14288913
0.97677,0.8198642,1.4018295,0.7403286,0.26805657,0.15224943
1.6867297,0.7836863,1.6785254,0.8474695,0.4322575,0.10864636
1.0225374,0.80895543,1.3126245,0.78369284,0.3867152,0.14819221
1.3179986,0.7919937,1.2573135,0.7868728,0.3740115,0.1419352
1.3009868,0.9371894,1.2390149,0.76347935,0.22356878,0.14276052
1.0647506,0.70890564,1.3429217,0.7132492,0.15747042,0.15974614
1.1654075,0.6898261,1.3487885,0.75836587,0.3173351,0.14741339
1.3577995,0.96395296,1.1636088,0.80570215,0.3122284,0.1348506
1.0756339,0.8289383,1.5214155,0.7847193,0.2669592,0.13601686
1.7400727,0.77491397,1.4533043,0.7867999,0.30936304,0.13155638
1.427557,0.82178736,1.3309734,0.73139465,0.16445072,0.15460178
1.5710684,0.669573,1.2008262,0.83790624,0.37068447,0.12092443
1.2402036,0.6648312,1.8740594,0.86717796,0.23826529,0.08989408
1.813736,0.7839816,1.1616206,0.80754673,0.30101,0.13561921
1.2860068,0.63980186,1.1446643,0.7913549,0.20658751,0.12883486
0.9286632,0.9820337,1.5625813,0.78565264,0.49064624,0.14313625
1.762989,0.77743644,1.3945346,0.7465627,0.24577728,0.1605212
1.9518995,0.91384614,1.4107554,0.76972353,0.36484122,0.16106991
1.3244108,0.59825927,1.3960266,0.71610624,0.22203933,0.16917315
1.506859,0.50170326,1.8122196,0.84595263,0.19487315,0.10727936
1.73325,0.973448,1.1249082,0.7587949,0.108606584,0.1366232
1.2759415,0.799239,1.3427696,0.7409489,0.20788829,0.15159117
1.7469509,0.8583353,1.5810676,0.7865299,0.345714,0.1310738
1.792778,0.90099365,1.1895821,0.7663286,0.2223547,0.1404109
1.3464211,0.47343075,1.3998573,0.74119663,0.31649393,0.1574984
1.6029198,0.81418055,1.3615179,0.7235155,0.20709388,0.1673477
1.2498094,0.8119309,1.4143026,0.800875,0.42724678,0.13824195
1.3906177,0.5840663,1.2384214,0.7743981,0.31415567,0.14509766
2.0139952,0.8971165,1.5205622,0.78339684,0.33872738,0.14220764
1.7662641,0.7148009,1.4528077,0.7664787,0.28031388,0.15245606
0.95400995,0.8379362,1.665494,0.826516,0.36930132,0.12171901
1.2795684,0.5217639,1.4376161,0.76305807,0.36783585,0.14636873
1.2116789,0.51903677,1.2616162,0.7914076,0.42363092,0.14428061
1.3185186,0.72538376,1.3605103,0.79419357,0.44456995,0.14903523
1.2813765,0.58344275,1.6115885,0.8593188,0.5942182,0.113268696
1.6068774,0.9597135,1.4340918,0.7875893,0.5009163,0.1451846
1.2053283,0.8633694,1.2189338,0.7448808,0.20095417,0.15005866
1.6265507,0.5750793,1.3302023,0.8023806,0.36353678,0.14054728
1.7669544,0.83906955,1.1645592,0.758754,0.1305002,0.14189783
1.629207,0.94856113,1.3582208,0.7618388,0.34079605,0.14732166
2.0207088,0.88723993,1.3172731,0.75806266,0.271407,0.16226342
1.4538178,0.6119234,1.4459138,0.75150913,0.2878499,0.15215638
1.291062,0.7169844,1.1308694,0.78545225,0.2141244,0.13281338
1.1691902,0.6957444,1.0579257,0.8238579,0.12698306,0.11028932
1.2457439,0.7279767,1.3037963,0.8013217,0.4175089,0.14005478
1.4500883,0.9843742,1.4089324,0.78125006,0.34794992,0.14986634
1.9419738,0.9166786,1.5715816,0.7536992,0.10514058,0.13568904
1.6001009,0.73164785,1.243283,0.762683,0.17292652,0.13717377
1.1449664,0.76650584,1.4098859,0.785332,0.41296372,0.1477827
1.4722058,0.6491894,1.294688,0.71802324,0.20206533,0.16308716
0.9844732,0.8080872,1.5848482,0.814086,0.3932234,0.13324347
1.6519697,0.8124654,1.1626537,0.82170534,0.29292864,0.12556662
1.8742971,0.80904305,1.3562133,0.8115008,0.4000968,0.1323624
1.217319,0.6536338,1.2932951,0.8252085,0.5028296,0.13672309
1.5652072,0.85539526,1.0816543,0.813264,0.2025451,0.12658021
1.8118113,0.7145223,1.2072444,0.7537103,0.14045832,0.1427557
1.461274,0.83444,1.3158233,0.7027265,0.1266559,0.16050382
1.4994433,0.529796,1.2706277,0.7389697,0.17772618,0.15217358
1.4523686,0.54504126,1.4563696,0.8591028,0.8278508,0.1305712
1.9378529,0.9946911,1.0631622,0.83699906,0.15456055,0.1102412
1.2481784,0.9639977,1.7145815,0.8268701,0.4234925,0.11663771
2.044418,0.924198,1.2055314,0.74990976,0.15213032,0.14376667
1.494297,0.5531148,1.1050305,0.81098706,0.17002596,0.119909965
1.4833791,0.5278731,1.3040004,0.71626174,0.21070652,0.17616533
1.3611206,0.5865087,1.3553743,0.78449965,0.30237874,0.14422825
0.9939633,0.8497502,1.3727362,0.7543876,0.35188505,0.15150768
1.6528219,0.9921989,1.2747986,0.7459918,0.24790704,0.14935873
1.7418615,0.75919986,1.1355104,0.78497124,0.20741667,0.13351248
1.7052755,0.64278686,1.2636604,0.8134889,0.39846534,0.13231507
1.6871784,0.7111447,1.9746177,0.92368025,0.35626668,0.07147509
1.5169227,0.5362207,1.4089754,0.845949,0.6042879,0.11767704
1.5573428,0.59513074,1.2889807,0.7905545,0.32599553,0.14581473
1.6221429,0.63860554,1.2357857,0.8290091,0.4355063,0.13010967
1.4268703,0.517379,1.5223441,0.8419586,0.8014229,0.123134114
1.39864,0.7977597,1.5123849,0.78712654,0.41563675,0.15383458
1.6753185,0.7135284,1.467668,0.79165214,0.49129286,0.1583472
1.9618644,0.98159295,1.4510913,0.7763502,0.3761271,0.1395565
1.6124697,0.91269416,1.3168552,0.77399445,0.37994942,0.1492144
1.750371,0.7430554,1.2603059,0.7529764,0.18877162,0.14002444
1.1659065,0.7338749,1.2951865,0.7787655,0.329064,0.15139136
1.2770089,0.8222242,1.4746027,0.7923899,0.39431965,0.15578982
1.5229905,0.8745705,1.4361293,0.8331884,0.47553807,0.1385198
1.2980628,0.5203141,1.4834356,0.76560414,0.23521355,0.14840953
1.5989413,0.5660516,1.3239067,0.80021757,0.37465557,0.14769441
1.3522416,0.5754469,1.4561038,0.7476774,0.34396416,0.14914273
1.1637309,0.5500101,1.3012626,0.79036236,0.3100802,0.14473517
1.7381165,0.99697876,1.2280536,0.8025569,0.3382581,0.13747546
1.7006359,0.96290106,1.4981658,0.7569852,0.35238388,0.15101182
2.1004288,0.9937379,1.3786988,0.81126416,0.49309433,0.13490696
1.4249114,0.51281667,1.3352101,0.70752037,0.071214974,0.1632144
1.4928575,0.71202487,1.2014182,0.85374606,0.41721618,0.11909705
1.5480523,0.8685548,1.2187705,0.75843024,0.22379997,0.15161452
1.6523061,0.92186433,1.4453597,0.69546485,0.10895725,0.16454194
1.7545688,0.9352214,1.1586637,0.7542438,0.10947374,0.13797018
1.196296,0.6997864,1.0102175,0.83055466,0.07262151,0.10180258
1.6062063,0.68855935,1.5358441,0.81435245,0.54041964,0.1460907
1.9137876,0.78911495,1.215842,0.80054945,0.2910904,0.13424405
1.7311645,0.785135,1.2433069,0.7474159,0.1469148,0.15007387
1.395535,0.78627396,1.4129262,0.7700105,0.4180714,0.14781538
1.6233839,0.56862605,1.189987,0.8224886,0.4077392,0.13275883
1.8225104,0.94027245,1.3883734,0.8195814,0.5034813,0.13475789
1.3178695,0.5584275,1.4506147,0.78167206,0.39547148,0.15475413
1.6801407,0.97045124,1.3428609,0.7481196,0.247568,0.15083058
1.3620496,0.5348552,1.2377036,0.77671254,0.3530213,0.1399673
1.201965,0.5635369,1.3227863,0.81529075,0.39796188,0.13460414
1.4630512,0.81011486,1.2953556,0.73288,0.16428,0.15884985
1.5438426,0.5809365,1.7224171,0.8622949,0.77345103,0.12185958
1.6120315,0.84202576,1.3464348,0.77392656,0.26525086,0.14137082
1.7982284,0.7887234,1.4797661,0.7897425,0.44684643,0.14562999
1.9969369,0.8959466,1.3180616,0.76444674,0.2636336,0.14891513
1.1760805,0.6746444,1.1723596,0.88825643,0.42172754,0.09814746
1.3457417,0.49781233,1.1425993,0.78865445,0.20619956,0.13542409
1.6068809,0.9617684,1.4019349,0.7179891,0.23144092,0.17518078
1.5263985,0.93858093,1.3941581,0.6802964,0.07829057,0.17585963
0.93744564,0.8643947,1.207258,0.8222025,0.31244546,0.12792365
1.20939,0.9495828,1.3453641,0.71087754,0.08947014,0.15708902
1.356914,0.8409715,1.3745444,0.707597,0.12902316,0.16574365
1.4533086,0.7871002,1.3648026,0.6877539,0.20216995,0.18790907
1.7077684,0.8813411,1.1080551,0.7898472,0.14619115,0.12761956
1.6125079,0.6276359,1.4729574,0.83580893,0.71799123,0.12314058
1.506798,0.94119954,1.3008273,0.76225704,0.22032008,0.14637738
1.2751229,0.7918101,1.9895589,0.9154034,0.3756316,0.072089754
1.5692956,0.6066013,1.2500391,0.7716758,0.2303666,0.14583483
1.2528889,0.70198745,1.130051,0.8124433,0.21510836,0.12350992
1.6361785,0.8714972,1.2602513,0.7231951,0.21238433,0.16092534
1.4427994,0.6103827,1.206291,0.77349854,0.22465733,0.14238568
