chirp_mass_true,chirp_mass_pred,sigma_chirp_mass_pred,chirp_mass_residual,chirp_mass_zscore
1.8730378,1.5554383,0.38629583,-0.31759953,-0.8221666
1.1510143,1.5552337,0.38643074,0.4042194,1.0460333
1.4340866,1.555234,0.3864309,0.121147394,0.31350338
1.7762028,1.5552342,0.38643062,-0.2209686,-0.5718196
1.7639625,1.555234,0.3864305,-0.20872855,-0.5401451
1.699952,1.55523,0.38643005,-0.14472198,-0.37451017
1.3714128,1.5552325,0.38643062,0.18381977,0.47568634
1.7462583,1.555438,0.38629577,-0.19082022,-0.4939744
1.3092222,1.5554391,0.386296,0.2462169,0.6373788
1.8721797,1.5552342,0.38643074,-0.31694555,-0.8201872
1.4614973,1.55523,0.3864302,0.093732715,0.24256054
1.6621687,1.5552328,0.38643062,-0.10693598,-0.2767275
1.482705,1.555234,0.38643074,0.07252896,0.18768941
1.5167601,1.5554392,0.38629594,0.038679123,0.10012821
1.8341815,1.5554383,0.3862959,-0.27874327,-0.7215796
1.1586872,1.555438,0.3862959,0.3967508,1.0270644
1.0653925,1.5552335,0.38643074,0.48984098,1.2676035
1.3694371,1.555234,0.3864309,0.18579686,0.4808023
1.292294,1.5552332,0.38643065,0.2629392,0.68043053
1.576134,1.5554391,0.386296,-0.020694852,-0.053572524
1.2531325,1.5552332,0.38643062,0.30210078,0.7817724
1.879499,1.5554388,0.38629594,-0.3240602,-0.838891
2.1307564,1.5554378,0.3862959,-0.5753186,-1.4893209
1.3220714,1.5552299,0.38643008,0.23315847,0.6033652
1.9047012,1.5554392,0.386296,-0.349262,-0.9041305
1.4685107,1.5552318,0.3864304,0.08672106,0.22441573
1.5483062,1.5554457,0.38629696,0.0071394444,0.018481752
1.8861492,1.555438,0.38629588,-0.33071113,-0.8561083
1.2514304,1.555439,0.38629594,0.3040086,0.78698367
1.7829578,1.5554397,0.38629612,-0.22751808,-0.5889732
1.8549658,1.5554392,0.386296,-0.29952657,-0.77538097
1.1902348,1.5554383,0.38629577,0.3652035,0.9453987
1.3822391,1.5554389,0.386296,0.17319977,0.44836026
1.6269139,1.555438,0.38629594,-0.07147586,-0.18502878
1.7439573,1.5554379,0.3862959,-0.18851936,-0.488018
1.2729269,1.555438,0.38629588,0.28251112,0.7313335
1.7649845,1.5554397,0.38629603,-0.20954478,-0.5424461
1.3838055,1.5552335,0.38643062,0.17142797,0.443619
1.3996063,1.555233,0.38643056,0.15562665,0.40272865
1.8283322,1.5552298,0.38643023,-0.2731024,-0.70673144
1.1131079,1.5554376,0.38629588,0.44232965,1.145054
1.258075,1.5554383,0.38629594,0.29736328,0.769781
1.781314,1.5554389,0.38629594,-0.22587514,-0.58472043
1.1107183,1.5554397,0.38629612,0.44472146,1.151245
1.4622736,1.5552329,0.38643062,0.092959285,0.24055879
1.5901871,1.5554384,0.38629588,-0.034748673,-0.08995352
1.8012016,1.5554388,0.38629606,-0.24576283,-0.6362033
1.4638433,1.5554383,0.386296,0.091594934,0.23711075
1.0248618,1.5554392,0.386296,0.5305774,1.3734996
1.1879983,1.5554394,0.38629603,0.36744106,0.95119035
1.4760665,1.555438,0.3862959,0.07937157,0.20546831
1.3160661,1.5552335,0.38643065,0.23916733,0.618914
1.1549307,1.5552335,0.38643077,0.40030277,1.0358977
1.3664364,1.5552331,0.38643065,0.18879676,0.48856568
1.8584754,1.5554383,0.38629583,-0.30303717,-0.7844692
1.3919555,1.5554379,0.3862959,0.16348243,0.42320517
1.7459539,1.5552328,0.38643077,-0.19072115,-0.49354547
1.4778042,1.5552342,0.38643056,0.07743001,0.20037238
1.3340348,1.5552294,0.38643008,0.22119462,0.5724053
1.4305215,1.5554391,0.386296,0.12491763,0.3233728
1.7057552,1.555438,0.38629577,-0.15031719,-0.38912463
1.6286327,1.5552342,0.38643065,-0.07339847,-0.18993957
1.3595521,1.5552335,0.38643068,0.19568133,0.50638145
0.93502116,1.5552335,0.38643074,0.6202123,1.6049767
1.5544866,1.5554384,0.3862959,0.00095176697,0.0024638288
1.0929396,1.5554385,0.386296,0.4624989,1.1972655
1.0718306,1.555439,0.386296,0.48360837,1.2519114
2.0638824,1.5554391,0.38629603,-0.50844324,-1.316201
1.4089962,1.555232,0.38643056,0.14623582,0.37842718
1.8091135,1.5552331,0.38643068,-0.25388038,-0.65698814
1.4772952,1.5554389,0.38629594,0.078143716,0.20228976
1.6139961,1.5552332,0.38643056,-0.058762908,-0.15206589
1.0721935,1.5552335,0.38643077,0.48303998,1.2500039
1.492805,1.555232,0.38643053,0.062427044,0.16154791
1.5430477,1.5554385,0.3862959,0.012390852,0.032076064
1.4100542,1.5552335,0.38643056,0.14517927,0.37569305
1.7974209,1.555438,0.386296,-0.24198282,-0.6264181
1.3549819,1.5552335,0.38643065,0.20025158,0.5182083
1.330957,1.5552337,0.38643077,0.22427666,0.5803799
1.1554512,1.5554373,0.38629577,0.39998615,1.0354402
1.4883797,1.5554391,0.386296,0.0670594,0.17359589
1.8297089,1.555439,0.386296,-0.27426994,-0.70999944
0.91142666,1.55544,0.38629603,0.6440133,1.6671497
1.0852151,1.5552329,0.38643077,0.4700178,1.2163053
1.1083516,1.5552342,0.38643074,0.4468826,1.1564364
1.8892995,1.5552324,0.38643038,-0.3340671,-0.8644949
1.2575105,1.5552316,0.38643008,0.29772103,0.77043957
1.4234403,1.5552335,0.38643065,0.13179314,0.3410525
1.2561585,1.555438,0.38629583,0.29927957,0.77474195
1.8875073,1.555439,0.38629594,-0.33206832,-0.8596216
2.0592878,1.555234,0.3864308,-0.50405383,-1.3043832
2.0226138,1.5554385,0.38629594,-0.46717525,-1.2093713
1.3089525,1.5554395,0.38629603,0.24648702,0.63807803
1.532354,1.5554397,0.38629612,0.023085713,0.0597617
1.7610078,1.5554383,0.386296,-0.2055695,-0.5321554
1.6976227,1.5552287,0.38643032,-0.14239395,-0.36848545
1.3022118,1.5552332,0.38643065,0.25302148,0.65476555
1.5073888,1.5554383,0.38629583,0.04804945,0.12438511
1.2053958,1.5554383,0.38629577,0.35004246,0.9061514
1.8560215,1.5554385,0.38629583,-0.300583,-0.7781161
1.6689494,1.555234,0.38643074,-0.11371541,-0.29427114
1.2226644,1.5554386,0.38629594,0.33277428,0.86144906
1.2789708,1.5554385,0.38629594,0.27646768,0.7156888
1.4025289,1.5554385,0.386296,0.15290964,0.3958354
1.3428797,1.5554391,0.386296,0.21255946,0.55025023
1.6016347,1.5554388,0.386296,-0.046195984,-0.11958701
1.2175478,1.555234,0.38643068,0.33768618,0.87385964
1.424113,1.5552337,0.38643065,0.13112068,0.33931231
1.7297568,1.555233,0.38643065,-0.17452383,-0.4516304
0.91977113,1.555439,0.3862959,0.63566786,1.6455464
1.8215315,1.5554391,0.386296,-0.26609242,-0.6888304
1.5223708,1.5554396,0.38629603,0.033068776,0.08560475
1.2998174,1.555439,0.3862959,0.25562155,0.6617247
1.671301,1.5554382,0.38629588,-0.11586285,-0.2999329
1.4466337,1.555438,0.38629577,0.108804345,0.28166074
1.2616434,1.5554391,0.386296,0.2937957,0.76054555
1.4148823,1.5552342,0.38643065,0.14035189,0.36320072
1.3074253,1.5552335,0.38643062,0.24780822,0.6412748
1.68911,1.5552325,0.3864304,-0.13387752,-0.34644663
1.3538027,1.555233,0.38643077,0.20143032,0.5212585
1.3498228,1.5552337,0.38643077,0.20541096,0.5315595
1.3380322,1.5554388,0.38629594,0.21740651,0.5627978
1.18421,1.5554386,0.3862959,0.3712287,0.9609957
1.1564838,1.5552335,0.3864309,0.3987497,1.0318785
1.3366487,1.5552332,0.38643077,0.21858454,0.5656499
0.9774184,1.5554383,0.3862957,0.57801986,1.4963145
1.6115279,1.555439,0.386296,-0.056088924,-0.14519675
1.6703801,1.5554383,0.38629588,-0.114941835,-0.29754868
1.6521547,1.5554392,0.386296,-0.09671545,-0.25036618
1.4863348,1.5552337,0.38643077,0.068898916,0.17829563
1.4858162,1.555438,0.3862959,0.0696218,0.18022919
1.9202924,1.5552335,0.38643053,-0.3650589,-0.94469476
1.4042679,1.5554404,0.38629636,0.15117252,0.3913382
1.1539886,1.5554386,0.386296,0.40145004,1.039229
1.3096743,1.5554383,0.38629594,0.24576402,0.63620657
1.8116336,1.555234,0.38643068,-0.25639963,-0.66350746
1.7921779,1.555234,0.38643065,-0.23694396,-0.6131604
1.1917009,1.555234,0.38643062,0.36353302,0.9407459
1.2103192,1.5554385,0.386296,0.34511936,0.8934065
1.5411494,1.5552292,0.38642988,0.014079809,0.03643561
1.3023642,1.5554388,0.38629594,0.25307453,0.6551312
1.5318613,1.5554376,0.38629577,0.02357626,0.06103163
1.3786428,1.555233,0.38643068,0.1765902,0.4569777
1.39009,1.5552275,0.38642958,0.16513753,0.42734185
1.6321931,1.5552342,0.38643065,-0.076958895,-0.19915318
1.6455085,1.5552319,0.3864304,-0.0902766,-0.23361671
1.5263101,1.5552335,0.38643074,0.028923392,0.07484754
1.1625992,1.5554383,0.38629594,0.39283907,1.0169381
1.6959183,1.5554394,0.38629612,-0.14047897,-0.36365616
1.2672276,1.5552325,0.38643062,0.28800488,0.74529517
1.2562467,1.5552332,0.38643062,0.29898655,0.7737134
1.7011738,1.5554382,0.38629588,-0.14573562,-0.37726423
1.3217856,1.555233,0.38643068,0.23344743,0.604112
1.8012266,1.5552332,0.38643065,-0.24599338,-0.6365783
1.8327934,1.555234,0.38643065,-0.2775594,-0.71826446
1.0931923,1.5552332,0.38643068,0.4620409,1.1956631
1.4978381,1.5552319,0.38643038,0.05739379,0.14852297
1.8871052,1.555438,0.38629588,-0.33166718,-0.8585833
1.7201972,1.5554383,0.38629577,-0.16475892,-0.42650977
1.794086,1.55544,0.38629615,-0.23864603,-0.61777997
1.4104122,1.5554383,0.3862959,0.14502609,0.37542745
1.1837589,1.5554382,0.38629583,0.3716793,0.9621624
1.4322522,1.5554383,0.3862959,0.12318611,0.31889054
1.0052041,1.555438,0.386296,0.55023396,1.4243842
1.5397612,1.5554379,0.38629594,0.015676737,0.040582195
1.9551363,1.5554385,0.38629612,-0.39969778,-1.0346928
1.5622354,1.5554376,0.3862959,-0.0067977905,-0.017597366
1.5899613,1.5552335,0.38643062,-0.03472781,-0.089868166
1.7724762,1.5554385,0.38629588,-0.21703768,-0.5618431
1.5374925,1.5552332,0.38643062,0.017740726,0.045909215
1.1815583,1.5552326,0.38643056,0.3736744,0.96698976
1.4935558,1.5552335,0.38643065,0.061677694,0.1596087
1.5660723,1.5552313,0.38643032,-0.010841012,-0.028054249
1.5668726,1.5552337,0.3864309,-0.01163888,-0.030118916
1.8298119,1.5552335,0.38643065,-0.27457845,-0.71055037
1.6251785,1.5554383,0.38629583,-0.069740176,-0.18053567
1.4297321,1.555233,0.38643062,0.12550092,0.3247696
1.3565271,1.5552307,0.38643008,0.19870365,0.51420337
1.6845797,1.5554382,0.38629583,-0.12914157,-0.33430743
1.6961035,1.5552332,0.38643068,-0.14087021,-0.364542
1.2618746,1.5554385,0.38629594,0.29356396,0.75994575
0.92823464,1.5554394,0.386296,0.6272047,1.6236376
1.9951317,1.5554386,0.38629588,-0.4396931,-1.1382288
1.9019233,1.5554384,0.3862959,-0.3464849,-0.89694166
1.3354467,1.555439,0.38629588,0.21999228,0.5694916
1.4141321,1.5554386,0.3862959,0.14130652,0.36579865
1.7993702,1.5554379,0.38629577,-0.24393225,-0.63146496
1.645225,1.5554382,0.3862959,-0.08978689,-0.23243032
1.5207963,1.5554385,0.38629612,0.03464222,0.089677885
1.3566096,1.5554383,0.3862959,0.1988287,0.51470566
1.6355815,1.555439,0.38629594,-0.0801425,-0.207464
1.3762606,1.5554385,0.3862959,0.17917788,0.4638358
1.2203395,1.5552309,0.38643023,0.33489132,0.86662817
1.5768007,1.5554389,0.386296,-0.021361828,-0.05529912
2.050412,1.5554388,0.386296,-0.49497318,-1.2813313
1.1028748,1.5554388,0.38629594,0.452564,1.1715474
1.5890182,1.555438,0.386296,-0.033580184,-0.086928636
1.7080379,1.5554394,0.38629603,-0.1525985,-0.39502993
1.8332306,1.5552337,0.38643062,-0.2779969,-0.71939665
1.32074,1.5552332,0.38643065,0.23449326,0.6068185
2.0241497,1.5554388,0.386296,-0.4687109,-1.2133465
1.3383348,1.5554391,0.386296,0.21710432,0.5620154
1.7398164,1.5552337,0.38643068,-0.18458271,-0.4776606
1.4651716,1.5552342,0.38643062,0.09006262,0.23306283
1.2395858,1.555233,0.38643062,0.31564724,0.8168277
1.7310598,1.5552326,0.38643062,-0.17582715,-0.45500314
1.44899,1.5554386,0.38629603,0.10644865,0.27556238
1.6332878,1.5554385,0.3862959,-0.07784927,-0.20152755
1.5965772,1.5554383,0.38629577,-0.041138887,-0.10649583
1.5240623,1.5552332,0.38643062,0.031170964,0.08066381
1.4049534,1.5552335,0.38643074,0.15028012,0.38889277
1.7328867,1.5554383,0.38629594,-0.17744839,-0.45935866
1.643076,1.5554389,0.386296,-0.08763707,-0.22686507
1.5609446,1.5554391,0.386296,-0.0055054426,-0.014251876
1.6666036,1.55544,0.38629603,-0.111163616,-0.28776795
1.3472016,1.5552316,0.38643038,0.20802999,0.5383375
1.1788789,1.5554383,0.3862959,0.37655938,0.9747951
1.3162892,1.5552328,0.38643053,0.23894358,0.6183351
1.377567,1.5554388,0.386296,0.1778717,0.46045443
1.1279334,1.5554397,0.38629606,0.42750633,1.1066805
1.4394615,1.5552329,0.38643062,0.11577141,0.29959172
1.4769281,1.5552331,0.38643053,0.078305006,0.20263669
1.5276692,1.555438,0.3862959,0.02776885,0.071884915
1.3722279,1.5552316,0.3864304,0.18300366,0.4735747
1.0922152,1.5554383,0.38629577,0.4632231,1.199141
1.8586879,1.5552326,0.38643062,-0.30345523,-0.7852774
1.6655928,1.5554377,0.38629588,-0.110155106,-0.28515732
1.0129557,1.5554382,0.38629583,0.5424825,1.4043188
1.4422476,1.555234,0.38643077,0.112986326,0.2923844
1.0982714,1.5554388,0.386296,0.4571674,1.1834639
1.0553535,1.5554386,0.3862959,0.5000851,1.2945648
1.5171022,1.5552328,0.3864305,0.03813052,0.09867369
1.572007,1.5554383,0.38629588,-0.01656866,-0.042891115
1.6452448,1.5554383,0.3862959,-0.08980656,-0.23248126
1.832192,1.5554388,0.38629594,-0.2767532,-0.71642786
1.8123901,1.5552335,0.38643053,-0.2571566,-0.6654666
1.7699289,1.5552326,0.38643065,-0.21469629,-0.5555881
1.8121139,1.5554389,0.38629603,-0.256675,-0.66445154
2.0379186,1.5554383,0.38629583,-0.4824803,-1.2489917
1.2978022,1.5554383,0.3862959,0.25763607,0.6669397
1.8289428,1.5552335,0.38643068,-0.2737093,-0.7083011
1.0063184,1.5552337,0.38643077,0.54891527,1.420475
1.1521467,1.5554385,0.386296,0.40329182,1.0439969
1.5674899,1.5552337,0.38643074,-0.0122561455,-0.03171628
1.6121132,1.5552306,0.3864303,-0.05688262,-0.14720021
1.1681058,1.5554383,0.38629583,0.38733244,1.0026835
1.4795152,1.555438,0.38629583,0.07592285,0.19654068
1.1238732,1.5554383,0.38629588,0.43156505,1.1171877
1.4009613,1.55544,0.38629606,0.15447867,0.39989707
1.6729949,1.555438,0.386296,-0.11755681,-0.30431795
1.1224135,1.5554383,0.3862959,0.43302476,1.1209664
1.5888536,1.5554391,0.38629594,-0.033414483,-0.0864997
1.1229777,1.5552332,0.38643074,0.4322555,1.1185846
1.8109431,1.5552225,0.3864289,-0.25572062,-0.66175336
1.1926054,1.5552337,0.38643065,0.36262834,0.9384047
1.4355942,1.5554384,0.386296,0.1198442,0.3102393
1.9173703,1.5552328,0.38643056,-0.36213756,-0.93713486
0.9836436,1.5552332,0.38643068,0.57158965,1.4791518
1.1575007,1.555233,0.38643074,0.39773226,1.0292459
1.2392418,1.5554388,0.38629594,0.31619692,0.81853545
1.6208993,1.5552324,0.38643056,-0.065666914,-0.169932
1.2716321,1.5552316,0.38643032,0.2835995,0.73389554
1.0877414,1.555438,0.38629577,0.46769667,1.2107217
1.3801702,1.55544,0.38629612,0.17526972,0.45371857
1.2693714,1.5554388,0.386296,0.28606737,0.7405393
1.1157541,1.5552303,0.38643005,0.43947613,1.1372721
1.5702631,1.555234,0.38643062,-0.015029192,-0.038892344
1.5284123,1.5554382,0.38629577,0.027025819,0.069961466
1.3338892,1.5552332,0.38643068,0.221344,0.5727909
1.6584736,1.5554383,0.38629588,-0.10303533,-0.26672646
1.7117358,1.5554388,0.38629606,-0.15629709,-0.4046044
1.9726892,1.5554385,0.386296,-0.41725063,-1.0801319
1.3319825,1.5552323,0.38643062,0.2232498,0.57772285
1.8165265,1.5552335,0.38643068,-0.26129305,-0.6761706
1.5480051,1.5554382,0.3862959,0.007433057,0.019241873
1.4165152,1.5554383,0.38629583,0.13892305,0.35962865
1.2724186,1.5552335,0.38643068,0.28281486,0.7318644
1.5459598,1.5554383,0.3862959,0.00947845,0.024536759
1.836596,1.5554389,0.3862959,-0.28115714,-0.7278284
1.6536347,1.555233,0.38643068,-0.098401666,-0.2546425
1.6173368,1.5552332,0.38643065,-0.06210351,-0.16071062
1.8187903,1.555227,0.38642985,-0.26356328,-0.6820469
1.4075757,1.5552335,0.38643074,0.14765775,0.38210663
1.9736989,1.5554386,0.38629594,-0.41826022,-1.0827456
1.2630867,1.5552337,0.38643077,0.29214704,0.75601393
1.256532,1.5554379,0.38629594,0.29890597,0.77377456
1.2141681,1.5552325,0.38643062,0.34106445,0.88260204
1.3380716,1.5554386,0.38629594,0.21736705,0.5626957
1.7482862,1.5552342,0.38643053,-0.19305205,-0.49957764
1.9217868,1.5554389,0.38629594,-0.3663479,-0.94836074
1.3371242,1.5552329,0.38643068,0.21810865,0.56441855
1.7705925,1.5552335,0.38643068,-0.21535897,-0.557303
1.3642476,1.5554383,0.38629583,0.19119072,0.49493343
0.9509054,1.5554382,0.3862959,0.6045328,1.5649474
1.3909315,1.5554386,0.38629606,0.16450715,0.4258577
1.4250599,1.55523,0.38643008,0.1301701,0.33685294
1.5668597,1.5554388,0.38629588,-0.011420965,-0.02956533
1.1240982,1.5552245,0.3864295,0.43112636,1.1156663
1.3746744,1.5554389,0.38629603,0.18076444,0.46794277
1.474348,1.5554382,0.38629588,0.08109021,0.20991735
1.4578723,1.555234,0.38643065,0.097361684,0.25195125
1.4281515,1.5554382,0.3862959,0.12728667,0.32950562
1.1566578,1.5554385,0.38629594,0.3987807,1.0323192
1.9894586,1.5554388,0.38629603,-0.4340198,-1.123542
1.7761731,1.5554394,0.386296,-0.22073376,-0.57141095
1.7633867,1.5554386,0.38629594,-0.20794809,-0.5383129
1.5316137,1.5554382,0.38629588,0.023824453,0.061674107
1.9449084,1.555232,0.38643053,-0.38967633,-1.0083995
1.8931156,1.5554383,0.3862959,-0.33767736,-0.8741417
1.3031144,1.5554392,0.38629603,0.25232482,0.6531903
1.5556688,1.55544,0.38629606,-0.00022888184,-0.0005925037
1.2163349,1.5552309,0.3864302,0.33889592,0.8769913
1.37653,1.5552316,0.3864304,0.17870152,0.46244165
1.6285076,1.5552335,0.3864308,-0.073274136,-0.18961774
1.4381979,1.5554389,0.3862959,0.117241025,0.30350056
1.3665968,1.5554389,0.3862959,0.18884206,0.48885337
1.4906042,1.5554392,0.38629603,0.06483507,0.16783778
1.2082272,1.5552335,0.38643062,0.34700632,0.8979783
1.4434328,1.5554383,0.38629588,0.11200547,0.28994736
1.3378695,1.5554392,0.38629603,0.21756971,0.56322014
1.9205544,1.5552337,0.38643068,-0.36532068,-0.94537187
1.4754355,1.5554383,0.3862957,0.080002785,0.20710245
2.007847,1.5552315,0.38643032,-0.45261562,-1.1712736
1.628979,1.5554384,0.386296,-0.07354057,-0.19037361
1.553894,1.555234,0.38643065,0.0013399124,0.003467407
1.6619918,1.5554385,0.386296,-0.106553316,-0.27583334
1.208035,1.5554377,0.38629594,0.3474027,0.89931744
1.7541357,1.555438,0.38629594,-0.19869769,-0.5143665
1.6732104,1.5552324,0.38643065,-0.11797798,-0.30530182
1.299426,1.5554383,0.38629594,0.25601232,0.66273624
1.4205537,1.5552332,0.38643068,0.13467956,0.3485219
1.1460385,1.5552335,0.38643077,0.40919495,1.0589088
1.4946637,1.5552287,0.38642997,0.060564995,0.15672955
1.6077216,1.555227,0.38642985,-0.052494526,-0.1358449
1.5406691,1.5552309,0.38643017,0.014561772,0.037682805
2.0381508,1.555234,0.38643068,-0.48291683,-1.2496855
1.2780681,1.5554383,0.3862959,0.2773702,0.7180252
1.9370782,1.5552331,0.38643074,-0.38184512,-0.9881334
1.203532,1.5552332,0.38643062,0.35170126,0.9101278
1.2680601,1.5552303,0.38643008,0.28717017,0.74313617
1.3056477,1.5554389,0.3862959,0.24979115,0.6466316
1.5889169,1.555234,0.38643056,-0.033682942,-0.08716428
1.4860542,1.5554395,0.38629603,0.06938529,0.17961688
1.1320887,1.5552332,0.38643074,0.42314458,1.0950075
1.7853243,1.5552332,0.38643056,-0.2300911,-0.59542674
1.1138499,1.5554386,0.386296,0.44158876,1.1431357
1.6813482,1.5552342,0.38643065,-0.12611401,-0.3263561
1.544109,1.5554383,0.38629583,0.011329293,0.029328024
1.5292903,1.555439,0.386296,0.026148677,0.067690775
1.5010104,1.5552322,0.38643074,0.05422175,0.14031428
1.6163775,1.5552318,0.38643032,-0.061145663,-0.15823205
1.3045247,1.5554384,0.38629594,0.25091374,0.6495376
1.7120954,1.5554378,0.3862959,-0.15665758,-0.40553775
1.3341526,1.5554383,0.3862959,0.2212857,0.57283986
1.6211449,1.555232,0.38643056,-0.06591284,-0.1705684
2.0649583,1.555438,0.3862959,-0.5095203,-1.3189896
1.7513247,1.5554392,0.38629612,-0.19588542,-0.50708616
1.2195251,1.555233,0.38643068,0.3357079,0.8687403
0.8937909,1.5552332,0.38643053,0.66144234,1.7116721
1.0654061,1.5552337,0.38643074,0.48982763,1.2675691
1.130319,1.5552335,0.38643068,0.42491448,1.0995878
1.5404173,1.5554385,0.3862959,0.015021205,0.03888523
1.2695996,1.5552331,0.38643062,0.28563356,0.73915875
1.5720068,1.5552332,0.38643065,-0.016773582,-0.043406446
1.0269134,1.5554394,0.38629612,0.52852595,1.3681886
1.44759,1.5554383,0.38629583,0.10784829,0.27918574
1.8401575,1.5552337,0.38643077,-0.2849238,-0.7373217
1.6970539,1.5554386,0.38629588,-0.14161527,-0.36659792
1.2748393,1.555439,0.3862959,0.2805997,0.7263854
2.1228776,1.5554392,0.38629594,-0.56743836,-1.4689213
1.5799379,1.5554383,0.3862959,-0.024499655,-0.06342199
1.574069,1.5554404,0.38629618,-0.018628597,-0.04822361
0.95966303,1.5552335,0.38643077,0.59557045,1.5412086
1.2109797,1.555233,0.38643077,0.3442533,0.89085376
1.7001121,1.5552337,0.38643065,-0.14487839,-0.37491432
1.5992696,1.5552261,0.38642964,-0.04404354,-0.11397558
1.4207947,1.5554383,0.3862959,0.13464355,0.3485503
1.75235,1.555233,0.38643062,-0.19711697,-0.51009667
1.4167422,1.5552335,0.38643068,0.13849127,0.3583858
1.672853,1.5554383,0.38629594,-0.11741471,-0.30395016
1.1537733,1.5552342,0.3864308,0.4014609,1.0388947
1.5330343,1.5554385,0.3862959,0.022404194,0.05799749
1.09414,1.555438,0.38629583,0.461298,1.1941574
1.2469919,1.5552335,0.38643065,0.3082416,0.79766345
1.3767937,1.555233,0.38643068,0.17843926,0.46176267
1.4784822,1.5554383,0.38629583,0.07695603,0.1992153
1.7140635,1.5554385,0.38629594,-0.158625,-0.4106308
1.2211982,1.5554385,0.3862959,0.33424032,0.86524427
1.7911339,1.5554388,0.386296,-0.23569512,-0.6101412
1.4959774,1.5554391,0.386296,0.059461713,0.15392785
1.3540665,1.5554378,0.38629588,0.20137131,0.52128774
1.3030776,1.5552306,0.38643008,0.25215304,0.65251917
1.3362489,1.555438,0.38629588,0.21918917,0.5674126
1.1580738,1.5552318,0.38643032,0.39715803,1.027761
1.259791,1.5554394,0.386296,0.29564834,0.7653414
1.1509757,1.5552326,0.38643056,0.40425694,1.0461309
1.8072606,1.5554389,0.38629603,-0.25182176,-0.651888
1.7537962,1.5552318,0.38643032,-0.19856441,-0.5138427
1.9679708,1.5554383,0.38629583,-0.41253257,-1.0679188
1.804164,1.5554379,0.38629594,-0.24872613,-0.6438745
1.51135,1.5552326,0.38643065,0.04388261,0.11355882
1.776952,1.5554391,0.38629606,-0.22151291,-0.57342786
1.051435,1.555438,0.38629577,0.50400305,1.3047076
1.4067612,1.5554383,0.3862959,0.14867711,0.3848788
1.2073627,1.5552335,0.38643077,0.34787083,0.90021515
1.5485306,1.5552332,0.38643065,0.0067026615,0.017345056
1.4213985,1.5552335,0.38643053,0.13383496,0.3463364
1.1603602,1.5552324,0.38643053,0.3948722,1.0218452
1.2273841,1.555233,0.38643074,0.3278489,0.8484028
1.5739146,1.555233,0.38643065,-0.018681645,-0.04834411
1.5026559,1.5554377,0.38629577,0.05278182,0.13663577
1.86247,1.5554379,0.386296,-0.3070321,-0.7948105
1.0431339,1.5552301,0.38642994,0.5120963,1.3251983
1.9595282,1.5554383,0.38629577,-0.40408993,-1.0460635
1.8495415,1.555231,0.38643017,-0.29431057,-0.76161385
1.0660384,1.555234,0.3864309,0.4891956,1.2659329
1.3674902,1.5552337,0.38643074,0.18774354,0.48584008
1.8162056,1.5552335,0.38643053,-0.26097214,-0.67534035
1.3825772,1.5552325,0.3864305,0.17265534,0.44679534
1.1556051,1.5552335,0.38643068,0.3996284,1.0341529
1.4008689,1.5552317,0.3864302,0.1543628,0.3994584
1.5079454,1.555439,0.38629594,0.047493577,0.12294609
1.4253651,1.5552337,0.38643065,0.12986863,0.33607227
1.412877,1.5552312,0.38643023,0.14235425,0.36838278
1.6504753,1.555233,0.38643062,-0.09524226,-0.24646665
1.5183759,1.5554388,0.38629606,0.037062883,0.09594424
1.2604175,1.5552342,0.38643077,0.29481673,0.7629225
1.3997673,1.5554388,0.3862959,0.15567148,0.40298504
1.6997885,1.5552335,0.38643068,-0.14455497,-0.37407738
1.2578803,1.5552335,0.38643062,0.29735315,0.7694865
1.1887835,1.555439,0.38629594,0.36665547,0.94915694
1.8447398,1.5554388,0.3862959,-0.28930104,-0.7489104
1.9217763,1.5554392,0.386296,-0.36633706,-0.9483325
1.7263426,1.5552332,0.38643074,-0.17110932,-0.44279426
1.6019163,1.5552337,0.38643062,-0.046682596,-0.1208046
1.7763714,1.5554392,0.386296,-0.22093213,-0.57192445
1.0871019,1.5552337,0.38643065,0.46813178,1.2114251
1.248544,1.5552282,0.38642997,0.30668426,0.7936348
1.5296122,1.5552325,0.38643062,0.025620341,0.066299975
1.7072104,1.5552337,0.38643074,-0.1519767,-0.39328316
1.1807055,1.5552331,0.38643062,0.37452757,0.96919745
1.6995263,1.5552326,0.38643053,-0.14429367,-0.3734013
1.9288857,1.5554383,0.38629577,-0.37344742,-0.9667396
1.8122262,1.5552344,0.38643065,-0.25699174,-0.6650398
1.1339147,1.5552335,0.38643062,0.42131877,1.090283
1.7310451,1.5554383,0.38629583,-0.17560685,-0.45459163
1.4168911,1.5552337,0.38643065,0.13834262,0.35800114
1.2889228,1.5554388,0.38629594,0.26651597,0.6899269
1.6867564,1.5554385,0.38629603,-0.13131785,-0.339941
1.8706851,1.5554383,0.386296,-0.31524682,-0.8160758
1.7012366,1.5554388,0.38629594,-0.14579785,-0.37742525
1.342572,1.5552335,0.3864305,0.2126615,0.5503228
1.3892598,1.555438,0.3862959,0.16617823,0.43018374
1.2816608,1.5554386,0.386296,0.27377784,0.7087255
1.4283565,1.55544,0.38629603,0.12708342,0.32897934
1.2080954,1.5552331,0.38643068,0.3471377,0.8983181
1.4533087,1.5554388,0.38629603,0.102130055,0.26438287
1.7051427,1.5552316,0.3864303,-0.14991117,-0.38793844
1.1631098,1.5552342,0.38643062,0.3921244,1.0147343
1.9951129,1.5552306,0.38643017,-0.43988228,-1.1383228
1.6284658,1.5554392,0.386296,-0.07302654,-0.18904296
2.0906336,1.5552298,0.38642994,-0.53540385,-1.3855134
1.2755535,1.5554385,0.3862959,0.27988505,0.72453535
1.8015069,1.5554391,0.386296,-0.24606776,-0.63699275
1.5571728,1.5552335,0.38643056,-0.0019392967,-0.005018487
1.178676,1.555233,0.38643056,0.376557,0.9744493
1.0520332,1.555233,0.38643068,0.5031998,1.3021736
1.316623,1.5554383,0.38629583,0.23881531,0.6182187
1.7009411,1.5554388,0.3862959,-0.14550233,-0.3766603
1.0722755,1.5554385,0.38629594,0.483163,1.2507586
1.8345294,1.5554385,0.38629588,-0.27909088,-0.7224796
1.4194442,1.5552329,0.38643065,0.13578868,0.3513921
1.4980608,1.5554386,0.38629606,0.057377815,0.14853327
1.769607,1.555438,0.386296,-0.2141689,-0.5544166
1.6465633,1.5554376,0.38629594,-0.09112573,-0.23589616
1.6072897,1.5554376,0.38629588,-0.051852107,-0.13422899
1.1638286,1.5552297,0.38642988,0.39140105,1.0128644
1.6581287,1.5554388,0.3862959,-0.10268998,-0.26583242
2.156858,1.5554388,0.3862959,-0.6014192,-1.5568873
1.1904628,1.5554383,0.38629603,0.36497545,0.94480765
1.744741,1.5554392,0.386296,-0.18930173,-0.4900432
1.8022538,1.555438,0.38629583,-0.2468158,-0.6389295
1.5211803,1.5554392,0.38629603,0.03425896,0.08868577
1.5375,1.5554388,0.38629588,0.017938733,0.046437804
1.3377459,1.5552335,0.3864308,0.21748757,0.5628112
1.9186323,1.5554402,0.38629615,-0.36319208,-0.9401908
2.15295,1.5554385,0.3862959,-0.59751153,-1.5467715
1.1313685,1.5552324,0.38643062,0.4238639,1.0968693
1.844845,1.5552307,0.38643032,-0.28961432,-0.74946064
1.2592205,1.5552322,0.38643056,0.2960117,0.76601523
1.3963419,1.5552328,0.38643062,0.15889084,0.4111756
1.2223772,1.5552288,0.38643005,0.33285165,0.8613503
1.5114275,1.5554392,0.38629603,0.044011712,0.1139326
1.7583804,1.5552335,0.38643065,-0.20314693,-0.52570087
1.5476844,1.5552324,0.38643053,0.0075479746,0.019532552
1.5781497,1.5552335,0.38643056,-0.022916198,-0.05930224
1.4009694,1.5554394,0.38629603,0.15446997,0.3998746
1.3581426,1.555438,0.38629588,0.19729543,0.5107365
1.4348655,1.5554383,0.38629577,0.120572805,0.31212562
1.4686564,1.5552311,0.3864302,0.08657467,0.22403702
1.7313445,1.55544,0.38629627,-0.17590451,-0.45536166
1.5507805,1.5554383,0.38629594,0.0046577454,0.012057453
1.6985582,1.5552324,0.38643074,-0.1433258,-0.3708965
1.3882008,1.5552317,0.38643038,0.16703093,0.43224066
1.3833628,1.5554386,0.3862959,0.17207587,0.4454509
1.3259864,1.5552335,0.38643065,0.2292471,0.5932425
1.5414579,1.5554383,0.3862959,0.013980389,0.03619088
1.2174592,1.5552325,0.38643065,0.33777332,0.87408525
2.0252047,1.5554385,0.38629594,-0.46976614,-1.2160784
1.6990701,1.5554385,0.3862959,-0.14363158,-0.3718175
1.4990709,1.5554382,0.3862959,0.056367278,0.14591736
1.3269677,1.5552342,0.38643065,0.22826648,0.5907049
1.558438,1.555438,0.38629577,-0.0029999018,-0.007765816
1.1088414,1.5552315,0.3864304,0.44639003,1.1551628
1.5470536,1.5552332,0.38643062,0.008179665,0.021167226
1.3101758,1.5554392,0.386296,0.24526346,0.6349107
1.7857938,1.5552307,0.38643023,-0.23056304,-0.5966486
1.3238807,1.555438,0.38629588,0.23155737,0.5994301
1.8807818,1.555439,0.38629618,-0.32534277,-0.8422107
1.8572062,1.5554376,0.38629577,-0.30176866,-0.7811855
1.2038119,1.555438,0.38629594,0.35162616,0.9102507
1.4439669,1.5554383,0.38629577,0.111471415,0.28856495
1.3581575,1.5554388,0.3862959,0.19728124,0.5106998
1.3105667,1.5554394,0.386296,0.24487269,0.6338991
1.8647124,1.5554383,0.38629583,-0.30927408,-0.8006146
1.3264577,1.5554385,0.38629603,0.22898078,0.59275985
1.2077405,1.5552332,0.38643065,0.3474927,0.89923686
1.7476621,1.5554378,0.38629594,-0.19222426,-0.4976088
1.1687317,1.5552303,0.3864302,0.38649857,1.0001769
1.1828555,1.555438,0.386296,0.37258255,0.9645001
1.505637,1.5552316,0.38643038,0.04959452,0.12834013
1.1655284,1.555228,0.38642985,0.38969958,1.0084614
1.7790623,1.5552342,0.38643068,-0.22382808,-0.5792192
1.857098,1.5552326,0.38643062,-0.30186534,-0.7811631
1.2331527,1.5552323,0.38643065,0.32207954,0.8334731
1.816064,1.555232,0.38643053,-0.26083195,-0.6749776
1.2546875,1.555438,0.3862959,0.3007505,0.7785495
1.7874734,1.5554382,0.38629583,-0.23203528,-0.6006673
1.1878054,1.5554379,0.3862959,0.3676325,0.95168626
1.2463858,1.5554409,0.38629618,0.3090551,0.800047
1.6753049,1.5554386,0.38629594,-0.11986625,-0.31029642
1.0071229,1.5552313,0.3864304,0.54810846,1.4183885
1.2860323,1.5552332,0.38643068,0.26920092,0.6966344
1.0433607,1.5554383,0.38629603,0.51207757,1.3256092
1.1818035,1.5554388,0.38629594,0.3736353,0.9672255
1.8311714,1.5552335,0.38643056,-0.2759379,-0.71406853
1.5814505,1.5554383,0.38629583,-0.026012182,-0.06733747
1.7870705,1.5554384,0.3862959,-0.23163211,-0.5996235
0.9879085,1.5552299,0.38642988,0.5673214,1.4681096
1.427693,1.555438,0.38629577,0.12774503,0.3306923
1.6915379,1.5554385,0.38629588,-0.13609934,-0.35231888
1.1557767,1.5554382,0.38629583,0.39966142,1.0345994
1.1391752,1.5554388,0.3862959,0.41626358,1.077577
1.2750114,1.5552326,0.38643065,0.28022122,0.7251527
1.2002766,1.5554389,0.3862959,0.35516226,0.9194047
1.7000017,1.5554382,0.38629594,-0.14456356,-0.37423006
1.6165241,1.5552328,0.38643056,-0.061291337,-0.15860893
1.1915152,1.5554383,0.38629583,0.36392307,0.9420839
1.0457989,1.555439,0.38629594,0.5096401,1.3192996
1.6601951,1.5552337,0.38643065,-0.104961395,-0.27161768
1.3683494,1.5552326,0.38643056,0.18688321,0.48361394
1.4836951,1.5554388,0.386296,0.07174361,0.18572184
1.2413367,1.5552335,0.38643056,0.31389678,0.812298
1.8077782,1.55544,0.38629603,-0.2523383,-0.6532252
1.4172447,1.555439,0.386296,0.13819432,0.35774204
1.3470997,1.5552294,0.38643008,0.20812976,0.53859615
1.9563344,1.5552335,0.38643065,-0.40110087,-1.0379634
1.3593212,1.5554382,0.38629583,0.19611692,0.50768584
1.211505,1.5554383,0.386296,0.34393322,0.890336
1.078467,1.5552335,0.38643074,0.47676647,1.2337695
1.299352,1.5554382,0.386296,0.2560861,0.66292715
1.6005951,1.5554392,0.386296,-0.045155883,-0.11689451
1.8968374,1.555233,0.3864304,-0.34160435,-0.88399965
1.2508334,1.555438,0.38629588,0.30460465,0.7885268
1.0518585,1.5552311,0.3864302,0.50337255,1.3026222
1.4161491,1.5554391,0.38629603,0.13928998,0.36057833
1.356687,1.555439,0.38629603,0.19875205,0.51450706
1.3255469,1.5552337,0.38643065,0.22968686,0.59438056
0.95249915,1.5552331,0.38643065,0.60273397,1.5597467
1.5474522,1.555233,0.38643074,0.0077807903,0.020135019
1.3447953,1.5554385,0.38629583,0.21064317,0.5452898
1.0891773,1.5552337,0.38643068,0.46605647,1.2060546
1.4825032,1.5554382,0.38629588,0.072934985,0.18880601
1.3544917,1.555438,0.38629583,0.20094633,0.5201877
1.6271791,1.5552331,0.38643038,-0.071946025,-0.18618108
1.6804764,1.5552335,0.38643077,-0.12524295,-0.3241019
1.6662273,1.555233,0.38643062,-0.11099434,-0.28722966
1.260337,1.5552329,0.38643068,0.2948959,0.7631275
1.6860664,1.5554384,0.3862959,-0.13062799,-0.33815524
1.2290697,1.555438,0.38629577,0.32636833,0.84486645
1.4102801,1.555234,0.38643053,0.14495385,0.3751097
1.4753953,1.5554384,0.3862959,0.08004308,0.20720664
1.3698676,1.5552331,0.38643065,0.18536556,0.47968647
1.6729652,1.5554389,0.38629588,-0.11752629,-0.30423903
1.7633128,1.5552324,0.38643065,-0.20808041,-0.53846765
1.6253471,1.5554394,0.38629612,-0.069907784,-0.18096942
1.4207038,1.5552335,0.38643062,0.13452971,0.3481342
1.4620985,1.5554378,0.386296,0.093339324,0.24162643
1.6204696,1.5554386,0.3862959,-0.06503093,-0.16834486
1.3659253,1.5554386,0.386296,0.18951333,0.49059096
1.9426059,1.5554379,0.386296,-0.38716793,-1.0022571
1.3313128,1.5554383,0.38629577,0.2241255,0.58019143
1.7167206,1.5552326,0.38643056,-0.16148794,-0.4178964
1.3487067,1.5554385,0.38629594,0.2067318,0.5351643
1.6981227,1.5554389,0.38629594,-0.14268386,-0.3693641
1.4628228,1.555438,0.38629583,0.09261525,0.23975213
1.5249841,1.5554392,0.386296,0.030455112,0.078838795
1.3747561,1.5552328,0.38643074,0.18047667,0.46703497
1.4824617,1.555438,0.38629568,0.07297635,0.1889132
1.0610853,1.5554378,0.38629588,0.49435246,1.2797248
1.26945,1.5554386,0.3862957,0.2859887,0.7403362
1.1151187,1.5552304,0.38643017,0.44011164,1.1389164
1.2530559,1.5552324,0.38643062,0.30217648,0.78196824
1.8410332,1.5554385,0.38629594,-0.2855947,-0.7393158
1.530163,1.5554392,0.38629594,0.025276184,0.065432176
1.7385199,1.555438,0.38629583,-0.18308187,-0.47394213
1.491316,1.5554389,0.38629594,0.064122915,0.16599427
1.2982383,1.5554383,0.386296,0.2572,0.66581064
1.6844501,1.5552337,0.38643074,-0.12921643,-0.33438444
1.4854645,1.5554383,0.3862959,0.06997383,0.18114048
1.051035,1.5554391,0.386296,0.50440407,1.305745
1.6575736,1.5554382,0.3862959,-0.10213542,-0.26439685
1.890124,1.5554385,0.38629583,-0.33468544,-0.8663967
1.6766312,1.5552305,0.38643008,-0.121400714,-0.31415957
1.7278761,1.5552332,0.38643062,-0.17264283,-0.4467628
1.0003425,1.555438,0.38629583,0.55509555,1.4369701
1.3138604,1.555233,0.38643068,0.24137259,0.6246207
1.7129073,1.555234,0.38643074,-0.15767336,-0.40802488
1.2665334,1.5554383,0.38629583,0.2889049,0.7478851
1.3763084,1.5552335,0.38643062,0.17892504,0.46301982
1.4820763,1.5552297,0.3864302,0.07315338,0.18930553
1.3904071,1.5554383,0.38629583,0.1650312,0.42721453
1.6046711,1.5552323,0.38643053,-0.049438834,-0.12793718
1.3993576,1.5552331,0.38643062,0.15587556,0.4033727
1.4430232,1.555233,0.38643074,0.1122098,0.29037493
1.7207284,1.5552335,0.38643065,-0.16549492,-0.4282655
1.2181706,1.5552335,0.38643068,0.33706284,0.87224656
1.5275704,1.5552328,0.38643065,0.027662396,0.07158437
1.3889968,1.555439,0.3862959,0.16644216,0.430867
1.0749297,1.5552293,0.38643008,0.4802996,1.2429146
1.621725,1.555234,0.3864308,-0.06649101,-0.17206447
1.1404549,1.5554392,0.386296,0.41498435,1.0742651
1.3865871,1.5554402,0.38629618,0.16885304,0.4371077
1.1606148,1.555438,0.386296,0.3948232,1.0220742
1.3302703,1.555234,0.38643068,0.22496367,0.58215785
1.6769615,1.5552325,0.38643068,-0.12172902,-0.31500867
1.9085976,1.5552337,0.38643065,-0.35336387,-0.91443026
1.3510015,1.555232,0.3864304,0.20423055,0.5285054
1.1834323,1.5554383,0.38629588,0.37200594,0.96300775
1.3681772,1.5554383,0.38629588,0.1872611,0.48476082
1.8365636,1.5552335,0.38643062,-0.2813301,-0.7280223
0.9458289,1.5552325,0.38643062,0.6094036,1.5770066
1.3231758,1.555438,0.386296,0.23226225,0.6012546
1.3385255,1.55544,0.38629606,0.21691442,0.56152374
1.2713912,1.5554392,0.386296,0.28404808,0.735312
1.5132285,1.5554383,0.3862959,0.042209744,0.109267905
1.3575319,1.5552335,0.38643068,0.19770157,0.51160944
1.501613,1.5554384,0.386296,0.05382538,0.13933714
1.4978374,1.5552318,0.3864304,0.057394385,0.14852451
1.7697675,1.5552337,0.38643062,-0.2145338,-0.55516773
1.7626176,1.5552328,0.38643065,-0.20738482,-0.53666764
1.2490264,1.555438,0.38629603,0.30641162,0.7932042
1.9233979,1.5554382,0.38629588,-0.36795974,-0.9525334
1.4834113,1.5552335,0.3864308,0.07182217,0.18586035
1.7341719,1.5554383,0.3862959,-0.17873359,-0.46268567
1.9942323,1.5554392,0.38629603,-0.43879306,-1.1358985
1.3945742,1.5552337,0.38643074,0.16065955,0.4157525
1.7639844,1.555438,0.3862959,-0.2085464,-0.5398618
1.3601778,1.5552335,0.38643068,0.19505572,0.50476253
1.7491727,1.5554382,0.38629577,-0.19373453,-0.50151867
1.2500154,1.5552306,0.38643032,0.30521524,0.78983253
1.4673594,1.5554392,0.38629594,0.08807981,0.22801122
1.0717415,1.5552332,0.38643053,0.48349178,1.2511739
1.7576704,1.5554379,0.38629594,-0.20223248,-0.52351695
1.1428202,1.5552335,0.38643062,0.41241324,1.0672375
1.3321655,1.5554382,0.38629583,0.22327268,0.5779837
1.9314002,1.5552335,0.38643068,-0.3761667,-0.97343904
1.4646122,1.5552337,0.38643074,0.09062147,0.23450896
1.5845541,1.555438,0.38629583,-0.029116035,-0.075372376
1.7710646,1.5552335,0.38643062,-0.21583116,-0.55852497
1.8223526,1.5554378,0.386296,-0.26691484,-0.6909594
1.9556434,1.5552337,0.38643068,-0.4004097,-1.0361747
1.0563548,1.555439,0.38629594,0.49908423,1.2919738
1.2858146,1.5552317,0.38643038,0.26941705,0.6971943
1.4763521,1.5552337,0.3864305,0.07888162,0.20412888
1.1992701,1.555439,0.386296,0.35616887,0.92201024
1.7633994,1.5554397,0.38629603,-0.20795965,-0.5383427
1.572967,1.5554397,0.38629603,-0.017527342,-0.045372825
1.98483,1.5554395,0.38629603,-0.42939055,-1.1115583
1.5228796,1.555438,0.38629583,0.03255844,0.0842837
1.4584277,1.5552329,0.38643056,0.096805215,0.2505113
1.1693006,1.5554382,0.38629583,0.3861376,0.9995904
1.2809451,1.5552309,0.38643023,0.2742858,0.7097938
2.0724854,1.5554383,0.38629583,-0.51704717,-1.3384746
1.7864189,1.5552337,0.3864309,-0.2311852,-0.59825754
1.792986,1.555438,0.38629577,-0.237548,-0.61493814
1.1177468,1.5552305,0.3864302,0.43748367,1.1321156
1.2395082,1.55544,0.38629603,0.3159318,0.8178489
1.3293606,1.5554382,0.38629583,0.22607756,0.58524466
1.6670247,1.5554397,0.386296,-0.11158502,-0.28885886
1.691348,1.555438,0.386296,-0.13590991,-0.35182843
1.2790236,1.555439,0.386296,0.27641535,0.7155532
1.6961519,1.5552335,0.38643077,-0.14091837,-0.36466655
1.9367949,1.5554383,0.38629577,-0.3813566,-0.987214
1.6230918,1.5552337,0.38643074,-0.0678581,-0.17560223
1.4565034,1.5552335,0.38643065,0.09873009,0.2554924
2.1035118,1.5554388,0.386296,-0.54807305,-1.4187903
1.4628038,1.5554394,0.38629612,0.09263551,0.2398044
1.6823024,1.555233,0.38643038,-0.12706935,-0.32882857
1.5780227,1.5552263,0.38642994,-0.022796392,-0.058992304
1.5065249,1.5552337,0.38643068,0.048708797,0.12604795
1.3814698,1.5554382,0.38629583,0.17396832,0.45035
1.7170967,1.555228,0.3864297,-0.16186869,-0.41888264
1.7373807,1.5552319,0.3864304,-0.18214881,-0.47136253
1.5210588,1.5554391,0.386296,0.034380317,0.08899993
1.6785675,1.5554391,0.386296,-0.123128414,-0.3187411
1.6921985,1.5554378,0.3862959,-0.13676071,-0.35403097
1.9303713,1.5554388,0.386296,-0.37493253,-0.9705835
1.7309263,1.5552332,0.38643068,-0.17569304,-0.454656
1.1202999,1.5552312,0.3864303,0.43493128,1.1255103
1.527401,1.5554388,0.38629594,0.028037786,0.072581105
1.9055443,1.5554383,0.38629588,-0.350106,-0.9063156
1.3217477,1.5554382,0.3862959,0.2336905,0.60495204
1.7801045,1.555439,0.386296,-0.22466552,-0.58158904
1.051249,1.555438,0.3862959,0.504189,1.3051885
1.796679,1.555438,0.38629588,-0.24124098,-0.62449795
1.5509756,1.5552335,0.38643062,0.0042579174,0.011018582
1.7273499,1.555439,0.38629594,-0.17191088,-0.44502378
1.8555225,1.5554388,0.386296,-0.30008376,-0.77682334
1.6637361,1.555438,0.38629583,-0.10829806,-0.2803501
1.4741907,1.555438,0.38629588,0.08124733,0.2103241
1.3009017,1.5554376,0.3862959,0.2545359,0.6589143
1.1831988,1.5554389,0.386296,0.37224007,0.96361357
1.2840782,1.55523,0.38643005,0.27115178,0.701684
1.530346,1.5554383,0.3862959,0.025092244,0.06495602
1.3730592,1.555233,0.38643068,0.18217385,0.47142696
1.9486101,1.5554384,0.38629583,-0.39317167,-1.0177994
1.2992669,1.5552318,0.38643053,0.25596488,0.66238266
1.7984865,1.5554384,0.3862959,-0.24304807,-0.6291759
1.5567771,1.555234,0.3864309,-0.0015431643,-0.003993377
1.3235263,1.5554391,0.38629603,0.23191285,0.6003501
1.3576661,1.555234,0.3864308,0.19756782,0.51126313
1.9629891,1.5552311,0.3864303,-0.407758,-1.0551916
1.4202523,1.5552335,0.38643077,0.13498116,0.3493023
1.3501518,1.5554383,0.3862959,0.2052865,0.5314229
1.3935118,1.5552332,0.38643068,0.16172147,0.4185006
1.6898693,1.5552325,0.38643056,-0.13463676,-0.34841126
1.8309567,1.5552332,0.38643074,-0.27572346,-0.71351326
1.3866724,1.5554382,0.38629577,0.16876578,0.4368823
1.5617412,1.555438,0.38629583,-0.006303191,-0.016317006
1.8010638,1.5552335,0.3864308,-0.2458303,-0.6361561
1.5367122,1.5552307,0.3864302,0.018518567,0.047922153
1.5713634,1.5554382,0.38629583,-0.015925288,-0.041225627
1.9279959,1.555439,0.38629594,-0.37255692,-0.96443397
2.061783,1.5552335,0.38643062,-0.5065496,-1.3108423
1.5728296,1.5554385,0.3862959,-0.017391086,-0.04502011
1.6647927,1.555438,0.38629588,-0.109354615,-0.2830851
1.3409835,1.555234,0.38643077,0.21425045,0.55443424
1.7648997,1.5554392,0.386296,-0.2094605,-0.542228
1.274586,1.5554386,0.38629606,0.28085268,0.72703993
1.6034436,1.5552331,0.38643077,-0.0482105,-0.124758445
1.5775449,1.555438,0.38629588,-0.022106886,-0.057227857
1.3428761,1.5554391,0.386296,0.21256304,0.5502595
1.4288249,1.5554382,0.38629583,0.12661326,0.32776242
1.4891759,1.5554386,0.38629603,0.06626272,0.17153352
1.1466075,1.5552332,0.3864305,0.40862572,1.0574365
1.7140118,1.5554386,0.3862959,-0.15857315,-0.41049656
1.5492095,1.5552325,0.38643062,0.0060230494,0.015586367
1.2060035,1.5554383,0.38629603,0.34943473,0.9045776
1.1856369,1.5552328,0.38643077,0.3695959,0.9564349
1.634038,1.5554383,0.38629583,-0.07859969,-0.2034702
1.517632,1.5552323,0.38643074,0.03760028,0.09730147
1.6249778,1.555438,0.38629588,-0.069539785,-0.18001689
1.5797852,1.555438,0.3862959,-0.024347186,-0.06302729
1.6192348,1.5552329,0.38643068,-0.06400192,-0.16562328
1.5890698,1.555439,0.38629588,-0.033630848,-0.08705981
1.4747633,1.5554385,0.38629603,0.080675244,0.20884305
1.2102292,1.5552325,0.38643056,0.34500337,0.89279526
1.0225813,1.5554385,0.38629606,0.5328572,1.379401
1.3054338,1.5552282,0.38642976,0.24979448,0.64641625
1.7882406,1.5552337,0.38643077,-0.23300683,-0.60297173
2.079473,1.5552331,0.38643074,-0.5242399,-1.3566206
1.9339375,1.555439,0.38629594,-0.37849855,-0.979815
1.2688054,1.55544,0.38629603,0.28663456,0.74200755
1.5511514,1.5552318,0.38643032,0.004080415,0.010559251
1.7545869,1.5552331,0.38643056,-0.19935381,-0.51588523
1.2425053,1.5552342,0.38643074,0.31272888,0.8092754
1.2392901,1.5554391,0.38629594,0.316149,0.81841135
1.7788706,1.5554392,0.38629603,-0.22343135,-0.5783941
1.6355253,1.5552335,0.38643068,-0.08029187,-0.20777819
0.9707052,1.555439,0.3862959,0.5847338,1.5136939
2.0258164,1.5552328,0.38643074,-0.47058368,-1.2177697
1.436676,1.555228,0.38642973,0.11855197,0.3067879
1.8581247,1.5554386,0.38629594,-0.3026861,-0.7835601
1.294707,1.5554382,0.38629588,0.26073122,0.6749521
1.574159,1.5554397,0.38629603,-0.018719316,-0.048458472
1.4427654,1.5554382,0.3862959,0.112672806,0.29167485
2.0143104,1.5552342,0.3864309,-0.45907617,-1.1879903
1.5856773,1.5554382,0.38629577,-0.030239105,-0.078279674
1.9533619,1.5554397,0.38629615,-0.39792216,-1.030096
1.4005879,1.5554384,0.38629588,0.15485048,0.40085977
1.3296602,1.5554388,0.38629594,0.22577858,0.5844705
1.5973909,1.5554376,0.38629588,-0.041953325,-0.10860412
1.5985398,1.5554389,0.3862959,-0.043100953,-0.11157496
1.5994432,1.5554382,0.38629588,-0.044005036,-0.11391536
1.0646386,1.5554388,0.38629583,0.49080014,1.2705293
1.6496037,1.5554383,0.3862959,-0.094165444,-0.24376506
1.1569773,1.5552325,0.38643065,0.39825523,1.0305995
1.1282737,1.555232,0.38643053,0.42695832,1.1048774
1.5768503,1.5552332,0.38643053,-0.021617055,-0.055940337
1.3712612,1.5552337,0.38643065,0.18397248,0.4760815
1.6720114,1.555439,0.38629594,-0.11657238,-0.3017696
0.94268984,1.5554394,0.38629606,0.6127495,1.5862174
1.5523696,1.5554378,0.38629588,0.0030682087,0.007942639
1.446632,1.5552332,0.38643068,0.10860121,0.28103673
1.4727657,1.5554383,0.38629588,0.082672596,0.21401367
1.6670985,1.5554388,0.38629594,-0.111659765,-0.2890524
1.4447646,1.555233,0.38643065,0.11046839,0.2858686
1.8704112,1.5552329,0.38643065,-0.31517828,-0.81561404
1.8571129,1.5552299,0.3864302,-0.30188298,-0.7812096
1.5229701,1.5554383,0.386296,0.0324682,0.08405005
1.1970152,1.555438,0.38629583,0.35842288,0.9278456
1.343186,1.5552322,0.3864305,0.21204615,0.5487304
1.5822845,1.5552335,0.38643065,-0.027050972,-0.07000214
1.3371155,1.5554395,0.386296,0.21832395,0.5651727
1.933945,1.555439,0.386296,-0.37850595,-0.97983396
1.7714965,1.5554383,0.38629588,-0.21605825,-0.5593077
1.6221862,1.5552323,0.38643038,-0.0669539,-0.1732625
1.5379347,1.5554389,0.3862959,0.017504215,0.04531297
1.05715,1.5554391,0.38629606,0.4982891,1.2899151
2.0905735,1.5552299,0.3864302,-0.53534365,-1.3853567
1.7637434,1.5554388,0.38629594,-0.20830464,-0.5392359
1.3955154,1.5552337,0.38643065,0.15971828,0.4133168
1.783461,1.5554392,0.386296,-0.22802174,-0.59027725
1.3919377,1.5552301,0.38643005,0.16329241,0.42256653
1.0987008,1.5552342,0.38643074,0.45653343,1.1814108
1.6609423,1.5552323,0.38643062,-0.10571003,-0.273555
1.3383615,1.5552335,0.38643065,0.21687198,0.5612184
1.824141,1.555439,0.38629588,-0.26870203,-0.695586
1.6714033,1.5554382,0.3862959,-0.11596513,-0.30019766
1.6115133,1.5552329,0.38643068,-0.056280375,-0.14564158
1.0678152,1.5554396,0.38629603,0.4876244,1.2623075
1.6917285,1.5552331,0.38643062,-0.13649535,-0.35322085
0.8785877,1.5552335,0.38643074,0.67664576,1.7510144
1.9392368,1.5554397,0.38629606,-0.38379705,-0.9935308
1.871512,1.5552335,0.38643065,-0.31627858,-0.8184614
1.8372147,1.5554388,0.38629594,-0.28177595,-0.72943026
0.9840284,1.5554392,0.38629612,0.57141083,1.4792042
1.5245394,1.55544,0.38629603,0.030900598,0.07999201
1.5584853,1.555438,0.38629588,-0.0030472279,-0.007888326
0.9100837,1.5554395,0.38629603,0.64535576,1.6706249
1.4228605,1.5552294,0.38643008,0.13236892,0.342543
1.1923124,1.5552323,0.38643056,0.36291993,0.9391595
1.4837809,1.5554382,0.38629583,0.0716573,0.1854985
1.5010215,1.5552282,0.38642985,0.05420673,0.14027573
1.4995958,1.555439,0.3862959,0.055843234,0.14456077
1.19805,1.5552342,0.38643062,0.35718417,0.9243164
1.4605863,1.5552291,0.38642988,0.09464276,0.24491574
1.7250077,1.5554392,0.38629612,-0.16956842,-0.43895966
1.6195855,1.555439,0.38629594,-0.06414652,-0.16605538
1.468288,1.5552342,0.38643062,0.08694625,0.22499834
1.5754869,1.555438,0.386296,-0.020048857,-0.051900245
1.5430217,1.5552305,0.38643017,0.012208819,0.031593855
1.3344605,1.5552299,0.38643008,0.2207694,0.5713049
1.3086717,1.5552332,0.38643065,0.24656153,0.6380486
1.3782192,1.5552328,0.38643068,0.17701352,0.45807314
1.6821126,1.5552332,0.38643053,-0.12687933,-0.32833672
1.3333594,1.5554382,0.38629583,0.2220788,0.5748931
1.726209,1.555439,0.38629583,-0.17077005,-0.44207066
1.520313,1.5554377,0.38629588,0.03512466,0.090926826
0.98444676,1.5552329,0.38643077,0.5707861,1.4770721
1.2062256,1.555438,0.38629588,0.3492124,0.9040024
1.585623,1.5552325,0.38643056,-0.030390501,-0.07864414
1.3432951,1.5552309,0.38643008,0.21193576,0.5484453
1.6995125,1.5554382,0.38629583,-0.14407432,-0.3729637
1.5052623,1.555438,0.38629588,0.050175786,0.12988952
1.2233014,1.5552331,0.38643056,0.3319317,0.85896856
2.0053532,1.5554383,0.3862959,-0.44991493,-1.1646899
1.877767,1.5554391,0.38629594,-0.32232785,-0.8344065
1.1876608,1.5552323,0.38643053,0.36757147,0.9511968
1.4078757,1.5554389,0.38629594,0.14756322,0.38199526
1.4478993,1.5552337,0.38643062,0.107334375,0.27775845
1.5507162,1.5554379,0.38629594,0.0047217607,0.012223169
1.3666524,1.5552278,0.38643008,0.18857539,0.48799354
1.8685697,1.55544,0.38629612,-0.31312978,-0.8105952
1.6797566,1.5552335,0.38643065,-0.12452316,-0.32223934
1.2334119,1.5554392,0.38629594,0.32202733,0.83362854
1.5464592,1.5554395,0.38629615,0.008980274,0.023247123
1.6058972,1.5554385,0.386296,-0.05045867,-0.13062178
2.0540264,1.5554388,0.38629603,-0.4985876,-1.2906879
1.6964638,1.555234,0.38643065,-0.14122987,-0.36547273
1.5088314,1.555438,0.38629588,0.04660666,0.12065016
1.2605168,1.5554382,0.38629577,0.2949214,0.7634601
1.8160396,1.5554385,0.3862959,-0.26060104,-0.6746151
1.5344787,1.555234,0.38643074,0.020755291,0.05371025
1.0394981,1.5552335,0.38643077,0.5157354,1.3346126
1.4255476,1.5554382,0.38629588,0.12989056,0.3362463
1.2619951,1.5552335,0.38643074,0.2932384,0.7588382
1.8310213,1.5554395,0.38629606,-0.27558184,-0.7133954
1.2016332,1.5552331,0.38643062,0.3535999,0.9150411
1.2776703,1.5552294,0.38642994,0.27755916,0.7182652
1.7079097,1.5554397,0.386296,-0.15247,-0.3946973
1.329654,1.5554384,0.3862959,0.22578442,0.58448565
1.4005996,1.5554383,0.38629583,0.15483868,0.4008293
2.0031788,1.555234,0.3864309,-0.44794488,-1.1591849
1.2972659,1.555439,0.386296,0.2581731,0.6683297
1.2156159,1.5552337,0.38643065,0.33961785,0.87885845
1.4258618,1.5554382,0.3862959,0.12957633,0.33543283
1.0247586,1.5554402,0.38629618,0.5306816,1.3737687
1.1452007,1.5554385,0.38629594,0.4102378,1.061978
1.341717,1.5554395,0.38629603,0.21372247,0.55326086
1.736119,1.5552315,0.3864303,-0.18088758,-0.46809885
1.6087108,1.5554379,0.38629583,-0.053272843,-0.13790686
1.8734758,1.5554392,0.38629603,-0.31803656,-0.8232975
1.5857995,1.5552329,0.38643068,-0.030566573,-0.07909976
1.2430443,1.5554397,0.38629612,0.31239545,0.80869424
1.0042982,1.555234,0.38643065,0.55093575,1.425704
2.038751,1.5554415,0.3862964,-0.4833094,-1.2511362
1.154978,1.5554396,0.386296,0.40046155,1.0366702
2.0446484,1.5554391,0.386296,-0.4892093,-1.2664105
1.2048566,1.5554395,0.38629606,0.35058284,0.9075496
1.1950301,1.5554383,0.38629588,0.3604082,0.93298477
1.089055,1.5552342,0.38643056,0.46617925,1.2063726
1.491949,1.555439,0.38629594,0.06349003,0.16435593
1.7115632,1.5552337,0.38643077,-0.15632951,-0.40454727
1.1428763,1.5554388,0.38629594,0.4125625,1.0679959
1.6674199,1.5552342,0.3864309,-0.11218572,-0.2903125
1.5326307,1.555438,0.38629588,0.02280736,0.059041165
1.9672143,1.5554385,0.3862959,-0.41177583,-1.0659596
1.3164748,1.5552337,0.38643068,0.23875892,0.61785704
1.2928668,1.555234,0.38643074,0.26236713,0.67894995
0.9041958,1.5552297,0.38643008,0.6510339,1.6847391
1.8298395,1.5552335,0.38643074,-0.274606,-0.7106215
1.1571132,1.5554385,0.38629594,0.39832532,1.0311403
1.4019442,1.555233,0.3864305,0.15328884,0.39667892
1.6003909,1.5554385,0.38629594,-0.044952393,-0.11636776
1.0770103,1.5554383,0.38629583,0.478428,1.2385017
1.3202534,1.5554388,0.3862959,0.23518538,0.6088218
1.3970557,1.555234,0.38643065,0.15817821,0.40933144
1.7510042,1.5554391,0.386296,-0.1955651,-0.5062571
1.5746135,1.5554388,0.38629594,-0.019174695,-0.049637318
1.4234213,1.5554392,0.38629603,0.13201797,0.34175336
1.3746545,1.5552316,0.3864305,0.18057704,0.467295
1.2191689,1.5554379,0.38629603,0.33626902,0.8704957
1.2472627,1.5552335,0.38643077,0.30797076,0.7969623
1.4220024,1.555234,0.38643068,0.13323152,0.3447747
1.2362536,1.5554409,0.38629606,0.31918728,0.8262763
1.2396722,1.5554388,0.38629594,0.31576657,0.8174214
1.3744785,1.5554383,0.38629588,0.18095982,0.46844873
1.8588455,1.5554388,0.38629594,-0.30340672,-0.7854256
1.3917624,1.5554395,0.38629606,0.1636771,0.42370895
1.818239,1.5554389,0.386296,-0.2628001,-0.68030757
1.9093893,1.555232,0.38643053,-0.3541572,-0.9164835
1.5253831,1.5554392,0.386296,0.030056119,0.07780593
1.8401843,1.555233,0.38643053,-0.28495133,-0.73739344
1.1120615,1.555438,0.38629588,0.44337654,1.1477641
1.9358958,1.5554383,0.3862959,-0.38045752,-0.9848862
1.9279256,1.5552282,0.38642997,-0.37269735,-0.9644629
1.1332456,1.5552319,0.38643053,0.42198634,1.0920109
1.4415549,1.5552335,0.38643053,0.113678575,0.29417595
1.6364937,1.5552337,0.38643077,-0.081259966,-0.21028337
1.3245395,1.5554397,0.38629606,0.23090017,0.5977285
1.5602648,1.5552337,0.38643068,-0.005031109,-0.013019434
1.165068,1.5552332,0.38643056,0.3901652,1.0096644
1.2215658,1.5552332,0.38643077,0.3336674,0.8634597
1.6547229,1.555229,0.38642994,-0.09949398,-0.25746965
2.0041325,1.5552313,0.3864303,-0.44890118,-1.1616615
1.7626144,1.5552331,0.38643074,-0.20738125,-0.5366583
1.532069,1.5554383,0.386296,0.023369312,0.06049587
1.0674652,1.5552337,0.38643077,0.48776853,1.2622404
1.6452706,1.5554382,0.38629577,-0.089832425,-0.23254831
1.6299294,1.5554394,0.38629612,-0.07449007,-0.19283153
1.5202574,1.5554394,0.386296,0.035182,0.091075234
1.6901841,1.5552318,0.3864305,-0.1349523,-0.34922788
1.9581258,1.555233,0.3864304,-0.40289283,-1.0426012
1.146102,1.5552335,0.38643068,0.40913153,1.0587449
1.9795449,1.5552332,0.38643074,-0.42431164,-1.0980277
1.6884254,1.5554395,0.38629603,-0.13298595,-0.34425917
1.4674133,1.5554385,0.38629603,0.08802521,0.22786984
1.2152338,1.5554389,0.38629603,0.34020507,0.88068485
1.6658113,1.5554461,0.38629687,-0.11036515,-0.28570035
1.1705083,1.555439,0.38629594,0.38493073,0.99646586
1.177756,1.5552316,0.38643023,0.37747562,0.9768273
1.1890856,1.5554394,0.38629606,0.36635375,0.9483756
1.3228431,1.5554382,0.38629583,0.23259509,0.60211647
1.3892038,1.5552335,0.38643077,0.16602969,0.42964926
1.7300776,1.5552332,0.38643068,-0.17484438,-0.4524599
1.6341178,1.5554394,0.38629603,-0.07867849,-0.20367408
1.7724811,1.555439,0.38629603,-0.21704209,-0.5618543
1.7851229,1.5552335,0.38643062,-0.2298894,-0.5949047
1.5418937,1.5552332,0.38643068,0.0133395195,0.034519825
1.2869601,1.555233,0.38643062,0.26827288,0.69423294
1.3356812,1.5552307,0.38643005,0.21954954,0.5681482
1.685877,1.5554386,0.38629594,-0.13043833,-0.33766425
1.5960696,1.555234,0.38643068,-0.04083562,-0.10567385
1.0156374,1.555438,0.3862959,0.53980064,1.3973761
1.4848093,1.5554382,0.38629583,0.07062888,0.18283625
1.8017495,1.5554384,0.3862959,-0.24631107,-0.6376228
1.8145165,1.5554388,0.38629603,-0.2590778,-0.67067164
1.3961158,1.5554385,0.38629588,0.15932274,0.41243705
1.705397,1.5552331,0.3864304,-0.15016389,-0.3885923
1.6313708,1.555438,0.3862959,-0.07593274,-0.19656625
1.6200145,1.5554384,0.38629594,-0.06457615,-0.16716756
1.4623618,1.5554389,0.386296,0.09307706,0.24094751
1.5697694,1.555438,0.38629588,-0.014331341,-0.037099387
1.3012598,1.5554385,0.38629594,0.25417876,0.65798974
1.6305022,1.5552335,0.38643074,-0.075268745,-0.1947794
1.1583154,1.555233,0.38643056,0.39691758,1.0271382
1.0569876,1.5552311,0.3864302,0.49824345,1.2893492
2.012379,1.555232,0.3864303,-0.45714688,-1.1829996
2.0436258,1.5552335,0.38643062,-0.48839235,-1.2638552
1.6940545,1.5554382,0.38629588,-0.13861632,-0.3588346
1.2320639,1.555439,0.38629594,0.3233751,0.83711755
1.950392,1.5554388,0.386296,-0.39495325,-1.0224109
1.4240448,1.5554388,0.38629594,0.13139391,0.34013796
1.1694645,1.5552328,0.38643056,0.3857683,0.9982862
1.3849128,1.5554386,0.38629588,0.17052579,0.4414383
1.3770565,1.5552332,0.38643062,0.17817676,0.46108344
1.3657386,1.555438,0.38629588,0.18969941,0.49107283
1.3150259,1.5552337,0.38643065,0.24020779,0.62160647
1.7764726,1.5554383,0.38629577,-0.22103429,-0.5721893
1.3050529,1.555438,0.38629594,0.25038517,0.6481693
1.7071661,1.5554382,0.38629588,-0.15172791,-0.39277643
1.8961183,1.5552335,0.38643074,-0.3408848,-0.8821369
1.3432137,1.5554382,0.38629588,0.21222448,0.5493832
1.9462289,1.5552295,0.3864302,-0.39099932,-1.0118239
1.5729115,1.5552332,0.38643065,-0.01767826,-0.045747563
1.2449392,1.5552323,0.38643062,0.31029308,0.80297226
1.5901709,1.5552322,0.38643062,-0.034938693,-0.09041388
1.6608483,1.5552328,0.38643074,-0.1056155,-0.27331027
1.2826371,1.555232,0.3864305,0.27259493,0.70541775
1.6664462,1.5554384,0.3862959,-0.11100781,-0.2873647
1.1015476,1.5554385,0.38629583,0.45389092,1.1749827
1.7825742,1.555438,0.38629594,-0.22713614,-0.5879848
1.2903166,1.5554378,0.3862959,0.26512122,0.6863164
1.5372154,1.555234,0.38643068,0.018018603,0.046628293
1.8758065,1.555438,0.38629594,-0.3203684,-0.82933414
1.5099689,1.5552325,0.38643065,0.045263648,0.11713266
1.7729855,1.5554394,0.38629612,-0.2175461,-0.5631589
1.121623,1.5554384,0.38629583,0.43381536,1.1230134
1.7212825,1.5552342,0.38643068,-0.16604829,-0.42969748
1.9588321,1.5554383,0.3862959,-0.40339386,-1.0442612
1.4007688,1.5552335,0.38643068,0.15446472,0.39972168
1.4956852,1.5552342,0.38643062,0.059548974,0.15410005
1.4361452,1.5552315,0.3864305,0.119086266,0.30816993
2.0941293,1.555438,0.38629583,-0.5386913,-1.3945045
1.2553761,1.5552316,0.3864305,0.29985547,0.77596223
1.8345271,1.5552342,0.38643074,-0.27929294,-0.7227503
1.1036361,1.5552311,0.38643023,0.45159495,1.1686325
1.9701521,1.5554389,0.386296,-0.41471326,-1.0735635
1.1695663,1.5552331,0.38643068,0.38566685,0.9980234
1.0783689,1.5552335,0.38643077,0.47686458,1.2340233
1.6276665,1.5554382,0.38629583,-0.07222831,-0.18697669
1.9336029,1.5554382,0.38629577,-0.37816477,-0.9789514
1.4970168,1.5554386,0.38629594,0.05842185,0.151236
1.849871,1.5552342,0.38643065,-0.29463685,-0.76245725
0.9974148,1.5552317,0.38643056,0.55781686,1.4435112
1.5680025,1.555439,0.38629594,-0.012563467,-0.032522906
1.5109183,1.5554386,0.3862959,0.044520378,0.11524942
1.2760861,1.5554383,0.3862959,0.2793522,0.723156
1.3815641,1.5554383,0.38629577,0.17387414,0.45010626
1.259533,1.5552335,0.38643074,0.29570043,0.7652094
1.5340747,1.5554397,0.38629606,0.021365047,0.05530744
1.7970133,1.5554382,0.38629583,-0.24157512,-0.625363
1.6675643,1.5552266,0.38642973,-0.11233771,-0.2907067
1.4894481,1.5552303,0.3864302,0.06578219,0.17023045
1.6812865,1.5552299,0.38643008,-0.12605655,-0.3262079
1.4419808,1.5554383,0.38629588,0.11345744,0.29370606
1.8816258,1.5554395,0.386296,-0.3261863,-0.8443947
1.3187225,1.5554394,0.38629603,0.23671687,0.6127862
1.7891092,1.555233,0.38643068,-0.23387623,-0.6052217
1.1292166,1.5554397,0.386296,0.42622316,1.103359
1.5688524,1.555233,0.38643062,-0.013619423,-0.03524416
1.1189804,1.5552325,0.38643056,0.43625212,1.1289276
1.9572344,1.5552326,0.38643068,-0.40200174,-1.0402945
1.5975773,1.5554383,0.3862959,-0.042139053,-0.109084904
1.4874215,1.555439,0.38629588,0.06801748,0.17607613
1.1679,1.5554379,0.38629588,0.38753796,1.0032153
1.8493828,1.555234,0.3864309,-0.2941488,-0.7611938
1.7574179,1.555438,0.38629583,-0.20197988,-0.5228632
1.3751336,1.555438,0.38629588,0.18030441,0.46675208
2.0771282,1.555233,0.38643077,-0.5218952,-1.3505528
1.2038767,1.555439,0.3862959,0.35156226,0.9100854
1.2675464,1.5554382,0.38629588,0.28789175,0.74526227
1.4360946,1.5554383,0.3862959,0.11934364,0.30894357
1.4417815,1.555234,0.38643068,0.113452435,0.29359064
1.2489865,1.5552332,0.38643074,0.30624676,0.79250103
1.4122651,1.5552323,0.38643062,0.14296722,0.36996868
1.6144595,1.555234,0.38643074,-0.05922556,-0.15326306
2.0771673,1.555438,0.38629577,-0.52172923,-1.3505952
1.6361282,1.5552316,0.38643038,-0.080896616,-0.20934331
1.2949092,1.5552337,0.38643074,0.26032448,0.673664
1.866124,1.555232,0.3864305,-0.310892,-0.8045224
1.6362841,1.5552326,0.38643065,-0.08105147,-0.20974389
1.3114314,1.5554383,0.3862959,0.24400687,0.6316579
1.37515,1.5552305,0.38642994,0.18008053,0.46601084
1.1742468,1.555438,0.38629594,0.38119125,0.98678553
1.9395992,1.5554392,0.38629603,-0.38415992,-0.9944703
1.9081951,1.5554384,0.38629588,-0.35275674,-0.91317755
1.3162662,1.5554383,0.38629588,0.2391721,0.61914223
1.8035911,1.5552307,0.38643023,-0.2483604,-0.64270437
1.2307286,1.5554382,0.38629577,0.32470953,0.84057236
2.088905,1.5554385,0.38629588,-0.5334666,-1.3809792
1.6577234,1.5552261,0.38642973,-0.10249734,-0.26524186
1.4550579,1.5552335,0.38643068,0.10017562,0.2592331
1.3925517,1.555439,0.386296,0.16288733,0.42166457
1.7582713,1.5552335,0.38643062,-0.20303786,-0.52541864
2.0593345,1.5554388,0.38629606,-0.50389576,-1.3044289
1.2683629,1.5552297,0.38643008,0.28686678,0.74235106
1.2674813,1.5554385,0.38629588,0.2879572,0.74543166
1.1541978,1.5552332,0.38643065,0.40103543,1.037794
1.815403,1.5554383,0.3862959,-0.2599647,-0.6729678
1.61552,1.5554386,0.38629588,-0.060081363,-0.15553197
1.0234082,1.5554384,0.3862959,0.5320302,1.3772608
1.2455902,1.555438,0.38629583,0.30984783,0.8020999
1.1101509,1.5552331,0.38643065,0.4450822,1.1517776
1.2469743,1.5554396,0.38629612,0.30846524,0.79852015
1.4629242,1.5552316,0.3864303,0.09230733,0.23887187
1.7437129,1.55544,0.38629615,-0.18827295,-0.48737982
1.5972223,1.5552326,0.38643074,-0.041989684,-0.10866031
1.470375,1.5552326,0.38643062,0.0848577,0.21959363
1.9032487,1.5552335,0.38643074,-0.3480152,-0.90058875
1.5507003,1.5554385,0.3862959,0.0047382116,0.012265757
1.6623255,1.5552331,0.38643065,-0.10709238,-0.2771322
1.4815758,1.5552331,0.38643068,0.073657274,0.19060928
1.1936212,1.5552335,0.38643077,0.36161232,0.93577516
1.1078472,1.555439,0.38629618,0.44759178,1.1586752
1.9779705,1.5554392,0.38629594,-0.42253125,-1.093802
0.98705214,1.5554385,0.386296,0.5683864,1.4713752
1.1734158,1.5554383,0.3862959,0.3820225,0.98893744
1.4790727,1.555233,0.38643065,0.07616031,0.19708662
1.105567,1.555233,0.38643056,0.44966602,1.1636399
1.6095444,1.5554379,0.3862959,-0.054106474,-0.14006484
1.3807619,1.5552328,0.38643062,0.1744709,0.45149347
1.4562925,1.5552335,0.38643068,0.09894097,0.25603807
1.5807061,1.5554383,0.38629588,-0.02526784,-0.065410584
1.6241034,1.5554385,0.3862959,-0.06866491,-0.17775209
1.2144259,1.5554386,0.38629606,0.34101272,0.88277555
1.4047178,1.5552331,0.38643062,0.15051532,0.38950154
1.2820461,1.5552342,0.38643068,0.2731881,0.70695245
1.4875014,1.5552337,0.38643077,0.067732334,0.17527676
1.2366058,1.5552331,0.38643062,0.31862736,0.8245396
1.322063,1.5554395,0.38629606,0.2333765,0.604139
1.771867,1.5552342,0.38643074,-0.21663284,-0.5605994
1.4506127,1.555234,0.38643074,0.10462129,0.2707375
1.6813022,1.5554386,0.3862959,-0.12586355,-0.3258216
1.1795802,1.5554385,0.38629594,0.3758583,0.9729802
1.5302054,1.5554385,0.38629594,0.02523315,0.065320775
1.4168613,1.5554389,0.3862959,0.13857758,0.35873425
1.2774303,1.5552328,0.38643068,0.27780247,0.7188934
1.6358898,1.555439,0.3862959,-0.08045077,-0.20826204
1.8465779,1.5554389,0.38629594,-0.291139,-0.7536683
1.2994616,1.555234,0.38643068,0.25577235,0.6618842
1.2662053,1.555438,0.38629577,0.28923273,0.7487339
1.4957243,1.5554382,0.38629583,0.05971384,0.1545806
1.3791938,1.5554382,0.38629583,0.17624438,0.456242
1.21375,1.5554388,0.38629594,0.34168875,0.88452584
1.5884681,1.555231,0.3864303,-0.0332371,-0.0860106
1.2001364,1.5552337,0.38643074,0.3550973,0.91891575
1.5833898,1.5554379,0.3862959,-0.027951837,-0.072358616
1.6079996,1.5554385,0.38629603,-0.052561045,-0.13606416
1.2220262,1.5554388,0.38629594,0.33341253,0.8631013
1.5353854,1.5552326,0.38643053,0.019847274,0.05136052
1.5479977,1.5554374,0.38629583,0.0074397326,0.019259159
1.5350996,1.555438,0.3862959,0.020338416,0.052649833
1.1644347,1.5552342,0.38643077,0.39079952,1.0113055
1.170964,1.5554383,0.3862959,0.38447428,0.9952843
1.684072,1.5554388,0.3862959,-0.12863326,-0.3329915
2.057897,1.5552332,0.38643074,-0.50266385,-1.3007864
1.3006812,1.5552342,0.38643065,0.25455296,0.6587287
1.4444653,1.555228,0.38642994,0.110762715,0.28663078
1.4254137,1.555439,0.38629603,0.13002527,0.33659488
1.4361343,1.555233,0.38643053,0.11909866,0.308202
1.8896854,1.5554402,0.38629612,-0.3342452,-0.8652564
1.2069945,1.5554386,0.3862959,0.3484441,0.9020134
1.4242572,1.5552342,0.38643065,0.13097703,0.3389406
1.8287902,1.5552331,0.38643062,-0.27355707,-0.7079073
1.7473639,1.5554388,0.386296,-0.19192517,-0.49683446
1.2500898,1.555439,0.38629594,0.30534923,0.79045415
1.6434824,1.5554388,0.38629594,-0.08804369,-0.22791772
1.0280607,1.5552278,0.38643008,0.5271671,1.3641979
1.5284305,1.5552332,0.38643062,0.026802778,0.06935987
1.8154645,1.5554392,0.386296,-0.26002526,-0.6731244
1.3913165,1.5552195,0.38642892,0.163903,0.42414784
1.5032278,1.555439,0.386296,0.052211165,0.13515843
2.1466434,1.5554407,0.386296,-0.59120274,-1.5304397
1.0503483,1.5552307,0.38643008,0.50488245,1.3065299
1.8378022,1.5554385,0.38629583,-0.28236365,-0.73095185
1.3103611,1.5552332,0.38643068,0.2448721,0.63367665
1.5740746,1.5554385,0.3862959,-0.018636107,-0.048243087
1.293369,1.5552335,0.38643062,0.26186442,0.67764926
1.4983679,1.555438,0.38629583,0.057070136,0.14773688
1.5840269,1.5554383,0.3862959,-0.028588653,-0.07400713
1.9578775,1.5552335,0.38643056,-0.40264404,-1.041957
1.7161043,1.5554394,0.386296,-0.16066492,-0.4159114
1.2753576,1.555439,0.3862959,0.2800814,0.72504365
1.4770892,1.5552331,0.38643062,0.078143954,0.20221989
1.5029532,1.555438,0.3862959,0.05248487,0.13586701
1.0920311,1.555439,0.386296,0.46340787,1.1996186
1.9797727,1.5554385,0.386296,-0.42433417,-1.0984689
1.2243416,1.5552323,0.38643053,0.33089066,0.8562746
1.5068196,1.5554382,0.38629577,0.048618555,0.12585837
1.4539989,1.555438,0.3862959,0.10143912,0.26259434
1.6955376,1.5552311,0.3864303,-0.14030647,-0.3630835
1.1417576,1.5554379,0.38629577,0.41368032,1.0708901
1.3744677,1.5552328,0.38643077,0.18076503,0.46778116
1.2894003,1.5552332,0.38643065,0.2658329,0.6879188
1.5986782,1.5554382,0.38629583,-0.04324007,-0.111935124
1.3089259,1.5554386,0.38629594,0.24651277,0.63814485
1.0386418,1.5554383,0.38629588,0.51679647,1.3378254
1.7431974,1.5554388,0.3862959,-0.18775868,-0.48604885
1.5581623,1.555439,0.386296,-0.0027233362,-0.007049869
1.2644289,1.5554383,0.38629588,0.29100943,0.753333
1.3103617,1.5552332,0.38643065,0.2448715,0.63367516
1.1786861,1.5554392,0.386296,0.3767531,0.9752964
1.0499202,1.5554385,0.38629606,0.5055183,1.3086293
1.5731089,1.5552293,0.38642997,-0.017879605,-0.046268683
1.2847446,1.5554386,0.386296,0.27069402,0.7007425
1.289174,1.555438,0.386296,0.26626408,0.6892747
1.8375868,1.5554386,0.38629594,-0.28214812,-0.7303937
1.8181944,1.5552337,0.38643053,-0.26296067,-0.68048626
1.6025791,1.5554385,0.3862959,-0.0471406,-0.12203235
1.4763299,1.5552315,0.38643032,0.07890153,0.20418048
1.4372416,1.5554382,0.38629588,0.11819661,0.30597427
2.1109104,1.5554388,0.38629606,-0.55547166,-1.4379429
1.544026,1.5554386,0.38629606,0.011412621,0.029543715
1.3226802,1.5554382,0.3862959,0.23275793,0.6025379
1.4682549,1.5554386,0.3862959,0.087183714,0.22569153
1.3237705,1.5552313,0.38643023,0.23146081,0.5989718
1.1325998,1.5554385,0.3862959,0.4228387,1.0945979
1.245847,1.555232,0.3864305,0.30938506,0.80062276
1.4264208,1.5552311,0.38643005,0.12881029,0.33333403
1.4230144,1.5552332,0.38643068,0.13221884,0.3421541
1.5847812,1.5552331,0.38643053,-0.029548049,-0.076464064
1.6328783,1.5554383,0.38629594,-0.07744002,-0.20046812
1.6727269,1.555233,0.38643068,-0.11749387,-0.30404902
1.335088,1.555439,0.38629588,0.22035098,0.5704202
1.5141828,1.555233,0.38643074,0.041050196,0.10622912
1.6801337,1.5552326,0.38643062,-0.12490106,-0.32321727
1.8765616,1.5552307,0.38643008,-0.3213309,-0.83153695
1.0602804,1.5552331,0.38643065,0.49495268,1.2808318
1.4716161,1.5554388,0.386296,0.08382261,0.21699062
1.2900406,1.5554386,0.38629583,0.26539803,0.6870331
1.5936047,1.5552328,0.38643056,-0.03837192,-0.09929836
1.2710217,1.5552329,0.3864304,0.28421116,0.7354782
1.2092628,1.5552335,0.3864308,0.34597063,0.89529777
1.6538525,1.555233,0.38643065,-0.09861946,-0.2552061
1.7674035,1.555233,0.38643062,-0.21217048,-0.54905194
1.7260759,1.5554378,0.3862959,-0.17063808,-0.44172895
1.1748065,1.5552332,0.38643077,0.38042676,0.9844629
1.4986844,1.5554388,0.3862959,0.05675435,0.14691937
2.0579698,1.5552335,0.38643056,-0.50273633,-1.3009746
1.4510552,1.5554388,0.38629603,0.10438359,0.27021655
1.5183451,1.5554383,0.38629594,0.037093163,0.09602266
1.9797541,1.5554383,0.38629577,-0.4243158,-1.0984222
1.5104479,1.555232,0.38643053,0.04478419,0.11589195
1.5402051,1.5554376,0.3862959,0.015232444,0.03943206
1.7797922,1.5554402,0.38629618,-0.224352,-0.58077717
1.3927203,1.5554385,0.38629583,0.16271818,0.42122686
1.6273383,1.5554384,0.38629588,-0.07189989,-0.18612647
1.3240072,1.5554382,0.38629594,0.231431,0.59910285
0.9595471,1.5552278,0.38642988,0.59568065,1.5414975
1.5782993,1.5554389,0.38629594,-0.022860408,-0.059178483
1.1684666,1.555232,0.38643053,0.38676548,1.0008668
1.8513268,1.5552329,0.38643074,-0.29609394,-0.7662277
1.3336248,1.5552306,0.38643008,0.22160578,0.5734693
1.7967808,1.5554391,0.38629594,-0.24134171,-0.6247586
1.1638786,1.55544,0.38629615,0.3915614,1.01363
0.9525073,1.5552335,0.38643062,0.60272616,1.5597267
1.2842621,1.5554382,0.38629577,0.2711761,0.70199084
1.6805537,1.555439,0.386296,-0.12511468,-0.32388294
1.3464556,1.5554385,0.3862959,0.20898294,0.54099184
1.4305594,1.5552335,0.38643062,0.12467408,0.32262993
1.9922584,1.5552342,0.38643065,-0.43702424,-1.1309254
1.2248905,1.5552325,0.38643065,0.33034205,0.8548547
1.3224728,1.5552335,0.38643074,0.23276067,0.60233474
1.070768,1.5552326,0.38643065,0.48446465,1.2536911
1.3288844,1.555233,0.38643065,0.22634864,0.58574194
1.2945478,1.5554392,0.38629603,0.26089144,0.6753666
1.333852,1.5554385,0.3862959,0.22158647,0.5736185
1.2577372,1.5552325,0.38643074,0.29749537,0.7698543
1.1236106,1.5554384,0.38629588,0.43182778,1.117868
1.235722,1.555438,0.38629594,0.3197161,0.8276455
1.2330981,1.5552337,0.38643068,0.32213557,0.833618
1.3364031,1.5554392,0.386296,0.2190361,0.56701624
1.8434491,1.5554464,0.38629687,-0.28800273,-0.74554765
1.2547321,1.55544,0.38629615,0.30070782,0.77843857
1.5350021,1.5554383,0.38629577,0.020436168,0.052902903
1.5970579,1.5554388,0.38629588,-0.04161918,-0.10773913
1.7586181,1.5554385,0.38629612,-0.2031796,-0.5259685
1.3128074,1.555438,0.3862957,0.2426306,0.6280955
1.3697151,1.5552329,0.38643077,0.18551779,0.48008028
1.1682398,1.5552297,0.38643008,0.38698983,1.0014485
1.666797,1.555438,0.38629588,-0.111359,-0.28827384
1.3588784,1.5552297,0.3864302,0.19635129,0.50811577
1.3675406,1.5554382,0.38629583,0.18789756,0.48640847
1.6266758,1.5554402,0.38629615,-0.07123566,-0.18440685
1.4236867,1.5552278,0.38642958,0.13154101,0.340401
1.8265167,1.5554389,0.38629603,-0.27107787,-0.7017361
1.8659405,1.5554388,0.38629615,-0.3105017,-0.8037918
1.7382535,1.555438,0.3862959,-0.18281543,-0.4732523
1.0512916,1.5552325,0.38643056,0.50394094,1.3040918
1.3555036,1.555438,0.38629588,0.19993448,0.51756823
2.0126004,1.5554392,0.386296,-0.4571612,-1.1834478
1.1628011,1.5552315,0.38643038,0.3924303,1.0155265
1.3096151,1.5552332,0.38643065,0.2456181,0.6356072
1.2797604,1.555231,0.3864302,0.2754706,0.7128599
1.6586597,1.5554397,0.38629603,-0.103219986,-0.26720437
1.1489456,1.5554385,0.38629603,0.40649295,1.0522835
1.3961565,1.555439,0.3862959,0.15928245,0.4123327
1.2086977,1.5552332,0.38643074,0.34653556,0.8967598
1.1356714,1.5554388,0.38629603,0.41976738,1.0866469
1.1357989,1.5554396,0.38629594,0.41964066,1.0863191
1.924674,1.5554383,0.3862959,-0.36923575,-0.95583653
1.3927289,1.5554378,0.3862959,0.16270888,0.4212027
1.2883044,1.5554385,0.3862959,0.26713407,0.69152707
1.6871232,1.5554404,0.3862963,-0.13168275,-0.34088537
1.3098681,1.5552328,0.38643056,0.24536467,0.63495153
1.9881142,1.555233,0.38643068,-0.43288124,-1.1202041
1.715318,1.5554383,0.38629594,-0.15987968,-0.41387877
1.5070288,1.5554383,0.38629588,0.048409462,0.12531705
1.2639006,1.5552335,0.38643065,0.29133284,0.7539072
1.3454748,1.5552323,0.3864305,0.20975745,0.5428077
1.5253923,1.5552332,0.38643068,0.029840946,0.07722199
1.2813977,1.5554376,0.38629588,0.27403986,0.70940405
1.2259786,1.5554378,0.38629588,0.3294592,0.8528675
1.2652528,1.5554383,0.38629583,0.29018545,0.7512001
1.2597454,1.555439,0.386296,0.29569364,0.7654587
1.6510116,1.555233,0.38643074,-0.095778584,-0.24785447
1.768188,1.5552317,0.38643032,-0.21295631,-0.5510859
1.8482833,1.5554389,0.386296,-0.2928444,-0.7580829
1.4467325,1.5552325,0.38643062,0.108500004,0.28077486
1.7143874,1.5554384,0.3862959,-0.15894902,-0.41146958
1.0171623,1.5554382,0.3862959,0.53827584,1.3934288
1.3945824,1.5552298,0.38643023,0.16064739,0.4157216
1.1187797,1.5552335,0.38643074,0.43645382,1.129449
1.3097665,1.5554402,0.38629603,0.24567366,0.6359725
0.9701641,1.5552278,0.38642985,0.58506364,1.514023
1.3300499,1.5552318,0.38643038,0.22518194,0.58272314
1.3135313,1.5554388,0.38629594,0.24190748,0.6262232
1.9179081,1.555439,0.386296,-0.36246908,-0.9383195
1.5520597,1.5552311,0.38643023,0.003171444,0.008207029
1.6146185,1.5554383,0.38629588,-0.05918026,-0.1531993
1.367458,1.5552332,0.38643065,0.18777525,0.48592225
1.3138337,1.5554382,0.3862959,0.24160445,0.6254388
1.283416,1.5552335,0.38643077,0.27181745,0.70340526
1.5173607,1.5554385,0.38629603,0.03807783,0.098571636
1.4387609,1.555234,0.38643074,0.11647308,0.3014074
1.6613692,1.5554383,0.38629583,-0.105930924,-0.27422228
1.3203969,1.5552313,0.38643023,0.23483443,0.607702
1.0928736,1.555438,0.38629583,0.46256447,1.1974359
1.5133678,1.5554385,0.386296,0.042070746,0.10890806
1.1307197,1.5552337,0.38643065,0.42451406,1.0985518
1.5435688,1.5552335,0.38643074,0.011664629,0.030185562
1.6663827,1.5552306,0.38643017,-0.11115205,-0.28763813
1.5613068,1.5554385,0.38629588,-0.0058683157,-0.015191246
1.7176869,1.555438,0.38629583,-0.16224885,-0.4200119
1.1641396,1.5554384,0.38629588,0.39129877,1.0129509
1.5596555,1.5554382,0.38629588,-0.0042173862,-0.010917502
1.7988018,1.5552312,0.38643032,-0.24357057,-0.63030916
1.8128781,1.5552335,0.38643068,-0.25764465,-0.6667293
1.6272601,1.5554389,0.38629594,-0.07182121,-0.18592277
1.4537977,1.5554382,0.38629583,0.10164046,0.2631156
1.5349246,1.5552325,0.38643065,0.020307899,0.052552506
1.3357083,1.5554383,0.3862959,0.21973002,0.56881267
1.7254268,1.5552294,0.38642994,-0.17019737,-0.44043526
1.9586618,1.5554383,0.38629583,-0.4032235,-1.0438205
1.3260405,1.5554383,0.38629603,0.22939777,0.59383935
1.2572101,1.5554388,0.38629594,0.29822862,0.7720211
2.1094744,1.5554391,0.38629603,-0.5540353,-1.4342247
1.5144407,1.5554385,0.3862959,0.040997863,0.10613072
1.3296688,1.5554382,0.38629588,0.2257694,0.58444685
1.2280164,1.5552313,0.38643032,0.32721496,0.84676313
1.5105096,1.5552318,0.38643032,0.0447222,0.1157316
1.4223827,1.5552332,0.38643068,0.13285053,0.34378877
1.5703875,1.5552329,0.38643065,-0.0151546,-0.03921687
2.0264661,1.5552225,0.386429,-0.47124362,-1.219483
1.603174,1.5552313,0.3864303,-0.04794264,-0.12406542
1.4564874,1.5554385,0.38629583,0.0989511,0.2561537
1.1059867,1.5554407,0.3862963,0.44945395,1.1634953
1.7089839,1.5554383,0.3862959,-0.15354562,-0.39748186
1.6566,1.5554391,0.3862959,-0.101160884,-0.26187408
1.5888472,1.5554386,0.386296,-0.033408523,-0.08648425
1.7185365,1.5554383,0.38629603,-0.16309822,-0.42221043
1.6448795,1.55544,0.38629615,-0.08943951,-0.23153093
1.8076628,1.5552325,0.38643068,-0.25243032,-0.65323573
1.5735898,1.555438,0.38629606,-0.01815176,-0.046989243
1.9180006,1.5554383,0.38629588,-0.3625623,-0.93856114
1.5387096,1.5552325,0.38643053,0.016522884,0.04275771
1.56019,1.5554383,0.38629588,-0.0047516823,-0.012300629
1.9502808,1.555233,0.38643077,-0.39504778,-1.0222989
1.4523357,1.5552342,0.38643062,0.10289848,0.2662793
1.6261901,1.5554371,0.386296,-0.07075298,-0.18315741
1.3277216,1.5552305,0.38643032,0.2275089,0.58874494
1.1446074,1.555438,0.386296,0.41083062,1.0635124
1.6070777,1.5554383,0.38629583,-0.051639438,-0.13367848
1.205954,1.5554395,0.38629603,0.34948552,0.90470904
1.6707991,1.5552329,0.38643065,-0.11556625,-0.2990608
1.778425,1.5552335,0.38643062,-0.2231915,-0.577572
1.373965,1.555233,0.38643062,0.18126798,0.46908286
1.3630891,1.5552324,0.38643056,0.19214332,0.497226
1.2409397,1.5552332,0.38643074,0.3142935,0.8133243
1.1141697,1.555234,0.38643074,0.44106424,1.1413798
1.3070185,1.5552332,0.38643068,0.24821472,0.64232665
1.7568631,1.5554388,0.386296,-0.20142436,-0.5214249
1.4435618,1.5552335,0.38643077,0.111671686,0.2889824
1.523403,1.5552325,0.38643065,0.031829476,0.08236789
1.2965602,1.5552332,0.38643068,0.25867307,0.6693906
1.0525663,1.55544,0.38629603,0.50287366,1.3017831
1.6923585,1.5552342,0.38643065,-0.1371243,-0.3548484
1.5374125,1.5554379,0.3862959,0.018025398,0.04666215
1.8200915,1.5554394,0.38629606,-0.26465213,-0.6851018
1.256499,1.555439,0.3862959,0.29893994,0.77386254
1.6716905,1.5552306,0.38642994,-0.11645985,-0.30137378
1.2305762,1.555233,0.38643032,0.32465684,0.84014326
1.4587497,1.555233,0.38643056,0.09648335,0.24967836
1.6593592,1.5552335,0.38643077,-0.10412574,-0.2694551
1.3793474,1.555438,0.38629583,0.1760906,0.4558439
1.4090735,1.5552299,0.38643008,0.14615643,0.3782222
1.6444192,1.5554383,0.386296,-0.08898091,-0.23034386
1.434367,1.5554385,0.386296,0.12107158,0.3134166
1.765549,1.5554383,0.38629588,-0.21011066,-0.5439112
1.4736502,1.5552323,0.38643053,0.08158207,0.21111704
0.98652893,1.5552335,0.38643068,0.56870455,1.4716858
1.4474027,1.55544,0.38629612,0.10803723,0.27967465
1.7549479,1.555234,0.38643074,-0.19971395,-0.5168169
1.5510926,1.555439,0.386296,0.0043463707,0.011251399
1.9787327,1.5552332,0.38643074,-0.42349946,-1.0959259
1.0786681,1.555439,0.386296,0.47677088,1.2342112
1.6409565,1.5552342,0.38643065,-0.08572233,-0.22183108
1.2716236,1.5554395,0.38629603,0.28381586,0.73471075
1.1948856,1.555234,0.38643062,0.36034834,0.93250465
2.1446354,1.5552335,0.38643074,-0.58940196,-1.525246
1.7705214,1.5554377,0.3862957,-0.21508372,-0.55678517
1.024087,1.5554392,0.38629603,0.5313523,1.3755054
1.4764768,1.5552335,0.38643065,0.07875669,0.20380549
1.3202474,1.5552311,0.3864302,0.23498368,0.6080883
1.4194993,1.5554389,0.38629588,0.1359396,0.35190538
1.7021042,1.5554382,0.3862959,-0.14666605,-0.3796728
1.1348997,1.5552337,0.38643056,0.42033398,1.0877348
1.0478873,1.555438,0.38629577,0.5075507,1.3138915
1.351819,1.5554384,0.38629594,0.20361936,0.5271072
1.3387586,1.5552251,0.3864297,0.21646655,0.5601706
1.1113861,1.5554396,0.38629603,0.44405353,1.1495161
1.163491,1.555234,0.38643065,0.39174294,1.0137471
1.5411773,1.5554388,0.3862959,0.014261484,0.036918547
1.4979438,1.555438,0.38629583,0.057494283,0.14883485
1.7339944,1.55544,0.386296,-0.17855442,-0.46222174
1.821038,1.5554377,0.38629583,-0.26560032,-0.6875568
1.790814,1.555438,0.38629588,-0.235376,-0.60931534
1.3903553,1.5552337,0.38643062,0.16487837,0.42667004
1.4051571,1.5554383,0.38629583,0.15028119,0.38903135
1.3504988,1.5554388,0.3862959,0.20493996,0.5305258
1.508963,1.5552332,0.38643053,0.04627025,0.119737566
1.4182189,1.5552325,0.38643062,0.13701367,0.35456216
1.5879648,1.55544,0.38629618,-0.032524824,-0.0841966
1.7800668,1.5552337,0.38643068,-0.22483313,-0.5818201
1.3543975,1.5554392,0.38629594,0.2010417,0.5204344
1.5380723,1.5554379,0.3862959,0.017365575,0.044954073
1.5313267,1.5554397,0.38629615,0.024113059,0.062421173
1.7725763,1.5554386,0.38629594,-0.2171377,-0.5621019
1.2449043,1.5552299,0.38643008,0.31032562,0.8030576
1.6319655,1.5552316,0.3864303,-0.07673395,-0.19857125
1.5456051,1.5554389,0.38629583,0.009833813,0.02545669
1.3047773,1.5554384,0.3862959,0.25066113,0.64888376
1.7256241,1.555439,0.3862959,-0.17018509,-0.4405563
1.6048622,1.5552331,0.38643074,-0.049629092,-0.12842946
1.2884798,1.5552335,0.38643065,0.26675367,0.69030154
1.1957309,1.5552329,0.38643062,0.35950196,0.93031436
1.23415,1.555439,0.386296,0.32128894,0.83171695
1.039143,1.5554386,0.3862959,0.5162957,1.3365289
1.7343438,1.5554378,0.38629594,-0.17890596,-0.46313187
1.2321527,1.5554383,0.38629577,0.32328558,0.83688617
1.7414029,1.555234,0.38643074,-0.18616891,-0.48176527
1.7825898,1.5554386,0.38629588,-0.22715116,-0.5880237
2.021804,1.555439,0.38629594,-0.4663651,-1.2072741
1.2689341,1.5554402,0.38629615,0.28650606,0.7416746
1.7537372,1.5554396,0.386296,-0.19829762,-0.51333076
1.7897397,1.555232,0.38643053,-0.23450768,-0.606856
1.774287,1.5552335,0.38643065,-0.2190535,-0.5668637
0.92482495,1.5554378,0.38629588,0.63061285,1.6324607
1.240842,1.5552313,0.38643023,0.31438935,0.81357336
1.8192208,1.5554383,0.3862959,-0.2637825,-0.6828509
1.5538491,1.5554382,0.38629583,0.0015890598,0.004113583
1.4194227,1.5554392,0.38629606,0.13601649,0.35210425
1.7346106,1.5552337,0.38643062,-0.17937684,-0.464189
1.0218002,1.5554388,0.38629594,0.5336386,1.3814243
1.1281961,1.5552306,0.38642997,0.4270345,1.1050761
1.5917375,1.5554394,0.38629603,-0.036298156,-0.09396461
1.0772192,1.5552319,0.3864305,0.47801268,1.2369952
1.7580857,1.555438,0.38629588,-0.20264769,-0.52459186
1.3549173,1.5552285,0.38642988,0.20031118,0.5183636
1.7042294,1.5552332,0.38643065,-0.14899611,-0.38557014
1.5643482,1.5552226,0.38642895,-0.00912559,-0.023615183
1.1848705,1.5554394,0.38629603,0.37056887,0.9592873
1.5330237,1.5552325,0.38643062,0.02220881,0.057471663
1.2683656,1.555438,0.3862959,0.28707242,0.74314123
1.0471493,1.555439,0.386296,0.5082897,1.3158036
1.7056696,1.5552303,0.3864302,-0.15043938,-0.38930544
2.0993528,1.5552335,0.38643077,-0.54411936,-1.4080642
1.8864928,1.5554389,0.386296,-0.33105397,-0.8569956
1.5187454,1.5552309,0.3864302,0.036485434,0.09441662
1.1185886,1.5554389,0.38629594,0.4368503,1.1308695
1.3272984,1.5554383,0.3862959,0.22813988,0.5905832
1.3156414,1.5552304,0.3864303,0.23958898,0.62000567
1.368927,1.5554383,0.3862959,0.18651128,0.4828197
1.2662891,1.555438,0.38629588,0.28914893,0.74851674
1.6798694,1.5554388,0.38629603,-0.12443066,-0.32211217
1.6628857,1.5554385,0.3862959,-0.10744715,-0.27814725
1.4442178,1.5552324,0.38643056,0.111014605,0.28728217
1.5016285,1.5554383,0.38629583,0.053809762,0.13929677
1.4224302,1.5552337,0.38643068,0.13280356,0.3436672
1.4342657,1.5552325,0.38643074,0.12096679,0.31303614
1.6599896,1.5554396,0.38629615,-0.104550004,-0.2706473
1.6909645,1.5552292,0.38643017,-0.13573527,-0.35125434
0.99024606,1.555233,0.38643053,0.56498694,1.462066
1.6110189,1.5552315,0.38643056,-0.055787444,-0.14436603
1.004427,1.5554395,0.38629606,0.5510125,1.4263995
1.4539315,1.5554395,0.38629603,0.10150802,0.26277262
1.5470128,1.5554382,0.38629577,0.008425355,0.021810632
1.7089146,1.5554386,0.38629606,-0.153476,-0.3973015
1.2397534,1.5554388,0.38629594,0.3156854,0.8172113
1.2770122,1.5552335,0.38643068,0.27822125,0.71997714
1.2468776,1.5552337,0.38643074,0.30835617,0.79795974
2.0002348,1.5552337,0.38643068,-0.44500113,-1.1515678
1.2306988,1.5554379,0.38629588,0.3247391,0.8406486
1.6773992,1.555439,0.38629594,-0.12196016,-0.31571692
1.8714939,1.5554392,0.386296,-0.3160547,-0.81816715
1.3052557,1.5552337,0.38643077,0.24997807,0.6468896
1.8112105,1.5554376,0.3862959,-0.25577295,-0.66211665
1.7812879,1.5554383,0.38629588,-0.22584963,-0.5846545
2.0256636,1.5554379,0.3862959,-0.4702257,-1.2172681
1.4773341,1.5554392,0.38629612,0.07810509,0.20218968
1.5394789,1.5552342,0.38643074,0.015755296,0.04077133
1.3121537,1.5552342,0.3864309,0.2430805,0.62904
1.2987576,1.5552323,0.38643056,0.25647473,0.663702
0.99922967,1.5552335,0.38643062,0.5560038,1.4388193
1.395731,1.5552324,0.3864304,0.15950143,0.4127559
1.3751118,1.5552316,0.38643032,0.18011975,0.46611184
1.5700382,1.5554388,0.38629594,-0.0145994425,-0.037793413
1.806314,1.5552332,0.3864305,-0.25108075,-0.6497436
1.1309597,1.555439,0.386296,0.42447925,1.0988445
1.431987,1.55523,0.38643017,0.123242974,0.3189269
1.5472416,1.5552288,0.38642997,0.007987261,0.020669362
1.2941068,1.555232,0.38643053,0.2611252,0.6757365
1.4233302,1.5554395,0.38629594,0.13210928,0.34198982
1.8715016,1.5554389,0.3862959,-0.3160627,-0.818188
1.2129198,1.5554383,0.38629588,0.34251845,0.8866738
1.3773953,1.5552335,0.3864305,0.1778382,0.46020746
1.4441574,1.5552313,0.38643023,0.11107397,0.28743604
1.364553,1.555233,0.38643062,0.19068003,0.49343923
1.6534022,1.555234,0.38643065,-0.098168254,-0.25403848
1.7806778,1.5554383,0.3862959,-0.22523952,-0.58307505
1.17095,1.5554384,0.3862959,0.38448834,0.99532074
1.5073509,1.5554394,0.38629603,0.04808843,0.124485955
1.3687431,1.5552322,0.38643053,0.1864891,0.48259413
1.4681684,1.555233,0.38643056,0.087064624,0.22530471
1.8806322,1.5554391,0.386296,-0.32519305,-0.84182346
1.1396356,1.5554389,0.3862959,0.4158033,1.0763855
1.0644476,1.5554383,0.38629577,0.49099064,1.2710226
1.5387026,1.555438,0.386296,0.016735435,0.043322828
1.642941,1.5554392,0.38629612,-0.087501764,-0.22651474
1.7234958,1.555232,0.38643062,-0.1682638,-0.4354308
1.4459003,1.5552335,0.38643068,0.10933316,0.28293085
1.7085507,1.5552335,0.38643077,-0.15331721,-0.3967521
1.624078,1.5552335,0.38643077,-0.06884456,-0.17815496
1.6509416,1.5552258,0.38642952,-0.09571576,-0.24769267
1.6291052,1.5554404,0.38629627,-0.073664784,-0.19069505
1.3178953,1.5554383,0.38629588,0.23754299,0.61492497
1.3092768,1.5552329,0.38643074,0.24595606,0.63648164
1.1106597,1.5552312,0.38643023,0.4445715,1.1504574
1.2923634,1.5552325,0.38643068,0.26286912,0.6802491
1.1038028,1.5554388,0.386296,0.45163596,1.1691447
1.6247839,1.5552223,0.38642913,-0.0695616,-0.18001127
1.593573,1.5554384,0.38629588,-0.038134575,-0.09871856
1.688764,1.5554388,0.3862959,-0.13332522,-0.34513754
1.4163128,1.5552332,0.38643056,0.13892043,0.35949647
1.2862906,1.5554385,0.38629594,0.26914787,0.6967401
1.2910941,1.5554392,0.386296,0.26434517,0.6843073
2.0219047,1.555439,0.386296,-0.4664657,-1.2075344
1.4467851,1.5554391,0.386296,0.10865402,0.2812714
1.4048095,1.5554383,0.38629577,0.1506288,0.3899313
1.9648001,1.5554386,0.38629612,-0.40936148,-1.059709
1.3214755,1.5552337,0.38643062,0.23375821,0.6049164
1.4791595,1.555438,0.3862959,0.07627857,0.19746149
1.5893308,1.5554384,0.386296,-0.033892393,-0.087736845
1.2045839,1.5552316,0.3864305,0.3506477,0.9074017
1.9923136,1.5554396,0.38629612,-0.43687403,-1.1309304
1.7840545,1.5552342,0.38643065,-0.22882032,-0.5921381
1.2388736,1.5554376,0.38629588,0.31656396,0.8194857
1.3753943,1.5552337,0.38643068,0.17983937,0.46538585
1.747691,1.5554392,0.38629606,-0.1922518,-0.49767995
1.696944,1.5554385,0.38629588,-0.14150548,-0.36631373
1.5829104,1.5554389,0.3862959,-0.027471542,-0.07111528
1.0798843,1.5554392,0.386296,0.47555494,1.2310636
1.7964337,1.555439,0.386296,-0.24099469,-0.6238602
1.5106394,1.5554397,0.38629606,0.04480028,0.11597395
1.7622559,1.5552342,0.38643065,-0.20702171,-0.535728
1.3469275,1.5554395,0.38629603,0.20851195,0.53977245
1.1859272,1.5552342,0.38643068,0.36930704,0.9556877
2.024839,1.5554383,0.38629594,-0.46940064,-1.2151322
1.1326916,1.5552325,0.38643053,0.4225409,1.093446
1.1433556,1.5554394,0.386296,0.41208375,1.0667564
1.4798208,1.5554383,0.38629588,0.07561743,0.19575003
1.4348738,1.5554385,0.38629594,0.1205647,0.3121045
1.5450606,1.5552331,0.38643062,0.010172486,0.026324224
1.6927755,1.5554384,0.3862959,-0.13733709,-0.35552302
1.7123046,1.555438,0.38629588,-0.15686655,-0.40607876
1.0973148,1.5554395,0.38629612,0.45812464,1.1859416
1.5768788,1.555234,0.38643074,-0.02164483,-0.056012187
1.5360092,1.5554382,0.3862959,0.019428968,0.050295558
1.27117,1.5552332,0.38643053,0.28406322,0.7350952
1.5211453,1.5554385,0.38629583,0.034293175,0.08877438
1.6937737,1.5554384,0.38629583,-0.13833535,-0.35810727
1.617995,1.5554383,0.3862959,-0.06255674,-0.16193996
1.2270824,1.5554382,0.3862959,0.3283558,0.85001105
1.0466394,1.5554378,0.3862959,0.50879836,1.3171208
1.2928902,1.555439,0.386296,0.2625488,0.67965704
1.4979985,1.5554392,0.386296,0.057440758,0.14869623
1.5777878,1.5554383,0.3862959,-0.022349477,-0.057855844
2.0302749,1.5554383,0.38629594,-0.4748366,-1.2292042
1.150575,1.5554386,0.3862959,0.4048636,1.0480659
1.5786445,1.5554392,0.38629606,-0.02320528,-0.06007123
1.616476,1.5552304,0.38643005,-0.06124568,-0.15849099
1.6053251,1.5554382,0.38629577,-0.049886942,-0.12914182
1.5493801,1.555439,0.386296,0.0060589314,0.015684685
1.7553778,1.5554385,0.386296,-0.19993925,-0.51758045
1.7036257,1.5552325,0.38643056,-0.14839315,-0.38400987
1.7045075,1.5554382,0.38629588,-0.14906931,-0.38589412
1.3187306,1.5552313,0.3864302,0.23650074,0.6120141
1.6571916,1.5552331,0.38643056,-0.10195851,-0.26384693
1.0394111,1.5554389,0.38629594,0.5160278,1.3358355
1.7267563,1.5554383,0.3862959,-0.17131805,-0.44348916
1.3388427,1.5552332,0.38643062,0.21639049,0.5599724
1.4093663,1.5554383,0.3862959,0.14607203,0.37813506
1.155292,1.5554383,0.38629588,0.40014625,1.0358543
1.650908,1.555438,0.3862959,-0.09546995,-0.24714202
1.31256,1.555438,0.38629588,0.24287808,0.6287359
1.0492381,1.5554383,0.386296,0.5062002,1.3103946
2.009748,1.555234,0.38643074,-0.45451403,-1.176185
1.5428609,1.5552328,0.38643062,0.012371898,0.03201583
1.657108,1.5554402,0.38629603,-0.10166776,-0.26318613
1.678993,1.5554397,0.38629606,-0.123553276,-0.31984088
1.7930826,1.5554392,0.3862959,-0.23764336,-0.6151848
1.2829852,1.555439,0.38629594,0.27245378,0.70529807
1.5201042,1.5552337,0.38643068,0.035129547,0.09090776
1.134962,1.5554376,0.3862959,0.4204756,1.0884806
1.4476893,1.5552286,0.38642988,0.107539296,0.2782893
1.439267,1.5552301,0.38643008,0.1159631,0.30008817
1.1713781,1.555233,0.38643068,0.38385487,0.99333435
1.7424275,1.555439,0.38629594,-0.18698847,-0.48405498
1.3493896,1.5552337,0.3864305,0.20584416,0.5326809
1.2605383,1.5552309,0.38643008,0.29469252,0.7626024
1.6063161,1.5554383,0.38629588,-0.05087781,-0.13170683
1.1257154,1.5552292,0.38643017,0.4295138,1.1114914
1.050765,1.5554379,0.38629588,0.5046729,1.3064413
1.7953018,1.55523,0.38642994,-0.24007177,-0.62125564
1.55266,1.5554386,0.38629594,0.0027786493,0.0071930587
1.4415702,1.5554383,0.38629577,0.11386812,0.29476926
1.3475806,1.5552335,0.38643056,0.20765293,0.53736156
1.8341483,1.5552288,0.38642994,-0.27891946,-0.7217853
1.6576519,1.5554386,0.386296,-0.10221326,-0.26459828
1.8957841,1.5554407,0.3862963,-0.34034348,-0.88104254
1.4494709,1.5554383,0.38629583,0.1059674,0.27431673
1.0725104,1.5554391,0.38629594,0.48292875,1.2501522
1.5333378,1.5552326,0.38643068,0.021894813,0.056659095
1.7952963,1.5554383,0.38629588,-0.23985803,-0.6209179
1.9910046,1.5552322,0.3864305,-0.43577242,-1.1276864
1.3038269,1.5552248,0.38642964,0.25139785,0.6505656
1.623771,1.5552311,0.38643008,-0.06853986,-0.17736678
1.922598,1.5554392,0.38629606,-0.36715877,-0.95045954
1.352869,1.5552337,0.38643056,0.20236468,0.5236767
1.2525904,1.555438,0.38629583,0.30284762,0.7839785
1.7931348,1.5554389,0.38629612,-0.23769593,-0.6153205
1.0630716,1.5552335,0.38643074,0.49216187,1.2736095
1.0073931,1.5554385,0.386296,0.5480454,1.4187188
1.1333613,1.5552332,0.38643068,0.4218719,1.0917143
1.8583882,1.5552331,0.38643068,-0.30315506,-0.7845005
1.377687,1.5554396,0.386296,0.17775261,0.46014613
1.5037746,1.5552264,0.3864295,0.051451802,0.13314667
1.1613486,1.5554383,0.3862959,0.3940897,1.0201757
1.7986676,1.5552335,0.38643056,-0.24343407,-0.62995553
1.6451703,1.5552331,0.38643062,-0.08993721,-0.23273832
2.0063589,1.5552335,0.38643065,-0.45112538,-1.1674161
1.3859466,1.5552332,0.38643065,0.16928661,0.4380776
1.381515,1.555438,0.38629583,0.17392302,0.4502327
1.7715869,1.5554374,0.38629577,-0.21614945,-0.5595439
1.2673701,1.555438,0.38629583,0.28806794,0.7457185
1.8263428,1.5554391,0.38629603,-0.2709037,-0.70128524
1.6830583,1.5554383,0.38629583,-0.12761998,-0.33036852
1.2810255,1.5552342,0.38643065,0.27420866,0.7095935
1.3894958,1.5554386,0.38629594,0.16594279,0.42957425
1.6601979,1.5554379,0.38629583,-0.10475993,-0.27119094
1.4931104,1.5552323,0.38643062,0.062121868,0.16075814
1.1565859,1.5552332,0.38643038,0.3986473,1.0316148
1.9450928,1.5554391,0.38629594,-0.38965368,-1.0086921
1.280885,1.555439,0.38629588,0.274554,0.710735
1.648266,1.5554388,0.38629594,-0.0928272,-0.24030074
1.5690596,1.555234,0.38643065,-0.013825655,-0.03577784
1.336961,1.555234,0.38643068,0.21827292,0.56484365
1.5294679,1.5554392,0.386296,0.025971293,0.06723159
1.7694583,1.5554383,0.3862959,-0.21402001,-0.55403125
1.4166981,1.5552332,0.38643053,0.13853514,0.35849947
1.5724446,1.555438,0.38629588,-0.017006516,-0.044024587
1.088124,1.5552323,0.38643065,0.46710825,1.2087764
1.4473525,1.5552313,0.38643032,0.107878804,0.27916753
1.1709725,1.5554389,0.38629594,0.3844664,0.9952639
1.6334002,1.5554384,0.38629583,-0.0779618,-0.20181891
1.87033,1.5554378,0.3862959,-0.31489217,-0.8151579
2.100293,1.5552332,0.38643074,-0.5450597,-1.4104978
1.5716546,1.555439,0.38629594,-0.016215563,-0.041977048
1.3255541,1.5552332,0.38643065,0.22967911,0.5943605
1.7065592,1.5552335,0.38643077,-0.1513257,-0.3915985
1.2485906,1.5552335,0.3864309,0.3066429,0.7935258
1.3098012,1.5552342,0.38643065,0.24543297,0.63512814
1.4063861,1.555438,0.38629588,0.1490519,0.38584906
1.7931421,1.5554386,0.3862959,-0.23770344,-0.6153403
1.4689381,1.5554395,0.38629612,0.08650136,0.223925
1.3741709,1.5554383,0.38629588,0.18126738,0.46924493
1.6535269,1.5554402,0.38629615,-0.098086715,-0.25391585
1.6255425,1.5554384,0.3862959,-0.07010412,-0.18147777
1.8298819,1.5552309,0.3864303,-0.27465105,-0.7107389
1.6692128,1.5552256,0.38642976,-0.11398721,-0.29497522
1.5030788,1.5552342,0.38643065,0.052155375,0.13496697
0.97694385,1.5552301,0.38643017,0.5782863,1.4964833
1.7651236,1.555438,0.386296,-0.20968556,-0.5428106
1.5702863,1.5554384,0.3862959,-0.014847875,-0.038436532
1.4490173,1.5554383,0.38629588,0.106420994,0.27549088
1.4704574,1.5554388,0.386296,0.08498132,0.21999016
1.9871799,1.5554384,0.38629594,-0.43174148,-1.1176443
1.4738731,1.5554395,0.38629603,0.081566334,0.21114981
1.3303442,1.555233,0.38643068,0.2248888,0.58196414
1.4805965,1.55544,0.38629603,0.07484341,0.19374625
2.0621047,1.5554383,0.38629588,-0.5066664,-1.3116019
1.3298322,1.5554391,0.38629594,0.22560692,0.5840261
1.5071372,1.5554382,0.3862959,0.04830098,0.12503622
1.7305717,1.5554385,0.38629594,-0.17513323,-0.45336545
1.369946,1.5552335,0.38643068,0.18528748,0.47948438
1.2824452,1.5552332,0.38643074,0.27278805,0.70591706
1.4794682,1.555234,0.3864309,0.07576573,0.19606541
1.3842722,1.5554395,0.38629606,0.17116725,0.44309863
1.5636188,1.5552325,0.38643074,-0.008386254,-0.02170183
1.6546259,1.5552329,0.38643062,-0.09939301,-0.2572079
1.3882421,1.5552325,0.38643065,0.1669904,0.4321355
1.4281744,1.5554386,0.38629588,0.12726426,0.32944763
1.5989394,1.555439,0.38629594,-0.043500423,-0.11260906
1.3831525,1.5552258,0.38642964,0.17207336,0.4452903
1.9187069,1.5552337,0.38643053,-0.36347318,-0.9405913
1.5642087,1.5554376,0.38629583,-0.008771181,-0.022705866
1.0401894,1.5552312,0.3864303,0.5150418,1.3328195
1.4352082,1.5552335,0.38643053,0.12002528,0.3105999
1.5218765,1.555438,0.38629583,0.033561587,0.086880535
1.5589623,1.5554382,0.3862959,-0.0035241842,-0.009123017
1.5876496,1.555439,0.386296,-0.03221059,-0.08338318
1.5094653,1.5554384,0.3862959,0.045973063,0.119009964
1.529156,1.555438,0.386296,0.026282072,0.068036094
1.5265204,1.555439,0.386296,0.028918624,0.07486131
1.5718962,1.5554386,0.38629588,-0.016457558,-0.042603504
2.0078158,1.5554385,0.3862959,-0.45237732,-1.1710643
0.9708604,1.5552335,0.38643068,0.58437306,1.5122325
1.5874857,1.5552332,0.38643065,-0.03225243,-0.0834624
1.0914298,1.5552332,0.38643068,0.4638034,1.200224
1.2661755,1.5552337,0.3864309,0.2890582,0.74802047
1.2025579,1.5554383,0.386296,0.35288036,0.9134973
1.1316773,1.5554389,0.386296,0.4237616,1.0969868
1.8615973,1.5552335,0.38643068,-0.30636382,-0.79280406
1.5614078,1.5552325,0.38643062,-0.0061752796,-0.015980307
1.5505254,1.5554383,0.38629588,0.0049128532,0.0127178505
1.9545411,1.5552325,0.38643065,-0.39930856,-1.0333253
1.2690793,1.5552332,0.38643053,0.2861539,0.74050546
1.8447882,1.5554391,0.38629603,-0.28934908,-0.7490346
1.4847057,1.5552325,0.38643062,0.07052684,0.18250841
1.8448431,1.555439,0.38629594,-0.28940415,-0.7491773
1.3456281,1.5552316,0.38643038,0.20960343,0.5424093
1.5747485,1.5554397,0.38629615,-0.019308805,-0.049984463
1.3789197,1.5554392,0.38629594,0.17651951,0.4569541
1.9793428,1.5554383,0.38629594,-0.42390454,-1.0973569
1.4729698,1.555233,0.38643062,0.08226323,0.21287969
1.3221433,1.5552335,0.38643068,0.23309016,0.6031875
1.7652863,1.555233,0.38643077,-0.21005332,-0.54357296
1.558366,1.5554389,0.38629594,-0.002927065,-0.00757726
1.8379121,1.555233,0.38643038,-0.28267908,-0.7315136
1.5447075,1.5554382,0.38629577,0.010730624,0.02777826
1.6168867,1.5554378,0.3862959,-0.06144893,-0.15907218
1.625021,1.555234,0.38643065,-0.069787025,-0.18059392
1.3566443,1.5552335,0.38643068,0.1985892,0.5139064
1.5041239,1.555439,0.3862959,0.05131507,0.13283876
1.4337268,1.5554388,0.38629594,0.12171197,0.3150744
1.687178,1.5554397,0.38629603,-0.1317383,-0.3410294
1.42509,1.5552335,0.38643074,0.13014352,0.33678356
1.1578543,1.5554378,0.38629588,0.39758348,1.0292201
1.335842,1.5554385,0.386296,0.2195965,0.56846696
1.147607,1.5552329,0.38643068,0.4076259,1.0548488
1.0595024,1.5552331,0.38643053,0.49573076,1.2828457
1.821704,1.5554383,0.38629588,-0.26626575,-0.68927926
1.8518628,1.555438,0.38629594,-0.29642475,-0.76735145
1.7352864,1.5554383,0.3862959,-0.17984807,-0.46557075
1.0854589,1.5552295,0.38642997,0.46977067,1.2156683
1.500188,1.555234,0.38643056,0.055045962,0.14244723
1.5191486,1.555438,0.38629588,0.036289454,0.09394212
1.8622642,1.5552335,0.38643062,-0.30703068,-0.7945299
1.0503387,1.5552326,0.38643065,0.5048939,1.3065575
1.9315205,1.5554402,0.38629603,-0.37608027,-0.9735546
1.7619265,1.5554383,0.38629594,-0.20648825,-0.53453386
1.1624992,1.5552295,0.38643017,0.39273036,1.0163035
1.4425372,1.555438,0.38629577,0.11290085,0.29226533
1.849855,1.5552325,0.38643056,-0.29462242,-0.76242006
1.2376063,1.555233,0.38643068,0.3176267,0.82195
1.2468337,1.5552342,0.38643074,0.3084005,0.7980745
1.8114033,1.555438,0.38629583,-0.25596523,-0.6626145
1.319858,1.5552322,0.3864304,0.23537421,0.60909855
1.4277515,1.5554373,0.38629583,0.12768579,0.33053887
1.4968873,1.5554404,0.38629636,0.0585531,0.1515756
1.5909302,1.5554392,0.386296,-0.03549099,-0.09187511
1.5989754,1.5554384,0.3862959,-0.04353702,-0.11270381
1.2703867,1.5552331,0.38643068,0.28484643,0.73712164
1.7973794,1.5552332,0.38643077,-0.24214613,-0.6266223
1.8390725,1.5554383,0.3862959,-0.2836342,-0.7342407
1.3867517,1.5552337,0.38643074,0.16848207,0.4359955
2.0161526,1.5552335,0.38643053,-0.46091914,-1.1927607
1.0533036,1.5552329,0.38643056,0.5019293,1.2988861
1.405445,1.5552331,0.38643068,0.14978814,0.3876197
1.4711893,1.5552325,0.3864304,0.084043264,0.21748616
1.5436454,1.5554394,0.38629612,0.011793971,0.030530907
1.6065632,1.5552331,0.3864305,-0.05133009,-0.13283136
1.5790468,1.5554392,0.38629603,-0.023607612,-0.061112747
1.1356752,1.5552335,0.38643065,0.4195583,1.0857272
1.1659509,1.555439,0.38629603,0.3894881,1.0082632
1.3148766,1.5552335,0.38643065,0.24035692,0.6219924
1.5205637,1.5552332,0.3864305,0.03466952,0.08971734
1.8721659,1.555438,0.38629583,-0.31672788,-0.81991017
1.6858171,1.5554402,0.38629618,-0.13037694,-0.3375051
1.3261442,1.5554382,0.38629583,0.22929394,0.5935708
1.6044579,1.5552326,0.38643056,-0.04922521,-0.12738436
1.2612511,1.5554382,0.38629588,0.29418707,0.7615589
1.4020984,1.5552337,0.38643068,0.1531353,0.39628142
1.7086482,1.5552326,0.38643062,-0.15341556,-0.39700675
0.9954253,1.5554388,0.3862959,0.5600135,1.4497007
1.3508929,1.5554391,0.38629603,0.20454621,0.5295064
1.28136,1.5552337,0.38643065,0.2738737,0.7087266
1.3485559,1.5554383,0.38629588,0.20688236,0.5355541
1.093511,1.5552313,0.38643038,0.46172035,1.1948345
1.9115742,1.555233,0.38643065,-0.35634124,-0.92213506
1.6049162,1.5552335,0.38643077,-0.049682736,-0.12856828
1.8359526,1.555234,0.3864308,-0.28071868,-0.7264397
1.864491,1.5554383,0.38629577,-0.3090527,-0.8000417
1.408185,1.5554385,0.38629594,0.14725351,0.38119352
1.4487643,1.555233,0.38643056,0.10646868,0.27551827
1.2122339,1.5554382,0.3862959,0.34320426,0.88844913
1.7674766,1.5552329,0.38643074,-0.21224368,-0.5492412
1.6567485,1.5552342,0.38643074,-0.10151434,-0.26269737
1.6295236,1.555438,0.38629577,-0.07408559,-0.19178464
1.5089946,1.5554382,0.38629583,0.04644358,0.120228015
1.7147455,1.5554395,0.386296,-0.15930605,-0.41239372
1.8871356,1.5554389,0.386296,-0.33169675,-0.85865957
1.5420035,1.5552335,0.38643056,0.013229966,0.034236334
1.3863268,1.55544,0.38629612,0.16911316,0.43778116
1.3603632,1.5552287,0.38642997,0.19486547,0.5042711
1.3852996,1.5552335,0.38643077,0.16993392,0.43975255
1.3292835,1.5552337,0.38643074,0.22595024,0.58471084
1.3252102,1.5552307,0.38643008,0.23002052,0.5952449
1.1834306,1.5554388,0.38629603,0.3720082,0.9630133
1.3243026,1.5554383,0.38629594,0.23113573,0.5983385
1.6188592,1.5554402,0.38629618,-0.063418984,-0.16417192
1.336356,1.555439,0.386296,0.21908295,0.5671375
1.3482988,1.5554384,0.3862959,0.20713961,0.53622
2.0504754,1.5554385,0.38629594,-0.49503684,-1.2814963
1.318286,1.5552335,0.38643062,0.23694754,0.61316967
1.8052282,1.5554402,0.38629603,-0.24978805,-0.6466234
1.4559191,1.5554397,0.386296,0.099520564,0.25762773
1.4341717,1.5552337,0.38643077,0.12106204,0.3132826
1.0319481,1.5552301,0.38643008,0.52328205,1.3541442
1.5056556,1.5554385,0.38629583,0.049782872,0.12887241
1.0554428,1.5552318,0.3864304,0.499789,1.293348
1.3747476,1.555232,0.38643056,0.18048441,0.46705523
1.4634842,1.5552328,0.38643053,0.091748595,0.23742585
2.0272894,1.5554391,0.386296,-0.47185028,-1.2214733
1.459601,1.5554391,0.38629603,0.09583807,0.24809489
1.374931,1.5552325,0.3864304,0.18030155,0.46658218
1.3888323,1.5554385,0.38629583,0.16660619,0.4312917
2.0722036,1.5552335,0.38643062,-0.51697016,-1.3378085
1.1455845,1.5554383,0.3862959,0.40985382,1.0609841
1.4670672,1.5552326,0.38643065,0.0881654,0.22815323
1.5945694,1.5554378,0.38629588,-0.03913164,-0.10129966
1.5109127,1.5552325,0.38643065,0.044319868,0.114690356
1.8495069,1.5554383,0.3862959,-0.29406857,-0.7612521
1.7515048,1.5552337,0.38643065,-0.19627106,-0.50790757
2.0987496,1.5554389,0.38629594,-0.54331076,-1.4064626
1.6987865,1.5554388,0.38629594,-0.14334774,-0.3710827
1.8566744,1.5552313,0.3864303,-0.3014431,-0.7800711
1.9665912,1.5552331,0.38643068,-0.41135812,-1.0645069
1.8636241,1.5552331,0.38643062,-0.30839097,-0.79805005
1.348671,1.5554376,0.3862957,0.2067666,0.5352547
1.5416832,1.5552337,0.38643077,0.01355052,0.03506584
0.99572706,1.5552335,0.38643062,0.5595064,1.4478832
1.3583424,1.55544,0.38629603,0.19709754,0.5102241
1.48675,1.555233,0.38643074,0.068482995,0.17721933
1.2800099,1.5552325,0.38643068,0.27522266,0.7122174
1.9076264,1.5552342,0.38643065,-0.3523922,-0.9119158
1.3183166,1.5554383,0.38629588,0.2371217,0.6138344
1.5671606,1.5554384,0.38629583,-0.011722207,-0.030345157
1.5175275,1.555439,0.386296,0.037911534,0.09814115
1.9142495,1.555438,0.3862959,-0.3588115,-0.92885137
1.4370337,1.5552311,0.3864303,0.11819744,0.30587003
1.3589054,1.5552335,0.38643062,0.19632804,0.5080551
1.3178093,1.5554402,0.38629606,0.23763084,0.6151521
1.5402303,1.555439,0.3862959,0.015208721,0.03937065
1.699089,1.5554388,0.38629594,-0.1436503,-0.3718659
1.6541164,1.5552342,0.38643077,-0.0988822,-0.25588593
1.5798753,1.5554385,0.3862959,-0.024436831,-0.063259356
1.4081987,1.555438,0.386296,0.14723933,0.38115674
1.7804084,1.5552325,0.38643056,-0.22517586,-0.58270717
1.9452018,1.5552326,0.38643065,-0.3899691,-1.0091568
1.737632,1.5552331,0.38643062,-0.18239892,-0.47200948
1.5077456,1.5552286,0.38642988,0.047482967,0.122876026
1.376497,1.5554385,0.386296,0.17894149,0.46322376
1.7571421,1.5552329,0.38643065,-0.20190918,-0.52249783
1.6591015,1.555439,0.38629594,-0.10366249,-0.26834995
1.7473775,1.5554392,0.38629606,-0.19193828,-0.49686834
1.3228418,1.5554386,0.38629594,0.23259687,0.60212094
1.8206698,1.5554388,0.3862959,-0.265231,-0.6866006
1.4382298,1.555229,0.38642997,0.11699915,0.30276936
1.6710154,1.555439,0.38629594,-0.11557639,-0.2991913
1.1603754,1.5554382,0.38629583,0.3950628,1.022695
1.0346594,1.5552323,0.38643032,0.5205729,1.3471327
1.8413231,1.5554395,0.38629606,-0.28588367,-0.7400636
1.2392248,1.5552325,0.38643056,0.31600773,0.8177607
1.9410421,1.5554384,0.3862959,-0.38560367,-0.998208
1.2920122,1.5552337,0.38643068,0.2632215,0.681161
1.4840423,1.5554391,0.386296,0.07139683,0.18482414
1.1272812,1.555234,0.38643068,0.42795277,1.1074502
1.672308,1.5554383,0.3862959,-0.11686969,-0.3025393
1.5768092,1.5554382,0.3862959,-0.021371007,-0.055322893
1.336464,1.555438,0.38629583,0.218974,0.5668557
1.3187052,1.555234,0.38643056,0.23652875,0.61208606
1.0870823,1.5554382,0.38629583,0.4683559,1.2124281
1.5459532,1.5552318,0.38643062,0.009278655,0.02401118
1.2501271,1.5554384,0.38629588,0.30531132,0.79035616
2.0626855,1.555234,0.38643068,-0.50745153,-1.3131762
1.7993679,1.5552337,0.38643065,-0.24413419,-0.63176715
1.4136046,1.555233,0.38643062,0.14162838,0.36650404
1.11725,1.555439,0.38629594,0.43818903,1.134335
1.4297689,1.5554397,0.38629606,0.12567079,0.32532248
1.4659108,1.555439,0.38629594,0.0895282,0.23176067
1.5174196,1.5554391,0.38629594,0.038019538,0.098420754
1.1153911,1.5552328,0.38643065,0.43984163,1.1382163
1.268725,1.5552335,0.38643074,0.28650844,0.7414225
1.0837197,1.5554383,0.3862959,0.47171855,1.2211326
1.0931133,1.555438,0.38629577,0.46232474,1.1968155
1.5718734,1.5552335,0.38643068,-0.016639948,-0.043060627
1.5531785,1.5554382,0.38629583,0.002259612,0.0058494345
1.5006552,1.55544,0.38629603,0.054784775,0.1418207
1.2932752,1.5554383,0.3862959,0.26216304,0.6786586
1.7669475,1.55544,0.38629606,-0.21150756,-0.5475271
1.6727769,1.5554386,0.3862959,-0.1173383,-0.30375236
1.4548988,1.555438,0.3862959,0.10053921,0.26026475
1.1523923,1.5552278,0.38642988,0.4028355,1.0424544
1.5639899,1.5554383,0.3862959,-0.008551598,-0.022137428
1.2175205,1.555438,0.38629588,0.33791757,0.87476355
1.1344725,1.5554386,0.386296,0.42096615,1.0897502
1.5773693,1.5554389,0.38629603,-0.021930456,-0.056771114
0.99854696,1.5554376,0.38629583,0.5568906,1.4416169
1.6663635,1.555439,0.38629594,-0.11092448,-0.28714898
1.051547,1.5552335,0.38643056,0.5036864,1.3034332
1.6667258,1.5552342,0.38643065,-0.11149156,-0.28851634
1.341867,1.5554378,0.38629594,0.21357083,0.5528684
1.3668609,1.555234,0.38643068,0.18837309,0.4874693
1.8626227,1.555439,0.38629603,-0.30718374,-0.795203
1.7218461,1.5554383,0.38629583,-0.16640782,-0.4307782
1.3014283,1.5554383,0.38629588,0.25400996,0.65755284
1.3691201,1.5552328,0.3864305,0.18611264,0.48161995
1.5827719,1.5554382,0.38629577,-0.027333736,-0.07075857
1.6675816,1.5554395,0.38629603,-0.112142086,-0.2903009
1.8794196,1.5554388,0.38629588,-0.3239808,-0.83868563
1.1958604,1.5552316,0.38643032,0.3593712,0.92997664
1.41959,1.55544,0.38629603,0.13584995,0.3516732
1.136178,1.5554392,0.386296,0.41926122,1.0853367
1.5534849,1.5554388,0.38629594,0.0019538403,0.0050578844
1.4083703,1.5552342,0.38643065,0.14686394,0.3800525
1.291311,1.5554388,0.38629594,0.26412773,0.6837445
1.528003,1.5552328,0.38643065,0.027229786,0.07046487
1.1154057,1.5552323,0.38643056,0.4398266,1.1381776
1.4273292,1.5552337,0.38643074,0.12790453,0.33098954
1.5741473,1.555234,0.38643074,-0.018913388,-0.0489438
1.7187502,1.5554388,0.38629588,-0.16331148,-0.42276266
1.0669343,1.5552316,0.3864304,0.48829722,1.2636098
1.450634,1.555439,0.386296,0.10480499,0.27130747
1.7675104,1.555439,0.386296,-0.21207142,-0.54898685
1.3973501,1.5552316,0.3864304,0.1578815,0.40856385
1.7247839,1.5552335,0.38643068,-0.16955042,-0.43876025
1.5717629,1.555438,0.38629588,-0.016324878,-0.042260036
1.1897503,1.5552326,0.38643065,0.36548233,0.94579023
1.53499,1.5552335,0.38643065,0.020243526,0.052385923
1.226512,1.5552335,0.38643065,0.32872152,0.8506611
1.7628033,1.5554392,0.38629612,-0.20736408,-0.53680086
0.91890925,1.5552313,0.3864303,0.6363221,1.6466671
1.0137948,1.5552282,0.38642988,0.54143345,1.401117
1.4793793,1.5552317,0.3864305,0.075852394,0.19628987
1.4309703,1.555439,0.386296,0.124468684,0.32221064
1.6392479,1.5554391,0.386296,-0.08380878,-0.21695481
1.7310649,1.5554394,0.38629606,-0.17562556,-0.4546398
1.2801036,1.5552335,0.38643062,0.2751299,0.71197754
1.1753056,1.5554379,0.38629588,0.38013232,0.98404443
1.6723003,1.555439,0.386296,-0.11686134,-0.30251762
1.6801498,1.5554383,0.38629588,-0.12471151,-0.32283935
2.0458355,1.5552335,0.38643074,-0.49060202,-1.269573
1.2579751,1.5554388,0.38629606,0.29746366,0.77004063
1.6161401,1.5552335,0.38643068,-0.06090665,-0.15761338
1.6329756,1.5554386,0.386296,-0.07753694,-0.20071898
1.3622525,1.5552316,0.38643023,0.1929791,0.49938923
1.3322515,1.5552245,0.38642937,0.22297299,0.57700837
1.1984037,1.5554397,0.38629594,0.357036,0.9242551
1.5036709,1.5552318,0.3864305,0.05156088,0.13342859
1.3172276,1.555234,0.38643062,0.23800635,0.61590964
1.2955487,1.5552315,0.38643032,0.25968277,0.67200416
1.5257128,1.5552323,0.38643065,0.029519439,0.076390006
1.9232877,1.5552257,0.38642985,-0.36806202,-0.95246786
1.322784,1.555234,0.38643074,0.23245001,0.60153085
1.3593808,1.555234,0.38643074,0.19585311,0.5068259
1.7456445,1.5554397,0.38629606,-0.19020474,-0.49238074
1.6804504,1.5554385,0.3862959,-0.12501192,-0.32361698
1.1834501,1.555438,0.38629583,0.37198794,0.9629613
1.8149385,1.5554389,0.38629594,-0.25949967,-0.6717639
1.4005841,1.555438,0.38629583,0.15485394,0.4008688
1.5540091,1.5554385,0.386296,0.0014294386,0.0037003711
1.4327129,1.5554384,0.3862959,0.12272549,0.31769812
1.2207581,1.555438,0.3862959,0.33467996,0.86638236
1.3929482,1.5552318,0.38643038,0.16228366,0.41995573
1.6886683,1.5554383,0.3862959,-0.13322997,-0.34489095
1.109559,1.5554386,0.38629603,0.44587958,1.1542432
1.619731,1.555438,0.38629577,-0.06429291,-0.1664344
1.7587973,1.5554383,0.38629588,-0.20335901,-0.5264333
2.0770416,1.5554388,0.38629594,-0.52160287,-1.3502675
1.2458769,1.555232,0.3864305,0.30935514,0.80054533
1.2973621,1.5552332,0.38643053,0.25787115,0.66731566
1.5500159,1.5554383,0.38629594,0.0054223537,0.014036787
1.8732142,1.5554383,0.38629583,-0.31777596,-0.8226234
1.3891174,1.5554395,0.386296,0.16632211,0.43055612
1.4419038,1.5552313,0.38643023,0.1133275,0.2932677
1.9166064,1.5554373,0.38629583,-0.3611691,-0.9349547
1.4630511,1.5554395,0.38629606,0.09238839,0.23916472
1.8658023,1.5552291,0.38643008,-0.31057322,-0.80369836
1.436397,1.5554389,0.3862959,0.11904192,0.3081625
1.4624786,1.55544,0.38629606,0.09296131,0.24064784
0.99690354,1.5552332,0.38643068,0.5583297,1.4448379
1.823921,1.5554394,0.386296,-0.2684816,-0.69501525
1.049161,1.5552337,0.38643065,0.50607276,1.3096082
1.2517493,1.5552328,0.38643062,0.3034835,0.7853505
1.878291,1.5554394,0.38629606,-0.32285166,-0.8357622
2.0379949,1.5554383,0.3862959,-0.48255658,-1.2491889
1.7647543,1.5552324,0.38643065,-0.20952189,-0.5421979
1.7828939,1.5552332,0.38643056,-0.22766066,-0.5891373
1.3453801,1.5554389,0.3862959,0.21005881,0.5437769
1.1442093,1.555438,0.386296,0.41122878,1.0645431
1.7421136,1.555228,0.38642976,-0.1868856,-0.48362112
1.9187462,1.5552301,0.38643017,-0.3635161,-0.94070315
1.4820539,1.555234,0.38643062,0.07318008,0.18937443
1.2236954,1.5554382,0.3862959,0.33174276,0.85877883
1.6665641,1.5554396,0.38629612,-0.111124516,-0.28766665
1.7805288,1.5554383,0.386296,-0.2250905,-0.58268917
0.9719629,1.5552278,0.38642976,0.5832648,1.5093683
1.6079986,1.5554404,0.38629618,-0.052558184,-0.1360567
1.4633899,1.555234,0.38643074,0.09184408,0.23767282
1.2326225,1.555438,0.38629594,0.32281554,0.835669
1.4859992,1.5552325,0.38643053,0.0692333,0.17916104
1.1826131,1.5554383,0.38629588,0.37282515,0.9651284
2.082912,1.5552328,0.38643065,-0.5276792,-1.3655211
1.5496016,1.5554385,0.386296,0.0058369637,0.01511008
1.5600815,1.555438,0.3862959,-0.0046434402,-0.012020423
1.5972021,1.5552335,0.38643068,-0.041968584,-0.10860573
1.5531623,1.5552331,0.38643074,0.0020707846,0.005358747
1.1537318,1.5554391,0.38629594,0.4017073,1.0398952
1.6396846,1.5552337,0.38643065,-0.08445084,-0.21854074
1.1151484,1.5554383,0.38629594,0.44028986,1.1397735
1.2855388,1.5552335,0.38643062,0.2696947,0.69791234
1.9071574,1.5554388,0.3862959,-0.35171866,-0.9104903
1.0670949,1.5552331,0.38643053,0.4881382,1.2631978
1.4774469,1.5552331,0.38643065,0.07778621,0.2012941
1.7095717,1.5554379,0.38629577,-0.1541338,-0.39900464
1.3989393,1.555233,0.38643068,0.15629375,0.40445483
1.4888119,1.5554392,0.38629594,0.06662738,0.17247756
1.9648411,1.5554383,0.38629577,-0.40940285,-1.0598171
1.5350996,1.5554385,0.38629594,0.020338893,0.052651066
1.1258672,1.5552337,0.38643077,0.42936647,1.1111084
1.1131656,1.5552309,0.38643023,0.44206524,1.1439717
1.3614906,1.5552337,0.38643062,0.19374311,0.50136584
1.645407,1.555234,0.38643068,-0.090173006,-0.23334846
1.8992131,1.5554385,0.3862959,-0.34377456,-0.8899254
1.5511174,1.5554383,0.38629594,0.00432086,0.011185362
1.2787542,1.5554379,0.38629594,0.2766837,0.716248
2.0272863,1.55544,0.38629603,-0.47184634,-1.2214631
1.5114743,1.5552323,0.38643056,0.043758035,0.11323647
0.9378077,1.5552332,0.38643077,0.61742556,1.597765
1.3323278,1.5552335,0.38643056,0.22290564,0.5768323
1.4923354,1.555439,0.3862959,0.06310356,0.16335548
1.524672,1.555439,0.386296,0.030766964,0.07964608
1.4955864,1.5552326,0.38643065,0.05964625,0.15435176
1.3517071,1.555438,0.3862959,0.20373094,0.5273961
1.6401563,1.5554383,0.3862959,-0.08471799,-0.21930853
1.8165132,1.5554392,0.38629603,-0.26107395,-0.67583907
1.8709433,1.55544,0.38629615,-0.31550336,-0.81673956
1.4209808,1.555234,0.38643068,0.13425314,0.34741843
1.078111,1.555232,0.38643062,0.477121,1.2346873
1.244037,1.5552331,0.38643068,0.3111961,0.80530894
1.5644174,1.5552335,0.38643074,-0.009183884,-0.023765923
1.3092412,1.5554391,0.386296,0.24619794,0.63732976
1.0407895,1.5552337,0.38643068,0.51444423,1.3312716
1.3535526,1.5554382,0.38629583,0.20188558,0.5226191
1.4645585,1.555438,0.38629577,0.09087956,0.23525901
1.492154,1.555439,0.38629594,0.06328499,0.16382515
1.8498745,1.5554384,0.38629583,-0.2944361,-0.7622037
1.377399,1.555438,0.3862959,0.17803907,0.4608878
1.1705412,1.555438,0.38629577,0.38489687,0.9963787
2.0363624,1.5554388,0.38629594,-0.48092365,-1.2449617
1.633499,1.5554388,0.38629588,-0.07806027,-0.20207378
1.9286819,1.5554383,0.38629588,-0.37324357,-0.9662116
1.3339642,1.5554388,0.38629594,0.22147453,0.5733286
1.386198,1.555438,0.38629588,0.16924,0.43810976
1.2810644,1.5552328,0.38643074,0.27416837,0.70948905
2.022711,1.555439,0.386296,-0.46727204,-1.2096218
1.4935592,1.5554383,0.386296,0.06187904,0.16018555
1.2897432,1.5552332,0.38643053,0.26549006,0.6870318
1.4312282,1.5552335,0.38643065,0.12400532,0.32089928
1.5391839,1.5554382,0.38629583,0.016254306,0.04207735
1.4283562,1.5554383,0.38629594,0.12708211,0.32897604
1.3670222,1.5554382,0.38629588,0.188416,0.48775047
1.1780231,1.5554382,0.38629588,0.37741506,0.9770103
0.98711264,1.5552337,0.38643068,0.5681211,1.4701759
2.0286746,1.555439,0.38629594,-0.4732356,-1.2250597
1.1997628,1.5554388,0.38629603,0.35567594,0.9207341
1.833363,1.5554396,0.38629606,-0.27792346,-0.71945715
1.1686962,1.5552304,0.38643017,0.3865342,1.0002692
1.3603734,1.5552331,0.38643062,0.19485974,0.5042554
1.9409748,1.5554402,0.38629612,-0.38553464,-0.99802876
1.9069887,1.5554382,0.3862959,-0.35155058,-0.9100551
1.5069021,1.5554392,0.386296,0.048537135,0.12564752
1.6225549,1.5554386,0.3862959,-0.06711626,-0.17374313
1.8009399,1.555439,0.38629594,-0.24550092,-0.6355255
1.1988654,1.555438,0.38629594,0.35657263,0.9230556
1.2310553,1.555439,0.3862959,0.32438374,0.8397286
1.5071603,1.5554379,0.3862959,0.048277617,0.12497573
1.7891979,1.555233,0.38643074,-0.23396492,-0.6054511
1.337647,1.5552342,0.38643065,0.21758723,0.5630693
1.2045455,1.555439,0.386296,0.3508935,0.9083539
2.0273972,1.5554384,0.3862959,-0.47195876,-1.2217544
1.6766274,1.5552328,0.38643056,-0.121394634,-0.31414345
1.3477366,1.5552332,0.3864305,0.20749664,0.5369572
1.5731224,1.5552326,0.38643074,-0.017889738,-0.046294812
1.6783013,1.5552342,0.38643074,-0.12306714,-0.3184714
1.3083612,1.5552322,0.38643056,0.246871,0.63884956
1.6226002,1.5554385,0.38629577,-0.06716168,-0.17386077
1.718284,1.5552335,0.38643068,-0.16305053,-0.42193994
1.2273909,1.5552315,0.38643008,0.32784057,0.8483826
1.1624966,1.5552342,0.38643062,0.39273763,1.0163212
1.5478574,1.5552331,0.38643065,0.007375717,0.01908678
1.2032399,1.5554388,0.3862959,0.35219884,0.91173327
1.2545116,1.5554388,0.3862959,0.30092716,0.77900684
1.3589535,1.5552342,0.38643068,0.19628072,0.50793254
1.3284366,1.5554383,0.386296,0.22700167,0.5876366
1.4420614,1.5552335,0.3864308,0.113172054,0.292865
1.3371497,1.5554385,0.3862959,0.21828878,0.5650818
1.4444269,1.5554404,0.3862963,0.11101353,0.28737924
1.5981398,1.5554392,0.38629606,-0.04270053,-0.11053835
1.6474761,1.5552335,0.38643062,-0.0922426,-0.23870416
2.0047872,1.5554389,0.3862959,-0.44934833,-1.1632231
1.6519353,1.5554382,0.3862959,-0.09649718,-0.24980119
1.8490641,1.5554389,0.38629603,-0.29362524,-0.7601042
1.852363,1.5552335,0.38643062,-0.2971295,-0.7689078
1.5840148,1.55544,0.38629615,-0.028574824,-0.07397129
1.1441373,1.555232,0.3864304,0.41109478,1.0638262
1.9186273,1.5554383,0.38629588,-0.36318898,-0.9401834
1.4513029,1.5552329,0.38643068,0.10393,0.2689486
2.1176233,1.555439,0.3862959,-0.56218433,-1.4553205
1.7791978,1.5552335,0.38643062,-0.22396433,-0.5795719
1.6884711,1.5552332,0.38643062,-0.13323784,-0.3447911
1.5706384,1.5552317,0.3864304,-0.015406728,-0.039869346
1.3107257,1.5554385,0.38629606,0.24471283,0.6334852
1.6561859,1.5554383,0.38629588,-0.100747585,-0.26080418
1.8998517,1.5554388,0.38629588,-0.34441292,-0.891578
1.0215305,1.5554382,0.38629583,0.53390765,1.3821212
1.3606596,1.5552335,0.38643053,0.19457388,0.5035158
1.6762995,1.5554392,0.386296,-0.12086022,-0.31286946
1.0375786,1.5552324,0.38643056,0.5176538,1.3395779
1.4251742,1.5554383,0.38629583,0.13026404,0.3372132
1.4454982,1.5554383,0.38629588,0.10994005,0.28460062
1.4713417,1.5554384,0.38629577,0.08409667,0.21770021
1.8277162,1.5554382,0.38629588,-0.27227807,-0.7048433
1.3345795,1.5552312,0.3864302,0.22065175,0.5710003
1.2165518,1.5554388,0.38629594,0.33888698,0.8772729
1.1544734,1.555438,0.38629583,0.40096462,1.0379729
0.96270233,1.555229,0.38643008,0.5925266,1.5333346
1.8248892,1.5552319,0.38643053,-0.26965725,-0.6978156
1.353652,1.5554382,0.38629583,0.20178616,0.52236176
1.8500365,1.5552332,0.38643065,-0.29480326,-0.7628879
1.4059709,1.5554382,0.38629577,0.14946723,0.38692433
1.872099,1.5554388,0.386296,-0.31666028,-0.8197348
1.6248629,1.5552318,0.3864305,-0.0696311,-0.18019049
2.0474715,1.5554385,0.38629603,-0.492033,-1.27372
1.3137411,1.555233,0.38643056,0.24149191,0.62492967
1.3960924,1.555234,0.38643065,0.15914154,0.41182432
1.5388657,1.5554383,0.38629588,0.016572595,0.042901296
1.6627384,1.5552335,0.38643065,-0.107504964,-0.27819988
1.6748573,1.5552301,0.38643008,-0.11962712,-0.3095699
1.4511437,1.5552329,0.38643053,0.10408914,0.26936054
1.3204551,1.555233,0.38643074,0.23477793,0.607555
1.0653052,1.5554379,0.3862957,0.4901327,1.2688018
1.1082034,1.5554384,0.3862959,0.447235,1.1577523
1.6414484,1.55544,0.38629618,-0.08600843,-0.22264892
1.811228,1.5554382,0.3862959,-0.25578988,-0.66216046
1.3746114,1.5552342,0.38643065,0.18062282,0.46741328
1.6875929,1.5552318,0.38643032,-0.13236105,-0.34252244
1.0150273,1.55523,0.38643005,0.54020274,1.3979315
1.7324033,1.5554383,0.38629588,-0.176965,-0.45810738
1.3011085,1.5554383,0.3862959,0.2543298,0.65838075
1.9411266,1.5554383,0.38629588,-0.3856883,-0.99842715
2.0250916,1.5554389,0.386296,-0.46965277,-1.2157847
1.3606186,1.5552318,0.3864304,0.19461322,0.50361776
1.5368837,1.555234,0.38643065,0.018350244,0.04748651
1.1712823,1.5552326,0.38643077,0.38395035,0.99358124
1.9170067,1.555438,0.38629594,-0.3615687,-0.93598884
1.4464995,1.5552328,0.38643074,0.1087333,0.28137848
1.5955224,1.5554376,0.38629588,-0.04008484,-0.103767194
1.8675251,1.5554386,0.3862959,-0.31208646,-0.8078948
1.7941452,1.5554378,0.38629612,-0.23870742,-0.61793894
1.8361429,1.5554395,0.38629603,-0.28070343,-0.72665364
1.5851303,1.5552337,0.38643068,-0.029896617,-0.077366054
1.6162326,1.5552322,0.38643062,-0.061000466,-0.1578562
1.4943331,1.555438,0.38629588,0.061104894,0.15818158
1.6000416,1.5552324,0.38643053,-0.044809222,-0.11595673
1.7471452,1.5554385,0.3862959,-0.19170666,-0.49626893
1.4111696,1.5554388,0.3862959,0.14426911,0.37346786
1.9024422,1.5554391,0.38629594,-0.3470031,-0.89828306
2.058226,1.5554388,0.386296,-0.50278735,-1.3015598
1.6206783,1.5552335,0.38643065,-0.06544483,-0.16935724
1.7595916,1.5552335,0.3864305,-0.2043581,-0.52883536
1.0027616,1.5554379,0.38629583,0.5526763,1.4307075
1.3253505,1.5552335,0.38643077,0.22988296,0.5948878
1.6295087,1.5552332,0.38643056,-0.07427549,-0.19220915
1.7541296,1.5554383,0.38629577,-0.19869137,-0.51435035
1.0688846,1.5554386,0.3862959,0.48655403,1.2595371
2.0230324,1.555438,0.38629594,-0.4675944,-1.2104564
1.0654563,1.5554385,0.38629594,0.48998225,1.2684115
2.0193057,1.5554388,0.38629603,-0.46386695,-1.200807
1.2978472,1.5554383,0.38629588,0.25759113,0.6668234
1.7416105,1.5554385,0.386296,-0.18617201,-0.4819413
1.8075988,1.5554383,0.3862959,-0.25216055,-0.6527653
1.4103174,1.5554385,0.38629594,0.1451211,0.37567335
1.1969302,1.5554383,0.386296,0.3585081,0.9280658
1.728653,1.5554384,0.3862959,-0.17321455,-0.44839862
2.0154939,1.555438,0.386296,-0.46005583,-1.1909412
1.4707694,1.555233,0.38643056,0.0844636,0.2185738
1.1266615,1.5552332,0.38643077,0.4285717,1.1090517
1.5458751,1.5554383,0.38629577,0.009563208,0.02475618
1.1089301,1.5554396,0.38629603,0.44650948,1.1558739
1.9757271,1.5554388,0.38629594,-0.42028832,-1.0879956
1.2282137,1.5554404,0.38629618,0.32722676,0.84708774
1.438002,1.5552237,0.3864295,0.11722171,0.30334568
1.4315189,1.5554392,0.386296,0.12392032,0.3207911
1.4001416,1.5554386,0.38629594,0.15529704,0.40201572
1.349078,1.555231,0.3864302,0.20615292,0.53348035
1.5670712,1.5552316,0.38643032,-0.011839628,-0.030638454
0.9421129,1.5552317,0.38643023,0.61311877,1.5866221
1.0269352,1.5554385,0.38629612,0.5285033,1.36813
1.5649955,1.555438,0.38629577,-0.009557486,-0.024741368
1.8085507,1.555439,0.386296,-0.25311172,-0.65522736
1.44343,1.5552335,0.38643062,0.11180353,0.2893237
1.6429204,1.5554383,0.38629594,-0.087482095,-0.22646393
1.9629718,1.5554385,0.38629588,-0.4075333,-1.054977
1.4991024,1.5554392,0.386296,0.05633688,0.14583863
1.9689933,1.555439,0.38629594,-0.4135543,-1.0705634
1.3971001,1.555438,0.38629583,0.15833795,0.40988782
1.6473145,1.55544,0.38629612,-0.0918746,-0.23783465
1.5934088,1.5552332,0.38643065,-0.038175583,-0.09879026
1.809019,1.5554388,0.386296,-0.2535802,-0.65644014
1.2201107,1.5554382,0.38629577,0.3353275,0.868059
1.420575,1.555438,0.3862959,0.13486302,0.3491184
1.312791,1.555439,0.386296,0.242648,0.6281401
1.1791788,1.555232,0.3864305,0.3760532,0.9731458
1.4625489,1.5552285,0.38642997,0.09267962,0.23983549
1.553309,1.555234,0.38643053,0.0019249916,0.004981469
1.3996029,1.5554388,0.3862959,0.15583587,0.4034106
1.7943816,1.5554392,0.38629606,-0.23894238,-0.6185473
1.6348841,1.555439,0.386296,-0.07944512,-0.20565867
1.7443438,1.5552332,0.38643068,-0.18911052,-0.4893776
1.3726971,1.5554385,0.38629594,0.1827414,0.47306064
1.1051288,1.555438,0.38629588,0.45030928,1.1657108
1.8718032,1.555232,0.3864305,-0.31657112,-0.81921875
1.9698881,1.555229,0.38642994,-0.41465914,-1.0730513
1.4567608,1.5554391,0.386296,0.09867835,0.2554475
1.3926643,1.5552319,0.38643038,0.16256762,0.42069057
1.2783011,1.5554382,0.38629588,0.27713704,0.71742165
1.9053079,1.5552335,0.38643068,-0.3500744,-0.90591776
1.2582996,1.5552337,0.38643062,0.29693413,0.76840216
1.8320844,1.5554388,0.38629594,-0.27664566,-0.7161495
1.261904,1.5554382,0.38629583,0.29353416,0.75986886
1.4215477,1.5552335,0.38643065,0.13368583,0.34595037
1.2311008,1.5554388,0.38629594,0.32433796,0.83961004
1.8033966,1.5554382,0.386296,-0.24795842,-0.6418871
1.8041717,1.5552342,0.38643062,-0.24893749,-0.6441971
1.2426937,1.5552323,0.3864304,0.31253862,0.8087837
1.8307353,1.5552318,0.3864304,-0.27550352,-0.7129447
2.0910506,1.5552315,0.38643032,-0.5358192,-1.3865868
2.113124,1.555439,0.38629606,-0.5576849,-1.4436722
1.2430358,1.5554392,0.38629603,0.31240344,0.8087151
1.7001916,1.5552328,0.38643065,-0.14495885,-0.37512255
1.1417706,1.5554385,0.38629594,0.41366792,1.0708575
1.3347354,1.5552332,0.38643062,0.22049785,0.5706014
1.2734672,1.555438,0.38629588,0.28197086,0.72993493
1.7331705,1.5552342,0.38643062,-0.17793632,-0.46046123
1.3453891,1.5554388,0.3862959,0.21004963,0.54375315
1.2858533,1.5552328,0.38643074,0.2693795,0.69709647
1.9386718,1.5554383,0.38629588,-0.38323355,-0.9920726
1.2115518,1.5554402,0.38629645,0.3438884,0.8902189
1.3338838,1.5552335,0.38643056,0.22134972,0.57280594
1.8410058,1.5552325,0.38643068,-0.28577328,-0.73952013
1.178456,1.555438,0.3862959,0.3769821,0.9758894
1.6357186,1.555233,0.3864305,-0.08048558,-0.20827958
2.1021404,1.5554388,0.38629594,-0.54670167,-1.4152405
1.8469368,1.5552309,0.3864302,-0.29170597,-0.75487363
1.5127983,1.5552335,0.38643065,0.04243517,0.109813154
1.4594721,1.555438,0.38629583,0.09596598,0.24842614
1.9752208,1.5554391,0.386296,-0.41978168,-1.086684
1.4597435,1.5552337,0.38643062,0.09549022,0.24710831
1.5032692,1.5552318,0.38643056,0.051962614,0.13446818
1.7887145,1.555234,0.38643074,-0.23348057,-0.60419774
1.8790438,1.5552317,0.38643032,-0.32381213,-0.8379573
1.5979135,1.555234,0.38643062,-0.04267955,-0.11044557
1.5629017,1.555439,0.38629594,-0.00746274,-0.019318711
1.79394,1.5554392,0.386296,-0.23850071,-0.61740404
1.549106,1.5552335,0.38643077,0.0061274767,0.015856596
1.2802169,1.5554397,0.386296,0.27522278,0.712466
1.3042437,1.5554386,0.38629583,0.25119495,0.65026575
1.4794235,1.5552332,0.38643074,0.07580972,0.19617932
1.3942064,1.5552335,0.38643062,0.16102707,0.4167037
1.9391546,1.5552335,0.38643074,-0.38392115,-0.9935057
1.2139546,1.5552335,0.38643056,0.3412789,0.88315713
1.6124239,1.5552332,0.38643068,-0.057190657,-0.1479972
1.5050356,1.5552273,0.38642994,0.05019164,0.1298855
1.2895694,1.555439,0.3862959,0.26586962,0.68825376
1.2920681,1.5552273,0.38642988,0.26315916,0.68100107
1.9940674,1.5554382,0.38629577,-0.43862927,-1.1354753
1.6761644,1.5554384,0.38629603,-0.12072599,-0.31252193
1.2348566,1.5554383,0.38629583,0.32058167,0.82988644
1.0833782,1.5552331,0.38643068,0.47185493,1.2210597
1.7946545,1.5552323,0.3864305,-0.2394222,-0.6195738
1.3977957,1.5552237,0.3864293,0.15742803,0.40739152
1.7997158,1.5554385,0.38629588,-0.24427724,-0.63235784
1.2140203,1.5552329,0.38643053,0.34121263,0.8829857
1.1339797,1.5552318,0.38643053,0.42125213,1.0901109
1.5428596,1.5554385,0.38629603,0.012578964,0.032563016
1.2623949,1.5554378,0.38629588,0.2930429,0.758597
1.6239644,1.5554371,0.38629577,-0.06852734,-0.17739604
1.5937572,1.5552335,0.38643068,-0.038523674,-0.09969103
1.4697764,1.5554383,0.3862959,0.08566189,0.22175199
1.4056478,1.555231,0.38643008,0.14958322,0.38709
1.7512498,1.5554385,0.3862959,-0.19581127,-0.50689447
1.3929641,1.5554382,0.38629588,0.16247404,0.42059478
1.4567022,1.555438,0.38629577,0.09873581,0.2555964
1.8200953,1.5552332,0.3864305,-0.26486206,-0.6854067
1.9204324,1.5554388,0.38629594,-0.3649937,-0.9448551
1.3467122,1.5554389,0.38629603,0.20872664,0.5403282
1.3835591,1.5552331,0.38643074,0.17167401,0.4442556
1.3317608,1.5554391,0.386296,0.22367835,0.57903355
1.3270948,1.5552337,0.38643056,0.22813892,0.59037495
1.6489624,1.5552309,0.3864302,-0.09373152,-0.24255745
1.0145482,1.555438,0.38629577,0.54088986,1.4001962
1.7404478,1.5552325,0.38643068,-0.18521523,-0.47929743
1.8861309,1.5554388,0.38629588,-0.33069217,-0.85605925
1.3536704,1.5552342,0.38643068,0.20156384,0.5216041
1.2634885,1.5552313,0.3864303,0.2917428,0.75496876
1.786757,1.5552319,0.38643038,-0.23152506,-0.59913784
1.4670087,1.5554378,0.386296,0.08842909,0.22891538
1.9026622,1.5552337,0.38643068,-0.34742844,-0.89907056
1.9332938,1.5552292,0.38642994,-0.37806463,-0.97835237
1.9118066,1.5554378,0.38629594,-0.35636878,-0.9225279
1.522762,1.5554397,0.38629618,0.03267777,0.08459253
1.1603389,1.5552323,0.3864305,0.3948934,1.0219002
1.9589841,1.5554384,0.386296,-0.40354574,-1.0446541
1.6386036,1.5554383,0.38629583,-0.08316529,-0.21528912
1.7526176,1.5554388,0.38629612,-0.19717884,-0.51043445
1.2268766,1.5552331,0.38643065,0.3283565,0.8497165
1.4130614,1.5554382,0.3862959,0.14237678,0.36856923
1.6796496,1.5554386,0.38629577,-0.12421095,-0.32154366
1.228053,1.5554388,0.3862959,0.32738578,0.84749997
1.2437323,1.5552337,0.38643068,0.31150138,0.806099
1.326822,1.5554384,0.3862959,0.22861636,0.59181666
1.885275,1.5552304,0.38643008,-0.33004463,-0.8540863
0.90957636,1.5552337,0.38643068,0.64565736,1.6708232
1.6606811,1.5552335,0.38643068,-0.10544765,-0.27287596
1.3285086,1.5552329,0.38643056,0.22672427,0.58671415
1.3757699,1.5554388,0.386296,0.1796689,0.46510682
1.6952846,1.5554388,0.38629594,-0.13984585,-0.3620174
1.8091848,1.555233,0.38643074,-0.2539518,-0.65717286
1.3779824,1.5552329,0.38643062,0.1772505,0.4586865
0.9674658,1.55523,0.38643005,0.5877642,1.5210106
1.4613156,1.555438,0.38629577,0.09412241,0.24365374
1.2826685,1.555439,0.38629594,0.27277052,0.706118
1.377416,1.5554378,0.3862959,0.17802179,0.46084306
2.0352576,1.5554402,0.38629615,-0.4798174,-1.2420973
1.451005,1.555439,0.38629606,0.10443401,0.2703471
1.3249154,1.555439,0.38629594,0.23052359,0.59675384
1.7193186,1.5554383,0.3862959,-0.16388035,-0.42423525
1.3365068,1.5552337,0.3864309,0.21872687,0.5660181
1.6667767,1.5552332,0.38643068,-0.11154342,-0.2886505
1.2901213,1.5552335,0.38643062,0.26511216,0.6860537
1.4694846,1.5554383,0.3862959,0.08595371,0.22250743
1.1387722,1.5554379,0.38629583,0.41666567,1.0786182
1.0762098,1.555234,0.38643062,0.47902417,1.2396123
1.3676865,1.555438,0.38629583,0.18775153,0.48603043
1.6158512,1.5554389,0.386296,-0.060412288,-0.1563886
1.3505908,1.5554394,0.386296,0.20484853,0.530289
1.718486,1.5554383,0.3862959,-0.16304767,-0.4220797
1.3714588,1.5552337,0.38643056,0.18377495,0.47557044
1.295532,1.555234,0.38643068,0.25970197,0.67205316
1.9135659,1.5554384,0.38629606,-0.35812747,-0.92708033
1.3982471,1.5552332,0.38643068,0.15698612,0.4062465
1.793945,1.5554392,0.38629588,-0.23850572,-0.6174172
1.1047924,1.5552323,0.38643056,0.45043993,1.1656426
1.4355912,1.5554388,0.38629594,0.119847536,0.310248
1.0323653,1.555234,0.38643074,0.52286863,1.353072
1.4531081,1.555234,0.38643056,0.10212588,0.26428005
1.6698059,1.5554391,0.38629594,-0.11436677,-0.29605997
1.374878,1.5554397,0.38629612,0.18056166,0.46741775
1.0279876,1.5554392,0.38629606,0.52745163,1.3654077
1.3368837,1.5554385,0.3862959,0.21855485,0.56577057
1.4048717,1.5554385,0.38629594,0.15056682,0.38977063
1.0468153,1.5554391,0.38629594,0.50862384,1.3166689
1.4666867,1.5552315,0.3864304,0.08854473,0.22913498
1.3169165,1.5552316,0.38643038,0.2383151,0.61670905
1.3325284,1.5554382,0.38629588,0.22290981,0.57704425
1.290526,1.5552337,0.38643068,0.26470768,0.6850069
1.2771027,1.555232,0.38643056,0.27812934,0.7197395
1.343454,1.5552278,0.38642964,0.21177375,0.5480267
1.6950976,1.5552335,0.38643065,-0.13986409,-0.3619384
1.5474805,1.5554388,0.386296,0.007958293,0.02060154
1.4056802,1.555234,0.38643074,0.14955378,0.38701314
1.4359727,1.5554383,0.3862959,0.11946559,0.30925927
1.330352,1.5552335,0.38643074,0.22488153,0.58194524
1.8260697,1.5554383,0.3862959,-0.27063143,-0.7005806
1.4449294,1.555438,0.38629588,0.11050868,0.28607264
1.4404681,1.5552335,0.38643068,0.114765406,0.29698834
1.8531462,1.5554379,0.38629588,-0.29770827,-0.7706742
2.1473725,1.5552342,0.38643062,-0.5921383,-1.5323275
1.9600471,1.5554385,0.3862959,-0.4046086,-1.0474058
1.3752102,1.5552311,0.38643005,0.18002093,0.46585643
1.2019324,1.5552342,0.38643065,0.35330176,0.9142695
1.2497104,1.5554385,0.3862959,0.30572808,0.79143494
1.1362146,1.5554382,0.38629583,0.41922355,1.0852396
1.3673533,1.555438,0.38629588,0.18808472,0.4868929
1.235447,1.5554392,0.38629603,0.31999218,0.82836
1.2740164,1.5554378,0.386296,0.28142142,0.7285124
1.4578311,1.5554383,0.38629588,0.097607136,0.25267455
1.636018,1.5554383,0.38629588,-0.08057976,-0.20859595
1.8664348,1.5554389,0.3862959,-0.31099594,-0.8050718
1.4548589,1.5554397,0.38629603,0.10058081,0.26037237
1.2276833,1.5552313,0.3864303,0.32754803,0.84762514
1.8927846,1.5552335,0.38643068,-0.33755112,-0.8735101
1.945857,1.5552318,0.38643053,-0.39062524,-1.010855
1.4228806,1.5552299,0.38643017,0.13234925,0.342492
1.3660628,1.5552312,0.3864303,0.18916845,0.489528
1.8045149,1.5554404,0.3862963,-0.24907446,-0.6447757
1.2361357,1.555439,0.386296,0.31930327,0.8265767
1.5381403,1.55523,0.38642985,0.017089725,0.04422465
1.3711367,1.5554384,0.38629594,0.18430173,0.47709984
1.8589327,1.555233,0.38643053,-0.30369973,-0.7859103
1.8360541,1.5554379,0.38629588,-0.28061616,-0.72642803
1.4068736,1.5554384,0.386296,0.14856482,0.38458803
1.4733927,1.555233,0.38643056,0.08184028,0.21178521
1.4365625,1.555438,0.38629583,0.1188755,0.30773178
1.2084408,1.5552342,0.3864308,0.3467934,0.89742696
1.5803348,1.5554378,0.38629588,-0.02489698,-0.06445054
1.7760597,1.5552337,0.38643062,-0.22082603,-0.57145065
1.2848264,1.5552318,0.3864304,0.2704054,0.6997519
1.7546179,1.5552328,0.38643065,-0.19938517,-0.51596624
1.1178658,1.5552337,0.3864308,0.43736792,1.1318144
1.1261212,1.5554379,0.38629594,0.42931676,1.1113675
1.8775944,1.5552335,0.38643074,-0.32236087,-0.8342009
1.8580937,1.5552335,0.38643068,-0.30286026,-0.7837376
1.5731561,1.5554382,0.3862959,-0.017717957,-0.04586628
1.508244,1.5554384,0.38629583,0.04719436,0.12217156
1.4570315,1.5554379,0.38629583,0.098406434,0.25474373
1.2946397,1.555234,0.38643077,0.26059425,0.67436206
1.9337709,1.5552342,0.38643074,-0.3785367,-0.97957194
1.3351232,1.5552318,0.38643038,0.22010863,0.5695945
1.3160034,1.5552319,0.38643062,0.23922849,0.61907226
1.3937432,1.5552328,0.3864305,0.1614896,0.41790077
1.8836563,1.5552332,0.38643062,-0.32842302,-0.84988874
1.4597485,1.555232,0.38643053,0.09548354,0.24709108
1.0993892,1.5554385,0.38629588,0.45604932,1.18057
1.8590467,1.5554382,0.38629583,-0.30360854,-0.7859483
1.2329527,1.555233,0.38643062,0.3222803,0.8339926
1.4410203,1.5552335,0.38643074,0.11421323,0.29555938
2.035853,1.5554386,0.38629606,-0.48041427,-1.2436427
2.0016866,1.555439,0.386296,-0.44624758,-1.155196
1.7038397,1.5554397,0.38629603,-0.14839995,-0.3841612
1.7133111,1.5552331,0.38643074,-0.15807796,-0.4090719
1.3289211,1.5552335,0.38643065,0.2263124,0.5856482
1.736937,1.5554402,0.38629618,-0.18149686,-0.4698386
1.6929151,1.5552273,0.38642964,-0.1376878,-0.35630757
1.1589578,1.5552317,0.38643038,0.39627385,1.0254728
2.0722601,1.5552318,0.38643032,-0.51702833,-1.33796
1.7089167,1.5554377,0.38629577,-0.15347898,-0.3973095
1.2046078,1.5552337,0.38643074,0.35062587,0.9073447
1.5497108,1.555438,0.38629577,0.005727291,0.014826181
1.3915964,1.5552306,0.38643017,0.16363418,0.42345083
1.522581,1.555439,0.386296,0.032858014,0.08505916
1.6625631,1.5554386,0.38629594,-0.10712445,-0.27731186
1.8953116,1.5552323,0.38643053,-0.3400793,-0.88005286
1.1826078,1.5552342,0.38643065,0.37262642,0.9642776
1.148481,1.5554383,0.3862959,0.40695727,1.0534859
1.3855852,1.5552318,0.38643032,0.16964662,0.4390096
1.6124821,1.5554383,0.3862959,-0.05704379,-0.14766863
1.7446765,1.5552337,0.38643074,-0.18944275,-0.49023727
1.2233354,1.5554376,0.38629583,0.33210218,0.85970944
1.0247656,1.5552337,0.38643074,0.5304681,1.3727379
1.0314748,1.5552335,0.38643062,0.52375865,1.3553756
1.2888403,1.5554384,0.3862959,0.2665981,0.6901396
1.1861273,1.5552317,0.38643038,0.3691044,0.955164
1.6272771,1.5552325,0.38643062,-0.07204461,-0.18643609
1.4539881,1.5554383,0.386296,0.101450205,0.26262298
1.3397524,1.555234,0.3864309,0.21548152,0.5576198
1.9040489,1.5552329,0.38643068,-0.34881604,-0.9026613
1.6421251,1.5554394,0.386296,-0.08668578,-0.22440247
1.823241,1.5554388,0.38629583,-0.26780224,-0.69325686
1.2946436,1.555234,0.38643074,0.2605903,0.67435193
1.6534559,1.555439,0.38629594,-0.09801686,-0.25373515
1.5911319,1.5554384,0.3862959,-0.035693526,-0.09239944
1.0487425,1.5554388,0.38629603,0.5066962,1.3116785
1.421534,1.555439,0.386296,0.13390505,0.34663847
1.1164112,1.5554388,0.38629594,0.43902755,1.1365057
2.0023832,1.5552335,0.38643053,-0.44714975,-1.1571285
1.8314533,1.5552337,0.38643068,-0.2762196,-0.7147973
1.5559692,1.5554385,0.38629588,-0.00053071976,-0.0013738686
1.4195162,1.5552335,0.3864304,0.13571727,0.35120752
1.3868749,1.5554396,0.38629603,0.16856468,0.4363614
2.0607612,1.5552342,0.38643056,-0.505527,-1.3081963
1.9039875,1.5552255,0.38642958,-0.34876204,-0.9025242
0.9763296,1.555438,0.38629577,0.5791084,1.4991322
1.3631423,1.5552285,0.38642988,0.19208622,0.4970791
1.3493546,1.555233,0.38643062,0.20587838,0.5327693
1.8661796,1.5554383,0.386296,-0.3107413,-0.8044124
1.051956,1.5554388,0.38629612,0.5034827,1.3033594
0.9866494,1.5552306,0.38643008,0.5685812,1.4713689
1.6308929,1.5554383,0.38629594,-0.07545459,-0.19532846
1.2501866,1.5554392,0.386296,0.30525267,0.79020405
1.08585,1.5554385,0.38629594,0.46958852,1.2156186
1.3849962,1.5554385,0.38629594,0.17044234,0.4412222
1.6459861,1.5552331,0.38643065,-0.09075296,-0.23484927
1.610178,1.5554384,0.386296,-0.054739594,-0.14170375
1.8124533,1.5552331,0.38643062,-0.25722015,-0.6656309
1.2597766,1.5552335,0.38643077,0.2954569,0.7645791
1.2236507,1.5554392,0.38629594,0.33178854,0.85889727
1.2046703,1.555234,0.3864308,0.35056365,0.9071835
1.7585487,1.5554392,0.38629606,-0.2031095,-0.5257871
1.614703,1.5552329,0.38643077,-0.059470177,-0.15389606
1.3632581,1.5554382,0.38629583,0.19218004,0.49749446
1.4558651,1.555438,0.38629577,0.0995729,0.25776336
1.5687524,1.5552303,0.38642994,-0.013522148,-0.034992497
1.6236887,1.5554382,0.38629583,-0.06825054,-0.17667946
1.4622455,1.5554388,0.386296,0.09319329,0.2412484
1.6488785,1.555439,0.3862959,-0.09343946,-0.2418857
1.6157507,1.5552316,0.38643038,-0.0605191,-0.15661061
1.5839337,1.5554385,0.38629594,-0.028495193,-0.07376519
1.9702847,1.5552326,0.38643068,-0.41505206,-1.074066
1.2881138,1.555228,0.38642976,0.26711416,0.691236
1.961507,1.5554372,0.38629583,-0.40606976,-1.0511886
1.7616837,1.5554394,0.38629612,-0.20624435,-0.5339022
1.000511,1.5554383,0.3862959,0.55492723,1.436534
1.8087786,1.5552332,0.3864305,-0.2535454,-0.6561216
1.8035238,1.5552324,0.38643062,-0.24829137,-0.6425251
1.4567441,1.5554389,0.38629594,0.0986948,0.25549012
1.7567737,1.5552332,0.38643068,-0.20154047,-0.5215437
1.4058843,1.555233,0.38643074,0.14934874,0.38648254
1.53803,1.5552328,0.38643056,0.017202735,0.044517014
1.516475,1.5554407,0.3862964,0.038965702,0.10086996
1.6485772,1.555224,0.3864293,-0.09335327,-0.24157917
1.2894576,1.5554385,0.3862959,0.26598096,0.688542
1.8818985,1.55544,0.38629612,-0.32645857,-0.8450993
1.2604192,1.5552254,0.38642952,0.29480612,0.76289755
1.4752127,1.5552335,0.38643053,0.080020785,0.20707677
1.2364397,1.5552329,0.38643074,0.31879318,0.82496846
1.1918452,1.5554382,0.38629583,0.36359298,0.9412294
1.7244712,1.5554392,0.386296,-0.16903198,-0.43757114
1.720258,1.5552337,0.38643074,-0.16502428,-0.4270475
1.3944483,1.5554388,0.3862959,0.16099048,0.41675428
1.5356154,1.5552294,0.38643008,0.019613981,0.050756868
1.6943028,1.555233,0.38643056,-0.1390698,-0.359883
1.5525956,1.5554383,0.3862959,0.0028426647,0.007358775
1.7343867,1.5552342,0.38643062,-0.17915249,-0.4636084
1.1501304,1.5552311,0.3864302,0.4051007,1.0483153
1.8004541,1.5554404,0.38629612,-0.24501371,-0.634264
1.3379093,1.5554395,0.38629603,0.21753013,0.5631177
1.398331,1.555233,0.38643074,0.15690196,0.40602866
1.4686205,1.555233,0.38643056,0.08661246,0.22413461
1.516631,1.5554397,0.38629612,0.038808703,0.100463614
1.7506819,1.555228,0.38643008,-0.19545388,-0.50579363
1.680707,1.555439,0.38629594,-0.12526798,-0.32427981
1.8181865,1.5552332,0.38643077,-0.26295328,-0.6804667
1.6586406,1.5554386,0.38629594,-0.103201985,-0.26715782
1.5849586,1.5554394,0.38629603,-0.0295192,-0.07641601
1.3776813,1.5554404,0.3862963,0.17775917,0.46016276
1.5109581,1.5552337,0.3864308,0.04427564,0.11457586
1.3756518,1.5552335,0.38643068,0.17958164,0.4647189
1.0646979,1.5552317,0.3864304,0.49053383,1.2693976
1.640373,1.5554384,0.3862959,-0.08493459,-0.21986924
1.4733251,1.555233,0.3864305,0.08190787,0.21196015
1.495316,1.5554392,0.386296,0.060123205,0.15564024
1.2647594,1.5554384,0.38629594,0.29067898,0.7524774
1.4292669,1.5554383,0.38629588,0.12617135,0.3266184
1.0111103,1.5554395,0.38629594,0.54432917,1.4090989
2.01981,1.5554383,0.3862959,-0.46437168,-1.2021139
1.1026834,1.5554392,0.386296,0.4527558,1.1720437
1.5642822,1.5552325,0.38643062,-0.009049654,-0.023418574
1.6980547,1.5554392,0.38629603,-0.14261544,-0.3691869
1.7917516,1.5552335,0.38643077,-0.23651814,-0.6120583
1.6937946,1.5554382,0.38629588,-0.13835645,-0.35816184
1.6348294,1.5554385,0.38629603,-0.07939088,-0.20551825
1.679656,1.5552329,0.38643065,-0.124423146,-0.32198054
1.9615295,1.5552326,0.38643074,-0.40629685,-1.0514092
1.7888025,1.5552309,0.38643017,-0.23357165,-0.6044343
1.4497666,1.5554384,0.3862959,0.10567176,0.27355134
1.6277323,1.5552328,0.38643074,-0.07249951,-0.18761322
1.5998757,1.5552318,0.3864304,-0.04464388,-0.1155289
1.2170435,1.5554394,0.38629612,0.33839583,0.8760011
1.1643987,1.5554389,0.386296,0.3910402,1.0122813
1.2094576,1.555232,0.38643062,0.3457744,0.8947904
1.2049564,1.5552324,0.38643053,0.350276,0.9064397
0.9876463,1.5554384,0.38629594,0.5677921,1.4698371
1.9777057,1.5554383,0.38629577,-0.42226744,-1.0931195
1.7837144,1.5552337,0.38643062,-0.2284807,-0.5912593
1.6932797,1.5552332,0.38643074,-0.1380465,-0.35723478
1.569041,1.555438,0.3862959,-0.013602972,-0.035213865
1.0314128,1.5552315,0.3864303,0.5238186,1.3555319
2.0107522,1.5554385,0.38629594,-0.45531368,-1.1786654
1.4190326,1.5552325,0.38643068,0.13619995,0.35245636
1.4185486,1.555439,0.386296,0.13689041,0.35436663
1.6544244,1.5552291,0.38643008,-0.09919536,-0.2566968
1.1736166,1.5554392,0.38629594,0.3818226,0.9884199
1.3289491,1.5554388,0.386296,0.22648966,0.58631116
1.3399699,1.5554382,0.3862959,0.21546829,0.5577804
1.7488674,1.555438,0.38629588,-0.19342935,-0.5007285
1.6659664,1.555231,0.38643008,-0.11073542,-0.28656003
1.6652513,1.5554383,0.38629588,-0.109812975,-0.28427166
1.8862021,1.555439,0.38629594,-0.3307631,-0.8562428
1.0904827,1.5552278,0.38642976,0.46474504,1.2026637
1.1131918,1.5554386,0.3862959,0.4422468,1.1448394
1.7487273,1.5552337,0.38643062,-0.1934936,-0.50072014
1.4672401,1.5552293,0.38643017,0.08798921,0.22769757
1.3552923,1.5552335,0.38643065,0.19994116,0.51740503
1.5709208,1.555438,0.38629588,-0.015482783,-0.040080115
1.8822274,1.5552335,0.38643056,-0.32699394,-0.8461907
1.3675588,1.5552297,0.38642988,0.18767083,0.48565298
1.4895391,1.5552335,0.38643074,0.06569433,0.17000286
1.5506673,1.555234,0.38643068,0.0045666695,0.011817564
1.2759932,1.5554378,0.38629594,0.27944458,0.72339505
1.973375,1.5554383,0.386296,-0.41793668,-1.0819079
1.4767672,1.555233,0.38643065,0.07846582,0.20305279
1.8696315,1.5552316,0.38643032,-0.31439996,-0.81360066
1.6383462,1.5554384,0.3862959,-0.082907796,-0.2146225
1.5712575,1.5554392,0.38629603,-0.015818238,-0.040948488
1.3801398,1.5552309,0.38643038,0.17509103,0.4530985
1.1010116,1.5554392,0.38629603,0.4544276,1.1763713
1.8761451,1.5552325,0.38643068,-0.3209126,-0.8304532
1.8117191,1.5554388,0.38629583,-0.2562803,-0.66343015
1.6456771,1.5554382,0.38629583,-0.09023893,-0.23360059
1.349957,1.5552318,0.38643053,0.20527482,0.53120756
1.9116474,1.5554382,0.38629588,-0.35620928,-0.92211515
1.7616142,1.5552332,0.38643062,-0.20638096,-0.5340699
1.8596786,1.555234,0.38643068,-0.30444467,-0.78783774
1.1851678,1.5554383,0.38629577,0.3702705,0.9585155
1.4458551,1.5552332,0.38643056,0.1093781,0.28304723
1.4820148,1.5552337,0.38643068,0.07321894,0.18947497
1.2512864,1.5552223,0.38642895,0.3039359,0.7865246
1.7877581,1.5554392,0.38629594,-0.23231888,-0.60140127
1.9748538,1.5552332,0.38643068,-0.4196205,-1.0858881
1.2365254,1.5552297,0.38643005,0.31870425,0.8247398
1.2004685,1.555234,0.38643065,0.35476542,0.91805714
1.6855942,1.5552295,0.38643005,-0.13036466,-0.33735642
1.2069379,1.5552324,0.38643068,0.3482945,0.9013117
1.5132773,1.5552313,0.3864303,0.04195404,0.1085682
1.508819,1.5552313,0.3864302,0.04641235,0.120105386
1.146476,1.555232,0.3864305,0.40875602,1.0577737
1.6410451,1.555233,0.38643068,-0.08581209,-0.22206335
1.7327719,1.5552309,0.38643008,-0.17754102,-0.45943892
1.2046937,1.5552329,0.38643068,0.3505392,0.9071205
1.3559371,1.555438,0.38629583,0.19950092,0.51644593
1.6245682,1.5554385,0.3862959,-0.069129705,-0.17895532
1.2724596,1.555234,0.38643074,0.28277433,0.7317594
1.1232415,1.5552342,0.38643065,0.43199265,1.1179048
1.5590897,1.5552282,0.38642994,-0.0038614273,-0.009992568
1.8251765,1.5554383,0.3862959,-0.2697382,-0.6982683
1.5575359,1.5552328,0.38643062,-0.0023031235,-0.0059599923
1.4732163,1.555234,0.38643065,0.08201766,0.21224418
1.5059181,1.5554389,0.38629588,0.04952073,0.12819378
1.6762282,1.5552325,0.38643062,-0.12099564,-0.31311092
1.0756325,1.5554384,0.3862959,0.47980595,1.2420684
1.8009468,1.5554383,0.38629594,-0.24550855,-0.63554525
2.0021875,1.5554391,0.38629594,-0.44674838,-1.1564926
1.2798359,1.555439,0.38629594,0.27560306,0.71345055
1.6175162,1.5554386,0.38629594,-0.062077522,-0.16069938
1.4235258,1.555438,0.38629577,0.13191223,0.34147987
1.4996027,1.5554377,0.38629588,0.05583501,0.14453949
1.6968169,1.5552335,0.38643074,-0.14158344,-0.36638764
1.6536496,1.5554383,0.3862959,-0.09821129,-0.2542385
1.1957197,1.555234,0.38643074,0.35951424,0.93034583
1.2609295,1.5552328,0.38643062,0.2943033,0.7615941
1.3386658,1.5552335,0.38643068,0.21656764,0.56043077
1.7999629,1.555438,0.3862957,-0.24452484,-0.6329991
1.363166,1.5552335,0.38643065,0.1920675,0.4970297
1.1890906,1.5552326,0.38643065,0.36614203,0.94749737
1.2050761,1.5554391,0.386296,0.35036302,0.9069807
1.2849221,1.555231,0.3864302,0.27030885,0.6995024
1.5368452,1.5554378,0.38629594,0.018592596,0.048130445
1.5471201,1.5554382,0.3862959,0.008318067,0.021532888
1.2906517,1.555438,0.38629588,0.26478636,0.6854496
1.3153465,1.5552332,0.38643053,0.23988676,0.6207759
1.8578424,1.5554394,0.38629603,-0.3024031,-0.7828273
1.4018505,1.5554385,0.3862959,0.15358806,0.3975917
1.4167999,1.5552337,0.38643068,0.13843381,0.35823712
1.6901346,1.5554389,0.38629588,-0.13469577,-0.34868547
1.8836452,1.5552322,0.38643053,-0.328413,-0.849863
1.3309172,1.555438,0.38629603,0.2245208,0.58121437
1.0894343,1.555234,0.38643074,0.4657997,1.2053899
0.97191733,1.5552301,0.38643008,0.5833128,1.5094912
1.4115833,1.5552315,0.38643032,0.14364815,0.37173104
1.3276694,1.5552326,0.38643065,0.22756326,0.5888851
1.0558248,1.5552337,0.38643065,0.49940896,1.2923638
1.3527715,1.5554395,0.38629603,0.20266795,0.52464414
1.2079487,1.5554392,0.38629612,0.34749055,0.8995445
1.9869734,1.5554397,0.38629603,-0.4315337,-1.1171062
1.9809527,1.555234,0.38643074,-0.42571878,-1.1016691
1.475305,1.555234,0.38643062,0.079928994,0.20683919
1.7114055,1.5554388,0.38629606,-0.15596676,-0.4037493
1.6898794,1.5552297,0.38643008,-0.13464975,-0.34844533
1.3597145,1.5552335,0.38643056,0.19551897,0.5059615
1.6514647,1.5554383,0.38629594,-0.09602642,-0.24858253
1.3619708,1.5554386,0.38629583,0.19346786,0.5008282
1.1624024,1.555232,0.3864305,0.39282966,1.0165596
1.4110067,1.5552287,0.38643008,0.14422202,0.37321633
1.000151,1.5554388,0.38629594,0.5552877,1.4374671
1.4003018,1.555439,0.386296,0.15513718,0.40160182
1.8841405,1.5552318,0.3864305,-0.32890868,-0.85114574
1.6655331,1.5554383,0.3862959,-0.110094786,-0.28500116
1.849753,1.5554383,0.38629583,-0.29431474,-0.7618895
1.3356007,1.5554389,0.3862959,0.21983814,0.5690926
1.1218451,1.5554383,0.3862959,0.43359315,1.1224378
2.0861714,1.5554382,0.38629588,-0.5307332,-1.3739034
1.8954235,1.5552335,0.38643065,-0.34019005,-0.8803392
1.7593701,1.5554389,0.3862959,-0.20393121,-0.5279145
1.6656961,1.5554395,0.386296,-0.11025667,-0.28542018
1.3640354,1.5554385,0.38629594,0.19140315,0.4954832
1.8025271,1.555234,0.38643065,-0.24729311,-0.63994175
1.1200974,1.5554392,0.386296,0.43534184,1.1269643
2.098748,1.5552326,0.38643062,-0.5435153,-1.4065017
1.4511528,1.5554397,0.38629618,0.10428691,0.26996619
1.6696064,1.5552325,0.38643038,-0.11437392,-0.29597548
1.5140375,1.5552318,0.3864304,0.04119432,0.10660217
1.6881129,1.5552216,0.3864289,-0.1328913,-0.34389585
1.2319243,1.5554391,0.386296,0.32351482,0.83747905
1.127949,1.5554394,0.38629603,0.42749035,1.1066393
1.3246812,1.5552323,0.38643053,0.23055112,0.5966173
1.5686721,1.555439,0.38629588,-0.013233066,-0.034256294
1.4131173,1.5552325,0.38643065,0.14211524,0.36776388
1.0382609,1.5554389,0.38629603,0.51717794,1.3388125
1.2407242,1.555234,0.38643074,0.31450975,0.8138839
1.6826792,1.5554389,0.386296,-0.1272403,-0.3293855
1.5954127,1.5552324,0.38643062,-0.040180326,-0.10397811
1.8553545,1.555233,0.38643068,-0.30012155,-0.7766504
1.6643324,1.5554392,0.38629594,-0.108893156,-0.2818905
1.2184843,1.5554384,0.38629588,0.33695412,0.8722695
1.6444576,1.555439,0.386296,-0.08901858,-0.23044138
1.164405,1.5552299,0.38643008,0.3908249,1.0113729
1.9800425,1.5554395,0.38629612,-0.424603,-1.0991645
1.4729952,1.5552303,0.38643023,0.0822351,0.2128071
1.4443905,1.5554382,0.3862957,0.111047626,0.28746793
1.5929412,1.5554438,0.38629645,-0.0374974,-0.09706898
1.3919524,1.5554392,0.38629603,0.16348684,0.42321646
1.4303184,1.555439,0.38629594,0.12512064,0.3238984
1.0893496,1.5554386,0.38629603,0.466089,1.2065592
1.6207834,1.5554385,0.386296,-0.06534493,-0.16915767
1.6450524,1.5554404,0.38629627,-0.08961201,-0.2319774
1.8853894,1.555234,0.38643077,-0.3301555,-0.85437167
1.7446707,1.5552335,0.38643074,-0.18943727,-0.49022308
1.5452394,1.555233,0.38643062,0.009993553,0.025861183
1.5684035,1.5552337,0.38643062,-0.0131697655,-0.034080543
1.5278563,1.5552342,0.38643068,0.027377844,0.07084801
1.7286714,1.5552335,0.38643056,-0.17343795,-0.4488205
1.7372466,1.5554391,0.386296,-0.18180752,-0.470643
1.3604351,1.555234,0.3864309,0.19479883,0.50409746
1.6901361,1.5552331,0.38643062,-0.13490295,-0.34910005
1.1661193,1.5554389,0.38629594,0.38931954,1.0078272
1.001962,1.5554392,0.38629603,0.5534773,1.4327801
1.2957504,1.5552342,0.38643068,0.2594838,0.67148864
1.5600948,1.5552294,0.38642988,-0.004865408,-0.012590662
1.5168027,1.5552307,0.38642997,0.03842807,0.09944381
1.3845128,1.5554388,0.386296,0.17092597,0.4424741
1.3234981,1.5552318,0.38643053,0.23173368,0.59967744
1.7108728,1.555438,0.38629594,-0.15543473,-0.40237215
1.5296227,1.5552326,0.38643062,0.02560997,0.06627314
1.3177814,1.555439,0.386296,0.23765755,0.6152213
0.97765845,1.5554388,0.3862959,0.5777803,1.4956936
1.5690166,1.5552329,0.38643053,-0.013783693,-0.035669267
1.1718329,1.5554386,0.38629594,0.38360572,0.99303585
1.5799453,1.555233,0.38643053,-0.024712324,-0.06395024
1.7954748,1.5552292,0.38643008,-0.24024558,-0.6217052
1.3216299,1.5554392,0.38629603,0.23380935,0.60525954
1.6293436,1.5554383,0.38629588,-0.07390535,-0.19131798
1.5979714,1.5554409,0.3862963,-0.042530537,-0.11009822
1.242569,1.5552329,0.38643068,0.3126639,0.80910736
1.8643159,1.5552335,0.38643065,-0.3090824,-0.7998392
1.6012274,1.5554385,0.3862959,-0.045788884,-0.11853318
1.5098028,1.5552335,0.38643068,0.04543066,0.117564835
1.5933746,1.555234,0.38643065,-0.038140655,-0.09869987
1.0806895,1.5552309,0.38643008,0.4745413,1.2280134
1.9765579,1.555438,0.38629577,-0.4211198,-1.0901487
1.1708902,1.5552337,0.38643074,0.3843435,0.9945987
1.4066485,1.555233,0.38643062,0.14858449,0.38450494
1.2584468,1.5552335,0.38643062,0.29678667,0.7680206
1.9874455,1.5552335,0.38643074,-0.432212,-1.1184721
1.540915,1.5554382,0.38629583,0.014523149,0.037595924
1.3497465,1.5554388,0.3862959,0.20569229,0.5324734
1.4267317,1.5552328,0.3864305,0.12850106,0.33253342
1.321563,1.5552248,0.38642982,0.23366177,0.6046681
1.0413122,1.5552337,0.38643062,0.5139215,1.3299192
1.226925,1.5554388,0.3862959,0.32851374,0.85041994
1.3668829,1.555233,0.38643065,0.18835008,0.4874098
1.7864404,1.555233,0.38643056,-0.23120737,-0.5983154
1.4201503,1.5552316,0.38643038,0.13508129,0.34956178
1.5660429,1.5554389,0.386296,-0.010604024,-0.027450515
2.1011767,1.555234,0.38643068,-0.5459428,-1.4127833
1.5021291,1.5554386,0.386296,0.05330956,0.13800184
1.9847181,1.555438,0.38629588,-0.42928004,-1.1112726
1.4214193,1.5552326,0.38643065,0.13381338,0.34628046
1.7350315,1.5554378,0.3862959,-0.17959368,-0.4649122
1.4563942,1.555439,0.38629594,0.0990448,0.25639617
1.3209866,1.5552331,0.38643062,0.23424649,0.60617995
1.5261692,1.5554383,0.3862959,0.0292691,0.0757686
1.5135505,1.5554395,0.38629603,0.041888952,0.10843744
1.2791573,1.5552326,0.38643065,0.27607536,0.7144241
1.2844737,1.5552342,0.38643074,0.27076054,0.7006703
1.5597441,1.5552332,0.38643065,-0.0045108795,-0.0116731925
1.2456689,1.5554388,0.38629594,0.30976987,0.8018978
1.6753839,1.5554388,0.38629594,-0.11994517,-0.3105007
1.4784524,1.5552301,0.38643017,0.0767777,0.19868453
1.8713604,1.5554382,0.3862959,-0.31592226,-0.8178245
1.3594841,1.5554392,0.38629603,0.19595516,0.5072668
1.7931979,1.5554389,0.38629594,-0.237759,-0.61548406
1.7081093,1.5554385,0.38629594,-0.15267074,-0.39521703
1.2396367,1.5554386,0.38629594,0.31580198,0.81751305
1.2531714,1.5552335,0.38643068,0.30206203,0.781672
1.5986589,1.5554395,0.38629603,-0.043219447,-0.11188167
1.4041796,1.555438,0.38629577,0.15125847,0.3915613
1.2465732,1.5552326,0.38643065,0.30865943,0.7987447
1.0942984,1.5554376,0.3862959,0.4611392,1.193746
1.5878783,1.555439,0.386296,-0.03243935,-0.083975375
1.6591809,1.5554385,0.38629583,-0.10374236,-0.26855677
0.94602686,1.5552304,0.38643008,0.6092035,1.5764909
1.2689533,1.5552326,0.38643065,0.28627932,0.74082977
1.4123182,1.5552323,0.38643053,0.14291406,0.36983117
1.3325167,1.5552337,0.38643068,0.22271705,0.57634413
1.2429947,1.555234,0.38643068,0.3122393,0.80800855
1.5349866,1.5554395,0.38629615,0.020452857,0.052946053
2.1115038,1.555233,0.38643062,-0.55627084,-1.4395102
1.3525897,1.5554388,0.3862959,0.20284903,0.52511305
1.4635475,1.5552304,0.38643005,0.09168291,0.23725615
1.0506525,1.5552311,0.38643032,0.5045786,1.3057427
1.4442514,1.555234,0.38643074,0.11098254,0.28719905
1.5350595,1.5554397,0.38629612,0.020380259,0.052758124
1.453108,1.555439,0.386296,0.10233104,0.2649032
1.5738752,1.5554386,0.38629583,-0.018436551,-0.04772651
1.3518792,1.5554389,0.386296,0.20355964,0.5269525
1.2729545,1.555438,0.38629583,0.28248358,0.7312623
1.408626,1.5554382,0.38629583,0.1468122,0.38005123
1.4048951,1.555232,0.38643053,0.15033698,0.3890401
0.98810893,1.555233,0.38643056,0.56712407,1.4675963
1.7282183,1.5552256,0.38642952,-0.1729927,-0.4476695
1.5964274,1.5552335,0.3864308,-0.041193962,-0.106601134
1.4662354,1.5552328,0.38643062,0.088997364,0.2303062
2.1155906,1.5554382,0.38629588,-0.5601524,-1.4500605
1.8078555,1.5552335,0.38643077,-0.252622,-0.6537316
1.867094,1.5552328,0.38643065,-0.31186128,-0.8070304
1.9469863,1.5552326,0.38643053,-0.39175367,-1.0137751
1.2395911,1.5554383,0.3862959,0.31584716,0.81763005
1.5396042,1.5552328,0.38643065,0.015628576,0.040443417
1.370363,1.5552335,0.38643062,0.18487048,0.47840536
1.3280334,1.5554383,0.3862959,0.22740483,0.5886804
1.257935,1.5552335,0.38643074,0.29729843,0.7693447
1.3381798,1.5552332,0.38643074,0.21705341,0.56168777
1.8245069,1.5552318,0.38643032,-0.26927507,-0.696827
1.5491331,1.5552335,0.38643065,0.006100416,0.015786575
1.3420999,1.5552331,0.38643074,0.21313322,0.5515431
1.8481255,1.555233,0.38643053,-0.29289246,-0.75794333
1.6166544,1.5552332,0.38643074,-0.061421156,-0.1589448
1.283193,1.5554376,0.3862959,0.27224457,0.70475656
1.8236272,1.5554382,0.38629583,-0.26818907,-0.6942583
1.4288592,1.5554389,0.38629594,0.12657964,0.3276753
1.5706933,1.5552332,0.3864304,-0.015460014,-0.04000724
1.7213349,1.5552337,0.38643077,-0.16610122,-0.42983434
1.6156886,1.5554382,0.38629583,-0.0602504,-0.15596959
1.4233463,1.5552328,0.38643068,0.13188648,0.34129402
1.9935335,1.5552335,0.38643062,-0.4383,-1.1342269
1.5239246,1.5552318,0.38643038,0.03130722,0.08101646
1.4006516,1.5552335,0.38643062,0.1545819,0.40002498
1.6804153,1.5552323,0.38643065,-0.12518299,-0.32394683
1.5299009,1.555439,0.38629603,0.025538087,0.06611014
1.314658,1.5552286,0.38642988,0.24057055,0.62254643
1.38983,1.5552335,0.38643068,0.16540349,0.42802885
1.0603057,1.5554391,0.38629594,0.4951334,1.2817463
1.2998893,1.5554382,0.3862959,0.25554883,0.66153646
1.8621333,1.5554392,0.38629606,-0.30669403,-0.7939352
1.369761,1.5552335,0.38643056,0.18547249,0.4799633
1.2908287,1.5552337,0.3864309,0.264405,0.6842233
1.8392788,1.5552337,0.3864308,-0.2840451,-0.73504776
1.4529748,1.555439,0.38629603,0.1024642,0.26524788
1.518238,1.5552323,0.38643056,0.036994338,0.09573347
1.4793949,1.5552335,0.38643056,0.075838566,0.19625406
1.6432967,1.5552211,0.38642925,-0.08807564,-0.22792177
1.9921691,1.555234,0.38643056,-0.4369352,-1.1306952
1.4053035,1.5554383,0.38629588,0.1501348,0.38865235
1.0375744,1.5554383,0.38629588,0.51786387,1.3405886
1.8403704,1.5554385,0.38629612,-0.2849319,-0.7375997
1.8732512,1.5554395,0.386296,-0.31781173,-0.8227155
1.0484899,1.5552317,0.3864305,0.50674176,1.31134
1.1090162,1.555438,0.38629588,0.44642186,1.1556475
1.4599558,1.5552335,0.38643056,0.09527767,0.24655831
1.5903072,1.5552318,0.3864304,-0.035075426,-0.09076777
1.769249,1.5554383,0.38629606,-0.21381068,-0.55348915
1.2438605,1.5554383,0.3862959,0.3115778,0.80657804
1.481419,1.555438,0.38629588,0.074019074,0.19161238
1.6321958,1.5552337,0.38643068,-0.07696211,-0.1991615
1.2929511,1.5552337,0.3864308,0.2622826,0.67873114
1.3045546,1.5552316,0.3864305,0.250677,0.64869875
1.5174303,1.5552322,0.38643053,0.03780186,0.09782317
1.2749356,1.5552326,0.38643053,0.28029704,0.7253491
1.8340664,1.5554391,0.386296,-0.27862728,-0.7212792
1.2299733,1.555233,0.38643056,0.3252597,0.8417028
1.4032493,1.5552325,0.38643056,0.15198326,0.39330032
1.7119675,1.5554385,0.38629594,-0.15652895,-0.40520474
1.6490626,1.5552342,0.38643068,-0.09382844,-0.24280794
2.0748303,1.555439,0.38629594,-0.5193913,-1.3445425
1.4061656,1.5552329,0.38643074,0.14906728,0.3857542
1.3510507,1.5552335,0.38643074,0.20418274,0.5283812
1.3988189,1.5554384,0.38629583,0.15661955,0.4054394
1.3018147,1.5552342,0.38643065,0.25341952,0.6557956
1.4021456,1.5554382,0.38629577,0.15329254,0.39682686
0.90439004,1.5552335,0.38643065,0.65084344,1.6842438
1.6709127,1.555438,0.3862957,-0.1154747,-0.29892826
2.095066,1.5554373,0.3862959,-0.53962874,-1.396931
1.2261338,1.5552337,0.38643074,0.3290999,0.85164005
1.4029473,1.5554385,0.386296,0.15249121,0.39475223
1.4672508,1.555232,0.38643008,0.087981224,0.22767696
1.6799889,1.5552337,0.38643068,-0.124755144,-0.32283965
1.3697313,1.5552323,0.38643056,0.18550098,0.48003703
1.9395174,1.5554383,0.38629594,-0.3840791,-0.99426126
1.4909801,1.555231,0.38643032,0.06425083,0.16626756
1.3292114,1.555438,0.38629583,0.22622669,0.58563066
1.3407849,1.555438,0.38629583,0.21465313,0.5556703
1.7852738,1.555438,0.38629583,-0.22983575,-0.59497344
1.500939,1.555439,0.386296,0.054499984,0.14108348
1.6783187,1.555438,0.386296,-0.1228807,-0.31809983
1.2940902,1.555438,0.38629588,0.2613479,0.6765485
1.5772538,1.5554391,0.386296,-0.021814704,-0.05647147
1.542628,1.5554397,0.386296,0.012811661,0.0331654
1.6451982,1.5554391,0.38629594,-0.08975911,-0.23235841
1.3828305,1.5552335,0.38643062,0.17240298,0.44614214
1.6168504,1.5554383,0.3862959,-0.061412096,-0.15897682
1.0249406,1.5552335,0.38643053,0.53029287,1.3722851
1.4083052,1.5552328,0.38643062,0.1469276,0.38021725
1.1702709,1.555234,0.38643065,0.38496304,0.9962021
1.5743504,1.5554383,0.38629588,-0.018912077,-0.04895749
1.1513225,1.5552317,0.3864305,0.4039092,1.0452312
1.5686358,1.5554391,0.38629594,-0.013196707,-0.034162167
1.3453772,1.5552328,0.38643062,0.20985556,0.54306144
1.3292452,1.5554383,0.38629583,0.22619307,0.58554363
1.6536204,1.5554388,0.38629603,-0.098181605,-0.25416157
1.2129015,1.555439,0.386296,0.34253752,0.8867229
1.5307758,1.5554388,0.38629577,0.024662971,0.063844785
1.0899988,1.5552323,0.38643053,0.46523345,1.2039251
2.0457869,1.555231,0.38643032,-0.49055588,-1.269455
2.090588,1.5552335,0.38643068,-0.5353546,-1.3853832
1.5955026,1.555234,0.38643065,-0.04026866,-0.10420669
1.548231,1.555233,0.38643056,0.007001996,0.018119674
1.3939885,1.5552332,0.38643065,0.16124475,0.41726696
1.9485784,1.5554373,0.38629577,-0.39314103,-1.0177202
1.6470306,1.5554383,0.3862959,-0.09159231,-0.23710401
1.3273442,1.5554383,0.38629583,0.2280941,0.59046483
1.569763,1.555438,0.38629583,-0.0143249035,-0.037082728
1.2705147,1.55544,0.38629618,0.28492522,0.73758227
1.6626724,1.5554382,0.3862959,-0.10723424,-0.2775961
1.0011089,1.5552317,0.3864304,0.5541228,1.4339523
1.6319823,1.5554385,0.38629606,-0.07654381,-0.19814804
1.3419851,1.5554385,0.3862959,0.21345341,0.5525645
1.7263641,1.555234,0.3864308,-0.17113018,-0.44284818
1.2831634,1.5552335,0.3864309,0.27207005,0.70405877
1.5386269,1.5552318,0.38643056,0.0166049,0.042969946
1.6444095,1.5552251,0.3864294,-0.0891844,-0.23079094
1.7102007,1.5552335,0.38643056,-0.15496719,-0.40102208
1.7214396,1.5554386,0.3862959,-0.16600096,-0.42972487
1.2639204,1.5554383,0.3862959,0.29151785,0.75464904
1.6193963,1.5554384,0.3862959,-0.06395793,-0.16556719
1.5176238,1.5554392,0.386296,0.03781545,0.097892426
1.5173733,1.5554383,0.38629588,0.038064957,0.09853835
1.3489597,1.5552332,0.3864305,0.20627356,0.53379214
1.3898652,1.5554388,0.3862959,0.1655736,0.42861855
1.0852513,1.5554383,0.38629588,0.47018695,1.2171679
1.3112602,1.5552335,0.38643056,0.24397326,0.6313508
1.3388466,1.555438,0.38629583,0.21659148,0.56068814
1.5068487,1.5554373,0.38629577,0.048588634,0.12578091
1.4153498,1.5554382,0.38629588,0.14008832,0.36264512
1.0363804,1.555438,0.38629577,0.51905763,1.3436793
1.3561072,1.555439,0.386296,0.19933176,0.51600784
1.3256832,1.5552324,0.38643065,0.22954917,0.59402424
1.7976934,1.5554383,0.38629588,-0.24225509,-0.6271232
1.8125907,1.5554404,0.38629627,-0.2571503,-0.66568154
1.7458949,1.5552335,0.38643056,-0.19066143,-0.4933912
1.7011365,1.5552323,0.38643065,-0.14590418,-0.37756887
1.2204157,1.5552337,0.38643077,0.334818,0.86643726
1.8760132,1.5552323,0.38643062,-0.32078087,-0.83011246
1.7185609,1.555234,0.38643056,-0.16332698,-0.42265543
1.4026041,1.5554388,0.386296,0.15283465,0.3956413
1.7905366,1.5554383,0.38629577,-0.23509836,-0.6085968
1.2915223,1.555439,0.386296,0.26391673,0.6831982
2.0138745,1.5554378,0.38629603,-0.45843673,-1.1867498
1.0823771,1.5552335,0.3864305,0.4728564,1.2236519
1.5632583,1.555233,0.38643065,-0.008025289,-0.020767733
1.5355699,1.5554392,0.38629606,0.019869328,0.05143549
1.5460038,1.5552335,0.38643053,0.00922966,0.023884397
1.2111316,1.5552332,0.38643077,0.34410167,0.8904614
2.083887,1.555439,0.38629594,-0.5284481,-1.3679878
1.5186836,1.5552295,0.3864302,0.036545992,0.094573334
1.2790374,1.5554386,0.38629583,0.27640128,0.7155171
1.538518,1.555438,0.3862957,0.01692009,0.043800876
1.3251559,1.5554383,0.386296,0.23028243,0.5961295
1.6690276,1.555231,0.3864302,-0.11379659,-0.2944816
2.0316882,1.5554383,0.3862959,-0.47624993,-1.232863
1.4879084,1.5552301,0.38643008,0.06732178,0.17421463
1.4101139,1.5554389,0.38629594,0.14532495,0.37620106
1.4419016,1.5552335,0.38643077,0.113331914,0.2932787
1.2750312,1.5554404,0.3862963,0.28040922,0.72589153
1.6145774,1.555234,0.3864309,-0.059343457,-0.1535681
2.1124089,1.5554388,0.38629603,-0.5569701,-1.441822
1.3734211,1.5554392,0.386296,0.18201816,0.4711883
1.8009164,1.5554385,0.3862959,-0.24547791,-0.635466
1.6504955,1.5554402,0.38629615,-0.09505534,-0.24606857
1.68697,1.555438,0.386296,-0.13153195,-0.34049526
1.0324075,1.5552326,0.38643062,0.5228251,1.3529599
1.3001219,1.5552318,0.38643032,0.2551099,0.6601705
1.8069372,1.555438,0.38629577,-0.25149918,-0.6510534
1.6037958,1.5554383,0.386296,-0.048357487,-0.12518246
1.4953817,1.5554385,0.38629594,0.060056806,0.15546839
1.4032664,1.5554382,0.38629583,0.15217173,0.39392537
1.1184996,1.5552332,0.38643062,0.4367336,1.1301734
1.4172301,1.5554394,0.38629612,0.13820922,0.35778052
1.4356693,1.555233,0.3864304,0.1195637,0.3094055
1.5051193,1.555438,0.38629577,0.050318718,0.13025956
1.7136241,1.5554392,0.38629603,-0.15818489,-0.40949136
1.1727587,1.5552304,0.3864302,0.38247168,0.98975617
1.4666357,1.5554388,0.38629594,0.08880305,0.22988348
1.4546673,1.5552337,0.3864309,0.10056639,0.26024416
2.0142765,1.555232,0.38643053,-0.45904446,-1.1879094
1.9742138,1.5552332,0.38643077,-0.4189806,-1.084232
1.3468022,1.5552325,0.38643062,0.20843029,0.5393731
1.0569388,1.5552328,0.3864305,0.498294,1.2894789
1.5935047,1.5552342,0.38643065,-0.038270473,-0.099035814
1.9026519,1.5552324,0.38643062,-0.3474195,-0.89904755
1.3346956,1.5552318,0.3864304,0.22053623,0.570701
2.013491,1.5552328,0.38643056,-0.45825815,-1.1858745
1.707001,1.5554383,0.38629588,-0.15156269,-0.3923487
1.6049953,1.5552335,0.38643065,-0.049761772,-0.12877284
1.3704543,1.5552332,0.38643053,0.18477893,0.47816855
0.9804307,1.5552335,0.38643062,0.57480276,1.4874669
1.8857155,1.5554389,0.38629594,-0.3302766,-0.8549834
1.4405979,1.555438,0.38629577,0.11484015,0.29728556
1.4524614,1.5552263,0.38642997,0.102764964,0.26593426
1.4098451,1.5554384,0.38629588,0.14559329,0.3768958
1.6346996,1.5552291,0.38643005,-0.079470515,-0.20565304
1.7145308,1.5552322,0.38643053,-0.15929866,-0.41223103
1.1651491,1.5552326,0.38643062,0.39008355,1.009453
1.2974728,1.5552337,0.38643068,0.25776088,0.66703004
1.4993473,1.5552332,0.38643053,0.05588591,0.14462085
1.5756931,1.5552332,0.38643053,-0.02045989,-0.052945845
1.9139413,1.5554383,0.38629588,-0.35850298,-0.92805284
1.5859417,1.5554383,0.38629603,-0.030503392,-0.07896377
1.2281011,1.5554386,0.3862959,0.3273375,0.84737504
1.6431994,1.5552332,0.38643068,-0.0879662,-0.22763774
1.5228328,1.5552335,0.38643053,0.032400727,0.08384619
2.0035362,1.5554389,0.38629594,-0.44809735,-1.1599846
1.5567758,1.5552311,0.38643017,-0.001544714,-0.003997395
1.6940153,1.5552331,0.38643068,-0.13878214,-0.35913852
1.8529463,1.5554388,0.3862959,-0.29750752,-0.7701545
1.7275047,1.555233,0.38643056,-0.17227173,-0.44580254
1.1588106,1.555227,0.38642973,0.39641643,1.0258435
1.9697037,1.555231,0.38643008,-0.4144727,-1.0725684
1.4644828,1.555438,0.38629583,0.09095526,0.23545493
1.0801677,1.5552337,0.38643077,0.47506607,1.2293692
1.4809933,1.5554379,0.3862957,0.07444465,0.19271415
1.2810425,1.5554386,0.38629603,0.27439618,0.7103262
1.7422386,1.5552317,0.38643038,-0.18700695,-0.48393437
1.6771264,1.5554392,0.38629603,-0.121687174,-0.31501016
1.7726172,1.5554383,0.3862959,-0.21717894,-0.5622088
1.3632886,1.5552305,0.38643008,0.19194186,0.49670526
1.293823,1.555438,0.38629588,0.26161504,0.67724
1.4617634,1.5554377,0.3862959,0.0936743,0.24249364
1.2115271,1.5552325,0.38643068,0.34370542,0.8894361
1.535891,1.555232,0.3864305,0.019340992,0.050050378
1.3160555,1.555233,0.38643065,0.23917747,0.6189402
1.9935398,1.5554382,0.38629588,-0.43810165,-1.134109
1.4723676,1.5552324,0.38643065,0.08286476,0.21443631
1.3565826,1.5554388,0.38629606,0.19885612,0.51477647
0.90503913,1.5554382,0.38629583,0.650399,1.6836812
1.13548,1.5552337,0.38643062,0.41975367,1.0862329
1.3557842,1.5554384,0.38629594,0.19965422,0.51684266
1.393874,1.5552317,0.38643038,0.16135764,0.41755942
1.2208028,1.5552344,0.38643065,0.33443165,0.8654377
1.4271022,1.5552323,0.38643053,0.12813008,0.33157337
1.1933603,1.5552342,0.38643062,0.36187387,0.9364523
1.0793716,1.5554392,0.38629603,0.47606766,1.2323908
1.4286653,1.5552335,0.38643074,0.1265682,0.3275314
1.351419,1.5554383,0.38629577,0.20401931,0.52814275
1.1396818,1.5552315,0.3864303,0.41554964,1.0753547
1.4038149,1.555234,0.38643065,0.15141904,0.39184016
1.3647757,1.5552318,0.3864305,0.19045615,0.49286005
1.427448,1.5554382,0.38629583,0.12799013,0.33132672
1.4955581,1.555438,0.38629583,0.0598799,0.15501048
1.4419936,1.5554384,0.38629594,0.113444805,0.2936733
1.4254798,1.555234,0.38643062,0.12975419,0.33577615
1.3121313,1.55523,0.38643017,0.24309874,0.6290884
1.8809798,1.5554383,0.38629594,-0.3255415,-0.84272563
1.9224306,1.5552342,0.38643068,-0.36719644,-0.9502259
1.517966,1.5552324,0.38643062,0.037266374,0.096437424
1.6088753,1.5552335,0.3864308,-0.053641796,-0.13881347
1.433767,1.5552313,0.3864302,0.12146437,0.31432423
1.6272478,1.5552319,0.38643023,-0.07201588,-0.18636192
1.3836626,1.5552315,0.38643023,0.17156887,0.4439841
1.4824747,1.5554379,0.3862959,0.07296324,0.18887913
1.2045445,1.5554383,0.38629583,0.35089374,0.908355
2.065031,1.5552326,0.38643065,-0.5097984,-1.3192494
1.2845107,1.555438,0.38629588,0.2709273,0.70134664
1.7398667,1.5552335,0.38643065,-0.18463326,-0.47779143
1.3566804,1.5554383,0.386296,0.19875789,0.51452225
1.747835,1.5554407,0.38629618,-0.19239438,-0.49804887
1.2041259,1.555438,0.3862959,0.35131216,0.90943795
1.3373477,1.555233,0.38643056,0.21788526,0.5638406
1.8677776,1.5554394,0.38629606,-0.31233823,-0.80854625
1.4070363,1.5554384,0.38629588,0.1484021,0.3841669
1.5296986,1.555232,0.3864304,0.025533438,0.066075124
1.3397499,1.5552335,0.38643074,0.21548355,0.5576253
1.7253039,1.555439,0.38629594,-0.1698649,-0.43972737
1.2186,1.5552337,0.38643068,0.33663368,0.871136
1.6977189,1.5552329,0.38643065,-0.14248598,-0.36872327
2.0332375,1.5552312,0.3864303,-0.47800624,-1.2369792
1.2796336,1.5552335,0.38643068,0.27559984,0.7131935
1.8835565,1.5554379,0.386296,-0.32811856,-0.8493967
1.3982813,1.5552307,0.38643008,0.1569494,0.40615213
1.5470464,1.55544,0.38629603,0.008393526,0.021728221
1.1394137,1.5552328,0.38643062,0.41581905,1.076051
1.3688595,1.5552309,0.38643032,0.18637133,0.4822896
1.4691308,1.5552331,0.38643068,0.08610237,0.22281452
1.6610359,1.5554382,0.38629583,-0.105597734,-0.27335978
1.7773111,1.5554383,0.3862959,-0.2218728,-0.5743597
1.2294015,1.5552313,0.3864302,0.32582986,0.8431791
1.6232728,1.5552318,0.3864305,-0.06804097,-0.17607556
1.2460879,1.5554389,0.386296,0.30935097,0.80081326
1.3850358,1.5554386,0.3862959,0.17040288,0.4411201
1.2038927,1.5552311,0.38643008,0.3513384,0.90919006
1.3210702,1.5552335,0.38643068,0.23416328,0.60596454
1.5567704,1.5554378,0.38629588,-0.0013326406,-0.0034497925
1.2141832,1.555439,0.386296,0.34125578,0.8834049
1.4381841,1.5554384,0.38629588,0.11725426,0.30353484
1.6279931,1.5552287,0.38642985,-0.0727644,-0.1882991
1.3335937,1.5554397,0.38629594,0.22184598,0.5742902
1.1507078,1.5552325,0.38643053,0.40452468,1.0468239
2.089259,1.5554391,0.38629603,-0.5338198,-1.381893
1.6562084,1.5552286,0.38642988,-0.100979805,-0.2613147
1.4986079,1.5554383,0.38629583,0.056830406,0.14711629
1.5624661,1.5554396,0.38629603,-0.007026553,-0.018189555
1.704658,1.5552325,0.38643056,-0.1494255,-0.38668138
1.3217882,1.5552335,0.38643068,0.23344529,0.6041065
1.0344272,1.555231,0.38643023,0.5208038,1.3477305
1.5380765,1.555234,0.38643068,0.017157435,0.044399776
1.5009556,1.5554383,0.38629583,0.0544827,0.14103879
1.2470256,1.5554376,0.3862959,0.30841196,0.79838264
1.7285234,1.5552342,0.38643068,-0.17328918,-0.44843537
1.7818283,1.555233,0.38643065,-0.22659528,-0.5863802
1.7846069,1.5552323,0.38643068,-0.22937465,-0.59357256
1.6190616,1.5552325,0.38643056,-0.063829064,-0.16517602
1.2476262,1.5554383,0.38629583,0.3078121,0.79683
2.076279,1.5554389,0.38629594,-0.52084005,-1.3482928
1.2564274,1.5554383,0.38629577,0.29901087,0.7740465
1.2407731,1.5552328,0.3864304,0.31445968,0.813755
1.3685564,1.5552335,0.38643068,0.1866771,0.48308042
1.8175244,1.5552319,0.38643032,-0.2622925,-0.67875755
1.4166309,1.5554382,0.3862959,0.1388073,0.35932893
1.3951933,1.5552335,0.38643065,0.16004014,0.4141497
1.1316295,1.5552325,0.38643062,0.42360306,1.0961944
1.6888286,1.5554395,0.38629603,-0.13338912,-0.34530282
2.042544,1.5554385,0.38629594,-0.48710537,-1.2609643
2.0149064,1.5554385,0.38629594,-0.4594679,-1.1894194
1.2157758,1.5554383,0.38629583,0.33966243,0.8792806
1.5528209,1.5554383,0.38629588,0.0026173592,0.0067755296
1.6755412,1.5552293,0.38642997,-0.120311856,-0.31134194
1.5801313,1.555234,0.38643068,-0.024897337,-0.064428985
1.2747802,1.5554394,0.38629603,0.2806592,0.7265392
1.540968,1.5552332,0.38643065,0.014265299,0.03691555
1.3902543,1.5554383,0.386296,0.16518402,0.42760998
1.322509,1.5554392,0.38629594,0.23293018,0.6029838
1.159752,1.5552329,0.38643068,0.39548087,1.02342
1.6685033,1.5552316,0.38643017,-0.11327171,-0.29312336
1.4671638,1.5552332,0.38643053,0.08806944,0.22790498
1.2434675,1.5552309,0.3864302,0.3117634,0.8067781
1.8975307,1.5554382,0.38629577,-0.3420925,-0.8855715
1.90033,1.5554392,0.38629606,-0.3448907,-0.89281446
1.2728432,1.5552329,0.38643068,0.28238964,0.73076403
1.75686,1.5552324,0.38643065,-0.20162761,-0.5217692
1.6313194,1.5554388,0.38629594,-0.07588065,-0.19643138
1.8781459,1.5554378,0.3862957,-0.32270813,-0.83539146
2.1129482,1.555438,0.38629594,-0.55751014,-1.4432203
1.7894521,1.5554394,0.38629612,-0.23401272,-0.60578585
1.6341786,1.5554384,0.3862959,-0.07874024,-0.203834
1.6494805,1.5554384,0.38629583,-0.09404206,-0.24344571
1.4430774,1.5554386,0.38629594,0.11236119,0.29086816
1.2942595,1.5552335,0.38643074,0.26097393,0.67534465
2.0405676,1.5552335,0.38643062,-0.48533416,-1.2559413
1.1834906,1.555439,0.386296,0.37194836,0.96285844
1.49996,1.5552324,0.38643065,0.05527246,0.14303333
1.8218497,1.5554404,0.38629618,-0.26640928,-0.6896503
1.2204821,1.5552342,0.38643062,0.33475208,0.86626697
1.2838469,1.555233,0.38643068,0.27138615,0.70228934
1.9386065,1.5554382,0.38629583,-0.38316834,-0.9919039
1.530957,1.5552342,0.38643074,0.02427721,0.06282422
1.6685312,1.5554388,0.386296,-0.11309242,-0.29276106
1.5332603,1.555439,0.386296,0.02217865,0.057413615
1.7647592,1.555234,0.38643065,-0.20952523,-0.5422065
1.5574539,1.5554397,0.38629615,-0.0020141602,-0.0052140313
1.2678066,1.5554382,0.38629588,0.2876315,0.7445886
1.3682041,1.5552335,0.38643077,0.18702936,0.4839919
1.59276,1.5552337,0.38643074,-0.03752625,-0.0971099
1.9273248,1.555232,0.38643056,-0.37209272,-0.9628967
1.3002945,1.5552316,0.38643032,0.25493705,0.6597232
1.7752571,1.5554383,0.38629577,-0.21981883,-0.5690428
1.3188665,1.5554389,0.38629594,0.23657238,0.6124123
1.7561107,1.555438,0.38629588,-0.20067263,-0.5194791
1.3649482,1.5554379,0.38629588,0.19048977,0.49311882
1.4687299,1.5552335,0.38643065,0.086503625,0.2238529
1.2100419,1.5552332,0.38643065,0.34519136,0.8932815
1.1821214,1.5554397,0.38629612,0.3733183,0.9664045
1.6142695,1.5552323,0.38643038,-0.05903721,-0.1527758
1.2813027,1.5554384,0.38629594,0.2741357,0.70965207
1.3681359,1.5554397,0.386296,0.18730378,0.48487112
1.3078101,1.5552315,0.38643032,0.24742138,0.6402742
1.6517842,1.5552275,0.38642964,-0.09655666,-0.24986868
1.6241972,1.5554392,0.386296,-0.06875801,-0.17799307
1.1899424,1.5554396,0.38629606,0.36549723,0.9461583
1.5823749,1.55544,0.38629606,-0.026934981,-0.069726266
1.6597223,1.5552331,0.38643065,-0.10448921,-0.27039576
1.0297099,1.5554392,0.386296,0.5257293,1.3609494
1.3935434,1.5552335,0.38643065,0.16169012,0.41841948
1.0863205,1.5554392,0.38629594,0.4691187,1.2144024
1.0335478,1.5554392,0.38629603,0.5218915,1.3510144
1.293896,1.5552323,0.38643053,0.26133633,0.6762828
2.0054069,1.5552323,0.38643062,-0.45017457,-1.1649557
1.7404988,1.5552337,0.38643074,-0.18526506,-0.47942632
1.7983394,1.555438,0.38629583,-0.24290133,-0.62879616
1.317038,1.5554383,0.3862957,0.23840022,0.61714435
2.1438403,1.5554385,0.3862959,-0.5884018,-1.5231893
1.4773527,1.5552326,0.38643056,0.077879906,0.20153661
1.0367324,1.5552299,0.3864302,0.51849747,1.3417623
1.1794842,1.555438,0.38629583,0.3759538,0.9732277
1.0300385,1.555438,0.38629594,0.52539957,1.360096
1.8916633,1.5554378,0.3862959,-0.3362255,-0.87038326
1.6626246,1.5552244,0.38642958,-0.10740018,-0.27792948
1.4997214,1.5554377,0.38629583,0.055716276,0.14423215
1.8138988,1.5552332,0.38643053,-0.25866556,-0.6693714
1.9008718,1.5554394,0.38629612,-0.3454324,-0.8942166
1.3306918,1.555438,0.386296,0.22474623,0.58179796
1.7089858,1.5554396,0.38629603,-0.15354621,-0.3974833
1.4364052,1.5552306,0.38643038,0.118825436,0.30749506
1.7819769,1.5554392,0.386296,-0.2265377,-0.58643556
1.1196496,1.5552311,0.38643038,0.43558145,1.1271925
1.7869744,1.5552332,0.38643065,-0.23174119,-0.5996967
1.277029,1.5554388,0.38629583,0.27840972,0.72071636
1.8756223,1.5552332,0.38643074,-0.32038903,-0.8290982
1.2508961,1.5554384,0.386296,0.3045423,0.7883651
1.6353469,1.5554382,0.3862959,-0.07990873,-0.20685884
1.6962256,1.555438,0.3862957,-0.1407876,-0.36445552
1.4904362,1.5552337,0.38643074,0.06479752,0.16768211
1.063162,1.5554384,0.3862959,0.49227643,1.2743506
1.6466503,1.555439,0.38629594,-0.09121132,-0.23611772
1.8810447,1.5552332,0.38643077,-0.3258115,-0.84313035
1.5184647,1.5554384,0.3862959,0.036973715,0.09571345
1.0441924,1.555234,0.38643065,0.5110415,1.3224664
1.2945344,1.5554386,0.3862959,0.2609042,0.67539984
1.6001555,1.55544,0.38629615,-0.044715524,-0.115754515
1.1444675,1.5554384,0.38629603,0.41097093,1.0638756
1.4169242,1.5554383,0.38629588,0.13851404,0.3585698
1.9237075,1.5554379,0.38629577,-0.36826956,-0.95333576
1.8908833,1.555234,0.38643074,-0.33564937,-0.8685887
1.3389213,1.5552322,0.38643065,0.21631086,0.5597663
1.2798524,1.5554388,0.38629603,0.27558637,0.71340716
1.0431063,1.5554385,0.3862959,0.5123322,1.3262688
2.0243316,1.555234,0.38643068,-0.4690976,-1.2139244
1.8238275,1.5554389,0.38629588,-0.26838863,-0.69477475
1.3478438,1.55544,0.38629594,0.20759618,0.5374019
1.2850966,1.5554404,0.38629618,0.27034378,0.6998355
1.3665234,1.5554379,0.38629583,0.18891454,0.48904112
1.2337669,1.5554386,0.38629583,0.32167172,0.83270824
1.5115603,1.5552326,0.38643062,0.043672323,0.11301465
1.3320854,1.5554386,0.38629588,0.22335327,0.5781922
1.1585013,1.555233,0.38643068,0.39673173,1.0266569
1.7161961,1.555232,0.38643053,-0.16096401,-0.41654062
0.92752004,1.555439,0.386296,0.62791896,1.6254865
1.0614161,1.5552322,0.38643053,0.49381602,1.2778908
1.7276559,1.5554386,0.3862959,-0.17221725,-0.4458169
0.90520823,1.555439,0.38629594,0.65023077,1.6832452
1.8237269,1.5552337,0.38643077,-0.26849318,-0.69480276
1.5271057,1.5554386,0.38629594,0.028332949,0.073345184
1.289682,1.5554383,0.3862959,0.26575625,0.68796027
1.5160575,1.5554384,0.3862959,0.039380908,0.10194492
1.8232706,1.5554386,0.38629603,-0.26783192,-0.6933333
1.9042562,1.5554384,0.38629594,-0.34881783,-0.9029808
1.7336997,1.555439,0.38629594,-0.17826068,-0.46146145
0.9245868,1.5554382,0.38629588,0.6308514,1.6330782
1.5548215,1.5552324,0.38643065,0.00041091442,0.0010633587
1.3810003,1.5554389,0.38629603,0.1744386,0.45156714
1.4852824,1.555438,0.3862957,0.07015562,0.18161118
1.8419167,1.555438,0.3862959,-0.28647864,-0.7416041
1.339642,1.5552232,0.38642928,0.21558118,0.55788004
1.4026171,1.5552332,0.38643065,0.15261614,0.394938
2.0806167,1.555439,0.38629594,-0.5251777,-1.3595217
1.1358918,1.5554383,0.38629583,0.41954648,1.0860757
1.6677077,1.555234,0.3864308,-0.112473726,-0.29105788
1.2508105,1.555438,0.38629577,0.30462754,0.78858626
1.3381609,1.5552307,0.38643008,0.21706986,0.5617313
1.2589413,1.5552335,0.38643065,0.2962922,0.7667409
1.336997,1.555233,0.38643062,0.21823597,0.5647481
1.3561771,1.5552331,0.38643065,0.19905603,0.5151145
1.9266152,1.5552285,0.38643005,-0.37138677,-0.96107113
1.0129865,1.5552304,0.38643005,0.54224384,1.4032134
1.1175337,1.5552325,0.3864304,0.43769884,1.1326718
1.4444852,1.5552325,0.38643065,0.11074734,0.28659046
1.6828368,1.5554376,0.38629568,-0.1273992,-0.32979712
1.8233529,1.5552317,0.3864305,-0.26812124,-0.6938408
1.4736489,1.5554383,0.386296,0.081789374,0.2117272
1.8587595,1.5554386,0.3862959,-0.30332088,-0.78520346
1.3879871,1.5554395,0.386296,0.16745234,0.43348193
1.2505517,1.5554392,0.386296,0.30488753,0.78925884
2.0057766,1.5552335,0.3864305,-0.45054317,-1.1659099
1.6892731,1.5552326,0.38643062,-0.13404047,-0.34686816
1.2648783,1.5554378,0.3862959,0.29055953,0.7521683
1.6412109,1.5554392,0.386296,-0.08577168,-0.22203615
1.7504995,1.5554402,0.38629603,-0.1950593,-0.5049477
1.2970668,1.5554389,0.3862959,0.25837207,0.66884494
1.3676662,1.5552331,0.3864304,0.18756688,0.48538333
1.0283105,1.5552313,0.38643032,0.5269208,1.3635596
2.1181571,1.5554383,0.38629588,-0.56271887,-1.4567043
1.2600244,1.555234,0.38643077,0.29520953,0.76393896
1.5940261,1.5552323,0.3864305,-0.038793802,-0.100390114
1.0927026,1.5552335,0.38643056,0.46253085,1.1969314
1.6980221,1.5552337,0.38643074,-0.14278841,-0.36950582
1.7584858,1.555439,0.38629606,-0.2030468,-0.5256248
1.9566894,1.555438,0.38629577,-0.40125132,-1.0387152
1.4671324,1.5554382,0.38629583,0.08830571,0.22859608
1.0145533,1.5554383,0.38629583,0.540885,1.4001833
1.5233636,1.5554385,0.38629594,0.03207493,0.08303201
1.5461391,1.5554385,0.38629583,0.0092993975,0.024073254
1.787628,1.5554409,0.38629603,-0.23218715,-0.60106015
1.5487586,1.5554407,0.386296,0.0066820383,0.017297715
1.5253628,1.5552332,0.38643074,0.02987039,0.07729817
1.8789018,1.5552313,0.38643008,-0.3236705,-0.83759135
1.4070122,1.5554383,0.38629588,0.14842606,0.38422894
1.3333781,1.5554392,0.386296,0.22206116,0.57484716
1.5961944,1.5552306,0.38643008,-0.04096377,-0.10600564
1.5500885,1.555232,0.38643053,0.005143523,0.013310344
1.1147326,1.555234,0.38643062,0.44050133,1.1399235
1.312932,1.5554383,0.3862959,0.24250627,0.6277733
1.2744145,1.555438,0.38629577,0.2810235,0.72748274
1.1837496,1.5552335,0.38643062,0.37148392,0.9613211
1.1993737,1.5554382,0.38629588,0.35606444,0.9217402
1.6034983,1.555438,0.386296,-0.048060298,-0.12441314
1.0708705,1.555438,0.38629588,0.48456752,1.2543948
1.9276161,1.555227,0.38642958,-0.37238908,-0.9636661
1.2740059,1.55544,0.38629603,0.28143406,0.728545
1.4385017,1.5554378,0.38629603,0.11693609,0.30271107
1.7549696,1.555233,0.38643056,-0.1997366,-0.51687574
1.7337158,1.555232,0.38643053,-0.17848372,-0.4618779
1.2365726,1.5554392,0.386296,0.3188666,0.8254463
1.3041364,1.5554402,0.38629618,0.2513038,0.6505469
1.8670151,1.5554382,0.38629583,-0.31157696,-0.8065761
1.878733,1.555438,0.38629588,-0.323295,-0.8369103
1.4777877,1.5552335,0.38643068,0.077445745,0.20041303
1.2001795,1.5554379,0.38629594,0.35525846,0.9196536
1.4438692,1.555233,0.38643068,0.11136377,0.28818563
1.8191376,1.5552304,0.38643017,-0.2639072,-0.6829363
1.2722061,1.5552335,0.38643065,0.2830274,0.7324145
1.3459021,1.5552292,0.38643005,0.2093271,0.5416947
1.4057635,1.5554379,0.38629583,0.14967442,0.38746062
1.1109699,1.555439,0.38629606,0.4444691,1.1505919
2.0328724,1.5554389,0.38629588,-0.47743356,-1.2359271
2.0938606,1.55544,0.38629603,-0.5384207,-1.3938032
1.3443198,1.5554389,0.38629603,0.21111906,0.5465214
1.7079479,1.5554383,0.3862959,-0.15250957,-0.39479986
1.4549928,1.5554378,0.38629583,0.10044503,0.260021
1.5074111,1.5554389,0.38629594,0.048027754,0.12432891
1.8606437,1.5554391,0.386296,-0.30520463,-0.7900797
1.459228,1.5554378,0.3862959,0.096209764,0.24905716
1.5281337,1.5552323,0.38643062,0.027098536,0.07012523
1.7974378,1.5552328,0.38643065,-0.24220502,-0.62677485
1.3037168,1.555438,0.38629588,0.25172126,0.65162814
1.4524919,1.5552331,0.38643062,0.10274124,0.26587242
2.0994554,1.5552342,0.38643062,-0.54422116,-1.4083283
1.4366082,1.5554383,0.3862959,0.118830085,0.30761415
1.1995789,1.5554385,0.386296,0.35585964,0.92120975
1.8734396,1.555439,0.38629594,-0.31800056,-0.8232045
2.0503998,1.55544,0.38629603,-0.49495983,-1.2812967
1.9880209,1.555234,0.38643077,-0.43278694,-1.1199598
1.0851705,1.5554386,0.3862959,0.47026813,1.2173779
1.0845628,1.5554407,0.38629606,0.4708779,1.218956
1.6023287,1.555439,0.38629594,-0.046889663,-0.12138274
1.5472395,1.5552318,0.3864304,0.007992268,0.020682294
1.0536556,1.5552331,0.38643065,0.5015775,1.2979754
1.3176078,1.5554385,0.386296,0.23783076,0.6156697
1.5996629,1.5552326,0.38643062,-0.044430256,-0.114976026
1.8041384,1.5554392,0.38629594,-0.24869919,-0.6438048
1.2670223,1.5552295,0.38643008,0.2882073,0.74582005
1.2123914,1.5552295,0.38642994,0.34283817,0.8871936
1.4252095,1.5552335,0.38643065,0.13002396,0.33647424
1.6388297,1.5552329,0.38643068,-0.083596826,-0.21633072
1.1713172,1.5554392,0.38629606,0.384122,0.99437207
2.0082798,1.5552324,0.38643053,-0.4530474,-1.1723902
1.9331547,1.5552268,0.38642994,-0.3779279,-0.9779985
1.328876,1.5552315,0.38643038,0.22635543,0.58575994
1.6985579,1.5552331,0.38643077,-0.14332473,-0.3708937
1.8355032,1.5554407,0.38629603,-0.28006256,-0.72499466
1.9513998,1.5554392,0.38629612,-0.39596057,-1.0250182
1.1839879,1.5554383,0.3862959,0.37145042,0.96156967
1.3026665,1.555234,0.38643068,0.2525674,0.6535905
1.4936619,1.5554385,0.386296,0.061776638,0.15992047
1.3349284,1.5552335,0.3864305,0.22030509,0.57010275
1.1348563,1.5552335,0.38643074,0.42037714,1.087846
1.1634874,1.5554389,0.3862959,0.39195144,1.0146405
1.5264038,1.5554404,0.38629627,0.029036641,0.07516676
1.5211676,1.5552316,0.3864303,0.034063935,0.08815027
1.4449263,1.5554457,0.38629737,0.11051941,0.2860993
1.3015603,1.555439,0.38629612,0.2538787,0.6572127
1.1287773,1.5554383,0.3862959,0.426661,1.1044927
1.8995174,1.5554388,0.38629612,-0.34407866,-0.8907122
1.4747883,1.5552332,0.38643053,0.08044493,0.20817436
1.501537,1.555438,0.3862957,0.053901076,0.1395332
1.3877008,1.5552332,0.38643068,0.16753244,0.43353817
1.6010561,1.5552337,0.38643077,-0.045822382,-0.1185785
1.4297978,1.5554385,0.3862959,0.12564075,0.32524484
0.982368,1.5552337,0.38643065,0.5728657,1.4824542
1.7623688,1.5554411,0.38629612,-0.20692766,-0.53567106
1.4089973,1.5552325,0.38643062,0.14623523,0.37842557
1.5004032,1.5552342,0.38643062,0.054831028,0.141891
1.4091514,1.555438,0.38629583,0.1462866,0.37869063
1.739438,1.5552322,0.38643053,-0.18420589,-0.47668564
1.8673141,1.5554384,0.386296,-0.3118757,-0.807349
1.3419248,1.5552323,0.38643065,0.2133075,0.55199426
1.8036681,1.5552331,0.38643062,-0.24843502,-0.64289683
1.1747503,1.5554382,0.3862959,0.38068783,0.9854824
1.0579505,1.5552311,0.3864302,0.4972806,1.2868575
1.7566309,1.5554386,0.386296,-0.20119226,-0.5208241
1.110624,1.5552329,0.38643065,0.44460893,1.150553
1.4723157,1.555234,0.38643068,0.08291829,0.2145748
1.9761014,1.5552319,0.3864305,-0.42086947,-1.0891207
1.3583559,1.5552295,0.38642997,0.19687366,0.5094679
1.30329,1.5552319,0.38643038,0.25194192,0.65197235
1.7104372,1.555439,0.386296,-0.15499818,-0.40124202
1.299828,1.5554388,0.38629594,0.2556107,0.66169655
1.2770367,1.55544,0.38629603,0.27840328,0.7206993
1.6876298,1.5554402,0.38629603,-0.13218963,-0.34219775
1.5472534,1.555234,0.38643074,0.007980585,0.020652045
1.9806967,1.5552332,0.3864305,-0.42546344,-1.1010089
1.4838244,1.5554404,0.38629627,0.07161605,0.18539152
1.3774886,1.5554382,0.38629588,0.17794955,0.46065608
1.5593982,1.555438,0.386296,-0.0039601326,-0.010251549
2.1204534,1.5554404,0.38629612,-0.56501293,-1.462642
1.5050344,1.5554383,0.3862959,0.050403833,0.13047986
1.2869221,1.5552329,0.38643056,0.2683108,0.69433117
1.7912416,1.5554404,0.38629615,-0.23580122,-0.61041564
1.2910918,1.5552337,0.38643068,0.26414192,0.68354285
1.5191474,1.5554385,0.386296,0.036291122,0.09394641
1.8920449,1.5554397,0.3862963,-0.3366052,-0.8713653
1.9371392,1.5554379,0.38629606,-0.38170123,-0.9881054
1.6881552,1.55544,0.38629618,-0.13271523,-0.34355822
1.378347,1.5552309,0.3864303,0.17688382,0.45773795
1.7121067,1.5554376,0.3862957,-0.15666914,-0.4055679
1.4205889,1.555438,0.38629583,0.13484919,0.3490827
2.0323865,1.5554382,0.3862959,-0.47694838,-1.234671
1.6216222,1.5554385,0.38629603,-0.066183686,-0.17132893
1.3911483,1.5554382,0.38629594,0.16428983,0.42529526
1.2194046,1.555234,0.38643077,0.33582938,0.86905444
1.3789619,1.5552316,0.3864303,0.17626965,0.45614862
1.2673974,1.5552286,0.38642994,0.2878312,0.744847
1.1749284,1.5552322,0.38643053,0.38030374,0.98414516
1.6945149,1.5554391,0.38629603,-0.13907576,-0.36002377
1.8092811,1.555227,0.38642958,-0.25405407,-0.65743953
1.2001408,1.5552324,0.38643062,0.35509157,0.9189012
1.5475833,1.5552318,0.38643038,0.007648468,0.019792616
1.4047318,1.5554383,0.38629583,0.15070653,0.39013243
1.6705126,1.5552329,0.38643065,-0.115279675,-0.2983192
1.2519876,1.555232,0.38643038,0.30324447,0.78473246
1.4698843,1.5552337,0.38643068,0.08534944,0.22086611
1.9783767,1.5554385,0.386296,-0.42293823,-1.0948553
1.7497901,1.5552337,0.38643077,-0.19455636,-0.5034701
1.1618131,1.5552275,0.38642988,0.39341438,1.0180744
1.3164982,1.5552335,0.38643053,0.23873532,0.6177962
1.3704427,1.5552244,0.3864294,0.18478167,0.47817704
1.7330623,1.555439,0.386296,-0.17762327,-0.4598113
1.3474021,1.5554388,0.386296,0.20803666,0.5385421
1.2290106,1.555439,0.38629603,0.3264284,0.84502137
1.6029568,1.5554382,0.38629588,-0.04751861,-0.12301092
1.3818396,1.5554382,0.38629577,0.17359853,0.44939277
1.1451492,1.5552268,0.38642982,0.41007757,1.0611955
1.425446,1.5554397,0.38629603,0.12999368,0.3365131
1.3518635,1.555439,0.386296,0.20357549,0.5269935
1.5309182,1.5552316,0.3864304,0.02431333,0.06291775
1.3129822,1.5552342,0.38643062,0.24225199,0.62689644
1.057501,1.5554389,0.3862959,0.49793792,1.2890065
1.3929858,1.5552278,0.38643005,0.16224194,0.41984814
2.0647027,1.5552335,0.38643068,-0.5094693,-1.3183975
1.239884,1.555234,0.38643065,0.31534994,0.8160583
1.7097074,1.5554385,0.38629588,-0.15426886,-0.39935413
1.3022257,1.5554383,0.38629577,0.25321257,0.65548885
1.6744502,1.555438,0.38629577,-0.11901212,-0.30808547
1.6435767,1.5554382,0.38629588,-0.08813858,-0.22816339
1.6023846,1.5554385,0.38629594,-0.04694605,-0.121528715
1.7559363,1.5554409,0.386296,-0.20049536,-0.51902
0.9680684,1.5552331,0.38643056,0.5871647,1.5194572
1.4804215,1.5554388,0.38629588,0.075017214,0.19419625
1.5360267,1.5552329,0.38643068,0.019206166,0.049701452
1.563508,1.5554395,0.38629603,-0.008068562,-0.020886991
2.0041735,1.5552335,0.3864308,-0.44894004,-1.1617604
1.8929834,1.5552316,0.3864304,-0.33775187,-0.87403023
1.6702946,1.5552313,0.38643032,-0.11506331,-0.29775953
1.6546671,1.555438,0.38629588,-0.0992291,-0.2568733
1.5202649,1.5552332,0.38643053,0.034968376,0.09049072
1.7650673,1.555234,0.38643065,-0.20983338,-0.543004
1.9236331,1.555232,0.38643065,-0.36840105,-0.9533433
2.0042722,1.5552337,0.38643068,-0.4490385,-1.1620157
1.3812711,1.555438,0.38629577,0.17416692,0.45086417
1.3005229,1.55544,0.38629603,0.25491703,0.6599007
1.6302018,1.5554383,0.38629583,-0.07476354,-0.19353959
1.2457013,1.555234,0.38643068,0.30953264,0.8010043
1.1727433,1.5554374,0.38629588,0.38269413,0.99067616
1.582993,1.5554385,0.3862959,-0.027554512,-0.07133006
1.4583952,1.555233,0.38643074,0.09683776,0.2505954
1.770688,1.5552325,0.38643065,-0.21545553,-0.55755293
1.4095203,1.5554386,0.38629594,0.14591837,0.37773725
1.1688405,1.5554388,0.38629594,0.38659823,1.0007825
1.1392771,1.5552304,0.38642994,0.41595328,1.0764003
1.0049294,1.5552294,0.38642994,0.5503,1.4240615
1.5400031,1.5554391,0.38629594,0.015436053,0.03995914
1.4266696,1.555438,0.38629577,0.12876844,0.3333416
1.2854415,1.5554397,0.38629603,0.2699982,0.6989412
1.2416455,1.5552325,0.3864305,0.31358707,0.8114967
1.1671835,1.5554383,0.38629577,0.38825476,1.0050713
1.55966,1.5552335,0.38643077,-0.0044264793,-0.01145478
1.8141874,1.555232,0.38643053,-0.25895536,-0.6701214
1.8589768,1.5554384,0.38629588,-0.30353844,-0.7857667
1.3997722,1.5552335,0.38643056,0.15546131,0.40230078
1.9888066,1.5552337,0.38643065,-0.4335729,-1.121994
1.4639807,1.555234,0.38643074,0.09125328,0.23614395
1.1783131,1.5554391,0.386296,0.37712598,0.9762617
1.3132373,1.5554382,0.38629588,0.24220085,0.62698275
1.3080107,1.5554386,0.3862959,0.24742794,0.640514
1.392311,1.5552337,0.38643062,0.16292274,0.42160928
1.5272434,1.5552299,0.38643017,0.027986526,0.07242324
1.4468375,1.5554382,0.3862957,0.10860062,0.28113338
1.7482941,1.5554402,0.38629615,-0.19285393,-0.49923855
1.5365802,1.5554385,0.38629594,0.018858314,0.048818305
1.5410016,1.555438,0.38629588,0.014436483,0.03737157
1.4274496,1.5554388,0.38629594,0.12798917,0.33132413
1.3170229,1.5554383,0.38629583,0.23841536,0.6171834
1.0736921,1.5554385,0.3862959,0.48174644,1.2470918
1.7386944,1.5552335,0.38643065,-0.18346095,-0.47475776
1.625533,1.5554385,0.3862959,-0.070094466,-0.18145278
1.3262604,1.5554383,0.38629603,0.22917783,0.59326994
1.7828386,1.5554383,0.38629588,-0.2274003,-0.5886687
1.9042419,1.5554378,0.38629583,-0.34880412,-0.9029456
1.8734465,1.5552335,0.38643068,-0.318213,-0.8234672
1.4413537,1.5552216,0.3864289,0.11386788,0.2946671
1.7107686,1.5554394,0.38629603,-0.15532923,-0.40209895
1.0535644,1.5552273,0.38642985,0.50166285,1.298199
1.5765268,1.555234,0.38643074,-0.021292806,-0.05510122
1.1052251,1.5552337,0.38643056,0.45000863,1.1645265
1.6247818,1.555439,0.38629594,-0.06934285,-0.17950706
1.4529868,1.5554386,0.38629612,0.1024518,0.26521572
1.749115,1.555439,0.386296,-0.193676,-0.5013668
1.6609423,1.55544,0.38629612,-0.10550237,-0.27311268
1.3786192,1.5552311,0.38643017,0.1766119,0.45703444
1.9403588,1.5552335,0.38643068,-0.38512528,-0.9966219
1.8506682,1.5554383,0.38629588,-0.2952299,-0.7642585
1.6371346,1.5554395,0.38629612,-0.08169508,-0.21148305
1.6850917,1.5554388,0.38629594,-0.12965298,-0.33563122
1.1201581,1.555439,0.38629594,0.43528092,1.1268069
1.9506978,1.55544,0.38629603,-0.39525783,-1.0231993
1.3700168,1.5554383,0.3862959,0.18542147,0.47999853
1.5520442,1.5554383,0.38629588,0.003394127,0.008786339
1.1789443,1.5552335,0.38643065,0.37628913,0.9737559
0.9934337,1.5554392,0.38629606,0.5620055,1.454857
1.3585186,1.5552335,0.38643074,0.19671488,0.509056
1.4428797,1.5554383,0.38629588,0.1125586,0.29137924
1.3304827,1.5554384,0.3862959,0.22495568,0.5823403
1.7296076,1.5554388,0.386296,-0.17416883,-0.45086882
1.464258,1.5554379,0.386296,0.09117997,0.23603652
1.9097189,1.5554378,0.38629588,-0.35428107,-0.9171236
1.6165855,1.5552332,0.38643068,-0.061352253,-0.15876652
1.4739794,1.555438,0.38629583,0.08145869,0.21087126
1.8851752,1.5554391,0.38629594,-0.3297361,-0.8535842
1.8992244,1.5554388,0.386296,-0.34378564,-0.8899539
1.6472647,1.5554394,0.38629612,-0.091825366,-0.23770718
1.3302329,1.5552337,0.38643074,0.22500086,0.58225405
1.8385874,1.5554391,0.386296,-0.2831483,-0.7329827
1.526575,1.5554385,0.3862959,0.02886355,0.07471875
2.0144806,1.5552335,0.38643062,-0.4592471,-1.1884335
2.049715,1.5552332,0.38643062,-0.4944818,-1.2796134
1.6521499,1.555234,0.3864308,-0.09691596,-0.25079772
1.7496815,1.5552309,0.3864303,-0.19445062,-0.50319713
1.8100145,1.5552335,0.38643074,-0.254781,-0.6593187
1.394266,1.555439,0.38629588,0.16117299,0.41722676
1.2764379,1.5554383,0.3862959,0.2790004,0.7222453
1.0971802,1.5554384,0.3862959,0.45825815,1.1862879
1.8091345,1.5554395,0.38629606,-0.253695,-0.65673727
1.6781791,1.5554404,0.3862963,-0.12273872,-0.31773207
1.2593981,1.555439,0.38629594,0.2960409,0.7663578
1.1503623,1.5554391,0.386296,0.40507686,1.0486178
1.7705395,1.5554382,0.3862959,-0.21510136,-0.5568305
1.8044689,1.55544,0.38629612,-0.24902892,-0.6446581
1.1499189,1.5552316,0.38643032,0.40531266,1.0488635
1.3672768,1.555438,0.38629594,0.18816125,0.48709095
1.2410299,1.55544,0.38629606,0.3144101,0.81390965
1.6779683,1.555233,0.38643065,-0.12273526,-0.31761265
1.5548565,1.555438,0.38629588,0.0005815029,0.0015053303
1.1920744,1.5554388,0.3862959,0.36336434,0.9406373
1.6551152,1.5554382,0.38629583,-0.099677086,-0.25803304
1.4306788,1.5554392,0.38629606,0.12476039,0.32296574
1.4994992,1.5552335,0.38643074,0.055734277,0.14422837
1.0080353,1.555227,0.3864295,0.54719174,1.4160197
1.6305372,1.5552313,0.3864303,-0.07530582,-0.19487555
1.4044598,1.555228,0.3864297,0.15076816,0.39015678
1.6278363,1.5552335,0.38643074,-0.07260287,-0.18788068
1.4962006,1.5554383,0.386296,0.05923772,0.153348
1.1053399,1.5554389,0.386296,0.450099,1.165166
1.287665,1.5552332,0.38643074,0.26756823,0.6924093
1.2828902,1.5552332,0.38643077,0.27234304,0.7047654
1.7124016,1.5554395,0.38629594,-0.15696216,-0.40632617
1.360721,1.5554383,0.3862957,0.19471729,0.5040628
1.8762265,1.555233,0.38643056,-0.32099354,-0.8306629
1.4867909,1.5554397,0.38629612,0.068648815,0.17771034
1.6927427,1.5552335,0.38643068,-0.13750923,-0.3558445
1.3229307,1.5554383,0.38629583,0.23250759,0.60188997
1.577872,1.5554388,0.386296,-0.022433281,-0.058072776
1.8080859,1.5552278,0.38642994,-0.25285816,-0.65434414
1.3123196,1.5552335,0.38643062,0.24291384,0.6286092
1.08859,1.555234,0.3864309,0.46664393,1.2075741
1.6471777,1.555439,0.38629594,-0.0917387,-0.23748295
1.6354444,1.555438,0.3862957,-0.08000636,-0.2071117
1.6856128,1.55544,0.38629606,-0.13017285,-0.3369769
1.8071234,1.5554409,0.3862963,-0.25168252,-0.6515271
1.1968733,1.5552332,0.3864305,0.35835993,0.92735934
1.21039,1.5554383,0.38629594,0.3450483,0.8932227
1.2091253,1.5552315,0.3864304,0.34610617,0.89564943
0.9514801,1.5554386,0.38629594,0.60395855,1.5634607
1.4949731,1.555438,0.3862959,0.06046498,0.15652503
1.6653205,1.555233,0.38643062,-0.110087514,-0.284883
1.2781327,1.5554383,0.3862959,0.2773056,0.71785796
1.3282678,1.5552335,0.38643068,0.22696567,0.5873386
1.8021766,1.5554392,0.38629594,-0.24673736,-0.63872623
0.91718245,1.5554383,0.3862959,0.63825583,1.6522459
1.4997988,1.555439,0.386296,0.05564022,0.14403519
1.5617601,1.5552335,0.38643068,-0.0065265894,-0.016889418
1.2385263,1.555233,0.38643074,0.31670666,0.819569
1.324913,1.555438,0.386296,0.23052502,0.5967575
1.4161017,1.5552331,0.38643074,0.13913143,0.36004233
1.065315,1.5552337,0.3864308,0.4899187,1.2678045
1.0920657,1.5552335,0.38643065,0.4631678,1.1985793
1.2182778,1.555439,0.38629603,0.33716118,0.8728052
1.5173762,1.5552263,0.38642937,0.03785014,0.09794841
1.5859308,1.5552335,0.3864305,-0.030697346,-0.0794382
1.5698869,1.5554379,0.38629594,-0.014449,-0.037403967
1.0476542,1.5552293,0.38643008,0.50757515,1.313498
1.6332668,1.5552328,0.38643065,-0.07803404,-0.20193544
1.3878721,1.555439,0.38629594,0.1675669,0.43377855
1.4342433,1.5552326,0.38643065,0.12098932,0.31309453
1.6512105,1.5552323,0.3864304,-0.09597826,-0.24837139
1.5096744,1.5554382,0.38629577,0.04576373,0.11846811
1.1225044,1.5554382,0.3862959,0.4329338,1.120731
1.8479089,1.5554383,0.38629594,-0.29247057,-0.7571153
1.3542434,1.5554407,0.38629603,0.20119727,0.520837
1.1686559,1.5554382,0.38629588,0.3867823,1.0012591
1.3435417,1.5554396,0.38629615,0.21189785,0.5485373
1.850662,1.5554389,0.38629583,-0.29522312,-0.76424104
2.019188,1.555234,0.38643074,-0.46395397,-1.2006135
1.6343032,1.5552342,0.38643068,-0.07906902,-0.20461372
2.0135243,1.5554389,0.38629594,-0.45808542,-1.1858406
1.9054735,1.5554404,0.38629603,-0.35003304,-0.90612644
1.2978783,1.5554395,0.38629603,0.2575612,0.66674566
1.6517501,1.5552323,0.38643062,-0.0965178,-0.24976748
1.549877,1.5552329,0.38643068,0.005355835,0.013859756
1.308168,1.5554395,0.38629606,0.24727142,0.6401086
1.2120367,1.55544,0.38629603,0.34340322,0.8889639
1.6675409,1.5552332,0.38643056,-0.11230767,-0.2906283
1.5323507,1.5554389,0.38629594,0.023088217,0.059768207
1.6791929,1.5554383,0.38629583,-0.12375462,-0.3203623
2.0045342,1.5554395,0.38629603,-0.44909477,-1.1625663
1.6321738,1.5554385,0.386296,-0.07673526,-0.19864367
1.6993349,1.5552337,0.38643062,-0.14410114,-0.37290302
1.7214955,1.5554397,0.38629612,-0.1660558,-0.42986658
1.3255627,1.5552337,0.38643062,0.229671,0.59433955
1.5107505,1.5552316,0.3864302,0.04448104,0.115107566
1.1351454,1.5554383,0.38629588,0.42029285,1.0880076
1.2680093,1.5554383,0.38629588,0.28742898,0.7440643
1.62935,1.5552335,0.38643053,-0.07411647,-0.19179766
1.6991742,1.555439,0.38629594,-0.14373517,-0.37208563
2.052721,1.5554402,0.38629615,-0.49728084,-1.2873046
1.8304939,1.5554394,0.38629603,-0.27505457,-0.71203053
1.299119,1.5552342,0.38643062,0.2561152,0.66277146
1.3865125,1.555234,0.38643068,0.16872144,0.43661502
0.89786327,1.55544,0.38629612,0.6575767,1.7022606
1.2719597,1.5552335,0.38643056,0.28327382,0.7330523
1.1491845,1.5554388,0.38629594,0.4062543,1.0516659
1.624723,1.555438,0.38629577,-0.069284916,-0.17935717
1.6068368,1.5552328,0.38643053,-0.051604033,-0.13354026
1.08668,1.555439,0.38629594,0.46875894,1.213471
1.3903242,1.5552332,0.38643062,0.164909,0.42674932
1.6460482,1.5552329,0.38643068,-0.090815306,-0.2350106
0.9943101,1.5552312,0.38643023,0.56092113,1.4515457
1.5033278,1.555439,0.38629588,0.05211115,0.13489957
1.3057913,1.5552335,0.38643065,0.24944222,0.6455032
1.4352971,1.5554392,0.386296,0.1201421,0.31101048
0.9461953,1.5552263,0.38642964,0.609031,1.5760463
1.4190482,1.555438,0.38629606,0.13638985,0.35307077
1.6831616,1.5554388,0.3862959,-0.12772286,-0.33063477
0.994459,1.55544,0.38629612,0.560981,1.4522045
1.1673845,1.55523,0.38642994,0.38784552,1.0036632
1.088653,1.5552322,0.38643053,0.4665792,1.2074077
1.5227321,1.5554384,0.386296,0.03270626,0.08466632
1.486432,1.5554385,0.38629588,0.06900656,0.17863655
1.4442235,1.5554384,0.3862959,0.111214876,0.28790072
1.6913288,1.5554389,0.38629594,-0.13588989,-0.35177663
1.3981676,1.5554388,0.3862959,0.15727115,0.4071261
1.3999166,1.55544,0.386296,0.1555233,0.40260136
1.0485804,1.5554382,0.38629577,0.50685775,1.3120977
1.9971141,1.5554392,0.386296,-0.44167483,-1.1433585
1.3091005,1.5554388,0.38629594,0.24633825,0.63769305
1.4616152,1.5552232,0.38642952,0.09360802,0.24223828
1.0723951,1.5554383,0.3862959,0.4830432,1.2504486
1.0827016,1.5552342,0.38643068,0.47253263,1.2228135
1.2399019,1.5552335,0.3864308,0.31533158,0.8160105
1.6885164,1.555234,0.3864308,-0.13328242,-0.3449063
1.428957,1.5554385,0.38629577,0.12648153,0.3274215
1.3420985,1.555234,0.38643074,0.21313548,0.55154896
1.417764,1.5554383,0.38629588,0.13767433,0.35639605
1.4734493,1.5554383,0.38629577,0.08198893,0.21224393
2.0774796,1.5552337,0.38643062,-0.5222459,-1.3514609
2.032917,1.5552337,0.38643068,-0.4776833,-1.2361423
1.3743359,1.5552326,0.38643053,0.18089676,0.46812233
1.7940602,1.5552332,0.38643053,-0.23882699,-0.6180334
1.0777353,1.5554377,0.38629588,0.47770238,1.236623
1.6794419,1.5552331,0.38643056,-0.12420881,-0.32142594
1.876423,1.5554382,0.38629594,-0.32098484,-0.8309299
1.7098866,1.555439,0.38629603,-0.15444756,-0.39981657
1.0009844,1.5554384,0.38629588,0.55445397,1.435309
1.9143673,1.5552329,0.38643053,-0.35913444,-0.9293635
1.4499828,1.555233,0.38643068,0.10525024,0.27236512
1.8413,1.5554389,0.3862959,-0.28586113,-0.7400056
1.6095734,1.5552304,0.38643017,-0.054342985,-0.14062822
1.0040611,1.555438,0.386296,0.55137694,1.4273431
1.2813423,1.5554407,0.3862963,0.2740984,0.7095548
1.3723091,1.5552335,0.38643062,0.18292439,0.4733693
1.2759261,1.5554388,0.38629594,0.27951264,0.72357124
1.8465232,1.5552332,0.38643068,-0.29128993,-0.75379604
1.2965068,1.555234,0.38643068,0.2587272,0.6695307
1.3724662,1.5552323,0.38643056,0.18276608,0.4729597
1.4222673,1.555439,0.38629594,0.13317168,0.34474003
2.0919607,1.5554383,0.38629577,-0.5365224,-1.3888901
0.9585562,1.555439,0.38629594,0.5968828,1.5451438
1.6154051,1.5554383,0.38629594,-0.059966803,-0.1552354
1.562737,1.5552322,0.38643053,-0.007504821,-0.019420879
1.9521526,1.5554395,0.38629603,-0.39671314,-1.0269667
1.5446067,1.5552329,0.38643053,0.010626197,0.027498337
1.5676466,1.5552337,0.38643068,-0.012412906,-0.032121945
1.8001022,1.555439,0.386296,-0.24466324,-0.63335687
1.4615067,1.555233,0.38643065,0.09372628,0.2425436
1.4162576,1.5552326,0.38643053,0.13897502,0.3596378
1.3338076,1.5554392,0.386296,0.22163165,0.5737353
1.4634889,1.555439,0.3862959,0.09195006,0.2380301
1.2625808,1.5554378,0.3862959,0.29285705,0.7581158
1.3626165,1.5552335,0.38643053,0.19261694,0.49845165
2.0736775,1.5552335,0.38643077,-0.51844406,-1.3416221
1.4944932,1.5554389,0.38629603,0.06094563,0.15776923
1.6033342,1.555231,0.38643032,-0.048103213,-0.12448095
1.3883687,1.555438,0.3862957,0.16706932,0.43249074
0.98030627,1.5552316,0.38643032,0.5749253,1.4877852
0.9285861,1.5552342,0.38643065,0.62664807,1.6216314
1.2546275,1.555234,0.38643077,0.3006065,0.77790517
1.2228539,1.5552335,0.38643056,0.33237958,0.86012757
1.747846,1.5554383,0.38629588,-0.19240773,-0.4980838
1.3718866,1.5554388,0.3862959,0.18355215,0.47515944
1.6510026,1.5552342,0.38643068,-0.09576845,-0.24782827
1.1595705,1.5554388,0.38629594,0.3958683,1.0247798
1.6563737,1.5552335,0.38643062,-0.10114026,-0.26172942
1.604689,1.555439,0.386296,-0.049250007,-0.12749292
1.6206659,1.5552332,0.38643068,-0.06543267,-0.16932575
1.1159838,1.5554378,0.3862959,0.43945396,1.1376096
1.5491238,1.55544,0.38629606,0.006316185,0.016350633
1.897592,1.5552335,0.38643074,-0.34235847,-0.8859504
1.590126,1.5552325,0.38643068,-0.034893513,-0.090296954
1.3006154,1.5554388,0.3862959,0.25482333,0.6596584
1.5696137,1.5552335,0.38643065,-0.014380217,-0.03721293
1.3479265,1.5554394,0.38629606,0.20751286,0.537186
1.3670033,1.5554383,0.38629588,0.18843496,0.48779956
1.293656,1.5552328,0.38643053,0.26157677,0.67690504
1.4774654,1.555234,0.38643068,0.077768564,0.20124842
1.8751581,1.5554427,0.38629645,-0.31971538,-0.82764256
1.926073,1.5554392,0.386296,-0.37063372,-0.95945525
1.3353405,1.5554385,0.3862959,0.22009802,0.5697653
1.4284892,1.5554389,0.386296,0.12694967,0.32863313
1.8864479,1.555438,0.386296,-0.33100986,-0.85688144
1.4182788,1.55544,0.38629612,0.13716114,0.35506734
1.3690815,1.5554377,0.38629594,0.18635619,0.48241818
1.5406992,1.5554383,0.38629577,0.014739037,0.038154796
1.3377111,1.555231,0.38643023,0.21751988,0.5628956
1.718598,1.5552322,0.38643053,-0.16336584,-0.42275605
1.6161966,1.5554385,0.3862959,-0.060758114,-0.15728386
2.0087686,1.5554389,0.38629594,-0.45332968,-1.1735295
1.2607596,1.5554382,0.3862959,0.29467857,0.76283115
1.7638435,1.555233,0.38643065,-0.20861053,-0.5398395
1.4003876,1.5554392,0.38629606,0.15505159,0.40138018
1.5501173,1.5552301,0.38643008,0.0051128864,0.013231077
1.6433959,1.5554383,0.38629594,-0.08795762,-0.22769491
1.9026197,1.5552319,0.38643017,-0.3473878,-0.89896655
1.5331442,1.5554388,0.38629594,0.022294521,0.05771358
1.2545158,1.5554395,0.386296,0.3009237,0.7789977
1.3730359,1.5554385,0.3862959,0.18240261,0.47218364
1.5218364,1.5552342,0.38643056,0.033397794,0.08642638
1.8517829,1.5554373,0.38629606,-0.2963456,-0.7671463
1.9035976,1.555438,0.3862959,-0.34815955,-0.9012768
1.0987327,1.5552335,0.38643065,0.45650077,1.1813265
1.4500923,1.5554382,0.38629588,0.105345845,0.27270764
1.7115462,1.555439,0.38629594,-0.15610719,-0.40411294
1.5284772,1.5554389,0.38629594,0.026961684,0.06979541
1.5308388,1.5552337,0.38643062,0.02439487,0.06312872
1.5089194,1.5554382,0.38629583,0.046518803,0.12042274
1.0131611,1.5552301,0.38643008,0.5420691,1.4027611
1.3633139,1.55544,0.38629606,0.19212604,0.49735436
1.2530457,1.555439,0.386296,0.30239332,0.7828021
1.9249476,1.5554383,0.386296,-0.36950934,-0.9565446
1.3487917,1.5552332,0.38643068,0.20644152,0.53422654
1.2101078,1.5554392,0.386296,0.34533143,0.89395547
1.0579439,1.55544,0.38629612,0.497496,1.2878618
1.3484145,1.5554382,0.38629583,0.20702362,0.5359199
1.4257793,1.5554386,0.38629594,0.1296593,0.33564758
1.700017,1.5554385,0.3862959,-0.14457846,-0.37426868
1.5222249,1.5554382,0.38629577,0.033213258,0.08597883
1.756418,1.555438,0.38629588,-0.20097995,-0.52027464
1.334526,1.5552332,0.38643065,0.2207073,0.5711433
1.7399673,1.555232,0.3864304,-0.1847353,-0.4780558
1.4105037,1.5554389,0.38629594,0.14493513,0.37519196
1.4796712,1.555233,0.38643062,0.07556176,0.19553772
0.8753762,1.5554383,0.3862959,0.68006206,1.7604692
1.3757786,1.5552337,0.38643074,0.17945516,0.46439153
1.4782277,1.5554389,0.38629603,0.07721114,0.19987558
1.3241973,1.5552316,0.3864302,0.23103428,0.5978681
0.88264084,1.5554388,0.3862959,0.6727979,1.7416646
1.6183249,1.5552306,0.38643032,-0.06309426,-0.1632746
2.0783157,1.555438,0.38629577,-0.5228777,-1.3535683
1.8486084,1.555233,0.38643077,-0.29337537,-0.7591926
1.1915095,1.5552325,0.3864304,0.36372304,0.9412381
0.9839349,1.5552331,0.38643068,0.57129824,1.4783977
1.087986,1.5554385,0.3862959,0.46745253,1.2100892
1.5539887,1.5554397,0.38629612,0.0014510155,0.0037562258
1.4270236,1.5552328,0.38643068,0.12820911,0.33177778
0.93917143,1.555234,0.38643068,0.6160625,1.5942382
1.5106726,1.5554383,0.3862959,0.04476571,0.115884505
1.999198,1.5554395,0.3862959,-0.4437585,-1.1487527
1.3636806,1.5554388,0.38629594,0.19175816,0.4964022
1.4500762,1.555234,0.38643065,0.10515773,0.27212575
2.0165384,1.5554378,0.3862959,-0.46110058,-1.193646
1.3567259,1.5552332,0.38643062,0.19850731,0.5136946
1.9061131,1.5554383,0.38629583,-0.35067487,-0.9077884
1.5342449,1.555234,0.3864308,0.02098906,0.054315183
1.2309991,1.5554382,0.3862957,0.32443905,0.83987224
1.9252919,1.5554388,0.386296,-0.36985314,-0.95743454
1.549346,1.5554383,0.38629588,0.00609231,0.015771097
1.7756963,1.555439,0.38629603,-0.22025728,-0.57017744
1.1992451,1.5552335,0.38643053,0.35598838,0.9212222
1.3586578,1.555438,0.38629588,0.1967802,0.5094028
1.8248837,1.5552335,0.38643068,-0.26965022,-0.6977971
1.3346028,1.5552322,0.38643062,0.22062933,0.5709416
1.567034,1.5554389,0.38629588,-0.01159513,-0.030016188
1.1774468,1.5552322,0.38643056,0.37778533,0.977628
1.8662844,1.555233,0.38643032,-0.31105137,-0.8049352
1.4707992,1.5552326,0.38643068,0.08443344,0.21849568
1.5788785,1.5554388,0.3862959,-0.023439765,-0.060678262
0.9867779,1.5554385,0.3862959,0.5686606,1.4720855
1.7183694,1.5554394,0.38629606,-0.16293001,-0.42177498
1.7892036,1.5554388,0.38629588,-0.23376489,-0.6051446
1.4139985,1.5552303,0.38643008,0.14123178,0.36547822
1.3069636,1.5554386,0.386296,0.24847507,0.64322454
1.7003696,1.555438,0.3862959,-0.14493155,-0.37518272
1.5946245,1.5552328,0.38643077,-0.039391756,-0.10193742
1.4449137,1.555232,0.38643053,0.1103183,0.2854803
1.6543797,1.5552299,0.38643008,-0.09914982,-0.25657895
1.5041109,1.5554383,0.38629577,0.051327348,0.1328706
1.3295151,1.5552306,0.38643005,0.22571552,0.5841045
1.0723885,1.5552301,0.3864302,0.4828416,1.2494924
1.4974902,1.5552328,0.38643056,0.057742596,0.14942554
1.8596866,1.5552337,0.38643077,-0.3044529,-0.78785884
1.5417632,1.555233,0.38643056,0.013469815,0.034857012
1.8446625,1.5552295,0.38643005,-0.289433,-0.74899197
1.6600105,1.5554389,0.3862959,-0.10457158,-0.27070332
1.6519318,1.5554388,0.38629594,-0.096493006,-0.24979037
1.510076,1.555439,0.386296,0.04536295,0.117430545
1.2073851,1.5554383,0.38629588,0.34805322,0.90100163
1.37822,1.555233,0.38643068,0.17701304,0.45807192
1.8533285,1.5552325,0.38643065,-0.29809594,-0.7714086
1.4530541,1.5554391,0.38629594,0.102385044,0.26504302
1.2009915,1.5552313,0.3864303,0.35423982,0.91669786
1.2918324,1.55544,0.38629603,0.2636075,0.68239766
1.4646281,1.5552335,0.38643065,0.09060538,0.23446737
1.642001,1.555438,0.3862959,-0.08656299,-0.22408466
1.4493219,1.5554382,0.38629583,0.106116295,0.27470216
1.5658062,1.55544,0.38629612,-0.010366201,-0.026834857
2.0028036,1.5554395,0.38629603,-0.4473641,-1.1580862
1.5507385,1.5554389,0.38629594,0.0047004223,0.012167931
1.4965539,1.555234,0.38643074,0.058680058,0.15185142
1.3670658,1.5552337,0.38643074,0.18816793,0.4869383
1.7368662,1.5554385,0.386296,-0.18142772,-0.46965984
1.5206696,1.5554384,0.386296,0.03476882,0.09000564
1.0581329,1.5552332,0.38643056,0.49710035,1.2863898
1.9121778,1.5552331,0.38643068,-0.35694468,-0.9236965
1.6563047,1.5552335,0.38643074,-0.10107124,-0.26155072
1.9695569,1.555439,0.386296,-0.41411793,-1.0720223
0.93021256,1.5552337,0.38643065,0.62502116,1.6174213
1.4182498,1.555438,0.38629583,0.1371882,0.35513768
1.425944,1.5552335,0.38643068,0.12928951,0.3345736
1.4852113,1.5554391,0.38629594,0.07022786,0.18179809
1.770981,1.5552328,0.38643074,-0.21574819,-0.5583101
1.1632992,1.5554388,0.386296,0.39213955,1.0151272
1.8020146,1.5552332,0.38643065,-0.24678135,-0.63861746
1.5239022,1.5552312,0.38643023,0.031329036,0.08107294
1.7364583,1.5554386,0.38629594,-0.18101966,-0.46860358
1.3136017,1.5552331,0.38643062,0.24163139,0.62529045
1.0667915,1.555233,0.38643062,0.48844147,1.2639823
1.4228574,1.5554383,0.38629583,0.13258088,0.34321073
1.5854388,1.5552335,0.38643077,-0.030205369,-0.07816502
1.9304093,1.5552342,0.38643065,-0.37517512,-0.97087306
1.6922389,1.5554392,0.386296,-0.1367997,-0.3541318
1.4729869,1.555233,0.38643065,0.082246065,0.21283525
1.4873966,1.555439,0.386296,0.0680424,0.17614056
1.7970853,1.555234,0.38643074,-0.24185133,-0.62585944
1.2075338,1.5554384,0.3862959,0.34790456,0.9006167
1.5052106,1.5552328,0.38643074,0.050022125,0.12944655
1.8532647,1.5554385,0.38629594,-0.29782617,-0.7709793
1.8199954,1.5554388,0.3862959,-0.26455665,-0.68485487
1.9810752,1.5552286,0.38642985,-0.42584658,-1.1020023
1.2948039,1.5552326,0.38643068,0.2604288,0.67393404
1.390852,1.5552329,0.38643053,0.16438091,0.42538282
1.6938367,1.5554386,0.38629594,-0.13839805,-0.35826948
1.4288809,1.5554392,0.38629603,0.1265583,0.32762
1.9191781,1.555228,0.3864297,-0.36395013,-0.94182754
1.8516867,1.5552312,0.3864303,-0.2964555,-0.76716423
1.1879873,1.5554385,0.38629594,0.3674512,0.9512168
1.4729843,1.5554389,0.38629594,0.08245456,0.21344921
1.365921,1.5554385,0.3862959,0.1895175,0.49060187
1.0394844,1.5554397,0.38629612,0.5159553,1.3356472
1.7924343,1.5552318,0.38643038,-0.23720253,-0.6138299
1.5680926,1.5554383,0.38629594,-0.0126543045,-0.032758057
1.9999033,1.5554383,0.38629583,-0.44446504,-1.1505821
1.4200929,1.5554392,0.38629594,0.1353463,0.35036945
1.4410826,1.5554382,0.38629588,0.114355564,0.29603103
1.207888,1.5554378,0.386296,0.3475498,0.89969814
1.5691595,1.5552331,0.38643074,-0.013926387,-0.036038507
1.7701886,1.5554382,0.3862959,-0.21475041,-0.55592203
1.0330476,1.5554389,0.3862959,0.5223913,1.3523086
1.7828708,1.5552325,0.38643065,-0.22763824,-0.58907914
1.3305004,1.55544,0.38629603,0.22493958,0.58229846
1.1614131,1.555439,0.386296,0.39402592,1.0200104
1.2782372,1.5552325,0.38643062,0.2769953,0.71680474
1.4514788,1.5554384,0.38629577,0.10395956,0.26911908
1.6027488,1.55544,0.38629612,-0.047308803,-0.12246771
1.8273536,1.555234,0.38643074,-0.27211964,-0.70418733
1.6993008,1.5552335,0.38643068,-0.14406729,-0.37281534
1.668907,1.5554388,0.3862959,-0.11346829,-0.2937341
2.094552,1.5552332,0.38643053,-0.5393188,-1.3956423
1.2104822,1.5554384,0.38629603,0.34495616,0.892984
1.788989,1.5554383,0.3862959,-0.23355067,-0.60459006
1.6969793,1.555438,0.38629583,-0.14154124,-0.36640635
1.8235433,1.555438,0.3862959,-0.26810527,-0.6940412
2.0617843,1.5554388,0.38629594,-0.5063455,-1.310771
1.6852276,1.5554385,0.38629603,-0.12978911,-0.33598354
1.2817855,1.5552342,0.38643053,0.2734487,0.70762706
1.3895258,1.555233,0.38643074,0.16570723,0.42881483
1.6158762,1.555438,0.3862959,-0.060438156,-0.15645559
1.1316593,1.5552335,0.38643062,0.4235742,1.0961196
1.3733982,1.5552323,0.38643062,0.1818341,0.47054785
1.4579387,1.5554383,0.38629618,0.09749961,0.252396
1.8139786,1.5554392,0.38629603,-0.25853932,-0.66927767
1.2940704,1.5552307,0.3864302,0.26116037,0.67582804
1.2263746,1.5552337,0.38643074,0.3288591,0.8510169
1.3993468,1.5554386,0.3862959,0.15609181,0.40407315
1.5874875,1.5554391,0.38629588,-0.032048345,-0.082963206
0.95089126,1.5554388,0.3862959,0.6045475,1.5649855
1.6494976,1.5552335,0.38643062,-0.09426415,-0.24393551
1.8247215,1.5554385,0.38629606,-0.26928294,-0.6970895
1.254356,1.5554382,0.38629577,0.30108213,0.77940834
1.7353691,1.5552332,0.38643062,-0.18013585,-0.46615314
1.361234,1.555234,0.38643077,0.194,0.50203043
1.6705308,1.5554378,0.3862959,-0.11509299,-0.29793996
1.587774,1.5554384,0.38629583,-0.03233564,-0.08370693
1.8534378,1.555439,0.386296,-0.2979988,-0.771426
1.701932,1.5552329,0.38643062,-0.14669907,-0.3796259
1.4390473,1.5552332,0.38643068,0.1161859,0.30066428
1.9913251,1.5554404,0.38629615,-0.4358847,-1.1283693
1.7135236,1.5552328,0.38643065,-0.15829086,-0.40962294
1.814029,1.555439,0.3862959,-0.25858998,-0.66940904
1.235802,1.5552342,0.38643062,0.31943214,0.82662225
1.7805506,1.5552335,0.38643056,-0.22531712,-0.5830727
1.650373,1.5554388,0.3862959,-0.094934225,-0.24575518
1.6022136,1.5554383,0.38629603,-0.04677534,-0.121086776
1.326479,1.5552306,0.38643023,0.22875166,0.5919611
1.4524138,1.5554388,0.386296,0.10302496,0.26669952
1.1532397,1.5552316,0.38643032,0.40199184,1.04027
1.2997229,1.5552313,0.38643023,0.25550842,0.66120195
1.7193419,1.5554383,0.3862959,-0.1639036,-0.42429543
1.2650781,1.555439,0.38629594,0.29036093,0.7516541
1.4161605,1.5552337,0.38643077,0.13907325,0.35989177
1.3140785,1.5552335,0.38643074,0.24115503,0.6240576
1.2896613,1.5552331,0.38643056,0.26557183,0.68724334
1.640322,1.5552335,0.38643068,-0.08508849,-0.22019082
1.4562782,1.5554385,0.38629588,0.09916031,0.25669524
1.5366187,1.5554388,0.38629594,0.018820047,0.048719246
1.1202009,1.5552299,0.38643023,0.43502903,1.1257634
1.9074953,1.5554384,0.3862959,-0.35205686,-0.91136575
1.7128314,1.5552319,0.38643065,-0.15759945,-0.40783373
1.3648072,1.5552342,0.38643062,0.19042695,0.49278432
1.3754562,1.5554385,0.38629588,0.1799823,0.46591824
1.758421,1.5554385,0.38629594,-0.20298243,-0.52545834
1.3900874,1.5552301,0.38643008,0.16514277,0.42735487
1.2982982,1.5552315,0.38643032,0.2569332,0.66488886
1.4651943,1.5552325,0.3864304,0.09003818,0.23299973
1.1537569,1.5552329,0.38643065,0.40147603,1.0389342
1.6610227,1.5552326,0.38643065,-0.10579002,-0.273762
1.0480319,1.5554397,0.38629603,0.5074078,1.3135206
1.6735679,1.555234,0.3864308,-0.118333936,-0.30622283
1.4292692,1.5552301,0.38643038,0.12596095,0.32596025
1.0672503,1.5554385,0.38629603,0.48818827,1.2637672
1.742612,1.5554385,0.38629583,-0.18717349,-0.48453405
1.560545,1.555439,0.386296,-0.0051059723,-0.013217771
1.4911678,1.5552335,0.38643068,0.064065695,0.16578832
1.4280679,1.5552331,0.38643062,0.1271652,0.3290764
1.7311583,1.5554385,0.38629594,-0.17571974,-0.45488372
1.9858134,1.5554389,0.38629594,-0.4303745,-1.1141057
1.0899527,1.5552342,0.38643065,0.4652815,1.2040491
1.4690663,1.5552331,0.38643074,0.08616686,0.22298138
1.9644034,1.555439,0.3862959,-0.4089644,-1.0586816
1.6518803,1.5554384,0.38629594,-0.096441865,-0.24965797
1.5848722,1.555439,0.3862959,-0.02943325,-0.076193534
0.9981138,1.5552324,0.38643053,0.5571186,1.4417044
1.4425721,1.555438,0.38629583,0.112865925,0.29217485
2.013553,1.5552335,0.38643065,-0.45831943,-1.1860328
1.3707404,1.5554388,0.38629594,0.18469834,0.47812653
1.8091956,1.5554385,0.386296,-0.25375712,-0.65689814
1.3713713,1.555438,0.38629583,0.18406677,0.47649175
1.7689533,1.555439,0.386296,-0.21351433,-0.5527221
1.0987324,1.5552325,0.38643068,0.45650017,1.1813248
1.2024738,1.5552297,0.38643017,0.3527559,0.91285807
1.6820129,1.5554383,0.3862959,-0.12657464,-0.32766238
1.5728658,1.5552335,0.38643065,-0.017632365,-0.045628797
1.4277458,1.5552335,0.38643065,0.12748766,0.32991084
1.8262098,1.555438,0.38629577,-0.27077174,-0.7009441
1.3199699,1.5552323,0.38643053,0.2352624,0.608809
1.8483697,1.5554385,0.38629603,-0.2929312,-0.7583076
1.1921675,1.5554384,0.38629588,0.36327088,0.9403954
1.2646716,1.5554382,0.3862957,0.2907666,0.7527047
1.87611,1.5554395,0.38629612,-0.3206705,-0.83011574
1.6577785,1.5554382,0.38629583,-0.10234034,-0.2649274
1.6835983,1.5554389,0.38629594,-0.1281594,-0.33176482
1.6433638,1.555438,0.38629583,-0.08792579,-0.22761258
1.1340945,1.555233,0.38643062,0.42113853,1.0898167
1.1237206,1.5554383,0.38629588,0.43171763,1.1175828
1.5387866,1.5554383,0.3862959,0.01665163,0.043105893
1.2336187,1.5554385,0.38629603,0.32181978,0.8330911
1.7683797,1.5554386,0.38629612,-0.21294105,-0.5512379
1.0687244,1.5552331,0.38643062,0.48650873,1.2589808
1.5023301,1.5552329,0.3864305,0.052902818,0.13690124
1.2330357,1.555439,0.38629594,0.3224033,0.8346019
1.1460335,1.5552313,0.3864303,0.4091978,1.0589175
1.242625,1.5554388,0.3862959,0.31281376,0.80977756
1.4397141,1.55544,0.38629612,0.115725875,0.29957813
1.5635064,1.5552325,0.38643062,-0.00827384,-0.021410933
2.1195292,1.5554389,0.38629594,-0.5640904,-1.4602544
1.6621338,1.5552332,0.38643068,-0.10690057,-0.27663583
1.3556249,1.55544,0.38629612,0.19981503,0.5172587
1.6002371,1.5552328,0.38643077,-0.045004368,-0.11646166
1.4978973,1.555439,0.38629594,0.057541728,0.14895763
1.9694779,1.555234,0.38643068,-0.41424394,-1.0719748
1.5285308,1.5554383,0.38629583,0.026907444,0.06965502
1.5046165,1.5554383,0.38629577,0.05082178,0.13156185
1.5105524,1.5552225,0.3864293,0.044670105,0.11559709
1.369864,1.5554392,0.386296,0.18557525,0.4803965
1.3776983,1.5552342,0.38643065,0.17753589,0.45942497
1.0859019,1.5554388,0.3862959,0.4695369,1.215485
1.7496839,1.5554386,0.386296,-0.19424522,-0.50284034
1.0878507,1.555438,0.38629588,0.46758735,1.2104384
1.7408,1.5554384,0.386296,-0.18536162,-0.4798435
1.855634,1.5552323,0.38643038,-0.3004017,-0.77737594
1.5377668,1.555438,0.38629588,0.017671227,0.045745317
1.6374826,1.5554383,0.3862959,-0.08204436,-0.21238734
1.9777316,1.5554392,0.38629603,-0.42229235,-1.0931833
2.1073499,1.5552329,0.38643062,-0.552117,-1.428761
1.9835541,1.5554388,0.38629606,-0.42811537,-1.1082572
1.509501,1.5554389,0.3862959,0.045937896,0.118918926
1.3534906,1.5554386,0.38629603,0.20194805,0.52278054
1.4614089,1.5554402,0.38629612,0.094031334,0.24341775
1.3864577,1.5552342,0.38643065,0.16877651,0.43675756
1.3817358,1.5552316,0.3864302,0.17349577,0.44897053
1.065057,1.5552322,0.38643056,0.49017513,1.2684689
0.94658154,1.5552297,0.38642994,0.6086481,1.5750543
2.0376081,1.5552335,0.3864305,-0.48237467,-1.2482831
1.9630121,1.555439,0.38629603,-0.4075731,-1.0550797
1.4796338,1.5554391,0.38629594,0.07580531,0.19623636
1.4336002,1.5554389,0.38629606,0.12183869,0.31540236
1.5809939,1.5552297,0.38643008,-0.025764227,-0.066672415
0.91814315,1.5554385,0.386296,0.63729537,1.6497592
2.007287,1.5552332,0.38643062,-0.4520538,-1.1698188
1.3159153,1.5554382,0.3862959,0.23952281,0.6200501
1.186049,1.5554385,0.38629588,0.36938953,0.9562347
1.8161482,1.5554383,0.3862959,-0.26070988,-0.67489684
1.1421907,1.5554378,0.38629583,0.4132471,1.0697685
1.190392,1.5552307,0.3864303,0.36483872,0.9441256
1.5595958,1.5552323,0.38643053,-0.004363537,-0.011291905
1.7304637,1.5554388,0.3862959,-0.17502499,-0.45308527
1.7253911,1.555438,0.38629583,-0.16995311,-0.43995586
1.2569966,1.5552335,0.38643065,0.29823685,0.7717733
1.3136028,1.5552335,0.3864305,0.24163067,0.62528884
1.0386918,1.5554388,0.386296,0.516747,1.337697
1.342517,1.55523,0.38643008,0.212713,0.55045664
1.6080308,1.555232,0.38643038,-0.052798748,-0.13663198
1.1328578,1.5554391,0.38629594,0.42258132,1.0939316
1.1610209,1.555438,0.38629594,0.39441717,1.0210233
1.4208374,1.5552325,0.38643065,0.13439512,0.3477859
1.8472601,1.5554383,0.38629577,-0.29182184,-0.7554363
1.927024,1.5554402,0.38629615,-0.37158382,-0.96191436
1.6433465,1.5554392,0.38629594,-0.087907314,-0.22756468
1.3615552,1.5554388,0.38629588,0.19388354,0.50190425
1.6045175,1.5554383,0.38629577,-0.04907918,-0.12705079
1.4265984,1.5552335,0.38643053,0.12863505,0.33288014
1.795288,1.5554392,0.38629606,-0.23984873,-0.62089354
1.8147233,1.5554386,0.38629594,-0.25928462,-0.6712072
1.4989257,1.5554382,0.38629583,0.056512475,0.14629325
1.9599239,1.5552323,0.38643062,-0.40469158,-1.0472555
1.4304701,1.5552328,0.38643077,0.124762654,0.32285902
1.1228628,1.5552322,0.38643038,0.43236935,1.1188803
1.4047859,1.5552297,0.38643005,0.15044379,0.389317
1.621957,1.5554385,0.38629612,-0.066518426,-0.17219543
1.5598176,1.5554378,0.38629594,-0.0043797493,-0.011337808
1.5928247,1.5554383,0.38629594,-0.037386417,-0.0967818
1.2173153,1.5552323,0.3864305,0.33791697,0.8744573
1.7208276,1.5554379,0.38629588,-0.16538966,-0.42814243
1.4038461,1.5552335,0.38643074,0.15138733,0.391758
1.0408859,1.555438,0.38629594,0.5145521,1.3320153
1.9756161,1.5552311,0.38643038,-0.420385,-1.0878674
1.9446561,1.5552332,0.38643053,-0.3894229,-1.0077436
1.8549435,1.5554394,0.38629606,-0.29950416,-0.77532285
1.7353988,1.5554384,0.38629594,-0.17996037,-0.4658614
1.3472606,1.5554383,0.3862959,0.20817769,0.5389073
1.376589,1.5554388,0.386296,0.17884982,0.46298644
1.309573,1.5552328,0.38643056,0.24565971,0.635715
1.0818474,1.5552342,0.38643065,0.47338676,1.2250239
1.8487082,1.5554383,0.38629583,-0.29326987,-0.75918466
1.8290316,1.555438,0.38629588,-0.27359354,-0.7082487
1.7696738,1.5554384,0.38629594,-0.21423542,-0.55458885
1.3385508,1.5554389,0.3862959,0.21688807,0.5614558
1.8178878,1.5554388,0.386296,-0.26244903,-0.6793988
1.030909,1.555438,0.38629588,0.5245291,1.3578428
1.3955928,1.5554395,0.38629603,0.15984666,0.41379318
1.4721847,1.555234,0.38643074,0.0830493,0.2149138
1.5312208,1.5554383,0.38629577,0.024217486,0.06269157
1.6769551,1.5552318,0.38643062,-0.121723294,-0.31499392
1.4769907,1.5552342,0.38643065,0.078243494,0.20247746
1.6449429,1.5554388,0.38629594,-0.08950412,-0.23169832
1.8123851,1.5554397,0.38629603,-0.25694537,-0.6651515
1.1074822,1.555234,0.38643065,0.44775176,1.1586859
1.3074478,1.5554378,0.38629594,0.24799001,0.64196897
1.3254219,1.5552331,0.38643077,0.22981119,0.5947021
1.5746984,1.5552332,0.38643065,-0.019465208,-0.050371803
0.99879265,1.5552328,0.38643065,0.5564401,1.4399482
1.4362736,1.5552304,0.38643017,0.118956804,0.3078352
1.0876127,1.5554395,0.386296,0.46782672,1.2110577
1.5958521,1.5554374,0.38629588,-0.04041469,-0.104621075
1.5309615,1.55544,0.38629612,0.024478436,0.063367024
1.712608,1.555234,0.38643065,-0.15737402,-0.40725037
1.7299604,1.555439,0.386296,-0.17452145,-0.45178166
1.3093891,1.555232,0.3864305,0.24584293,0.6361893
1.0631708,1.5552337,0.38643074,0.49206293,1.2733535
1.4676762,1.5552325,0.3864305,0.08755636,0.22657725
1.6087352,1.55544,0.38629615,-0.053295255,-0.13796476
1.4493668,1.5554389,0.3862959,0.10607207,0.2745876
1.1042331,1.5554389,0.38629594,0.45120573,1.1680312
1.3337238,1.5554394,0.38629603,0.22171557,0.5739525
1.7048359,1.5554383,0.3862959,-0.14939761,-0.38674396
1.8901163,1.555234,0.38643062,-0.33488238,-0.86660415
1.3456091,1.5554395,0.38629612,0.2098304,0.54318535
1.1404558,1.555439,0.38629606,0.41498315,1.0742619
1.4687408,1.5554383,0.38629583,0.08669746,0.22443281
1.6308377,1.555234,0.38643065,-0.07560372,-0.19564629
1.9760187,1.5552335,0.38643056,-0.4207852,-1.0889025
1.1780648,1.5554376,0.38629588,0.37737274,0.97690076
1.3743793,1.5554382,0.3862959,0.18105888,0.46870515
1.3135731,1.555234,0.38643074,0.24166083,0.6253665
1.6669798,1.5552335,0.38643065,-0.11174631,-0.2891756
1.5169414,1.5552299,0.38643023,0.038288474,0.0990825
1.8272512,1.5554382,0.38629588,-0.27181304,-0.7036395
1.1258059,1.5552323,0.3864305,0.42942643,1.1112643
1.6285655,1.555438,0.38629577,-0.07312751,-0.18930446
1.254846,1.5552232,0.38642895,0.30037725,0.7773156
1.5281072,1.555438,0.386296,0.027330875,0.07075112
1.6733017,1.555438,0.38629577,-0.117863655,-0.30511248
1.5417992,1.5554384,0.38629583,0.013639212,0.035307687
1.6029203,1.5554394,0.386296,-0.04748094,-0.12291336
1.924259,1.5554383,0.38629583,-0.36882067,-0.9547622
1.6112784,1.555233,0.38643053,-0.056045413,-0.1450336
1.539893,1.555438,0.38629577,0.015545011,0.040241215
1.3217384,1.5552306,0.38643023,0.23349226,0.60422873
1.7885804,1.5552309,0.38643008,-0.23334956,-0.6038597
1.7689248,1.5554379,0.38629583,-0.21348691,-0.55265135
1.4171735,1.555233,0.38643068,0.1380595,0.35726845
0.98083967,1.555439,0.38629594,0.5745993,1.4874588
1.7748835,1.5554386,0.38629606,-0.21944487,-0.5680743
1.0826503,1.555438,0.3862957,0.47278774,1.2239012
1.4034022,1.5552326,0.38643062,0.15183043,0.39290476
1.2785728,1.5552332,0.38643065,0.27666044,0.71593815
1.1031463,1.5554394,0.38629612,0.45229304,1.1708454
2.0403335,1.5554388,0.38629594,-0.48489475,-1.2552416
0.9804243,1.5554383,0.38629588,0.575014,1.4885325
1.1405936,1.5554388,0.38629594,0.4148451,1.0739049
1.110214,1.555234,0.38643056,0.44501996,1.1516169
1.1151778,1.5552337,0.38643068,0.44005597,1.1387708
1.2810326,1.5554392,0.38629612,0.27440667,0.71035314
1.5475488,1.555438,0.38629577,0.007889271,0.020422876
1.5697446,1.5554392,0.386296,-0.014305353,-0.0370321
1.6576037,1.555234,0.38643062,-0.102369785,-0.26491117
1.8118128,1.5552335,0.38643062,-0.25657928,-0.66397244
1.582878,1.5552332,0.38643053,-0.027644753,-0.07153874
1.3242756,1.5554392,0.386296,0.23116362,0.5984106
1.2995896,1.555233,0.38643065,0.25564337,0.66155046
1.8701872,1.5554396,0.38629612,-0.31474757,-0.81478316
1.2526771,1.555233,0.38643062,0.30255592,0.78295016
1.8105019,1.5552337,0.38643065,-0.25526822,-0.6605796
1.3860731,1.5552324,0.38643062,0.1691593,0.43774816
1.4918077,1.5554402,0.38629615,0.06363249,0.16472462
1.5848716,1.5554395,0.386296,-0.029432178,-0.07619074
0.9824976,1.5552335,0.38643065,0.5727359,1.4821182
1.4697232,1.555225,0.3864297,0.08550179,0.22126092
1.7348366,1.5552335,0.38643065,-0.1796031,-0.46477446
1.2717103,1.5554409,0.3862963,0.28373063,0.7344896
2.0530312,1.5552331,0.38643074,-0.4977981,-1.2881949
1.3592943,1.555438,0.386296,0.19614375,0.50775504
1.6495397,1.5552337,0.38643062,-0.09430599,-0.24404378
1.9051722,1.5552254,0.38642937,-0.34994686,-0.9055907
1.0803343,1.5552337,0.38643077,0.4748994,1.2289379
2.0583844,1.5554395,0.38629612,-0.50294495,-1.3019674
1.5361665,1.5554382,0.38629588,0.019271612,0.049888216
1.5743635,1.5554385,0.38629603,-0.018924952,-0.0489908
1.3138225,1.5552325,0.38643062,0.24141002,0.6247176
1.253635,1.5554388,0.3862959,0.3018037,0.7812759
1.6815674,1.5554388,0.38629588,-0.12612867,-0.32650793
1.1147485,1.5552337,0.38643056,0.44048524,1.139882
1.6882274,1.5552324,0.38643065,-0.13299501,-0.34416267
1.420148,1.555438,0.3862957,0.13529003,0.350224
1.4290508,1.5554388,0.38629588,0.12638795,0.32717913
1.4740872,1.5554385,0.38629594,0.08135128,0.21059315
1.6715349,1.5554383,0.3862959,-0.116096616,-0.30053803
1.4615042,1.5552295,0.38643023,0.09372532,0.24254139
1.2337826,1.555233,0.38643062,0.32145035,0.8318449
1.7603917,1.555439,0.38629577,-0.20495272,-0.53055906
1.086032,1.555438,0.3862959,0.469406,1.2151462
1.6110952,1.5552329,0.38643062,-0.055862308,-0.14455973
1.5609508,1.5554395,0.38629612,-0.005511284,-0.014266992
1.1359601,1.5554392,0.38629594,0.41947913,1.0859009
1.1870141,1.5552311,0.3864305,0.368217,0.9528673
1.315806,1.5554402,0.38629627,0.23963416,0.6203377
1.7651229,1.5552337,0.38643077,-0.20988917,-0.5431482
1.5943751,1.5554392,0.38629606,-0.0389359,-0.1007929
1.7655413,1.5554389,0.3862959,-0.21010244,-0.5438899
1.4091084,1.5554378,0.3862959,0.1463294,0.37880132
1.4050803,1.5552317,0.3864304,0.15015137,0.38855994
1.161759,1.5552335,0.38643077,0.39347446,1.0182276
1.2890071,1.5554382,0.38629588,0.2664311,0.6897073
1.4443543,1.5554385,0.38629594,0.11108422,0.2875625
1.4445586,1.555229,0.38643008,0.11067033,0.2863916
1.7281654,1.5554388,0.38629594,-0.17272663,-0.4471355
1.4270431,1.555439,0.386296,0.12839592,0.33237702
1.5496771,1.555439,0.38629603,0.005761862,0.014915664
1.3744276,1.5552306,0.38643008,0.18080306,0.4678804
1.1396222,1.5554384,0.38629588,0.4158162,1.0764189
1.175841,1.55544,0.38629618,0.37959898,0.98266304
1.5178405,1.5552291,0.38643008,0.037388563,0.09675376
1.4506273,1.5552273,0.38642997,0.10459995,0.2706828
1.130325,1.5552332,0.38643056,0.42490828,1.0995722
1.3102344,1.5552332,0.38643068,0.24499881,0.63400453
1.1584296,1.5554385,0.38629594,0.3970089,1.0277325
1.4599174,1.5554383,0.3862959,0.095520854,0.24727379
1.3639816,1.5552342,0.38643062,0.19125259,0.4949209
1.1357882,1.5552335,0.38643065,0.41944528,1.0854348
1.8681049,1.5554391,0.38629603,-0.31266582,-0.80939436
2.1371658,1.555438,0.38629588,-0.58172774,-1.5059123
1.1482013,1.5554396,0.38629606,0.40723825,1.0542128
1.4988854,1.5552342,0.38643074,0.0563488,0.14581864
1.4422238,1.5554382,0.38629583,0.11321437,0.29307687
1.4076245,1.5552342,0.38643065,0.14760971,0.38198242
1.8663285,1.5552332,0.38643062,-0.31109524,-0.8050481
1.5305072,1.5554383,0.3862959,0.024931073,0.0645388
1.3559854,1.5554376,0.38629588,0.19945216,0.5163197
1.7604682,1.5554392,0.386296,-0.20502901,-0.53075624
1.5930095,1.5552309,0.38642994,-0.037778616,-0.09776317
1.2944932,1.555438,0.38629568,0.26094484,0.67550546
1.3826125,1.5554385,0.3862959,0.17282605,0.4473929
1.7734313,1.555234,0.38643056,-0.21819735,-0.5646483
1.7208543,1.5554383,0.38629594,-0.165416,-0.42821056
1.0802282,1.5554392,0.38629612,0.47521102,1.2301729
1.0553094,1.5552235,0.3864295,0.49991405,1.2936747
2.0648277,1.5554383,0.38629588,-0.5093894,-1.3186508
1.9875808,1.5552315,0.3864303,-0.43234932,-1.1188288
2.0267994,1.5554385,0.3862959,-0.47136092,-1.2202069
1.1951137,1.5552331,0.38643062,0.36011946,0.93191236
1.1406927,1.5552325,0.38643062,0.4145398,1.0727406
1.2675862,1.5554383,0.38629583,0.28785205,0.7451596
1.2388105,1.5552325,0.38643062,0.316422,0.8188326
1.6671766,1.5554382,0.38629588,-0.11173844,-0.2892561
1.318126,1.5554382,0.3862959,0.2373122,0.6143275
1.8260083,1.5554383,0.3862959,-0.27057004,-0.7004217
1.3877665,1.5552337,0.38643074,0.16746724,0.43336934
1.6803427,1.5554383,0.3862959,-0.124904394,-0.32333863
1.4804906,1.55544,0.38629612,0.074949384,0.19402054
1.8764398,1.555438,0.3862959,-0.32100177,-0.83097374
1.8075669,1.5554385,0.38629588,-0.25212836,-0.652682
1.5689933,1.5554383,0.3862959,-0.01355505,-0.03508981
1.5023738,1.5552335,0.38643065,0.052859664,0.13678952
1.2801235,1.555233,0.38643068,0.27510953,0.7119247
1.2183176,1.5552342,0.38643065,0.33691657,0.87186813
1.0430359,1.5554388,0.38629594,0.5124029,1.3264517
1.4431112,1.5554382,0.3862959,0.11232698,0.29077962
1.7828503,1.5554384,0.38629588,-0.22741187,-0.5886986
1.7514477,1.555438,0.38629588,-0.19600964,-0.507408
1.7320461,1.5554385,0.3862959,-0.17660761,-0.45718217
1.819515,1.5552335,0.38643074,-0.2642815,-0.68390393
1.2053646,1.5554392,0.38629612,0.35007465,0.9062339
1.8751547,1.5552342,0.38643074,-0.31992054,-0.82788587
1.383186,1.555438,0.38629583,0.17225206,0.44590712
1.5140029,1.5554383,0.38629588,0.04143536,0.107263274
1.311575,1.5554388,0.38629603,0.2438637,0.6312871
1.4703753,1.555438,0.3862957,0.08506274,0.2202011
1.9527242,1.555233,0.38643062,-0.39749122,-1.0286225
1.4794137,1.5552328,0.3864303,0.075819016,0.1962036
1.5137904,1.5552335,0.38643065,0.04144311,0.107245915
1.8348398,1.5554404,0.38629627,-0.2793994,-0.7232775
1.7382053,1.555439,0.3862959,-0.18276632,-0.47312516
1.4990093,1.5552342,0.38643074,0.056224942,0.14549811
1.3388952,1.5552329,0.38643053,0.21633768,0.5598359
1.2753941,1.5554383,0.38629583,0.2800442,0.7249475
1.6689066,1.555233,0.38643068,-0.11367357,-0.2941629
1.8031173,1.5552301,0.38643008,-0.24788713,-0.6414799
1.4629217,1.5554389,0.38629594,0.09251714,0.23949808
1.2212439,1.5552332,0.38643062,0.33398938,0.8642933
1.2645334,1.5552335,0.38643053,0.29070008,0.7522699
1.3291036,1.5554396,0.38629612,0.226336,0.58591324
1.286106,1.5554394,0.386296,0.26933336,0.69722015
0.95694685,1.5554378,0.38629583,0.59849095,1.5493073
1.2756401,1.5552332,0.38643068,0.2795931,0.7235272
1.8072424,1.555439,0.386296,-0.2518034,-0.65184057
1.9685369,1.5552266,0.38642952,-0.4133103,-1.0695618
1.3090508,1.5552331,0.38643056,0.24618232,0.63706744
1.1344905,1.5552319,0.38643053,0.42074144,1.0887893
1.6261208,1.555439,0.386296,-0.07068181,-0.18297319
1.8442373,1.555232,0.38643056,-0.28900528,-0.7478841
1.2218006,1.555438,0.38629588,0.33363748,0.86368376
1.5358068,1.555233,0.38643056,0.019426227,0.050270937
1.4195548,1.5552337,0.38643074,0.13567889,0.3511079
1.2843692,1.555438,0.38629588,0.2710688,0.7017129
1.393047,1.5554385,0.38629588,0.16239154,0.42038125
1.7179823,1.5554376,0.38629588,-0.16254473,-0.4207778
1.664155,1.5554394,0.38629594,-0.10871565,-0.281431
1.0845559,1.5554388,0.38629594,0.4708829,1.2189693
1.820749,1.5554389,0.38629612,-0.26531017,-0.6868051
1.3105489,1.5552324,0.38643065,0.2446835,0.63318866
1.7202069,1.5552335,0.38643074,-0.16497338,-0.42691576
1.5578038,1.5554385,0.38629594,-0.0023652315,-0.0061228485
0.992971,1.5552331,0.38643074,0.5622621,1.455014
1.9749396,1.5554395,0.38629612,-0.4195001,-1.0859548
1.3598481,1.5552335,0.38643062,0.19538534,0.5056156
1.63879,1.5554384,0.3862959,-0.08335161,-0.2157714
1.505504,1.5552335,0.38643068,0.049729466,0.12868923
1.1701151,1.5552318,0.38643038,0.3851167,0.99660045
1.5685745,1.5554407,0.38629606,-0.0131338835,-0.03399953
1.4674017,1.5554388,0.3862959,0.088037014,0.22790046
1.2278885,1.5552335,0.38643077,0.327345,0.8470987
1.5214115,1.555232,0.38643062,0.03382051,0.087520264
1.6478908,1.5552331,0.38643068,-0.092657685,-0.23977828
1.4999552,1.5554384,0.3862959,0.055483222,0.1436288
1.2488587,1.5552332,0.38643065,0.30637455,0.7928319
1.3821955,1.55544,0.38629612,0.17324448,0.44847584
1.2104267,1.5554383,0.38629594,0.3450116,0.8931277
1.3627733,1.555438,0.38629583,0.19266474,0.49874923
1.7533375,1.555438,0.38629577,-0.19789946,-0.5123004
1.7080842,1.5554383,0.3862959,-0.15264595,-0.3951529
1.3566068,1.555233,0.38643077,0.19862616,0.5140019
1.6560361,1.5554385,0.3862959,-0.10059762,-0.26041594
1.6317554,1.5554383,0.38629588,-0.07631707,-0.19756119
1.173212,1.5552325,0.3864305,0.38202047,0.9885878
1.2693479,1.5552323,0.38643062,0.28588438,0.7398078
1.1286358,1.5554383,0.3862959,0.42680252,1.104859
1.3480505,1.5554396,0.38629606,0.20738912,0.5368657
1.4770138,1.5552332,0.38643062,0.078219414,0.20241515
1.7766132,1.5554383,0.3862959,-0.22117496,-0.57255316
1.1904107,1.5554383,0.3862959,0.36502755,0.94494283
1.7269778,1.5552266,0.38642964,-0.17175126,-0.44445676
1.4953631,1.5552304,0.38643008,0.059867263,0.15492392
1.8326044,1.5554382,0.38629588,-0.27716625,-0.7174973
1.8239192,1.5552337,0.38643077,-0.26868546,-0.6953004
1.1081297,1.555234,0.38643077,0.44710422,1.1570098
1.8498839,1.5552313,0.38643038,-0.29465258,-0.7624985
1.5245445,1.5554384,0.38629588,0.030893922,0.07997476
1.2134908,1.5552311,0.3864302,0.34174025,0.8843518
1.299164,1.555233,0.38643068,0.25606894,0.6626517
1.2733016,1.5552331,0.38643077,0.28193152,0.7295783
1.8566208,1.5552323,0.38643062,-0.3013885,-0.77992916
1.6955113,1.5554386,0.3862959,-0.1400727,-0.36260468
2.0590296,1.5552323,0.38643053,-0.5037973,-1.3037202
1.7187212,1.5552323,0.38643062,-0.16348886,-0.4230743
1.1066256,1.5552324,0.38643062,0.44860685,1.1608988
1.4789964,1.555438,0.38629588,0.076441646,0.19788367
1.2438042,1.555439,0.386296,0.31163478,0.8067253
2.0929942,1.5554385,0.3862959,-0.5375557,-1.3915645
1.1216512,1.5552337,0.38643068,0.43358254,1.1220189
1.2534902,1.5554392,0.38629603,0.30194902,0.7816519
1.3717295,1.555439,0.386296,0.1837095,0.47556666
1.5991884,1.555438,0.38629583,-0.043750405,-0.11325622
1.3407556,1.5554382,0.3862957,0.21468258,0.55574673
1.0594964,1.5552335,0.3864305,0.49573708,1.2828622
1.4641907,1.555438,0.386296,0.09124732,0.23621088
1.7416587,1.5552325,0.38643062,-0.18642616,-0.48243114
1.1193553,1.5554383,0.38629583,0.43608296,1.1288835
1.7386911,1.5554394,0.38629603,-0.18325174,-0.47438163
1.4941932,1.5554389,0.386296,0.06124568,0.15854599
1.6378314,1.5552331,0.38643077,-0.08259833,-0.21374677
1.7959895,1.555439,0.386296,-0.24055052,-0.62271035
1.504231,1.5554392,0.386296,0.051208258,0.13256222
1.7162211,1.5552332,0.38643068,-0.16098785,-0.41660216
1.2012638,1.555233,0.38643068,0.35396922,0.9159967
1.280017,1.5554383,0.3862959,0.27542126,0.71298
1.7703946,1.5554385,0.38629594,-0.21495605,-0.5564543
1.4140147,1.5554383,0.38629588,0.14142358,0.3661017
1.7381085,1.5554383,0.3862959,-0.18267024,-0.47287643
1.1368428,1.555438,0.38629577,0.4185952,1.0836132
1.9085588,1.555438,0.386296,-0.3531208,-0.9141197
1.3563251,1.5552337,0.38643065,0.19890857,0.5147329
1.3089144,1.5554388,0.38629603,0.24652433,0.63817465
1.3588598,1.5554386,0.38629594,0.19657886,0.5088815
0.9205907,1.5552335,0.38643062,0.6346428,1.6423202
1.953185,1.5554388,0.3862959,-0.3977462,-1.0296413
1.5825868,1.5554383,0.3862959,-0.027148485,-0.07027899
2.069345,1.5554384,0.3862959,-0.5139066,-1.3303443
1.5411111,1.5552335,0.38643053,0.014122367,0.036545683
1.8937334,1.5554378,0.3862959,-0.33829558,-0.8757421
1.4698249,1.5552342,0.38643065,0.08540928,0.22102098
1.7506198,1.5554385,0.3862959,-0.19518125,-0.50526357
1.4660611,1.5552316,0.3864303,0.089170456,0.23075432
1.2564387,1.5554382,0.38629588,0.29899943,0.7740166
1.8848898,1.5554386,0.38629618,-0.3294512,-0.85284615
1.2267411,1.555439,0.386296,0.32869792,0.8508965
1.4218031,1.5552335,0.38643062,0.13343036,0.34528932
1.2980381,1.5554384,0.386296,0.25740027,0.6663291
1.1580304,1.5552328,0.38643062,0.39720237,1.027875
2.0371068,1.555234,0.3864309,-0.4818728,-1.2469832
1.318336,1.5552344,0.38643077,0.23689842,0.61304235
1.5081937,1.5554388,0.38629594,0.047245026,0.122302674
1.4022706,1.5554386,0.38629594,0.15316808,0.3965045
1.208243,1.5552331,0.38643068,0.3469901,0.8979362
1.4821801,1.5554392,0.386296,0.073259115,0.18964502
1.3934848,1.5552324,0.38643062,0.16174757,0.41856822
1.2488095,1.555438,0.38629588,0.30662858,0.79376614
1.4025968,1.5552342,0.38643068,0.15263736,0.39499286
1.7028947,1.5552304,0.38643017,-0.14766431,-0.38212416
1.3571807,1.5554395,0.38629603,0.19825876,0.5132301
1.1730428,1.5554395,0.38629615,0.3823967,0.98990554
1.360902,1.555234,0.38643062,0.194332,0.50288975
1.6873525,1.555439,0.386296,-0.13191354,-0.34148306
1.4278169,1.5552317,0.38643038,0.12741482,0.32972258
1.7895615,1.5554397,0.38629615,-0.2341218,-0.60606813
1.2747544,1.555234,0.38643068,0.28047955,0.72582114
1.5208102,1.5552335,0.38643062,0.034423232,0.08907998
1.2878183,1.555233,0.38643074,0.2674147,0.69201195
1.3870616,1.5552328,0.3864305,0.16817117,0.43519124
1.6866182,1.5552287,0.38642988,-0.1313895,-0.34000865
1.7703195,1.555233,0.38643056,-0.21508646,-0.55659795
1.8206406,1.5554382,0.38629588,-0.2652024,-0.6865266
1.8335061,1.55544,0.38629612,-0.27806616,-0.7198264
1.8137269,1.555438,0.38629583,-0.25828886,-0.6686297
1.5729306,1.5554391,0.38629603,-0.01749146,-0.045279935
1.7111261,1.555438,0.38629603,-0.15568805,-0.4030278
0.9223095,1.555234,0.38643074,0.63292444,1.6378729
2.0444467,1.5554397,0.38629615,-0.489007,-1.2658863
1.3724788,1.555438,0.38629583,0.1829592,0.4736246
1.5954398,1.5552342,0.38643056,-0.040205598,-0.10404353
1.1503997,1.5554378,0.3862959,0.40503812,1.0485177
1.1368291,1.5552328,0.38643065,0.41840363,1.0827392
1.3764623,1.5554386,0.38629603,0.1789763,0.46331385
1.7317748,1.5554383,0.3862959,-0.17633653,-0.45648044
1.9882263,1.5552316,0.3864302,-0.43299472,-1.1204991
1.178198,1.5552335,0.38643068,0.3770355,0.97568727
1.2282492,1.5552332,0.38643062,0.32698405,0.84616494
1.4857073,1.5552332,0.38643062,0.06952596,0.17991835
1.1553148,1.5554386,0.3862959,0.40012383,1.0357962
1.4810786,1.5552331,0.3864305,0.074154496,0.19189608
1.8898711,1.5552335,0.38643062,-0.33463764,-0.8659708
1.5076668,1.5552332,0.38643062,0.047566414,0.12309173
1.6524036,1.555439,0.386296,-0.0969646,-0.25101113
1.2962804,1.555233,0.38643056,0.25895262,0.6701142
1.4075913,1.5552295,0.38643017,0.1476382,0.3820566
1.495538,1.5552325,0.38643062,0.05969453,0.1544767
1.438093,1.555438,0.38629588,0.117345095,0.30376998
1.4401803,1.5552311,0.3864302,0.11505079,0.29772723
1.531322,1.5554382,0.38629583,0.024116158,0.06242925
0.93873423,1.555438,0.386296,0.6167038,1.596454
1.1999017,1.5554384,0.38629588,0.3555367,0.92037404
1.5719857,1.5552335,0.38643077,-0.016752243,-0.043351214
1.5618804,1.5554392,0.38629612,-0.0064411163,-0.016674038
1.2475076,1.5554392,0.38629603,0.30793166,0.79713905
1.4998316,1.555232,0.38643032,0.05540049,0.14336476
1.6013052,1.5554395,0.386296,-0.045865774,-0.1187322
1.6317977,1.5554383,0.3862959,-0.07635939,-0.19767071
1.2892039,1.5552335,0.38643065,0.2660296,0.6884278
1.2659646,1.5554392,0.386296,0.2894746,0.74935955
1.8803133,1.5552318,0.3864305,-0.32508147,-0.8412417
1.5419021,1.5554384,0.38629594,0.013536334,0.03504136
1.7844659,1.5552318,0.3864304,-0.2292341,-0.59320927
1.2011753,1.555438,0.38629583,0.3542627,0.91707623
1.4569036,1.555438,0.38629588,0.098534465,0.2550751
2.0889065,1.5552328,0.38643065,-0.53367376,-1.3810338
1.8517925,1.555438,0.38629577,-0.2963544,-0.7671697
1.1372648,1.5552335,0.38643068,0.41796863,1.0816134
1.6908238,1.5552324,0.38643062,-0.13559139,-0.35088158
1.8583602,1.5552335,0.38643077,-0.3031267,-0.7844269
1.6059023,1.5552337,0.38643074,-0.050668597,-0.13111947
1.6876363,1.5554386,0.38629588,-0.13219762,-0.34221855
1.2499001,1.5554385,0.386296,0.30553842,0.79094374
1.5273925,1.5554379,0.3862959,0.028045416,0.072600864
1.6141863,1.555234,0.38643077,-0.05895233,-0.152556
1.6801736,1.5554385,0.3862959,-0.12473512,-0.32290044
1.5311369,1.5554385,0.38629583,0.024301648,0.062909424
1.6519784,1.5554391,0.386296,-0.09653926,-0.24991006
1.0823458,1.5554382,0.38629588,0.47309232,1.224689
1.5730644,1.5552262,0.38642964,-0.01783824,-0.046161678
1.4764736,1.5554384,0.38629606,0.07896483,0.2044153
1.5395768,1.555439,0.38629588,0.015862226,0.041062374
0.99160326,1.5552335,0.38643068,0.5636302,1.4585545
1.1141349,1.5552337,0.3864308,0.4410988,1.1414691
1.3787131,1.555439,0.38629594,0.17672586,0.45748827
1.9594623,1.5552324,0.38643062,-0.40422988,-1.0460607
1.0509216,1.5552326,0.38643056,0.5043111,1.3050497
1.1749274,1.555439,0.386296,0.38051164,0.98502606
1.3889145,1.5552261,0.38642952,0.16631162,0.43038023
1.8284689,1.5554388,0.38629615,-0.27303016,-0.70678973
1.5663726,1.5554377,0.38629594,-0.010934949,-0.02830718
1.1877027,1.5554388,0.38629588,0.3677361,0.9519545
1.4061527,1.5552335,0.38643068,0.14908075,0.38578913
1.732251,1.5554383,0.38629588,-0.17681277,-0.4577133
1.482954,1.5552325,0.38643068,0.0722785,0.18704131
1.7467732,1.555234,0.38643062,-0.19153929,-0.4956628
1.8752717,1.5554386,0.38629594,-0.31983304,-0.8279482
1.7062011,1.5554389,0.38629594,-0.1507622,-0.39027643
0.89274937,1.5554384,0.38629603,0.66268903,1.7154953
1.5863744,1.5552337,0.38643074,-0.031140685,-0.08058543
1.546473,1.5552342,0.38643068,0.0087611675,0.02267203
0.97880375,1.55544,0.38629606,0.5766362,1.4927312
1.4412277,1.5552318,0.3864304,0.114004135,0.29501852
1.2329035,1.5554379,0.3862959,0.32253444,0.8349414
1.5559851,1.5552337,0.3864308,-0.00075137615,-0.0019444003
1.6638898,1.5552337,0.38643077,-0.10865605,-0.28117856
1.5513871,1.5554383,0.3862959,0.0040512085,0.010487319
1.3912393,1.5552316,0.3864304,0.16399229,0.42437726
1.2040452,1.555233,0.38643065,0.35118783,0.9087991
1.1863006,1.5552331,0.3864304,0.3689325,0.95471907
1.6714258,1.55544,0.38629603,-0.11598587,-0.30025125
1.2375071,1.5554395,0.38629606,0.31793237,0.82302773
1.2969286,1.5552332,0.38643068,0.2583046,0.66843706
1.7637725,1.5554392,0.386296,-0.20833325,-0.53930986
1.7416689,1.5552342,0.38643062,-0.18643475,-0.48245335
1.4126507,1.5554396,0.38629603,0.14278889,0.3696359
1.326962,1.5552325,0.38643056,0.22827053,0.5907155
1.6917721,1.5554385,0.3862959,-0.13633358,-0.35292527
1.2366503,1.5552322,0.3864304,0.31858182,0.82442224
1.0327138,1.5554385,0.3862959,0.52272475,1.3531718
1.6179972,1.5552287,0.3864302,-0.06276846,-0.16243155
1.8381181,1.5552335,0.38643074,-0.2828846,-0.73204476
1.863899,1.5554389,0.386296,-0.30846012,-0.79850715
0.9948499,1.5554388,0.386296,0.56058884,1.4511899
1.728339,1.5552328,0.38643062,-0.1731062,-0.4479619
1.5038928,1.5554385,0.38629588,0.05154574,0.1334359
1.0874218,1.5552299,0.38642997,0.46780813,1.2105896
1.5217154,1.5554392,0.386296,0.03372383,0.087300494
1.92464,1.5552323,0.38643053,-0.36940777,-0.9559487
1.6044362,1.555232,0.3864305,-0.04920411,-0.12732978
1.3694268,1.5554394,0.38629603,0.1860125,0.4815284
1.5968101,1.5554384,0.3862959,-0.041371703,-0.107098475
1.8691623,1.5554388,0.38629588,-0.31372356,-0.81213284
1.7345964,1.5552342,0.38643068,-0.17936218,-0.46415097
1.7559466,1.55544,0.38629612,-0.20050669,-0.51904917
1.1224062,1.5554397,0.38629612,0.43303347,1.1209884
1.5615673,1.5554382,0.38629577,-0.0061291456,-0.015866458
1.8942676,1.5554388,0.3862959,-0.3388288,-0.8771224
1.4340736,1.555233,0.38643068,0.121159434,0.3135347
1.3720453,1.5554382,0.38629583,0.18339288,0.47474724
1.5081685,1.5552342,0.38643062,0.047065735,0.12179608
0.94934505,1.5554384,0.38629594,0.60609335,1.5689871
1.1387503,1.5554388,0.3862959,0.41668844,1.0786768
1.6165855,1.5554376,0.3862959,-0.06114793,-0.15829298
1.2515498,1.555234,0.38643077,0.30368412,0.7858694
1.6548808,1.5554394,0.38629606,-0.09944141,-0.25742278
1.2449466,1.5552324,0.38643038,0.3102858,0.80295396
1.2343962,1.5552332,0.38643065,0.32083702,0.8302577
1.6856987,1.5552328,0.38643074,-0.13046598,-0.33761802
1.5564586,1.5554383,0.386296,-0.0010203123,-0.0026412706
1.0173743,1.5552331,0.38643062,0.53785884,1.391864
1.5077899,1.5552335,0.38643074,0.04744363,0.12277395
1.2782267,1.5554383,0.38629583,0.27721155,0.71761465
1.3262861,1.5554386,0.38629594,0.22915256,0.5932047
1.5502899,1.5554395,0.38629606,0.005149603,0.013330716
1.4855263,1.5552326,0.38643065,0.06970632,0.18038507
1.5544999,1.5554378,0.38629583,0.0009379387,0.0024280322
1.2908711,1.5552326,0.38643062,0.2643615,0.6841112
1.3725317,1.5554378,0.386296,0.18290615,0.47348705
1.2623739,1.555438,0.3862959,0.29306412,0.75865185
1.6977069,1.5552266,0.38642952,-0.14248037,-0.36870986
2.1299841,1.5554388,0.38629603,-0.5745454,-1.4873189
1.4931581,1.5554379,0.38629583,0.06227982,0.16122313
1.4892317,1.5552335,0.38643065,0.06600177,0.1707985
1.676915,1.5554383,0.38629583,-0.12147677,-0.31446564
1.4795177,1.5554378,0.3862959,0.075920105,0.19653355
2.0366795,1.5554395,0.38629594,-0.48124003,-1.2457807
1.5430142,1.5554407,0.38629606,0.012426496,0.03216832
1.5812657,1.5552329,0.38643062,-0.026032805,-0.067367345
1.3132317,1.5552319,0.3864304,0.24200022,0.62624526
1.4824027,1.5554382,0.38629583,0.07303548,0.18906619
1.2499526,1.555439,0.38629594,0.30548644,0.79080933
1.3773123,1.555438,0.38629588,0.17812574,0.46111217
1.3143674,1.5552335,0.38643062,0.24086607,0.62330997
1.850875,1.555439,0.386296,-0.29543602,-0.76479185
1.3058205,1.555438,0.38629583,0.24961758,0.6461824
1.0529708,1.5554391,0.38629594,0.50246835,1.3007342
1.4935341,1.555438,0.38629588,0.061903954,0.1602501
1.7946637,1.5554389,0.3862959,-0.23922479,-0.6192786
1.4208542,1.5554389,0.3862959,0.13458467,0.34839785
1.4655616,1.5552331,0.38643062,0.08967149,0.23205069
1.2620375,1.5552329,0.38643065,0.29319537,0.758727
2.14712,1.5552332,0.38643065,-0.59188676,-1.5316765
1.5005708,1.5552326,0.38643056,0.05466187,0.14145328
1.3062427,1.555232,0.38643056,0.24898934,0.6443314
2.0816302,1.5554384,0.3862959,-0.52619183,-1.362147
1.3370999,1.5554395,0.38629603,0.21833956,0.5652131
1.2815768,1.5552332,0.38643062,0.2736565,0.70816463
1.8126919,1.5552312,0.38643032,-0.2574607,-0.6662539
1.7273211,1.5554414,0.38629627,-0.17187977,-0.44494286
1.7402143,1.5554388,0.38629603,-0.18477559,-0.4783264
1.4774096,1.5552323,0.38643038,0.077822685,0.20138863
1.1475351,1.5554388,0.386296,0.40790367,1.0559355
1.2528638,1.5554385,0.38629583,0.30257475,0.78327215
2.0940864,1.5552337,0.38643068,-0.5388527,-1.3944355
1.4059358,1.555234,0.38643062,0.14929819,0.38635185
1.7759169,1.5554386,0.3862959,-0.2204783,-0.57074976
1.6919022,1.555439,0.386296,-0.13646317,-0.3532606
1.3070238,1.5554391,0.386296,0.24841535,0.6430699
1.5981032,1.5554391,0.386296,-0.04266405,-0.110443935
1.120532,1.5552294,0.38642997,0.4346974,1.1249061
1.0662386,1.555234,0.38643074,0.4889953,1.2654152
1.1220328,1.555233,0.38643065,0.43320024,1.1210297
1.5476565,1.555438,0.3862959,0.0077815056,0.020143898
1.6395025,1.555234,0.38643077,-0.08426857,-0.218069
1.7477846,1.555233,0.38643065,-0.19255161,-0.49828246
1.8220743,1.5554388,0.3862959,-0.26663554,-0.6902365
1.3695177,1.5554383,0.38629583,0.1859206,0.48129073
1.9483804,1.5552316,0.3864305,-0.39314878,-1.0173855
1.647766,1.5552335,0.3864304,-0.092532516,-0.23945454
1.2549238,1.5554388,0.38629588,0.30051494,0.7779398
1.6404024,1.55544,0.386296,-0.08496249,-0.2199414
1.1701494,1.5554389,0.386296,0.38528943,0.9973943
1.856221,1.5552318,0.38643032,-0.30098915,-0.77889633
1.3660362,1.5552342,0.38643053,0.18919802,0.4896042
1.8111231,1.555439,0.3862959,-0.25568414,-0.66188675
1.6377789,1.5554385,0.38629594,-0.08234036,-0.21315357
1.6644063,1.5554397,0.3862959,-0.10896659,-0.28208062
1.2908871,1.5554386,0.38629588,0.26455152,0.6848417
1.5258338,1.5554385,0.38629594,0.029604673,0.07663729
1.6921072,1.5554383,0.38629588,-0.13666892,-0.35379335
1.2047129,1.5552319,0.3864305,0.35051906,0.90706885
2.068073,1.555438,0.38629577,-0.512635,-1.3270531
1.4784396,1.5554383,0.38629588,0.07699871,0.19932574
1.8141261,1.555438,0.38629583,-0.2586881,-0.6696632
1.3613676,1.5554378,0.38629588,0.19407022,0.50238746
1.489673,1.5552319,0.38643053,0.06555891,0.1696525
1.2663192,1.5552337,0.38643077,0.28891456,0.74764895
1.5252546,1.5554388,0.3862959,0.03018415,0.078137375
1.8680576,1.555234,0.3864308,-0.31282365,-0.8095205
1.5400928,1.5554383,0.3862959,0.015345454,0.03972461
1.3330964,1.5554388,0.38629588,0.22234237,0.5755753
1.4097071,1.5552247,0.38642937,0.14551759,0.3765697
1.1813099,1.5552323,0.38643062,0.37392235,0.9676313
1.3659455,1.5554383,0.38629583,0.18949282,0.4905381
1.4661859,1.5554397,0.386296,0.08925378,0.23105024
1.008419,1.5554384,0.38629588,0.54701936,1.4160632
1.3688622,1.5552335,0.38643056,0.18637133,0.4822893
1.1365461,1.5554397,0.386296,0.41889358,1.0843849
0.99557865,1.5554397,0.386296,0.55986106,1.4493059
1.1895134,1.555438,0.38629583,0.3659246,0.9472652
1.8669826,1.5552332,0.38643065,-0.31174934,-0.8067407
1.2074037,1.555233,0.38643074,0.34782934,0.90010786
1.890549,1.5552304,0.38642997,-0.33531857,-0.8677344
1.7098057,1.5552335,0.38643077,-0.15457225,-0.39999986
2.1422477,1.5552337,0.38643068,-0.58701396,-1.5190667
1.2422174,1.5554392,0.3862959,0.3132218,0.8108339
1.675973,1.5554383,0.38629583,-0.12053478,-0.31202713
1.8469156,1.5552294,0.38643023,-0.29168618,-0.7548224
1.1356422,1.555233,0.38643062,0.41959083,1.0858115
1.6167445,1.555439,0.3862959,-0.061305523,-0.15870093
1.7523446,1.5552329,0.38643065,-0.19711173,-0.5100831
1.2804517,1.5554383,0.38629588,0.27498662,0.71185493
1.9650176,1.5552335,0.38643074,-0.40978408,-1.0604334
1.2726135,1.5554385,0.38629588,0.282825,0.732146
1.3762372,1.5554391,0.38629603,0.17920196,0.463898
1.3165572,1.5554378,0.3862959,0.23888063,0.6183877
1.7448692,1.5554378,0.38629588,-0.18943143,-0.4903791
1.9076967,1.5552332,0.38643062,-0.35246348,-0.9121003
1.4974864,1.5554383,0.38629583,0.057951927,0.15001956
1.522556,1.5552318,0.3864304,0.032675862,0.084558204
1.2796782,1.5554382,0.38629603,0.27575994,0.7138565
2.0864282,1.5552292,0.3864305,-0.531199,-1.3746301
1.7653008,1.5554388,0.3862963,-0.209862,-0.5432669
1.6329129,1.55544,0.38629615,-0.077472925,-0.2005532
1.3391551,1.5552337,0.38643068,0.21607864,0.55916536
1.2719743,1.5554392,0.38629615,0.2834649,0.733802
1.4573067,1.5552275,0.3864297,0.097920775,0.2533987
1.6489127,1.5552332,0.38643053,-0.09367943,-0.24242243
1.6422019,1.555438,0.38629588,-0.08676386,-0.22460467
1.2592734,1.5552337,0.38643062,0.2959603,0.76588213
1.9948498,1.5552294,0.38643005,-0.43962038,-1.1376454
2.0559545,1.5554392,0.38629603,-0.5005152,-1.2956779
1.6015239,1.5554391,0.38629594,-0.04608476,-0.11929911
1.5795082,1.555438,0.38629577,-0.024070144,-0.06231014
1.7604457,1.5554384,0.38629594,-0.20500731,-0.53070015
1.4733274,1.5552322,0.38643062,0.08190477,0.21195206
0.88755846,1.555438,0.38629594,0.6678796,1.7289324
1.2101073,1.555438,0.38629577,0.34533072,0.89395416
1.3944342,1.555234,0.38643065,0.16079974,0.4161154
1.2786466,1.5554392,0.386296,0.27679265,0.7165299
1.555731,1.5552329,0.38643065,-0.0004981756,-0.0012891721
1.2532475,1.55544,0.38629612,0.30219245,0.7822819
1.6880393,1.5554383,0.386296,-0.13260102,-0.34326273
1.5257373,1.5552325,0.38643065,0.02949524,0.07632738
1.9970096,1.555233,0.3864305,-0.44177663,-1.143224
1.1516707,1.555234,0.38643062,0.40356326,1.0443356
1.8548455,1.555438,0.38629577,-0.29940748,-0.7750732
1.5556734,1.5554395,0.38629606,-0.00023388863,-0.0006054647
1.3070103,1.555439,0.38629606,0.2484287,0.64310443
1.2300637,1.5554389,0.38629588,0.3253752,0.8422953
1.4470366,1.555438,0.38629588,0.10840142,0.2806176
1.6458066,1.5554383,0.38629594,-0.09036827,-0.23393534
1.2590585,1.555232,0.38643053,0.29617357,0.7664342
1.5915074,1.5554383,0.3862959,-0.036069155,-0.09337182
1.7922778,1.5552258,0.38642937,-0.23705196,-0.6134419
1.3564339,1.5552332,0.38643062,0.19879937,0.5144504
1.2325422,1.5552318,0.3864305,0.32268965,0.83505225
1.1427405,1.5554382,0.38629577,0.41269767,1.0683464
1.2015855,1.5554384,0.3862959,0.35385287,0.916015
1.9612378,1.55544,0.38629612,-0.40579784,-1.0504838
1.898217,1.5552342,0.38643068,-0.34298277,-0.8875661
1.6615452,1.5554407,0.38629618,-0.10610449,-0.27467135
2.0079029,1.5552335,0.38643062,-0.45266938,-1.1714118
1.8541901,1.5552328,0.38643065,-0.29895735,-0.7736378
2.0674443,1.555234,0.38643074,-0.51221037,-1.3254907
1.7504704,1.5554385,0.38629594,-0.19503188,-0.50487685
1.4337313,1.555227,0.3864297,0.12149572,0.31440577
1.4269128,1.5554392,0.38629603,0.12852645,0.33271492
1.4007263,1.5554397,0.38629612,0.15471339,0.40050465
1.3018937,1.555233,0.38643056,0.2533393,0.65558815
1.590819,1.5554404,0.38629615,-0.035378575,-0.09158407
1.0427024,1.5554391,0.386296,0.5127367,1.3273156
1.8353132,1.555232,0.3864305,-0.28008115,-0.7247905
1.5777199,1.5552337,0.38643074,-0.02248621,-0.058189496
2.042544,1.5554394,0.386296,-0.48710454,-1.2609619
1.3630599,1.555439,0.386296,0.19237912,0.4980096
1.4233952,1.555232,0.38643053,0.13183689,0.3411658
1.8725249,1.555234,0.38643065,-0.3172909,-0.8210811
1.2840245,1.555438,0.38629577,0.27141356,0.7026056
1.3166094,1.5552317,0.3864303,0.23862231,0.6175041
1.4019158,1.5552332,0.38643074,0.15331745,0.39675274
1.8656389,1.5554388,0.386296,-0.3102001,-0.8030114
1.6376598,1.5552313,0.3864304,-0.082428455,-0.21330737
1.4129709,1.5552328,0.38643068,0.14226186,0.3681433
1.1291631,1.5552328,0.38643065,0.42606962,1.1025772
1.7483463,1.5554397,0.38629615,-0.19290662,-0.49937493
1.4904362,1.555438,0.38629594,0.065001845,0.16826954
1.700611,1.5552335,0.38643077,-0.14537752,-0.37620586
1.1015419,1.5554392,0.38629594,0.45389736,1.174999
1.311309,1.5554389,0.386296,0.2441299,0.63197625
1.3318459,1.5552323,0.38643056,0.2233864,0.5780764
1.8957554,1.5554379,0.3862957,-0.3403175,-0.8809766
1.2399637,1.555233,0.38643053,0.31526935,0.81585
1.7085571,1.5552315,0.38643032,-0.15332568,-0.39677444
1.4303287,1.5552325,0.38643056,0.1249038,0.32322443
1.4484025,1.5552328,0.38643065,0.10683024,0.27645385
1.9232192,1.5552335,0.38643065,-0.36798573,-0.9522685
1.4934222,1.5554383,0.38629583,0.06201613,0.1605405
1.7834384,1.5554382,0.38629594,-0.22800028,-0.59022176
1.616086,1.5552258,0.38642952,-0.060860157,-0.15749355
1.4415522,1.5552332,0.38643065,0.11368108,0.29418236
1.8541596,1.5554388,0.38629594,-0.29872084,-0.7732953
1.4593679,1.555438,0.38629583,0.09607017,0.24869585
1.5340388,1.5554382,0.38629583,0.021399379,0.05539635
1.7347527,1.5554383,0.38629588,-0.17931437,-0.4641892
1.3759415,1.5552335,0.38643062,0.17929196,0.46396935
1.4296926,1.5552328,0.38643062,0.12554014,0.3248711
1.9451509,1.5552335,0.38643062,-0.38991737,-1.009023
1.7685486,1.5554396,0.38629612,-0.21310902,-0.5516727
1.5480543,1.5552322,0.38643023,0.0071778297,0.018574711
1.5799282,1.5554388,0.38629594,-0.024489403,-0.06339544
1.5970299,1.555233,0.38643062,-0.041796923,-0.10816152
1.644264,1.5552332,0.38643053,-0.08903074,-0.23039262
1.2957988,1.5552342,0.38643065,0.25943542,0.6713635
0.93174124,1.5552335,0.38643056,0.62349224,1.6134652
1.7149013,1.5554383,0.3862959,-0.15946305,-0.41280025
1.4602145,1.5554392,0.386296,0.09522474,0.24650718
1.3870362,1.5554392,0.386296,0.16840303,0.43594298
1.7338114,1.5554397,0.38629603,-0.17837167,-0.46174863
1.476125,1.5554384,0.3862959,0.0793134,0.20531772
1.148884,1.5552342,0.38643065,0.40635014,1.0515474
1.581359,1.555438,0.38629583,-0.025920987,-0.06710139
1.7320148,1.5554389,0.38629594,-0.1765759,-0.45710006
1.770609,1.555438,0.3862959,-0.21517098,-0.55701077
1.6945878,1.5554386,0.38629588,-0.13914919,-0.360214
1.446487,1.5554383,0.38629594,0.10895133,0.2820411
1.4849937,1.555438,0.38629583,0.070444345,0.18235855
1.3390691,1.5554383,0.38629588,0.21636915,0.5601125
1.6185527,1.5552299,0.38643008,-0.06332278,-0.16386607
1.6637865,1.5554379,0.3862957,-0.10834861,-0.280481
1.9533746,1.5554389,0.38629603,-0.39793575,-1.0301316
1.8803089,1.5554395,0.38629612,-0.3248694,-0.84098536
1.5098068,1.555233,0.3864308,0.04542625,0.11755339
1.5248561,1.5554378,0.3862957,0.030581713,0.07916658
1.4154652,1.555439,0.38629606,0.13997376,0.3623484
1.3890784,1.5552325,0.38643056,0.16615415,0.42997155
1.403599,1.5552335,0.38643068,0.15163445,0.39239755
1.6473036,1.555438,0.386296,-0.09186554,-0.23781127
1.3725388,1.5552313,0.38643032,0.18269253,0.47276965
1.7972143,1.5552316,0.38643038,-0.2419827,-0.62619996
1.2833966,1.555233,0.38643074,0.2718364,0.7034544
1.3771596,1.5554388,0.38629588,0.17827916,0.46150935
1.6484864,1.555234,0.38643068,-0.09325242,-0.24131733
1.9012711,1.5554391,0.38629603,-0.345832,-0.8952512
1.8098631,1.5554383,0.38629577,-0.2544248,-0.658627
1.3811492,1.5554379,0.386296,0.17428875,0.45117927
1.4757981,1.5554402,0.38629612,0.07964206,0.20616841
1.6129832,1.5554397,0.38629618,-0.057543516,-0.14896217
1.1806108,1.5552332,0.38643062,0.37462246,0.969443
1.3157668,1.5554382,0.3862959,0.23967135,0.6204346
1.1683842,1.55544,0.38629612,0.38705575,1.0019665
1.3405403,1.55544,0.38629615,0.21489966,0.55630803
1.7221911,1.555234,0.3864308,-0.16695714,-0.43204924
1.5567203,1.5552326,0.38643062,-0.0014876127,-0.0038496244
1.9701438,1.555438,0.386296,-0.41470575,-1.073544
1.4949353,1.5554388,0.3862959,0.060503483,0.1566247
1.463737,1.5552323,0.38643053,0.091495275,0.2367703
1.8121858,1.5552322,0.38643053,-0.2569536,-0.66494125
1.1245165,1.5552298,0.38642976,0.4307133,1.1145966
1.3851814,1.5554379,0.386296,0.1702565,0.44074103
1.9785665,1.5552303,0.38643017,-0.42333627,-1.0955052
1.9037517,1.555233,0.38643074,-0.34851873,-0.9018918
1.476085,1.5552342,0.38643068,0.079149246,0.20482133
1.422446,1.5554385,0.38629594,0.1329925,0.34427622
1.757411,1.555233,0.38643068,-0.202178,-0.5231935
1.430917,1.5554382,0.38629588,0.12452114,0.32234654
1.6118091,1.555438,0.38629588,-0.056371093,-0.14592724
1.8911772,1.5554385,0.38629606,-0.33573866,-0.8691226
1.3027531,1.5552342,0.38643056,0.2524811,0.65336734
1.2430146,1.5552326,0.38643053,0.31221807,0.80795395
1.1982604,1.555438,0.38629583,0.35717762,0.924622
1.8178103,1.5552335,0.38643062,-0.26257682,-0.6794928
1.2948285,1.5554383,0.38629583,0.26060975,0.67463773
1.208033,1.5552332,0.38643065,0.34720027,0.8984802
1.9593655,1.5554391,0.38629588,-0.40392637,-1.0456399
1.4290403,1.5552301,0.38643005,0.12618983,0.32655284
1.3961706,1.5554394,0.38629612,0.15926874,0.412297
1.4473608,1.555233,0.38643053,0.10787225,0.27915043
1.5950692,1.5554383,0.3862959,-0.03963089,-0.10259205
1.4461288,1.5554394,0.38629603,0.10931051,0.28297082
1.2409422,1.5552307,0.38643008,0.3142885,0.8133127
1.5485924,1.5552309,0.38643008,0.0066384077,0.017178807
1.9374003,1.5554394,0.386296,-0.381961,-0.988778
1.102209,1.5554388,0.3862959,0.45322978,1.173271
1.051038,1.5552304,0.38642994,0.50419235,1.3047446
1.1443933,1.5554379,0.38629588,0.4110446,1.0640668
1.0097816,1.555439,0.38629594,0.5456574,1.4125372
1.5408142,1.5552335,0.38643062,0.014419317,0.037314117
1.5217282,1.555233,0.38643056,0.033504844,0.0867034
1.4091859,1.5554382,0.3862959,0.14625227,0.37860167
1.2648365,1.5554384,0.386296,0.29060185,0.7522777
1.8727988,1.5554388,0.38629594,-0.31736004,-0.8215464
1.4433783,1.555439,0.3862959,0.112060666,0.2900902
1.1508107,1.5554385,0.38629606,0.4046278,1.0474552
1.151735,1.555438,0.38629583,0.4037031,1.0450621
1.7587333,1.5554388,0.3862959,-0.20329452,-0.5262663
1.2125367,1.5554383,0.3862959,0.3429016,0.88766557
1.2736763,1.5554382,0.3862959,0.28176188,0.7293939
1.5289385,1.5552335,0.38643062,0.026294947,0.06804571
1.405312,1.5552331,0.38643056,0.14992118,0.38796407
1.057529,1.5552332,0.3864302,0.49770427,1.2879539
1.3015721,1.5554383,0.3862959,0.2538662,0.65718067
1.3723216,1.5554389,0.386296,0.18311727,0.47403356
1.906892,1.5552331,0.38643065,-0.35165882,-0.9100179
1.1104319,1.5552323,0.38643056,0.44480038,1.1510487
0.99780995,1.5554383,0.38629583,0.55762833,1.4435267
1.8002247,1.55544,0.38629612,-0.24478471,-0.63367116
1.6135517,1.5552324,0.38643062,-0.05831933,-0.15091798
1.8308814,1.5552326,0.38643065,-0.2756487,-0.71332
1.1667597,1.5554391,0.38629594,0.3886794,1.00617
1.1347283,1.5552331,0.38643062,0.4205048,1.0881767
1.3802738,1.5554378,0.3862959,0.17516398,0.45344508
1.1898866,1.5552337,0.38643068,0.36534715,0.9454403
1.6300999,1.5552295,0.38643008,-0.07487035,-0.19374876
1.2669876,1.5552335,0.38643062,0.28824592,0.7459189
2.0111713,1.5552286,0.38642988,-0.45594275,-1.1798848
1.3124623,1.5552326,0.38643062,0.24277031,0.6282378
1.1271824,1.5554382,0.38629583,0.4282558,1.1086214
1.4931964,1.55544,0.38629606,0.06224358,0.1611292
1.3780721,1.5554407,0.38629627,0.17736852,0.45915154
1.409801,1.555438,0.38629588,0.14563704,0.37700903
1.4567906,1.5552335,0.38643077,0.09844291,0.25474915
1.0038166,1.5554385,0.38629606,0.5516219,1.4279771
1.7610965,1.5552337,0.38643074,-0.20586276,-0.53272873
1.5731218,1.5554384,0.38629583,-0.017683387,-0.0457768
1.4628451,1.5552325,0.38643056,0.09238744,0.23907901
1.5656157,1.5554391,0.38629594,-0.010176539,-0.026343893
1.4692588,1.5552323,0.38643053,0.0859735,0.22248113
1.9697773,1.5554385,0.386296,-0.41433883,-1.0725942
1.0829661,1.555233,0.38643062,0.4722669,1.222126
1.7857156,1.5554391,0.38629594,-0.23027647,-0.5961141
1.9453225,1.555439,0.3862959,-0.38988352,-1.0092872
1.6818855,1.5554383,0.38629588,-0.1264472,-0.3273325
1.7189713,1.555439,0.3862959,-0.16353226,-0.42333415
1.6614984,1.5552313,0.38643023,-0.106267095,-0.27499685
1.7938321,1.5554384,0.386296,-0.23839366,-0.61712694
1.0583197,1.555439,0.38629594,0.4971193,1.2868872
1.3291882,1.5552332,0.38643068,0.22604501,0.58495617
1.2404172,1.5552305,0.38642988,0.31481326,0.8146711
1.1836265,1.5554388,0.38629594,0.37181222,0.9625062
1.1100397,1.5552306,0.38643017,0.4451909,1.1520604
1.3788962,1.5554391,0.386296,0.17654288,0.4570145
1.5166619,1.5552342,0.38643062,0.03857231,0.09981691
1.1522692,1.555438,0.38629583,0.4031688,1.0436789
1.0826732,1.5552325,0.38643065,0.47255933,1.2228826
1.2746077,1.555438,0.3862959,0.28083038,0.72698253
1.3294623,1.5554397,0.38629603,0.22597742,0.5849851
1.1833874,1.5552332,0.38643065,0.37184584,0.9622576
1.4165934,1.5552342,0.38643077,0.13864076,0.35877258
1.4458619,1.5552328,0.38643077,0.10937083,0.28302824
1.2706518,1.5552328,0.38643074,0.28458095,0.7364345
1.0351005,1.5554382,0.3862959,0.5203377,1.3469925
1.6645541,1.5552294,0.38643008,-0.10932469,-0.28290936
1.7208012,1.5554388,0.3862959,-0.16536248,-0.42807204
1.5369961,1.5554385,0.3862959,0.018442392,0.047741618
2.0691767,1.555438,0.386296,-0.51373863,-1.3299092
1.7582836,1.5552305,0.38643008,-0.20305312,-0.5254589
1.2460495,1.555439,0.38629603,0.30938947,0.8009129
1.5433557,1.5552307,0.38643005,0.011875033,0.030730098
1.3736215,1.5554395,0.38629612,0.18181801,0.47067004
1.3210987,1.5552335,0.38643056,0.2341348,0.605891
1.2743919,1.5554386,0.38629594,0.28104675,0.7275426
1.8693585,1.5554392,0.3862959,-0.3139193,-0.8126395
1.5714931,1.5552297,0.38643005,-0.016263485,-0.04208649
1.2924156,1.5554383,0.38629588,0.26302266,0.68088394
1.1688521,1.5554385,0.38629594,0.38658643,1.000752
1.6181047,1.555438,0.38629588,-0.062666655,-0.1622245
2.0139585,1.5554378,0.38629588,-0.45852065,-1.1869675
1.4687417,1.5554385,0.386296,0.08669686,0.22443117
1.2569443,1.5552337,0.38643065,0.29828942,0.7719093
1.4670221,1.555234,0.38643062,0.088211894,0.22827356
1.6627941,1.5554407,0.3862963,-0.10735345,-0.27790442
1.766999,1.5554397,0.38629606,-0.2115593,-0.547661
1.3953402,1.5552326,0.38643053,0.15989244,0.4137676
1.6327198,1.5552329,0.3864305,-0.07748687,-0.20051956
1.7463014,1.5554385,0.3862957,-0.1908629,-0.49408495
1.3326541,1.5554384,0.38629583,0.22278428,0.57671934
0.90517634,1.5552342,0.38643065,0.65005785,1.6822109
1.6918818,1.5552313,0.3864302,-0.13665044,-0.3536226
1.3034782,1.5554385,0.3862959,0.25196028,0.65224683
1.8359113,1.5554385,0.38629606,-0.28047276,-0.72605646
