M_chirp_true,M_ratio_true,M_chirp_pred,M_ratio_pred,sigma_M_chirp_pred,sigma_M_ratio_pred
1.5356314,0.76848924,1.5606067,0.71793324,0.0068657952,0.13673519
1.78968,0.70051014,1.8293207,0.8198809,0.008916109,0.08944125
1.4488125,0.9274052,1.4367225,0.7014637,0.08738021,0.164336
1.6060301,0.8069926,1.5698764,0.7815783,0.37018207,0.14449729
1.4813675,0.52589965,1.4571333,0.73208326,0.1094359,0.14601769
1.6845636,0.8341072,1.7006233,0.7817629,0.04542697,0.11761041
1.1561015,0.62905765,1.2440538,0.76801556,0.19926034,0.13944636
1.0573584,0.8237059,1.0041585,0.8206397,0.025932563,0.097766176
1.5904406,0.8690732,1.4611878,0.78346705,0.3554628,0.15434939
1.3837866,0.79998857,1.3528578,0.75662947,0.29377893,0.14837277
1.4716018,0.5589005,1.4942691,0.68945235,0.008623388,0.15154956
1.5048298,0.550404,1.538737,0.7552352,0.28232017,0.14490435
1.6718031,0.79340327,1.4127572,0.80410886,0.44043952,0.1318065
0.9793701,0.81329876,1.1527905,0.7871249,0.18480796,0.12859827
2.0813115,0.97538644,1.6325648,0.86531204,0.50374615,0.10669679
1.7636565,0.85485035,1.7865474,0.8048682,0.0077679255,0.09537679
1.5690166,0.6518476,1.6039696,0.7305527,0.009268297,0.13152394
1.4395208,0.9165645,1.3979027,0.70011306,0.08154359,0.16542748
1.8092073,0.8745885,1.6835668,0.8081089,0.28615287,0.12365999
1.8391817,0.95967454,1.7133541,0.8195997,0.25765553,0.11662252
1.768935,0.83217746,1.7955086,0.8104621,0.00716755,0.09712304
1.3065679,0.6327597,1.3157425,0.6807792,0.0056328545,0.15480019
1.3170217,0.6168958,1.3291612,0.65375674,0.0065274374,0.16934317
1.0887761,0.74144435,1.1393769,0.7666268,0.09001801,0.1275923
1.6305274,0.79925334,1.6577165,0.7530756,0.00593112,0.1205122
1.3278928,0.8261263,1.3368542,0.67137,0.004834445,0.1596675
1.2589428,0.8467739,1.3847702,0.7046978,0.14558338,0.16836357
1.4262546,0.69603807,1.4384453,0.67809427,0.0048636617,0.15711543
1.6431509,0.7972135,1.6799788,0.76679194,0.0069128657,0.1157503
1.7145357,0.85277545,1.7323973,0.78212535,0.009304578,0.10737116
1.8593956,0.9208572,1.8940763,0.85891706,0.008361161,0.074706644
1.4477015,0.9399215,1.3387592,0.79477745,0.5062159,0.14590831
1.150534,0.7055025,1.3187139,0.7620834,0.3007917,0.15471733
1.1690035,0.58949023,1.1258636,0.788,0.1619607,0.12760258
1.4173448,0.83150315,1.4219577,0.67336273,0.022871895,0.16607592
1.6224633,0.7104732,1.522783,0.732507,0.18732694,0.15247385
1.2770915,0.9751884,1.2889378,0.6657707,0.01062168,0.16376911
1.7159462,0.7453933,1.7547305,0.8041523,0.024316052,0.1011168
1.860411,0.98494595,1.4418721,0.80061036,0.3947106,0.14083518
1.5499127,0.81149673,1.4528873,0.776999,0.24745537,0.14332753
1.1506516,0.60483724,1.1618934,0.7491435,0.057260804,0.13250524
1.0398374,0.7742641,1.3978541,0.8107042,0.48862863,0.14398748
1.3605884,0.5282779,1.373476,0.663144,0.005580307,0.16647819
1.2515875,0.84805804,1.2609642,0.6918644,0.025557313,0.1540018
2.1151145,0.984523,2.1639624,1.00915,0.17500633,0.03466318
1.5283691,0.62452286,1.5591025,0.7247207,0.0070738,0.13538687
1.8922524,0.89561176,1.9268322,0.87810284,0.009319369,0.066053085
1.6816667,0.86322546,1.7227879,0.78820205,0.047623716,0.11655159
1.3981274,0.77709115,1.420115,0.67103666,0.008687071,0.16513917
1.7043209,0.62771374,1.7227149,0.7891071,0.037647996,0.1157179
1.9041055,0.79047626,1.9313943,0.86823446,0.009742408,0.06654828
1.8257192,0.844047,1.8682735,0.8438861,0.009848974,0.0813903
1.6587429,0.8271295,1.6846411,0.76481014,0.006461755,0.11477508
1.5593069,0.9581005,1.5300522,0.7392974,0.07249247,0.1481411
1.6370369,0.9176531,1.6621189,0.74971765,0.023866411,0.13203046
1.432535,0.5398979,1.4507632,0.675666,0.007988596,0.15960658
1.7595415,0.8658794,1.8021765,0.8154126,0.008646482,0.091288604
1.2630153,0.8055786,1.2111788,0.74777395,0.11005939,0.1452678
1.3439611,0.41912958,1.4136167,0.79657584,0.63057625,0.13760489
1.3381066,0.9224593,1.3661633,0.655299,0.012139991,0.16935888
1.5371381,0.8760634,1.5557749,0.7129036,0.007345609,0.13579023
1.2026588,0.8150083,1.2799389,0.6874373,0.075286105,0.16324292
1.8018014,0.84111685,1.8466899,0.83071893,0.0077501596,0.08576095
1.7036769,0.93116003,1.7346466,0.7844642,0.009449291,0.10516197
1.4261996,0.9656015,1.4342608,0.6887136,0.009534295,0.15668468
1.652726,0.635633,1.8520873,0.8536405,0.14618905,0.093784414
1.4965014,0.80482745,1.4053383,0.7598255,0.1841066,0.13519454
1.1589212,0.8202524,1.1508629,0.7461249,0.012713168,0.12676932
1.1019261,0.71912205,1.2904234,0.69165206,0.0716855,0.1677432
1.5481416,0.5896425,1.5757773,0.7261749,0.0058690445,0.1329347
1.2328799,0.8024925,1.2419817,0.68781424,0.014010108,0.15324241
1.8623345,0.95751446,1.905762,0.8587614,0.009151464,0.0710387
1.7312587,0.9159035,1.6098666,0.7946458,0.4001573,0.14267877
1.7049726,0.7851857,1.7294736,0.7856363,0.0068731685,0.106907494
0.92585653,0.8857882,1.0863307,0.79914516,0.11805216,0.12073361
1.6330969,0.6286243,1.6661766,0.7525209,0.006365631,0.12103231
1.3257556,0.6017525,1.2009614,0.7645862,0.16696015,0.14094764
1.0964485,0.8518796,1.1117312,0.7616935,0.018830271,0.11881042
1.6944453,0.772983,1.7119963,0.77579916,0.012726068,0.1157306
1.19773,0.88729304,1.1646848,0.74587774,0.06307101,0.13633119
1.8201303,0.81366825,1.7625699,0.8474372,0.378284,0.100100495
1.1612313,0.9071808,1.1282136,0.7771946,0.07614728,0.12569413
1.8868209,0.9117093,1.7230592,0.88858086,0.46150798,0.08427167
1.459643,0.5503535,1.461277,0.6899319,0.04157368,0.16082405
1.4255376,0.8439296,1.4346254,0.6720722,0.0052208947,0.15978679
1.3307426,0.5197106,1.3400226,0.6507416,0.007202186,0.1731955
1.6796134,0.9951781,1.7084818,0.7760947,0.0060845218,0.1098481
1.2695249,0.67939454,1.2472272,0.75711644,0.22314051,0.1484477
1.2272859,0.5530545,1.2180104,0.7231377,0.09419164,0.14970815
1.5634083,0.7299392,1.5681934,0.7178795,0.009666817,0.13389875
1.3126402,0.9442877,1.317044,0.67263865,0.009839652,0.1641488
1.4945754,0.6087583,1.494596,0.7039628,0.04920308,0.1552554
1.9830242,0.963181,2.0401812,0.9176239,0.009516105,0.045967206
1.1555903,0.88455206,1.4278083,0.70870703,0.14781795,0.16352022
1.2082926,0.5754381,1.207042,0.7124419,0.03423483,0.1470932
1.2362127,0.6617144,1.2052758,0.74441403,0.10560807,0.14056756
1.8747599,0.9079913,1.8908525,0.8725639,0.06767551,0.07489483
1.4507978,0.77179575,1.4744794,0.69074583,0.005996393,0.15128897
1.4532828,0.56063724,1.4511161,0.6679364,0.016793326,0.16633804
1.8239439,0.8871577,1.853188,0.83613586,0.008186426,0.08540174
1.2933806,0.49882323,1.2696674,0.7199149,0.09375034,0.15566468
1.6464338,0.62891805,1.6902285,0.7681753,0.06555378,0.122023664
2.1006577,0.9419739,2.1058686,0.9693952,0.30207193,0.048901327
1.3063294,0.84470767,1.317739,0.6606016,0.021686848,0.16790812
1.0548861,0.8900732,1.1838849,0.77458185,0.21188836,0.13923652
1.726563,0.84534216,1.7502406,0.7952286,0.007171673,0.101605445
1.4669827,0.79455423,1.4831362,0.69079375,0.005648228,0.15096052
1.0844977,0.945965,1.4236441,0.75245327,0.18629712,0.14023553
1.5651219,0.6914805,1.583715,0.7430403,0.06563191,0.13806558
1.5904754,0.58144456,1.6121619,0.73819774,0.010156241,0.13250574
1.4101146,0.80451363,1.3936508,0.6930484,0.07006321,0.16390859
1.2962415,0.93354076,1.3044817,0.6658207,0.00877389,0.16292953
1.3527101,0.83721256,1.3636253,0.6521363,0.009661951,0.16932873
1.1786335,0.7985996,1.1708345,0.7477294,0.085723124,0.13694161
1.2158837,0.8998688,1.2055631,0.6876018,0.026517255,0.15200458
1.564482,0.5952571,1.585321,0.7352009,0.07091155,0.1392561
1.3515538,0.6444253,1.4926128,0.741881,0.2583961,0.16304
1.3218653,0.53166056,1.3304694,0.6663147,0.011721952,0.1659469
2.0156286,0.89043117,1.8166444,0.8739027,0.5237765,0.10039192
1.3378943,0.67520195,1.268625,0.7214534,0.11897573,0.1576884
1.2957793,0.44991815,1.2977254,0.66458523,0.011063665,0.16509885
1.8706111,0.8463422,1.905488,0.85781413,0.010373936,0.07131003
1.0869597,0.8875172,1.0511637,0.81809545,0.04647521,0.10193252
0.94641006,0.97695434,1.2708688,0.7443508,0.3105214,0.15504268
1.7316306,0.8839955,1.7616274,0.79522246,0.008489071,0.10225128
1.1671228,0.82596815,1.1220119,0.7965399,0.15761907,0.12518695
1.3376968,0.92497426,1.3322544,0.65847147,0.012856515,0.1717601
1.372664,0.577541,1.3854563,0.6613951,0.00612014,0.16650622
1.9406712,0.8332447,2.0363586,0.91852766,0.12738435,0.061386965
1.7138803,0.9199249,1.7373898,0.7999851,0.05638123,0.1111183
1.3969206,0.6639261,1.397975,0.653501,0.012467197,0.17013659
1.6404053,0.94331884,1.6626129,0.74720037,0.0068387645,0.12252091
1.6384386,0.6740616,1.598726,0.81477493,0.28234416,0.11925433
1.2607661,0.905951,1.2576611,0.68355286,0.011747791,0.15398511
1.3005186,0.99577785,1.367389,0.7393323,0.22009397,0.149572
2.0439236,0.9206622,2.1074853,0.9416569,0.059461996,0.043726087
1.3694551,0.45939404,1.5364652,0.8407588,0.48478127,0.11688649
1.2499388,0.83934253,1.2930033,0.72058743,0.12878683,0.15666088
1.4324311,0.88067335,1.2426486,0.7641451,0.1817274,0.13939199
1.6637945,0.94897705,1.6881325,0.76714146,0.0064561465,0.11401232
1.6649371,0.89981085,1.6802411,0.7688641,0.012041372,0.116267346
1.4874023,0.8743061,1.4987118,0.69022864,0.006161861,0.14883946
1.0995967,0.8495977,1.1538002,0.8148743,0.2243249,0.12288708
1.8254876,0.7360213,1.8463302,0.83984923,0.008200991,0.08479862
1.3321596,0.6913657,1.3674376,0.6708758,0.063696824,0.17384835
1.685258,0.847516,1.7147932,0.7802342,0.0064966627,0.10703728
1.5934141,0.5471727,1.3172958,0.74563825,0.18636686,0.14959796
1.5630233,0.562042,1.5861733,0.7244179,0.006332076,0.135832
1.331739,0.4658701,1.3422835,0.6709838,0.04629557,0.17967418
1.4217337,0.8876519,1.4270968,0.6857677,0.05729886,0.17217194
1.432896,0.6834696,1.444407,0.67977655,0.005542291,0.15646173
1.3386291,0.96929514,1.3545892,0.653739,0.008340777,0.17109431
1.8114196,0.9748965,1.8341954,0.8313805,0.0072656875,0.08724104
1.386361,0.69596374,1.3798275,0.7089015,0.1458236,0.1646018
1.5012417,0.730602,1.5235927,0.70108783,0.008189869,0.14774515
1.0654576,0.74845976,1.5698907,0.7894999,0.30985835,0.13348185
1.8637862,0.80976075,1.880693,0.8458957,0.008650988,0.080629855
1.5605359,0.7763942,1.5833838,0.72530603,0.0061246273,0.13276733
1.5206146,0.5577161,1.5401757,0.7184413,0.008400054,0.13999686
2.0695188,0.9067391,1.7587483,0.9301563,0.28740224,0.061935563
1.5524268,0.6377389,1.5561683,0.7443558,0.09356921,0.13724399
1.5833244,0.7041306,1.6093111,0.73734087,0.00579375,0.12843063
1.1651405,0.69730246,1.1514966,0.7315505,0.030238291,0.13763551
1.1331313,0.6124979,1.1274667,0.7644979,0.12505989,0.13359608
1.514216,0.9166056,1.4836683,0.6991076,0.077450424,0.16018905
1.6059315,0.72399384,1.5865009,0.7908081,0.24520662,0.13746125
1.1983798,0.7278031,1.1382089,0.76703906,0.05220258,0.12490578
1.4341303,0.8587764,1.4413834,0.67518467,0.011916778,0.1596247
1.6375922,0.83420306,1.6518669,0.7524887,0.01446187,0.12346902
1.1896943,0.6643093,1.2441416,0.6986845,0.036742665,0.15299305
1.5583354,0.78577554,1.5684636,0.71848196,0.0105791325,0.14102112
1.257022,0.55692774,1.2471418,0.6720889,0.014924461,0.1646102
1.1874524,0.740728,1.0943264,0.7711805,0.056999102,0.12321738
1.3371924,0.46095154,1.3365302,0.7236071,0.23079339,0.15757054
1.2895603,0.7018892,1.2433908,0.70828193,0.06559504,0.1548903
1.5350374,0.9774208,1.5449011,0.7232083,0.024045805,0.14577815
1.4639044,0.6977175,1.4410036,0.71270454,0.116543725,0.15705226
2.010633,0.9619738,2.0476344,0.9289141,0.030205874,0.047496993
1.2015404,0.65230465,1.2035182,0.69649196,0.019244084,0.14803287
1.7211657,0.6636445,1.7043142,0.8106682,0.1887245,0.1137968
1.3129437,0.51948214,1.3160937,0.6553555,0.013246495,0.17173074
1.1945779,0.92845124,1.1901281,0.7477764,0.08760393,0.1398023
2.0497935,0.8924871,2.1060104,0.95303446,0.033980053,0.03603494
1.6845323,0.7060963,1.7037952,0.77228886,0.0061078696,0.11201953
1.540232,0.7879477,1.5167215,0.7352178,0.08720574,0.15035233
1.3391439,0.74808306,1.3512518,0.65283173,0.0048681283,0.16883244
1.6559924,0.952675,1.6814308,0.7606672,0.0057835397,0.116443224
1.1287115,0.9520754,1.1973212,0.78546035,0.27557588,0.13901429
1.5722436,0.6523102,1.6080217,0.74476916,0.078575,0.14004575
1.4501504,0.5360739,1.4638877,0.6840522,0.018992126,0.16384585
1.2247937,0.61249024,1.1940544,0.7416827,0.15208265,0.14605042
1.8430665,0.81410974,1.8814399,0.8559141,0.05196134,0.07970176
1.6774224,0.63732535,1.7035701,0.7757015,0.066582754,0.11756595
1.0138859,0.9015119,1.8229091,0.84400195,0.10659493,0.090957865
1.2668761,0.80891716,1.2742829,0.6696131,0.013766228,0.16227953
1.6320964,0.7252993,1.6593602,0.75634223,0.0062344726,0.11794597
1.5257549,0.6520151,1.5027268,0.7277133,0.1747962,0.15245079
1.097229,0.8046992,1.0588319,0.8185039,0.09047776,0.10591998
1.372936,0.5161185,1.3833845,0.6644353,0.0057448656,0.16657387
1.1487428,0.7376738,1.2603781,0.75456834,0.23573203,0.13961668
1.6065588,0.6922776,1.6278737,0.7431537,0.0059194174,0.12495162
1.7649794,0.80585444,1.7999816,0.82246524,0.010630678,0.088565625
1.6885203,0.61541605,1.7057943,0.7727603,0.0064445296,0.11170819
1.2336988,0.9310751,1.2454138,0.6929441,0.008180073,0.14804834
1.1919267,0.6989127,1.1989291,0.716608,0.013174921,0.13915557
1.4216262,0.600332,1.4480977,0.6747326,0.008613353,0.16035977
2.0475066,0.9595576,2.0917997,0.94545406,0.019960204,0.034997478
1.2669775,0.94353735,1.2824857,0.6812338,0.006368084,0.15359701
1.1380137,0.7834477,1.0951467,0.7866455,0.0529635,0.11646082
0.9533679,0.85153705,1.1125467,0.83556443,0.30412444,0.118266344
1.1449655,0.8691617,1.1622984,0.7727827,0.14562939,0.130192
1.2355754,0.63111085,1.2220645,0.71207136,0.04660548,0.14900859
1.3488797,0.5077279,1.3721359,0.64959455,0.0067241243,0.17087111
1.1638473,0.7318821,1.2715104,0.8080671,0.30608106,0.12752439
1.5436815,0.7659629,1.5612922,0.71242917,0.008389538,0.13652287
1.5728568,0.6613705,1.5996859,0.7327795,0.005970943,0.13044855
1.2016762,0.5453369,1.2206078,0.7356273,0.10437594,0.14393435
1.8671719,0.88828313,1.9118328,0.8647843,0.01879829,0.0736064
1.4643831,0.548778,1.4804165,0.68818915,0.0062669185,0.15423383
1.3484851,0.74757713,1.2895675,0.7469138,0.27699903,0.15450168
1.2309161,0.50128573,1.1897233,0.7603655,0.073251605,0.13276787
1.4708161,0.7191077,1.494096,0.69353276,0.005014791,0.14815162
1.4551853,0.55058414,1.480077,0.6909269,0.005203961,0.15131976
1.3556348,0.45805666,1.3660445,0.65723866,0.0049350257,0.16818374
1.5263723,0.7527855,1.5502372,0.7169678,0.013081025,0.13793221
1.3457848,0.9437898,1.2770073,0.73193794,0.13362545,0.15165873
1.3839622,0.7401432,1.3031497,0.73498666,0.1158315,0.14591326
1.6520447,0.8808465,1.4011171,0.76614624,0.310183,0.14411168
1.5333067,0.9152511,1.5426459,0.71172225,0.0059682247,0.13975997
1.5989226,0.72990376,1.6154282,0.7410891,0.011088254,0.12912697
1.7214395,0.8814827,1.7503552,0.7910141,0.006394431,0.10470238
2.032419,0.91989714,2.094273,0.94399726,0.019356424,0.038493868
0.9484694,0.85072,1.4143362,0.79976344,0.47586355,0.14358763
1.4666357,0.7708024,1.4196725,0.73850393,0.17825432,0.14595038
1.3211617,0.49294084,1.3315191,0.6574465,0.005853416,0.16708522
1.7918116,0.72865766,1.8414326,0.831415,0.024002297,0.084449135
1.824584,0.8309223,1.8547654,0.8329451,0.008094554,0.085696496
1.3240361,0.756163,1.3240852,0.66556716,0.028853461,0.17058407
1.698052,0.7688999,1.7244391,0.7812469,0.005798628,0.107261814
1.2398319,0.59332764,1.233886,0.69346493,0.021780891,0.15322784
1.6763645,0.6599985,1.7033186,0.7722523,0.0069259577,0.11123432
1.1701745,0.6836908,1.1779318,0.7514326,0.079224914,0.13613561
1.5390743,0.5220427,1.5588543,0.7161813,0.005471358,0.13813207
1.5235007,0.5194688,1.5282404,0.7412437,0.09586416,0.14415365
1.3745565,0.8171788,1.3659377,0.6825139,0.100732446,0.16893633
1.282149,0.74118876,1.2701442,0.66745526,0.0066176695,0.16022721
2.1286397,0.97712976,2.1792052,0.99093384,0.03978972,0.02594199
1.0870197,0.7162552,1.0278361,0.82063025,0.058199175,0.10424151
1.7304214,0.7149125,1.7896798,0.81104916,0.01848209,0.09543838
1.279755,0.6507311,1.4421799,0.7902322,0.47440577,0.14713259
1.706371,0.66201156,1.4947381,0.75575495,0.26241657,0.14717579
1.5933845,0.86895967,1.6147752,0.73544616,0.00680439,0.12986074
1.6712055,0.7485025,1.6999497,0.7729525,0.006381279,0.111790925
1.236601,0.52144504,1.2018952,0.7981797,0.25069267,0.12944657
1.8886548,0.8956563,1.9076586,0.8671668,0.0346876,0.07109315
1.1229445,0.8063314,1.0746121,0.7809281,0.045745727,0.11312047
1.4251357,0.47130236,1.4387412,0.68209374,0.019665787,0.16567332
1.3248041,0.5874535,1.336438,0.66882753,0.017232047,0.16590965
1.223672,0.76016074,1.2801168,0.7482622,0.19687979,0.14520587
1.7172891,0.68219477,1.7832963,0.8385157,0.16907439,0.09702961
1.7503155,0.9540862,1.7606442,0.79726726,0.00984734,0.0983945
1.6815478,0.8927136,1.7191956,0.77765346,0.007829341,0.10954805
1.6553361,0.65835,1.6070571,0.87265056,0.7134692,0.11820173
1.1075448,0.7219108,1.2408421,0.80809087,0.3860271,0.13558936
1.1464869,0.6461056,1.1784065,0.7431486,0.050497074,0.13185205
1.6514509,0.6110935,1.6735692,0.7635806,0.0063653146,0.114389904
1.4029143,0.5528494,1.1823599,0.79268354,0.18884055,0.12962307
1.7163155,0.65238863,1.4833534,0.806254,0.46055487,0.1294812
2.1281388,0.9657657,1.4427588,0.9295451,0.63173145,0.081024975
1.1062233,0.6267544,1.0901625,0.7652883,0.016950045,0.115594864
1.8873403,0.94669116,1.9273889,0.88526756,0.12792145,0.07025525
1.420607,0.88854384,1.4330268,0.6749791,0.00478882,0.15901992
1.7956094,0.9901801,1.8318677,0.8276457,0.007158458,0.08708817
1.626319,0.86182195,1.6348128,0.7495574,0.0060385717,0.12272107
1.306455,0.6536235,1.3218083,0.65848,0.0056504398,0.16474651
1.769765,0.87538725,1.7967913,0.81210434,0.008762017,0.09440212
1.359518,0.6288933,1.3688076,0.70208675,0.18333708,0.1696171
1.0791235,0.9624362,1.183059,0.7844708,0.20805551,0.13259383
1.7008148,0.78628355,1.721487,0.77803814,0.007354802,0.11194872
1.4547493,0.88892907,1.4626489,0.68622476,0.0056215045,0.15526249
1.8757683,0.8485569,1.9164414,0.8648748,0.009165665,0.071557835
1.5767623,0.57196516,1.5988843,0.73094,0.027758036,0.13289572
1.4745747,0.8086734,1.4905856,0.68733287,0.0048951553,0.15264596
1.7388232,0.8633769,1.7553008,0.8181891,0.12371214,0.10572263
1.0420871,0.7253861,1.0046222,0.84479123,0.089395314,0.09840811
1.6605363,0.7271095,1.6789815,0.75961804,0.0061021927,0.11625537
1.1417408,0.7213632,1.0953765,0.77181053,0.023174094,0.1170072
1.1905415,0.5513131,1.0413904,0.8211871,0.19035949,0.11492349
1.5628345,0.53025144,1.594311,0.73928654,0.015046085,0.13244125
1.0354693,0.9456128,1.0992684,0.82803845,0.08112129,0.10378341
1.3500198,0.5317266,1.2872481,0.71271634,0.13573107,0.15796356
1.6829728,0.88278234,1.7105145,0.7760337,0.0062214243,0.109855376
1.0315297,0.7915428,1.4587896,0.84690505,0.5360692,0.12862568
1.7744037,0.9482166,1.4097254,0.73878425,0.21049353,0.15558039
1.3435253,0.6805536,1.3149867,0.7040969,0.113499746,0.16506612
1.4414614,0.9866968,1.3337352,0.76583326,0.30461317,0.14431006
1.3230118,0.9639818,1.2685244,0.69613886,0.09832721,0.16652659
1.27925,0.472695,1.2554262,0.7371415,0.22243614,0.15637274
2.113429,0.96278274,1.5660942,0.86726135,0.6898705,0.1145126
1.7675102,0.7488953,1.5065205,0.8182023,0.4370949,0.11715129
1.8138909,0.73851466,1.8312225,0.8392689,0.0840158,0.08797322
1.7646555,0.80887043,1.7971745,0.81996995,0.0076865023,0.09192675
1.6195011,0.69383186,1.6522915,0.75126946,0.005873599,0.12191975
1.6169822,0.8208642,1.4086957,0.7731289,0.42020613,0.15325081
1.1537426,0.9027189,1.1641152,0.75062287,0.09626286,0.1361881
1.2542148,0.5569164,1.272187,0.6782184,0.0071045468,0.15697451
1.5662112,0.539498,1.5966759,0.7288569,0.00690572,0.13188656
1.3937641,0.9431408,1.4048426,0.6620244,0.005510264,0.16684756
1.1340015,0.806199,1.2363446,0.742291,0.14005922,0.14603144
1.1331956,0.92793435,1.1127132,0.7966398,0.11655173,0.1210499
1.9710121,0.9753845,2.028899,0.91781634,0.048557438,0.04972469
1.9865339,0.8489719,2.0278666,0.9111993,0.028102316,0.052876048
1.4475061,0.7135163,1.4627478,0.6950901,0.051224634,0.16837032
1.3014725,0.45094398,1.23578,0.7396523,0.14054906,0.14705376
1.5541419,0.67611533,1.5701869,0.72735363,0.0067865234,0.13462095
1.4227475,0.5131807,1.4434063,0.6679829,0.0054718405,0.16028985
1.7038194,0.7408535,1.3083313,0.795361,0.37722892,0.13145538
1.5271527,0.5294702,1.5643399,0.7168976,0.007621972,0.13521071
1.6038853,0.59649193,1.625041,0.7425469,0.005643197,0.12465867
1.0852675,0.74057543,1.1475835,0.7904778,0.09461101,0.123354904
1.1679693,0.9020727,1.3506532,0.73479164,0.185282,0.15835682
1.6393423,0.64771056,1.3631208,0.75729406,0.27829656,0.15106146
1.2894799,0.98111427,1.2991946,0.6790081,0.007220589,0.15734835
1.5335504,0.64770293,1.5830765,0.7397968,0.059101753,0.13403544
1.0143646,0.82481873,1.1724286,0.7903654,0.30826005,0.1384653
1.7905943,0.86473906,1.6561196,0.8123825,0.3555285,0.12001302
1.2687206,0.8137968,1.2716753,0.667953,0.018319648,0.16466245
1.633255,0.88701767,1.6507947,0.75355464,0.0054203635,0.12030344
1.1771128,0.97777724,1.1579684,0.752654,0.046401493,0.12952764
1.8430555,0.7304518,1.7161434,0.8328206,0.45423967,0.10624628
1.3217201,0.8128522,1.3675761,0.6535477,0.00874124,0.16757616
1.2681128,0.90835696,1.2655759,0.6910873,0.0069453074,0.14898176
1.3933946,0.6223287,1.4193444,0.66196316,0.015867349,0.16649516
1.3231128,0.6721125,1.3395491,0.6572509,0.0051823407,0.16695064
1.1734575,0.582428,1.1964319,0.75934833,0.16158216,0.13840862
1.8783344,0.7707172,1.7506278,0.86556774,0.2761034,0.10300333
1.5097659,0.9402374,1.5303087,0.7027583,0.010266707,0.145223
1.3622664,0.71970654,1.3710845,0.6627995,0.02208249,0.17053093
1.8804004,0.7857143,1.9131863,0.86494875,0.055119544,0.07224276
1.3289218,0.5901441,1.3418131,0.6647466,0.0076376335,0.16475254
1.6685721,0.753837,1.5920362,0.76607084,0.25504282,0.13809188
0.9401069,0.877699,1.223321,0.90093994,0.44111788,0.10067155
1.3972386,0.46059394,1.4158072,0.67242527,0.017391017,0.16787504
1.4873852,0.5227767,1.501796,0.69490564,0.0050669597,0.14859797
1.7438716,0.7157493,1.7766683,0.80998987,0.016851448,0.099088624
1.5273644,0.8600551,1.5427513,0.7107977,0.005919423,0.14110374
1.1845483,0.99230736,1.319423,0.7507838,0.3350884,0.15494613
1.883352,0.8791005,1.9098771,0.86270165,0.00925417,0.07358497
1.2293227,0.6450302,1.195302,0.7546859,0.09427892,0.13690545
1.3845643,0.4397357,1.4020133,0.6618925,0.006251101,0.16843648
2.0311923,0.99322194,1.7518654,0.8735189,0.7676568,0.1061228
1.1368964,0.7703818,1.2194521,0.73547274,0.16836557,0.15354857
1.273882,0.6368645,1.4091778,0.76743466,0.2588082,0.14625718
1.502733,0.5362423,1.5208755,0.70111597,0.0052377903,0.1446579
1.5119835,0.521479,1.297266,0.78755206,0.41361094,0.15122123
1.2913657,0.87507826,1.297914,0.6634512,0.006731936,0.1643883
1.66543,0.8794317,1.7073588,0.7841035,0.041801795,0.11384641
1.6277565,0.5781843,1.6504977,0.75806177,0.0060164044,0.11912443
1.1889894,0.98501664,1.1657839,0.7845155,0.14998074,0.13115236
1.5877272,0.6150558,1.6132736,0.74744487,0.020217506,0.13050492
1.1058271,0.8298796,1.0824437,0.7810142,0.041154653,0.11398071
1.7024331,0.799127,1.723419,0.77814126,0.005756805,0.109463446
1.9861602,0.8613288,2.0147283,0.90722585,0.012778261,0.05268554
1.2434905,0.50012606,1.1928337,0.7383132,0.107891545,0.14700803
1.7274331,0.84200156,1.7549405,0.7956379,0.010210911,0.10298613
1.1220096,0.71145874,1.112763,0.8031431,0.12492538,0.12018171
1.3988839,0.75107634,1.4160142,0.66352457,0.011754386,0.16897568
1.2012082,0.92263705,1.192981,0.7160046,0.04507964,0.14415722
1.6162175,0.7275176,1.1443517,0.80464417,0.26996592,0.12970811
1.6510313,0.61026275,1.6794124,0.7614208,0.0065122726,0.115218215
1.3988768,0.9489307,1.3868213,0.78680414,0.43454733,0.13968652
1.0164509,0.99486524,1.3629651,0.7879789,0.36508122,0.13864437
1.6604149,0.9108003,1.6931694,0.76566195,0.0056553828,0.11398373
1.5381598,0.64363354,1.5750887,0.7237571,0.009005707,0.13445878
1.1381947,0.91612095,1.3104048,0.77967215,0.33147436,0.13894853
1.9326488,0.8826028,1.9705501,0.8993299,0.11263657,0.06387065
1.5796349,0.7416507,1.4947293,0.78365123,0.29644504,0.14415199
1.369251,0.86263776,1.3810194,0.72221106,0.22608593,0.15979372
1.8865855,0.93405807,1.9708164,0.9066283,0.14310183,0.06653073
1.1449665,0.63494164,1.0982137,0.7847897,0.04965985,0.117011115
1.5403241,0.8352808,1.643673,0.8090201,0.4483732,0.1252573
1.4466685,0.65650403,1.4525375,0.67571497,0.005001466,0.15825336
1.5613627,0.6724836,1.5216994,0.7471293,0.1475451,0.1416467
1.7656823,0.8582559,1.8176382,0.8241442,0.016156238,0.09018633
1.1220872,0.84403616,1.2087429,0.77876735,0.25010806,0.13818862
1.3449265,0.5224147,1.3598163,0.6556729,0.004727517,0.16871771
1.3052698,0.43882427,1.2566714,0.77965194,0.29650703,0.13957188
1.2925992,0.90704614,1.2940974,0.6664748,0.012499672,0.16724211
1.6798198,0.85634446,1.7086504,0.7746919,0.007288408,0.11284918
1.3458624,0.4487764,1.3669214,0.65298223,0.008892044,0.16785116
1.6444592,0.84967566,1.6716273,0.7610944,0.0089035,0.120985635
1.1986132,0.63699853,1.2613773,0.74191964,0.18935423,0.1460707
1.4043944,0.9498714,1.4231801,0.66304064,0.006356819,0.16405143
1.5112512,0.507588,1.4223423,0.7251646,0.3098162,0.17229764
1.6350752,0.9614055,1.6470485,0.75278324,0.0118260505,0.122096166
1.7301325,0.7600384,1.7557924,0.79242706,0.0069494713,0.10362688
1.6666104,0.7607126,1.697048,0.7723303,0.006279979,0.111903
1.8139826,0.76581174,1.3547032,0.7592658,0.28335482,0.14166819
1.5932453,0.7406815,1.600611,0.7397213,0.018573463,0.13194595
1.9238726,0.8245555,1.9326675,0.87726307,0.03579491,0.07110272
1.9525988,0.8669587,1.9889345,0.8892518,0.01147779,0.057909824
0.989871,0.99498975,1.1206832,0.78314745,0.09608143,0.12491406
1.5395368,0.9125668,1.5602841,0.735017,0.04420069,0.1459585
1.2039729,0.8969484,1.2060466,0.7184781,0.011489419,0.138273
1.1162709,0.8479956,1.2740026,0.82355124,0.38198504,0.13311638
1.1844002,0.55205715,1.171092,0.73624134,0.04053263,0.13719153
1.9874424,0.8409393,2.030377,0.9152216,0.011770184,0.04897099
1.0762489,0.855488,1.392597,0.8692959,0.7708641,0.1217414
1.3612716,0.45386606,1.3719027,0.6610213,0.0065545095,0.16609612
1.8834559,0.9571433,1.9142692,0.86307496,0.04401687,0.07472831
1.8917515,0.79049885,1.925679,0.875197,0.032025386,0.067715205
1.5207436,0.7342985,1.532263,0.71025014,0.0074335164,0.14238383
1.0665883,0.9093546,0.99123913,0.823588,0.078374304,0.10457616
1.3185723,0.8038323,1.2921672,0.6988997,0.049621146,0.1552308
1.4666499,0.8783464,1.4834948,0.68940955,0.008851578,0.15316516
1.3796188,0.72372305,1.3651824,0.6803334,0.060981564,0.17660487
1.724919,0.705679,1.7580383,0.7988152,0.008826156,0.10345392
1.270939,0.62586504,1.2714715,0.6877477,0.012254933,0.15373093
1.9785833,0.8813545,1.9955406,0.90106016,0.01324049,0.056664005
1.5133841,0.5213412,1.5426865,0.70423186,0.009254082,0.14384963
1.4291706,0.89718336,1.4406238,0.67976236,0.0080100205,0.15607424
1.5197072,0.8816384,1.5930161,0.7504808,0.12048317,0.14024526
1.1660719,0.91538334,1.2022374,0.79436916,0.16557418,0.12306139
1.9726033,0.9966127,2.0377884,0.9237142,0.023783725,0.047682703
1.532433,0.508869,1.5574615,0.71738756,0.0071755517,0.1392698
1.2961308,0.87081486,1.3119307,0.6675388,0.004820275,0.16259253
1.404439,0.6807384,1.39866,0.68046045,0.053203296,0.16816905
1.9582572,0.94755244,1.9790869,0.88291365,0.013997135,0.06118372
1.4142883,0.4547883,1.4397693,0.66595453,0.0127217,0.16297308
1.5600479,0.7181298,1.593812,0.72293663,0.012645495,0.13628326
1.9884428,0.9657122,2.021298,0.9131156,0.011980455,0.047095638
1.4054818,0.91390204,1.4298291,0.6592734,0.01050926,0.16707365
1.9947019,0.8899879,2.054957,0.9332083,0.014684349,0.043421045
1.4066371,0.69781995,1.4105985,0.6752302,0.027880015,0.16830756
1.6676518,0.91564244,1.561976,0.79811114,0.37161678,0.1368581
1.4103272,0.5279892,1.4281986,0.67277074,0.005943497,0.16041681
1.6919813,0.796595,1.7139835,0.78589314,0.012151202,0.1104513
1.8035291,0.7707569,1.824939,0.82086474,0.010142459,0.09273555
1.4133117,0.51108545,1.4896443,0.73883283,0.24501275,0.16331758
1.4350348,0.4856969,1.4604843,0.6774826,0.005937048,0.15738487
1.8961205,0.93422794,1.8334136,0.8651416,0.3206232,0.092302285
1.4301023,0.8881337,1.3746006,0.6978439,0.11730676,0.16412124
1.9548266,0.82727796,1.9757698,0.89383054,0.010020966,0.05885279
1.0652966,0.9895481,1.2399275,0.80455774,0.27139896,0.12716348
1.4210776,0.69619906,1.4258988,0.67608696,0.008782952,0.16323115
1.6663585,0.8937207,1.6763031,0.7702572,0.047922153,0.12043219
1.4596298,0.9677232,1.4845986,0.69095033,0.014963991,0.15189978
1.5573139,0.81258905,1.4758065,0.74590564,0.20062178,0.15155591
1.6923376,0.6526208,1.722389,0.78118634,0.0060396604,0.10714283
1.1470472,0.80079514,1.1523123,0.7814506,0.19757846,0.12989636
1.844299,0.8177239,1.8893902,0.8515366,0.009112102,0.078748725
1.5075349,0.8193645,1.5323973,0.7123559,0.010906487,0.14199527
1.3328226,0.58974504,1.3336215,0.6943632,0.10891411,0.17292762
1.7877614,0.849303,1.8316491,0.83002895,0.020460183,0.08868946
1.4570018,0.53245753,1.3684597,0.72124225,0.24759531,0.15569796
1.874997,0.8952713,1.4519439,0.8453602,0.57303375,0.11912776
1.1228046,0.72919893,1.1482356,0.75070816,0.037103616,0.12672843
1.5342165,0.8930285,1.5470665,0.7134673,0.0057931254,0.13943328
1.6925495,0.66554105,1.7320802,0.78502977,0.016843295,0.107169606
1.1265728,0.63766557,1.1507671,0.7370653,0.011243123,0.12666571
1.3353024,0.41767612,1.2759197,0.6998198,0.08786341,0.15977469
1.0108495,0.9584089,1.1448623,0.86704427,0.32288435,0.11117611
1.8636208,0.9262468,1.9092207,0.8628841,0.012015122,0.07123667
1.4292117,0.51253176,1.4085889,0.6812079,0.05579168,0.16684511
1.8053093,0.9694344,1.8220227,0.8205249,0.008918932,0.089069344
1.6426836,0.98666203,1.6636534,0.76145786,0.013469199,0.120934844
1.6655353,0.74445164,0.9811086,0.8597171,0.074482046,0.094165705
1.5357742,0.6790815,1.3873003,0.7477068,0.22737476,0.14549762
2.0308619,0.9825636,1.3278546,0.7287805,0.2435758,0.15682188
1.54633,0.5572148,1.57728,0.7258271,0.015206266,0.1351821
1.4014504,0.9665547,1.411557,0.6742216,0.007003528,0.16245541
0.9656268,0.84257925,1.3213568,0.71356684,0.1863311,0.1625319
1.6233255,0.7193926,1.6385262,0.74663305,0.0062371492,0.12433419
1.3241457,0.66966313,1.3388383,0.6522075,0.009545995,0.17013295
1.228991,0.8009273,1.2301741,0.70246804,0.011392212,0.14442591
1.6965472,0.89428186,1.7137764,0.7755226,0.010170896,0.10865362
1.9342742,0.9653254,1.9784527,0.895112,0.016702138,0.057140827
1.0589671,0.8443552,1.015049,0.8494576,0.09367622,0.09918838
2.0328455,0.9103545,2.0626996,0.9302833,0.017526485,0.04150049
1.2469949,0.7054851,1.2159572,0.7014971,0.020161752,0.14683068
1.912809,0.8586389,1.927697,0.8723733,0.01043933,0.06855956
1.9016272,0.8955235,1.8303335,0.86315745,0.30908456,0.09323933
1.950935,0.990462,2.0233781,0.91588163,0.020424824,0.048277706
1.1705192,0.8155464,1.1885612,0.7138376,0.0103562875,0.13708305
1.5656958,0.60609835,1.5798044,0.7276845,0.0062852995,0.13328622
1.7020601,0.74818116,1.76303,0.8016873,0.02136116,0.10077592
1.8381523,0.7580932,1.8726983,0.85219646,0.0082569355,0.07748889
1.0314754,0.9717816,1.0149537,0.8348259,0.0817874,0.1029939
1.2779787,0.6969447,1.2453506,0.6973964,0.04549631,0.15790832
1.7788123,0.92196053,1.8236086,0.8267052,0.012819684,0.09214115
1.0816182,0.88076144,1.4615424,0.6913194,0.06761599,0.15818867
1.1982503,0.77362514,1.5513093,0.7725363,0.35817665,0.13968486
1.3643526,0.6627065,1.3814969,0.662625,0.0051048202,0.16498771
1.3557439,0.47629854,1.3035188,0.71321833,0.16974954,0.16207361
1.471817,0.97148025,1.4880757,0.6907367,0.010559418,0.15231499
1.6726693,0.98867244,1.3259907,0.7530256,0.24695046,0.15162073
1.2683946,0.52940494,1.4548917,0.7252885,0.25917804,0.16190352
0.95747393,0.8833905,1.2648783,0.73867077,0.3350213,0.16140991
1.579002,0.6769117,1.6008208,0.72906446,0.006522024,0.13357668
0.9477017,0.8605409,0.95266587,0.88530606,0.2273009,0.102830276
1.1571355,0.91125023,1.3203268,0.7509827,0.3176117,0.15650798
1.3447821,0.4137963,1.3489652,0.6635848,0.03951164,0.17487635
1.577945,0.58447134,1.6009881,0.7316605,0.006681135,0.13261314
1.3128495,0.5572153,1.3223588,0.65283,0.0078163445,0.17015341
1.7167637,0.6897547,1.7338018,0.7917194,0.020042706,0.10951023
1.310126,0.5781617,1.3188384,0.6818445,0.055998154,0.17014186
1.4231002,0.5277615,1.411525,0.7783312,0.2999997,0.14538412
1.7383815,0.97609377,1.758733,0.793858,0.006407473,0.10283166
1.6918246,0.96156895,1.727349,0.79920816,0.072323635,0.11036012
1.2986412,0.58531743,1.3745809,0.67059946,0.05296013,0.17110208
1.2647161,0.76752764,1.2192757,0.72329247,0.040176217,0.14097326
1.9185824,0.92735165,1.9618835,0.88446087,0.01871253,0.0627882
1.5317262,0.5146841,1.5614154,0.71539384,0.0051086238,0.13813657
1.3705027,0.53930384,1.3877721,0.6613149,0.005277375,0.1665097
1.281195,0.80946827,1.2525055,0.69995844,0.09458929,0.16212383
1.2013718,0.5487269,1.3725917,0.790824,0.43670532,0.13628809
1.5844051,0.93185776,1.6042523,0.7400725,0.0073834606,0.12688501
2.1107037,0.95876855,1.8399911,0.903572,0.682252,0.09785822
1.2206143,0.57027256,1.2316542,0.7051883,0.005239984,0.14132822
1.7690111,0.8799504,1.787518,0.80309224,0.0079692425,0.09929096
0.92903554,0.97737515,0.92694086,0.89926785,0.2530173,0.09924574
1.6337454,0.6549054,1.6513538,0.7589972,0.014877471,0.12226971
1.2195002,0.5185868,1.2395718,0.69631433,0.007341684,0.14640267
1.05005,0.98053926,1.1058191,0.78533804,0.16393374,0.12719247
1.4520301,0.5140287,1.4656365,0.6856638,0.006393513,0.15179089
1.7201382,0.7162826,1.7846224,0.812495,0.05340997,0.10119767
2.0832634,0.99764305,2.1441839,0.9733459,0.022457201,0.026865283
1.1542336,0.70243,1.7543726,0.8665084,0.54536873,0.096933395
1.713668,0.6834086,1.7100353,0.82828516,0.3198507,0.10627495
1.4680297,0.59389454,1.349447,0.761299,0.43931493,0.15089458
1.407705,0.46219206,1.4395549,0.673754,0.006730373,0.15826061
1.3680118,0.6819534,1.3813486,0.65701544,0.0076708426,0.16575529
1.54112,0.76328796,1.5138912,0.73439705,0.10462711,0.14658366
1.999613,0.91699314,2.038483,0.9204544,0.02309697,0.049485616
1.7325027,0.8108103,1.7708201,0.7998116,0.007989034,0.099904664
1.0880512,0.67058355,1.1856205,0.7916611,0.208431,0.1292514
1.4677086,0.91637737,1.4939258,0.69627696,0.004643345,0.14762767
1.4230155,0.6347861,1.7580364,0.8078305,0.07775527,0.1028674
1.3172144,0.45588064,1.3987062,0.7235984,0.32326865,0.17169411
1.7571865,0.8158049,1.7826712,0.8070896,0.008755882,0.09580271
1.6425289,0.92240596,1.6759155,0.7688419,0.010429365,0.113339506
1.5432947,0.64323187,1.3979366,0.7250257,0.19797537,0.15564042
1.0898548,0.7153986,1.4883873,0.7697259,0.32767105,0.14242715
1.7028729,0.6591135,1.7266634,0.7805755,0.006689082,0.11041848
1.6990764,0.98667836,1.7189846,0.7803432,0.008387134,0.109730326
1.3656025,0.44489935,1.2091882,0.71038425,0.07486623,0.15085107
1.6903518,0.8261465,1.7082717,0.771655,0.006126552,0.11332313
1.7631863,0.99957067,1.6739678,0.85517734,0.20897913,0.09768975
1.2778788,0.7656045,1.2892876,0.6667224,0.006717148,0.16296457
1.7622752,0.7269526,1.7911999,0.80619746,0.006889437,0.09577643
1.2003537,0.6346039,1.1907327,0.7533239,0.20908651,0.14333333
1.7668124,0.67668265,1.7964768,0.8234442,0.10094279,0.10160733
1.1006196,0.6830204,1.2163548,0.7604469,0.29013997,0.14486818
2.0492256,0.968809,2.0983317,0.9550472,0.01729417,0.033975463
1.3772616,0.43587688,1.4276655,0.6884531,0.105647914,0.17814726
1.3199579,0.55544966,1.30723,0.6761727,0.016453331,0.1620469
1.4318177,0.8529073,1.4315994,0.68448627,0.06374217,0.1674905
1.2897121,0.8132018,1.2957716,0.6686529,0.010492256,0.16215694
1.4943947,0.966105,1.5058684,0.6982436,0.0054388177,0.14558436
1.7365606,0.83014566,1.7676117,0.8055279,0.036363177,0.10457361
1.5440303,0.60547453,1.5623991,0.7217566,0.015698163,0.13954818
1.660663,0.79448026,1.6356034,0.77526486,0.09386758,0.1298337
1.1229928,0.6382076,1.0899158,0.80423355,0.14886795,0.121834345
1.8414224,0.8844084,1.8967965,0.8569957,0.05950464,0.08039564
1.3409591,0.954508,1.306644,0.718988,0.115168646,0.15490346
1.685822,0.70440996,1.4214852,0.77265275,0.3825489,0.1462752
1.6460441,0.6306885,1.6754706,0.7626079,0.009761654,0.118675545
1.3883429,0.7504745,1.3358393,0.6989672,0.09676075,0.15823257
2.007545,0.98593736,2.0495267,0.9267953,0.012329619,0.046262007
1.8119557,0.86190623,1.8380277,0.8400666,0.10013734,0.09850099
1.2144873,0.5143023,1.2175615,0.7226027,0.06375015,0.143757
1.1848319,0.72867334,1.336576,0.76025134,0.2713659,0.15395893
1.306858,0.4313866,1.3310316,0.6563709,0.0091617545,0.16929044
1.3175029,0.5231461,1.354892,0.6776012,0.08077823,0.17221448
1.5289245,0.9459769,1.5371876,0.71354216,0.02593731,0.14560747
1.7636331,0.68524295,1.7024548,0.8234276,0.26291037,0.11079657
1.837496,0.7707668,1.8726768,0.84488297,0.008226299,0.08085262
1.5134188,0.7646399,1.5250645,0.70858234,0.025057498,0.1467372
1.3477422,0.5491245,1.4485669,0.7319391,0.26483595,0.16437426
1.6584634,0.62065953,1.532265,0.75011015,0.26681048,0.14566056
1.1653562,0.62392724,1.1594039,0.74053556,0.025885306,0.13114321
1.2418923,0.8835626,1.3377283,0.7557873,0.25403798,0.15614194
1.4282625,0.83274925,1.4448321,0.6791197,0.0049342914,0.15894063
1.8742374,0.80640703,1.89975,0.858329,0.014419959,0.076005675
1.175879,0.5742372,1.1791099,0.7352953,0.02053556,0.13199782
1.1667986,0.9647146,1.242898,0.7366134,0.14301956,0.1447301
1.3752996,0.94487643,1.3216774,0.7775835,0.33386812,0.14844935
1.6630721,0.68922096,1.6790266,0.76730585,0.009486174,0.11526058
1.331273,0.6308105,1.3565638,0.6657347,0.006114415,0.16330382
1.6940143,0.6447947,1.7200735,0.77594054,0.0058518504,0.10917424
1.1903348,0.6518207,1.2216141,0.7169664,0.051630337,0.1444333
1.1886735,0.5728638,1.1726377,0.7504188,0.070534095,0.13439217
1.5089914,0.79959726,1.5170448,0.6984474,0.013323817,0.14689492
1.8463392,0.78723294,1.7535086,0.82734036,0.34966636,0.11358988
1.2758142,0.45157397,1.2490866,0.7599529,0.23751238,0.1480959
1.6965148,0.8832337,1.7196009,0.77871525,0.0076367967,0.10986074
1.6509691,0.80689317,1.6769614,0.76631373,0.0152621,0.11665906
1.7316481,0.7569414,1.7569649,0.79570395,0.006274502,0.10179647
1.2877617,0.48976237,1.2988439,0.66041774,0.021510437,0.16996633
1.3585272,0.72364366,1.3756831,0.6614033,0.005333875,0.16519941
1.1617441,0.8317345,1.1595154,0.73780864,0.09983418,0.14064483
1.2440714,0.9411311,1.2293177,0.736443,0.100635715,0.14686333
1.1840253,0.6754157,1.2942722,0.74197465,0.18166126,0.14919838
1.4207484,0.59852797,1.1734877,0.8165772,0.2810179,0.12582514
1.6332124,0.8203832,1.6625168,0.7620661,0.013120028,0.11544313
1.3298539,0.518758,1.3345275,0.6567749,0.007906424,0.1677032
1.5139434,0.6548051,1.5277932,0.7076812,0.005826719,0.14161794
1.2893785,0.6596814,1.2988293,0.6631727,0.0060528736,0.16292351
1.3229655,0.43610063,1.3405571,0.656513,0.006015673,0.16616343
1.3576461,0.6221112,1.4392893,0.78728116,0.47172722,0.14557435
1.4538171,0.56132007,1.4588974,0.68827987,0.045182727,0.16373979
1.6104035,0.7461726,1.6300552,0.74606264,0.006681527,0.12525426
1.9221183,0.85720944,1.9597471,0.88729674,0.009755619,0.06101048
1.6716472,0.65454525,1.4804566,0.7945221,0.34410074,0.1276997
1.1911192,0.8273957,1.1881292,0.72813785,0.010994921,0.13218655
1.5589204,0.6657014,1.5759501,0.7248152,0.0059734974,0.13344246
1.3871187,0.959863,1.3995166,0.6606665,0.0052667917,0.1680542
1.3287716,0.534608,1.3300595,0.6612143,0.013896869,0.16866326
1.4888037,0.99024296,1.2274687,0.7394575,0.18538825,0.1461049
1.5652082,0.6796276,1.589731,0.7215956,0.016037235,0.1414425
1.2947736,0.9724726,1.3057709,0.66536015,0.0083009945,0.16313045
1.4849769,0.8786361,1.4965048,0.6943198,0.004812214,0.14724465
1.2526815,0.72190356,1.2666821,0.6816369,0.0052975756,0.1522244
2.0910487,0.93723464,1.912513,0.9259652,0.47201097,0.07415255
1.0038599,0.94000363,0.9716057,0.87238973,0.0786014,0.0929331
1.596909,0.5652052,1.6333284,0.74483734,0.006261802,0.12458821
1.1153519,0.7522968,1.0743511,0.8012009,0.052535214,0.10992986
1.3118253,0.6898003,1.3239508,0.65968007,0.014235273,0.16914684
1.7622385,0.8597986,1.7720656,0.8112936,0.035454072,0.09969241
2.037433,0.91593164,2.099451,0.94685495,0.017673006,0.034195337
1.1295054,0.5919642,1.100019,0.79621536,0.11923706,0.122142814
1.2999694,0.9291296,1.306396,0.6671095,0.0049305875,0.16102469
1.5719775,0.59598684,1.5952549,0.73221517,0.0065539875,0.13026671
1.1614769,0.56661576,1.1241114,0.7656858,0.10513687,0.13092604
1.7969286,0.8712678,1.5547202,0.8247891,0.42825967,0.120333344
1.3705859,0.95055,1.3856051,0.69038844,0.09987066,0.17884898
1.3030472,0.94064,1.3204451,0.6640214,0.004784846,0.16413239
1.5186403,0.5361338,1.5443618,0.7170279,0.009739213,0.13911024
1.9245676,0.96028197,1.9616208,0.88288707,0.010347245,0.06317384
1.4259163,0.45438227,1.4482076,0.68503296,0.0099896565,0.15875661
1.1518792,0.84075695,1.102633,0.7706497,0.071170546,0.12409631
1.1799158,0.8821197,1.1868057,0.71969724,0.017467242,0.136266
1.921146,0.95671415,1.962398,0.8804308,0.016732616,0.06070748
1.0679529,0.6707253,1.2370446,0.77052057,0.21352553,0.13848345
1.5607005,0.64800876,1.4562962,0.7573234,0.25233665,0.14256254
0.941198,0.98098975,1.0158048,0.85076314,0.18009566,0.10843293
1.7756488,0.85714906,1.8015006,0.8129396,0.008764203,0.0949039
1.8785433,0.84664154,1.8826783,0.87225705,0.16255894,0.083486184
1.4513868,0.5583429,1.4807563,0.6934006,0.038153138,0.15600401
1.235823,0.7859118,1.2050564,0.7225074,0.081087716,0.14733419
1.3715565,0.4294289,1.3998151,0.66641426,0.0051249755,0.16446483
1.5382613,0.5592285,1.5498931,0.7087259,0.005759619,0.1407466
1.3700218,0.46402705,1.2990894,0.72410446,0.11755173,0.15951373
1.8010095,0.7699833,1.8402009,0.8316425,0.0074413717,0.08565777
1.8278991,0.72945714,1.8988736,0.85824656,0.070963845,0.080596805
1.4673424,0.48080292,1.443512,0.68700033,0.023936842,0.16132209
1.463801,0.74163175,1.487896,0.68947643,0.0057961014,0.14986938
1.302309,0.62837607,1.307734,0.65788287,0.0066876723,0.1674601
1.5330279,0.9737235,1.5368338,0.7116544,0.01544769,0.13982476
1.3425895,0.9071012,1.4653277,0.690451,0.051707003,0.16607076
1.8884991,0.95435303,1.9255075,0.8712134,0.008990133,0.06894311
1.472099,0.733849,1.4682226,0.6934979,0.041649334,0.1545692
1.4470223,0.7482901,1.4684563,0.68473935,0.0049991244,0.1533569
1.8298075,0.9503768,1.8616745,0.84178597,0.0086124,0.08132362
0.9819592,0.98864836,1.4742002,0.84389526,0.7279809,0.12734829
1.500308,0.52940595,1.5206349,0.7018734,0.007991667,0.14711957
1.0635045,0.723973,1.0255196,0.8352288,0.08662636,0.10450524
1.4311312,0.68307126,1.455781,0.67767704,0.006547503,0.156565
1.3688036,0.53759795,1.3775063,0.6692116,0.031777106,0.16986343
2.075756,0.9825847,1.4677153,0.8473726,0.86438096,0.13494554
1.776603,0.7567641,1.8020251,0.8114353,0.0069469307,0.09487613
1.409599,0.8730737,1.4279182,0.68026173,0.023723053,0.160748
1.4069039,0.9960506,1.4050469,0.6911386,0.114755586,0.17652011
1.596714,0.57267374,1.4888709,0.7280572,0.18019983,0.15322521
1.2812362,0.5201391,1.3103232,0.6785935,0.07285936,0.1683374
1.2129134,0.65816915,1.1955957,0.73161364,0.10045417,0.14605069
1.8232554,0.75183547,1.8626544,0.8347613,0.009107372,0.084833495
1.8320063,0.96190244,1.8641455,0.84084386,0.008520468,0.08143346
1.9685503,0.8452101,1.3373151,0.7479035,0.40036365,0.1625674
1.3384964,0.4273127,1.2812612,0.70892525,0.098332606,0.16450821
1.6844872,0.6930263,1.7210221,0.78291506,0.018525628,0.111325
1.5172184,0.6298743,1.4970386,0.7126673,0.07775912,0.15296629
1.7921869,0.6867942,1.8237536,0.82094795,0.007317949,0.09063892
1.0729429,0.8241747,1.2979736,0.7503122,0.2818941,0.14932679
1.536364,0.63378227,1.555012,0.7197408,0.007890038,0.13935348
1.1199467,0.8064525,1.0734167,0.7883086,0.027883342,0.11028922
1.740087,0.7801073,1.5241597,0.792124,0.30992243,0.11963668
1.1836971,0.5859081,1.2546837,0.76559097,0.23441783,0.14284743
1.3386374,0.48087686,1.3265886,0.68304,0.049765714,0.17177753
1.3364868,0.5232208,1.297559,0.68612415,0.058166657,0.16430974
1.5012841,0.9005694,1.5057061,0.7069264,0.037289526,0.15492159
1.3273981,0.42014298,1.3227332,0.66469425,0.022908738,0.16939643
1.59035,0.58387285,1.4899852,0.74535346,0.31452027,0.15604064
1.4789684,0.9202497,1.4881723,0.6897958,0.004915385,0.15016846
1.8834325,0.89753217,1.9169493,0.86132514,0.07666954,0.07768064
1.4044944,0.80176085,1.4065619,0.66423416,0.018799894,0.17236726
1.43225,0.8024497,1.2273288,0.73137546,0.12861702,0.14472933
1.505161,0.8329481,1.5303073,0.7083672,0.008120827,0.14381301
1.1676445,0.5790842,1.169075,0.7363448,0.039725885,0.13363306
1.2637024,0.55443984,1.3120446,0.7250341,0.17456897,0.15692332
1.2795432,0.5632726,1.3201814,0.7055943,0.1802062,0.16619308
1.148144,0.7612203,1.1017481,0.797942,0.10056207,0.11732356
1.7704605,0.76482487,1.8038876,0.81814975,0.0074015222,0.09168691
1.205185,0.8109278,1.2082927,0.71117127,0.011397362,0.14235748
1.8912315,0.9496329,1.9267266,0.88793665,0.106409,0.07371303
1.3543842,0.69116384,1.3777606,0.6606391,0.0065736338,0.16465452
2.0260558,0.94615084,2.0961869,0.94264954,0.029780537,0.038044244
0.90336823,0.9322495,1.2224164,0.8156771,0.307305,0.13208327
1.4979202,0.63851607,1.518245,0.7092891,0.027886087,0.14687344
1.6125212,0.8953206,1.6308093,0.7410897,0.009189462,0.12745887
1.6941408,0.7363263,1.7248445,0.77993286,0.0060843886,0.109059125
1.4714133,0.50745225,1.6431482,0.8119961,0.40546483,0.12783162
1.5090903,0.5856643,1.5380561,0.71003085,0.005115683,0.141206
1.6861227,0.84015286,1.690686,0.7777177,0.06346575,0.1196458
1.840566,0.99572515,1.8784449,0.85106546,0.015188717,0.07926075
1.4234036,0.96314627,1.441478,0.67756623,0.005002866,0.15720755
1.3843684,0.4428727,1.3752642,0.6945065,0.07226087,0.16617164
1.4476316,0.7419916,1.3777435,0.7229184,0.129824,0.15387301
1.4727212,0.49967846,1.5013025,0.69772696,0.005057326,0.1471256
1.9998686,0.9093958,2.0412152,0.9238206,0.020431692,0.046710696
1.3903226,0.9222214,1.3086746,0.6807785,0.09286346,0.16421413
1.9464653,0.8230283,1.8178065,0.88290346,0.31200144,0.08471288
1.7561765,0.9744108,1.778954,0.8080925,0.0070362575,0.09584874
1.4536358,0.752909,1.4800801,0.68900263,0.0068514547,0.15324378
1.3660542,0.9076393,1.3684473,0.6543542,0.02115893,0.17753115
1.8370745,0.7181045,1.884234,0.8533082,0.009614872,0.074072674
1.3518908,0.54765636,1.3558531,0.6576205,0.024092028,0.17192078
2.0493052,0.91341877,2.0898926,0.94976896,0.030491965,0.040238295
1.3813764,0.89226407,1.2745893,0.7215682,0.20469108,0.1580551
2.0388408,0.925796,2.081796,0.9456074,0.013913073,0.039820135
1.3344694,0.7141917,1.3476467,0.66367435,0.02202587,0.17120604
1.3367392,0.49197653,1.3302319,0.6671378,0.024890414,0.16955817
1.855666,0.83242786,1.8994472,0.861985,0.028601313,0.07427842
1.3607751,0.46444026,1.595464,0.8358552,0.53431964,0.12025549
1.0604857,0.678705,1.0258479,0.85423833,0.20910376,0.113276795
1.2594742,0.5078165,1.2576396,0.7030661,0.023058651,0.15014026
1.6182808,0.6589524,1.645375,0.7519872,0.008714028,0.122895434
2.0541394,0.9246353,2.0951166,0.9478784,0.016383711,0.03705529
1.5803461,0.5894786,1.5939982,0.7291735,0.005282431,0.13147676
1.262562,0.8057437,1.2734752,0.686041,0.010263892,0.15385863
1.0159338,0.89903635,1.2192562,0.7947202,0.34087488,0.14433958
1.4183093,0.6785779,1.422811,0.6703605,0.010231872,0.1622887
1.1341535,0.9083792,1.0995071,0.7744489,0.036961872,0.11696435
1.4402391,0.52102125,1.4640727,0.6933734,0.0067040636,0.14935577
1.171995,0.9221796,1.2036161,0.8084491,0.2447603,0.13167182
1.5843289,0.9749216,1.6155932,0.74734175,0.021903714,0.12706241
1.3713145,0.5339011,1.3889327,0.6613794,0.014313356,0.1707164
1.7393799,0.8058696,1.6819339,0.79731154,0.15909058,0.117261544
1.3231003,0.46659437,1.3708577,0.6762736,0.07397053,0.16951358
1.3430598,0.6972953,1.190217,0.7460508,0.13918954,0.13801357
1.3858953,0.7375703,1.3981304,0.66310287,0.0057646777,0.16336411
1.13506,0.797452,1.0924841,0.7897977,0.089418635,0.1202896
1.6523261,0.9497607,1.6617947,0.78687334,0.099141225,0.12019354
1.0935446,0.8412323,1.0687997,0.80389124,0.04340704,0.10549137
1.393435,0.9195731,1.4087927,0.664262,0.0050666793,0.16477308
1.7547814,0.69625974,1.7907426,0.80642295,0.008978057,0.095466405
1.2295252,0.54294777,1.2475805,0.7239245,0.1418146,0.15503162
1.0869828,0.8776263,1.0754309,0.82605565,0.07019409,0.10230241
0.9124338,0.91771245,1.454658,0.84185535,0.6405989,0.13370873
1.1733392,0.73172593,1.1967344,0.730791,0.021088595,0.13306105
1.5863495,0.66529113,1.6089361,0.7352146,0.01712288,0.13514048
1.8471887,0.7874759,1.8817923,0.84647924,0.007755198,0.07758975
1.1596177,0.8133185,1.1600255,0.7288268,0.011058427,0.1310713
1.0153004,0.9613003,0.9285207,0.88854176,0.14383785,0.09098272
1.7609082,0.88421863,1.7833674,0.8036863,0.008336268,0.09675903
1.4283887,0.47559473,1.3997669,0.7552955,0.34366605,0.16108938
1.1139939,0.6322198,1.0836353,0.7884072,0.05041859,0.11248219
1.814501,0.9609478,1.8553166,0.8368209,0.007907408,0.08339778
1.6939949,0.7276484,1.7147808,0.77860713,0.021675568,0.11305103
1.4366194,0.51381814,1.4564288,0.67698956,0.019437717,0.16545905
1.4020189,0.7813319,1.306412,0.7300365,0.20899807,0.15830813
1.5260069,0.74636793,1.5497959,0.70848054,0.02272903,0.14604697
1.120205,0.9075474,1.0882466,0.79814285,0.14283057,0.12304033
1.7292955,0.85630906,1.7534671,0.79535955,0.0065554064,0.10028406
1.7047299,0.95699173,1.720715,0.7823282,0.011034736,0.10580011
1.7502886,0.8929848,1.7870519,0.80889076,0.0065019866,0.09664374
1.6224341,0.8086327,1.5365369,0.74565643,0.2554305,0.15065837
1.1431197,0.7432205,1.0754142,0.7815408,0.05973695,0.118474685
1.3451442,0.73765594,1.3565133,0.66521585,0.008163521,0.16558467
1.5264935,0.6592375,1.5524693,0.7146512,0.005013481,0.13712794
1.8608015,0.83665556,1.9042301,0.85840833,0.0078082434,0.07398857
1.6405789,0.8974831,1.6732705,0.7640796,0.007079334,0.11544941
1.2787937,0.47660375,1.3890581,0.7789954,0.5005109,0.15056552
1.6146903,0.56930596,1.6472065,0.7530552,0.008457711,0.11908135
1.2364866,0.6179995,1.232599,0.69845307,0.025729803,0.15072891
1.8855652,0.85049385,1.9184506,0.8652393,0.008278602,0.071072444
1.2868475,0.917859,1.2845659,0.7025591,0.14064328,0.16540174
1.1742786,0.7612681,1.1695851,0.73683405,0.019846575,0.13024454
1.8196425,0.7112344,1.8448935,0.82865256,0.033278577,0.09250973
1.6558421,0.7605477,1.6796584,0.76390326,0.006468821,0.113677286
1.3758729,0.6778908,1.3777134,0.6549755,0.007991496,0.16856945
1.2901224,0.443368,1.29866,0.67748284,0.023272518,0.16013396
1.4048257,0.7076305,1.4241877,0.6698648,0.004973774,0.16227186
1.3725312,0.79911435,1.3929782,0.6672701,0.009122944,0.16814457
1.0294645,0.9503991,0.9739646,0.83971345,0.043161087,0.09168117
1.2676059,0.7784347,1.3281891,0.7236294,0.17549801,0.16049871
1.0972211,0.7515524,1.1970193,0.8034853,0.22782142,0.13126998
1.5778364,0.5826742,1.605036,0.78308356,0.35497817,0.14612974
1.7821318,0.777843,1.6628683,0.8296459,0.3314278,0.11104511
1.5564643,0.6114019,1.5482063,0.71579826,0.012227722,0.14119457
1.2828375,0.844612,1.2924278,0.67829925,0.005848603,0.1543381
1.1457574,0.9250292,1.1179943,0.76545215,0.06641097,0.126138
1.8573123,0.74753433,1.8922651,0.85397774,0.013256914,0.07357109
2.0352628,0.9669058,2.0897963,0.94443464,0.024354229,0.038727146
1.4332044,0.6349345,1.2997057,0.74587667,0.21604286,0.14752698
1.2434044,0.847578,1.2388515,0.71554214,0.07507757,0.15250053
1.5533673,0.59923935,1.3196175,0.7059516,0.15951969,0.16298129
1.1993366,0.9547864,1.175008,0.726144,0.014180551,0.1340721
1.5040252,0.74198157,1.5369773,0.6998529,0.0076309647,0.1457076
1.6642294,0.8489043,1.4534817,0.770031,0.35284296,0.14691654
0.8780339,0.99158293,1.1219324,0.8506462,0.47892222,0.12147308
1.6089458,0.9438764,1.6268206,0.7409771,0.0062726405,0.1270478
1.219387,0.98134923,1.263432,0.77300566,0.22363505,0.14301506
1.3209388,0.63435274,1.342463,0.6642125,0.012933085,0.166847
1.2588739,0.7015364,1.2528458,0.73146427,0.13071556,0.15079804
1.4495587,0.83465827,1.517905,0.78360546,0.42819646,0.13867845
1.4383068,0.8940542,1.4287219,0.6744422,0.041087944,0.16811422
1.284528,0.9993117,1.5209649,0.7613443,0.58446807,0.14777671
1.1498749,0.93272424,1.264807,0.7395812,0.25197652,0.15613283
1.2305659,0.5996782,1.2480774,0.6883684,0.0054854853,0.15076005
1.360119,0.52008796,1.3527243,0.6913146,0.039130658,0.16220018
1.616081,0.7429955,1.6479578,0.75170386,0.0056622373,0.12189546
1.324542,0.45088172,1.5503647,0.7688935,0.4142074,0.15109123
1.3367966,0.5151962,1.3589787,0.7457188,0.24901824,0.15894793
1.7160786,0.863872,1.7447014,0.79300344,0.009269839,0.10108994
1.7123837,0.67189866,1.7345684,0.7832058,0.0067821755,0.10787204
1.6338897,0.6394496,1.6615624,0.7560359,0.019695375,0.12375143
1.8024248,0.9700163,1.8426776,0.83642846,0.00889556,0.082
1.9002811,0.9627101,1.9355562,0.86964875,0.009523835,0.067980856
0.9609048,0.922288,1.6864538,0.8451962,0.6101528,0.13745168
1.6197656,0.90883976,1.612345,0.7516274,0.062629424,0.13448
1.3859358,0.65505415,1.4061296,0.666861,0.005979205,0.16326813
1.7111366,0.8144302,1.7327683,0.785127,0.0063493974,0.10658054
1.56975,0.63204765,1.5655017,0.81945664,0.45652696,0.13256247
1.3089741,0.6200887,1.3191824,0.67154646,0.0047860784,0.15947995
1.5245707,0.56246287,1.5471237,0.7094269,0.0051775863,0.14088945
1.7654417,0.8330059,1.805682,0.817916,0.008482181,0.09215791
1.7040093,0.82261044,1.7030141,0.7918253,0.064381376,0.11065331
1.4216391,0.6383945,1.4972031,0.68887126,0.02098002,0.1509904
1.7104368,0.71530443,1.7442353,0.79644835,0.013551711,0.10140503
1.4370061,0.8637111,1.443574,0.68198824,0.005256443,0.1557278
1.7661464,0.8730523,1.7899718,0.8069729,0.008159404,0.0966984
2.06639,0.97118807,2.0925982,0.94481224,0.02596098,0.039136402
1.4612707,0.4717269,1.4714718,0.6876471,0.0047678854,0.15099296
2.0327184,0.9859199,1.3980803,0.8383692,0.5481477,0.13464008
1.5236576,0.58890575,1.5478618,0.7094079,0.0060476977,0.13995336
1.1563025,0.70744103,1.1577477,0.7345375,0.027257975,0.13218789
1.0532372,0.92306167,0.98493266,0.85397214,0.13361192,0.100368485
1.5223284,0.97406083,1.5611,0.7406264,0.148464,0.1448023
1.5264612,0.75379413,1.4174874,0.7253335,0.21270235,0.15475851
1.5650227,0.9880722,1.5859609,0.72479236,0.0055124713,0.13515654
1.3925984,0.83007234,1.3921213,0.65582824,0.011780369,0.16908224
1.5163171,0.7782414,1.5316269,0.71175534,0.012178242,0.14559668
1.6814722,0.91843563,1.7053304,0.7872517,0.049818806,0.10813357
1.7808336,0.97351384,1.7980623,0.8126654,0.0070622335,0.094779015
1.639481,0.6154847,1.6762362,0.7635252,0.03299503,0.12125716
1.4370496,0.5331029,1.4465647,0.6780513,0.0069399313,0.1565627
1.1901481,0.57351494,1.1833105,0.7518612,0.20004591,0.14838186
1.4639755,0.5194112,1.4827065,0.6925905,0.008600688,0.15058036
1.367641,0.84286684,1.3457646,0.65905684,0.021072289,0.17467654
1.9316728,0.81133467,1.971813,0.88943493,0.010540594,0.05855614
1.4337423,0.52304333,1.4455609,0.6749537,0.0059569688,0.1595779
1.0870676,0.79937124,1.2839668,0.76789916,0.24691641,0.14025897
1.5543978,0.7791983,1.5663524,0.7279104,0.045630034,0.14496078
1.4093852,0.5817964,1.4329369,0.66978294,0.0147682605,0.16590819
1.6513151,0.61570346,1.6817231,0.7643328,0.009002036,0.11735038
1.571508,0.7045685,1.580126,0.72287464,0.005515721,0.13403367
1.4836483,0.6750738,1.495553,0.6842275,0.008712578,0.15413533
1.7927729,0.8445068,1.8254945,0.82906306,0.02557139,0.0890165
1.652546,0.8908991,1.6806891,0.76736414,0.013266525,0.11701283
1.9248532,0.8753126,1.9853265,0.8906351,0.0971784,0.06623452
1.6675483,0.6606973,1.6896832,0.767328,0.0074781543,0.11492491
1.950402,0.9161746,1.994298,0.9039679,0.018510113,0.05264619
1.6194203,0.87625504,1.671035,0.78573096,0.21240334,0.13343671
1.3676236,0.90180796,1.3793459,0.66065127,0.013399388,0.17146125
2.102324,0.95230013,2.1516771,0.97050834,0.03409568,0.031623643
1.2270215,0.8139434,1.230027,0.7000754,0.008765009,0.14355206
1.4299474,0.74197465,1.4465649,0.6778914,0.004820852,0.15760885
0.9290095,0.90977204,1.3290653,0.79947156,0.42390603,0.1424299
1.2509444,0.9011313,1.1730137,0.7438063,0.038645975,0.13181755
1.3294628,0.5219919,1.336916,0.65450644,0.015424213,0.17054452
1.1224723,0.6961424,1.1462529,0.75120866,0.021409035,0.12512419
1.5251404,0.9361997,1.5389287,0.7138625,0.021458188,0.14561813
1.3645613,0.49692753,1.3670003,0.6534648,0.008410787,0.17032921
1.2323749,0.89906806,1.236978,0.6912929,0.016640738,0.14987795
1.4402767,0.6010982,1.4837866,0.707303,0.08030898,0.16187023
1.3709606,0.7344759,1.378298,0.66332316,0.0055969353,0.16377336
1.4420985,0.81555074,1.4373577,0.66565466,0.012588586,0.16612808
1.1647733,0.7528958,1.097121,0.7661251,0.056053262,0.12587714
1.3647165,0.93577236,1.3697197,0.6727632,0.058073696,0.17614546
1.7279353,0.83379513,1.7532756,0.80035585,0.007281468,0.10164226
1.4262347,0.6114917,1.5102594,0.7497089,0.3120203,0.14876744
1.4957182,0.5337111,1.521388,0.7053792,0.0056342403,0.14363004
1.0391467,0.72075135,1.166677,0.7955253,0.20210359,0.12730132
1.4606528,0.87801105,1.4515421,0.71316564,0.086586945,0.15307292
1.3985016,0.7920261,1.4093299,0.66919005,0.009220057,0.1672985
1.7878683,0.92909294,1.475282,0.77364314,0.38640836,0.15525983
1.1434484,0.97266454,1.0847683,0.79482776,0.16671742,0.12527986
1.3614746,0.4483865,1.3747764,0.6738445,0.01857969,0.16520011
1.5283769,0.76802576,1.5624301,0.71567655,0.010519146,0.13876264
1.0758742,0.94865257,1.1168568,0.864482,0.34809932,0.106957026
1.6667095,0.64702666,1.6832678,0.76512563,0.016134053,0.117316425
1.4488409,0.75694907,1.4344513,0.71978164,0.07698481,0.15478714
1.3739665,0.42801136,1.3878477,0.66210276,0.019146312,0.17253883
1.90904,0.9327409,1.7828634,0.85583335,0.25890273,0.087411925
1.6206402,0.6635375,1.6499832,0.74873567,0.006193471,0.12216672
1.8158615,0.73735076,1.8530211,0.83178234,0.027526189,0.08854545
1.4202061,0.7878338,1.4420087,0.7302386,0.16338563,0.16640885
1.5222055,0.71245867,1.5393076,0.70651424,0.005532445,0.14113379
1.7743348,0.67036015,1.8032348,0.8146942,0.006876597,0.094060846
2.0614934,0.8985724,2.1039577,0.9516768,0.060465958,0.03915221
1.5591995,0.5595099,1.5066247,0.76161456,0.25120372,0.14795385
1.2515758,0.9904445,1.2003357,0.7257863,0.07996702,0.14639977
1.8915932,0.89612603,1.93714,0.8800922,0.017433222,0.067592315
1.455193,0.569221,1.4753478,0.6846123,0.004694576,0.15447745
2.0627768,0.938345,2.1327646,0.96542364,0.025541876,0.03242114
1.086527,0.75291103,1.0010087,0.84965664,0.1624769,0.10759776
1.9430737,0.86620915,1.3746326,0.7053039,0.18566,0.16996875
1.3100101,0.9809268,1.2409334,0.7216764,0.09535481,0.15157904
0.9405362,0.91123986,1.1631606,0.8109081,0.35522875,0.13192898
1.7646973,0.9606207,1.7964361,0.8092183,0.009795672,0.09363963
1.4212638,0.5116154,1.4381185,0.6766624,0.004943978,0.15884532
1.8403213,0.9943982,1.869319,0.854258,0.03288846,0.0779857
1.258128,0.7823971,1.2787795,0.6953172,0.046418507,0.15741014
1.9343837,0.80201566,1.9746807,0.88816017,0.011502865,0.059701513
1.6722872,0.93175954,1.697535,0.7938868,0.01848841,0.10426821
1.4768983,0.7940952,1.4956269,0.6974175,0.050285157,0.1571217
1.0777389,0.8307717,1.0799983,0.8283763,0.15347904,0.11228538
1.5188627,0.5454016,1.3853781,0.76960325,0.29545942,0.14207254
1.3023814,0.74165916,1.2309794,0.7467184,0.11597678,0.14278245
1.0302448,0.9203951,1.1321967,0.7965326,0.26642153,0.12938337
1.4223253,0.5072743,1.453049,0.6719024,0.0084803095,0.15873407
1.3915308,0.43599936,1.420263,0.661677,0.009605016,0.16305809
1.327283,0.47703,1.3395798,0.66037834,0.0051598484,0.1670158
1.1773232,0.7506506,1.2713983,0.7838392,0.33211005,0.14400358
1.79878,0.9535228,1.8274822,0.8214533,0.00789693,0.08903911
1.2994709,0.53205186,1.3214269,0.6602701,0.005232663,0.16380672
1.1774223,0.63362306,1.1673834,0.7567859,0.13620578,0.13228151
1.5783879,0.6627892,1.6011608,0.74884284,0.055401377,0.13100284
1.5130203,0.6750659,1.5414634,0.7105876,0.0053697415,0.14180051
1.4266353,0.5905232,1.4542046,0.7326131,0.26149452,0.1738889
1.52736,0.86072326,1.5395334,0.71100056,0.0060822535,0.14053228
1.547579,0.67487115,1.5719254,0.72112083,0.0051890123,0.13574052
1.1544462,0.6519806,1.0993928,0.81049323,0.17806934,0.11941386
1.0042983,0.99030566,1.176929,0.80713063,0.21246961,0.1263795
1.1232548,0.979139,1.1044328,0.74826634,0.010598212,0.12198683
1.9321208,0.86691856,1.9763706,0.8962829,0.044674203,0.060473654
1.8544551,0.9930824,1.897964,0.86467034,0.030893873,0.07092032
1.6993581,0.9296645,1.7222626,0.7760304,0.006575486,0.10824848
1.6241254,0.62956464,1.6387055,0.74486506,0.0069122063,0.12583376
1.5404215,0.6288743,1.558378,0.7196764,0.0063676406,0.13738708
1.3622737,0.54157805,1.3588443,0.69095844,0.10789108,0.17437044
1.7108117,0.848628,1.7561693,0.8134575,0.07702455,0.108545125
1.77463,0.9950085,1.8096764,0.8203323,0.00768916,0.08965894
1.9006977,0.8894886,1.8970332,0.87056625,0.16602352,0.08209096
1.4829236,0.823472,1.503761,0.69821984,0.008130386,0.14869653
1.2063123,0.53323185,1.2014644,0.7226274,0.057439018,0.14441681
1.4740568,0.54549253,1.5081036,0.69799566,0.008408217,0.1475484
1.4792688,0.92217904,1.4980223,0.69639766,0.0060915444,0.14831153
1.0761821,0.86091924,1.0634565,0.81587285,0.06909872,0.105335586
1.4907947,0.6441776,1.501998,0.69745386,0.0051142196,0.14713888
1.5226643,0.7560833,1.4506872,0.7242852,0.17073724,0.1596854
1.2532399,0.8373378,1.2583835,0.6901441,0.013003277,0.15057173
1.4556473,0.6268831,1.3998389,0.72818244,0.18280241,0.15492138
1.3207941,0.92275524,1.2974668,0.7028794,0.11389054,0.16386399
1.8743782,0.94765687,1.615087,0.81413496,0.4677515,0.12694973
1.0296569,0.8084796,1.4599783,0.8219882,0.4210363,0.12925889
1.6267275,0.65701234,1.1058695,0.81212336,0.2601862,0.12391832
1.5989511,0.9955788,1.6197112,0.738751,0.0056719785,0.12645896
1.2193809,0.6983954,1.2190092,0.71089005,0.017543122,0.14310706
1.2855432,0.7254039,1.2967722,0.66715086,0.0053539565,0.16107622
1.284812,0.9407881,1.2442756,0.7038797,0.05710647,0.15453987
1.8999636,0.83669376,1.9725573,0.9012744,0.07710594,0.060744535
1.5084479,0.5440946,1.5302358,0.69817096,0.006337063,0.14649
1.4013615,0.75561255,1.475492,0.73647046,0.30699787,0.1586403
1.6177622,0.7333085,1.6190138,0.736099,0.025632849,0.13318838
1.7376806,0.74820685,1.3330309,0.7767141,0.29420972,0.13996452
1.5792029,0.87742585,1.5862856,0.729401,0.009269079,0.13242587
1.058862,0.7142492,1.6169355,0.8419325,0.7729053,0.1262025
1.406984,0.83140725,1.4211562,0.6807923,0.033256628,0.16717803
1.395142,0.63167405,1.4096634,0.6632961,0.018454202,0.16951424
1.7232289,0.70538336,1.7492619,0.78137076,0.0060575567,0.106685854
1.6242753,0.6106252,1.6682127,0.75662494,0.009056762,0.11985988
1.5544996,0.53535944,1.5727313,0.72112834,0.023081833,0.13825631
1.9645365,0.8502464,2.0035446,0.90225,0.009248815,0.05361575
1.8771198,0.86838865,1.906734,0.86149067,0.011995837,0.07032215
1.7356466,0.9962047,1.7725751,0.8014809,0.007622568,0.10090399
1.7471092,0.66917706,1.7790341,0.8052742,0.011684676,0.09538122
1.533593,0.9009009,1.5411084,0.7088111,0.007091435,0.14074136
1.3559253,0.75518066,1.3741009,0.653051,0.0054348665,0.16749305
1.5359411,0.7065911,1.3760989,0.67724115,0.090627894,0.17232113
2.0003948,0.88581944,2.0554445,0.9301719,0.013124313,0.043263853
1.3267952,0.65812206,1.3374212,0.6631531,0.007265002,0.16541941
1.0457164,0.8194152,1.1311607,0.83592105,0.17724828,0.113053806
1.8814175,0.9992095,1.601737,0.88106793,0.5825877,0.10183958
1.498873,0.5660256,1.517452,0.69249225,0.009081665,0.15177715
1.6155845,0.575025,1.6383619,0.7536166,0.02227724,0.12759236
1.4832695,0.63122606,1.4910996,0.6999049,0.042861212,0.15428522
1.4474498,0.70992005,1.4612331,0.6860609,0.004970194,0.1533338
1.3519602,0.48439524,1.3682766,0.66057885,0.027028712,0.17427409
1.1527096,0.8915293,1.1168531,0.7778452,0.07714087,0.12350712
1.5776873,0.7022128,1.5903957,0.7231023,0.0068977727,0.1364334
1.4238548,0.71756524,1.431258,0.66594803,0.0126509955,0.16989194
1.3273522,0.7431466,1.336457,0.6555319,0.009932125,0.16920397
1.8134222,0.81527615,1.8491077,0.85659254,0.08012191,0.082759276
1.8116457,0.8869125,1.8426094,0.8286907,0.008526604,0.088212185
1.1852316,0.66683185,1.186835,0.72013354,0.007378343,0.13588384
1.4902984,0.72949624,1.4831309,0.7083124,0.10117364,0.15987432
1.2151098,0.8881341,1.2417121,0.69948477,0.055523757,0.1545097
1.9277796,0.85286766,1.9713755,0.89407074,0.017749527,0.058936
1.5393683,0.9910546,1.5443583,0.7098752,0.009867885,0.14482324
1.2904342,0.51388645,1.309212,0.6543396,0.008399589,0.168966
1.6183913,0.67050636,1.6535761,0.7539208,0.009484464,0.12241855
1.0061537,0.9453095,1.2835774,0.8581397,0.525002,0.11748324
1.5345265,0.5620224,1.5561683,0.71248424,0.0051632007,0.13839586
1.6135428,0.8028285,1.6371565,0.7468287,0.0060046106,0.12330135
1.5751424,0.96112984,1.5757694,0.7383143,0.06349089,0.13911349
1.5740732,0.7449473,1.5802023,0.7411559,0.026665853,0.13410524
1.7530609,0.91128415,1.7804992,0.8072447,0.0068009417,0.097049825
1.6971562,0.8372317,1.7254243,0.7823063,0.019773854,0.113265745
1.722133,0.99697816,1.7562973,0.79266673,0.011833619,0.101423845
1.6444023,0.84029275,1.6554563,0.7531869,0.009004745,0.120050155
1.7155925,0.93464637,1.7379811,0.78103447,0.0075299833,0.1080917
1.1950271,0.6352965,1.1826763,0.7274978,0.035302166,0.13825043
1.2095032,0.8247198,1.2087564,0.7853592,0.21318132,0.13038434
1.3313583,0.8695976,1.3379719,0.6601824,0.013498818,0.16783957
1.3837425,0.4816447,1.3875642,0.6545788,0.007089319,0.16935965
1.5679284,0.6811901,1.604686,0.73565006,0.034271143,0.13609779
1.3856505,0.53324646,1.3891752,0.6638365,0.0221616,0.1759721
1.9167624,0.92843366,1.9484589,0.88019896,0.008392047,0.06432508
1.1149808,0.87976056,1.1099732,0.75945544,0.019507581,0.11925086
1.8013165,0.8555598,1.8276107,0.83142775,0.011677409,0.08539464
1.3688639,0.63121027,1.3803148,0.6605049,0.010011634,0.16951466
1.0748807,0.87982404,1.1798891,0.78753114,0.18825993,0.13259749
1.4823558,0.56549066,1.4926567,0.68580854,0.011107483,0.16051815
1.6177235,0.574307,1.6510897,0.7530484,0.008511347,0.1230192
1.1179041,0.6271124,1.0742036,0.80186266,0.04463455,0.10876168
1.0656767,0.7540537,1.10636,0.80366284,0.2144026,0.12506361
1.534131,0.7681957,1.5154924,0.7226802,0.15229425,0.15695721
1.9472212,0.89992005,1.9828978,0.90173274,0.013796658,0.053440344
1.3162719,0.87242156,1.3332641,0.6655804,0.011265532,0.16572502
1.4871371,0.5350606,1.5031672,0.6947971,0.0058977827,0.1480221
1.4240992,0.52270275,1.4347749,0.68465346,0.023785096,0.15987107
1.9013678,0.8417721,1.9693182,0.8968684,0.028341288,0.057988264
1.3235906,0.42910558,1.4436424,0.74478984,0.4099775,0.17153277
1.799782,0.8939571,1.684545,0.8004096,0.30793396,0.12636298
1.3121234,0.833126,1.1972961,0.75513995,0.13278013,0.13836247
1.59021,0.6039326,1.6186538,0.739195,0.005697078,0.12580627
1.9905461,0.9013508,1.8483944,0.87147504,0.44653803,0.09097054
1.306953,0.45402965,1.3095143,0.7125374,0.10982065,0.15620242
1.2438319,0.92717063,1.1761472,0.7423496,0.119492754,0.14221674
1.2847825,0.7102948,1.2855403,0.6635204,0.0073252837,0.16723284
1.2479887,0.8855152,1.2175629,0.7197369,0.05133807,0.145674
1.1858828,0.5516614,1.4375179,0.78852904,0.46621314,0.15778275
1.6397715,0.64217496,1.6692235,0.75988185,0.012112475,0.1214834
1.2470969,0.7894386,1.3254445,0.7153259,0.12996772,0.1602047
1.5141115,0.8120688,1.5341132,0.70455956,0.0061258306,0.14335197
1.3120238,0.53853655,1.3226593,0.6570432,0.005682043,0.16713127
1.2444388,0.7013881,1.265223,0.7093861,0.07905036,0.15413506
1.2876751,0.44715774,1.2336428,0.71761334,0.054940917,0.14643076
1.7560191,0.6724887,1.7935636,0.81303245,0.013248137,0.09555443
1.119008,0.6806378,1.0035944,0.8391487,0.08073408,0.10231027
1.7855504,0.78742564,1.8282804,0.8218871,0.0064805895,0.08858758
1.5367651,0.56595033,1.5584457,0.71665835,0.005096949,0.13602144
1.3862014,0.6975833,1.3993592,0.6586067,0.008234218,0.16866972
1.164982,0.61308193,1.2232504,0.7558076,0.13641196,0.1387783
1.5865301,0.57536864,1.6100819,0.7483235,0.024408506,0.1291564
1.5178877,0.880849,1.5417476,0.7139381,0.008613438,0.14191616
1.680598,0.80016524,1.7246475,0.785238,0.01889742,0.10680297
1.22377,0.5516723,1.2419286,0.6802284,0.022495056,0.1554642
2.0085757,0.99690187,2.059316,0.93082386,0.012049821,0.043693032
1.2679445,0.57691306,1.2812877,0.6843082,0.005054809,0.15207037
1.2896441,0.8420913,1.2943215,0.6616754,0.005532437,0.16442826
1.3622009,0.52269006,1.3661425,0.65383846,0.007825019,0.1711598
1.8716323,0.9576857,1.8934503,0.8521103,0.015838599,0.076858714
1.4560573,0.49678707,1.1679156,0.82667863,0.29346007,0.11747248
1.3923495,0.52784145,1.4094262,0.67290616,0.037356157,0.16901404
1.2865552,0.4723188,1.3001897,0.65951544,0.01666922,0.16755882
1.9384546,0.84845406,1.9558971,0.88837296,0.030209158,0.05917807
1.4869692,0.77486503,1.5816693,0.7496563,0.12720622,0.1422924
1.4913424,0.74252117,1.4990275,0.72985935,0.19023684,0.16320534
1.2929332,0.64879024,1.2982266,0.6738483,0.008859407,0.15662333
2.053295,0.91425854,2.1241271,0.9603936,0.07936637,0.040798005
1.2177082,0.64854884,1.2204723,0.707718,0.01678986,0.14457445
1.5160426,0.6176697,1.5307417,0.7152567,0.02266688,0.14671285
1.9499696,0.9266678,1.988471,0.90154374,0.010136521,0.05637464
1.5223604,0.691397,1.5472515,0.7126513,0.0064264955,0.13953072
1.4973539,0.9982227,1.5244946,0.71470356,0.06007404,0.14774936
1.2477033,0.8334608,1.253869,0.6852722,0.016151847,0.15398853
1.59683,0.80442065,1.6240556,0.74641615,0.026638666,0.12983404
1.363203,0.57847077,1.3672018,0.658984,0.013003679,0.17069767
1.4859989,0.532301,1.5060923,0.696074,0.0075350152,0.147778
1.823293,0.822507,1.8551183,0.8384098,0.007001478,0.08174468
1.786938,0.80727863,1.8127406,0.8200477,0.007684688,0.09183239
1.2996181,0.45508838,1.3258111,0.6515784,0.0077338647,0.16939938
1.5318477,0.67965525,1.5336726,0.7307459,0.07192213,0.15026978
1.063263,0.77446973,1.1017511,0.8343108,0.1536464,0.11145528
1.3586756,0.5689786,1.3739824,0.66367584,0.0051464667,0.16423862
1.3842224,0.5812228,1.4620857,0.7057363,0.14874153,0.17141384
1.3869046,0.5620244,1.4022591,0.6651994,0.005919587,0.16552746
1.4208442,0.9804961,1.4308605,0.6773757,0.009851472,0.15961474
1.1617115,0.79208094,1.1675303,0.8025714,0.24177583,0.13074398
1.2476641,0.7827224,1.1835389,0.7521342,0.096701756,0.13639861
0.90795827,0.9364015,1.3687332,0.8126947,0.5759461,0.14132479
1.2346299,0.6792773,1.193763,0.7561819,0.064539164,0.13176292
1.679574,0.6620587,1.6991489,0.80101633,0.1742102,0.12338132
1.7272103,0.9382338,1.7575889,0.79754263,0.00990124,0.098306075
1.5146648,0.7093185,1.3742232,0.73160744,0.19308683,0.15212919
1.9122664,0.8359479,1.949501,0.8811292,0.01276504,0.061149806
1.5683798,0.58160627,1.58146,0.72606874,0.009092103,0.13361146
1.5483079,0.6616212,1.563345,0.7247518,0.0058089835,0.13371228
1.750934,0.94065505,1.7514589,0.79908234,0.015678296,0.10287011
2.064655,0.9999795,1.0820769,0.914712,0.3921728,0.09898524
1.8213553,0.84179896,1.4049747,0.8040071,0.3917734,0.13085978
1.4091973,0.48920947,1.4414163,0.6689535,0.0065580364,0.15964201
1.7189524,0.93851954,1.7515996,0.7948639,0.008889132,0.101711854
1.5905939,0.5697001,1.3497438,0.76092005,0.30664152,0.14751852
1.3458371,0.6381951,1.360867,0.65581167,0.020291075,0.17310607
1.7484399,0.8395788,1.6933017,0.8055546,0.28646895,0.124502495
1.2491461,0.66888875,1.3687484,0.7315581,0.20270143,0.15809424
1.7963517,0.7766386,1.8279569,0.82194936,0.0068708225,0.09020685
1.9933457,0.92059016,2.0571918,0.93810505,0.04713554,0.0481677
1.3316915,0.7010164,1.3421035,0.6620583,0.0074693626,0.16634917
1.9145185,0.8473652,1.9719567,0.8905823,0.018094413,0.05979027
2.0130982,0.8825206,2.0468874,0.9238624,0.012184387,0.04601882
1.3241003,0.55008405,1.3855855,0.7434291,0.34476402,0.1603114
1.4047662,0.5971665,1.4227579,0.6647359,0.014958997,0.16573417
1.2356646,0.56017596,1.2231362,0.73432875,0.09651887,0.14494538
1.7001363,0.99837726,1.3537397,0.82851034,0.34573972,0.11812575
1.8769233,0.88248175,1.9207821,0.867285,0.01462763,0.06696598
1.3431789,0.60710233,1.1640918,0.77157736,0.14693575,0.1333593
1.5910668,0.91986156,1.6147735,0.7428586,0.006083913,0.124925256
1.6821151,0.866297,1.7124128,0.7807964,0.006983094,0.10723319
1.3917193,0.7691594,1.3700635,0.6698794,0.028961228,0.16809812
1.9337431,0.9247421,1.9502392,0.88177145,0.016091209,0.06102063
1.8892866,0.98277706,1.9328842,0.87602895,0.009746358,0.06510053
1.8081362,0.85592717,1.825994,0.8363721,0.069763474,0.08998682
1.2057093,0.6218755,1.206785,0.69890106,0.01358782,0.14487427
1.3072855,0.8256583,1.3029141,0.66154647,0.022425314,0.16883923
1.4057027,0.56968004,1.4198332,0.66884446,0.006698753,0.16426039
1.3496623,0.9001171,1.3672402,0.6520314,0.012325422,0.17259516
1.3840286,0.9571418,1.5542612,0.76294744,0.3305441,0.14731988
1.3362457,0.6009883,1.3475437,0.6787678,0.0316804,0.16169801
2.044364,0.9639175,2.1015928,0.9522785,0.01823422,0.035366606
1.5323714,0.92119426,1.5467188,0.7100867,0.006040945,0.14032055
1.5236931,0.7195253,1.5440893,0.71081984,0.005530353,0.14030567
1.4182178,0.44345924,1.4419069,0.6806502,0.0062989835,0.15427515
1.9652953,0.94423234,1.5953653,0.8842163,0.597357,0.09589539
1.632197,0.85382617,1.6529629,0.7634386,0.06586988,0.1295431
1.6107529,0.6917534,1.6274185,0.73949677,0.0050440924,0.12593897
0.9779588,0.9386235,0.9986165,0.8973372,0.26040435,0.09624885
1.3343112,0.982348,1.2306538,0.73980355,0.16959845,0.14902543
1.5447149,0.9743566,1.6978669,0.81352144,0.28267235,0.12641844
1.3954579,0.57672167,1.3933249,0.68365055,0.06571849,0.16776958
1.4146037,0.50361156,1.425219,0.66894555,0.03685933,0.16852374
1.5103549,0.6677252,1.5270507,0.7033233,0.00505688,0.1434331
1.1532043,0.95874476,1.0966442,0.79583913,0.07480043,0.116677046
1.5684075,0.59923196,1.5776274,0.73767495,0.038160775,0.13790442
1.5034077,0.9341792,1.5150611,0.6957815,0.035153084,0.15690495
1.0663667,0.6679963,1.2093339,0.7810052,0.2400826,0.13718016
1.6757159,0.93487746,1.7022645,0.77075005,0.0073413686,0.11264882
1.3366973,0.60568553,1.5029385,0.7699078,0.31862655,0.13294928
1.0779612,0.9498645,1.0874828,0.7956837,0.10561418,0.12017733
1.3542521,0.42114475,1.2657192,0.7295382,0.15416531,0.15176077
1.6840374,0.8772445,1.6311955,0.78663516,0.23290262,0.12759507
1.350247,0.5949091,1.3683114,0.65764475,0.012986491,0.16946167
1.1581516,0.87587315,1.1049322,0.76875997,0.072716504,0.127162
1.2514153,0.57986695,1.3423853,0.7041893,0.12904055,0.1632641
1.6343582,0.97626066,1.6543338,0.7564746,0.007257108,0.120482855
1.4524083,0.8457618,1.4608068,0.67409897,0.011721717,0.16435531
1.2150419,0.7437354,1.1989892,0.7173053,0.0443943,0.14434506
1.8173921,0.75167763,1.8574097,0.83957756,0.008701746,0.08216657
1.5964392,0.6137636,1.3126702,0.73816895,0.23316947,0.15516138
1.7844868,0.9263087,1.8185542,0.822061,0.0065593557,0.09014295
1.6937363,0.97928524,1.3875985,0.7381227,0.26342857,0.15096678
1.4210887,0.54914534,1.427098,0.6709722,0.0048402552,0.16074459
0.98834234,0.7843286,1.3927379,0.7284787,0.2170249,0.15644662
1.2104509,0.56623256,1.2204435,0.6968734,0.0074886666,0.14400092
1.1781726,0.5752478,1.1884174,0.711879,0.016387671,0.14001554
1.2552963,0.96922415,1.2731276,0.6804945,0.031320848,0.15865073
1.6671504,0.6096642,1.6887338,0.7813755,0.07271083,0.119254276
1.3667209,0.56551087,1.3773332,0.66186047,0.020138005,0.17431232
1.7473577,0.90258753,1.7753909,0.8069846,0.010067584,0.0947306
1.1786237,0.62989247,1.1874979,0.71349955,0.0070145135,0.13834569
1.9443479,0.9002665,1.9880121,0.89383394,0.013860145,0.052750416
1.8275015,0.96313876,1.8681273,0.8409659,0.02292977,0.08172036
1.3172835,0.4654064,1.3228216,0.662904,0.008876218,0.16545497
1.4113979,0.99912417,1.3623409,0.68932146,0.09061807,0.16688512
1.3430148,0.71600205,1.3608861,0.6579365,0.0065221298,0.16692111
1.8163162,0.89487374,1.8478413,0.83404404,0.007862483,0.085540175
1.0631393,0.84879076,1.1204741,0.83302945,0.18114565,0.11609195
1.3348222,0.7695787,1.3340578,0.6597114,0.0059857722,0.16647828
1.5897591,0.61631995,1.6192734,0.74337554,0.006652709,0.1254969
1.3230014,0.429288,1.3167312,0.6824223,0.06310272,0.16803625
1.278566,0.7375298,1.2761099,0.7329334,0.21875028,0.15628988
2.004009,0.8964072,1.9646649,0.9040901,0.15183511,0.06330451
1.0558133,0.91400653,1.0276878,0.82667035,0.07846457,0.10104995
1.3588684,0.7557348,1.3647146,0.6558903,0.0057187206,0.16820422
1.8269861,0.85966814,1.8561451,0.8424143,0.007948582,0.08156566
1.2579925,0.97275126,1.2926741,0.6726433,0.021949116,0.16127333
1.594552,0.94771695,1.6192856,0.7385649,0.00611848,0.12662399
1.5492418,0.9681731,1.5661719,0.7317447,0.019643027,0.1368437
1.1462988,0.7312701,1.1548392,0.72234,0.016088901,0.13481571
1.722545,0.66096866,1.7614336,0.79921323,0.006749463,0.10112246
1.8114088,0.88291115,1.4102168,0.7773973,0.4307165,0.14580446
1.9643286,0.89661264,1.9992003,0.90303344,0.012240019,0.053064547
1.7847809,0.88553345,1.81955,0.8202197,0.009891703,0.092334464
1.4573536,0.6593447,1.4841352,0.703269,0.012965499,0.14858359
1.3267754,0.59362817,1.3133869,0.69282407,0.034799837,0.15637144
1.4611282,0.8076823,1.4691055,0.68522984,0.0053072744,0.15444383
1.5982671,0.92521346,1.6580877,0.8003344,0.38605896,0.13364774
1.4096234,0.70307064,1.4202647,0.6643319,0.007970406,0.16487275
1.4574746,0.50622106,1.3915412,0.7249131,0.13553134,0.15179826
1.4223013,0.49020904,1.484381,0.773084,0.34164408,0.14684653
1.3941396,0.7914152,1.4299407,0.7412441,0.38474825,0.1733966
1.2826245,0.6398816,1.2844639,0.70989764,0.087377034,0.1631078
1.452305,0.61272895,1.3254149,0.67709386,0.061111834,0.16944179
1.0295993,0.8742092,1.3222122,0.8265857,0.37943345,0.130229
0.9514581,0.86122525,1.4323986,0.75298744,0.29154888,0.15098864
1.7212734,0.91496754,1.7607701,0.7955594,0.0286423,0.10441082
1.6186193,0.56946707,1.6389673,0.7441852,0.011316332,0.12921925
1.7528706,0.8588386,1.777075,0.8126499,0.030478867,0.09241876
1.8838344,0.83738285,1.907207,0.8629479,0.009457752,0.07200751
1.5452927,0.77467006,1.5735679,0.72065675,0.012846258,0.139738
0.9315269,0.87579703,1.0576901,0.85106987,0.33853388,0.11718336
0.9152803,0.9728505,1.307378,0.78371376,0.32745373,0.14379412
1.6196202,0.69992316,1.6351249,0.7454637,0.0055010966,0.12388968
1.2822185,0.7595469,1.1599672,0.7695119,0.21834837,0.13999793
1.2387164,0.9140432,1.2331309,0.7026867,0.010041178,0.14508952
1.924278,0.8086786,1.9593987,0.88359517,0.009701032,0.060689338
1.5308847,0.8253457,1.5511549,0.71117866,0.010940566,0.14356132
1.9011517,0.8941301,1.9512994,0.8830435,0.011036752,0.06553103
1.510533,0.73985964,1.2640254,0.7288425,0.21874072,0.15429653
1.519645,0.8588847,1.5097625,0.7373017,0.07791496,0.14138761
1.1655391,0.89030594,1.1420032,0.7601218,0.03864269,0.12329
1.7205704,0.6722329,1.7434862,0.78599364,0.0058745854,0.10432054
1.8710054,0.9901044,1.7807946,0.8345812,0.35141984,0.117608376
1.8311561,0.7342446,1.666306,0.822294,0.34645343,0.11336217
2.125839,0.9919299,2.1440935,0.97274286,0.0153741045,0.026594471
1.3635207,0.9198169,1.3623183,0.65323013,0.011791709,0.17607816
1.9660149,0.8423216,1.9688008,0.9130545,0.2410083,0.06939201
1.4107095,0.4786929,1.4301262,0.680287,0.007297248,0.15794158
1.66172,0.7237518,1.6844611,0.76484567,0.0070547685,0.11684963
1.5326324,0.683369,1.5489285,0.7113875,0.0051084775,0.14048031
1.4840797,0.8040495,1.4941185,0.6936028,0.006187568,0.1495208
1.2036617,0.87775826,1.2095971,0.7001919,0.006079635,0.14509048
1.2022516,0.69973004,1.2196236,0.7095492,0.009484708,0.14260517
1.5588365,0.8948522,1.5770957,0.73171115,0.0087278,0.13100153
1.1651593,0.67135215,1.1110258,0.7648597,0.082263835,0.12893729
1.4082276,0.45407343,1.4132545,0.6691495,0.005706441,0.1613503
1.4316876,0.54718626,1.4597235,0.68138885,0.010943331,0.15980321
2.0860054,0.98789454,1.8693702,0.8822318,0.6641089,0.10491829
1.6010417,0.5977108,1.6346877,0.75175226,0.026160503,0.12379989
1.1541272,0.931786,1.5703769,0.7419302,0.11010817,0.13980323
0.9985972,0.88252103,1.4561546,0.7348434,0.27686077,0.14889811
1.2950006,0.5595453,1.2953517,0.667901,0.006620624,0.15988088
1.7033068,0.7970642,1.7310398,0.78545195,0.011209304,0.10817572
1.3922358,0.60022736,1.2942579,0.75482297,0.30037004,0.15203644
1.3097072,0.53157943,1.3170862,0.6575485,0.005557767,0.16615425
0.909682,0.95742023,1.3407431,0.7603048,0.30471262,0.1474712
1.4613727,0.6332906,1.4609282,0.7022706,0.09607035,0.1699613
1.4230288,0.53290683,1.4285522,0.6630182,0.0068866415,0.16420631
1.4836283,0.6356122,1.5028276,0.6957884,0.0059761526,0.14543582
1.9278828,0.84237933,1.956799,0.8862955,0.009578682,0.059067328
1.3072286,0.43022996,1.3092184,0.6575111,0.011086964,0.16957358
1.3466891,0.53616995,1.3637519,0.6621844,0.0052866414,0.16617514
1.2938111,0.8579266,1.3045962,0.6615983,0.0062956475,0.1642476
1.8889169,0.8123484,1.9506996,0.8798523,0.011974066,0.060965355
1.3817756,0.7226378,1.3812048,0.66480625,0.027647434,0.1735429
1.1841311,0.8672882,1.2732294,0.6975788,0.1275274,0.15920782
1.8502196,0.7540428,1.9024608,0.8589985,0.007779505,0.07415023
1.7490118,0.807677,1.7327592,0.79752964,0.16761701,0.11565943
1.1398885,0.5804615,1.1213822,0.77861625,0.0722091,0.12241826
1.5483261,0.822773,1.3573415,0.7496767,0.25896275,0.15202329
1.2792842,0.4851672,1.2958705,0.6689925,0.011494362,0.16326451
1.2589493,0.7956959,1.2670407,0.6784655,0.03047565,0.1599274
1.352845,0.60336125,1.3371329,0.74334335,0.19214007,0.1468389
1.1552333,0.8397042,1.0745523,0.7867896,0.04256163,0.11354331
1.2755655,0.7299091,1.262799,0.7576596,0.24144843,0.15390436
1.6652782,0.8553489,1.6952226,0.772389,0.008600773,0.112729765
1.5406301,0.5142893,1.6345689,0.78269637,0.15835388,0.12594149
0.99211127,0.7951353,1.1948528,0.7745714,0.24747807,0.1373271
1.7387788,0.762232,1.7710962,0.8036769,0.0062328978,0.098320074
1.3469312,0.54573697,1.3627214,0.6566369,0.005327185,0.16797192
1.0552387,0.86171865,1.061782,0.79585433,0.04170636,0.11152914
1.5329208,0.8854217,1.5453036,0.7133293,0.0069039655,0.1406213
1.4679317,0.9281904,1.4816573,0.6957036,0.006448735,0.148506
1.6255944,0.63195914,1.6526959,0.7525048,0.007412577,0.12018797
1.2863401,0.95599633,1.2739873,0.6864182,0.045296263,0.1577872
1.7501742,0.8231233,1.7735157,0.8019125,0.0067720255,0.09977679
1.3762188,0.8559261,1.3991764,0.65914536,0.016184978,0.16833267
1.6281884,0.74316937,1.5899637,0.767482,0.14044218,0.13401751
1.1383314,0.5962959,1.1245091,0.75192666,0.014103636,0.1214888
1.5336218,0.9462836,1.4546039,0.77450573,0.37743264,0.1455142
1.2227651,0.5593145,1.2314868,0.71481484,0.072789624,0.14999117
1.2473565,0.68925947,1.336864,0.68977404,0.11607642,0.16255891
1.5180075,0.6225623,1.5337386,0.7055361,0.018825814,0.14654312
2.0393724,0.9961894,2.116234,0.96212417,0.032630406,0.03293562
1.8316562,0.88286823,1.8647757,0.8443586,0.008156938,0.080692075
2.0363946,0.9088702,2.082065,0.9437207,0.014701778,0.04043665
1.863804,0.7668593,1.9074252,0.8673273,0.026466396,0.07215782
1.6983224,0.6677259,1.7178977,0.7786695,0.007811926,0.10790104
1.3407847,0.99205214,1.3413844,0.65851307,0.013785493,0.17142734
1.427261,0.53241676,1.4637198,0.67806065,0.0071474994,0.15791997
1.5772531,0.62305886,1.4509082,0.767732,0.3535096,0.14626855
1.5868001,0.77972037,1.6135945,0.73440754,0.005932319,0.12879016
1.4722886,0.84262896,1.3975875,0.7198299,0.15889262,0.15359655
1.5021528,0.8129578,1.5252352,0.71042675,0.021751376,0.14625487
1.6284399,0.8891715,1.6539941,0.7519003,0.011016195,0.12226404
1.4526899,0.55068654,1.481122,0.68879104,0.0053619635,0.15147923
1.1714092,0.9889281,1.1678423,0.73464566,0.011071196,0.13004868
1.5598545,0.5571889,1.5671382,0.72747064,0.01632994,0.13676362
1.2302673,0.6323432,1.2396209,0.69790715,0.0052599604,0.14513886
1.5465238,0.5260503,1.5692506,0.7196528,0.005143611,0.1364631
1.2438611,0.59275275,1.237587,0.703575,0.012507852,0.14485091
1.6632445,0.9456483,1.6790152,0.762249,0.005668088,0.115819484
0.95307887,0.9603028,1.097559,0.8025524,0.17848772,0.12706295
1.9042941,0.7940705,1.9631159,0.8836576,0.027386282,0.063010655
1.5504609,0.5480238,1.5422413,0.7492611,0.13683727,0.14512815
1.5221373,0.51776844,1.3093524,0.7586919,0.31424147,0.14800642
1.4082696,0.46104634,1.4200697,0.6712562,0.0063636093,0.16313167
1.3455099,0.65767586,1.3596048,0.6536279,0.015650207,0.17405748
2.1553638,0.9926961,2.1822834,0.99497646,0.029461298,0.02341094
1.0201422,0.95327675,1.1364603,0.83663934,0.24976377,0.11636877
1.4543431,0.48368135,1.4757102,0.69201416,0.015010524,0.15330915
1.825367,0.77292275,1.7258103,0.82836217,0.3111864,0.10951459
1.6063573,0.6655087,1.6350689,0.7433529,0.005658245,0.12568155
2.0096955,0.89995927,1.8817141,0.9203074,0.47431862,0.08826862
1.7059622,0.7320322,1.7364097,0.7880728,0.006288489,0.10312607
1.5220579,0.9503472,1.541306,0.7142895,0.012970916,0.14195141
1.487961,0.8490929,1.5028832,0.69498783,0.006447917,0.14745076
1.7123876,0.94529974,1.7493298,0.7930569,0.0064914357,0.102349885
1.5280628,0.5691503,1.5486183,0.70883274,0.008569731,0.14386356
1.8963679,0.77750385,1.9232211,0.86671287,0.013222762,0.06946718
1.890882,0.9805635,1.55335,0.76721764,0.368648,0.14822377
1.4932545,0.98364663,1.5120759,0.69827604,0.006601237,0.14709039
1.5194117,0.7466588,1.538178,0.71111614,0.0069458145,0.14006051
1.9542016,0.9008222,1.9774585,0.8843752,0.012781508,0.058222562
1.8065482,0.70615774,1.5106583,0.7623394,0.2704111,0.14306182
1.1219746,0.9952294,1.1535015,0.7619338,0.08373157,0.13005516
0.962081,0.8852425,1.3751364,0.89762473,0.57168424,0.10095038
1.8629191,0.8740444,1.9035401,0.85914713,0.024073021,0.07602501
1.7560321,0.87006193,1.7564433,0.81845695,0.07789642,0.098780334
1.8504196,0.86474514,1.8970256,0.8551509,0.008159793,0.07441977
1.2458552,0.70284176,1.2481308,0.6761478,0.014446254,0.1613809
1.687812,0.86807483,1.6970191,0.76938915,0.008798814,0.1150869
1.9094032,0.7741872,1.9410565,0.8770495,0.08741255,0.069831416
1.3807815,0.65287465,1.1601346,0.80680317,0.26078236,0.12726995
1.572791,0.77544457,1.5939724,0.7292089,0.006115266,0.13304895
1.4572486,0.73988324,1.4785564,0.69448864,0.005048606,0.14985543
1.2485517,0.60820776,1.2638445,0.6882233,0.006779033,0.15104738
1.8463993,0.7635596,1.8824954,0.85600203,0.008441128,0.075798
1.5858365,0.7038062,1.6051955,0.7348393,0.0062070973,0.12951513
1.5132269,0.9675913,1.5194647,0.7019888,0.004854903,0.14486
1.615782,0.85723406,1.6425552,0.7463029,0.005580831,0.12371916
1.2710335,0.8853345,1.2538085,0.70996296,0.070917554,0.15456623
1.8951882,0.9994585,1.9105585,0.861316,0.009149697,0.07186132
1.6347985,0.97287357,1.640857,0.7526401,0.0086860275,0.121188216
1.5670443,0.96496904,1.595295,0.7281052,0.010637691,0.1343328
1.5171754,0.9900024,1.5267239,0.70544136,0.0055545187,0.14313313
1.4146147,0.7516905,1.43623,0.67426276,0.005587831,0.16058548
1.6572182,0.5955849,1.686434,0.7701501,0.0075022513,0.11257177
1.9928824,0.85492456,2.0516548,0.9247388,0.04100658,0.046225023
1.4424078,0.6047875,1.456234,0.67310095,0.0072017363,0.15878034
1.9994553,0.9166675,2.0794332,0.9387141,0.020786937,0.038353804
1.1543088,0.76253295,1.1192331,0.7889955,0.111981556,0.12624656
1.8377237,0.7737183,1.8669131,0.8462731,0.015439473,0.07990452
1.1647122,0.6878773,1.1957529,0.7534536,0.0568156,0.13131662
1.8068057,0.71429855,1.8340001,0.8345376,0.01053873,0.0851318
1.666805,0.88484335,1.6977942,0.7688314,0.0057221004,0.113608204
1.9903396,0.8408756,1.2838521,0.77642596,0.2893609,0.14254594
1.3955792,0.55330074,1.4154055,0.6638392,0.012951758,0.16859397
1.3846136,0.4642451,1.4028926,0.66431004,0.0051791416,0.16408405
1.5410322,0.7863531,1.558465,0.7180029,0.0055264677,0.13814045
1.2786248,0.49936715,1.2971787,0.6712801,0.005218356,0.15832399
1.4681791,0.8855848,1.4853077,0.68877995,0.0061319475,0.15268424
1.6353298,0.8442813,1.6550636,0.7598534,0.02826058,0.12871367
1.5314808,0.5898067,1.4545944,0.7649643,0.27456918,0.14880015
1.3074307,0.5641248,1.3344412,0.7308253,0.2852962,0.16399279
1.504999,0.6086993,1.5957289,0.76209414,0.10974882,0.14599685
1.2793572,0.4892776,1.3466303,0.76294553,0.28975847,0.1487079
1.336132,0.908628,1.3567655,0.65946305,0.0077731237,0.16497223
1.6367998,0.7827207,1.6638093,0.7540754,0.005474672,0.11870716
1.5911248,0.813794,1.55181,0.7706081,0.23098299,0.1365496
0.936252,0.9097014,1.0836236,0.84809107,0.27983758,0.11604468
1.6537505,0.7257356,1.6764829,0.76078993,0.0059773694,0.11733862
1.3080275,0.62599415,1.3398933,0.740954,0.31822398,0.1549641
1.3422496,0.77971005,1.3764534,0.6834618,0.07598287,0.16445589
1.5212684,0.6213898,1.5372789,0.71262467,0.0057507777,0.1400107
1.2809952,0.5077528,1.2873642,0.66530454,0.008848476,0.16234076
1.3143637,0.5070143,1.312027,0.6783591,0.051276647,0.17799674
1.3906438,0.6685086,1.3957789,0.6674988,0.017676285,0.16514124
1.8807766,0.91018057,1.9259155,0.8706067,0.025721287,0.06789081
1.995426,0.87124413,1.9764512,0.92755973,0.4316126,0.071506985
1.4827266,0.56080544,1.5104392,0.6990993,0.0049055344,0.14645067
1.6742716,0.8775407,1.6997488,0.7715373,0.029129732,0.11795932
1.1663324,0.7908447,1.1447221,0.73843575,0.017416406,0.12892625
1.1240914,0.99473554,1.0907583,0.77062416,0.04134881,0.11906872
1.6166621,0.56766504,1.6365414,0.74837303,0.007983071,0.12381102
1.6582444,0.7537287,1.6675153,0.76024044,0.006564619,0.11739493
1.8560127,0.8472365,1.8896646,0.8503902,0.008047849,0.07764946
1.2332885,0.9594708,1.2588649,0.6961443,0.048364054,0.1548309
1.231352,0.6415331,1.1764066,0.7507814,0.091201685,0.1394551
1.7671996,0.9973332,1.7972915,0.81240577,0.010296386,0.09543974
1.8792775,0.94982255,1.931422,0.87448907,0.029779796,0.06717566
1.106319,0.98207927,1.0836314,0.7844199,0.033334944,0.113756664
1.7666283,0.7307746,1.8020394,0.8167307,0.014589078,0.09110229
1.8844814,0.9018049,1.9313343,0.8756825,0.010917107,0.06677062
2.0182598,0.9132342,2.078781,0.9466184,0.018452095,0.039550487
1.441686,0.4670758,1.4649327,0.68168324,0.009708537,0.15409659
1.1651055,0.7952391,1.1320919,0.7472826,0.023702797,0.12635931
1.7703183,0.93749225,1.80269,0.8176281,0.0069699604,0.09198009
1.1853352,0.7414619,1.5092053,0.81861115,0.41152513,0.12330736
1.6250108,0.59064037,1.7074101,0.7794198,0.08715078,0.1272587
1.3946233,0.9227889,1.3334575,0.68152004,0.07197935,0.17663658
1.7339475,0.76540464,1.6964135,0.81492597,0.20434423,0.109361574
1.6272676,0.810647,1.661556,0.7524709,0.009545202,0.11902534
1.4733225,0.74455637,1.5005987,0.6949967,0.011839066,0.14699987
1.2423438,0.9764803,1.2919362,0.6944563,0.07334872,0.15749714
1.662647,0.8414769,1.6772134,0.763067,0.007741997,0.116008535
1.408163,0.7429113,1.3721662,0.6742033,0.04724822,0.17000596
1.1932029,0.7161167,1.1987247,0.71028006,0.019034997,0.14296797
1.4742942,0.67183954,1.4895818,0.6942251,0.0050368193,0.14785309
1.3092858,0.8379456,1.3219287,0.6672163,0.037131626,0.17970172
1.8837428,0.85245174,1.9313877,0.8709684,0.010075767,0.06831632
1.6273191,0.8697303,1.6715369,0.7591929,0.017953273,0.12307703
1.6098895,0.80718815,1.5361695,0.7680702,0.3183106,0.14802721
1.1545205,0.7465505,1.3451126,0.782621,0.43331704,0.15057838
1.6493114,0.80322725,1.6524973,0.7680518,0.11455199,0.12723522
1.5877508,0.54821664,1.6092417,0.7342719,0.011697654,0.13214476
1.3273605,0.44006136,1.2068474,0.7684287,0.26174936,0.14253174
1.1615723,0.5725531,1.2247522,0.73519266,0.10610081,0.14329967
1.6673429,0.6018879,1.6809089,0.78542143,0.07467132,0.118661046
1.3573205,0.43857127,1.3969088,0.6839066,0.06038324,0.16676886
1.1634562,0.62871665,1.2486329,0.780013,0.19558991,0.13769738
1.8012928,0.6921721,1.8413787,0.8274912,0.009174869,0.08719478
1.5883269,0.6069824,1.6170187,0.7398594,0.006442299,0.12823501
1.7982074,0.89501953,1.7656434,0.8246855,0.23895863,0.11516461
1.1469384,0.88097864,1.2203379,0.7695476,0.30189046,0.14509201
1.3960946,0.90176564,1.3879883,0.658444,0.007834838,0.16701265
1.8421559,0.80920506,1.8831704,0.84931237,0.008853642,0.07875968
1.3186505,0.8488044,1.3226078,0.6529331,0.0053622015,0.16859387
1.2720083,0.89222383,1.27668,0.6823757,0.010997874,0.15667975
2.0113723,0.92343783,2.0531235,0.92461795,0.013087101,0.043604627
1.1672641,0.94644934,1.1122048,0.77043784,0.09696072,0.12791206
1.0569116,0.9494499,1.0631537,0.8330328,0.08872243,0.103708796
1.539598,0.70882314,1.5597098,0.7243679,0.027156385,0.14126085
1.8796653,0.89810586,1.8021278,0.8554854,0.2937722,0.09801999
1.6915674,0.8417532,1.7524762,0.7974418,0.07090498,0.10558891
1.4915292,0.602118,1.5095911,0.69491524,0.005573382,0.14596708
1.6120602,0.7210895,1.5293641,0.7258629,0.15960601,0.14736299
1.9955195,0.85505205,2.0563407,0.921593,0.01453134,0.042136807
1.7003734,0.8088904,1.736193,0.78415567,0.010449988,0.10477445
1.3364997,0.8280027,1.3719614,0.7287717,0.20398796,0.16396457
1.5735629,0.76798975,1.5987246,0.734018,0.005814227,0.12887233
1.4021798,0.8807338,1.4094217,0.66559565,0.0055569615,0.16336854
1.7602487,0.86700046,1.7892404,0.8078008,0.006726645,0.095396355
1.3969563,0.63265836,1.4110212,0.6563457,0.00654687,0.16627905
1.1921053,0.5495151,1.3081582,0.722005,0.14540797,0.1614789
1.5985568,0.646516,1.6238468,0.7393391,0.0068428093,0.12768103
1.7581378,0.8864278,1.7962742,0.8141575,0.010603221,0.093974814
1.2695119,0.7618974,1.2719362,0.711838,0.066675544,0.15098538
1.6910636,0.7453295,1.7243292,0.78137267,0.010407384,0.108026996
1.6487566,0.82321066,1.6871762,0.76784945,0.005724322,0.11436038
1.0445005,0.7131006,1.2601397,0.9347922,0.4957339,0.084779866
1.3770658,0.75785524,1.3887541,0.658271,0.0071928306,0.1683198
1.2200191,0.6358987,1.214844,0.70716596,0.019812955,0.14238805
1.1708565,0.703407,1.1183074,0.768067,0.055001248,0.122339144
1.6196997,0.98188657,1.6402845,0.7450521,0.005997949,0.12393605
1.1179624,0.6955031,1.1113538,0.7844219,0.074278265,0.120132074
1.3934627,0.68488055,1.4023855,0.67685163,0.007221839,0.16151893
1.6548917,0.72621554,1.684252,0.77055377,0.027079068,0.124052316
1.947423,0.921809,1.9851782,0.89898986,0.029226987,0.057161614
1.6543378,0.77516943,1.6855993,0.76313066,0.0054735523,0.11564069
1.7042887,0.68883294,1.7260058,0.78574145,0.013661388,0.10374195
1.8421922,0.8846526,1.8706353,0.84630734,0.008530525,0.078206114
1.4044435,0.4871281,1.4210355,0.6818459,0.07565628,0.1701952
1.3410872,0.5700195,1.3442748,0.66252995,0.013435409,0.16925448
1.1685828,0.58148986,1.1241752,0.7682241,0.07878746,0.12916607
1.512242,0.8791074,1.5034604,0.7235845,0.10323029,0.15104829
1.8195925,0.76556265,1.841481,0.83783275,0.012331071,0.08363822
1.3334842,0.5480216,1.3612905,0.6624446,0.01338146,0.16807438
1.6711472,0.9196923,1.7024825,0.77927625,0.022492122,0.10879535
1.3954629,0.8016804,1.3075488,0.71100247,0.17215444,0.16311191
1.6774296,0.942909,1.7107155,0.7768455,0.005880123,0.1095776
1.1852133,0.61113834,1.1733363,0.73257697,0.016969085,0.13132311
1.8323826,0.9237501,1.4659712,0.72414285,0.21901639,0.1586234
1.2460603,0.5313498,1.3668463,0.8173007,0.46815643,0.14086503
1.9158181,0.8465728,1.9596503,0.8825632,0.012712138,0.061542004
1.4157313,0.7308868,1.4266782,0.67159426,0.007433814,0.15939663
1.3662404,0.49256593,1.2871842,0.68526995,0.07718979,0.16573942
1.1669389,0.82654893,1.1848505,0.73569775,0.037067752,0.13456121
1.2467359,0.5039744,1.3575437,0.75195,0.22861736,0.14632154
1.3428198,0.99093264,1.3625114,0.6620227,0.019300103,0.16902927
1.3045404,0.5819074,1.3014653,0.6663247,0.03187356,0.17371182
1.58454,0.5443766,1.604397,0.7370543,0.010693789,0.12977475
2.0311165,0.9721846,2.0917518,0.94585526,0.014800616,0.0368773
1.9429331,0.80603576,1.9853344,0.8922139,0.009796817,0.056491952
1.4246923,0.9781992,1.4396255,0.6726014,0.0057442193,0.15749623
1.2123089,0.881133,1.2280078,0.7267592,0.06830131,0.14326273
1.297192,0.863572,1.2040942,0.73681206,0.09400156,0.1442738
1.7277546,0.89574564,1.7476866,0.78844064,0.007198523,0.10342576
1.3628694,0.46428555,1.3741834,0.6580319,0.012137721,0.17204335
1.1873217,0.8482137,1.0914207,0.809033,0.13246563,0.11778509
0.99263704,0.91240245,1.2046154,0.7826592,0.32063353,0.14185144
1.6227604,0.7475904,1.6438792,0.74689454,0.006443224,0.12321814
2.0501173,0.90642315,2.1036165,0.94852847,0.07701261,0.043530077
1.2276852,0.8517226,1.2425492,0.72733396,0.15793629,0.15106508
1.4235852,0.45694098,1.5773852,0.79150724,0.53921807,0.15418315
1.112745,0.9839299,1.0882261,0.77793455,0.029442228,0.11502038
1.6854571,0.8912613,1.708036,0.77647585,0.01818588,0.11703588
1.6836554,0.6591094,1.7174141,0.7790419,0.005580754,0.10873658
1.1968414,0.52221894,1.2025976,0.7288349,0.11024227,0.14977135
1.7431875,0.80391365,1.7576885,0.7935943,0.006396105,0.10368165
1.6587617,0.7084357,1.685602,0.76990426,0.006984932,0.11507784
1.271239,0.5988781,1.2833321,0.6659434,0.0060058217,0.16206057
1.7980443,0.72259295,1.8400974,0.8300081,0.008156883,0.085829325
1.3265829,0.78874725,1.3263588,0.81075305,0.48097423,0.14243157
1.3629853,0.92971563,1.3753068,0.65825176,0.00583272,0.16725513
1.8896252,0.93189496,1.9304671,0.86991876,0.060065404,0.072764434
1.7786672,0.7216732,1.8104367,0.82281727,0.013001156,0.09137749
1.5457429,0.84947646,1.5647619,0.7188165,0.0051799593,0.13576028
1.6439023,0.7931152,1.6390991,0.76154244,0.04149016,0.13130865
2.0553234,0.99445444,2.033812,0.9305752,0.087356254,0.04817822
1.3298442,0.6670764,1.3402584,0.6658078,0.060867693,0.17214333
1.4732323,0.51992977,1.4871588,0.6931808,0.0077203945,0.14897476
1.2477448,0.68828905,1.2703116,0.69327897,0.01601733,0.14976358
1.5458916,0.771379,1.5661678,0.7186209,0.007891701,0.13799237
2.0385785,0.98240393,2.1152987,0.9602011,0.06805571,0.04196041
1.5856103,0.7922954,1.61235,0.7371722,0.0076690763,0.12857272
1.3365763,0.60191363,1.345022,0.6755774,0.06777646,0.16712198
1.6256073,0.993512,1.6711423,0.76296765,0.01241128,0.11758106
1.4819281,0.78917307,1.5009942,0.68960804,0.0056671905,0.14871863
1.3346246,0.7699891,1.3464549,0.67475754,0.013142102,0.16458271
1.1419631,0.8829732,1.1215842,0.8161866,0.2681249,0.12793489
1.6135128,0.77211654,1.5946498,0.7373179,0.027087087,0.13196884
1.2410902,0.6965237,1.2341201,0.7416896,0.07453974,0.13950938
1.7552729,0.6969968,1.7848155,0.8072404,0.015637014,0.097946495
1.4021949,0.94612145,1.4176996,0.6813626,0.024478372,0.16394562
1.6846442,0.6935409,1.6656377,0.7768889,0.15115146,0.124830276
1.0125692,0.9143462,1.0428684,0.8497577,0.12907876,0.10333845
1.4592925,0.6497921,1.4664807,0.6806382,0.0074258824,0.15567705
1.5006423,0.4945725,1.5182743,0.7078048,0.005049071,0.14377421
1.4036456,0.47179005,1.4208214,0.6700806,0.007346453,0.16136177
1.8739316,0.77257454,1.9241521,0.8667467,0.008854381,0.07085846
1.3349952,0.6715539,1.3456953,0.6554289,0.0120880185,0.17084198
1.9471884,0.8207025,1.1844649,0.8117309,0.34355462,0.13004564
1.8036021,0.809327,1.8510234,0.83913463,0.008775891,0.08496431
1.4001969,0.5749828,1.4244208,0.67036253,0.0048362943,0.16075686
1.5960631,0.64952165,1.2504022,0.7815852,0.37003785,0.13454713
1.0951889,0.73185,1.1371886,0.82568294,0.30285788,0.12586682
1.2732396,0.5286461,1.2883387,0.67306983,0.0077954647,0.16038248
1.591063,0.56715393,1.6086679,0.7401154,0.01073945,0.12981546
0.9616811,0.9795309,1.0334396,0.87123936,0.255403,0.106922805
1.4136987,0.83826315,1.4248333,0.66820216,0.0053150696,0.1610873
1.4398618,0.8612067,1.4512076,0.681881,0.005542846,0.15379928
1.10448,0.6386218,1.2677228,0.70357484,0.07559876,0.1563063
1.1155035,0.7102403,1.2346315,0.82064104,0.34492552,0.12794733
1.2905723,0.45494032,1.306334,0.66030204,0.008559616,0.16775867
1.2475443,0.68484765,1.3215923,0.7187916,0.19459349,0.15987524
1.4952216,0.51358855,1.5397596,0.7523019,0.28580773,0.14731075
1.3424288,0.7159865,1.220624,0.77831924,0.3123744,0.14781952
1.291793,0.4638989,1.2967284,0.66428876,0.011889254,0.16540872
1.2846509,0.50899756,1.2920849,0.6640646,0.018820915,0.16458043
1.592613,0.84312505,1.6150801,0.7394242,0.007683362,0.12938584
1.5555174,0.56218606,1.571358,0.7202388,0.018146602,0.1390905
1.3080791,0.88075733,1.6866834,0.8447533,0.5887899,0.11865613
1.3637676,0.66092664,1.2195983,0.736056,0.15063511,0.15043561
1.4136297,0.647356,1.4130354,0.6729523,0.03141695,0.1688683
1.143388,0.5785481,1.186727,0.7497152,0.094399326,0.13862742
1.2759386,0.5407486,1.2607577,0.68177754,0.01742413,0.15624869
1.3852859,0.68947786,1.3421242,0.6771934,0.0748135,0.1701154
1.5207874,0.5929971,1.547467,0.715915,0.005469803,0.1390478
0.9592477,0.8946907,1.3194036,0.77508736,0.36152458,0.14520001
1.0849667,0.7684013,1.3731859,0.78717047,0.44644234,0.14089324
1.3818822,0.93468106,1.3929234,0.65932417,0.0069168354,0.16619532
1.9309945,0.9363585,1.9688354,0.8874037,0.010546708,0.06050334
1.5611075,0.5883011,1.579298,0.72479415,0.010911257,0.13476
1.4356271,0.6948428,1.4574823,0.680372,0.004729262,0.15680777
1.411265,0.6838,1.430469,0.6776258,0.0076274984,0.15981524
1.3605293,0.4170791,1.3717675,0.66159236,0.024517288,0.17328815
1.3361048,0.7170501,1.3623738,0.7677303,0.32436866,0.16822478
1.5642973,0.64653313,1.5843663,0.7230069,0.006247618,0.1350345
1.4483912,0.984496,1.4634023,0.6797983,0.005298561,0.15561403
1.2714664,0.9582246,1.2649405,0.7421249,0.15962704,0.14748174
1.3550378,0.47908464,1.3712115,0.6958443,0.1929695,0.17693414
1.7396212,0.83906823,1.7925007,0.82014394,0.041897994,0.09829544
1.5164756,0.9508204,1.5286696,0.69917226,0.007912945,0.14652747
1.2131813,0.920673,1.2485199,0.7102951,0.06522362,0.15100433
1.2740098,0.6613115,1.2564256,0.69052696,0.039556943,0.15709375
1.5745023,0.60163635,1.6038842,0.7320155,0.0048859813,0.13090436
1.3924446,0.48238775,1.3430746,0.7552279,0.2999345,0.15115699
1.6162916,0.7457643,1.4493446,0.7740784,0.28923392,0.14117034
1.4643583,0.6610379,1.5047607,0.73730326,0.21444272,0.15778434
1.7917014,0.9710283,1.8186679,0.8201601,0.00704799,0.09105264
1.1422715,0.61536264,1.2823434,0.7292192,0.15839463,0.15229996
1.3281665,0.44338602,1.34689,0.6594162,0.006436275,0.16351445
2.084673,0.9999979,2.1258574,0.96227306,0.02430758,0.032569867
1.9042606,0.97776777,1.9186022,0.88831526,0.07904888,0.071259744
1.5129083,0.8109697,1.5191364,0.754539,0.14932397,0.14575396
1.4430388,0.79858357,1.4599252,0.6719933,0.006342589,0.16219063
1.5656542,0.6885159,1.5748813,0.72290295,0.008777376,0.13825056
1.182552,0.7383866,1.1665189,0.77143157,0.13181363,0.13058528
1.2921634,0.72397625,1.319108,0.7622151,0.30133837,0.15860973
1.3281549,0.5756938,1.3690367,0.7354548,0.1194882,0.15229987
1.1128036,0.8940991,1.1932569,0.7800586,0.22204246,0.13592672
1.6842136,0.6336992,1.6995513,0.77124333,0.007011748,0.11252647
1.2256027,0.611754,1.2889521,0.7516273,0.26213083,0.14705625
1.6930916,0.6988339,1.7221682,0.78385395,0.012568771,0.11042165
1.4074063,0.61673284,1.4347856,0.66182786,0.00790593,0.16728875
1.6005335,0.81469125,1.6181948,0.73915255,0.0070857066,0.12862787
1.018548,0.82831097,1.5143023,0.79794174,0.41767892,0.12796257
1.9758033,0.94942695,1.68678,0.79765093,0.31945083,0.12292765
1.476093,0.66517174,1.4885118,0.68497515,0.0055367174,0.1531516
1.4475919,0.8234413,1.4643366,0.6872278,0.006669861,0.15334517
1.2068042,0.9554436,1.2452409,0.7193282,0.091752194,0.14859597
1.8165431,0.977515,1.8662376,0.8441853,0.008793164,0.07995296
2.0073683,0.8709651,2.0480516,0.92995197,0.012710125,0.045891948
1.3214724,0.5881415,1.3100193,0.67682123,0.046297334,0.17119868
1.7545978,0.8511511,1.802155,0.81906456,0.015853768,0.09237006
1.2070432,0.5494235,1.2070928,0.7082315,0.022339806,0.14583093
1.3127877,0.6103597,1.3309987,0.670554,0.06362363,0.1705329
1.328365,0.45559335,1.3489413,0.65264124,0.022425652,0.17806602
1.9036564,0.9663689,1.8828967,0.8545583,0.16022155,0.089659914
1.9736992,0.9088739,1.9450781,0.9288464,0.49555957,0.067170046
1.2271634,0.8879182,1.1857429,0.7319766,0.088522665,0.14807013
1.4397429,0.63840467,1.4608269,0.68128175,0.0057436437,0.15466122
1.9162984,0.9930606,1.9517648,0.88502973,0.01060227,0.060563356
1.883116,0.7702578,1.8956134,0.87718785,0.15334834,0.07942511
1.5972565,0.6648949,1.6093183,0.73500085,0.007018378,0.13159478
1.7652833,0.7727083,1.7906983,0.80930406,0.0062005455,0.09436798
1.9068408,0.99847597,1.9496365,0.87911576,0.013281436,0.06081683
1.0297588,0.91260374,1.010797,0.8327588,0.05457823,0.09677147
1.347769,0.60205644,1.3608782,0.7113073,0.123441964,0.15745968
1.4800318,0.5076984,1.4716308,0.71098375,0.05262595,0.15350261
1.4381328,0.52093315,1.4357312,0.67312396,0.01555266,0.1628417
2.0765543,0.95843154,2.1315258,0.96494025,0.054227248,0.037569784
1.3405588,0.6263032,1.3623507,0.66164863,0.0142359035,0.17234813
1.5878515,0.81761336,1.6093006,0.7382678,0.0055008135,0.12862943
1.5779046,0.81142557,1.5900383,0.7306062,0.012652322,0.13424891
1.6590071,0.9928815,1.6828072,0.7578138,0.005901946,0.117613316
1.7819005,0.8495694,1.814446,0.81813866,0.009734097,0.090057634
1.3506129,0.7373907,1.3278403,0.74615544,0.30177417,0.1611894
1.8714668,0.8173811,1.8594253,0.86536175,0.23921844,0.090969786
1.5273035,0.97941124,1.547698,0.73379934,0.11766751,0.1515684
1.9319342,0.92073894,1.965033,0.8918771,0.010100385,0.061123326
2.1058712,0.9466615,2.1200075,0.98664325,0.12697394,0.03542277
1.4386629,0.7975776,1.4504278,0.6784854,0.006693695,0.15846606
1.9077848,0.8621536,1.9586518,0.88354224,0.015990205,0.06438108
1.6584662,0.75338465,1.6894042,0.7659408,0.0063170395,0.11614499
1.2530433,0.5199288,1.2277098,0.69555676,0.027566236,0.15157226
1.6336914,0.7503024,1.6500726,0.7556835,0.018397762,0.12479115
1.9173363,0.9103399,1.6852953,0.83642656,0.5311765,0.12528229
1.4592528,0.4812611,1.4933262,0.6955211,0.006266967,0.15012623
1.3722948,0.60410196,1.3766809,0.7876624,0.43707782,0.13807757
1.356754,0.6843452,1.3739922,0.65626764,0.0058977436,0.16900626
1.658886,0.59165794,1.6423881,0.7863375,0.08871209,0.121712215
1.4472083,0.48844555,1.4639726,0.6797739,0.0046966765,0.15604384
2.1423666,0.9855221,2.1608162,0.9771752,0.039327294,0.026246255
2.0500467,0.9569213,2.110147,0.9496256,0.025141278,0.03461206
1.22563,0.67443293,1.277461,0.68502766,0.024222383,0.15544048
1.4401877,0.731371,1.4358101,0.6697111,0.016968431,0.16899845
1.9944059,0.8768636,2.0606153,0.9318719,0.034615096,0.043920647
1.4594918,0.472748,1.4843543,0.6897751,0.009291607,0.15241586
1.5897427,0.74891645,1.6152222,0.73386186,0.0058042854,0.12921031
2.0166807,0.92450565,2.0860078,0.9467909,0.022491373,0.039244294
1.6117823,0.7213531,1.5363195,0.74244833,0.16953874,0.1449412
1.9699664,0.86888754,1.9243524,0.8953645,0.3687979,0.08306412
1.8564627,0.84676206,1.8793662,0.8480671,0.011020992,0.079984985
1.294383,0.6267229,1.2930253,0.6948965,0.08932338,0.16416873
1.5613754,0.719346,1.5831103,0.72673047,0.006034709,0.13179664
1.3344966,0.60910654,1.3634446,0.7840967,0.35057628,0.14877239
1.2743431,0.52455795,1.2881019,0.68060267,0.04345055,0.16184057
1.1321574,0.7553159,1.1034794,0.8069473,0.054396033,0.10674984
1.4537395,0.6152243,1.4808888,0.6900117,0.00865379,0.15406166
1.3728472,0.52982754,1.3865218,0.6608652,0.007148106,0.1662605
1.9199435,0.92418814,1.9682522,0.88580865,0.0105717,0.06027988
1.8419912,0.884197,1.8640645,0.8414178,0.0078521995,0.083504096
1.8352247,0.9883498,1.8586705,0.84126645,0.007983878,0.07977191
1.476436,0.8389563,1.4898989,0.6936376,0.005103053,0.14891537
1.7487222,0.67565465,1.7953415,0.81074834,0.008222181,0.094371095
1.4225396,0.46923155,1.4470036,0.6756004,0.009092589,0.16015379
1.0462917,0.90988404,1.4135671,0.82779413,0.5682859,0.13218549
1.1736472,0.77505493,1.1252633,0.7781457,0.15515685,0.13237114
1.6745634,0.67097795,1.7107153,0.77927554,0.007841783,0.11044594
1.5841987,0.7985556,1.6120281,0.7353252,0.008517015,0.1278549
1.8724209,0.9031465,1.9088616,0.8586308,0.009165123,0.072252415
1.4843,0.47850183,1.2758427,0.7508513,0.18549621,0.14535996
1.136738,0.8384698,1.124405,0.74160475,0.035073586,0.1289966
1.4237396,0.5718621,1.4354367,0.6710173,0.0060694134,0.16107675
1.619892,0.84820616,1.6518722,0.75609446,0.00903869,0.119356826
1.8665088,0.9789544,1.9091089,0.8631336,0.008360375,0.073566966
1.4070956,0.49935386,1.4202979,0.6742285,0.005451249,0.15909508
1.3441724,0.48387638,1.3650506,0.6513466,0.004904772,0.17178407
1.4836667,0.99086833,1.4975653,0.6914533,0.0052908123,0.15030058
1.5548016,0.579312,1.55986,0.7157268,0.0084377,0.14025544
1.3080202,0.46264365,1.3182502,0.6593437,0.013150697,0.16759895
1.4534278,0.8945667,1.4699214,0.68722177,0.0063083437,0.15268122
1.5380085,0.57340693,1.5647051,0.718123,0.0073547494,0.13731167
1.9397715,0.8707551,1.980212,0.8942581,0.014830955,0.05880691
1.9056479,0.9512056,1.9500813,0.8878537,0.031137886,0.062620044
1.7511117,0.6927436,1.7523315,0.8104375,0.06881027,0.1065328
1.1451801,0.7844969,1.1195799,0.7762457,0.04341314,0.11879338
1.1059741,0.82764184,1.0856471,0.79898196,0.12927641,0.119853266
1.1694297,0.88422096,1.08021,0.80595523,0.1187591,0.117231116
1.7043725,0.7503824,1.7127619,0.78271544,0.017267665,0.11061656
1.9710103,0.97137654,2.0126607,0.9091311,0.010074129,0.051689584
1.1531698,0.5655459,1.1202087,0.7782644,0.054022226,0.12123696
1.4806918,0.66928333,1.2795732,0.7842622,0.4402494,0.15001951
1.3993016,0.74446726,1.4078274,0.6607193,0.007577379,0.16760227
1.7166009,0.6637374,1.7514751,0.79482186,0.0078949155,0.099954
1.4219161,0.9701133,1.3180726,0.7564914,0.3065408,0.15070802
1.3438802,0.96031296,1.3616459,0.66279566,0.0051085795,0.16427469
1.0149629,0.85343164,1.3330519,0.7508801,0.31649697,0.15556511
1.9350716,0.8075831,1.2550471,0.78852713,0.27856845,0.13945425
1.5467013,0.79863846,1.5309265,0.73987603,0.08563451,0.14107043
1.669325,0.76041085,1.694818,0.77041656,0.0057061664,0.11298687
1.1477574,0.58882314,1.1954238,0.75246704,0.118682206,0.13874651
1.3132848,0.6953609,1.3216257,0.66180223,0.010337935,0.16889976
1.3926326,0.7869416,1.3904574,0.6676621,0.009669265,0.16529931
1.9164106,0.83979654,1.9644957,0.89271384,0.013409523,0.061588682
1.6859825,0.73004717,1.7160225,0.784755,0.035117757,0.11220645
1.8466002,0.8699042,1.8723519,0.85486776,0.015530631,0.07613291
1.1365447,0.84720147,1.2196219,0.7446945,0.155694,0.14484628
1.1670148,0.68038124,1.1564567,0.77078694,0.11173008,0.12878476
1.1030455,0.9353537,1.0931966,0.80596143,0.2669423,0.13114434
1.4127285,0.86752164,1.4192784,0.6709354,0.0051353914,0.15877599
1.4939158,0.5334681,1.1906321,0.7744579,0.21645583,0.13595253
1.2028315,0.9003134,1.1970394,0.72069174,0.01609979,0.13819481
1.9241253,0.93115395,1.8688095,0.8656166,0.22477803,0.091085106
1.1950026,0.8426419,1.1590652,0.75902104,0.060989197,0.1315506
1.8524544,0.90771544,1.6369886,0.82526445,0.43617082,0.119601965
1.203492,0.8006391,1.2029696,0.71169484,0.0122831995,0.14052078
1.4140593,0.528205,1.4311879,0.67199504,0.054954667,0.17495674
1.3641557,0.5932377,1.3796988,0.6560055,0.0076364796,0.16816184
1.8930753,0.8453973,1.9337001,0.87094647,0.01129491,0.06717828
1.184165,0.6677201,1.1364853,0.75010264,0.029478,0.12639526
0.9567176,0.93353,1.0142666,0.8444767,0.16072232,0.11191843
1.404587,0.91295314,1.3903501,0.7050694,0.11821567,0.16850314
2.0828216,0.92756844,2.1314576,0.9634325,0.019141803,0.032696962
1.6319702,0.9134557,1.6593738,0.7580383,0.00982748,0.121341534
1.7255455,0.9157179,1.7608738,0.80633104,0.04466484,0.10424027
1.3659087,0.7059294,1.3697934,0.66272616,0.015672885,0.16712834
1.2175368,0.79711807,1.2340231,0.6971648,0.0070285117,0.14600508
1.1342542,0.73877156,1.4645522,0.7970298,0.42683318,0.14068964
1.0225227,0.84465724,1.0773616,0.8271729,0.17169817,0.117731586
1.7473202,0.7713213,1.7893455,0.8043795,0.0066242744,0.09718903
1.7533045,0.7094029,1.7879403,0.8074532,0.011220769,0.09734441
1.7241812,0.7268026,1.7495625,0.7915666,0.0070788073,0.102767296
1.3955725,0.8540497,1.4103768,0.6668322,0.01780094,0.17216769
1.935087,0.8065454,1.974267,0.8906508,0.012625764,0.062178645
1.5075692,0.8596737,1.5158048,0.7061233,0.010877233,0.14527883
1.8521931,0.8145798,1.2850182,0.71867335,0.15147349,0.1610568
1.1957799,0.7171066,1.1703057,0.7315436,0.05817502,0.14343612
1.6130935,0.59097326,1.6316521,0.7581805,0.02666898,0.1246884
1.1595235,0.69919217,1.2595279,0.7497011,0.18852097,0.15352179
1.2904719,0.4749022,1.3140259,0.7921063,0.3121147,0.14091341
1.4422246,0.47756052,1.4624922,0.6848309,0.025398776,0.15759346
1.8398887,0.7913255,1.8714747,0.84805256,0.008505675,0.08051862
1.5687263,0.7017811,1.5851297,0.73308146,0.005872675,0.13040295
1.5582741,0.9728452,1.605469,0.7291352,0.050074227,0.13759932
1.0666081,0.83212185,1.1392581,0.7813667,0.16741364,0.13256952
1.5900605,0.6280729,1.7569008,0.8369522,0.46177313,0.12598717
1.4220978,0.7173118,1.2805185,0.7167619,0.16417879,0.15918353
1.4002848,0.52349645,1.4003818,0.7443989,0.29528528,0.15666753
1.6970499,0.9500783,1.7281559,0.7916011,0.009266418,0.10456677
2.0886893,0.97048706,2.1260574,0.9684529,0.014467912,0.029354198
1.3823646,0.63625526,1.410804,0.67088205,0.0064802747,0.16169256
1.1497065,0.66840494,1.073215,0.7991278,0.049613938,0.109516434
1.2856506,0.8482941,1.2949638,0.65962046,0.0075159827,0.16583413
1.656432,0.63611335,1.6821859,0.7625085,0.00625345,0.117452204
1.3285418,0.63778394,1.3324666,0.6663357,0.024803028,0.17592394
1.0900444,0.8502173,1.2094479,0.84601015,0.4538871,0.11795049
1.969779,0.8684515,1.2755282,0.84513444,0.4471682,0.11834393
1.1741979,0.5708252,1.4474299,0.8388716,0.6762061,0.13505174
1.6753092,0.8322041,1.6850193,0.77796805,0.022980826,0.11356217
1.3716047,0.48614222,1.4054585,0.6732834,0.09290987,0.18154252
1.1453788,0.57722217,1.1456554,0.7386346,0.014484476,0.12787546
1.9923472,0.8626498,2.0453107,0.9303506,0.012458213,0.043314777
1.8440892,0.87379,1.8700304,0.8465792,0.009978702,0.07883369
1.8604658,0.79706985,1.8794394,0.8433144,0.009011652,0.07977492
1.7038935,0.65849423,1.7267027,0.78138053,0.0073690997,0.10865749
1.4387506,0.9888399,1.3397324,0.7399951,0.29122365,0.1558568
0.96006393,0.9396069,1.2286961,0.8065854,0.30549031,0.1305878
1.8635561,0.98278135,1.5675411,0.8147954,0.452235,0.1268692
1.401977,0.96013796,1.412884,0.6678707,0.008963168,0.16554664
1.3335681,0.89816684,1.3909116,0.75331336,0.24191457,0.15657444
1.2050575,0.53666973,1.1948586,0.7330557,0.020548481,0.13242579
1.7276456,0.63865584,1.752523,0.80090487,0.023481848,0.100765474
1.2592437,0.75123006,1.2600179,0.6753342,0.010216389,0.15748782
1.661021,0.60268146,1.6972845,0.7719585,0.006699421,0.113557324
1.1362836,0.7571873,1.2809362,0.8009163,0.37880734,0.13211203
1.4354625,0.61650276,1.4424555,0.6786858,0.0055200206,0.15652347
1.4828535,0.4926698,1.3918879,0.7176543,0.14304577,0.15779853
1.4686506,0.9376531,1.4786541,0.68326175,0.007109305,0.15480891
1.2117089,0.5523385,1.2242,0.70018625,0.016363803,0.14586212
1.4355077,0.97780675,1.456675,0.673109,0.008072842,0.15810867
2.0337746,0.87833744,2.0821836,0.9444905,0.035004083,0.041373454
1.2676555,0.64874554,1.2504292,0.6954539,0.036217153,0.15496863
2.031404,0.95690185,1.3248601,0.7110744,0.15435965,0.16391243
1.3761544,0.7169446,1.3954942,0.66214776,0.0073886584,0.16835807
1.5970356,0.86907524,1.6144936,0.73594403,0.0055926726,0.12781015
1.3962604,0.8310641,1.4074993,0.6636585,0.004779221,0.16475904
1.8693138,0.74261004,1.8188977,0.8534816,0.3472269,0.09627638
1.7066735,0.9851825,1.7282429,0.7754975,0.027017538,0.11087481
1.6263452,0.84415203,1.404438,0.77954006,0.36142227,0.1359328
1.2465729,0.7670586,1.2544532,0.67879885,0.03447604,0.16115452
1.0274603,0.8297264,1.0923805,0.7774979,0.07308379,0.119903184
1.170808,0.7877725,1.1797694,0.75206584,0.06102988,0.13283515
1.4639243,0.47785404,1.4720659,0.7047574,0.04602232,0.1673763
1.4415885,0.46328378,1.4677501,0.68552685,0.014040381,0.15815292
1.9820992,0.96666604,2.0170946,0.90563816,0.010920074,0.050014254
1.4481612,0.9966243,1.463896,0.6838625,0.006973298,0.15427367
1.8517373,0.8133994,1.8920684,0.8621216,0.009846288,0.07512865
1.4887795,0.89998627,1.5016904,0.70914304,0.060721163,0.1567636
1.0694294,0.6569774,1.3286014,0.7805701,0.3125201,0.14577119
1.6521723,0.87630177,1.6737258,0.76547396,0.0083290925,0.11549184
1.0640519,0.90724826,1.0487378,0.8290146,0.13769886,0.10775859
1.5591763,0.6084313,1.1464641,0.8132532,0.24769142,0.12484345
1.7656125,0.8109694,1.7957664,0.8237658,0.02262613,0.090570726
1.3396662,0.8501069,1.3555822,0.6524106,0.007523053,0.1679609
1.4508985,0.71469927,1.451786,0.68753016,0.014197742,0.15587923
1.2127651,0.73157924,1.2076352,0.7152929,0.00937491,0.13666394
1.764154,0.66597253,1.8053365,0.8207945,0.007134676,0.088577166
1.0339308,0.7978481,1.014565,0.85205823,0.18053906,0.10666052
1.5584074,0.74947923,1.574827,0.72113687,0.027589917,0.14208378
1.5132583,0.91710305,1.5356553,0.7025496,0.01746316,0.1485289
1.5826873,0.9420163,1.6101613,0.73885846,0.010279011,0.12948182
1.3798153,0.91291213,1.3753021,0.66410613,0.020055408,0.16859423
1.7594436,0.94512963,1.4476206,0.77461576,0.3987285,0.14538988
0.97345483,0.8522468,1.2279906,0.7603531,0.21352652,0.14258876
1.5682911,0.71394944,1.4673247,0.75350505,0.3082218,0.1584369
0.9165256,0.9144688,1.3491747,0.73521316,0.21347113,0.15817162
1.7477446,0.7144005,1.7702787,0.80084854,0.025042541,0.10114756
1.4302989,0.9215566,1.4440694,0.6747197,0.006103217,0.15887712
1.4426037,0.60593504,1.4489279,0.6818805,0.0051360773,0.15589793
1.7312254,0.8115891,1.756465,0.80198663,0.039731875,0.110219456
1.6214205,0.8567212,1.6456101,0.74764526,0.005628153,0.12269116
1.7302643,0.9093887,1.6584516,0.7977762,0.26371458,0.12072705
1.2727422,0.4745253,1.2774873,0.6720399,0.008951443,0.15944268
1.6085485,0.56305856,1.6392539,0.7488367,0.008134504,0.12492739
1.4826118,0.55500907,1.4588535,0.7239816,0.0927934,0.15365443
1.2204947,0.50530356,1.4671547,0.74636394,0.3075311,0.15722129
1.4173048,0.47369358,1.3548226,0.7688066,0.30940527,0.14234506
1.4956298,0.49168238,1.5102766,0.69535196,0.008948733,0.1485658
1.6885146,0.8734958,1.7225146,0.77790606,0.0068467,0.10828618
1.8889362,0.8255181,1.9121747,0.8682925,0.01177477,0.0697131
1.6074783,0.7305403,1.6353629,0.74084157,0.006763551,0.1281915
1.3503808,0.9147181,1.368782,0.65732086,0.024081193,0.17324997
1.4822205,0.5078917,1.4990964,0.6896046,0.005610509,0.15100168
1.5723042,0.85032994,1.4320855,0.7326367,0.24006097,0.15120709
1.1822819,0.8163841,1.352381,0.685202,0.095214605,0.1777281
1.5284613,0.5396928,1.556963,0.7183346,0.039832883,0.14790234
1.3714813,0.5000321,1.5364118,0.7602209,0.36259657,0.1546354
1.88256,0.80169827,1.9158189,0.8597626,0.012784842,0.074002124
1.7346027,0.6444189,1.7666852,0.7947018,0.005998767,0.10107167
1.957589,0.857774,1.6962032,0.82578695,0.47494996,0.12348874
1.5245314,0.81495196,1.5571656,0.71298826,0.012582754,0.13887279
0.9768521,0.80738795,1.8060079,0.8607462,0.37592024,0.11100296
1.0358652,0.79504454,1.0370691,0.8218546,0.10721415,0.11269115
1.1216215,0.9840093,1.089599,0.78617424,0.06258789,0.11695139
1.3105478,0.6410585,1.2952423,0.68495977,0.07086135,0.17005391
1.8122904,0.9290279,1.8420959,0.82653266,0.011099135,0.0875345
1.2148398,0.78409696,1.3546555,0.73079634,0.27216917,0.15546359
1.3927537,0.47709626,1.571846,0.77337205,0.4273783,0.15743726
1.3862945,0.47843274,1.3839505,0.67590475,0.031375792,0.16847454
1.2025858,0.87048924,1.222945,0.74672157,0.13792007,0.1392743
1.8128561,0.9801979,1.852068,0.838205,0.008529483,0.08505201
1.5210888,0.8953914,1.5325806,0.7258688,0.047932606,0.14650734
1.597586,0.73538464,1.6206827,0.737236,0.0058887904,0.1284375
1.7289835,0.6428083,1.756633,0.7949894,0.0066979355,0.101762936
1.3882775,0.8045997,1.3923559,0.65876526,0.015486036,0.17341323
1.9160496,0.92847687,1.9615211,0.88643754,0.009371044,0.06192746
1.1446481,0.93585587,1.0949085,0.7680064,0.063941605,0.123136796
1.0482438,0.76861525,1.2506068,0.8089919,0.34063086,0.13528478
1.7657919,0.7091937,1.800322,0.81534594,0.012052205,0.095916
1.5430553,0.7969129,1.3546145,0.8280106,0.60804135,0.123674065
1.4107846,0.94060415,1.5658455,0.7971248,0.38535586,0.13633224
1.6117672,0.6677425,1.6417873,0.7464782,0.004979545,0.12354754
1.2051202,0.6432526,1.2724164,0.73258275,0.22798342,0.15595827
1.5965027,0.72048414,1.6162667,0.7378168,0.0066130706,0.12951237
1.4353939,0.58637816,1.4548504,0.6825635,0.0439077,0.16505407
1.1417699,0.79811203,1.146795,0.74829185,0.016731229,0.12339069
1.254333,0.6981058,1.252115,0.69340634,0.01703999,0.15092246
1.2685239,0.47603247,1.3065629,0.666214,0.009252546,0.16299425
1.2333777,0.9891097,1.2381966,0.69049114,0.011352751,0.15018488
1.2841142,0.5338403,1.3513398,0.7291448,0.18615736,0.16111569
1.5677406,0.7810775,1.5975044,0.7528691,0.031168709,0.13807735
1.6741643,0.85300016,1.6862795,0.7708317,0.012740572,0.11770716
1.4546052,0.9214596,1.4650912,0.6812558,0.008297872,0.15555762
1.2210739,0.66271156,1.1922727,0.7240778,0.033388913,0.13924816
1.1726027,0.61732507,1.2338858,0.7292452,0.13756576,0.15207607
1.3566676,0.8417599,1.3764071,0.66289115,0.005627002,0.16749313
1.6337849,0.91396785,1.6532657,0.75148576,0.010249011,0.122687384
1.6078013,0.57285905,1.6295099,0.7421168,0.0112564685,0.12754622
1.5047092,0.7235503,1.5097897,0.7018946,0.015669359,0.14791691
1.8046116,0.71563137,1.8183515,0.82293075,0.015843099,0.092611164
1.3455901,0.5240947,1.5106592,0.73829746,0.17965221,0.14649002
1.6330489,0.9820707,1.6553512,0.7464173,0.022306932,0.12186834
1.2805603,0.6483289,1.3687515,0.7838102,0.42453963,0.14702624
1.4735954,0.87819666,1.4860632,0.6935413,0.0055835648,0.1478388
1.9519209,0.87169945,2.0017254,0.91078293,0.0106229065,0.052702
1.3358643,0.5558453,1.3573596,0.64656055,0.007531416,0.17396471
1.3847352,0.715369,1.3950305,0.67218083,0.029956892,0.16835807
1.664215,0.60066223,1.6152813,0.7703922,0.077290386,0.12452202
1.6242718,0.74315876,1.6328435,0.745292,0.011458455,0.12483052
1.7445712,0.93757856,1.6110477,0.80491287,0.33779597,0.1422164
1.1252053,0.90159094,1.0673113,0.7892949,0.07591849,0.115958
1.5203754,0.96669585,1.4785185,0.74954355,0.13762192,0.14129542
1.4879624,0.9480006,1.334208,0.763999,0.3183324,0.14684029
1.8589556,0.8255741,1.8996613,0.8594742,0.009174611,0.07494784
1.7059711,0.63292384,1.7379267,0.7852949,0.0063744118,0.10565538
1.4712362,0.49798784,1.4948072,0.6915503,0.005725285,0.14857316
1.6339849,0.89554137,1.6553273,0.7537917,0.006131038,0.12075179
1.2776428,0.7062766,1.2909527,0.67502445,0.02263076,0.16166632
1.4987917,0.7935074,1.5161378,0.6984379,0.004856929,0.14711648
1.9117969,0.8262985,1.9608331,0.8844943,0.019903764,0.060924254
1.4811571,0.8684057,1.4780629,0.71512157,0.10469536,0.1582497
1.2881049,0.5162299,1.2428539,0.73716545,0.18967116,0.14949068
1.4636961,0.78548807,1.439683,0.68960476,0.066209875,0.1633336
1.2883844,0.87165034,1.2858019,0.6641494,0.011325011,0.16627795
1.0060326,0.9343163,1.2463026,0.7793873,0.27414635,0.14142425
1.9653933,0.9245447,2.0023313,0.90540326,0.018034197,0.05280137
1.8766505,0.7621354,1.9136231,0.86449844,0.01315306,0.07304914
1.7132124,0.9963902,1.752063,0.79446715,0.013865775,0.103530146
1.2602992,0.69294804,1.2921026,0.74998534,0.2320083,0.15013027
1.1163883,0.8973689,1.3053954,0.7677855,0.22580925,0.14422789
1.6101214,0.7591673,1.6332412,0.7600064,0.06997085,0.12500812
1.3157002,0.71689063,1.3188949,0.6744036,0.039595786,0.16659904
1.8157184,0.7780023,1.8303044,0.8290493,0.015965242,0.08892563
1.6065118,0.62780094,1.6202822,0.72590077,0.0074267955,0.12936884
2.076687,0.95760757,1.9812155,0.927385,0.2772851,0.07747457
1.7465827,0.68740743,1.7848582,0.8040939,0.009905461,0.09848587
1.0341417,0.752612,1.0616714,0.8349291,0.10964182,0.10265011
1.7802587,0.929791,1.8669031,0.8491308,0.045283243,0.08563628
1.7447199,0.9535191,1.7819738,0.8059442,0.0074301073,0.09749305
1.9101498,0.99861306,1.7939863,0.8772303,0.48243582,0.09671491
0.9740296,0.9662266,0.9907192,0.8576314,0.22648597,0.11055293
1.2194737,0.5006485,1.2236211,0.69203377,0.0124633815,0.14907481
1.3088975,0.7605618,1.3100584,0.65763843,0.00549585,0.16806147
1.0492352,0.80581665,1.1464839,0.778353,0.22283544,0.13698159
1.2020148,0.80297893,1.5144033,0.8342751,0.5249853,0.118430175
1.3087041,0.43628818,1.1418793,0.81558377,0.2586005,0.123352654
1.1460696,0.82284766,1.3949876,0.8224194,0.64856213,0.14688027
1.534485,0.5930635,1.5567088,0.71877414,0.005275901,0.13588004
2.0114741,0.94614565,2.0558503,0.93051153,0.011650408,0.044277515
1.5315336,0.73284584,1.5433962,0.7140038,0.005697355,0.13860816
1.4850231,0.8023455,1.5032959,0.702125,0.005381779,0.1438702
1.1589073,0.6822916,1.1562166,0.73424625,0.0101156775,0.1296047
1.0962011,0.7262287,1.7082193,0.8082885,0.16440508,0.11668423
1.7275339,0.6417791,1.7683041,0.7995064,0.0069505586,0.10003014
1.0651004,0.9581666,1.0068389,0.8407455,0.08858607,0.100168824
1.1627793,0.5889092,1.1539159,0.77429265,0.12194635,0.13331506
1.5006319,0.5808992,1.5034966,0.6977433,0.034480795,0.15567462
1.2192985,0.6657518,1.2115028,0.7080542,0.006621956,0.14103924
1.3107489,0.86707777,1.3254044,0.65946406,0.006279215,0.16626996
1.8468543,0.8806758,1.8960543,0.8542076,0.013403861,0.074522644
1.380909,0.6194832,1.3762238,0.6562309,0.014382168,0.17029403
1.6399366,0.7876277,1.5699792,0.7690078,0.3478083,0.14668204
1.2757144,0.6223921,1.2815404,0.68360883,0.008494364,0.15497452
1.8734684,0.9175185,1.9062564,0.863434,0.010057308,0.07160848
1.1650487,0.8762834,1.2506456,0.83249,0.31081417,0.12675531
1.3926314,0.70631224,1.4248655,0.66422296,0.0106741665,0.16322361
1.4288172,0.85453653,1.4378042,0.71589434,0.16928625,0.15553206
1.9687259,0.93169224,2.0183756,0.9110232,0.014460498,0.047217544
1.2989941,0.87662774,1.2800376,0.7107475,0.100059405,0.15696882
1.591885,0.5449441,1.6223319,0.7434268,0.010458217,0.12681073
1.273228,0.504345,1.2871141,0.673118,0.005025597,0.15804459
1.7253875,0.89364547,1.7426722,0.78485924,0.009038302,0.10625797
1.7538218,0.67183083,1.7913151,0.81016666,0.008166526,0.09452022
1.5586697,0.94080293,1.4794831,0.7680409,0.2670897,0.14099686
1.2838657,0.46453884,1.3227556,0.67090416,0.04367293,0.1713653
1.2965188,0.69063544,1.3064759,0.65934575,0.015184054,0.16873167
0.9824625,0.93934745,1.3270583,0.73460954,0.2244317,0.15182517
1.3203666,0.58198637,1.3383474,0.6852053,0.10826157,0.17162913
1.3757633,0.75995463,1.388607,0.6741892,0.0146065345,0.16400503
1.468872,0.84849167,1.4796305,0.6801654,0.008362054,0.15481229
1.454594,0.9136006,1.473597,0.6828139,0.0048472793,0.15393865
1.5645621,0.81513554,1.5431726,0.73822284,0.05118183,0.14428796
1.5557786,0.86327153,1.5270369,0.7327909,0.11526322,0.14296028
1.2041006,0.51319134,1.2382913,0.7000674,0.01744941,0.14755437
1.8008586,0.9176337,1.846071,0.83383954,0.0107554495,0.08400345
1.894554,0.7949206,1.9265747,0.8697963,0.00959889,0.068718925
1.4828379,0.5898301,1.4984429,0.6938432,0.02849496,0.1580835
1.6971517,0.7388808,1.7247891,0.7983609,0.027778862,0.109372094
1.4725491,0.8027623,1.490428,0.69139516,0.005843179,0.15038127
1.0343034,0.8509382,1.139643,0.8360994,0.29979756,0.121777475
1.4206452,0.96783394,1.3611016,0.7567021,0.21741943,0.15599187
1.8776544,0.83533657,1.926203,0.8693505,0.008254432,0.06709747
1.1753664,0.88818586,1.1710093,0.7313478,0.03487392,0.13437122
1.9955106,0.9536464,2.0471363,0.92840767,0.012444659,0.04597374
1.367183,0.86566615,1.3789213,0.6584893,0.022325452,0.17508747
1.7893318,0.88085157,1.8137364,0.81897527,0.00708242,0.09025975
1.3876739,0.6853469,1.4231956,0.67393976,0.044189993,0.16696703
0.9751466,0.888231,0.87928677,0.9079671,0.09366342,0.07986841
1.2747828,0.4814481,1.2866797,0.67247653,0.006842718,0.1578744
1.222162,0.7056272,1.2461288,0.76232827,0.25815138,0.14819117
2.0611694,0.95990914,2.1136434,0.96047705,0.014153471,0.031855084
1.4929346,0.75132716,1.5097525,0.69605255,0.0059944154,0.14743105
1.3997161,0.95136076,1.4145012,0.6638364,0.005716987,0.16429
1.5940121,0.6392777,1.6153882,0.7379243,0.00594114,0.12684496
1.2809111,0.78304213,1.3917949,0.73099256,0.23523204,0.15890951
1.5780704,0.57035226,1.6019313,0.7310008,0.0049952166,0.13063088
1.2474009,0.6238903,1.2915719,0.69160414,0.07259056,0.16166027
1.3397821,0.48587283,1.3455298,0.66104704,0.0057603912,0.16520953
1.6310248,0.8974564,1.650459,0.74920213,0.0067061614,0.123412505
1.4493711,0.65192217,1.4691539,0.68071866,0.0053684465,0.15449259
1.8301399,0.84100837,1.8591037,0.8339804,0.008226542,0.08462098
1.3786862,0.5134026,1.3828526,0.65962636,0.017322285,0.17349027
1.4338796,0.50475174,1.4461522,0.675596,0.020886647,0.16754784
1.2129756,0.94403213,1.213804,0.69766885,0.008713991,0.14468181
1.3909448,0.72426337,1.3965864,0.66784966,0.011130895,0.16563179
1.8427783,0.8389898,1.8806896,0.84873366,0.018646358,0.07801293
1.4473517,0.71580625,1.4612186,0.6784066,0.007576638,0.15854067
1.2357931,0.94240016,1.2188437,0.72373605,0.03907428,0.14073671
1.2344323,0.61299205,1.2611878,0.6996016,0.13490771,0.16281536
1.9272673,0.8423775,1.9799793,0.8929129,0.0350594,0.061732832
1.5129981,0.527745,1.5220172,0.71200037,0.044143315,0.14814988
1.2015163,0.7956945,1.2198513,0.71085656,0.04279003,0.1468552
1.5486479,0.6557942,1.5717902,0.7166859,0.0071087964,0.13878226
1.8591117,0.76258165,1.9160032,0.8708946,0.0633217,0.07465462
1.7322283,0.7718604,1.7617002,0.8129191,0.039636143,0.09711244
1.6244736,0.9375754,1.6473897,0.7494288,0.009309332,0.124665365
1.4714054,0.47532037,1.4480388,0.70393586,0.11868108,0.15894309
1.9130585,0.9385498,1.9156542,0.91458946,0.17507802,0.06663362
1.2673205,0.7983801,1.2874763,0.66161597,0.020159358,0.16571102
1.7832841,0.7038831,1.8214986,0.82432693,0.079383954,0.098831065
1.7778889,0.8365256,1.8126762,0.8171093,0.0075916457,0.09215837
1.6266072,0.6877142,1.6411045,0.7532293,0.0066795135,0.121153004
1.3601825,0.8380997,1.3712788,0.656463,0.004531719,0.16934626
1.8114617,0.825158,1.7927005,0.8549861,0.10330591,0.09315929
1.1582541,0.8776863,1.1314604,0.747571,0.016313784,0.12384586
1.358285,0.91702616,1.3445759,0.72849214,0.1877734,0.15709852
1.1759866,0.9872826,1.1389652,0.7761242,0.1807935,0.13196756
1.3390586,0.988585,1.350152,0.64881027,0.008418186,0.17137523
1.0007719,0.8471143,1.225183,0.74778235,0.17908113,0.14901537
1.7490314,0.7207652,1.7936888,0.8097114,0.0068220985,0.092948586
1.3903744,0.4449521,1.3881915,0.74621916,0.3526853,0.15241064
1.3572541,0.8430947,1.3729188,0.65706336,0.01768248,0.17595612
1.5931746,0.7382716,1.5714767,0.7597928,0.21983154,0.14240135
1.488992,0.5192989,1.513046,0.70480704,0.013830293,0.14745347
1.5732648,0.96160823,1.4896076,0.7342427,0.16802287,0.14737943
1.0359116,0.71251327,1.0798223,0.8795774,0.3573632,0.10792856
1.3978113,0.5066387,1.4167264,0.6750713,0.015950702,0.164808
1.4878435,0.9981132,1.4835196,0.6998743,0.023221398,0.151788
1.8699185,0.9549129,1.9042952,0.8564213,0.016676564,0.07381451
1.3558753,0.92316717,1.3602378,0.6838958,0.0991072,0.1704333
1.4283842,0.511037,1.4432721,0.6813071,0.0057799257,0.15594272
1.8914351,0.77945554,1.9174604,0.864466,0.014205,0.06828039
1.0453736,0.8817955,1.559936,0.7490734,0.21274346,0.14343145
1.548808,0.7433996,1.559386,0.72692275,0.01943682,0.13879715
1.5341822,0.8825939,1.4830942,0.73337615,0.17929432,0.15467957
1.4100052,0.54791623,1.424851,0.66869736,0.018460965,0.1676685
1.9105039,0.8491845,1.7483447,0.80555475,0.10458159,0.114287905
1.3697362,0.6817178,1.3796043,0.66282344,0.010115017,0.17029741
1.2617631,0.82018036,1.2442868,0.69804543,0.040834498,0.15451767
1.2333269,0.8136194,1.2226126,0.79522496,0.2845494,0.1368668
1.273467,0.58279777,1.2840338,0.6753494,0.005411779,0.15649441
1.308247,0.86076915,1.3205683,0.70752525,0.10536746,0.1582763
1.4171419,0.610088,1.4354181,0.6749374,0.026857778,0.16973683
1.1403003,0.64504224,1.1176345,0.7955551,0.16264735,0.12598366
1.5897326,0.57402253,1.6064994,0.74227,0.017016958,0.12847623
1.8629287,0.8659747,1.9183648,0.8625027,0.012586486,0.069742315
1.8936948,0.7884284,1.9334121,0.8731961,0.012649626,0.06659361
1.4314841,0.56773484,1.4478312,0.6677794,0.0050435173,0.16053604
1.4162962,0.55987984,1.4404702,0.6726027,0.009134218,0.15967302
1.6334987,0.799864,1.6558924,0.7536336,0.006839462,0.1201862
1.5619727,0.5841681,1.5833769,0.72959214,0.0068354947,0.12994272
1.4427317,0.46134257,1.4640551,0.68002677,0.011852768,0.15836354
2.0046108,0.9793906,2.0581856,0.92986375,0.0114029115,0.043487713
1.8979187,0.9696544,1.950778,0.8810678,0.0155791845,0.065632895
1.7537273,0.71942383,1.8090703,0.8220515,0.02289723,0.08952628
1.7306337,0.8970896,1.757694,0.79262006,0.007508002,0.10258155
1.3218926,0.535187,1.3428395,0.6555145,0.009600707,0.16853712
1.1599094,0.6123339,1.1547036,0.7364545,0.012119934,0.12825589
1.2026886,0.80209947,1.2383721,0.7392705,0.18293665,0.1419234
1.861536,0.7522671,1.8937018,0.887276,0.13559707,0.07205897
1.3605984,0.56210643,1.3744962,0.66030806,0.0051662866,0.16679363
1.4492146,0.68688864,1.4412587,0.6812062,0.029473905,0.16166641
1.3840135,0.94735235,1.390733,0.67021984,0.012726633,0.16552633
1.2939535,0.602953,1.273828,0.67898595,0.038724408,0.16503392
1.6008128,0.6468888,1.5940778,0.7546073,0.040429972,0.13043596
1.889804,0.8738486,1.6039779,0.8224892,0.6279972,0.12310073
1.4611766,0.78002137,1.4788897,0.68943006,0.0069862246,0.1536604
1.5487976,0.5782601,1.560051,0.7196769,0.0064041126,0.13750544
1.8224773,0.75385046,1.8614666,0.84131795,0.0097716795,0.082529455
1.3139905,0.5229046,1.3440194,0.64695936,0.008198442,0.17252833
2.0453215,0.9760219,2.0913355,0.9436159,0.035999466,0.039386287
1.7183805,0.8023763,1.0037637,0.86494803,0.23142117,0.10352688
1.207421,0.7843371,1.5504246,0.7403223,0.15908657,0.15723251
1.7318153,0.9850275,1.7553895,0.79397696,0.007847517,0.10112117
0.961155,0.8627968,1.1110818,0.8167333,0.18587516,0.11957756
1.4575472,0.617332,1.4713745,0.69889253,0.022245873,0.15629643
1.3293008,0.9356408,1.3345993,0.69904286,0.15597263,0.17171471
1.4608122,0.9020454,1.4645689,0.6981137,0.03534919,0.15913576
1.5548654,0.7415305,1.5739653,0.7197167,0.005008425,0.1361166
1.5337757,0.5720241,1.558521,0.715357,0.02744801,0.14283763
1.0541041,0.7254514,1.4691486,0.8341487,0.39583778,0.13459024
1.6183558,0.6948595,1.6480942,0.75726604,0.025645262,0.13172498
1.7353433,0.8592986,1.8952103,0.8765653,0.16870676,0.08725756
1.0522909,0.98417675,1.1822765,0.76362264,0.21733628,0.1390153
1.6322365,0.5781747,1.6654589,0.7520159,0.011693661,0.12254809
1.322222,0.66872704,1.3584774,0.6749129,0.04808114,0.17042905
1.7745032,0.8393642,1.8073957,0.81670964,0.0065584867,0.09198758
1.5779113,0.5448806,1.59973,0.72782147,0.008122926,0.13402195
1.3795683,0.82518786,1.4053767,0.6705008,0.0070704683,0.16211438
1.5050184,0.7198201,1.5082126,0.6976038,0.0067332713,0.14649521
1.5061847,0.9479254,1.3234634,0.7601013,0.20511472,0.13961075
1.1246333,0.7104448,1.2232826,0.75319207,0.16656944,0.14296709
1.4887207,0.55892617,1.5105305,0.6932818,0.011688627,0.15172437
1.3724892,0.8405421,1.4035845,0.6587269,0.007906978,0.16645841
1.553532,0.7359486,1.5709119,0.7222736,0.005451262,0.1364349
1.6704189,0.9153534,1.6983006,0.77444464,0.0062741693,0.1108255
1.1718841,0.6909609,1.1501065,0.74199045,0.027745435,0.12924312
1.8574373,0.9424881,1.9025099,0.86167645,0.039304815,0.07451021
1.587222,0.8602835,1.5966225,0.7275423,0.006797314,0.13595861
1.2836972,0.9118197,1.1850519,0.7524396,0.13011777,0.13899237
1.2624522,0.5793296,1.2745588,0.66947436,0.0075753485,0.1609026
1.3665726,0.7512324,1.3704545,0.65807414,0.0053557185,0.1686683
1.3695335,0.5440539,1.3907585,0.6970589,0.11033651,0.18020327
1.4297314,0.6153926,1.4336078,0.6794029,0.010576328,0.16116606
1.5003037,0.8307313,1.4096558,0.66619647,0.03603434,0.17191163
1.3374386,0.61296827,1.2638206,0.7660656,0.2513555,0.14677037
1.1961418,0.65396863,1.1808422,0.75118047,0.10109346,0.13710947
1.414991,0.7237973,1.4280035,0.6708188,0.005656861,0.1609982
1.9973996,0.9534303,2.0128102,0.91657823,0.28136224,0.06623297
1.2888654,0.47737053,1.294765,0.6745866,0.032650847,0.16420767
1.6687684,0.68460935,1.6966887,0.7785341,0.046288095,0.11470696
1.3323936,0.9339155,1.3273051,0.66751575,0.042305358,0.17101552
1.740744,0.948909,1.7673876,0.798033,0.008256502,0.09949262
1.5973045,0.98119336,1.6208174,0.73629713,0.0062442133,0.12864402
1.7877802,0.6962162,1.7600996,0.81100875,0.14082286,0.119836725
1.3945854,0.5528472,1.4093263,0.6599043,0.009144965,0.16476364
1.5001153,0.51055473,1.5237074,0.7082217,0.005107652,0.14224578
1.1798946,0.74856454,1.3235145,0.7872683,0.26937816,0.1301004
1.7075615,0.7004293,1.7429597,0.7908688,0.014376416,0.10578476
1.9257351,0.8004043,1.9670727,0.890601,0.012789592,0.06121241
1.5229937,0.54786205,1.5543027,0.7074015,0.005956727,0.1422539
1.6970162,0.66334504,1.7272873,0.78526103,0.01116023,0.109461196
2.0450783,0.90967995,1.6754842,0.84584796,0.7136026,0.13360558
1.1448393,0.61423326,1.3898697,0.76313066,0.26999497,0.14342043
1.484128,0.6774456,1.5051148,0.69110185,0.005970009,0.14982188
1.5316992,0.6256861,1.5467014,0.7039503,0.011826873,0.14409667
1.8373384,0.8396662,1.7942121,0.8450813,0.22208714,0.10314073
1.916958,0.9204203,1.9659519,0.8893691,0.009665323,0.060426384
1.9854025,0.90150803,2.005944,0.9076473,0.011528039,0.052502066
1.7236603,0.7634567,1.7504869,0.79064727,0.008191486,0.10383934
1.4275223,0.6527501,1.4599271,0.71107155,0.16781305,0.1737275
1.6493158,0.99987245,1.6629186,0.7599734,0.025563248,0.12447033
1.7231481,0.8718598,1.7515838,0.7998254,0.029101359,0.10215281
2.126311,0.9877148,2.1386077,0.97547895,0.017898995,0.028814176
1.6641506,0.7447523,1.6765049,0.77085435,0.014869542,0.11625851
2.1114297,0.9789153,2.1312354,0.9820472,0.31901217,0.045093782
1.2615988,0.67282116,1.2680328,0.68640417,0.027145185,0.1560049
1.9707795,0.9249219,2.0133262,0.91313916,0.09669921,0.059196435
1.8096122,0.9819413,1.4822984,0.77286965,0.41208196,0.1524765
1.7597294,0.68349636,1.7974317,0.80816525,0.0088285385,0.096855715
1.7329973,0.993955,1.1530087,0.8339686,0.31218922,0.124213815
1.7942423,0.94869065,1.8083925,0.8269748,0.063781895,0.09755785
1.030491,0.77418196,1.2545044,0.8096225,0.40248802,0.13614675
1.9793307,0.9832748,2.0244696,0.9255848,0.12050026,0.058464337
1.5689049,0.6531716,1.6006193,0.73343194,0.0054166117,0.12908779
1.763705,0.96997404,1.796215,0.81188303,0.009676349,0.09238084
1.681419,0.8686824,1.7000029,0.77072835,0.0065101176,0.11316171
1.8543516,0.90014654,1.8850737,0.85142225,0.0078990115,0.0784314
1.6176904,0.91103846,1.6501508,0.7532406,0.018653018,0.12528576
1.0984693,0.7683983,1.0413554,0.8143389,0.04636515,0.10273818
2.0114548,0.9604244,1.7320647,0.82257575,0.44965667,0.11280944
1.3547534,0.5689304,1.2826469,0.7168796,0.1396955,0.16154361
1.8550229,0.9184586,1.9033959,0.8660863,0.023049084,0.07131173
1.8599588,0.78335917,1.8997691,0.85442823,0.013988001,0.07587805
1.4714338,0.6042093,1.3757625,0.72756743,0.21031828,0.16088195
1.315725,0.9208716,1.334595,0.7007351,0.12698983,0.16776451
1.1766353,0.539455,1.2736592,0.7592294,0.2917592,0.14662784
1.5958122,0.7212713,1.6203549,0.7394313,0.0072782086,0.12751591
1.7661586,0.98956627,1.8035281,0.8108887,0.0070306067,0.09408367
1.2466518,0.72485197,1.2046015,0.741008,0.08571095,0.14195172
1.8440645,0.9493512,1.5419271,0.7917276,0.49698973,0.13290198
1.1690056,0.8708805,1.1488558,0.73561865,0.027878718,0.13164485
0.9097523,0.97867584,1.3485258,0.7945869,0.4366014,0.14545168
1.4291775,0.50923973,1.4593406,0.67261475,0.0077777137,0.15907417
2.0266004,0.95160186,2.0613744,0.92659557,0.018804712,0.042967673
1.5899942,0.5619469,1.62394,0.739906,0.0061877742,0.126768
1.7528951,0.9910215,1.7475803,0.8147824,0.069122896,0.10060304
1.5665345,0.7659903,1.5873053,0.7307616,0.01070969,0.12918806
1.5350776,0.57681197,1.5149603,0.7313591,0.12222322,0.15060748
1.4988866,0.8555449,1.487875,0.7744729,0.31789252,0.14045322
1.3924218,0.9228634,1.3960261,0.65593445,0.009105127,0.17042898
1.2562052,0.70822054,1.2656181,0.6766403,0.021898568,0.15959685
1.674872,0.6249788,1.7032578,0.7723419,0.0062790685,0.112244636
1.5031188,0.9968809,1.5228217,0.700716,0.020432655,0.1494728
1.4862316,0.9182364,1.4948318,0.70691454,0.06555506,0.15520033
1.523118,0.85440207,1.5391533,0.71169406,0.0072175325,0.13861163
1.2235698,0.53973037,1.5049496,0.7378159,0.18548653,0.15907222
1.1110113,0.677715,1.0921061,0.81803364,0.18405804,0.11609604
1.7660036,0.7757373,1.7853067,0.80879754,0.0075858417,0.09494707
1.8092842,0.712491,1.8355703,0.83406866,0.008487096,0.085789435
1.6907337,0.8176477,1.6903028,0.7770248,0.06468249,0.1203653
1.7846161,0.9902952,1.8034806,0.82214713,0.015318212,0.09157909
1.5977304,0.8823646,1.600177,0.74864566,0.052594524,0.13708666
1.5608637,0.6893668,1.5886879,0.72385097,0.005783347,0.13325895
1.3716781,0.52192795,1.2963395,0.7146892,0.18682319,0.16882335
1.227354,0.8008323,1.2298646,0.69532067,0.01201903,0.14919162
1.2459586,0.67128956,1.2025104,0.71555465,0.040895406,0.14467144
1.6094813,0.9375041,1.6416078,0.74587107,0.0059065493,0.12311177
1.6255496,0.737139,1.6463301,0.7472702,0.005826119,0.1220208
1.5697782,0.6676841,1.3998325,0.6583017,0.04424016,0.17786887
1.9523413,0.8801132,2.0000534,0.90615463,0.010508673,0.053373136
1.8684208,0.9043195,1.911385,0.8729353,0.096151955,0.07558999
1.8573854,0.9372659,1.8865733,0.8541431,0.010652207,0.07453019
1.3936104,0.9081804,1.4022567,0.66166556,0.004645799,0.16700336
1.0431025,0.78446853,1.3494332,0.6792536,0.025248468,0.16537145
1.9331464,0.87934583,1.9811103,0.89163274,0.012674808,0.055542435
1.6921618,0.7528935,1.561727,0.8045766,0.17415266,0.11100958
1.1020136,0.8897829,1.1229026,0.80451083,0.16919076,0.12206996
1.1862078,0.63215584,1.124042,0.7937692,0.16380395,0.12650275
1.158087,0.8387891,1.1884055,0.72791994,0.023567311,0.13430963
1.3375808,0.5351063,1.175703,0.74429923,0.10536736,0.14265323
1.4349372,0.7776697,1.4456892,0.6903002,0.014355847,0.1585242
1.8198155,0.76770425,1.8394074,0.8337502,0.008956041,0.083048254
1.831811,0.95515716,1.8649313,0.84683603,0.013212289,0.07949588
1.6843525,0.84820056,1.7078798,0.77614164,0.007314973,0.10891073
1.2882557,0.7225642,1.2729967,0.6931174,0.046154298,0.1576458
1.9016829,0.941422,1.9288878,0.87014616,0.0087422365,0.068503894
1.264177,0.8278206,1.2705607,0.6765235,0.016435612,0.1607965
2.0098088,0.88745165,2.055003,0.9335154,0.028948497,0.04336999
1.1309842,0.69754493,1.12638,0.7605714,0.059388127,0.1272271
1.5223813,0.54486305,1.3236454,0.80410737,0.38039902,0.14068972
2.0692165,0.95441747,2.1339905,0.96513766,0.020775862,0.03186866
1.4404602,0.62788475,1.4338388,0.7115011,0.10993588,0.15740633
1.526126,0.72981346,1.5725546,0.72514516,0.0069414373,0.13380775
1.3870714,0.9412017,1.4036293,0.6577717,0.0052203094,0.16912942
1.7007707,0.8309128,1.730011,0.7875127,0.020748587,0.10860375
1.9834576,0.96422106,2.028154,0.9132061,0.052182384,0.056252256
1.5224861,0.5237139,1.5403202,0.7185738,0.03139437,0.14573157
1.3535751,0.4713716,1.3747702,0.6574213,0.008215589,0.17098854
1.5462158,0.59565973,1.5766816,0.72456264,0.005675211,0.13341688
1.2541592,0.9434926,1.246469,0.6880336,0.022223176,0.15490192
1.6503807,0.70810336,1.653291,0.76829576,0.06372025,0.127898
1.3423641,0.63762814,1.3507285,0.6604227,0.0063138385,0.16439278
1.5478941,0.55252635,1.3853419,0.7269658,0.21931821,0.16189487
1.2502391,0.67956215,1.1917353,0.7355012,0.050789326,0.13810869
1.422773,0.5829535,1.4182272,0.74199474,0.25659984,0.1724939
1.4373795,0.9055763,1.4423003,0.6922867,0.052728206,0.16045845
2.0826135,0.9598731,2.1222556,0.9664443,0.01683542,0.029161941
1.5172397,0.86824447,1.5206826,0.70627016,0.020979205,0.14734073
1.3428317,0.5311543,1.2417898,0.7527086,0.16022731,0.14066684
1.7571363,0.79577357,1.7850354,0.8028976,0.0070452215,0.098877974
1.63674,0.6872973,1.6657448,0.75658596,0.0070872707,0.117617406
1.1720402,0.59425515,1.1483421,0.7494503,0.10058553,0.13849784
1.6819195,0.7368504,1.7128325,0.7751299,0.0061926856,0.110153034
1.4586943,0.7273929,1.4671783,0.68030226,0.008771807,0.15565765
1.8050414,0.8788804,1.8415766,0.8314864,0.008237984,0.08681147
1.2247223,0.7938036,1.1728044,0.7594295,0.13525556,0.13857225
1.9100149,0.80581903,1.9412158,0.8812147,0.012198955,0.065063745
1.854847,0.8677082,1.8878324,0.8500349,0.009062524,0.077134654
1.6247021,0.9281864,1.5778441,0.79631686,0.28506956,0.1346645
1.2916622,0.7414349,1.2930357,0.6700604,0.004592699,0.15937309
1.5166912,0.98955864,1.5326927,0.71027887,0.015967412,0.14802258
1.4792365,0.6078797,1.5008879,0.73039526,0.1284748,0.15424065
1.064572,0.9858851,1.3458738,0.7732956,0.40060362,0.15164118
1.6032453,0.6230961,1.6233144,0.7433386,0.007564549,0.12653725
1.6880691,0.64713424,1.7240558,0.7812306,0.007254122,0.10798803
1.2322874,0.7537547,1.2693951,0.72867525,0.14061205,0.15073836
1.3576839,0.5542167,1.316874,0.73294914,0.29551035,0.16053449
1.4367218,0.6084406,1.4496479,0.6735691,0.0081522595,0.16042732
1.5756888,0.64986813,1.6145453,0.74105406,0.036309294,0.13825664
1.4975039,0.90253067,1.5163798,0.6958843,0.0057463287,0.14701915
1.5300651,0.7654739,1.5228138,0.7183733,0.075488485,0.16219188
1.3348044,0.4914632,1.4231899,0.75148207,0.2740819,0.15226698
1.9598839,0.8498996,1.9816842,0.89286286,0.055274554,0.066104494
1.5995756,0.78966826,1.6303692,0.74727947,0.007145598,0.12204504
1.4274195,0.53569204,1.4531696,0.68068725,0.004692396,0.15515843
1.3581564,0.5694878,1.3602121,0.6652976,0.044553507,0.17302513
1.4375683,0.5339515,1.4363761,0.67295384,0.024752937,0.1680826
1.4052522,0.6360737,1.3925335,0.66685283,0.041347697,0.17388168
1.325767,0.41756484,1.3322356,0.6643202,0.042539056,0.17774402
1.7651901,0.7879183,1.7907255,0.80685693,0.0077756927,0.09662479
1.2208947,0.9065776,1.2246046,0.704558,0.011592513,0.1436715
1.2712989,0.6052788,1.2374859,0.7104186,0.029726256,0.14539026
1.8074299,0.90846217,1.8351421,0.8423908,0.055502877,0.08557666
1.7255805,0.9524709,1.7534628,0.7906314,0.010639999,0.10285112
1.9395789,0.8532543,1.9328673,0.8857545,0.19500929,0.077925
1.8242826,0.7232967,1.8715448,0.8529503,0.013130084,0.078324765
1.3430504,0.78614366,1.3569863,0.66826427,0.022973279,0.16684298
1.0930748,0.987927,1.306298,0.77217054,0.35900933,0.14501029
1.2511911,0.52569836,1.1757171,0.76136833,0.16139162,0.13778451
1.501255,0.82863766,1.35515,0.7627392,0.28331637,0.15024747
1.4511875,0.4956997,1.4670773,0.69524956,0.008661501,0.15165207
1.5800949,0.87281257,1.6004744,0.7316958,0.0059342715,0.1290031
1.4242613,0.62506205,1.4326358,0.6638976,0.02282639,0.16962343
2.036133,0.9953835,2.07452,0.94917005,0.027218934,0.03945401
1.3045112,0.63666683,1.3253374,0.6543523,0.009891141,0.17047355
1.3032455,0.44278377,1.3058887,0.67593116,0.05250868,0.16888249
1.6153619,0.5870273,1.6433609,0.7456438,0.0066541526,0.124866635
1.4001101,0.70965177,1.3121295,0.73058337,0.23817253,0.15915748
1.0045677,0.9979733,1.1908569,0.743331,0.15514892,0.14809543
1.4928653,0.81518114,1.4087069,0.7374151,0.24537827,0.15683365
1.8351752,0.95313984,1.873282,0.8457354,0.01161239,0.07782441
1.6462576,0.7849439,1.6556582,0.7559106,0.017485831,0.12858248
1.1432263,0.5898578,1.5482132,0.8291093,0.45831755,0.141783
1.885387,0.884318,1.9005935,0.858766,0.012756899,0.07375157
1.19877,0.59289676,1.1677693,0.7255171,0.047614925,0.139738
1.2450265,0.91818047,1.6959872,0.82542676,0.27772287,0.10547301
1.2508076,0.6252085,1.2443147,0.68867815,0.010797532,0.15158567
1.4430068,0.79041773,1.4660032,0.67789,0.01481511,0.16105698
1.5177213,0.75039047,1.5376477,0.7146685,0.007698816,0.14019217
1.480925,0.76750666,1.5181208,0.71989375,0.08264967,0.15020174
1.5123307,0.8111145,1.3744695,0.7808269,0.29760295,0.13903017
1.2471648,0.74730134,1.2515767,0.6983521,0.08114487,0.15860926
1.9611528,0.9906424,1.260782,0.75824416,0.27989787,0.14892983
1.3808147,0.6379313,1.3582816,0.68800473,0.09220822,0.16895847
1.6980088,0.87957215,1.7179914,0.7838845,0.0084048975,0.10770376
1.934105,0.9156711,1.9719427,0.8947469,0.012650911,0.05958804
1.6853794,0.9107072,1.7215271,0.78092396,0.008801096,0.108550094
1.3245946,0.6359531,1.295331,0.72619194,0.17548184,0.15782766
1.4195793,0.44031748,1.4391544,0.67699933,0.02813868,0.1677567
1.5176829,0.70455205,1.4484668,0.7574127,0.20436157,0.14248985
1.5074637,0.7916348,1.5155187,0.7146114,0.026695345,0.14925443
1.4096749,0.66260654,1.4280312,0.67195106,0.0050148247,0.16176616
1.0958221,0.76759934,1.0559287,0.797756,0.10800017,0.11709365
1.1322469,0.58681244,1.2512164,0.73991406,0.16884565,0.15244578
1.5403252,0.8244083,1.5623045,0.7206856,0.0053730817,0.13577737
1.9119954,0.84250873,1.956701,0.88203067,0.009529277,0.06416177
1.6897616,0.9703614,1.7162881,0.7755432,0.0079668,0.10831842
1.6425862,0.6204378,1.671318,0.7589549,0.006200492,0.11889988
1.5911494,0.560904,1.6104407,0.73819673,0.0067096604,0.12774862
1.2554029,0.76956403,1.2250774,0.7052289,0.04443295,0.1504789
1.2789992,0.6441633,1.2861686,0.6785815,0.01873051,0.16049767
1.4418466,0.5911194,1.4545693,0.6752883,0.004570119,0.15664692
1.3272256,0.74098647,1.3339701,0.6552465,0.006161741,0.16890164
1.3325179,0.6326524,1.3446445,0.65394664,0.009065974,0.17169969
1.4018382,0.54470277,1.418309,0.6691887,0.0057408237,0.1630005
1.3731151,0.5446621,1.4163377,0.69980484,0.13666087,0.1712983
1.2513175,0.5205831,1.2574708,0.6931475,0.031575754,0.15314999
1.2153748,0.634782,1.3245988,0.7916068,0.3354093,0.14153387
1.4965562,0.5622108,1.5208855,0.701087,0.0055795885,0.14633806
1.2520754,0.5795651,1.2173078,0.72168255,0.07587496,0.1492856
1.4787451,0.6569883,1.5000494,0.69218755,0.0072582187,0.14904332
1.8349206,0.8590036,1.8676522,0.8519948,0.038449813,0.08031325
1.195874,0.9130934,1.1920769,0.7295565,0.021332614,0.13418083
1.2869693,0.88373697,1.2415867,0.7151841,0.05487904,0.14859653
1.5998417,0.58223903,1.6186843,0.74271685,0.00581804,0.12561847
1.3071272,0.54782754,1.1301608,0.7927924,0.14749034,0.1241073
1.5116574,0.5781952,1.5448565,0.706252,0.005781508,0.14139469
1.4351577,0.9372745,1.4346678,0.6777836,0.0146707585,0.16205885
1.4582561,0.53303224,1.4775124,0.6886919,0.0071427803,0.15084693
1.5402786,0.76867765,1.5672755,0.7215723,0.007461428,0.13628922
1.3855138,0.76993877,1.4139564,0.6648779,0.005749607,0.16176258
1.3763026,0.88366514,1.3792877,0.6600398,0.020353813,0.17012002
1.5239121,0.79083616,1.4023738,0.7889214,0.38224718,0.13690552
1.3420491,0.61945134,1.3428414,0.66561055,0.023199253,0.16742776
1.2122608,0.74398965,1.1663485,0.78297156,0.111180566,0.12868032
1.5330496,0.5410321,1.5527179,0.71508324,0.0053967657,0.13731545
1.504858,0.870284,1.5282955,0.70501816,0.004974011,0.14357904
1.5716774,0.66994345,1.599041,0.74446756,0.040651754,0.1360936
1.3222157,0.9897398,1.3167148,0.6606836,0.009157654,0.16924936
1.1006173,0.68339974,1.1044419,0.78664637,0.03957636,0.109547086
1.5341805,0.9187618,1.5482838,0.7136604,0.005034509,0.13904215
1.4420886,0.75607413,1.4609437,0.687615,0.005423228,0.15378003
1.7157843,0.9099924,1.8599558,0.86732095,0.42885664,0.101212546
1.5360034,0.6865293,1.556076,0.7151162,0.005920211,0.13562015
1.253255,0.5662532,1.2626538,0.684726,0.014452543,0.15600151
1.5691986,0.84945583,1.5909138,0.72979456,0.0055549294,0.1296514
1.6950763,0.66592664,1.7169409,0.7774644,0.0057241116,0.110316515
1.6880748,0.8413901,1.7097845,0.77346164,0.0059143053,0.11263585
1.977985,0.85385805,2.0350409,0.9209822,0.02212162,0.04749938
1.675366,0.93994063,1.5309627,0.807184,0.4761807,0.13986954
1.3406194,0.42332277,1.3324661,0.72679764,0.179406,0.1555222
2.1270127,0.99079245,2.1757817,0.9876135,0.106267616,0.03308696
1.4817905,0.7040657,1.4972289,0.6862726,0.007880443,0.1542258
2.011413,0.91381973,2.0524185,0.93250835,0.013017444,0.04281931
1.5572444,0.69174546,1.5740013,0.71970385,0.007744249,0.13803144
1.4168568,0.48230857,1.4424512,0.6809866,0.0050189034,0.15643987
1.1990875,0.7117772,1.1325266,0.7698608,0.15613009,0.13666345
1.7486519,0.65646327,1.7057297,0.8034702,0.15226386,0.114311464
1.1811801,0.55491817,1.176096,0.7227008,0.010766573,0.13334058
0.9278047,0.9605666,1.3454475,0.84849685,0.5316278,0.12285272
1.6679721,0.6216271,1.6840525,0.7674713,0.008335457,0.11521186
1.7896975,0.9346373,1.8248389,0.8237522,0.008807138,0.08980317
1.7708975,0.6990994,1.8111327,0.829311,0.058856912,0.09568607
1.4837722,0.79816467,1.5006337,0.6945978,0.009606,0.1496028
1.715152,0.96826226,1.7227106,0.7946642,0.04334633,0.112047
1.6896124,0.9665118,1.7107651,0.8025459,0.11323814,0.10812916
1.7930188,0.68523544,1.8142784,0.8185301,0.007878489,0.09042649
1.5782456,0.710648,1.5915403,0.7203146,0.021301135,0.13953187
1.29056,0.5052764,1.3268795,0.69394034,0.1297467,0.17359053
1.4270505,0.5119408,1.4362013,0.6689342,0.024984121,0.17031659
1.2561636,0.7391967,1.2089119,0.72074443,0.05564879,0.14777492
1.8021163,0.70211715,1.8255603,0.8232972,0.008370075,0.08932362
1.4218699,0.586405,1.5063398,0.723626,0.14705008,0.16428825
1.0913911,0.8554532,1.0362492,0.84162885,0.13695103,0.10912125
1.9282981,0.9630248,1.9620938,0.89403766,0.018199923,0.056453936
1.4754267,0.78926694,1.4875226,0.6913952,0.0048817103,0.15073024
1.3474412,0.99052644,1.3522811,0.6584461,0.012390549,0.16987106
1.7884579,0.69056326,1.1863372,0.8145827,0.3673701,0.1298228
1.6046847,0.88384223,1.6310663,0.7419931,0.0057080225,0.12701246
1.6610351,0.82961917,1.7189858,0.7738043,0.017861512,0.11276872
1.3141313,0.54449093,1.3670483,0.67969775,0.096805714,0.17531718
1.4953971,0.6110424,1.5188925,0.696439,0.0053155334,0.14648776
1.059114,0.8037044,1.0283651,0.83417904,0.14905904,0.105716564
1.7793978,0.8913296,1.8139503,0.8191083,0.025014816,0.092627786
1.8979707,0.905748,1.9151094,0.8614976,0.018422846,0.06987342
1.5147692,0.6377419,1.551384,0.7140983,0.0128198555,0.14335209
1.1308919,0.87794435,1.3282936,0.7644385,0.28815582,0.14552054
1.7957944,0.8865481,1.8207386,0.8246333,0.0072274613,0.08897372
1.4949331,0.5841885,1.4979725,0.72255087,0.07132544,0.14620668
1.4819189,0.69936883,1.5060749,0.688731,0.0069192834,0.15291941
1.778354,0.81292033,1.8189559,0.81768095,0.006890777,0.091921166
1.3158075,0.6422879,1.3047869,0.6789769,0.03717606,0.16564594
1.2126809,0.88971573,1.184222,0.72364014,0.019119317,0.13741867
1.6381277,0.7549196,1.6745877,0.7639773,0.032213323,0.12027505
1.1560127,0.68035704,1.1350265,0.7605902,0.056692917,0.12732357
1.4599799,0.72877884,1.2160935,0.74850655,0.16113427,0.14084151
1.6310471,0.7224543,1.655843,0.7538433,0.008166612,0.12014012
1.4659181,0.52292454,1.4761529,0.6863338,0.016438128,0.16090733
1.5584537,0.546994,1.460211,0.8418774,0.74615383,0.12887447
1.3167269,0.8791163,1.3187139,0.66257983,0.0045614154,0.1643602
1.4455432,0.6672796,1.4779499,0.7323004,0.25322944,0.15608369
1.543575,0.7059121,1.5621855,0.7210948,0.0071728085,0.13700661
1.8475689,0.8062628,1.8631244,0.84025234,0.015037041,0.08138245
1.1791022,0.6500614,1.1856954,0.7488365,0.1150776,0.14003721
1.4614903,0.7206001,1.3927135,0.7161687,0.15852319,0.15769282
1.6451387,0.6059064,1.6679811,0.7540006,0.0074139484,0.12215432
1.249643,0.5588433,1.3173018,0.73838043,0.31658426,0.16519572
1.2948753,0.4940491,1.2949638,0.6943147,0.04888285,0.16025406
1.166323,0.912904,1.1676803,0.73257756,0.013376012,0.13122536
1.2334673,0.70762163,1.1394794,0.8041701,0.23893379,0.13196747
1.5797696,0.94497186,1.6119778,0.7317551,0.0109653,0.12698518
1.4270782,0.56372845,1.4383857,0.67044824,0.0116120465,0.16368747
1.8325645,0.88115287,1.8637052,0.84117585,0.0077552684,0.082592465
1.3890798,0.4917393,1.3981106,0.65826577,0.0119330175,0.16740431
1.464882,0.5987961,1.5236342,0.7086589,0.008056783,0.14322163
1.7588404,0.91962504,1.7830579,0.8034015,0.00880338,0.09703032
1.5458318,0.9797177,1.5431154,0.73734814,0.054217592,0.13849361
1.3008308,0.8392136,1.4439528,0.72240305,0.24433261,0.16657048
1.3281534,0.7320543,1.3010411,0.7038935,0.15454385,0.16905525
1.5263125,0.80191404,1.5477526,0.73583186,0.06494736,0.14048159
1.4366819,0.81977236,1.4000938,0.73163164,0.2396682,0.16461287
1.931217,0.84467566,1.748291,0.82444185,0.36013862,0.117668495
1.1904806,0.71734196,1.2631874,0.7302377,0.13718972,0.1476903
1.1865926,0.6657943,1.1701701,0.73097724,0.024441423,0.13269635
2.0175152,0.96773756,1.3541973,0.6865757,0.07447742,0.169346
1.946811,0.86430573,1.9837196,0.89956516,0.07027161,0.068027765
1.817764,0.9512434,1.8528588,0.84211296,0.056764323,0.085970625
1.6149354,0.6971985,1.6405692,0.75254864,0.008894079,0.12184017
1.226496,0.9887116,1.2114072,0.70793694,0.034394328,0.14595209
1.2939214,0.72915304,1.2433054,0.70681155,0.042130213,0.14983015
1.5369288,0.66497564,1.5598156,0.7145044,0.0056952634,0.13742316
1.7317156,0.80752903,1.7076759,0.82509285,0.19039069,0.10628893
1.0555533,0.75988877,1.275218,0.80762655,0.4299233,0.13831922
1.5825859,0.8369957,1.6137459,0.7371285,0.007125466,0.1272484
1.671913,0.93430215,1.6916883,0.77011395,0.015131759,0.11180668
1.7743621,0.9872024,1.8176947,0.8237584,0.00847532,0.08969018
1.0896798,0.91952705,1.109642,0.8177643,0.22121982,0.11670772
1.6309367,0.6053395,1.5860746,0.796658,0.5005967,0.15102966
1.2848736,0.6518999,1.2922087,0.66953605,0.0069957445,0.15999918
1.8398236,0.9441899,1.8829768,0.85050637,0.010498046,0.07746812
1.6031551,0.9200635,1.6290467,0.7425626,0.005937209,0.12503283
1.3074273,0.8003163,1.3783841,0.7726372,0.2982484,0.14047642
1.5215878,0.62639487,1.5363972,0.7156886,0.027454467,0.14675048
1.5354791,0.89323986,1.5604131,0.7213263,0.014239406,0.14108628
1.7107563,0.77318597,1.7518544,0.7913457,0.0071087354,0.10200437
1.5898837,0.8135188,1.602943,0.73521924,0.0110808285,0.13161592
1.5886805,0.6869611,1.6024003,0.7308444,0.0065876283,0.13204575
1.1759429,0.90228367,1.1908622,0.7192399,0.006302559,0.13413179
1.5487959,0.76655287,1.5585055,0.7183859,0.013573089,0.13835482
1.6842188,0.7720163,1.715781,0.77455467,0.009628057,0.11107905
1.5016024,0.9959978,1.5243716,0.7001641,0.004927741,0.14591354
1.3304703,0.68152344,1.3443098,0.648215,0.016274104,0.1744309
1.4346194,0.6640963,1.4410808,0.6727345,0.016303949,0.16524917
2.0918438,0.9797695,1.6336863,0.88565606,0.69917184,0.1044989
1.496967,0.6171859,1.5078604,0.70275325,0.0066901953,0.14404698
1.4512538,0.8034622,1.4720793,0.68517184,0.0058951597,0.15225327
1.6407932,0.8325716,1.6723473,0.75378877,0.0062406952,0.11965597
1.4749106,0.526856,1.3195789,0.6952131,0.13887392,0.1641306
1.9760488,0.9332237,2.0127118,0.9101223,0.011644498,0.050327253
1.6526763,0.9044316,1.6694117,0.76708263,0.08759565,0.13289437
1.8079947,0.81458503,1.8491881,0.83580273,0.00957066,0.08588206
1.5451837,0.70918626,1.5442376,0.74293846,0.11251447,0.1428787
1.3993423,0.7099522,1.3954968,0.6684526,0.027966192,0.17009015
1.7231352,0.77625567,1.7536545,0.7925171,0.0068774503,0.1022585
1.4808934,0.603731,1.492248,0.6891633,0.0065862997,0.15239654
1.9482872,0.8491191,1.8630357,0.87175226,0.20916143,0.084502175
1.2033794,0.8418697,1.2012618,0.70550954,0.019001825,0.14478345
1.6571149,0.59133965,1.6732128,0.76487046,0.007172928,0.11709903
1.8109342,0.7901419,1.8156896,0.83980244,0.105704606,0.090095125
1.9760056,0.87541336,2.0137532,0.9075535,0.010404977,0.052398928
1.1891211,0.98120546,1.2080836,0.7106126,0.007723561,0.13871785
1.483982,0.68215895,1.4968579,0.69463134,0.0049691913,0.14734064
1.2954892,0.664308,1.3200417,0.6603303,0.008900164,0.16358969
1.297274,0.66333574,1.3128178,0.6650213,0.0050502433,0.16166504
1.5673203,0.91526407,1.5917275,0.7299948,0.005609322,0.13025689
2.1070335,0.94738126,2.1384504,0.96706253,0.018247735,0.029941354
1.3319972,0.4413667,1.3455148,0.65704477,0.0057986695,0.16676074
0.9445599,0.95207494,1.1163392,0.83436066,0.28390393,0.11760812
1.2179874,0.7633082,1.1377382,0.77715325,0.16239603,0.13235073
1.4766699,0.4756354,1.466846,0.70649374,0.08677922,0.15950182
1.3250577,0.41834363,1.3407214,0.6649609,0.005009531,0.1622654
1.4938287,0.9989035,1.5101063,0.7036776,0.0057484885,0.14339748
1.4802675,0.52146775,1.8542886,0.86704475,0.44282752,0.10245203
1.3970004,0.5506361,1.443707,0.80668396,0.46933573,0.13582379
2.057906,0.9114745,2.084293,0.9443735,0.15214252,0.051512502
1.620152,0.7621758,1.17959,0.7933726,0.23359767,0.12926176
1.4522998,0.50158757,1.4558487,0.6790726,0.0106757395,0.16025306
1.7874591,0.700914,1.8276875,0.82768303,0.00789178,0.08685093
1.5235147,0.67081344,1.5329325,0.6942201,0.0050565205,0.14698777
1.6152548,0.8953372,1.6271958,0.7497593,0.035152633,0.13130526
1.2396202,0.53779846,1.2429783,0.6895864,0.009702938,0.14893048
1.2689983,0.9398483,1.3563392,0.7424084,0.41609704,0.16163394
1.6645414,0.78113383,1.6887877,0.76551867,0.0062519894,0.11457674
1.1935011,0.8067851,1.2016168,0.7016635,0.011826913,0.14217381
1.4686804,0.76151514,1.4502718,0.7401884,0.21677169,0.1548886
1.2975748,0.89019203,1.288605,0.6724513,0.022490064,0.1629969
1.1557372,0.7339977,1.1714067,0.74196714,0.023352439,0.12885
1.25559,0.84775716,1.237735,0.7044444,0.037274107,0.14799209
1.2503018,0.62026507,1.2463326,0.7148456,0.080443725,0.15069838
1.7255274,0.7075868,1.7431011,0.79024684,0.0108368285,0.10240316
1.1905384,0.6911717,1.3956692,0.759425,0.31557944,0.1488503
1.4608896,0.5116846,1.4836853,0.6846287,0.025878564,0.1571403
0.9925501,0.9353996,1.2675045,0.76259136,0.24329312,0.14103411
1.2259023,0.9661574,1.205872,0.7222089,0.018131528,0.13737528
1.5030037,0.785849,1.4947174,0.7403755,0.21293707,0.1624549
1.3791438,0.8085843,1.3800514,0.68014896,0.036723357,0.16672127
1.5019838,0.569953,1.5464351,0.7168372,0.053695373,0.14641458
1.4607906,0.5597976,1.4851093,0.685958,0.004848576,0.15299687
1.053858,0.8188408,1.0312455,0.8439826,0.16045956,0.10490237
1.4769598,0.81241864,1.5008304,0.69117063,0.008851156,0.14710252
1.1449064,0.71477926,1.1528022,0.73349255,0.011007164,0.12978067
1.6867738,0.62566006,1.7202809,0.77943146,0.008121737,0.105388515
1.5461385,0.9337379,1.561126,0.7136368,0.007622121,0.14122209
1.8498404,0.874983,1.9286871,0.86307496,0.09066137,0.07579537
1.4527276,0.8418505,1.4677174,0.6896296,0.0050248494,0.1501936
1.6088121,0.80826294,1.6245928,0.74356264,0.006923039,0.12560086
1.4013243,0.43496066,1.4246938,0.6708597,0.005047889,0.16041377
1.3846776,0.60037804,1.3890486,0.6848042,0.06952692,0.16711894
1.4566836,0.5337569,1.4411154,0.6950141,0.046806548,0.15690511
1.4958761,0.6266748,1.5187237,0.7051033,0.021042172,0.14805567
1.3883001,0.7192075,1.4013386,0.66512287,0.0047584963,0.16487992
1.0281464,0.7622775,1.1705706,0.81461257,0.2596131,0.12117855
1.5625365,0.6713602,1.4291308,0.7404696,0.23372567,0.15316883
1.7342316,0.7655436,1.76351,0.7963105,0.009715465,0.10156573
1.7548527,0.66135144,1.7900019,0.80766386,0.012125464,0.09828006
1.0364166,0.70754474,1.6358194,0.82703596,0.4931556,0.13304272
2.150713,0.98875135,2.158625,0.9861663,0.02554777,0.02448838
1.4669468,0.7943916,1.3904934,0.72798866,0.20296194,0.15428463
1.2995192,0.5102816,1.3156195,0.6619187,0.005492908,0.16270661
1.1523845,0.9208822,1.2107089,0.75325185,0.14079541,0.1361774
1.5258074,0.54496324,1.4358311,0.73799706,0.33835602,0.15393299
1.5108749,0.69026434,1.5240645,0.76023483,0.24655476,0.14893778
1.7663187,0.71886665,1.790345,0.8129273,0.013525728,0.09457385
1.3243004,0.49834454,1.225483,0.7470195,0.19920087,0.14663993
1.4860156,0.66565603,1.5006483,0.69804025,0.0068056425,0.14706333
1.29023,0.85434604,1.2314508,0.72376025,0.12774718,0.15731613
1.2535697,0.8464091,1.220747,0.7584727,0.20087473,0.1458082
1.8168646,0.98417044,1.890059,0.85833544,0.062218074,0.08012414
1.1425205,0.635458,1.5385089,0.8031731,0.5548719,0.13404621
0.97502553,0.91971475,1.2525678,0.85707563,0.45824447,0.11775307
1.4895154,0.69670814,1.4422016,0.7120608,0.1716581,0.159849
1.3659973,0.6202276,1.361105,0.67106533,0.042279627,0.168777
1.4639297,0.4758664,1.4725859,0.6891506,0.0482633,0.1619485
1.5050267,0.84290534,1.5209508,0.7064278,0.022692705,0.14786437
1.2662886,0.63352096,1.4904549,0.77873856,0.49051082,0.14187981
1.2796291,0.65265965,1.2731922,0.78703356,0.36965123,0.13439827
1.1721412,0.83541065,1.122175,0.7501261,0.04114638,0.12764916
1.1384771,0.7101046,1.0843339,0.8080691,0.077853695,0.112166926
1.536447,0.5954322,1.5611134,0.7125123,0.006464587,0.14101945
1.8894923,0.84024453,1.9192398,0.8785673,0.08838662,0.0700325
1.637181,0.64790493,1.6721013,0.7604216,0.008894783,0.11729701
1.6884112,0.82806456,1.4376466,0.7525321,0.2697834,0.148378
1.763077,0.99054873,1.7843933,0.8066893,0.0071547045,0.09593872
1.4766926,0.64707685,1.2028284,0.78721184,0.24967992,0.13109155
1.662178,0.96613103,1.6937988,0.7685212,0.0062157223,0.114114106
1.4919707,0.5223857,1.5222714,0.7083095,0.0053401096,0.14199613
1.764377,0.7903565,1.7850211,0.8078869,0.0067597046,0.09603166
1.4188776,0.4420135,1.4988477,0.7928081,0.4245053,0.14439407
1.2038321,0.9184168,1.1820939,0.7597356,0.14517875,0.14050408
1.3345518,0.7070022,1.3238449,0.68763024,0.059851017,0.16579118
1.2728281,0.66792154,1.2989471,0.68715334,0.051545385,0.16049224
1.9813149,0.9365979,2.0280812,0.9175969,0.015834635,0.047274683
2.015061,0.864511,1.7522802,0.8772107,0.6874952,0.09991173
1.5112922,0.76981467,1.5121846,0.7154461,0.04328564,0.14895189
1.701689,0.8266949,1.5078063,0.77267104,0.35024023,0.14246602
1.4891263,0.88333,1.3874686,0.7205632,0.1551734,0.15619144
1.7876021,0.73598784,1.6671033,0.8235145,0.33198395,0.116902776
1.5499784,0.90574425,1.5583324,0.7112657,0.0060043987,0.14008589
1.5470827,0.56163734,1.566344,0.71832144,0.0055149905,0.13647355
1.3460021,0.6059376,1.3542471,0.6632644,0.005120261,0.16461952
1.4916581,0.55895317,1.4793379,0.731377,0.16129363,0.15034977
1.4565163,0.9109208,1.4874644,0.68277276,0.007931114,0.1505609
1.5592264,0.5377394,1.5880563,0.7296278,0.00601645,0.1317201
1.9773955,0.8314241,2.058087,0.9331916,0.19746138,0.057866134
1.472672,0.9555205,1.4856193,0.6857428,0.0068798605,0.15244852
2.1587267,0.99706167,2.1195092,0.9690967,0.27158192,0.05202876
1.1908317,0.869406,1.1945977,0.72605604,0.046150427,0.14065817
1.5881832,0.56713724,1.602329,0.7325148,0.012070884,0.13922688
1.5537807,0.59651875,1.5629542,0.7160639,0.006385555,0.13823873
1.6086577,0.70844424,1.6185777,0.7496834,0.014316278,0.12716399
1.2612072,0.7996443,1.2541833,0.6915953,0.026862234,0.15426262
1.6931777,0.6241308,1.6903536,0.79960275,0.13807763,0.12712222
1.5502338,0.80956507,1.5698531,0.71870434,0.009000924,0.13892962
1.5029186,0.5170685,1.5165939,0.7085017,0.017041225,0.14961341
1.1686116,0.98034453,1.1669002,0.7502376,0.037546974,0.13005772
1.4017228,0.5784477,1.4146347,0.6674686,0.007876934,0.16350165
1.66588,0.96693563,1.6798174,0.7644586,0.0060354974,0.114800856
1.0776507,0.87512016,1.1225116,0.8252527,0.30116028,0.12086299
1.6580703,0.59590185,1.6974888,0.76757336,0.006818307,0.114461
0.998904,0.9157079,1.1818616,0.7725079,0.23323932,0.13990507
1.5136763,0.8233196,1.5179884,0.70881945,0.009777175,0.1435147
1.5272495,0.54770464,1.5515432,0.7131783,0.005694723,0.13848384
1.2813438,0.9300502,1.2896919,0.66944695,0.0043641767,0.15834613
1.1852703,0.71764433,1.1867595,0.7251618,0.0067233867,0.13241689
1.857455,0.8495351,1.8989971,0.85762143,0.007964418,0.07580262
1.1531875,0.6218224,1.3400304,0.8031023,0.34892973,0.13128515
1.2760082,0.9540683,1.2237062,0.7244876,0.12632506,0.15838706
1.6065867,0.7709412,1.6286187,0.7407608,0.006035296,0.12511572
1.3691782,0.5877077,1.3812506,0.6585183,0.0081834365,0.17109516
1.3001871,0.6716796,1.311374,0.68081987,0.04257918,0.16093998
1.4711516,0.7586854,1.4662755,0.7022569,0.07701097,0.16125417
1.2045597,0.6381254,1.1549926,0.7574557,0.12236396,0.13796896
1.7443558,0.66536605,1.7627201,0.79725057,0.007992341,0.09993045
1.507749,0.5104131,1.5278065,0.7074081,0.0057916925,0.14210063
1.5799903,0.7928342,1.6013372,0.7329674,0.007966309,0.12980647
2.0551727,0.89917356,2.108738,0.98932713,0.13887449,0.037534166
1.7308129,0.687393,1.7533498,0.7892206,0.0083686905,0.10183916
1.3661503,0.43677473,1.382153,0.6546178,0.006730065,0.16970824
1.6574297,0.6807822,1.2771697,0.8029743,0.2759959,0.12521839
1.3100244,0.7956456,1.317164,0.6905946,0.02236808,0.15873876
1.2994412,0.91698486,1.1870933,0.76373506,0.1019432,0.13458665
1.896614,0.76971537,1.9298308,0.86853,0.010354841,0.06938927
1.6696695,0.81636435,1.6898537,0.76856804,0.008228974,0.11491777
1.89779,0.8533883,1.9181714,0.86634916,0.010554676,0.071541
1.198917,0.583658,1.1888034,0.7172825,0.02263539,0.13876767
1.2979755,0.91439986,1.4089363,0.7770424,0.34547126,0.1397986
1.5197601,0.7170939,1.5326419,0.717561,0.029664567,0.14184912
1.3778188,0.7659027,1.4712958,0.7295941,0.27250507,0.16328917
1.2258688,0.66392857,1.2240727,0.7007035,0.013696483,0.14686738
1.1513984,0.77229327,1.1439779,0.760784,0.07812615,0.13001762
1.9484966,0.9210324,1.9927933,0.90070564,0.06697711,0.06134285
1.9837097,0.8497825,2.0260391,0.91353047,0.014008645,0.04849567
1.4383991,0.6311992,1.4603271,0.67949295,0.024014035,0.16170016
1.7871606,0.8150324,1.8258271,0.83116454,0.014989083,0.08614308
1.2009681,0.7034804,1.1235372,0.7859547,0.17168063,0.12983984
1.4507859,0.4844983,1.468709,0.6704377,0.0058757984,0.15912054
1.6481333,0.8378444,1.681133,0.7576304,0.016263012,0.12606686
1.4849879,0.6068706,1.502547,0.7019793,0.019123495,0.15474533
1.53614,0.7098539,1.5523591,0.71125233,0.0054416866,0.1399326
1.2621558,0.8593632,1.264199,0.69507104,0.07282219,0.160322
1.4840888,0.5805298,1.5001805,0.6956879,0.020622035,0.1515907
1.50575,0.76116335,1.2135291,0.7448629,0.17769665,0.14621824
1.6321385,0.62183654,1.6640909,0.76381725,0.007724913,0.11570913
1.3491608,0.40487987,1.2600758,0.7269858,0.1042228,0.15078045
1.4350898,0.54483217,1.4579389,0.6895106,0.032486,0.1684085
1.8124923,0.96080947,1.875633,0.8533331,0.021504696,0.07372001
2.0309367,0.99858546,2.0767019,0.9388073,0.013211772,0.03933953
1.0738355,0.8327807,1.0455546,0.8228974,0.14704296,0.11259936
1.2789605,0.6664121,1.3048153,0.7221262,0.19228582,0.15656509
1.2812791,0.5645286,1.2832406,0.6674088,0.011913581,0.16188556
1.1610632,0.74089843,1.1839516,0.7555681,0.08119581,0.13449986
1.1557087,0.6335947,1.3388238,0.7512599,0.31298622,0.15372014
1.3386762,0.85258037,1.3432477,0.65702814,0.0095760375,0.16937292
1.1758097,0.799767,1.1843209,0.7228239,0.008368575,0.13443543
1.2952149,0.71237665,1.3684149,0.7440772,0.3529629,0.16232792
1.2495542,0.9461225,1.2557838,0.6872861,0.0049482114,0.15086952
1.4173136,0.5700386,1.4364042,0.664173,0.0065217502,0.1626951
1.9466753,0.8988119,2.0015159,0.90457994,0.01179685,0.05251213
1.187833,0.74132204,1.1680295,0.7340288,0.018344942,0.13150264
1.4632998,0.882033,1.4684732,0.6886078,0.007631041,0.15546666
1.1318879,0.7126975,1.7266557,0.8242501,0.31859207,0.115001716
0.9774883,0.8500847,1.1943564,0.7776371,0.17873314,0.13166487
1.1889911,0.6147391,1.190012,0.72092193,0.014031292,0.13598491
1.6351818,0.6667337,1.6641963,0.7508663,0.0064233458,0.120652944
1.7951659,0.70186144,1.8779209,0.8601786,0.081009686,0.08560022
1.8267924,0.987528,1.8611379,0.8399137,0.015153795,0.08199187
1.4165872,0.61953235,1.4345126,0.6747658,0.004494406,0.15950887
2.080646,0.9177288,1.6682191,0.8531441,0.5862906,0.12331967
1.8789135,0.78303003,1.9261122,0.87341017,0.04148696,0.06813787
1.3387334,0.9836007,1.3393269,0.65012175,0.005760177,0.17217539
1.2715541,0.7408309,1.284873,0.6767229,0.005911542,0.15745234
1.431367,0.75999194,1.3865738,0.68583107,0.08980238,0.1663342
1.2160249,0.56460565,1.2193592,0.71571094,0.014483012,0.13790873
1.6708473,0.5976497,1.314251,0.844688,0.24128833,0.113059
1.4443415,0.8648159,1.4552021,0.67648786,0.005745145,0.15550017
1.5131365,0.53483176,1.5264461,0.70490324,0.014527447,0.1508456
1.5319381,0.6029654,1.5533352,0.7174839,0.010735038,0.1395301
1.8623384,0.8086854,1.9035931,0.8553807,0.009033786,0.075116865
0.9989273,0.9289584,1.0411894,0.8309795,0.08018702,0.10626417
1.2791705,0.79938966,1.285521,0.66459006,0.019035082,0.17091002
1.1749431,0.9236869,1.3267174,0.728672,0.1446165,0.15565571
1.3242271,0.43807063,1.4416955,0.74954545,0.3255652,0.16160151
1.1780761,0.63357943,1.1649749,0.7391584,0.035482094,0.13194878
1.9491793,0.9643893,1.9975727,0.901169,0.08553465,0.061457794
1.621128,0.985347,1.6327987,0.7385123,0.007282593,0.12711065
1.4505311,0.51962197,1.4680891,0.6801231,0.004576345,0.1555941
1.5241781,0.60686255,1.5112896,0.74175686,0.077003025,0.14338784
1.4826602,0.7031735,1.5025988,0.69672036,0.030679075,0.15186146
1.7387716,0.8706843,1.772692,0.8082885,0.04457389,0.10082389
1.9198858,0.9702849,1.9842024,0.8995485,0.03453621,0.056184232
1.1491623,0.8151416,1.1289935,0.7448286,0.021662334,0.12533022
1.822602,0.7423528,1.8671732,0.8431659,0.025076007,0.0816428
1.6315199,0.96064305,1.6530845,0.75535417,0.006959221,0.120132364
1.1009294,0.9408344,1.1737779,0.7854887,0.25887308,0.13981105
2.0018024,0.98120004,2.0551057,0.93746096,0.017245533,0.0421045
1.2733935,0.8773763,1.2673664,0.68265456,0.021430962,0.15611741
1.0944992,0.86982584,1.128816,0.7727577,0.08726514,0.126064
1.4163685,0.80553216,1.4276025,0.6798749,0.04342578,0.16619296
1.0182697,0.9071027,1.4388435,0.8044476,0.4955269,0.15532835
1.6116215,0.6497118,1.6472762,0.7569654,0.044840414,0.13106847
1.5194912,0.6377471,1.6531916,0.81654406,0.38403475,0.12121358
2.0284548,0.90249085,2.0546672,0.9287057,0.014270889,0.04181506
2.01378,0.945893,2.07737,0.9407249,0.028525943,0.043481972
1.5496824,0.55609614,1.5746553,0.72169435,0.005277914,0.13611296
1.5001682,0.56754357,1.512716,0.7223315,0.04528913,0.14295973
1.0545337,0.81775486,1.2382042,0.7656317,0.24282242,0.14476678
1.6242312,0.87558794,1.6544003,0.76622736,0.07662493,0.12829499
1.8522918,0.8680168,1.8711836,0.8499182,0.013195315,0.07837143
1.4351372,0.567916,1.458905,0.6854968,0.03628864,0.16235322
1.8391086,0.83086914,1.8738234,0.84707445,0.01765496,0.076855935
1.7246842,0.82246614,1.7424173,0.7887266,0.0076206196,0.10420338
1.2459241,0.9928136,1.2434409,0.6940985,0.012919027,0.15021819
1.3021497,0.8718455,1.2968493,0.6865474,0.0671534,0.16640505
1.3399854,0.6107849,1.3310232,0.69768596,0.08125592,0.16407764
1.7700598,0.951741,1.7891409,0.8107521,0.007070232,0.09507823
1.389488,0.7252529,1.4172189,0.66764414,0.009987326,0.16474442
1.1976027,0.81465685,1.2215235,0.77189493,0.21330002,0.14087525
1.690252,0.83577883,1.7174232,0.7780158,0.0076938616,0.112597644
1.4716022,0.735918,1.6729772,0.7765746,0.17412189,0.12112941
1.610602,0.5874075,1.6430621,0.75395185,0.009197677,0.12269645
1.8263907,0.97574484,1.8422785,0.8323148,0.03554684,0.09094556
1.4458143,0.6787406,1.4692037,0.67375845,0.006041991,0.16030775
1.5847818,0.6411833,1.4961298,0.75203747,0.29898152,0.15657726
1.1747402,0.80687666,1.1523724,0.76484585,0.13719785,0.13312683
1.7404,0.64971244,1.7563717,0.7960492,0.0071331556,0.102281325
1.6167393,0.69609594,1.6372583,0.7496592,0.006567305,0.12190307
1.384772,0.6370564,1.2844212,0.7118051,0.120268025,0.15587361
1.3262641,0.42239758,1.35077,0.6505426,0.007086818,0.16952378
1.0366123,0.9662951,1.120477,0.8508144,0.34189337,0.107970014
1.3647867,0.7254164,1.380276,0.6532174,0.006431397,0.17046502
1.2748284,0.770006,1.2976491,0.6861094,0.07121856,0.16185296
0.98157996,0.9830075,1.0674834,0.8339664,0.2848067,0.11979696
1.3016554,0.80544686,1.2932749,0.67126775,0.016634922,0.16312191
1.1761768,0.7478055,1.1962147,0.78479636,0.24190655,0.1390161
1.7796974,0.7040099,1.8094225,0.8262636,0.032040935,0.09419061
1.8242291,0.927249,1.8471828,0.83332175,0.02406526,0.08379527
1.1684763,0.6055976,1.067121,0.80665404,0.14595729,0.11801276
2.0556583,0.96228397,2.091864,0.9427611,0.012408765,0.03876487
1.8064679,0.7159808,1.8390348,0.83260167,0.007868548,0.08659947
1.4702874,0.61475146,1.2839057,0.7572657,0.17035775,0.1384496
1.4626027,0.4794293,1.4866519,0.69490033,0.010066231,0.14964978
1.6339406,0.6150926,1.6560063,0.7606513,0.009140143,0.11810889
1.7134689,0.6925759,1.7319152,0.7869023,0.021537414,0.105770014
1.3678905,0.521157,1.300349,0.7207241,0.17705493,0.1620898
1.7754436,0.8704041,1.8002641,0.8150732,0.008487687,0.09408154
1.6603692,0.8157831,1.6834643,0.76659775,0.0069223326,0.11375136
1.0866113,0.9807463,1.1195364,0.8156381,0.23342311,0.12077006
1.3649107,0.70315254,1.3665287,0.65995896,0.01795312,0.17139204
1.6485249,0.6397204,1.6662533,0.76367563,0.019480318,0.12121679
1.6096009,0.64893645,1.6340759,0.73957425,0.0074676783,0.1289547
2.042096,0.8893243,2.096758,0.94749457,0.02934928,0.037872437
1.4897832,0.9427304,1.5090153,0.7019079,0.0049427077,0.14577915
1.4256523,0.51318,1.4392946,0.6785221,0.007346478,0.15852664
1.688256,0.7859172,1.4766595,0.7611083,0.28931326,0.13952057
1.6466477,0.88278306,1.6682918,0.7520414,0.007872815,0.12059678
1.304297,0.45846137,1.3779459,0.7639921,0.21350658,0.14153957
1.6457925,0.6505545,1.6718175,0.7663006,0.009201594,0.116378084
1.2354332,0.9359273,1.2451112,0.7010294,0.08031381,0.1553115
1.888554,0.9658181,1.9332368,0.86961913,0.009129742,0.06908455
1.0884008,0.75281113,1.2177806,0.77708477,0.37882268,0.14374828
1.2694454,0.47454417,1.2674692,0.6682148,0.010289804,0.16126764
1.7808101,0.74373734,1.8139956,0.8270121,0.032021295,0.09162367
1.2801642,0.9663494,1.2729626,0.68683755,0.031990025,0.16208276
1.2120783,0.9089759,1.2494769,0.72358596,0.106606625,0.14902365
1.2294185,0.585137,1.2442534,0.6905621,0.0057324152,0.14752491
1.3557476,0.44302386,1.3476069,0.6978934,0.11083761,0.16373082
1.4459736,0.5378185,1.4699731,0.677634,0.0054155663,0.15518853
1.4372349,0.61727697,1.5091071,0.7846153,0.49874118,0.15222347
1.3708911,0.5028885,1.3241229,0.70555997,0.093466274,0.16007714
2.0280232,0.93147105,2.0815709,0.9377738,0.033254497,0.0418106
1.5991694,0.9218761,1.61338,0.73721564,0.0056821867,0.12791465
1.0942789,0.7276573,1.1216006,0.8385243,0.26580724,0.12517297
1.4244332,0.5681229,1.417321,0.6746243,0.030864423,0.16611317
1.8275214,0.82318735,1.8778377,0.848366,0.014414062,0.080445096
1.5112367,0.5013158,1.5408378,0.70515275,0.007711226,0.14419897
1.9282562,0.947337,1.9615464,0.88182837,0.015200395,0.06645292
2.1421254,0.97062933,2.1744175,0.9826655,0.034951743,0.026122801
1.1760577,0.7671222,1.1770221,0.7243634,0.011253748,0.1337133
1.3787686,0.73966515,1.349083,0.69693536,0.05294156,0.16065568
1.9247214,0.97244817,1.1784179,0.7944737,0.27541003,0.12952296
0.9461655,0.8479798,1.3820598,0.67487764,0.03995261,0.16925079
2.059271,0.9113737,2.0688875,0.97879624,0.36219612,0.04895154
1.4509512,0.4918141,1.4678419,0.68554854,0.0054565854,0.15334617
1.5266237,0.75328606,1.5461655,0.70955306,0.007071139,0.1380672
1.4523791,0.4830811,1.4507661,0.718774,0.08942383,0.15329055
1.4505305,0.84627503,1.4244363,0.7128183,0.15754849,0.16125083
1.6705704,0.9661766,1.7058837,0.7721766,0.008508974,0.11149976
1.2307624,0.77880186,1.2350652,0.80710834,0.3005425,0.13800131
2.1219964,0.96204716,1.5910292,0.8494699,0.7667579,0.13789785
1.3788259,0.5156011,1.4020841,0.6603755,0.0114978915,0.17108504
1.3730847,0.46163988,1.3951676,0.66039884,0.0050543537,0.16664307
1.2142209,0.5125075,1.257446,0.74793833,0.22836927,0.14744177
1.5924723,0.5519017,1.5768316,0.753002,0.121454224,0.13513839
1.621109,0.6465297,1.4803889,0.77213097,0.29147285,0.13874127
1.603941,0.5537621,1.6323893,0.74557257,0.0061923373,0.12435301
1.714627,0.64758366,1.7427797,0.7867682,0.009056597,0.1024546
1.1948992,0.9334248,1.292779,0.7527302,0.1938394,0.14359114
1.9471347,0.89609927,1.9790847,0.897535,0.0123971915,0.056545813
1.1698736,0.8438744,1.157851,0.73331606,0.0077593667,0.12829132
1.8878162,0.89446586,1.9703662,0.8930389,0.052447356,0.061705336
1.0751821,0.7312263,1.3324986,0.80212533,0.3136034,0.1344496
1.2550683,0.7884077,1.2810757,0.73584604,0.12038474,0.1484959
1.4998869,0.8681177,1.5213997,0.6977278,0.0058047753,0.14647308
1.8437778,0.7657753,1.6637468,0.83642393,0.3697803,0.1230834
1.5654911,0.9143944,1.6090171,0.72810155,0.011637549,0.13301805
1.6084733,0.9074415,1.5835721,0.76323825,0.1337647,0.13437696
1.2443367,0.7785451,1.2460523,0.6856745,0.0075009633,0.15044904
1.477145,0.678664,1.5167329,0.71816885,0.05047375,0.14467733
1.5301996,0.9954995,1.5404923,0.7095185,0.0078694485,0.14198169
1.5427734,0.9052704,1.5599265,0.71949077,0.0059468397,0.13715748
1.0268028,0.75408304,1.0267389,0.8351411,0.06320455,0.10130002
1.3413707,0.9309684,1.2484715,0.70348746,0.11511614,0.16229802
1.69225,0.7965234,1.727109,0.7894585,0.01583191,0.10594991
1.5468721,0.86213106,1.5622706,0.7169613,0.0055807647,0.13733956
1.0694699,0.8714173,1.0685518,0.82420486,0.076923065,0.10785782
1.3506488,0.82156247,1.3590581,0.65251386,0.006563304,0.1717502
1.472825,0.6549232,1.2310953,0.77401996,0.2072985,0.13479894
1.4965088,0.6103388,1.5203202,0.7023308,0.012385848,0.14786784
1.1157727,0.85988367,1.4539301,0.7927943,0.51472855,0.13168119
1.3200213,0.9068208,1.3330946,0.69035876,0.14470045,0.17103562
2.079169,0.92932796,2.093233,0.97721624,0.07487789,0.035076834
1.5567806,0.6833714,1.5884693,0.72458196,0.013111984,0.13742861
1.2808503,0.61495066,1.2915266,0.67167675,0.01183042,0.16183788
1.7889539,0.721001,1.8130875,0.8229028,0.007446543,0.090171464
1.2575593,0.57176346,1.6074979,0.7980218,0.40469244,0.14199558
1.852854,0.8587092,1.6823089,0.83723116,0.48969233,0.11730048
1.4801147,0.79884624,1.4902563,0.69456124,0.030024288,0.16240014
1.5709876,0.53312683,1.597892,0.7332798,0.011137457,0.13282661
1.7929395,0.8889433,1.8128235,0.81871027,0.008689482,0.091745354
1.1391637,0.6551698,1.2309351,0.7998227,0.3151544,0.1291157
1.4571395,0.81942254,1.4767439,0.6835456,0.005358145,0.1531144
1.289361,0.55083716,1.2849519,0.65545964,0.016798202,0.17029344
1.1567357,0.94933194,1.1175404,0.7526002,0.05578552,0.13005123
1.2613606,0.63220376,1.2709332,0.6679682,0.008841472,0.16243562
1.4449421,0.53966016,1.4660277,0.68920684,0.0066683376,0.15253642
1.6000819,0.72751534,1.575284,0.73197365,0.06685842,0.13991264
0.98318297,0.80020565,1.3570673,0.8159693,0.38048565,0.12234066
1.4633772,0.5451475,1.477792,0.7095792,0.08314944,0.1595737
1.2164435,0.641823,1.5691831,0.7925656,0.2501369,0.12775591
1.470148,0.90180635,1.481044,0.6940067,0.005394844,0.14924823
1.2493944,0.73596764,1.2709224,0.6809599,0.03140611,0.15729594
0.9996939,0.97492814,0.92285806,0.8794785,0.08118944,0.08707768
2.0105062,0.9691694,2.0880039,0.9425044,0.025893396,0.035624683
1.2824539,0.639191,1.2943375,0.6627421,0.0088658845,0.16559148
1.3700608,0.48600832,1.3808627,0.65887547,0.009403474,0.16905874
1.1240003,0.7699114,1.1654024,0.7713223,0.10207432,0.12798534
1.2516696,0.81030595,1.2927809,0.6800802,0.04731996,0.16276947
1.1750078,0.875613,1.1582286,0.73667276,0.01422102,0.12924774
1.3521986,0.5238632,1.3417902,0.7181916,0.18827248,0.16226543
1.5554652,0.5654787,1.5765276,0.7098748,0.00905191,0.14221159
1.5228177,0.73173964,1.5174863,0.73318017,0.16284882,0.15748419
1.8169403,0.82744694,1.8524258,0.83256024,0.01108188,0.0808629
1.2864529,0.9147251,1.3243909,0.68907046,0.08552815,0.16421759
1.4472425,0.9556536,1.33371,0.7172309,0.16630505,0.15936838
1.249024,0.5681324,1.2433398,0.71146333,0.04426367,0.15220574
1.5927829,0.9316271,1.6242514,0.7398007,0.012423915,0.1294285
1.0042505,0.88830596,1.2191815,0.7891613,0.2824218,0.13606834
1.2864211,0.6150529,1.3200974,0.69589734,0.08960734,0.16263266
1.5758884,0.5389237,1.595402,0.73650265,0.023615507,0.13400608
1.8639777,0.8068977,1.8921452,0.8535299,0.008539116,0.075800054
1.3745719,0.9914767,1.3826542,0.6608093,0.0116946595,0.1696961
1.5102837,0.65404433,1.5298903,0.72178805,0.027072718,0.1431438
1.3783388,0.7631779,1.3416343,0.76059985,0.35473785,0.15465957
1.7246206,0.89498746,1.7544498,0.79340273,0.006157438,0.1019183
1.0636467,0.8198661,1.3030219,0.7712064,0.2726896,0.14881064
2.0750473,0.98544765,2.066876,0.9775071,0.15922748,0.039253842
1.5654342,0.8037325,1.5529401,0.72971785,0.14577581,0.15350124
1.2342623,0.90334964,1.2336397,0.70016056,0.0060171504,0.14510576
1.4330847,0.6758752,1.4577549,0.6708474,0.020685561,0.16379392
1.5299182,0.8139797,1.5346365,0.72854304,0.05634211,0.14181086
1.7159879,0.9410241,1.7354844,0.79126036,0.012514115,0.103184
1.4854892,0.907904,1.5061529,0.69395304,0.0053104637,0.14791657
1.3712031,0.47666463,1.3696749,0.66917753,0.04305931,0.17099574
1.3831075,0.43641394,1.3982933,0.6722044,0.042680472,0.17181814
1.6497173,0.71400315,1.6812997,0.7656828,0.0067700204,0.11428916
1.0179235,0.7398605,1.0685067,0.8403221,0.3250824,0.116006315
1.659187,0.62011653,1.6799316,0.76481867,0.006687755,0.11682642
1.6498196,0.6385026,1.6825867,0.76315767,0.005666658,0.114583656
1.9488956,0.8306117,1.9598641,0.8954908,0.11386836,0.068178155
1.5168566,0.9557064,1.5314927,0.70745325,0.005950479,0.14277443
1.0838488,0.8139295,1.2127316,0.79902214,0.2400912,0.13236544
1.9177483,0.9116959,1.9467909,0.87860477,0.009507456,0.06467645
1.5564513,0.5547589,1.4487176,0.75512576,0.27518478,0.146341
1.3802575,0.60689944,1.3432963,0.7001448,0.07079193,0.16135828
1.2276895,0.50476867,1.1487253,0.7674933,0.10058149,0.13184468
1.7039913,0.6408765,1.7355416,0.7865219,0.008104847,0.107935876
1.4582425,0.59257734,1.4822657,0.6933434,0.0064491867,0.15201202
1.0460796,0.7588194,1.1552415,0.84716386,0.43356863,0.118498586
1.4188497,0.8339265,1.3501327,0.7146694,0.1431672,0.15915558
1.1634246,0.56827015,1.1594169,0.73158133,0.017247112,0.13149995
1.6513005,0.87396014,1.671468,0.75732625,0.006167849,0.11894802
1.3635557,0.42183635,1.3905656,0.65107346,0.011064647,0.17535697
1.0725142,0.7755391,1.0511086,0.82864916,0.17701662,0.11491706
1.9120669,0.84136426,1.9399414,0.8822823,0.054119967,0.067391455
1.7927233,0.90858126,1.7536976,0.8312716,0.24600083,0.10508919
1.0696937,0.962532,1.3337255,0.84936863,0.5241608,0.12754136
1.3431646,0.6580804,1.3433638,0.6579254,0.0054200795,0.16571093
1.5647857,0.91633743,1.5904396,0.72887814,0.007607394,0.13214628
1.2947032,0.59690785,1.3101013,0.66077435,0.005293101,0.16462925
1.6518518,0.99088836,1.6819172,0.76406294,0.014287746,0.121360265
1.3543799,0.4589822,1.3555188,0.68948907,0.017299885,0.15667635
1.7093538,0.7642369,1.7280793,0.7766439,0.0071693687,0.10849093
1.3292594,0.5260558,1.3487556,0.65899783,0.012639914,0.16772348
1.8994168,0.9446425,1.9377763,0.86949223,0.009121487,0.06787773
0.9883066,0.9455115,1.0445669,0.8144192,0.096244834,0.1144694
1.8671861,0.91280925,1.8771212,0.85059494,0.011290494,0.077420756
1.8835162,0.9880162,1.9090056,0.8578673,0.022393646,0.076546624
1.4491326,0.9643168,1.4723508,0.7095955,0.13045762,0.15974766
1.8168478,0.7774155,1.8419738,0.83637446,0.007971736,0.08346038
1.3945372,0.7693802,1.3981724,0.66336507,0.02101791,0.17416328
1.5252801,0.6863748,1.5473962,0.7120446,0.023426542,0.14479546
1.4967893,0.7994461,1.5192869,0.6986898,0.006510969,0.1470236
1.4696349,0.5104674,1.464258,0.7619414,0.29519674,0.15479706
1.635583,0.64709735,1.6560991,0.75476253,0.006511484,0.12038015
1.0179033,0.9551289,0.9630522,0.87161356,0.16269796,0.098927386
1.4280806,0.6877244,1.4456811,0.6724962,0.006603375,0.15794459
1.1412463,0.71988845,1.1043291,0.78920484,0.03922519,0.11277565
1.2807884,0.5431503,1.2892184,0.6748214,0.010877674,0.16064557
1.4097078,0.6859604,1.4175148,0.66779476,0.008286682,0.16560158
2.0125167,0.9554466,1.2517493,0.8113938,0.44569346,0.13432337
1.3379172,0.48131004,1.3441379,0.6576377,0.011310619,0.17080174
1.327744,0.42087075,1.3500323,0.66406274,0.004993383,0.16535337
1.7212082,0.68624514,1.7593973,0.7969436,0.0071053063,0.10079679
2.0859046,0.9836569,2.1282864,0.9596958,0.021530105,0.031011125
1.7444038,0.9621729,1.5389178,0.78955287,0.43420437,0.13396195
1.3538138,0.42797002,1.4112577,0.7295884,0.20731872,0.15744613
1.543635,0.9364093,1.50231,0.7162939,0.09262038,0.15022567
1.2923287,0.58961195,1.28496,0.68917596,0.022024577,0.15569927
1.482629,0.67387426,1.5407863,0.741148,0.14485413,0.15105665
1.167965,0.6922243,1.1563387,0.7892445,0.22934265,0.13269512
1.4668944,0.8418111,1.4414673,0.71271455,0.11446815,0.1594184
1.2274129,0.614041,1.2606833,0.67629004,0.012444974,0.1561091
2.0276384,0.96917003,2.1076503,0.9408063,0.024619091,0.037693538
1.3539485,0.82529,1.3618383,0.653334,0.009228947,0.17327157
1.7732507,0.98053634,1.7886829,0.8329392,0.029953044,0.09066513
1.0558605,0.8668881,1.1119549,0.84952164,0.29467404,0.10940548
1.460958,0.6329397,1.4861872,0.68723506,0.0052872715,0.15017536
2.073145,0.9585914,1.9716742,0.9366831,0.52820414,0.069407314
1.2413288,0.55102473,1.2057152,0.71689576,0.075918466,0.15011074
1.7005384,0.7564238,1.7182622,0.78106934,0.009827991,0.10892224
1.7408592,0.9854165,1.7706878,0.80281967,0.0073136794,0.099093825
1.556227,0.99678576,1.6347747,0.76487094,0.14383155,0.12493478
1.3454912,0.5148537,1.3551431,0.6509598,0.0068772403,0.16875933
1.0196856,0.7986076,1.2720342,0.788247,0.3539592,0.13642815
1.5341084,0.51485914,1.5596428,0.71502316,0.005050417,0.13837773
1.5466319,0.71958226,1.5633371,0.7186167,0.0049289674,0.13732944
1.2116276,0.53678155,1.2490418,0.73338556,0.11272582,0.14834693
1.6558948,0.5919263,1.6777449,0.7627452,0.006187102,0.116858155
1.1073995,0.83918667,1.3663812,0.70667624,0.12516154,0.16023645
1.6310134,0.5939472,1.6439934,0.7544981,0.018510165,0.12983069
1.1440054,0.9816031,1.0430143,0.8192851,0.07778359,0.10898143
2.0118458,0.9902894,1.9194753,0.89227486,0.28491005,0.087647945
1.4408058,0.66195387,1.4622045,0.68291676,0.0076776557,0.15175812
1.0564134,0.67666984,1.7451625,0.8119617,0.15259281,0.10766246
1.8982369,0.81047595,1.9274781,0.87089497,0.010749897,0.06711921
1.2746308,0.48413402,1.2911994,0.672204,0.009149099,0.16053253
1.3753808,0.87673587,1.3885517,0.66631347,0.0055771302,0.1634653
0.9694235,0.90150064,1.0415399,0.85063404,0.25196192,0.115609586
1.1377507,0.72288495,1.1791873,0.7793324,0.24178591,0.1350279
1.4594184,0.6943474,1.4799178,0.6863668,0.005234919,0.15307985
1.8473163,0.9006525,1.9003289,0.85368466,0.0190242,0.071966976
1.2818204,0.93465513,1.2915425,0.6795641,0.06811846,0.16837226
1.9716048,0.91822237,2.0149288,0.91044,0.013916973,0.050757326
1.4309636,0.69465,1.3968177,0.7209816,0.13075487,0.15250805
1.7001661,0.727009,1.7235882,0.774733,0.0063022673,0.1091479
1.1989117,0.71071666,1.4424257,0.7536751,0.3624794,0.16203433
1.322764,0.793317,1.2903025,0.702506,0.11673624,0.16289599
1.3910092,0.4296938,1.408809,0.66572076,0.0077914214,0.16472302
1.1866655,0.8104873,1.1622002,0.7514216,0.0849607,0.13442643
1.6402895,0.760312,1.6640849,0.75789785,0.005762004,0.11940092
1.4338506,0.8128763,1.44105,0.6762756,0.0044438564,0.15876587
1.3421584,0.44687688,1.342649,0.72774595,0.24177168,0.16126613
1.1790516,0.9422128,1.2557881,0.7566989,0.20731078,0.1442767
1.7329359,0.914166,1.7520897,0.7921961,0.009441599,0.09882733
1.6282774,0.67336357,1.6487172,0.74877113,0.00545095,0.121525355
1.2923923,0.80769515,1.3089075,0.6832062,0.09219119,0.17078577
1.767868,0.7328217,1.7924819,0.8079297,0.011717561,0.0961561
1.6861962,0.63312685,1.6590238,0.8015111,0.39504647,0.13849287
1.3984603,0.7463558,1.4177444,0.6761354,0.013473458,0.16413943
1.5328538,0.71312153,1.5526149,0.7164613,0.011633794,0.1414941
1.3350966,0.7165619,1.3404653,0.655533,0.005823458,0.16967654
1.5199437,0.9039572,1.5421441,0.7103152,0.0060943128,0.14088279
1.0321382,0.8112368,1.2545667,0.7682007,0.25319436,0.14139298
1.6544592,0.87824047,1.5439773,0.796745,0.34250647,0.13754891
1.138438,0.8836068,1.1174393,0.8085369,0.14808176,0.119339794
1.0680646,0.79982287,1.1404711,0.8081656,0.20515846,0.12479697
1.8808945,0.7958803,1.2093785,0.8207845,0.4525027,0.13402423
1.2376281,0.8169387,1.2944727,0.71710163,0.1571968,0.15726273
1.5160875,0.7906464,1.4194441,0.73553425,0.18774776,0.1499294
1.8069723,0.94526845,1.8287301,0.83087957,0.009449129,0.08713234
1.6891955,0.887114,1.7162681,0.77613854,0.011305406,0.11289905
1.661399,0.76554704,1.6927433,0.77604294,0.021427128,0.1133268
1.3817052,0.50138545,1.4747174,0.74908376,0.31984162,0.15124466
1.9231948,0.87393814,1.3461423,0.71969295,0.1647234,0.15940376
1.4810213,0.9644549,1.5059352,0.69154716,0.0059088813,0.14895262
1.8693663,0.78585064,1.8927696,0.8529846,0.013967721,0.07685842
1.2109548,0.62099034,1.2822917,0.7729984,0.28238517,0.14037187
1.2047945,0.9665086,1.2120845,0.68274057,0.012492469,0.15035962
1.2109197,0.55553,1.210227,0.72124195,0.07548331,0.1496059
1.3930246,0.79865783,1.4137685,0.6598962,0.00759903,0.1661311
1.3510708,0.4762204,1.320615,0.6852275,0.06436775,0.16867088
1.1293155,0.87596995,1.0737231,0.8068268,0.11559018,0.11765213
1.3572081,0.5044073,1.3737769,0.65259457,0.007723362,0.17170292
1.991546,0.9031543,1.6751647,0.8998631,0.7714529,0.09014407
1.4632806,0.9191816,1.4533467,0.67597365,0.008356254,0.16002858
1.42444,0.46364087,1.4411132,0.67531216,0.02207876,0.16913414
1.0488106,0.9303298,1.2630882,0.75087106,0.20114237,0.1496807
1.3528323,0.6501886,1.3701904,0.65915847,0.0066968626,0.1709206
1.5307251,0.5067641,1.6075382,0.7329545,0.07440705,0.1412762
1.4427373,0.9286212,1.4636891,0.6854966,0.0050143176,0.15267451
1.8789061,0.788545,1.9225752,0.8656607,0.0100902,0.07009202
1.4686953,0.6944396,1.4903278,0.69169486,0.0048934515,0.15040213
1.3364412,0.5088255,1.3501837,0.65921617,0.009193201,0.16746199
1.1751857,0.57307214,1.1350563,0.82536674,0.22535783,0.11818375
1.3356336,0.90502375,1.3440983,0.6644267,0.0060393377,0.16504127
1.1189674,0.88180697,1.0881712,0.8258061,0.19183768,0.11444487
1.8092296,0.9583099,1.8444984,0.8384677,0.00730706,0.0835011
1.8636528,0.9113634,1.8996344,0.87545973,0.11585188,0.075807944
1.7725232,0.96318173,1.3407264,0.79926234,0.35448474,0.14124084
1.9410573,0.9357455,1.9876635,0.89827853,0.011114726,0.058167845
1.4380072,0.7308537,1.3822324,0.7200105,0.1287949,0.15954942
1.6342477,0.759928,1.6719687,0.76662135,0.020160249,0.117657155
1.3282976,0.4235276,1.3321121,0.67275846,0.02649755,0.16909751
1.3644723,0.6902362,1.3608062,0.6654529,0.032554172,0.16907178
1.3703417,0.62949574,1.4063272,0.662695,0.012319007,0.16255789
1.5228806,0.9276605,1.5429523,0.7153213,0.019495094,0.14384957
1.3259262,0.7677001,1.3461859,0.65625894,0.0058041303,0.16981447
1.547524,0.55372214,1.5758052,0.7264397,0.006261342,0.13135126
1.5953678,0.75915563,1.6150882,0.7361909,0.0053753722,0.12937771
1.6458211,0.6722145,1.6323884,0.7862182,0.12565878,0.12469622
1.2081809,0.86469275,1.2026181,0.7103145,0.007842126,0.13802285
1.3587068,0.9783385,1.3655076,0.66542363,0.0052938713,0.164472
1.9262624,0.9948941,1.9792683,0.8995258,0.083235815,0.059613388
1.5931067,0.6580246,1.6082737,0.742458,0.0123388935,0.12857372
1.6097491,0.68242,1.5624678,0.755833,0.19204807,0.13957201
1.4645481,0.7013021,1.4739583,0.6823679,0.0065078894,0.1540962
1.3273115,0.7936066,1.4036827,0.7122524,0.13883841,0.16043322
1.3589658,0.6837037,1.2130988,0.7409394,0.128152,0.14423826
1.4658413,0.8534739,1.4630098,0.678657,0.023102872,0.16270387
1.2029331,0.716814,1.1972997,0.7090144,0.014322968,0.13978511
1.6778305,0.81025535,1.6988003,0.77238476,0.006617291,0.111776754
1.5150754,0.7441398,1.4917693,0.73772085,0.23247117,0.15555625
1.2853901,0.48745462,1.2779069,0.6757355,0.019690657,0.1621722
1.2146698,0.9808872,1.1914921,0.72015405,0.015281257,0.13545682
1.1253332,0.7836443,1.1406534,0.7972161,0.17373627,0.118650906
1.8556697,0.8112481,1.8840451,0.847843,0.009164696,0.079044804
1.347337,0.6362264,1.3660893,0.6579278,0.0059265117,0.16484958
1.061332,0.74925816,1.371978,0.75114393,0.2830974,0.15249486
1.4237251,0.9986416,1.4394779,0.67615986,0.007434693,0.15938891
1.2628244,0.60925406,1.2677402,0.68194413,0.0062999865,0.15369129
1.4583442,0.7082867,1.4713299,0.6750313,0.0061387434,0.15592459
1.2195954,0.8416361,1.1970129,0.7195892,0.10112009,0.14979899
1.7377043,0.70421386,1.7670016,0.8000502,0.0071225716,0.09851606
1.2502806,0.70839965,1.146534,0.7543481,0.12580073,0.13790703
1.7632043,0.9036871,1.8000665,0.8114328,0.0075397594,0.0932446
1.8823096,0.79895645,1.8006399,0.8932986,0.16976744,0.072813235
1.2866943,0.75506145,1.2857578,0.6779996,0.01861152,0.16032661
1.7163202,0.70902723,1.7255349,0.7783165,0.008070109,0.106605485
1.4009149,0.4345583,1.4234052,0.6786872,0.055283964,0.16964343
1.8044738,0.7660371,1.8177769,0.832028,0.08158037,0.0938302
1.4228449,0.49610186,1.4309752,0.6951527,0.0839039,0.16246773
1.2996857,0.44249377,1.3086278,0.65560216,0.0070275734,0.16709647
1.8730785,0.7686926,1.8977659,0.8829118,0.08244786,0.071494415
1.4051801,0.65646774,1.2974432,0.70826006,0.1165094,0.15824847
1.052879,0.70464706,0.96523523,0.8794833,0.13399482,0.09179119
1.5798298,0.862087,1.5857925,0.72674334,0.005567969,0.13277383
1.4520652,0.465531,1.4541743,0.6638975,0.0142258145,0.16745289
1.170225,0.56807107,1.1023359,0.8063981,0.13316219,0.11924778
1.866525,0.79340684,1.8897898,0.85573334,0.011522094,0.07615083
1.0238851,0.88056964,1.0287926,0.82103497,0.15783443,0.113107786
2.0097451,0.89369833,2.0438073,0.9502611,0.2859742,0.053208068
1.5804578,0.7658512,1.5975366,0.73024744,0.009254426,0.13529646
1.3238858,0.78909147,1.3338337,0.6623735,0.00577857,0.16582626
1.5221655,0.73183227,1.5339379,0.7116637,0.009824941,0.14259285
2.0538056,0.8918889,2.1081152,0.96096873,0.015827795,0.033347353
1.5019194,0.6143901,1.6733427,0.81010026,0.35529828,0.12778854
1.5841857,0.66022027,1.2580006,0.79558563,0.30165914,0.1327935
1.2280865,0.51415515,1.2188358,0.70409465,0.017839104,0.14504993
1.2993292,0.50299305,1.2975633,0.6589035,0.013629248,0.1659727
1.0685897,0.848693,1.0125914,0.84135383,0.13903339,0.104851395
1.8119966,0.8377704,1.8412902,0.829219,0.0079127485,0.08425883
0.9414108,0.8659029,1.1390514,0.7688206,0.10831346,0.13197415
1.9068367,0.95098054,1.9591818,0.88258773,0.01054055,0.060878977
0.9691588,0.99547917,1.5172029,0.8556532,0.54256326,0.11489818
1.5729105,0.9311537,1.2126715,0.78205836,0.18910572,0.1354162
1.4378303,0.87252456,1.4513168,0.6798067,0.008614643,0.15545046
2.0269184,0.8699845,2.0793097,0.94217855,0.01407577,0.04029893
1.1307832,0.9831193,1.0577631,0.80611515,0.11970368,0.117558375
1.6569881,0.83809173,1.6779358,0.7699425,0.028146502,0.12281964
0.99217504,0.94938767,1.2002537,0.80817425,0.31148106,0.13130939
1.0176644,0.80498624,1.3377249,0.7229303,0.11955877,0.15959428
1.4906453,0.95033145,1.5223486,0.7157944,0.088390015,0.15271372
1.7235417,0.99608356,1.7407691,0.7908189,0.014767085,0.107195266
1.9481659,0.991886,1.5160356,0.80700535,0.5549932,0.14087276
2.0047138,0.8643594,2.0589662,0.9318168,0.014414577,0.04365156
1.0783188,0.8032763,1.1089014,0.82557017,0.2292615,0.12076648
1.6609008,0.8963414,1.6734512,0.7626445,0.0058633997,0.11639146
1.2623988,0.81963277,1.2884727,0.69086146,0.11791372,0.16667068
1.7444828,0.82091093,1.7823784,0.80346453,0.008774184,0.0990654
1.263408,0.74351704,1.2702568,0.67211944,0.0065944167,0.15869994
1.734898,0.9221021,1.7460413,0.7900534,0.011111259,0.10391861
1.4846473,0.76086414,1.4923124,0.6907169,0.01279308,0.1526266
1.4460406,0.8806028,1.4693773,0.6855953,0.0050382703,0.15166119
1.9933528,0.8458363,2.0203855,0.9165278,0.02263364,0.049722467
1.9842101,0.8456818,1.9688499,0.9111194,0.111361384,0.057878144
1.1939998,0.75441307,1.1920109,0.7517661,0.06443898,0.13266088
1.2775671,0.9883959,1.2828326,0.6830889,0.017627312,0.15623721
1.23497,0.80301774,1.1785933,0.7137192,0.04361808,0.1472892
1.4483327,0.93228066,1.4250503,0.744897,0.33030766,0.1659604
1.0236136,0.89812624,1.4596121,0.8140108,0.5305286,0.13945924
1.3393942,0.49998713,1.3525667,0.6617106,0.0050791027,0.16552131
1.6070448,0.7709938,1.6352296,0.74549997,0.005954739,0.12310591
1.8095878,0.90122265,1.8414795,0.8315301,0.0074107354,0.08781735
1.530809,0.696915,1.5529032,0.714399,0.009307494,0.1421675
1.7258627,0.8534875,1.7613845,0.8003237,0.01303803,0.09869328
1.4765348,0.66350013,1.5072327,0.7028744,0.019239405,0.1499988
1.4318585,0.47048768,1.4546237,0.6818006,0.008760785,0.15949161
1.6017331,0.7665224,1.6231601,0.7398542,0.007939347,0.12905034
1.2882626,0.7815111,1.301219,0.6716326,0.0057874825,0.15972528
1.3889414,0.63090324,1.4111607,0.672401,0.0073950277,0.16298343
1.13374,0.6315276,1.1388805,0.74261904,0.0107953185,0.12533197
1.56532,0.6548563,1.58761,0.7287179,0.006805905,0.13336179
1.9128405,0.8277558,1.9662416,0.88928837,0.01003333,0.060971048
1.4692649,0.8880368,1.3822477,0.75349516,0.22282247,0.14841542
1.3416656,0.91676486,1.3596258,0.6625234,0.005325989,0.16455817
1.8233924,0.8335982,1.745683,0.8559979,0.24937561,0.094071716
1.3434862,0.40859213,1.3405764,0.6580654,0.010844722,0.16725278
1.5424412,0.6215981,1.5469592,0.7252735,0.075801834,0.1446119
1.324769,0.7280046,1.3354311,0.66025347,0.006227372,0.16684872
1.2611992,0.50993043,1.3398848,0.6792002,0.05176613,0.16348268
1.6861434,0.95408046,1.68255,0.80512685,0.2393244,0.1329506
1.4176384,0.4963798,1.441777,0.67245185,0.013354689,0.16443743
1.3523775,0.6522511,1.3511605,0.68194616,0.118323706,0.1777459
1.4367529,0.7610162,1.445116,0.6747257,0.0085198665,0.15882534
1.6511028,0.6359321,1.6691248,0.7688554,0.04834465,0.12068556
1.8135709,0.9239477,1.8592782,0.8353289,0.007537886,0.08383492
1.5131708,0.84657025,1.5387604,0.7091154,0.0059556053,0.14122537
1.5777552,0.89027894,1.596292,0.72685134,0.005733615,0.13404962
1.5660195,0.9218906,1.5843484,0.72625625,0.006892029,0.13209191
1.2047491,0.90163046,1.2148147,0.72776043,0.06490556,0.14492427
1.1420091,0.73978484,1.1587259,0.7243873,0.01607799,0.13171764
1.8337175,0.9287518,1.8681107,0.8535124,0.07244591,0.081287496
1.980182,0.9648876,2.0034919,0.90116733,0.011252299,0.054484874
1.5399035,0.8174513,1.5641875,0.72615755,0.007588428,0.13537306
1.1381636,0.818274,1.2705822,0.7814654,0.18307067,0.13115938
1.411267,0.5562522,1.4197953,0.66529214,0.0049516624,0.16344684
1.8111218,0.8815778,1.8420582,0.83249545,0.0075577344,0.08557267
1.3648254,0.7157548,1.3681748,0.6581931,0.009720275,0.17210563
1.4319602,0.46348363,1.442179,0.67932755,0.00591868,0.1578753
1.3128587,0.6928507,1.3237102,0.6679748,0.004837383,0.16141151
1.936195,0.9919944,1.9756682,0.8912794,0.010060209,0.05771974
1.3490961,0.49490622,1.366513,0.65616155,0.006100974,0.16740344
1.1732259,0.5498885,1.1897018,0.7177832,0.016836038,0.13566804
1.5841067,0.97681254,1.5833123,0.7234943,0.0068691093,0.13349365
1.5934701,0.8476867,1.6142094,0.737429,0.0148781445,0.1357091
1.4819016,0.55397296,1.5074396,0.69864786,0.0053422824,0.14537486
1.0630491,0.68989354,1.1365907,0.8181647,0.26137018,0.121943384
1.8634446,0.7388547,1.5669031,0.795042,0.45986655,0.13865504
2.001126,0.87297076,2.041251,0.92626005,0.019994838,0.041922685
1.8355272,0.824452,1.8704872,0.8469509,0.009790615,0.07991478
1.8402431,0.97921073,1.5212038,0.7918967,0.3700091,0.13382639
1.4449427,0.81331015,1.460079,0.68189406,0.0050783954,0.15362301
1.3704513,0.4223236,1.3746972,0.6616187,0.012705333,0.16908987
1.3675011,0.6659678,1.3716948,0.67194176,0.006800997,0.15987319
1.9477477,0.8397491,1.9907675,0.89870566,0.024030685,0.05542478
1.6959872,0.69245964,1.7238603,0.7821239,0.0085968785,0.10827391
2.1001844,0.9570324,1.5987732,0.85119647,0.7847609,0.12210487
1.3526604,0.6146699,1.3711023,0.6703004,0.011683289,0.16870017
1.5032094,0.62913984,1.4504538,0.7205682,0.122423336,0.15821995
1.3851197,0.4443123,1.3707747,0.71830034,0.16501169,0.16152258
1.4294819,0.51126367,1.4329388,0.66676044,0.015183041,0.16696584
1.6282094,0.90684736,1.6478138,0.7527004,0.012118373,0.12430136
1.6492655,0.6435353,1.674926,0.7679924,0.008631715,0.115170695
1.4868184,0.6374901,1.5012159,0.6927997,0.0050222,0.14958407
1.7359483,0.6702567,1.7712841,0.82062906,0.036831237,0.0960004
1.4853209,0.8036812,1.4559216,0.7303643,0.13263322,0.14947574
0.94925195,0.8533792,1.3699305,0.74966556,0.3220244,0.15973248
1.9401784,0.96006846,1.9807653,0.8939267,0.019928152,0.058189645
1.5022804,0.6136523,1.5209532,0.7061727,0.017784823,0.14624771
1.4616399,0.7587669,1.4770563,0.6890959,0.0052988282,0.15108179
1.2563604,0.6494208,1.2834616,0.6733983,0.008670191,0.1567137
1.5662513,0.97230685,1.5966582,0.73259497,0.005628049,0.13143596
1.3803449,0.9899357,1.3974583,0.6593597,0.008172428,0.16627192
1.7722753,0.89221984,1.7952018,0.81133354,0.009449516,0.095020324
1.1287162,0.7550221,1.1199783,0.74434626,0.013040765,0.12441713
1.2115107,0.66856235,1.2235863,0.71048474,0.0056422255,0.13961788
1.2380486,0.6486068,1.3891275,0.757088,0.30807707,0.15398511
1.5878857,0.6988934,1.6006582,0.73641926,0.021543005,0.13526516
1.6313329,0.7071437,1.6547935,0.7564184,0.024458433,0.12662615
1.4515116,0.6611116,1.4697275,0.6841818,0.011437199,0.1571462
1.3818451,0.72046024,1.3773782,0.657263,0.009318107,0.17039438
1.2181947,0.8346428,1.2164347,0.70647293,0.015177858,0.14444333
1.537877,0.58087605,1.5665257,0.714864,0.00544625,0.13907129
1.7037275,0.9113346,1.7296517,0.7785676,0.0057127685,0.10862303
1.3786898,0.84118676,1.3997228,0.6605053,0.019925302,0.17287162
1.6764374,0.7452345,1.6937461,0.76988614,0.006958073,0.11167198
1.5940243,0.7475482,1.6203389,0.7347121,0.008403067,0.13107751
1.4684389,0.5488993,1.4862325,0.68431044,0.024542846,0.1587466
1.3456051,0.86723024,1.3603351,0.6579873,0.0063735,0.16921675
1.1958921,0.65457016,1.2967489,0.7610869,0.25687134,0.14850284
1.2805638,0.5301076,1.2940733,0.74760187,0.28201747,0.14766808
1.435857,0.60242224,1.4617743,0.6648389,0.0091867205,0.1638391
1.6544489,0.9307106,1.5835094,0.7978223,0.14045323,0.123313114
1.468904,0.74361306,1.4973738,0.68915254,0.0052901413,0.15057817
1.306396,0.57028025,1.3278968,0.66795075,0.0052491566,0.16078803
1.894729,0.80574673,1.4346657,0.71660984,0.20540462,0.15597248
1.3527867,0.4829342,1.3590465,0.65664303,0.0063710874,0.16728468
1.5596342,0.73574275,1.5835092,0.72816414,0.0069189304,0.13262731
1.3056614,0.7365185,1.6197472,0.770555,0.3375232,0.13999474
1.7562464,0.897839,1.6988602,0.8160425,0.24213906,0.11876763
1.336056,0.7180384,1.2538655,0.72887206,0.12659447,0.15194085
1.6936891,0.99412906,1.7209272,0.7829484,0.007960386,0.10755508
1.9576725,0.86029947,1.9989696,0.9047205,0.018374505,0.054252025
1.7089561,0.8500208,1.7351205,0.7878226,0.018271422,0.107793644
2.007258,0.891571,2.0531502,0.9256095,0.016581576,0.043809175
1.5548415,0.56210977,1.5834019,0.7365645,0.05866309,0.14033324
1.4837132,0.9338626,1.4212193,0.72080934,0.12781368,0.15117988
1.6557069,0.8007435,1.683914,0.77910566,0.036530644,0.11557592
1.4537182,0.5700952,1.4668431,0.68515456,0.0058996812,0.15218478
1.953926,0.89724994,2.013359,0.9108764,0.027877662,0.052517034
1.3444159,0.4551376,1.3728371,0.6592462,0.006567787,0.16949588
0.9747383,0.8620591,1.0891262,0.8117236,0.18123285,0.11997572
1.9744298,0.9454127,2.0496054,0.9285509,0.026869496,0.045956533
1.4838972,0.57690847,1.4947691,0.7263497,0.087669946,0.1460665
1.1915995,0.7579813,1.1747811,0.7460004,0.047199003,0.13396084
1.5494823,0.9256453,1.5752356,0.7240309,0.005091591,0.1348622
1.5336665,0.61693966,1.5565379,0.7141671,0.0071943398,0.13917434
1.6203094,0.60640466,1.6583395,0.7481059,0.00789966,0.123613186
1.7957093,0.95584863,1.8312736,0.8236224,0.007540514,0.09006182
1.3730861,0.5123891,1.3969812,0.66604924,0.010966549,0.16434075
1.4527966,0.8745019,1.4329484,0.68854284,0.08570187,0.16898717
1.3603126,0.94376516,1.3678472,0.6651061,0.019736173,0.1699081
1.4225419,0.6598481,1.4413447,0.6680357,0.0049789515,0.162571
1.3933173,0.4985344,1.4102559,0.6713303,0.012123165,0.16663083
1.5628419,0.85877466,1.5863044,0.74732244,0.07137659,0.14266306
1.2700454,0.47282028,1.3534389,0.7206333,0.2037226,0.16637065
1.2105743,0.53489846,1.2176032,0.74459654,0.08869421,0.1420019
1.4188817,0.7837022,1.4501002,0.72773474,0.1946998,0.1550284
1.6153194,0.8968098,1.6115465,0.76343185,0.055394534,0.12773906
1.3761388,0.74361366,1.3886516,0.6688137,0.020071942,0.17431779
1.476509,0.58159345,1.4510849,0.7004476,0.09675923,0.16259845
1.7066144,0.9837294,1.7181325,0.80708355,0.082089655,0.10879546
1.1005408,0.8216311,1.1900244,0.7829695,0.16853581,0.13155851
2.0058267,0.95814997,2.0617764,0.928809,0.014176826,0.042414382
1.3461522,0.81163114,1.2360542,0.74682355,0.32026184,0.15151799
1.8956436,0.9490032,1.1447241,0.8029447,0.23256232,0.12636901
1.5592748,0.6294958,1.5696766,0.7278105,0.0595417,0.14440694
2.0115204,0.9084298,2.0541165,0.93388635,0.022860834,0.040894035
1.4724566,0.56964403,1.4923482,0.6963575,0.0066698957,0.14711437
1.3577753,0.7134076,1.3477764,0.65717846,0.011408753,0.16948839
1.7570637,0.9912036,1.7804916,0.8093607,0.006907027,0.09648781
1.8884326,0.7842233,1.9491668,0.8771511,0.045495536,0.066740684
1.1270025,0.9045902,1.0980792,0.77385485,0.022195965,0.11456911
1.5321099,0.62451935,1.4664986,0.7226176,0.10514365,0.150926
0.95715916,0.8977273,1.4090545,0.81645,0.48841438,0.130012
1.4074994,0.70160896,1.4215405,0.6677165,0.0049326257,0.16155328
1.4141444,0.68951315,1.4337306,0.67577803,0.004485771,0.15910758
1.4007543,0.5751924,1.4246812,0.710465,0.16020472,0.16611283
1.1676548,0.89068896,1.209831,0.7604646,0.23412806,0.14172095
1.6041656,0.69662994,1.6242719,0.7436484,0.0056982297,0.12447849
1.5002116,0.60370266,1.521164,0.69944537,0.005541062,0.14561127
1.9022387,0.8938519,1.9586766,0.8810003,0.014831117,0.060935564
1.7220489,0.65373623,1.7464447,0.7915157,0.00713958,0.103533246
1.2190843,0.6333747,1.2332249,0.7015435,0.020481395,0.14902979
1.3819014,0.8448294,1.373049,0.65840846,0.01036959,0.17068882
1.8717257,0.7942312,1.9072597,0.86606896,0.019838423,0.06865736
1.4546156,0.63569087,1.4505446,0.6863066,0.037214097,0.16881959
1.0097256,0.76482254,0.98099285,0.8653553,0.17594022,0.105170205
1.3979491,0.50372016,1.4108787,0.662223,0.0051622554,0.16343512
1.3905797,0.96080387,1.4001703,0.6657227,0.010235737,0.1651657
1.7407559,0.8444278,1.7644365,0.79840827,0.0070027364,0.09850709
1.682442,0.7103468,1.7113135,0.7792958,0.010400384,0.10656897
1.5891086,0.7654521,1.5873656,0.7399721,0.032947373,0.13288015
1.3320807,0.6172776,1.337604,0.6523475,0.01636684,0.17462376
0.9881023,0.9218847,1.0651445,0.82499444,0.19488876,0.11575612
1.2562335,0.5163282,1.2672515,0.68145466,0.005806096,0.15281296
1.575983,0.68845224,1.6178217,0.7505834,0.017293848,0.12302371
1.6895635,0.75613576,1.7142723,0.77575225,0.0076282946,0.11155752
1.058569,0.9954643,1.0315334,0.8494513,0.14677377,0.10360855
1.8872555,0.8034116,1.9608009,0.8884844,0.04676209,0.065398626
1.2670834,0.57309234,1.2775528,0.6633228,0.008280979,0.1624154
1.1677954,0.6841176,1.2599499,0.77552,0.2305835,0.1426149
1.5873748,0.9349445,1.6014915,0.73609793,0.0054660384,0.12890796
1.3779655,0.45103624,1.4071965,0.66241145,0.006764267,0.16486397
1.8280591,0.7480739,1.8681078,0.84394956,0.009060079,0.0837521
1.5537585,0.76216555,1.5684094,0.719269,0.01678012,0.14173566
1.5544509,0.8093094,1.5817802,0.7298637,0.021396974,0.13763103
1.2080741,0.5819508,1.169801,0.7693323,0.18076968,0.13918838
1.6609023,0.95992726,1.5245075,0.777881,0.42603564,0.14287367
1.9356521,0.8895816,1.5716326,0.8034895,0.41895685,0.1319913
1.7290481,0.6700918,1.7495344,0.7907224,0.006729205,0.10663048
1.3015339,0.4839985,1.3170266,0.65785474,0.017620113,0.17182007
1.2519586,0.5048133,1.2802453,0.695577,0.0499243,0.15687008
1.7153951,0.656219,1.7427754,0.7836533,0.006127174,0.106689356
1.6903206,0.62092865,1.720113,0.7833934,0.009492445,0.10904589
1.7394542,0.6693361,1.7647252,0.79755807,0.006332882,0.10132862
0.9371771,0.86522156,1.092676,0.8530273,0.31098428,0.11419899
1.4049911,0.86124694,1.4118114,0.6641137,0.011690488,0.17155915
1.2412049,0.7758844,1.2405899,0.7042137,0.030250797,0.14825062
1.9312882,0.8198843,1.4199457,0.8019058,0.4481797,0.1417925
1.6689694,0.8213555,1.6969714,0.76949376,0.0055328533,0.1134727
1.3705719,0.6609192,1.2626741,0.7172953,0.11539756,0.15314813
1.4839623,0.538294,1.504983,0.6999402,0.005287297,0.14612491
1.3357162,0.5311474,1.3278761,0.66488624,0.03286175,0.17016526
1.5823567,0.6316753,1.5961921,0.7274102,0.0071740467,0.13279177
1.233022,0.5484341,1.275419,0.6912691,0.037984297,0.15686059
1.5256318,0.707712,1.4086947,0.7678614,0.27660513,0.13727456
1.8302852,0.97652465,1.3804781,0.7846924,0.3816622,0.14161485
1.3037724,0.5666999,1.3434906,0.71298325,0.12186428,0.15879548
1.4935035,0.6792732,1.5264866,0.6972309,0.0070144967,0.14858828
1.4308565,0.9419681,1.4375291,0.6771987,0.035600442,0.16513088
1.0881373,0.7744483,1.0866425,0.83292794,0.16467321,0.110251434
1.624697,0.83937085,1.6497416,0.7510593,0.008517259,0.11991142
1.18216,0.6794197,1.334424,0.7714371,0.3216114,0.14724402
0.9261824,0.9184725,1.0923014,0.7990428,0.1498441,0.123309255
1.807251,0.85429704,1.8410914,0.8332667,0.007873292,0.08613282
1.3392045,0.4782542,1.471307,0.73149085,0.21195734,0.15682337
1.9737698,0.91754967,2.0411136,0.922833,0.05258621,0.051302373
1.9789956,0.9114298,2.0209613,0.91046894,0.01278018,0.053543348
1.8816738,0.99505305,1.8912547,0.8486822,0.012117224,0.076262884
1.7723339,0.8680605,1.8045342,0.81297284,0.006634889,0.09514239
1.4471452,0.5760173,1.4547129,0.6931064,0.043126352,0.15784475
1.1994706,0.7712049,1.1658746,0.7285269,0.03449549,0.13652824
1.6950557,0.81290835,1.6739395,0.79408574,0.08530057,0.1142216
1.2740525,0.5348501,1.2572727,0.71427566,0.13434131,0.16330993
1.26697,0.83068126,1.2805324,0.80585825,0.30122155,0.12543996
1.2214777,0.5278189,1.4030833,0.75295115,0.33453867,0.1460608
1.222298,0.6505357,1.2398162,0.7259966,0.16005272,0.15622555
1.1441154,0.9618719,1.1370986,0.74662656,0.07534588,0.13435715
1.674038,0.77030164,1.6928372,0.773931,0.012869873,0.113542505
1.1124744,0.8269293,1.5195198,0.7758812,0.35629758,0.14695561
1.5375572,0.755141,1.5535021,0.71510696,0.0058895065,0.14039287
2.0938513,0.9576859,1.7425604,0.9072834,0.9552445,0.08757283
1.1475351,0.59950435,1.0498827,0.80289197,0.052218005,0.11097116
1.8757597,0.9208869,1.9378614,0.8772385,0.068341546,0.0702488
1.8151723,0.9248149,1.816762,0.8514244,0.24736835,0.09563345
1.299216,0.8367246,1.3002222,0.715785,0.1352224,0.16198695
1.629936,0.6100241,1.5587714,0.7478903,0.19110185,0.14556378
1.2792138,0.9217361,1.2858694,0.6873714,0.11373279,0.16317154
1.5504805,0.58541274,1.5867264,0.73761225,0.016156375,0.13296854
1.0558408,0.94863397,1.0999953,0.83026206,0.23507217,0.12012844
1.1611986,0.6684316,1.1266764,0.7660105,0.040051717,0.12095692
1.5847932,0.8634571,1.508384,0.75354266,0.233249,0.14648841
1.2450866,0.6011438,1.251204,0.6841242,0.0049743527,0.15328115
1.8011285,0.74034107,1.8319945,0.8293559,0.009124463,0.08924754
1.7127967,0.6503332,1.7429354,0.78137827,0.023788521,0.11346942
1.2157415,0.7220407,1.2119322,0.7029004,0.02435397,0.1471844
1.6526139,0.95009637,1.6709416,0.7660014,0.011056172,0.11842202
1.6832958,0.71993303,1.7150843,0.7762598,0.006164738,0.11110975
1.530317,0.7909377,1.5474527,0.7129749,0.0055229217,0.14031728
1.2466247,0.9719557,1.137552,0.7671989,0.14442188,0.13581875
1.3203286,0.87020516,1.3260884,0.6626326,0.016442157,0.16758269
1.5832583,0.6905562,1.6074545,0.7406846,0.009367421,0.12814866
1.5978808,0.68640316,1.6306796,0.7441633,0.011837265,0.12704536
1.5300721,0.56594014,1.5419149,0.7142333,0.01075983,0.14277972
1.1944836,0.96154076,1.1985598,0.70982623,0.01414941,0.14099552
2.072348,0.9096803,1.7264276,0.87939924,0.6582463,0.106267616
1.726875,0.8128788,1.7497985,0.7915471,0.006821113,0.10383326
1.7842602,0.9512601,1.8130167,0.8289687,0.03125414,0.09312858
1.2435788,0.6703435,1.1697073,0.7543827,0.15952277,0.14417024
1.2727141,0.7957073,1.2861571,0.6715306,0.007291433,0.16010435
1.9180871,0.9839258,1.9448209,0.87901264,0.012175375,0.062732264
1.7294897,0.913745,1.7453988,0.80192566,0.123378396,0.114843875
1.2298437,0.55093646,1.2281411,0.6967742,0.020874368,0.14890923
1.2895485,0.64974415,1.295764,0.6753806,0.027333828,0.16760941
1.7540969,0.6789622,1.78301,0.81264246,0.018255305,0.09690572
1.2536441,0.65234137,1.2721808,0.67503357,0.008174384,0.15813941
1.4340118,0.7765528,1.4315381,0.70107985,0.095892675,0.16435358
1.6317542,0.7932259,1.657079,0.75188214,0.0055535072,0.11996135
1.5304638,0.71798724,1.538126,0.7141626,0.0098437965,0.14198525
2.101002,0.9767072,1.9036574,0.92311925,0.51891017,0.081136286
1.5631548,0.7981216,1.571552,0.7123978,0.017576223,0.14164937
1.3831798,0.48445043,1.3963523,0.66338074,0.0059523033,0.16454029
1.9544905,0.8700798,2.0074024,0.90361184,0.05632454,0.056770675
1.7651,0.8648081,1.8159654,0.8225803,0.03442957,0.091485776
0.9848263,0.80364734,1.3622541,0.7594148,0.23788811,0.14606923
1.7028542,0.8012517,1.7267346,0.8312604,0.34544602,0.12344255
1.5172076,0.8569601,1.533294,0.7024047,0.006058732,0.14251421
1.3551755,0.51244676,1.3422699,0.67884904,0.075013585,0.16848
1.8009021,0.96441317,1.8222177,0.81701463,0.010572788,0.092678
1.2012852,0.72983444,1.1994588,0.7101249,0.01866612,0.1437143
1.9823345,0.89687526,2.0241408,0.91043454,0.014531403,0.049589608
1.1238155,0.63711375,1.0868459,0.7793164,0.12847091,0.12815975
1.5136951,0.6983939,1.5215414,0.7084969,0.027883856,0.15419452
2.0436969,0.9801294,2.1041155,0.96216506,0.028649462,0.035763063
1.2833037,0.78445184,1.289844,0.6608751,0.009120122,0.16638078
1.8255852,0.9327769,1.8550813,0.8302122,0.008530362,0.08455001
1.4594892,0.762645,1.4055829,0.7212729,0.16263334,0.16272828
1.3805556,0.9270599,1.3886139,0.6600739,0.016263694,0.17310013
1.2634039,0.8429327,1.1691086,0.75045514,0.10788147,0.14030182
1.6076404,0.7390235,1.6299713,0.74290454,0.028838173,0.13118958
1.0543165,0.99393433,1.2361028,0.76415753,0.2041153,0.14350711
1.404197,0.5206969,1.4357991,0.7202358,0.13166702,0.16175094
1.5972052,0.8619996,1.6319516,0.7540695,0.044976976,0.12989184
1.4089024,0.5559909,1.42623,0.6730114,0.0062358645,0.16197367
1.3700687,0.7648689,1.3785031,0.6642528,0.011904688,0.16979143
1.4930187,0.60341305,1.5014634,0.70250976,0.0066312584,0.1460378
1.4529003,0.5769789,1.4639399,0.682033,0.008338801,0.15638201
1.58735,0.94470036,1.619627,0.73805535,0.01995384,0.13332628
1.6261994,0.86735016,1.6494017,0.75285983,0.0060082483,0.12151558
1.7462327,0.9448774,1.6718569,0.806201,0.28867286,0.12464805
1.3918734,0.81523514,1.395402,0.6610816,0.00882502,0.16837282
1.3661197,0.5738204,1.3759773,0.6559859,0.007797602,0.16759199
1.8191726,0.8841334,1.8599722,0.8400784,0.0090875,0.08146199
1.1850556,0.5583665,0.99687976,0.8546725,0.12055714,0.10345245
1.0768014,0.7717343,1.086266,0.8083133,0.10719433,0.11460888
1.3985521,0.5436907,1.4279034,0.6675062,0.019530542,0.16696006
1.5067085,0.8932405,1.513758,0.6965761,0.0060703484,0.14526871
1.2615076,0.9234078,1.2840052,0.66879964,0.007702429,0.16168122
1.8721312,0.8152387,1.6741452,0.814209,0.60483974,0.14580484
1.3157568,0.6135679,1.3232911,0.7515265,0.23098922,0.15108371
1.7475319,0.8065824,1.7760663,0.79895246,0.013377982,0.103268705
1.0428294,0.7733568,1.0105352,0.86521035,0.072274,0.08996899
1.5644664,0.635283,1.5939021,0.7301513,0.04788447,0.14170554
2.0869575,0.9253399,2.1348093,0.96388584,0.021639219,0.030825062
1.830538,0.93742263,1.8579018,0.84274393,0.008646704,0.081610404
1.2514417,0.7273174,1.2351589,0.69663554,0.019565415,0.15174057
1.3320264,0.941606,1.6003783,0.791479,0.39300504,0.1364407
1.9795983,0.8941867,2.0360806,0.92273164,0.01187017,0.046926945
1.5230883,0.5615364,1.5477855,0.71230054,0.005892765,0.1392544
2.129564,0.9723538,2.1446173,0.97018796,0.01683575,0.027338337
1.8972778,0.9482352,1.9189429,0.8694083,0.06035303,0.07235009
1.9598252,0.8284868,1.8631251,0.92261225,0.38668838,0.07111764
1.002297,0.8812794,1.1480061,0.83741516,0.34563735,0.11823686
1.3489889,0.606481,1.3633969,0.6539634,0.008746056,0.17075796
1.4564399,0.6318387,1.4695146,0.6858641,0.0048455345,0.15280403
1.0336446,0.8592944,1.0345069,0.8540817,0.09947496,0.09868031
1.5566493,0.85013115,1.5229437,0.7277272,0.049766943,0.14540526
1.4097983,0.46860912,1.4248588,0.6713618,0.0068727294,0.16270489
1.350818,0.4914232,1.2973151,0.7029221,0.10953492,0.1634271
1.6853564,0.7844376,1.4112961,0.7744302,0.35853353,0.14788604
1.3790655,0.8998967,1.3917634,0.6846788,0.058254566,0.18388303
1.787718,0.8328853,1.8248656,0.8261215,0.016865546,0.0864715
1.1889625,0.67285925,1.1840537,0.7651707,0.14713843,0.13468367
1.4279379,0.68151,1.3940289,0.68764603,0.08497636,0.16831839
1.9581858,0.812432,2.0041497,0.9016095,0.010761795,0.055174418
1.2791929,0.6212954,1.2821088,0.68851835,0.012982449,0.15333354
1.5217466,0.729494,1.5372617,0.7007819,0.0123510305,0.14383486
0.9108875,0.9635884,1.5236084,0.86441404,0.7315305,0.117239535
1.2075688,0.5846303,1.1980717,0.7143629,0.018116018,0.14226002
1.3523381,0.52903396,1.3348007,0.6698166,0.043218944,0.16770554
1.6274339,0.74913013,1.644218,0.74959964,0.011635824,0.12582603
1.6955217,0.88458043,1.7164607,0.77067304,0.005996805,0.11064159
1.647966,0.7923836,1.6293569,0.78019094,0.14764382,0.1222363
1.5221757,0.82802284,1.53387,0.71218,0.0054267617,0.13860537
1.5319906,0.51702595,1.5585945,0.71878904,0.005244598,0.13597886
1.9941299,0.99532557,2.0529401,0.9292521,0.065590486,0.05250009
1.2871618,0.839917,1.2719808,0.7339675,0.28112915,0.16571893
1.6645323,0.6834692,1.6527536,0.7801728,0.14779332,0.12575561
1.4212705,0.52295023,1.452719,0.6706568,0.011385321,0.16444221
1.5634713,0.6440287,1.5936716,0.7309967,0.0056213783,0.13162498
1.252921,0.81762403,1.1233059,0.8052091,0.22386712,0.12721407
1.3594381,0.6856111,1.3848159,0.6559124,0.011633633,0.17010894
1.7926074,0.68700165,1.8324561,0.83087677,0.008298224,0.08600308
1.5047157,0.52322596,1.4739325,0.7340369,0.14116746,0.14645185
1.7179335,0.6888142,1.7484341,0.783584,0.008375161,0.10254046
1.6201699,0.857772,1.6324873,0.7440983,0.005678598,0.12441499
1.5859246,0.61299807,1.6056747,0.73305213,0.0051383134,0.1286576
1.9899539,0.90585864,2.0390127,0.92550373,0.011237522,0.045186225
1.9611771,0.85725135,2.0133781,0.9108503,0.021717122,0.049050063
1.303098,0.84306675,1.2009335,0.7547375,0.18012042,0.14785187
1.5767938,0.8329113,1.5814202,0.7220882,0.013213076,0.13389413
1.6239207,0.95848614,1.6229863,0.7380833,0.0068335556,0.1284313
1.7217287,0.8836709,1.4382825,0.8064075,0.3606007,0.12778728
1.5948924,0.9389924,1.6150866,0.73586214,0.0057716747,0.12918651
1.2835075,0.81977177,1.3963542,0.721112,0.21207376,0.15771483
1.2463388,0.66422,1.2398543,0.6907308,0.03472634,0.15469535
1.2690271,0.88856095,1.2819519,0.703493,0.08578403,0.15722708
1.6210437,0.82359016,1.6432774,0.74915874,0.007293366,0.12239868
1.3021082,0.5018483,1.313406,0.66804326,0.018717825,0.16504967
1.1735659,0.5972373,1.1458056,0.74672234,0.053383287,0.13284947
1.0611799,0.9516889,1.7046266,0.83261186,0.26653498,0.103063464
1.7604699,0.70945925,1.808167,0.8202186,0.010349506,0.09364921
2.1381814,0.9961006,2.1838932,0.99248594,0.027631788,0.02620193
1.8351858,0.8038543,1.8688943,0.8595872,0.109566905,0.08350846
1.6716063,0.9723657,1.6907461,0.7688736,0.006246429,0.114011735
1.7067647,0.92219096,1.7340479,0.78288674,0.006784737,0.10647862
1.2494904,0.7911559,1.2365177,0.70437807,0.09412517,0.15741128
1.4838518,0.593437,1.503736,0.6892848,0.0062218457,0.14812157
1.1513561,0.71163374,1.0823388,0.8005913,0.11463845,0.119929664
1.8766612,0.86242896,1.9135737,0.8656909,0.01705698,0.070676275
1.2502455,0.6253832,1.2697339,0.6859486,0.0063017625,0.15151043
1.2421803,0.7923404,1.2434018,0.6902746,0.006577954,0.14973585
1.2586248,0.74950135,1.2865372,0.6870661,0.045555428,0.15814951
1.7276593,0.6767159,1.7483361,0.7889018,0.0064200545,0.104607135
1.8529216,0.8864472,1.8246689,0.83902854,0.254046,0.100381024
1.1926405,0.6675144,1.1881728,0.7396736,0.07256012,0.1390389
1.3507075,0.5650627,1.3691249,0.65485954,0.0064077964,0.1689872
1.4169523,0.5021237,1.4243417,0.67669976,0.028111052,0.16488884
1.0310032,0.97245175,1.4114823,0.80095184,0.37437382,0.12853043
1.1270316,0.7844571,1.0506144,0.82932687,0.14357911,0.1123781
1.2134899,0.8648513,1.5175445,0.8008937,0.3993747,0.1306611
1.1787416,0.7253166,1.4650376,0.82239836,0.4610841,0.13901594
1.1205215,0.8853379,1.128921,0.79478383,0.1805939,0.12412603
1.2736365,0.482382,1.3430791,0.7180623,0.15122667,0.1563528
1.7827814,0.82697815,1.8069072,0.8159309,0.007048827,0.09216099
1.3060496,0.9314763,1.2873063,0.67041713,0.020935563,0.16374096
1.3868672,0.95967823,1.3991005,0.66520274,0.00773225,0.16584148
1.0233799,0.9272063,1.0184617,0.84681374,0.09441768,0.100397415
1.7604901,0.7203771,1.7774446,0.80150753,0.00755348,0.10069522
1.0411857,0.8317545,0.97594637,0.8312306,0.07821197,0.10256141
1.1666553,0.99305415,1.1231197,0.80158204,0.2063654,0.12825434
1.535117,0.59217775,1.5663004,0.7186327,0.005800351,0.13535245
1.7754658,0.9426285,1.1971097,0.83004934,0.3379954,0.12379175
1.1091347,0.9434734,1.2266524,0.8627927,0.3733592,0.10654364
1.3353993,0.54216987,1.3433454,0.6583981,0.011712583,0.16812094
1.2023267,0.71832746,1.1767969,0.73982894,0.045830175,0.1352137
1.940517,0.9345522,1.5911474,0.8174162,0.55350757,0.123652324
1.2995222,0.74306285,1.2988241,0.6691417,0.012913343,0.16355821
1.4388003,0.5144196,1.4586151,0.7032685,0.1024042,0.16438192
1.4893603,0.54342115,1.5060318,0.7014224,0.008142839,0.14626274
1.6062262,0.60463667,1.6340177,0.7425081,0.013855328,0.13040182
1.809121,0.6980186,1.7174122,0.8141408,0.32949072,0.11923407
1.2534841,0.51906246,1.2748833,0.6835853,0.006286492,0.15228118
1.7033267,0.7220395,1.3845308,0.7474945,0.32857737,0.15131979
2.0005238,0.892682,2.0557415,0.92242223,0.01580962,0.04460812
1.4089191,0.5030565,1.427206,0.66966534,0.004762124,0.16228835
1.6523535,0.66781485,1.630501,0.7999564,0.32500467,0.13417077
1.3774742,0.63435364,1.3842676,0.652524,0.0074824914,0.1702506
1.268263,0.80507433,1.243247,0.73985755,0.15508106,0.14776003
1.1545229,0.67615426,1.6200783,0.8300093,0.5126137,0.110746644
1.2666069,0.7637833,1.2534988,0.71112776,0.093004584,0.1550625
1.6862146,0.99876535,1.7147033,0.77329195,0.006445083,0.1138617
1.7450411,0.78961366,1.456706,0.75408316,0.27858326,0.14666297
1.5267724,0.6834382,1.5478728,0.71845424,0.006143938,0.13647982
1.0650272,0.95051134,1.2197022,0.8061661,0.3178109,0.13318774
1.8215662,0.7228393,1.8557348,0.8416399,0.0075698383,0.08255279
1.4835016,0.5091958,1.3352158,0.7401123,0.18841058,0.14983955
1.3652278,0.46819985,1.376914,0.6621766,0.008769716,0.16532056
1.6046219,0.5571054,1.6213386,0.74889755,0.048570886,0.13182026
1.173848,0.8162687,1.2376707,0.73277575,0.12861504,0.14777158
1.3333753,0.5719074,1.3521919,0.65706766,0.0060668355,0.16688599
1.8241495,0.89719784,1.8553064,0.84905916,0.022723628,0.08061724
1.3095036,0.4442995,1.2941821,0.6755067,0.05863068,0.16790769
1.2358894,0.94983995,1.2711785,0.7432294,0.275578,0.16027705
1.1416235,0.695056,1.0862203,0.78491247,0.14048013,0.12370482
1.8244451,0.9174592,1.8571746,0.8377612,0.012051664,0.08312899
2.027396,0.88081557,2.0122433,0.9754322,0.4296296,0.052132886
1.7655449,0.7391392,1.7936697,0.8135304,0.0069505516,0.09295389
1.6040728,0.59200025,1.4363952,0.7503104,0.3171779,0.15203199
1.5320903,0.60125893,1.5554633,0.7172193,0.0063448246,0.13616985
1.2733421,0.9273076,2.017907,0.9059176,0.12356461,0.060301747
1.9374217,0.8197394,1.9836428,0.89519805,0.013415689,0.05588346
1.4553457,0.9143794,1.4665322,0.67989016,0.011205943,0.16010185
1.1286608,0.98446,1.1533146,0.7761409,0.114646375,0.12708059
1.4296111,0.724362,1.4179995,0.6812473,0.039874166,0.16844492
1.3897979,0.8433986,1.3577774,0.6922428,0.14225654,0.17445715
1.4670464,0.9285296,1.3384061,0.76987374,0.24611188,0.14123605
1.865875,0.9381636,1.899786,0.8568937,0.0091666095,0.075050086
1.0733868,0.79729503,1.0491335,0.8155543,0.13110334,0.11495482
1.9683737,0.9372207,2.010915,0.90970486,0.010272789,0.052091815
1.7771865,0.80214155,1.8040514,0.81560904,0.007926222,0.093570076
1.4121448,0.67664295,1.422656,0.69165266,0.0873078,0.1852002
1.4239058,0.8499545,1.4263949,0.67763895,0.03346305,0.16421412
1.1519988,0.7051516,1.1443887,0.7466499,0.009322107,0.12324045
0.99296916,0.91532254,1.4827368,0.8580333,0.67959714,0.1098708
1.0045588,0.9087261,1.1041827,0.8093993,0.24789609,0.12617007
1.482028,0.7701593,1.5095673,0.6996475,0.0073690997,0.14839672
2.008368,0.9776478,2.0847232,0.9466396,0.025696661,0.03700788
1.412864,0.72690773,1.0878737,0.84849685,0.35812223,0.12018506
1.5081342,0.52144504,1.531065,0.7091286,0.010017765,0.14327034
1.3063737,0.8281653,1.3109853,0.66546905,0.007829356,0.16382413
1.5685573,0.81042117,1.5927553,0.7366404,0.019357868,0.1324822
1.8724447,0.7847444,1.9025879,0.8613288,0.010061649,0.07386146
1.5603763,0.590241,1.5721276,0.7238864,0.0072036358,0.13420233
1.1467597,0.726591,1.1363401,0.7550844,0.013968654,0.12253005
1.7460779,0.75270146,1.7677922,0.7977794,0.008569449,0.1021267
1.6739602,0.62930495,1.6017289,0.75479734,0.14696978,0.14147769
1.7895728,0.70027727,1.6981261,0.82435554,0.29949436,0.11360665
1.918267,0.9312641,1.9540141,0.88619393,0.010529272,0.059812304
1.4679551,0.76164955,1.482686,0.6854005,0.00600342,0.15413573
1.2719887,0.71320885,1.3874629,0.679062,0.06580281,0.16571635
1.379534,0.57714057,1.3836334,0.7408328,0.21376535,0.15268299
1.8045384,0.9364503,1.8353891,0.8278797,0.008576501,0.08739376
1.7866566,0.9018242,1.8123369,0.81747097,0.008093852,0.08831167
1.1024863,0.9131764,1.3407426,0.86827236,0.6588311,0.10751758
1.2341784,0.69597477,1.1876297,0.7357802,0.09718006,0.1439051
1.7175997,0.6564085,1.6797123,0.77151585,0.12191978,0.12562911
1.9685771,0.9706015,2.0370276,0.9197592,0.0139955,0.046037797
1.1340339,0.72051966,1.0720088,0.7789919,0.053033743,0.11522695
1.9122796,0.90820366,1.927985,0.8671006,0.017531974,0.070057526
1.4180297,0.81159365,1.4257286,0.6735023,0.0056896834,0.15890637
1.3770074,0.47056437,1.3973477,0.667202,0.0054468266,0.16357306
1.9183395,0.970291,1.4910917,0.74330205,0.22223288,0.15879728
1.7948145,0.6862581,1.8427124,0.8344774,0.007391411,0.08642372
1.8870816,0.8004975,1.9109404,0.8628017,0.008793844,0.07198806
1.1995993,0.64462495,1.2124853,0.71374315,0.0148413535,0.14033546
1.3328068,0.46527362,1.2990432,0.7024474,0.09975267,0.15969956
1.377481,0.6952203,1.3932126,0.66011125,0.005722286,0.16571638
1.2076663,0.5376041,1.1870997,0.71944845,0.05358543,0.14009835
1.2906753,0.6612753,1.3096337,0.6653904,0.014399562,0.16557622
1.5889271,0.7605902,1.6093128,0.73483694,0.008359929,0.13060609
1.4773927,0.58471835,1.4903543,0.6838769,0.00894399,0.1552749
1.511756,0.71182525,1.5237088,0.7035489,0.0071222624,0.14590144
1.5507308,0.6333679,1.5768144,0.7235276,0.014349811,0.13911785
1.6680833,0.87670475,1.6978731,0.7734699,0.0077054114,0.11041069
1.4691503,0.80388445,1.4901946,0.6911447,0.0062397313,0.15199561
1.3217485,0.61622125,1.2847869,0.72558784,0.12804109,0.15453704
1.5396404,0.8876995,1.5715513,0.7207473,0.025569238,0.14015222
1.1513859,0.6614729,1.1327298,0.8116151,0.22670059,0.12641422
1.8564123,0.8713279,1.8924613,0.8501801,0.008465676,0.07666799
1.2265375,0.74826103,1.149435,0.78229964,0.19072199,0.13292812
1.6005718,0.5747696,1.6330862,0.7432599,0.008120087,0.12389489
1.1119084,0.82597464,1.0980818,0.7606003,0.015766028,0.117617846
1.4854754,0.6994128,1.5205493,0.71481216,0.11135631,0.15598777
1.4543425,0.6383416,1.4661777,0.6841855,0.004697559,0.15403032
1.6179622,0.8542035,1.6444185,0.74697864,0.0057145446,0.12241418
1.356388,0.47669062,1.2674212,0.7211413,0.13932219,0.15479378
1.8215929,0.904569,1.4179864,0.8384065,0.56801283,0.115064844
1.2003924,0.8176621,1.1898806,0.72112715,0.06891901,0.14398964
1.6833146,0.85914904,1.6992095,0.76835316,0.0060429964,0.113010004
1.729787,0.7655062,1.7579803,0.79341984,0.006175936,0.101830475
2.0771024,0.99053305,2.1201828,0.95401925,0.01530216,0.030464968
1.4373603,0.62485427,1.4484816,0.68144846,0.0057183555,0.15574716
1.2549725,0.902789,1.3821943,0.82300913,0.52264756,0.13378367
1.2907233,0.5315539,1.2994809,0.67275393,0.0069551202,0.15647604
1.6731588,0.7090853,1.6844666,0.7694183,0.006861109,0.11590419
1.0762407,0.99419194,1.0723648,0.8034485,0.05870586,0.11058023
1.2323805,0.54109323,1.1733419,0.75858045,0.15944067,0.1403773
1.7847449,0.7997884,1.598459,0.7933894,0.35023054,0.13718204
1.4674661,0.4976285,1.4812424,0.68231106,0.0058783456,0.15501383
1.3528904,0.94389564,1.365977,0.66068757,0.0049774535,0.16515116
1.6583191,0.6578974,1.6830554,0.7653871,0.006143399,0.11823031
1.2000195,0.58215964,1.2136223,0.71282035,0.06354757,0.14933856
1.6598636,0.7466513,1.6893427,0.7653769,0.007000563,0.11416407
1.036653,0.9016642,1.0386697,0.8376154,0.09142361,0.10366102
1.3989724,0.5668082,1.4262013,0.67662597,0.0072956407,0.15939209
1.2638817,0.5285481,1.2774568,0.66997254,0.007613218,0.16008428
1.0796039,0.95730406,1.0847304,0.8015732,0.16074689,0.12411904
1.5686868,0.53081477,1.5943618,0.7341581,0.050817322,0.13562392
1.5037631,0.63438034,1.5053632,0.69548035,0.008181197,0.14784141
1.427855,0.6262956,1.451772,0.67195237,0.0060550584,0.15865141
1.9357983,0.881629,1.9786656,0.8893629,0.015816338,0.059605855
1.6372305,0.7103124,1.6601453,0.7569412,0.006006515,0.11854839
2.1072276,0.9442733,2.147371,0.97642535,0.07536689,0.037218332
1.5429838,0.6536141,1.5506105,0.70828307,0.016595252,0.14588882
1.500487,0.8785941,1.5166171,0.6956631,0.0070538465,0.14731964
1.2460129,0.6939295,1.3058116,0.7570981,0.32415032,0.14681578
1.3824937,0.5412844,1.416671,0.66307104,0.02739986,0.17193983
2.0148094,0.98299813,2.0784013,0.940616,0.013480494,0.040357266
1.4049174,0.8874734,1.4077795,0.6709404,0.039428875,0.17708725
1.4341092,0.75052834,1.4638922,0.68067586,0.007901551,0.1551667
1.727181,0.837974,1.7346714,0.78438586,0.01725407,0.112656474
1.1638846,0.7506763,1.1500889,0.7552682,0.02289662,0.12322123
1.1518918,0.76895815,1.0392365,0.83479786,0.11695433,0.10957187
1.3026453,0.9679613,1.3115959,0.67024463,0.0050752293,0.16058189
1.3944662,0.4995961,1.3723729,0.6810012,0.07528142,0.17547399
1.1145902,0.8838453,1.0932295,0.7881946,0.05588603,0.11665718
1.9308645,0.9832301,1.9707582,0.8912758,0.010792843,0.058549292
1.3366991,0.56045663,1.3553026,0.6681974,0.009628888,0.16859218
1.4960183,0.62301,1.7706966,0.83119124,0.29522067,0.101169296
1.5012156,0.68080676,1.5223336,0.7038418,0.0069707846,0.1465345
1.4756136,0.7587026,1.4901762,0.6887245,0.010662513,0.15361652
1.3685423,0.42625523,1.3964283,0.6658093,0.0062966626,0.16165859
1.6539986,0.70288706,1.6811237,0.76611674,0.01985915,0.11762105
1.8024529,0.9530437,1.6827998,0.8119947,0.3247692,0.116645664
1.6444948,0.86885726,1.6692977,0.7596378,0.008799624,0.116639614
1.6399803,0.86040545,1.6574118,0.7552432,0.0067671738,0.120337844
1.3077495,0.75364304,1.3094497,0.66987693,0.01586952,0.16643779
1.3743238,0.42198265,1.3868833,0.68081397,0.042238254,0.18641631
1.4194701,0.5531874,1.4279847,0.6700357,0.022460915,0.16810146
1.2486262,0.49809536,1.2587752,0.67786896,0.021982394,0.15950084
1.5968715,0.8315813,1.6244986,0.74273586,0.0086621335,0.12752984
1.097116,0.6519328,1.0807233,0.7968777,0.037666563,0.10996389
1.4906579,0.565173,1.5027049,0.69407487,0.0071723224,0.14708371
1.4892,0.57725966,1.5085483,0.7046811,0.0065108007,0.14461362
1.683996,0.6228552,1.7034166,0.7700535,0.006763896,0.11196245
1.6420295,0.6355202,1.4168262,0.7145498,0.19343814,0.15926997
0.9593261,0.8489079,1.0817504,0.8174416,0.19721289,0.12368144
1.4144704,0.5348844,1.4361603,0.66705334,0.005786641,0.16210823
1.5949615,0.9625357,1.6220229,0.73610914,0.010975615,0.13138182
1.2508665,0.49003157,1.2795701,0.6812893,0.043165866,0.16055286
1.2917866,0.486679,1.2878556,0.6721761,0.013292833,0.16202247
1.4709548,0.79507786,1.4666607,0.7163656,0.1348647,0.15947345
1.341971,0.5015343,1.4488909,0.7665037,0.32467303,0.14173825
1.3468868,0.9128921,1.4735432,0.6879012,0.037210993,0.1599995
1.2795132,0.76589894,1.3008914,0.6632204,0.0072948267,0.1631876
1.5391802,0.7297506,1.552335,0.7740373,0.2937533,0.15545672
1.3602597,0.40831622,1.5723333,0.7360041,0.10596567,0.14509363
1.2972721,0.905966,1.4470522,0.74458826,0.23118187,0.1516214
1.8300747,0.8444442,1.8614268,0.8397634,0.0104173925,0.08113179
1.3989935,0.5615778,1.3931313,0.65878224,0.0100588035,0.16814072
1.5053489,0.97100157,1.4801073,0.7634966,0.29972252,0.15902102
1.6005274,0.66433865,1.6135426,0.738091,0.005851649,0.12664935
1.7605363,0.9459705,1.7839775,0.81891364,0.053300843,0.096926905
1.130074,0.8897026,1.1266503,0.74509,0.011421755,0.124557115
1.5869129,0.79209,1.6122274,0.7338046,0.0057523185,0.13066508
1.3832353,0.5487259,1.4051566,0.6675427,0.00655783,0.16554695
1.2800205,0.61321765,1.2866971,0.6635841,0.017798413,0.16614553
1.0208557,0.9934392,1.2914796,0.7300385,0.26392725,0.15889807
1.4238732,0.7809719,1.4200962,0.6731764,0.030988593,0.16704412
1.5677757,0.65103453,1.6022701,0.7309772,0.009077713,0.13328956
1.5707985,0.54624933,1.5776303,0.7348114,0.07386186,0.14548334
1.243541,0.85209304,1.2494464,0.70291495,0.012747378,0.14361717
1.4764869,0.7985512,1.495424,0.6820369,0.0053411587,0.15342103
1.9142638,0.8801569,1.7419419,0.84632856,0.5863917,0.11464035
1.6030698,0.6233828,1.6298618,0.7448771,0.005934048,0.12428942
1.1914,0.6334858,1.1919477,0.7151729,0.01517935,0.13834193
1.1228058,0.6346301,1.0384514,0.8061754,0.0978503,0.11174675
1.1648768,0.62385964,1.244241,0.7562165,0.1458047,0.13737331
1.4014963,0.91099036,1.3316879,0.71657807,0.14205943,0.16420256
1.2189521,0.573592,1.1800086,0.7243993,0.060011793,0.14393578
1.633169,0.87213665,1.6332166,0.771674,0.10505264,0.124258906
1.3053249,0.46980125,1.3220828,0.66000247,0.008879207,0.16594587
1.2827082,0.68107814,1.2924697,0.6656137,0.0063232384,0.16199578
1.7931409,0.73124003,1.7156072,0.8477787,0.34734595,0.10459147
1.5313002,0.55675066,1.5501001,0.70575917,0.0065909713,0.14017965
1.1858095,0.5450177,1.1780691,0.72475857,0.012975747,0.13277574
1.1943624,0.958293,1.1926796,0.722261,0.0056575383,0.13408369
1.3030661,0.71780545,1.8084877,0.88009197,0.6007223,0.095278785
1.5847641,0.9428077,1.5987909,0.7328442,0.0057490505,0.12948897
1.3394505,0.72392464,1.4358916,0.78945494,0.46161208,0.14050134
1.2872747,0.83084244,1.2990379,0.67625177,0.0044424813,0.15767884
1.2869674,0.8270415,1.3205724,0.79971766,0.49728656,0.14931284
2.0645115,0.9792218,2.1285877,0.9687878,0.018989654,0.029225947
2.0042083,0.9024736,2.0424597,0.9200288,0.01159012,0.04561929
1.3421558,0.5647057,1.3529358,0.6570147,0.005762042,0.16763186
1.2428342,0.9654642,1.2423146,0.6920159,0.006970263,0.14934798
1.5371728,0.65033597,1.2683313,0.74631286,0.2630644,0.14727978
1.3105984,0.47499326,1.3070908,0.660265,0.013629002,0.16825332
1.0359361,0.7052906,1.0506542,0.82333,0.16342957,0.11637448
1.3441087,0.6367816,1.2436988,0.7429241,0.14104952,0.14808138
1.7439452,0.95553184,1.7739291,0.80710554,0.022343244,0.0967447
0.98185694,0.8026455,1.0114663,0.8859011,0.2665762,0.1032117
1.3058493,0.7845966,1.3146894,0.6690536,0.02511233,0.16658181
1.5603838,0.5878246,1.5920327,0.7224738,0.011140166,0.13777721
1.1209219,0.8305589,1.1028928,0.7605023,0.03936383,0.119742334
1.4083755,0.6081393,1.3360522,0.71309865,0.10796206,0.1523061
1.7147948,0.84941924,1.7511587,0.7904718,0.0061999275,0.10349969
1.2596366,0.49196267,1.2623856,0.6857954,0.005667396,0.15119486
1.8487037,0.9037652,1.8896701,0.8513259,0.011736487,0.077704996
1.0337905,0.9145548,1.1228595,0.81198364,0.266816,0.12690413
1.3912612,0.89300656,1.4173274,0.6683148,0.005907862,0.16249003
1.9566422,0.85152346,2.0151634,0.9091701,0.011174511,0.052380975
1.4058679,0.9660301,1.4207089,0.6642655,0.010048443,0.16566981
1.425442,0.5414974,1.4032006,0.70776844,0.11456607,0.16002606
1.7647609,0.89153916,1.7927868,0.80807215,0.0069968924,0.095107704
1.5403703,0.79570365,1.5463362,0.72294265,0.05264638,0.14538799
1.6050417,0.6198789,1.6330252,0.7621618,0.044902924,0.12767594
1.2992443,0.6108691,1.3020608,0.6734393,0.0045938157,0.1600292
1.510364,0.4954459,1.5432096,0.704669,0.0068328385,0.1440139
1.4483463,0.4645921,1.4640894,0.68062186,0.0060991184,0.15587802
1.5730454,0.6354318,1.60484,0.7358387,0.0052137123,0.128728
1.4357064,0.5802549,1.4585848,0.67346907,0.0078056115,0.16103502
1.3073848,0.7041827,1.3128021,0.67017776,0.026767159,0.16600372
1.5529994,0.7093713,1.5819314,0.7268614,0.006028261,0.13080671
1.3253741,0.47104996,1.4101017,0.75810474,0.24624,0.14144328
1.6689854,0.7634259,1.7001648,0.77854586,0.022747327,0.112733886
1.3486426,0.48909417,1.2342112,0.73331314,0.18985547,0.15225804
0.9796391,0.94426715,1.0318685,0.8577792,0.2073021,0.11088177
1.3254328,0.5803461,1.3669872,0.6764022,0.07244248,0.175871
1.5923849,0.54913163,1.6238337,0.7376646,0.009268885,0.12716399
1.1199286,0.87495947,1.1265142,0.7774694,0.08007763,0.12330701
1.6415972,0.93725485,1.6559238,0.7548007,0.006077783,0.11911117
1.9416188,0.8004476,1.9996562,0.90294725,0.020582728,0.05065978
1.6352513,0.64468676,1.6595356,0.7525635,0.0056998064,0.11999145
1.1592044,0.6831006,1.6579885,0.88487965,0.7333501,0.121779606
1.6362631,0.7094314,1.6533239,0.7491082,0.0066087707,0.12373035
1.43931,0.93816996,1.4583533,0.6783613,0.005030056,0.15673171
1.5982922,0.8269046,1.6150966,0.73927975,0.012025748,0.12863189
1.2318658,0.8267343,1.2297642,0.684652,0.010783743,0.15140083
1.0008148,0.96822035,1.2449257,0.8190884,0.36564165,0.13336162
1.4612674,0.81129104,1.4169173,0.80917335,0.39352584,0.12959881
1.0593286,0.6861851,1.0307052,0.82942945,0.048748653,0.100229055
1.62528,0.68891275,1.647465,0.7500324,0.007314499,0.12111174
1.0097675,0.79624534,1.2166882,0.7326688,0.08859383,0.14423919
1.4085348,0.48597792,1.2329104,0.7419134,0.13803029,0.14482163
1.0174832,0.9987385,1.1576711,0.9250843,0.40420914,0.083502114
1.2538831,0.5152035,1.2584352,0.6915432,0.005821176,0.14936389
1.3337047,0.42422283,1.3254535,0.7131275,0.18601438,0.16394396
1.0861623,0.7531036,1.2102723,0.8006907,0.21865565,0.12952955
1.5279398,0.72096986,1.5499306,0.7189306,0.006779634,0.13727304
1.0545557,0.6803592,1.0576212,0.8891954,0.21436939,0.09525865
1.2785513,0.67042655,1.2644551,0.71296334,0.09171079,0.15846647
1.4557823,0.51838225,1.4725122,0.6820256,0.00980148,0.15819292
1.7879449,0.85798717,1.7856178,0.81936395,0.0307624,0.0942089
1.5411315,0.61924773,1.5617528,0.7229843,0.005794101,0.13597149
1.4910802,0.7723492,1.5161088,0.70612025,0.01805498,0.1492266
1.7353408,0.8595111,1.7528353,0.7955807,0.0069342614,0.102957994
1.311048,0.45554352,1.3095305,0.65699244,0.01515774,0.16964185
1.1757083,0.60807663,1.1645564,0.7260437,0.02739734,0.13595611
1.4564742,0.5607018,1.4346428,0.6862329,0.05509618,0.165584
1.6951597,0.7265601,1.7195482,0.7787651,0.0059947125,0.1090272
1.4771105,0.9989551,1.4611816,0.72210294,0.07479183,0.16213377
1.0458124,0.82825613,1.4497318,0.8367572,0.39580712,0.12125205
1.1412661,0.7203086,1.1392957,0.7809658,0.11651602,0.1297598
1.527107,0.5762152,1.5281227,0.73574567,0.09566677,0.14624093
1.5514526,0.7412871,1.3326719,0.7365887,0.288487,0.15561949
1.0216177,0.8678099,1.3664262,0.72327185,0.15721203,0.1601031
1.516094,0.77188945,1.5547118,0.78170294,0.48951322,0.15222716
1.2120272,0.69621426,1.2214499,0.72347015,0.05353918,0.1445272
1.7803423,0.82230777,1.7978044,0.80922955,0.015428303,0.095131546
0.9840133,0.9142199,0.97319084,0.8597302,0.16032284,0.10184489
1.6912506,0.6917202,1.6952662,0.7778857,0.07248432,0.12437043
1.4867964,0.5271274,1.2301745,0.75013447,0.21820666,0.1466108
1.2121046,0.94563955,1.2024128,0.71588796,0.025815358,0.14005958
1.6997058,0.7872102,1.7266712,0.7830851,0.006765028,0.10697412
1.5674305,0.57270896,1.594425,0.7243388,0.013854839,0.13637948
1.178324,0.58439255,1.147774,0.73530257,0.026959082,0.13276725
1.848702,0.836455,1.8883839,0.85292035,0.011470108,0.076999344
1.8453219,0.8417111,1.8750534,0.8457684,0.008236649,0.080232024
1.4115341,0.6416353,1.4314559,0.6663846,0.005003002,0.16147712
1.0019182,0.99232376,1.4711068,0.76916856,0.38274586,0.15563329
2.0853734,0.96704334,1.5464802,0.79399836,0.51277703,0.15049239
1.3033348,0.9607319,1.3020642,0.6585976,0.007197908,0.16739127
1.5892223,0.6312868,1.6066444,0.7450237,0.019517506,0.12814274
1.2819806,0.6191753,1.3046327,0.6968105,0.07820338,0.1610941
1.273318,0.49912405,1.3078163,0.72182363,0.16523863,0.15794615
1.4116681,0.5848192,1.4228776,0.6694314,0.0063482565,0.16078313
1.2777807,0.5044168,1.2893772,0.6748324,0.0065240953,0.15696235
1.3189847,0.5843173,1.3332937,0.66156095,0.0059115984,0.16586742
1.0467167,0.9306935,1.0494084,0.81519467,0.14186724,0.11514745
1.1242223,0.67867064,1.1317139,0.7711767,0.11337675,0.13004607
1.1460416,0.85342556,1.259299,0.73592377,0.18303348,0.15413098
1.1214277,0.7684995,1.059408,0.80712813,0.21839982,0.12718675
1.1831818,0.91795737,1.237117,0.73039895,0.094458565,0.1465299
1.2582018,0.60690546,1.2715657,0.6779645,0.0062358705,0.15504688
2.0295672,0.8938727,2.0772421,0.9371654,0.019104322,0.03837223
1.3897841,0.53393626,1.4201641,0.68992925,0.06849618,0.1613605
1.227415,0.5694857,1.2325287,0.69360524,0.0046799947,0.1483364
1.2931715,0.71695894,1.2196507,0.81110996,0.4358304,0.13931935
1.5055997,0.6317974,1.4745836,0.7365559,0.2794851,0.15799548
1.7923241,0.8457844,1.8187563,0.82183594,0.006858986,0.0903833
1.8076887,0.69633764,1.855092,0.8383294,0.011489781,0.08469701
1.5153372,0.551474,1.5724068,0.73633766,0.062102657,0.1446301
1.9547912,0.89663184,1.9856329,0.89757854,0.009142087,0.057414647
1.631806,0.96409404,1.6649253,0.7548101,0.0065448345,0.11912592
1.3859769,0.95236176,1.3906896,0.66403776,0.015956862,0.16779797
1.6718427,0.62701845,1.702105,0.7749276,0.024786416,0.11657867
1.6400098,0.7341571,1.4755855,0.81535727,0.44102207,0.1318142
1.6356839,0.7114149,1.6534207,0.75627434,0.034740705,0.12682047
2.009518,0.9543626,2.086133,0.93993217,0.09008811,0.04711832
1.7884156,0.884754,1.830802,0.8241791,0.0070113936,0.08901401
1.9093833,0.854884,1.9488921,0.8785894,0.009255723,0.065460175
1.0517415,0.88698894,1.2541144,0.75647545,0.28548554,0.15008654
1.3500409,0.429972,1.3605392,0.660753,0.023990458,0.17422432
2.040944,0.9996427,1.8126581,0.94538784,0.48583996,0.06476733
1.3560451,0.47055125,1.3719325,0.6571373,0.004870457,0.1677857
1.5267576,0.9140971,1.4679823,0.70925975,0.09474091,0.15240179
1.213024,0.8479008,1.1747603,0.74472296,0.04629,0.13283403
1.1330035,0.8895239,1.1320398,0.74012685,0.014389871,0.12559052
1.7477142,0.84897965,1.7649972,0.80476105,0.00891664,0.09941386
1.2876163,0.75372267,1.3115742,0.6764543,0.037198193,0.16992691
1.7972645,0.95887536,1.8195369,0.83484954,0.06757042,0.0936456
1.5066048,0.57555455,1.5336764,0.7042892,0.016743613,0.15058324
1.7951978,0.9901146,1.8296189,0.82783717,0.04790667,0.09453229
1.7133638,0.77488524,1.741514,0.786882,0.006576151,0.10446615
1.5690686,0.616448,1.5866194,0.7298041,0.005655386,0.13274091
1.6563712,0.78885984,1.6806021,0.76644325,0.009083554,0.11499118
1.7256521,0.8544979,1.7482386,0.79271823,0.0077399225,0.10380441
1.2935598,0.88491935,1.2823904,0.6772411,0.014041029,0.16310807
1.5241075,0.7250307,1.5562367,0.7123179,0.0055497964,0.1381694
1.3366873,0.6233794,1.1923978,0.7266513,0.06957308,0.14401336
1.305671,0.83409244,1.3152633,0.663257,0.0046478594,0.16323525
1.0489135,0.83329165,1.0476565,0.8390914,0.11269935,0.10857891
1.3646864,0.8724251,1.3651338,0.6748186,0.07632926,0.17551585
1.8568624,0.79530734,1.8900292,0.8591403,0.009046128,0.07376519
1.6356703,0.5878028,1.6743972,0.7597972,0.006205686,0.11727919
1.6367607,0.66696686,1.6560075,0.7657698,0.099681556,0.12719902
1.143274,0.59889436,1.2357547,0.7876266,0.24962832,0.13407989
1.7192541,0.9870696,1.7565379,0.7941171,0.005811649,0.10210412
1.5259632,0.6480947,1.5629342,0.71520585,0.010713868,0.13690147
1.3825659,0.51105654,1.3923881,0.6562644,0.0076102456,0.167698
1.5214264,0.5036564,1.5479753,0.7168249,0.0052913073,0.13661791
1.9131496,0.91914254,1.9730911,0.89171284,0.01703035,0.055774987
1.6821475,0.769016,1.7156916,0.7739446,0.0062100315,0.1100802
1.2460362,0.48476815,1.2611866,0.6823933,0.032072265,0.15704836
1.2877359,0.68983686,1.1960309,0.76474625,0.23356628,0.14376171
1.6504111,0.95959675,1.6737697,0.7587458,0.006850501,0.11863597
1.235286,0.7414496,1.2251766,0.6949305,0.030705918,0.15236388
1.4847499,0.54573196,1.5390582,0.73664796,0.17962484,0.14965911
2.0935152,0.96123505,2.151855,0.975465,0.025887799,0.028563086
1.1527365,0.727814,1.1269095,0.75956595,0.023851149,0.12114268
1.6124173,0.5824138,1.6485538,0.75096714,0.005732497,0.12155685
1.5053855,0.6206998,1.5164323,0.704245,0.007716442,0.14474913
1.4598418,0.7416809,1.4847875,0.6904985,0.0056269,0.15214442
1.2388719,0.5921198,1.2677729,0.7289279,0.13249569,0.14887735
1.6082208,0.60128164,1.6187136,0.7341196,0.0059284563,0.13033935
1.3698213,0.87547684,1.3783855,0.6636467,0.031513944,0.17242742
1.6077468,0.5591732,1.6401467,0.74458116,0.00558862,0.12499727
1.5133104,0.8328504,1.492621,0.76956546,0.26746517,0.13832965
1.3772833,0.9482728,1.4004402,0.6732165,0.025247253,0.17019242
1.3790408,0.6001515,1.3728895,0.6662594,0.039767127,0.17193238
1.2795448,0.591299,1.272368,0.72627497,0.118102096,0.15233535
1.2030873,0.82580775,1.2193267,0.74307585,0.081825696,0.1401112
1.3661265,0.49440598,1.3688433,0.66992605,0.0230405,0.17260139
1.9380474,0.99193496,1.9870284,0.89422244,0.01361992,0.058585495
1.3854939,0.7323007,1.3218055,0.6914499,0.0818539,0.16612445
1.1760103,0.66896564,1.1658525,0.75342584,0.15336195,0.14163195
1.3210466,0.46010506,1.343617,0.6577843,0.0066156946,0.16808829
1.8040491,0.8460223,1.8285303,0.8315102,0.01627491,0.08692644
1.4101365,0.97549105,1.4233317,0.67247427,0.0060136137,0.16228397
1.4976401,0.6690118,1.5134377,0.69901246,0.0059270035,0.14664242
1.2158958,0.8615913,1.1492951,0.7692425,0.14584678,0.13540556
1.6514907,0.7136074,1.6946409,0.76973456,0.012087166,0.11170922
1.7067922,0.7104795,1.7419829,0.7864629,0.0063989484,0.10586151
1.3652011,0.5766764,1.3789053,0.65802705,0.007888206,0.16801636
1.4706324,0.9373024,1.4951968,0.6896562,0.01209451,0.15400288
1.7724408,0.7364877,1.3569751,0.8491341,0.36311728,0.11029732
1.5235261,0.8159848,1.4430056,0.74202245,0.16582799,0.1437169
1.4970701,0.74349606,1.5202045,0.69937104,0.007863416,0.14812008
1.8304611,0.7875026,1.7543063,0.83256024,0.311367,0.114543766
1.3145121,0.6088656,1.326081,0.6514201,0.0075667887,0.16892326
1.3757067,0.70789844,1.3705249,0.6681676,0.03364834,0.17651083
1.3619558,0.6258279,1.2918832,0.77123725,0.245113,0.14151956
1.9450936,0.9274164,2.0026226,0.90973926,0.05738747,0.05968583
1.4531244,0.5707211,1.4672601,0.68035126,0.0061573647,0.15445384
1.1478792,0.85910815,1.1066144,0.78045166,0.077426314,0.11979975
1.3613088,0.7815667,1.3715973,0.6630071,0.0052284156,0.16469586
1.4227045,0.5710053,1.4454508,0.6759386,0.020210456,0.16992284
1.8776518,0.8693909,1.912399,0.865707,0.007974648,0.07080968
1.3753097,0.53778434,1.3879924,0.6535008,0.006460181,0.16856371
1.3523189,0.79254574,1.3620095,0.66116524,0.005813437,0.16632584
1.6631067,0.9044662,1.6315536,0.76099056,0.11015899,0.12619723
1.8350922,0.71615195,1.8730178,0.84886366,0.00955749,0.07573085
1.2036248,0.5740617,1.1938136,0.73201984,0.080026776,0.13943547
1.525158,0.61454666,1.5452566,0.7028163,0.018037196,0.1481548
1.4971278,0.7185637,1.5131459,0.6996412,0.016902486,0.15348211
1.4708303,0.611002,1.4887881,0.6854147,0.0062675285,0.15258414
1.2641982,0.98434794,1.2839825,0.6745012,0.009304037,0.15904622
1.3843588,0.45335945,1.4050772,0.6630212,0.0049300585,0.16324067
1.5575927,0.63516074,1.5871818,0.7250742,0.012706326,0.13510756
1.2097774,0.6300336,1.1813071,0.7456513,0.103350736,0.13930361
1.1059542,0.70556563,1.1248907,0.77536464,0.11390405,0.12782067
1.6681265,0.71795857,1.6947415,0.7705481,0.04426839,0.122477636
1.5521619,0.55997616,1.4995718,0.7291163,0.21840958,0.15344204
2.0692866,0.99870414,2.1116912,0.95556843,0.015921844,0.03531469
1.6678797,0.99548155,1.6899445,0.7683529,0.00802211,0.112423584
1.5139517,0.81382173,1.4864635,0.7221337,0.10511057,0.15101108
1.4594059,0.5276383,1.3339918,0.7354382,0.2394936,0.15749374
1.8809043,0.7919344,1.9234848,0.8736153,0.010825049,0.07076645
1.256377,0.73513305,1.252069,0.67892486,0.006192827,0.1546868
1.2250038,0.6354468,1.1682246,0.75321925,0.078707844,0.13483304
1.4352376,0.7058324,1.4427361,0.67949617,0.00758972,0.15985514
1.128119,0.63144606,1.1058599,0.81692463,0.095716074,0.11146277
1.1887993,0.70879275,1.2001741,0.774195,0.15503684,0.13393857
1.626085,0.67030776,1.6614728,0.7524195,0.008739723,0.12086216
1.7946558,0.7439567,1.8167269,0.82602936,0.02248,0.08987463
1.221092,0.5474692,1.5625904,0.7881185,0.42792514,0.14530647
1.1324264,0.63673174,1.7342877,0.8651433,0.55166,0.12493953
1.3155192,0.6027526,1.3013918,0.75123644,0.25017294,0.16180298
1.3525523,0.6465273,1.3620727,0.6620747,0.030952996,0.18153541
0.99515414,0.811563,1.3685572,0.7562742,0.30256313,0.15133363
1.4671686,0.70576584,1.4853866,0.6949129,0.0060806326,0.15006267
1.5096183,0.5680892,1.5380876,0.7087695,0.005313397,0.14063269
1.2232608,0.62365204,1.2064025,0.7034873,0.017053531,0.14355758
1.7601545,0.71926194,1.8315883,0.8261774,0.037050165,0.09431518
1.5916108,0.6537938,1.6183553,0.73602545,0.0059134536,0.1269032
1.450511,0.5128495,1.4739566,0.6910987,0.017187059,0.15423284
1.2406774,0.857324,1.1068819,0.76552504,0.08048916,0.13099685
1.1658363,0.63892037,1.3251636,0.779204,0.28373563,0.13621038
1.3078655,0.83398193,1.2852628,0.7212961,0.15245186,0.15878849
0.953362,0.94340205,1.3624642,0.73246205,0.25434464,0.15421191
1.7034765,0.81541103,1.5924394,0.80553836,0.34101135,0.12703885
1.9734914,0.926466,2.0396726,0.9211723,0.028290087,0.045873825
1.374258,0.42151588,1.3855758,0.65698516,0.0056507145,0.16757841
1.3961781,0.43120006,1.4188488,0.6654152,0.011438258,0.16665652
1.0498345,0.8847935,1.4238982,0.7220762,0.11113342,0.14913595
1.7368102,0.7424681,1.7706568,0.8000613,0.0063262573,0.10007643
1.9210095,0.9023835,1.961849,0.8882511,0.021634815,0.05942988
1.3843136,0.6220004,1.3893905,0.67324287,0.05409068,0.17272964
1.7037005,0.69681084,1.5240967,0.7934367,0.41243124,0.13874678
1.3169506,0.7690934,1.3280602,0.65668386,0.006432336,0.16638698
1.444964,0.46797043,1.4659734,0.68444175,0.0048721014,0.15244132
1.3419045,0.92757225,1.3540518,0.6666316,0.008188901,0.16555925
1.4274788,0.51706505,1.356667,0.7258054,0.15804303,0.17053354
1.2990751,0.579258,1.306176,0.66413397,0.028664365,0.17697236
1.4688281,0.7849768,1.4933426,0.68998903,0.0050676554,0.15249254
1.3742994,0.579819,1.3811572,0.65945995,0.005373525,0.16689289
1.7206624,0.69734865,1.7480831,0.7872846,0.006100378,0.105316654
1.8531276,0.73184115,1.8929522,0.8542248,0.00827535,0.076200254
1.6409293,0.60558736,1.6726115,0.7561247,0.00606187,0.11673392
1.627482,0.9972856,1.6446846,0.75383395,0.0428188,0.12815851
2.0399337,0.9259537,2.0806162,0.9456791,0.055583026,0.044114705
1.5673164,0.75900775,1.581007,0.73045194,0.00868187,0.1315125
1.2939578,0.60660523,1.3154409,0.668339,0.022458866,0.16463058
1.0561645,0.82979476,1.0281637,0.83596545,0.15799324,0.1124803
1.709454,0.9866205,1.7270896,0.7922048,0.010401757,0.103175715
1.410908,0.47282827,1.4176023,0.6677618,0.008197512,0.16496748
1.8505127,0.9593799,1.883666,0.85000414,0.008172958,0.0775023
1.406686,0.6612199,1.412349,0.66555226,0.0069167633,0.16395268
1.2476197,0.9066386,1.25227,0.6888287,0.006886221,0.14926745
1.1926099,0.5756524,1.1795442,0.72119904,0.02150364,0.13515034
1.2160543,0.9617416,1.218101,0.7187047,0.020882593,0.13856912
1.8617913,0.9677744,1.8961363,0.8544599,0.008555646,0.07645021
1.6502131,0.70965564,1.6882255,0.7700461,0.021478958,0.116786204
1.7304147,0.71671134,1.7645862,0.79584974,0.0070044934,0.10039325
1.3028345,0.8876744,1.3634925,0.6749582,0.09821075,0.17499182
1.3216355,0.6215522,1.3399029,0.6630251,0.01181057,0.16905387
1.3647805,0.43685994,1.3041244,0.70541275,0.10771653,0.15949285
1.8322798,0.8738948,1.8700635,0.848797,0.008718051,0.078243524
1.5482074,0.7263537,1.569107,0.72040755,0.009254302,0.13785094
1.6917231,0.96445715,1.7097552,0.77403384,0.007728295,0.10831267
1.3664435,0.4284011,1.3785954,0.66366833,0.008648461,0.16406125
1.4207097,0.74422896,1.0910792,0.79351014,0.16272762,0.12738468
1.9912189,0.8665054,2.029892,0.9204805,0.012323982,0.047192402
1.9509248,0.9131985,1.9881814,0.8961125,0.053184766,0.06404448
1.0900224,0.8612272,1.099059,0.7914268,0.09384305,0.12019417
1.1028088,0.70524514,1.3617024,0.74486786,0.3916789,0.15454003
1.6905435,0.8672401,1.5969939,0.8014426,0.25464237,0.12991893
1.5046118,0.83906317,1.51935,0.717688,0.0434305,0.14963174
1.4232252,0.7038791,1.4366636,0.6786448,0.0071395934,0.15972811
1.3210998,0.8456651,1.3217628,0.66093075,0.0054565957,0.1640835
1.1841135,0.99618286,1.1660593,0.7467704,0.053590648,0.13240594
1.3757292,0.51749223,1.3859482,0.66096187,0.01722609,0.17127508
1.5132027,0.52027196,1.5349462,0.711669,0.013875106,0.14193442
1.6728479,0.8412979,1.6858375,0.760743,0.021283083,0.1226518
1.2780286,0.5666256,1.2855289,0.65783,0.01061438,0.16558754
1.4178715,0.5087424,1.4183311,0.68193454,0.021672793,0.1665049
1.3555534,0.93765736,1.3785293,0.659886,0.0061998917,0.1666716
1.2074509,0.9431577,1.1944206,0.71870637,0.020094963,0.14038493
1.6442064,0.6381612,1.6530583,0.7534349,0.0069327974,0.12112954
1.4104184,0.5037763,1.460177,0.66775435,0.01478211,0.16530396
1.9748316,0.9745346,2.010217,0.909307,0.010376671,0.052189264
1.611386,0.6015482,1.6365035,0.748135,0.0051720343,0.12354582
1.3099742,0.5035165,1.3354974,0.6555321,0.0054050735,0.16684197
1.134855,0.7659358,1.1347989,0.74355114,0.023706501,0.12722223
2.1026397,0.9622119,2.138352,0.9802558,0.11931067,0.039506823
1.2857997,0.75166696,1.2983305,0.6604786,0.009283099,0.16543694
1.871837,0.9537611,1.923722,0.87182343,0.017123092,0.06570451
1.4687419,0.539974,1.2588918,0.76823527,0.28576532,0.14407258
1.3949091,0.7678972,1.4256761,0.66320074,0.009192407,0.16470997
1.1811755,0.81149757,1.1297381,0.76528955,0.06433985,0.12547697
1.4997641,0.7421164,1.5059588,0.6979827,0.0376172,0.15691419
1.2883993,0.48788503,1.2978175,0.666588,0.0068855155,0.16237468
1.9264816,0.9727353,1.9819512,0.88980913,0.014838919,0.05724042
1.2962183,0.4479015,1.3141932,0.6591813,0.0055606775,0.16695565
1.7116686,0.6673067,1.7459371,0.79467237,0.008794347,0.102359325
1.2219874,0.79347605,1.1438313,0.7486195,0.031521015,0.12711282
1.8091376,0.86378443,1.8275883,0.82961243,0.016080625,0.08857938
1.2203158,0.64414173,1.2667375,0.70031947,0.05265533,0.15678729
1.7943165,0.7120783,1.8239613,0.8242009,0.007886675,0.09043078
1.6600472,0.9090762,1.6838632,0.7730651,0.03703989,0.11855015
1.3895434,0.4732987,1.3825016,0.72152483,0.23185743,0.16051055
1.8067226,0.72125643,1.8220897,0.81993943,0.008077955,0.08977355
1.3427223,0.78360254,1.3670568,0.6559191,0.008374251,0.16680838
1.07373,0.91814315,1.0348928,0.8181181,0.15728009,0.116334006
1.3158973,0.50147396,1.3322105,0.65187883,0.0064328876,0.17244495
1.2952216,0.6051945,1.2950544,0.6946972,0.044891506,0.15793623
1.7160519,0.9615451,1.7325118,0.7835039,0.008106702,0.105799034
1.6859438,0.91256845,1.6584623,0.8034346,0.17640468,0.12646917
1.3588707,0.5129308,1.3485267,0.6558285,0.024853151,0.17154875
1.6703906,0.9689404,1.7073307,0.7755567,0.0066945604,0.11016363
1.453437,0.8092561,1.5897825,0.7509787,0.18100086,0.14091027
1.2592413,0.4734501,1.2961338,0.6738449,0.032843575,0.16180776
1.1833853,0.679093,1.1707706,0.743873,0.108721375,0.13967139
1.4879898,0.65435076,1.5119357,0.6975295,0.0049980446,0.14751203
1.0877031,0.6964517,1.0284343,0.8113069,0.049258832,0.10494649
1.2853601,0.65875846,1.3130426,0.6748663,0.027308486,0.16365942
1.6582327,0.8015629,1.6888885,0.7654632,0.0073219105,0.11435095
1.2155851,0.739722,1.2255738,0.72933334,0.07384335,0.14208639
1.5114908,0.55458766,1.7377653,0.79882437,0.09565728,0.10813229
1.5116992,0.7580508,1.5272,0.707499,0.0063883266,0.1422864
1.3337135,0.44571045,1.3441207,0.65707767,0.007349936,0.16912907
1.7344832,0.6518356,1.4953547,0.80185837,0.3127682,0.1432987
1.2528067,0.83993435,1.2552843,0.68089265,0.011383394,0.15463613
1.3505273,0.4663832,1.3678219,0.66322744,0.006711683,0.16682434
1.8121523,0.72681904,1.4794247,0.7893765,0.39290538,0.15085605
1.2903389,0.7117857,1.2978697,0.65899265,0.0062493845,0.16804154
1.4042917,0.62844694,1.8732266,0.8717237,0.46895006,0.108678244
1.8718772,0.99389255,1.9389815,0.8780897,0.02269845,0.06311813
1.5425601,0.8731688,1.5573001,0.7182386,0.0057673277,0.1375827
1.6115378,0.6358689,1.591424,0.73940825,0.07792911,0.13565183
1.3932236,0.9594525,1.4106011,0.6715138,0.021742024,0.17212902
1.9279583,0.85010076,1.5343299,0.77655566,0.49611685,0.14777194
1.3373319,0.6336816,1.3400023,0.6668099,0.01217772,0.16569163
1.259885,0.82640094,1.2460713,0.6876942,0.0105189,0.15014651
1.6348945,0.63409734,1.6603568,0.75571525,0.005911728,0.119423866
1.2951939,0.8432105,1.2984967,0.6692997,0.0070344326,0.15979718
1.730705,0.90331525,1.7648945,0.80027145,0.007293039,0.09873333
1.5628644,0.8974778,1.6129978,0.7380117,0.030701147,0.13159832
1.0163624,0.7304455,1.1944387,0.8523825,0.4254223,0.118803054
1.1387216,0.77438766,1.3540273,0.79198563,0.4196255,0.1411583
1.5135773,0.78015006,1.5349047,0.7020943,0.008197074,0.14317249
1.4925902,0.5587342,1.5003288,0.69407773,0.019886939,0.15104972
1.8654635,0.7525387,1.9240277,0.8692631,0.01838712,0.07101512
1.5098178,0.9340573,1.5298357,0.70697224,0.013727289,0.14676176
1.1027274,0.95108855,1.1342716,0.7838152,0.10469382,0.12254093
1.2421278,0.9377549,1.2553678,0.68867695,0.004772414,0.14994489
1.0852716,0.73881644,1.2166913,0.8357609,0.35705543,0.12676048
1.2030878,0.5940092,1.3250184,0.77093697,0.31917387,0.15060002
1.3453928,0.55412185,1.3665922,0.6580435,0.009479739,0.16783357
1.6072054,0.8232862,1.6398115,0.7613796,0.027325809,0.12255655
1.6215922,0.5953925,1.6669929,0.79250425,0.1895035,0.12607378
1.1482657,0.9980775,1.3884923,0.7798033,0.36401552,0.1366123
1.289948,0.6037556,1.351902,0.680019,0.088271014,0.16883086
1.8141305,0.8163261,1.866672,0.8416292,0.012781216,0.083894394
1.1530938,0.97212386,1.140831,0.7524047,0.0146480845,0.12297397
1.3256903,0.4632354,1.3356972,0.6527286,0.0055560875,0.17198981
1.3370113,0.8571265,1.3434722,0.65869856,0.011087134,0.1698817
1.9425114,0.8589501,1.9789469,0.89598626,0.009306544,0.057639427
1.6048498,0.7892389,1.6160102,0.7454003,0.05364061,0.13263921
1.7391924,0.79514354,1.7762437,0.801228,0.007093444,0.09678215
1.223954,0.5906805,1.1908083,0.7248216,0.04539318,0.14123738
1.4292103,0.926493,1.3478673,0.6947575,0.07294881,0.15604725
1.2673115,0.82096595,1.1856322,0.7426549,0.063925914,0.1358333
1.4925835,0.5039641,1.3011105,0.76030445,0.21726975,0.1457306
1.4352632,0.77436644,1.45351,0.6791434,0.0070471736,0.15820439
1.4743059,0.64119685,1.4719169,0.6885459,0.035233844,0.15426414
1.2169092,0.541295,1.2766278,0.7566868,0.29027063,0.15654169
1.6201255,0.8571725,1.4211428,0.7825177,0.32803994,0.13499539
1.9145018,0.9133231,1.9519284,0.8811228,0.010533681,0.0638186
1.2749298,0.9021623,1.2703238,0.734345,0.20043172,0.15517916
1.4270431,0.8533351,1.4340687,0.679052,0.026016155,0.16456248
1.9534098,0.85289913,1.9944887,0.8943924,0.010320381,0.057221923
1.3378675,0.7461793,1.3414631,0.6651056,0.008135326,0.16572094
1.3033322,0.8273598,1.327802,0.6795059,0.0400376,0.1648664
1.6265372,0.59772116,1.6588516,0.75363314,0.00553067,0.1214203
1.6438262,0.7152804,1.539983,0.75911224,0.25199136,0.13876584
1.350976,0.9741795,1.3078864,0.69588196,0.053688306,0.16368549
1.3609822,0.59671205,1.3766801,0.6611688,0.005473122,0.1655652
2.0178406,0.9393311,2.0721025,0.93941516,0.013187667,0.040981274
1.2807043,0.45927736,1.2143133,0.7241385,0.05696111,0.14512016
2.0397606,0.98842907,2.1043248,0.9493919,0.041077275,0.03972787
1.3340616,0.64708143,1.3548138,0.6561204,0.013176794,0.17399448
0.98777086,0.7882132,1.2994549,0.773948,0.31712195,0.14651623
2.0702932,0.9637134,1.6505826,0.82471913,0.73154426,0.12147983
1.7358079,0.6442276,1.7624509,0.798688,0.011959037,0.099673964
1.7229797,0.7001902,1.747668,0.7949365,0.01595064,0.10105115
1.3007637,0.65539485,1.3160849,0.6644653,0.005877639,0.16439293
1.1903993,0.6993317,1.1836076,0.7738255,0.12781976,0.1321407
1.2719158,0.68181056,1.1913776,0.74181974,0.15467712,0.14848977
1.3909632,0.9921335,1.4117692,0.67430466,0.0067483946,0.16220734
1.9168264,0.937816,1.9744916,0.8844184,0.011648313,0.060639214
1.6126057,0.55834323,1.6257148,0.74042654,0.007281517,0.12591857
1.8787137,0.89373475,1.9201467,0.86763006,0.013203075,0.067474976
1.3749025,0.6932615,1.3906393,0.6685953,0.010973386,0.16821925
1.5295231,0.7298886,1.5472176,0.70949,0.006113706,0.14090902
1.5715921,0.8849637,1.5799398,0.7236134,0.0055346005,0.13217308
1.6178056,0.92588264,1.6413312,0.74934494,0.009762674,0.12425305
1.5471377,0.7350295,1.5570543,0.72092897,0.018460728,0.14273877
1.7103485,0.6733939,1.5227518,0.82964045,0.45210633,0.1203657
1.4735013,0.81054354,1.4849572,0.69412756,0.006708688,0.14998665
1.5247971,0.83990467,1.5511231,0.7138933,0.0062733437,0.13786985
1.6460587,0.6812995,1.6951394,0.7906304,0.051397532,0.11898562
1.8180121,0.7136229,1.8869889,0.85842854,0.033727527,0.07801963
1.541164,0.7934611,1.5692801,0.71147805,0.008448634,0.14290947
1.4440713,0.72821486,1.4603381,0.678847,0.007876994,0.15635711
1.3728199,0.41771248,1.516134,0.7834839,0.2687904,0.13196117
1.8700713,0.78633064,1.9418542,0.87505835,0.08922756,0.07358264
1.2480656,0.8614012,1.1920149,0.734905,0.16706568,0.1509327
0.93868315,0.9253164,1.2168548,0.7806532,0.29529935,0.1424901
1.5754062,0.8165902,1.5939512,0.7299882,0.0055596544,0.13119562
1.4426517,0.80314547,1.444032,0.6843743,0.021533754,0.16413362
1.8356184,0.81892323,1.8672566,0.8529315,0.03050334,0.07637842
1.5826929,0.8865259,1.823468,0.8503008,0.17626277,0.09454557
1.2108799,0.5586368,1.2037237,0.74279565,0.076759025,0.13943584
1.1317441,0.88825494,1.2561214,0.78774786,0.30024976,0.14091112
2.0568013,0.93169755,1.6650307,0.7933162,0.21505387,0.12795322
1.1167908,0.65594465,1.1522306,0.79474026,0.22235723,0.13241959
1.0962906,0.9448559,1.2211914,0.7820998,0.21704747,0.13515468
2.0896285,0.99766773,1.8497946,0.8861478,0.4180902,0.09706199
1.4501289,0.8860971,1.4600129,0.6871968,0.004915533,0.15211576
1.4281276,0.74313885,1.4444184,0.67395914,0.004660496,0.15827031
1.8094842,0.7839001,1.8397171,0.8347248,0.0071997484,0.084430315
1.511007,0.5912095,1.0704937,0.8300796,0.1651446,0.10994684
1.4610183,0.49916795,1.4845462,0.6821627,0.008858485,0.15623946
1.5071772,0.987721,1.1669306,0.79039603,0.24894801,0.13272178
1.5172408,0.5085659,1.4752645,0.7344775,0.10062898,0.14505741
1.7961038,0.88015234,1.8287559,0.8267607,0.007909004,0.085261226
1.6667267,0.82889664,1.6741242,0.7684839,0.027060507,0.119121805
1.6885567,0.7862332,1.7148094,0.77701604,0.006912569,0.1106019
1.480285,0.7176867,1.5368521,0.76365983,0.27972865,0.15131572
1.2586358,0.93618363,1.2903728,0.8098374,0.39171723,0.12936597
1.3239008,0.9827022,1.3353827,0.65463877,0.0053630886,0.17129882
1.249736,0.5298412,1.248086,0.69119704,0.021820348,0.15225407
1.468321,0.6519649,1.4709978,0.6848474,0.018156867,0.15746161
1.3618662,0.746639,1.3650033,0.66154337,0.033234198,0.17869616
1.0844676,0.7065095,1.1409476,0.773196,0.17196168,0.13542885
1.037445,0.80606705,1.2170656,0.84690994,0.44375765,0.12411537
1.7713455,0.6910889,1.7197888,0.8101746,0.15579961,0.106896624
2.1394396,0.9928081,2.1750236,0.9871173,0.058943562,0.034981202
1.1910509,0.6985384,1.1720438,0.7181363,0.018608486,0.13744006
1.4538232,0.6933132,1.4594226,0.6711062,0.007433956,0.15858759
1.5141201,0.88991064,1.5027082,0.7607119,0.18703513,0.14561139
1.3804847,0.7080479,1.2194564,0.73741996,0.097763345,0.1408816
1.2568746,0.60231876,1.2739754,0.7067174,0.09187145,0.1591749
1.3789068,0.8594835,1.6880438,0.7984126,0.62757975,0.13849153
1.9840574,0.8336334,2.0584931,0.9251546,0.033355076,0.04507834
1.9006754,0.77862865,1.9464605,0.88231695,0.013655449,0.062134583
1.5905883,0.5735444,1.5303469,0.7617048,0.2168414,0.13914585
1.6457118,0.60191894,1.565506,0.8033872,0.4900275,0.13661116
1.7899228,0.9495473,1.8200974,0.82214767,0.008334912,0.09126691
1.5411186,0.90046245,1.5717723,0.72516584,0.011815291,0.13451858
1.0277517,0.81793684,1.30707,0.703853,0.16767775,0.16439007
1.3276628,0.87491655,1.3391905,0.7032535,0.13154007,0.16081756
1.5436227,0.6388037,1.5474606,0.7279283,0.035620034,0.14271909
1.7685255,0.6785516,1.8118436,0.82690066,0.017958958,0.0861299
1.8787462,0.8660628,1.9215221,0.8663586,0.00843098,0.06873883
1.0586872,0.8737433,1.0411003,0.82108814,0.17191589,0.115606
1.3483742,0.9677989,1.3631253,0.6580796,0.0048372815,0.16654631
2.1273017,0.96879596,1.4177234,0.76838535,0.36673957,0.15734507
1.2689841,0.5059505,1.2538166,0.69525194,0.019928295,0.15300232
1.5508006,0.5233616,1.5747001,0.7248096,0.0059971935,0.13632102
1.571413,0.5751285,1.4629776,0.76890254,0.21842073,0.13833173
1.8400767,0.96448666,1.8647728,0.83954436,0.009778094,0.08127191
1.5000743,0.88770777,1.5139441,0.70270956,0.0079196,0.14624313
1.2242887,0.6034976,1.2447693,0.7611728,0.28342292,0.15365379
1.4900467,0.8776459,1.5124924,0.69973147,0.0052586715,0.14446735
1.4511285,0.51835126,1.3839552,0.7097492,0.16675012,0.17076041
1.9362344,0.92744285,1.9690278,0.88815945,0.024813866,0.05807187
1.4691161,0.6106318,1.4861543,0.69565845,0.0058937287,0.14729935
1.4239242,0.5874837,1.4352849,0.6709275,0.010146531,0.16226308
1.8746442,0.99057513,1.9212267,0.86745685,0.009862292,0.06847385
1.456181,0.93246466,1.4876618,0.6932588,0.031761706,0.15575732
1.499919,0.5593435,1.5259902,0.7092511,0.013602903,0.14310797
1.3820068,0.74847525,1.3915672,0.6620741,0.0049517215,0.165511
2.024254,0.93841463,2.0853987,0.94776845,0.034243762,0.037519395
1.8575797,0.9741135,1.8814232,0.8468229,0.008176033,0.077936515
1.889784,0.8358084,1.9385238,0.8722846,0.00891445,0.06765394
1.7725366,0.9704477,1.8078144,0.8207469,0.010188136,0.09222856
1.578897,0.5430826,1.323662,0.7229411,0.21001124,0.15797196
1.2373152,0.48637947,1.235434,0.69141215,0.01632285,0.15171492
1.3712944,0.6568233,1.3794148,0.65659577,0.0080787875,0.17098533
1.5153663,0.67238474,1.3384244,0.76510966,0.33327308,0.14324039
1.4047177,0.8496336,1.4152606,0.66820776,0.00616779,0.1627062
1.957512,0.9758385,2.0088906,0.9066104,0.013195851,0.050933894
1.8878968,0.79601145,1.8696649,0.85862106,0.13372035,0.08398547
1.742354,0.9307703,1.5942771,0.7791909,0.3539957,0.13660756
1.8502382,0.84298015,1.8896573,0.8611456,0.037776094,0.07582363
1.3376654,0.78374726,1.3456762,0.6687593,0.010108359,0.16691515
1.4763575,0.8611007,1.4721756,0.7049998,0.03974313,0.15224369
1.4576086,0.6090905,1.4211688,0.74135476,0.31426412,0.15348835
1.3046435,0.73323804,1.3134661,0.6676446,0.004794461,0.16095273
1.2572367,0.91168594,1.2700827,0.7196292,0.13626407,0.15500215
0.9321279,0.9476536,1.3854966,0.7413649,0.28496268,0.16392773
1.5072001,0.67221504,1.5349846,0.70919836,0.012019076,0.14359142
1.7058054,0.6338528,1.7291801,0.7876715,0.01968625,0.107074484
1.9445901,0.94862306,1.968173,0.8949314,0.012429313,0.060650267
1.9233476,0.8905086,1.9617376,0.8844705,0.013473343,0.060270354
1.2508314,0.9736567,1.2309675,0.6946306,0.037966076,0.15820685
1.5121975,0.6193077,1.5121934,0.7162583,0.060841918,0.15037414
1.1017051,0.7823281,1.0551803,0.8214801,0.16678502,0.11367986
1.6474494,0.9248839,1.6392126,0.765408,0.14068185,0.13291878
1.5769018,0.81851834,1.6044242,0.7367476,0.008081169,0.12841621
1.8116187,0.86189103,1.8267376,0.8592607,0.17165807,0.08812104
1.5595522,0.85374063,1.5849216,0.73344696,0.010252814,0.13040833
1.4926207,0.87733644,1.5023689,0.6979395,0.0069557237,0.14834929
0.9755454,0.85610783,1.2072105,0.7586952,0.19236466,0.14430109
1.4638819,0.75821406,1.4908059,0.6910683,0.004738969,0.1501247
1.0167122,0.9423486,1.26404,0.8044768,0.3241331,0.13610293
1.2697229,0.4671204,1.245048,0.70362043,0.049554806,0.15365715
1.6349455,0.87009287,1.6501329,0.7523862,0.010519612,0.1218991
1.0614662,0.6733623,1.028238,0.81290776,0.11221661,0.115706444
1.8738766,0.84969956,1.9054346,0.8613085,0.0209017,0.0724022
1.2993506,0.719829,1.2895086,0.69066024,0.03393868,0.16067594
1.5244058,0.8426648,1.5262597,0.72253627,0.05657671,0.14621499
2.058065,0.8964915,2.1109133,0.9594031,0.020941218,0.03343006
1.3808112,0.8407513,1.3901999,0.6737831,0.058463514,0.18086502
1.500733,0.5477455,1.5151751,0.70276594,0.005014107,0.14453681
1.0232118,0.9296526,1.275723,0.74385166,0.23763329,0.15055834
1.9000081,0.7943277,1.9390805,0.8792682,0.008420402,0.06593647
1.37778,0.5475327,1.3870485,0.6602616,0.007114514,0.16615961
1.5131848,0.85949266,1.530689,0.70559585,0.0051237587,0.14348015
1.0718915,0.8910851,1.1400659,0.81496733,0.22272404,0.119922966
1.9077148,0.79109836,1.9275331,0.8709857,0.026465211,0.06718646
1.7612699,0.6629479,1.7806098,0.8014824,0.006971722,0.09842446
1.2250683,0.70155436,1.3437068,0.75874245,0.38849017,0.15214682
1.9860178,0.8853719,1.989661,0.909183,0.16818793,0.068671696
1.1045374,0.86035025,1.0468433,0.8005679,0.15200813,0.12349525
1.4706668,0.63624305,1.4809208,0.6822762,0.006196023,0.15363044
1.3414636,0.46496096,1.3506665,0.6557524,0.0054791435,0.16713272
1.6743839,0.62113893,1.7020671,0.7740324,0.007121546,0.11161876
0.87457365,0.9949159,1.3632774,0.7158594,0.17927474,0.16889718
1.1824963,0.8481972,1.2610598,0.7602192,0.28849193,0.14152323
1.877605,0.82227176,1.9076347,0.86461425,0.022309106,0.072672576
1.5424742,0.76473325,1.5597699,0.72523165,0.0097092595,0.13595723
1.5714854,0.5400729,1.6072447,0.7350124,0.005720117,0.1287138
1.3161831,0.63504726,1.3367558,0.6617136,0.0068385783,0.16725135
1.2575921,0.9665797,1.2132542,0.7159112,0.066977575,0.15187195
1.4703836,0.86354,1.3703811,0.70657146,0.11119571,0.15698695
1.4056618,0.54831123,1.41957,0.6833529,0.022728423,0.16266377
1.8901982,0.8645187,1.9188895,0.86222196,0.018656507,0.06979329
1.7731931,0.97124827,1.6606836,0.81280535,0.3264643,0.12004339
1.53363,0.8120191,1.5660822,0.71615565,0.00907509,0.1390563
1.268748,0.50819826,1.2628183,0.6992108,0.048111666,0.15418305
1.5363331,0.88514966,1.5562828,0.72822464,0.05711003,0.14488135
1.360575,0.67708874,1.3545482,0.675846,0.07982742,0.18093523
1.0479825,0.86480296,1.0640166,0.8045447,0.11139806,0.11630441
1.1027651,0.7598794,1.124028,0.8047729,0.34581128,0.13316996
1.6118649,0.705459,1.6306162,0.7453716,0.0068449895,0.12534952
1.5796417,0.6179379,1.5932615,0.7287265,0.0058586346,0.13111152
1.1117674,0.8530801,1.3176489,0.7365189,0.25572646,0.15285347
1.7346144,0.73766387,1.7875087,0.80441123,0.007769689,0.10019703
1.4207679,0.8891357,1.4532967,0.69052505,0.01243237,0.15716939
1.3100196,0.5516131,1.2822392,0.7022239,0.07303926,0.16579661
1.4901334,0.65681607,1.4698348,0.7135922,0.07048317,0.15431431
1.7464693,0.92116266,1.2724452,0.8002122,0.34113798,0.13764806
1.5406858,0.81344527,1.5754714,0.72410256,0.009048772,0.13489926
0.9884244,0.84682506,1.2887118,0.72863907,0.19545227,0.15589839
1.1120877,0.7289835,1.039433,0.81661916,0.08904232,0.11011712
1.1571922,0.74035084,1.1536398,0.73987347,0.03257711,0.13197939
1.2781345,0.48890853,1.328819,0.71110076,0.12827575,0.16209024
1.9138982,0.8238136,1.9205837,0.88822067,0.16363236,0.073243454
0.9393981,0.9618155,1.2655969,0.8321211,0.41274208,0.1308424
1.243913,0.7849371,1.2477455,0.68175626,0.007730521,0.15397018
1.7100667,0.7323823,1.7335463,0.78040236,0.006770469,0.10854762
1.3390219,0.6687731,1.2520447,0.76874816,0.2575228,0.14064647
2.0032094,0.88178325,2.0752153,0.9359341,0.028207563,0.041075252
1.9211578,0.82668334,1.1770139,0.79697984,0.3126426,0.13492237
1.546256,0.53127795,1.5638249,0.72451663,0.015300635,0.13803533
1.1139877,0.97735953,1.0715051,0.79531485,0.075768,0.11434781
1.3429418,0.4519485,1.3558631,0.662156,0.026923612,0.17187646
1.5112073,0.5335151,1.5300317,0.7058894,0.0055469098,0.14386074
1.551345,0.54630446,1.5805678,0.72028804,0.006395745,0.13546205
1.7058347,0.66533554,1.7442513,0.795709,0.048430867,0.111197636
1.149161,0.5650515,1.1762369,0.7742094,0.14918399,0.1350738
1.2907516,0.67936385,1.252178,0.75422156,0.28524387,0.15071253
1.7257843,0.8646938,1.6159501,0.8025674,0.3114977,0.12329368
1.3717992,0.6374017,1.287746,0.7534001,0.2691093,0.15606585
1.9195632,0.86390907,1.9554436,0.8831662,0.019775374,0.062744044
1.8289807,0.89374197,1.8325338,0.8654234,0.11008176,0.077948704
2.0083673,0.9442409,2.0767126,0.937484,0.016426118,0.037898105
1.6193423,0.7439084,1.645005,0.76190054,0.046057954,0.13329855
1.7601162,0.872539,1.7904797,0.8073049,0.0071643386,0.097030856
1.7624109,0.91505724,1.7901237,0.81928927,0.07537901,0.097475514
1.2969105,0.48241082,1.2807157,0.73583144,0.16936256,0.1521696
1.1686333,0.8457374,1.2345543,0.7315972,0.17493196,0.15041055
1.4488584,0.8459923,1.3410642,0.7625787,0.2595089,0.14808829
1.4871539,0.7851711,1.4976068,0.70481884,0.009964267,0.14814617
1.9783572,0.9346019,2.0120986,0.9052698,0.009582564,0.054151956
1.4689405,0.8658679,1.4855211,0.6902632,0.015911426,0.15403593
1.7770563,0.9651104,1.8013809,0.8113255,0.008477467,0.09482679
1.507467,0.5003069,1.2411156,0.69588524,0.04719444,0.15489277
1.2516096,0.683469,1.3416886,0.7107538,0.09793525,0.15361378
1.5837191,0.63595575,1.6059935,0.74191236,0.025138877,0.13229987
1.2776501,0.4793206,1.3154819,0.6722728,0.051865645,0.17439915
1.804382,0.92737854,1.7895436,0.8317271,0.20292178,0.10614668
1.3567041,0.49010298,1.3316538,0.68591326,0.0767497,0.16623278
1.9835865,0.9855451,2.0225785,0.91473013,0.016343907,0.048882477
1.771676,0.83786243,1.8104715,0.8168875,0.011002903,0.091436125
1.4840593,0.616572,1.4894526,0.69622695,0.008854077,0.15073703
1.3374252,0.5361195,1.343384,0.65494204,0.007764711,0.1680626
1.9491684,0.9591131,1.9822557,0.8953559,0.009146456,0.05980305
1.0293378,0.9590842,0.985709,0.8455248,0.05571067,0.097020335
1.3417441,0.61709607,1.3495107,0.66108227,0.024966668,0.1748603
1.3669673,0.58293813,1.3797183,0.65577483,0.0078286845,0.17044471
1.7188953,0.8989831,1.7307553,0.7792764,0.0071658962,0.109387696
1.5328865,0.69120336,1.5580492,0.71821356,0.004939901,0.13580194
1.8469604,0.86361307,1.8929784,0.85194933,0.007641302,0.077050924
1.404846,0.51504606,1.4218926,0.6612747,0.024561448,0.17252521
1.3350595,0.833565,1.3346694,0.6590429,0.008571256,0.16819778
2.0449185,0.92900175,2.1069846,0.9525071,0.03333615,0.035753764
1.6934518,0.69077414,1.4070296,0.76854026,0.36215648,0.1454242
1.7075107,0.90669024,1.7257149,0.7901156,0.016326927,0.108727455
1.3889594,0.61351955,1.411181,0.6612387,0.005605888,0.16685408
1.9894522,0.96569544,2.0306332,0.92088723,0.05169185,0.05423739
1.5863734,0.8069599,1.6186769,0.7436873,0.0071805287,0.12596364
1.1612631,0.6376405,1.1901667,0.74998766,0.13398716,0.14079076
1.2477089,0.71905655,1.2486477,0.67791003,0.009889614,0.15676087
1.9703991,0.8690305,2.0372899,0.9199478,0.021540627,0.046153653
1.928502,0.800294,1.4272759,0.7632309,0.39665514,0.15884422
1.326738,0.6044863,1.4316278,0.74012244,0.35710773,0.16721267
1.451948,0.9152423,1.4719486,0.6824743,0.005154289,0.1545886
1.8093472,0.97618246,1.8443456,0.8324532,0.0074422904,0.08344401
1.314438,0.6593712,1.2597251,0.7340199,0.1299919,0.14784868
1.5316441,0.8554078,1.5626242,0.7339495,0.10106527,0.15132464
1.5236127,0.9470304,1.5419972,0.71465945,0.0059216362,0.13919108
1.4280272,0.60002136,1.2915552,0.7448142,0.20572782,0.14836569
1.7389799,0.7419031,1.7703545,0.79879105,0.010027045,0.099042065
1.6111009,0.88854194,1.5084271,0.74670434,0.27422658,0.15487428
1.1718177,0.59812784,1.244504,0.7298957,0.13055955,0.14873059
1.6006033,0.9539032,1.6242993,0.7369288,0.0057992917,0.12904224
1.1799539,0.9477649,1.1499612,0.74378693,0.035899498,0.13029231
1.722947,0.6522057,1.7392178,0.78443134,0.006343965,0.10737726
1.6784642,0.79574084,1.7084079,0.7775598,0.0067697815,0.109488435
1.4360559,0.87104213,1.4451113,0.6703353,0.0073982193,0.16066876
1.0257024,0.7294215,1.1390021,0.8710772,0.47018006,0.10902036
1.323907,0.48505703,1.2331088,0.7299135,0.08473903,0.14778152
1.619445,0.76133204,1.6392982,0.7480692,0.009801395,0.12532444
1.8912809,0.78104454,1.9180408,0.8669116,0.008824691,0.069212295
1.305764,0.5462765,1.3117781,0.66294825,0.0067859055,0.16468917
1.3571377,0.9836656,1.4966574,0.7396643,0.27156967,0.16207547
1.4462839,0.66258985,1.4486032,0.68228686,0.016548043,0.15952514
1.5775499,0.5587911,1.6050582,0.73427725,0.0069824043,0.13043256
1.2333858,0.99979186,1.2225437,0.70256627,0.06767222,0.15593675
1.3439741,0.47366598,1.3456981,0.6776428,0.02653025,0.1600937
2.0604396,0.90787184,2.1204119,0.961412,0.035110835,0.03567638
1.4816273,0.54307115,1.492938,0.69487774,0.02836268,0.15420425
1.2626518,0.6016062,1.2112243,0.74082625,0.07838948,0.14269365
1.4885936,0.76027155,1.4981506,0.6959628,0.01366303,0.14986418
1.530697,0.8619494,1.5598123,0.7115531,0.0052510817,0.14012936
1.3915285,0.52834874,1.4029694,0.66014016,0.0064406316,0.16765906
1.4386742,0.45523605,1.456389,0.6671014,0.006369869,0.16096309
1.1920526,0.54411405,1.1766021,0.73861974,0.050602127,0.13669124
1.3637525,0.45327586,1.3769851,0.66166896,0.0151402885,0.17155337
1.4496328,0.5281679,1.4610384,0.677557,0.015165872,0.16014029
2.0556736,0.94640297,1.9646587,0.91612345,0.32543465,0.07560493
1.297127,0.70081466,1.2961872,0.6653364,0.036000244,0.1719087
1.8781387,0.9786205,1.9298997,0.8705223,0.008551351,0.06863718
1.6093781,0.6519545,1.5798659,0.7848115,0.1246951,0.124888286
1.3048968,0.6291556,1.3167086,0.657765,0.008083015,0.16729571
1.5423744,0.7608669,1.5687907,0.7308308,0.00923707,0.13193235
1.672784,0.9559479,1.6957319,0.7677189,0.0067546978,0.113259465
1.852786,0.76316994,1.8896868,0.85523957,0.011460443,0.07675588
1.3502799,0.6213744,1.3402154,0.6849807,0.06949843,0.16898954
1.4589188,0.59902364,1.472434,0.6911081,0.0076749655,0.15266837
1.8886057,0.94943815,1.920331,0.8699148,0.032892555,0.068940364
0.9635609,0.9844868,1.250521,0.7611798,0.22138913,0.14420658
1.5133435,0.6213119,1.5474775,0.7084066,0.0098493965,0.13952994
1.98204,0.92380035,1.726289,0.89144045,0.74545234,0.09207388
1.2749255,0.7859291,1.3055756,0.6671085,0.011644082,0.16175129
2.0228245,0.906162,1.4003673,0.8281306,0.6131565,0.13287681
1.8088074,0.76514095,1.8315914,0.8270102,0.0071587786,0.08716453
1.2084856,0.6295334,1.1329842,0.77969587,0.17375316,0.13107598
1.5198296,0.8717751,1.5227792,0.70682555,0.007552511,0.1418478
1.358105,0.4773197,1.3281925,0.82397383,0.499352,0.13552153
1.0975094,0.6604987,1.4177537,0.8167364,0.46998996,0.13742349
0.9986355,0.77212024,1.0648587,0.8154519,0.14351662,0.11765843
1.8707287,0.8005745,1.9123185,0.8634736,0.010551642,0.06708754
2.0849848,0.94923383,1.543479,0.74310684,0.109718576,0.15357332
1.357585,0.8975016,1.688242,0.8169632,0.35885876,0.13365598
1.4844396,0.5944991,1.4809978,0.70130336,0.054761894,0.15800905
1.650601,0.8366313,1.6668091,0.75533044,0.009271514,0.119498216
1.3664669,0.4997295,1.2619326,0.7278038,0.14841773,0.15391257
1.215227,0.63812554,1.2984345,0.7639214,0.25378147,0.14297554
1.2548368,0.96127474,1.2575254,0.68821776,0.010507741,0.15182914
0.9958201,0.977768,1.2272317,0.7286446,0.08111716,0.14804478
1.6389127,0.6952753,1.6576045,0.7537147,0.0057531632,0.11995448
1.3522261,0.8482897,1.108214,0.7968451,0.19129048,0.12828864
1.9294052,0.8109098,1.9495442,0.8865937,0.10997678,0.07207738
1.4691697,0.4780868,1.4774892,0.68922144,0.008612929,0.15206432
1.7282741,0.7892601,1.7640848,0.8009302,0.0076144417,0.10132971
1.9152168,0.9668397,1.9482543,0.882694,0.015101518,0.06400463
1.4578519,0.48615962,1.4778767,0.68429315,0.0054470426,0.15193729
1.4553297,0.9507922,1.4764998,0.6826807,0.0061891256,0.15143485
1.7807103,0.9729108,1.8130975,0.81821316,0.006601338,0.09122799
1.2239603,0.5194175,1.3191462,0.6819272,0.045459148,0.16430776
1.8065307,0.9257345,1.8352287,0.8290729,0.007903036,0.08745134
1.4087527,0.6009579,1.4204826,0.67090946,0.010755572,0.16367957
1.0862781,0.67334104,1.1995168,0.7395468,0.14395222,0.14576815
1.6676466,0.70177245,1.7020109,0.7964602,0.060272835,0.109984115
1.514577,0.97328776,1.5360866,0.7057662,0.0070891366,0.14263034
1.2146285,0.5116093,1.233417,0.6853131,0.011136602,0.15164928
1.1771923,0.70655453,1.1588485,0.7488551,0.039277744,0.12910718
1.8900373,0.96353674,1.7483666,0.85896385,0.36157697,0.1022473
1.242774,0.77117115,1.52004,0.73986614,0.22380276,0.151234
1.5075684,0.9989975,1.5198057,0.70816433,0.007130516,0.14435276
1.4548589,0.9471605,1.345917,0.73530066,0.23451892,0.15740426
1.6876999,0.944183,1.7068236,0.7734232,0.0064161313,0.11193593
1.4818499,0.76832235,1.4317462,0.72199494,0.16725804,0.15653442
1.728374,0.7505931,1.7526884,0.7882614,0.0074381432,0.107112184
1.9410261,0.92567396,1.9871774,0.89553136,0.0097664725,0.05665367
1.7180717,0.68443686,1.7489052,0.79141045,0.0077361884,0.100448705
1.6404283,0.733687,1.6579578,0.75864345,0.017075172,0.12284696
1.1181579,0.6559917,1.0912985,0.7865653,0.15235022,0.12710553
1.2332394,0.6418005,1.2391772,0.6845966,0.040766653,0.16109402
1.3080298,0.68926966,1.2976265,0.7468184,0.20915069,0.15352966
1.5019851,0.8101189,1.527914,0.71436304,0.040636264,0.14614813
1.4411767,0.7021115,1.4536386,0.6686266,0.006435502,0.16051957
1.1038455,0.94341654,1.2347593,0.7268023,0.1405808,0.15313607
0.97043264,0.8390998,1.0813043,0.79645747,0.09200402,0.11967432
1.2723681,0.68786347,1.328388,0.71766925,0.19338322,0.16477464
1.9547096,0.98358816,1.9916029,0.8971633,0.015821917,0.054408323
1.3893167,0.4870923,1.4095786,0.65981215,0.0058369325,0.16520078
1.2381314,0.99207294,1.2147675,0.7185029,0.040441487,0.14363861
0.993051,0.7699228,1.1366992,0.8348997,0.36097163,0.12112144
1.982109,0.9942228,1.9331782,0.87886435,0.23221926,0.08178339
1.2315342,0.6753837,1.2285933,0.6900081,0.013189761,0.15024176
1.6062273,0.5676188,1.6385474,0.74469274,0.006082706,0.12383745
1.210364,0.6719914,1.1823804,0.7289556,0.11298625,0.14673507
1.9519862,0.94780165,2.00342,0.90666205,0.011133837,0.051411647
1.6828222,0.69441277,1.7098613,0.7838726,0.0229461,0.110733524
1.4043132,0.6060281,1.4863071,0.720433,0.17383976,0.15737283
1.4845685,0.590252,1.4862673,0.7120281,0.07083415,0.1549061
1.8161781,0.71312547,1.3562863,0.8096803,0.36000752,0.12714793
1.3423222,0.6224363,1.3394561,0.7032039,0.17769025,0.16813955
1.0438474,0.8086204,1.2825401,0.83646256,0.54357445,0.12401486
1.1461055,0.91728157,1.6100867,0.838857,0.53686,0.12473252
1.9932747,0.8724665,2.026232,0.93343467,0.24586068,0.05655177
1.4197278,0.5838403,1.0820456,0.8227508,0.31490836,0.12488655
1.0263745,0.79379964,1.3056843,0.77970517,0.22301534,0.14261396
1.4200826,0.5250371,1.4322126,0.6795056,0.020071592,0.16545811
1.3633986,0.77999675,1.3205361,0.71688664,0.1145709,0.16453005
1.1481408,0.8396723,1.0744377,0.78045523,0.06185722,0.11942864
1.4935056,0.5137072,1.5035553,0.71276766,0.03336534,0.14971626
1.0533545,0.9567821,1.5621374,0.7751315,0.27874634,0.13851659
1.7156204,0.91650295,1.7314937,0.78521305,0.0077393064,0.10423458
1.2218717,0.50349694,1.1967211,0.76736003,0.2709364,0.14100161
1.7922022,0.9837176,1.8135965,0.8225089,0.00736217,0.0890871
1.2711304,0.94883984,1.1645935,0.75295377,0.06322608,0.13121864
1.4951316,0.6970596,1.4920559,0.720336,0.16308631,0.15424685
0.963143,0.90710664,1.1538011,0.8087962,0.32776257,0.13063848
1.5919716,0.83156717,1.6233478,0.7347177,0.005627649,0.12915878
1.2535113,0.56177557,1.2519476,0.7728946,0.19620556,0.13822477
1.7999703,0.71641165,1.8266048,0.8289028,0.00784182,0.08594823
1.7043239,0.71329886,1.7358549,0.7894604,0.020283623,0.10703657
1.205218,0.6012592,1.5901594,0.80327076,0.40670443,0.12877063
1.642629,0.77590036,1.3551109,0.7504396,0.26501405,0.14996901
1.9677416,0.9240285,1.9531889,0.9411332,0.32250643,0.065331094
1.707365,0.7563317,1.741391,0.78772694,0.0061323885,0.1031875
1.1305547,0.8954384,1.4343252,0.74089384,0.33964324,0.16713992
0.93976474,0.93865114,1.1079772,0.7768209,0.1044571,0.12657332
1.961692,0.9754246,2.0286133,0.91898555,0.028664282,0.049984466
1.7716147,0.92578363,1.7915592,0.80797935,0.0064895013,0.09399173
1.5450809,0.6267298,1.5730302,0.7240358,0.01886215,0.13818292
1.6385689,0.87247765,1.6339836,0.75374556,0.063716695,0.13043426
1.4153697,0.7125793,1.4350483,0.6736859,0.0043223184,0.15889795
1.5658352,0.69174373,1.3833404,0.71640146,0.17854431,0.15620565
1.8645146,0.7506577,1.9063215,0.8619459,0.0125472145,0.072911754
1.29374,0.5404367,1.2743411,0.71358085,0.1118983,0.1579631
1.3487816,0.4658755,1.3586302,0.65329003,0.005982884,0.16752727
1.2029154,0.8806849,1.1671228,0.7624635,0.11550239,0.13450062
1.4401666,0.94632566,1.4842701,0.72039926,0.16549656,0.16088806
1.3003008,0.9300708,1.271941,0.71529454,0.08364281,0.15381825
2.0944424,0.9862955,1.7507427,0.829089,0.48717672,0.12706915
2.1518555,0.98976225,2.168946,0.98586464,0.028107937,0.025728049
1.2403659,0.7979439,1.2571385,0.6786918,0.0063898377,0.15439792
1.9004431,0.83181274,1.9423628,0.87649554,0.013134172,0.065871306
1.5152372,0.60155886,1.5331447,0.71394384,0.02105392,0.15050562
1.5120966,0.835798,1.4931736,0.7333898,0.0965929,0.15323584
1.3741987,0.60535806,1.3881912,0.66473854,0.007448013,0.16630128
2.0776603,0.9906365,2.0978498,0.94688267,0.012188176,0.03770771
1.5871333,0.6567379,1.6038635,0.73703015,0.0053275763,0.12801753
1.8317361,0.8099392,1.8611529,0.8436619,0.008388206,0.08111766
1.6731647,0.970225,1.6929255,0.779087,0.04869405,0.117379114
1.7943537,0.86121804,1.8140926,0.8206249,0.015153245,0.09075829
1.6347156,0.8511618,1.6534717,0.75470054,0.0062193894,0.12003123
1.2562017,0.8404748,1.2486854,0.68517673,0.008125866,0.15364526
1.78801,0.8006152,1.8096468,0.82179546,0.007804867,0.08957707
1.8100896,0.7604287,1.8452034,0.83159995,0.013176066,0.08915082
1.6717668,0.7457954,1.6955166,0.7722503,0.011597284,0.11044793
1.3208499,0.49693817,1.7869053,0.8148404,0.052857656,0.09867586
1.2141328,0.8677239,1.4302387,0.73849106,0.2669872,0.15360218
1.2739761,0.98269176,1.2666233,0.6921634,0.008217921,0.14956932
1.9236267,0.95402277,1.9835689,0.9008674,0.030653885,0.055524006
1.7536385,0.6971438,1.7953339,0.812429,0.006452509,0.09403894
1.4683671,0.80674046,1.478895,0.6905098,0.013361823,0.1542339
1.3384365,0.7037152,1.3342123,0.68323195,0.04531453,0.16561058
1.9081212,0.89010054,1.942198,0.88105136,0.01049641,0.0651503
1.0015252,0.89655703,1.2300622,0.8312209,0.36468503,0.121183686
1.2508814,0.74690264,1.2432814,0.6821474,0.012804107,0.15687418
1.4214737,0.7803008,1.4374897,0.6620251,0.0064561986,0.16494091
1.3828945,0.9798882,1.3704658,0.7084413,0.20505828,0.16237912
1.8017195,0.762765,1.8435361,0.83110136,0.008149031,0.08659782
1.3062621,0.61868817,1.2963648,0.68964887,0.034571588,0.16022728
1.7271665,0.63770664,1.7459466,0.7899305,0.007073537,0.1035831
1.2208083,0.8216828,1.2190678,0.70252854,0.009816077,0.14368732
2.0039923,0.857621,2.0390823,0.91911656,0.027026013,0.0457511
1.6344329,0.6374593,1.6602552,0.75566787,0.0077199526,0.12026511
1.184456,0.5343826,1.3062906,0.72187614,0.19030507,0.16103327
1.4866294,0.6852645,1.4989138,0.69725823,0.006296452,0.14712991
1.5471764,0.6056539,1.5665972,0.7222537,0.006132699,0.13489947
1.1173571,0.6067216,1.0549507,0.8087083,0.0525964,0.102248
1.8854707,0.8872745,1.9186385,0.8628931,0.012350341,0.069006786
1.2492274,0.748636,1.180716,0.75042725,0.064977884,0.1328961
1.1669952,0.6958972,1.3405144,0.8348457,0.435766,0.1177342
2.1436007,0.97525674,2.1665082,0.98317844,0.028640812,0.025877336
1.2625614,0.8565267,1.2760069,0.68435544,0.0480858,0.15930212
1.6410931,0.93940526,1.6667085,0.75838864,0.006261357,0.119013146
1.3647202,0.6499562,1.3783898,0.6589171,0.0062277433,0.16843295
1.2694868,0.50764805,1.2775967,0.663298,0.014780468,0.16277404
1.6036386,0.5604995,1.6357951,0.7510504,0.008214524,0.12123866
1.4213684,0.7602608,1.4010913,0.71070665,0.088648885,0.15979587
1.5442443,0.98438334,1.5607767,0.7168101,0.0055310493,0.13806188
1.6663985,0.5956167,1.6973963,0.7691805,0.005503909,0.1135806
1.493796,0.6660477,1.5093849,0.7031781,0.0057806154,0.1429683
1.4142852,0.5645503,1.4391272,0.68117833,0.04547745,0.16930166
1.502835,0.6601277,1.5002532,0.7024977,0.023249194,0.15455854
2.0660248,0.95222527,2.0904613,0.9510028,0.014000031,0.038408007
1.097222,0.907391,1.616075,0.7722861,0.21848603,0.13672765
1.8701856,0.8208162,1.9095955,0.86204356,0.01243457,0.070737936
1.5880765,0.8547078,1.5821302,0.74347323,0.108847685,0.1378973
1.2046527,0.5958599,1.1533945,0.78530216,0.13311078,0.12538067
1.6987476,0.8281365,1.727911,0.7805966,0.0067702467,0.110207
1.9346414,0.81727594,1.9588318,0.88556427,0.01608199,0.06418379
1.8454038,0.8506935,1.8756795,0.8521412,0.017668355,0.0770812
1.2728249,0.4624435,1.313545,0.70226955,0.13619629,0.16051373
1.5761716,0.6629384,1.616086,0.73372877,0.010450247,0.13026771
1.6008224,0.5603067,1.6211517,0.75021505,0.02954232,0.12972489
1.3383968,0.45721668,1.3455322,0.6503476,0.01032174,0.1718828
1.4899327,0.57011867,1.511821,0.6950084,0.0060108444,0.14719763
2.0708847,0.916181,2.0999222,0.9545934,0.017643321,0.034422778
1.5820284,0.93047875,1.6057513,0.7303672,0.009441797,0.13529325
1.9534154,0.93074256,1.9859085,0.9065382,0.17579667,0.06895804
1.3297333,0.6406106,1.3439589,0.6630798,0.0048575248,0.16505194
1.3099775,0.72085416,1.3299658,0.67733824,0.0753378,0.17036259
1.280708,0.5830674,1.2880478,0.6726451,0.0059549976,0.15776691
1.7686888,0.9406795,1.7907805,0.8122124,0.0076683336,0.093682505
1.7990447,0.89868987,1.8218021,0.8226627,0.0070291185,0.09038008
1.2099203,0.71532774,1.2171242,0.70397747,0.008693833,0.14320742
1.420194,0.7065355,1.4363184,0.67028373,0.01347892,0.16512364
1.6832033,0.96095264,1.7154019,0.7754698,0.0066288905,0.10982846
1.1454818,0.66948044,1.0830514,0.7802845,0.05605193,0.1200087
2.099412,0.97833365,2.1420443,0.96757233,0.026581923,0.031664312
1.1141793,0.8571697,1.0590127,0.8023766,0.067929804,0.112518474
1.9691099,0.99904704,2.0173297,0.91323406,0.011008051,0.0495884
1.4225737,0.71745753,1.4058034,0.69056404,0.030003281,0.1606195
1.7130163,0.7979594,1.6268656,0.8049219,0.23286964,0.12083582
1.9345895,0.82940215,1.3103294,0.7177661,0.124099225,0.15843758
1.890564,0.83372533,1.1054144,0.80180585,0.15623806,0.12398524
1.1735978,0.63895893,1.1775092,0.730398,0.007164892,0.13072124
1.3844737,0.5403361,1.368196,0.67287445,0.023212804,0.16572939
1.8634726,0.809622,1.9046273,0.8558591,0.008489962,0.07409725
1.9124866,0.8425789,1.9611182,0.8841868,0.016290925,0.061308436
1.4556261,0.8178509,1.4744847,0.6815749,0.0067435177,0.15578938
1.3971726,0.7831981,1.4171896,0.66416943,0.0045394395,0.16572331
1.4042493,0.461416,1.3926189,0.6774021,0.045198783,0.17409693
1.4748288,0.98050743,1.4757583,0.6797152,0.0174351,0.16043666
1.7819606,0.9205953,1.805923,0.8184486,0.009342575,0.092885986
2.0525665,0.98083043,1.6318274,0.8753765,0.83057934,0.106947616
1.9181645,0.9695537,1.9396856,0.8747504,0.012841604,0.062389135
1.4448358,0.8931465,1.3810315,0.72179145,0.11283686,0.15530692
1.3867359,0.8658916,1.3372185,0.697603,0.067939565,0.16885702
1.4099123,0.55125105,1.4223087,0.6664477,0.0056998497,0.16243999
1.5051256,0.95899856,1.496094,0.7374298,0.24498683,0.15060492
1.527217,0.6493318,1.5490389,0.7180399,0.008158276,0.13841476
1.7579476,0.70699406,1.7996881,0.8167772,0.021004029,0.09602633
1.233351,0.59554327,1.2795918,0.74485373,0.23984617,0.15197453
1.6549659,0.6244971,1.6980696,0.7758616,0.010704718,0.11373848
1.1889064,0.5776771,1.2455201,0.73782897,0.12053454,0.14545487
1.6529015,0.59280056,1.6787224,0.7649182,0.005908594,0.11470654
1.4411541,0.5078089,1.4375212,0.6669352,0.010321602,0.16057849
1.2159863,0.5148716,1.2934661,0.80985206,0.40418714,0.12873273
1.6875831,0.8631526,1.6954837,0.79253274,0.064673506,0.115726344
1.3500427,0.5845345,1.3611002,0.6576344,0.0073297,0.1666098
1.5210114,0.50644803,1.5641792,0.7136359,0.010504005,0.14067642
1.5675027,0.87841743,1.598814,0.7346102,0.015141141,0.1290326
0.89403164,0.99038434,1.451608,0.81763756,0.54263115,0.12590276
1.6441973,0.7836456,1.6572964,0.7502448,0.007834711,0.12356295
1.0956768,0.83485687,1.1316805,0.79283446,0.15964137,0.12970343
1.4566927,0.6579013,1.4823604,0.68868816,0.028579434,0.15707776
1.6268797,0.9391638,1.6505919,0.7540841,0.0057143513,0.12107125
1.6551871,0.6856246,1.6844258,0.76275676,0.014507063,0.11879923
1.5221442,0.7636943,1.5515411,0.71911806,0.007813919,0.13688391
1.2290215,0.63458645,1.183013,0.72690517,0.0458015,0.14262286
1.3152454,0.4238267,1.3298497,0.6578476,0.005683447,0.16714756
1.3233619,0.6292278,1.3736215,0.77100563,0.3449154,0.14893822
1.9211503,0.95301235,1.9703887,0.8899542,0.02478608,0.060255695
1.0756047,0.8591867,1.0590279,0.8193776,0.1539258,0.11985216
1.5423014,0.82893103,1.523773,0.7515906,0.07659907,0.14164487
1.4635026,0.79340386,1.4769323,0.6864085,0.0051439106,0.15204029
1.3814448,0.784059,1.4124398,0.6691966,0.014200822,0.16623957
1.5852339,0.73840576,1.5981319,0.7346708,0.023571217,0.13556324
1.588087,0.6966217,1.6151209,0.7370071,0.0056072837,0.12986113
1.4026951,0.7003592,1.4172943,0.6685491,0.0073223785,0.16340993
0.9511547,0.98062545,1.4244542,0.8183907,0.4612275,0.1394531
1.319072,0.9316313,1.3187103,0.6808979,0.044273768,0.17077546
1.800255,0.6973128,1.842006,0.83752126,0.012734001,0.083592646
1.5059797,0.91210824,1.5164537,0.6963368,0.006656107,0.15071669
1.5685486,0.8729504,1.5774333,0.72514486,0.049826257,0.1419161
1.1812992,0.5415307,1.1287129,0.7860602,0.14083202,0.12589468
1.7409835,0.9383052,1.7607052,0.7919855,0.006135978,0.10357035
1.0877378,0.90917087,1.0118799,0.81279206,0.1012875,0.112857066
1.3459289,0.493067,1.3607068,0.6542086,0.0075288955,0.16912077
1.9487736,0.96548206,1.9871047,0.8994319,0.035100933,0.057201605
1.794189,0.9152275,1.808907,0.82137185,0.023493359,0.09489575
2.0089254,0.96139354,1.3493972,0.7955647,0.43922302,0.14145538
1.3897312,0.7275147,1.3863208,0.6561737,0.007457925,0.17199911
1.1598415,0.8406389,1.1552663,0.7294335,0.0077470783,0.13095085
1.5574993,0.81311905,1.5801463,0.7239822,0.0061355503,0.13353889
0.91804457,0.9593729,1.063791,0.8452297,0.22568202,0.11076149
1.1569908,0.6126895,1.1493373,0.7311553,0.010232395,0.12957703
1.66262,0.9328631,1.5559256,0.76527214,0.30875167,0.13970527
1.6359609,0.8507831,1.6527586,0.76207346,0.0442004,0.12702367
1.4883541,0.5073814,1.5246091,0.6964036,0.024465669,0.15227064
1.6433972,0.9441629,1.6722968,0.76508147,0.008119902,0.11457354
1.1834615,0.80939555,1.1772039,0.7289585,0.011656881,0.13137208
1.4893068,0.8807015,1.3383474,0.75853187,0.26447424,0.14917031
1.3357766,0.7840154,1.3378117,0.65583384,0.007846338,0.16923594
1.8818502,0.9295139,1.902137,0.86025685,0.008281077,0.0739783
1.5855745,0.93452245,1.6046319,0.73497176,0.0061101387,0.1299998
1.3883389,0.9880267,1.3796916,0.6782084,0.0554333,0.17045265
1.9130074,0.81596315,1.9649146,0.88487434,0.010872764,0.06149225
1.6052396,0.8085865,1.6218472,0.7358489,0.006677794,0.12708928
2.1525016,0.99493694,2.1176162,1.0064318,0.053752687,0.024024775
1.4458193,0.720715,1.3560917,0.76732314,0.2939795,0.14683771
1.9441435,0.8060535,1.9962864,0.9024823,0.019855166,0.053182133
2.0257542,0.9860715,2.050143,0.9290539,0.022762328,0.04191039
2.0534828,0.9647526,2.1064527,0.9567768,0.019513998,0.033921774
1.4808468,0.64948905,1.500814,0.6907246,0.00887632,0.15142247
1.6256751,0.99098635,1.671988,0.758475,0.023538854,0.120033614
2.004925,0.8541099,2.0553095,0.92838764,0.04934193,0.047496404
1.4153389,0.5779014,1.4361398,0.68768036,0.029061293,0.1584351
1.5535619,0.5712845,1.5525103,0.73917377,0.059268616,0.13863023
1.8546349,0.94609046,1.8846176,0.8455197,0.00790587,0.08084814
1.3326291,0.9881505,1.22579,0.7638581,0.26239038,0.14995098
1.7425382,0.8065817,1.7792084,0.8093454,0.014861845,0.09593292
1.396558,0.6891108,1.4146268,0.6694022,0.00744959,0.16482124
1.8613323,0.79178584,1.885613,0.8500407,0.017567227,0.07873276
1.2348367,0.58643055,1.3725774,0.77928454,0.36273918,0.14709167
1.599481,0.783855,1.6274512,0.7448535,0.031489804,0.13221163
1.113319,0.6279956,1.0814962,0.78852284,0.1462894,0.124639444
1.9091976,0.8940561,1.4251084,0.7408652,0.20951478,0.15576732
1.499908,0.54074657,1.6504853,0.82097244,0.5686931,0.1215765
1.8532904,0.7644834,1.9122307,0.8652831,0.010389524,0.0691484
1.1942201,0.8535036,1.2077208,0.7007381,0.0087745935,0.14389455
2.0988572,0.9514006,2.1274223,0.96565485,0.01886976,0.03175171
1.643955,0.95195657,1.5244498,0.734733,0.19035126,0.1490373
1.5462275,0.8375609,1.5725002,0.7235733,0.0058949175,0.13426211
2.0586967,0.946659,2.0865304,0.9449231,0.02540038,0.037360385
1.0326436,0.90763915,0.9772789,0.8535134,0.08323044,0.09450951
1.759709,0.98284054,1.7870281,0.8054258,0.006973158,0.09797342
1.1655179,0.6557221,1.1270292,0.7582934,0.06240888,0.12962137
1.6899152,0.98303497,1.7145884,0.7797643,0.005896121,0.10842032
1.6536759,0.95691806,1.2606549,0.8048151,0.3708566,0.1273325
1.0888375,0.8756056,1.2435768,0.77393687,0.25284976,0.14003347
1.4240572,0.82673484,1.125699,0.7915468,0.21901585,0.13190784
1.1709505,0.7872451,1.1846406,0.7355441,0.04438604,0.13885054
1.4642015,0.73333627,1.4762437,0.6840456,0.021175249,0.15884183
2.1400912,0.9884781,1.8378108,0.9316589,0.6573337,0.07764702
1.4255971,0.77458847,1.4416416,0.6897844,0.046968136,0.16453464
1.8980203,0.93342197,1.9206538,0.8678206,0.009155497,0.070893236
1.4706144,0.8623818,1.4726512,0.6787639,0.011756045,0.1604644
1.8651834,0.97819376,1.9064751,0.8702213,0.072731026,0.0739168
1.3022101,0.4831881,1.309711,0.6746728,0.052332737,0.16720882
1.3177736,0.82451665,1.3150032,0.6595754,0.008943035,0.16635847
1.2615772,0.9753199,1.2527666,0.6976759,0.022922147,0.15080456
1.2945472,0.4428952,1.2873304,0.67465395,0.040054254,0.17164443
1.6198624,0.6546219,1.6421556,0.7509879,0.005561014,0.12278925
1.6369747,0.66851807,1.6652658,0.7535164,0.00850038,0.11930539
1.7402277,0.85430646,1.7709901,0.8005052,0.0063925954,0.098749265
1.2672316,0.7369786,1.1930096,0.7385327,0.10240177,0.14449346
1.2081331,0.99832475,1.3061192,0.70132554,0.13081121,0.1676228
1.4272172,0.6297592,1.434488,0.67492807,0.018669156,0.1615397
1.1366491,0.6929555,1.4225073,0.80700886,0.4669769,0.1372822
1.6880617,0.71126163,1.7246935,0.7898327,0.023488179,0.110911936
1.6742038,0.61238724,1.6955564,0.77534854,0.0384836,0.12181377
1.6342462,0.9919154,1.6266971,0.77155685,0.13441075,0.12636916
1.8128766,0.9698496,1.8340054,0.8238681,0.012052912,0.08924521
1.8058524,0.7950991,1.8424892,0.8402439,0.018734887,0.081232674
1.6423191,0.6622189,1.3177099,0.74898875,0.21408907,0.14938249
1.4196793,0.86281693,1.2514215,0.77723074,0.19748354,0.13391308
1.4700422,0.6373303,1.4804504,0.68719184,0.007191308,0.15079601
1.7321296,0.72758853,1.7938881,0.81242806,0.027647907,0.09813116
1.5161583,0.58329386,1.5390258,0.7129135,0.005892863,0.14085387
1.5188628,0.8386536,1.5461807,0.71307635,0.0056050327,0.13965039
1.592235,0.7552472,1.6120315,0.7454258,0.12444669,0.14332478
1.732287,0.95032585,1.7447257,0.794371,0.09471373,0.11018227
1.9145148,0.82207924,1.9774752,0.8913583,0.010696635,0.05840484
1.5391556,0.9002467,1.5537069,0.7035773,0.009501162,0.14489342
1.8921958,0.9047831,1.8105664,0.84930915,0.317358,0.1058393
1.4557189,0.70296496,1.2759764,0.7768496,0.3362634,0.14418751
1.3031563,0.7521775,1.4301364,0.744671,0.22402751,0.16181199
1.3984512,0.5406885,1.5223384,0.7618365,0.26484123,0.14249884
1.4677603,0.49559942,1.4575853,0.7185169,0.13834141,0.16545235
1.4399908,0.98075783,1.4670112,0.6891931,0.02430349,0.15879083
1.744852,0.84490794,1.7656748,0.79982203,0.010667624,0.1010176
0.9924058,0.9537676,1.1552064,0.84853595,0.41107053,0.11910686
1.5170362,0.71971154,1.540329,0.70742965,0.0062860698,0.14264178
1.3756728,0.5358934,1.3995073,0.6614608,0.006749617,0.16782197
1.8614475,0.8688362,1.8695393,0.8456995,0.019946268,0.08531167
1.7921922,0.73902017,1.8404961,0.83494335,0.0075390763,0.08657047
1.7108254,0.8426412,1.7363904,0.7868476,0.006722521,0.104054116
1.2543715,0.75622725,1.2673001,0.68445075,0.05672992,0.16173445
1.1703107,0.80845654,1.1777833,0.72226775,0.009194616,0.13356003
1.5865796,0.70498425,1.613426,0.74270403,0.024571104,0.13023041
2.0283957,0.9487224,2.024378,0.9489202,0.24422204,0.052576695
1.5352621,0.79737747,1.5529027,0.7197188,0.005206987,0.1372607
1.3758485,0.90937066,1.377567,0.66881984,0.012511813,0.16808964
1.4001139,0.8467484,1.3894591,0.65909934,0.015974257,0.17108028
1.3211684,0.90538126,1.3353238,0.6500953,0.007409121,0.17059135
2.037252,0.94559216,1.6883526,0.9180957,0.611357,0.084794104
1.9244071,0.8668311,1.9525621,0.88471466,0.09026926,0.06877618
1.695692,0.7121297,1.4276862,0.76264286,0.22618586,0.13577403
1.7344836,0.8651899,1.7603595,0.79359263,0.0067004273,0.102082066
1.4586583,0.4745785,1.4702363,0.6800763,0.011289218,0.15628403
1.9197854,0.8270519,1.9552877,0.8802046,0.009321453,0.06531322
1.1857313,0.6863767,1.162838,0.78987676,0.18778165,0.12757884
1.3973668,0.7434581,1.3355377,0.7263909,0.12141649,0.1525808
1.1183254,0.77262765,1.0314658,0.81089073,0.05721398,0.107715555
1.4416634,0.6613296,1.4598458,0.6673937,0.007542546,0.16140969
1.9494876,0.9975367,1.3940787,0.7778741,0.44863847,0.15394782
1.9466317,0.8763354,1.9988539,0.9014502,0.016758796,0.053452585
1.6873819,0.70997727,1.7106225,0.7780717,0.008951012,0.110120095
1.3670418,0.49501926,1.3815777,0.6633805,0.007898071,0.16633368
1.1499641,0.8145689,1.1231414,0.78205174,0.09212217,0.12420677
1.7858248,0.88153887,1.8063774,0.81450754,0.0076772207,0.09585504
1.67844,0.9983014,1.69434,0.7675251,0.006343433,0.113823466
1.9835432,0.8334066,2.0024035,0.9003543,0.012802391,0.05164649
1.7669195,0.7802923,1.7856944,0.81544435,0.023001134,0.09697115
1.3162887,0.4783639,1.5252013,0.7368741,0.20252153,0.15370661
1.4937099,0.706516,1.5099454,0.702122,0.005384315,0.14632535
1.2827297,0.50673026,1.2630522,0.6876285,0.05649666,0.16929382
1.6862547,0.6863833,1.5914402,0.78815734,0.23298912,0.124214254
1.8209589,0.7531702,1.8438549,0.83135885,0.008756304,0.08456841
1.5170469,0.77065045,1.5408311,0.71220773,0.021884635,0.14516701
2.049808,0.97733355,2.0829134,0.9392119,0.021395322,0.03787075
1.7292349,0.89511067,1.7590826,0.7955268,0.00932971,0.10466316
1.5556241,0.705821,1.5735755,0.71871233,0.028395645,0.14429156
1.48695,0.6244919,1.5074232,0.6875164,0.0062711397,0.15034445
1.9692787,0.8619453,1.9938567,0.9042367,0.028807502,0.054019846
1.2369949,0.5143346,1.2509108,0.68795156,0.028332872,0.15532899
1.7685206,0.72323895,1.5354779,0.8109154,0.30729493,0.13616927
1.5039376,0.59387916,1.5228028,0.70283866,0.0068912962,0.14422034
1.4278411,0.5554116,1.4381654,0.67558277,0.006135211,0.1595169
1.218737,0.7402662,1.2274318,0.70055276,0.0061678197,0.14457312
1.1020759,0.90240556,1.6986125,0.92492557,0.68250155,0.080335595
1.8885411,0.8674032,1.9162498,0.87681687,0.026658222,0.07268376
1.2825893,0.84812754,1.3394537,0.7216046,0.24068436,0.16293305
1.3225838,0.8176123,1.3398256,0.65670645,0.005229231,0.16817692
1.4784157,0.53182137,1.5059223,0.69829476,0.007896391,0.15039802
1.8253307,0.8723292,1.8522975,0.83563405,0.008299312,0.0836705
1.5570673,0.94199705,1.5719213,0.7214452,0.0073184376,0.13542625
1.6324841,0.654982,1.3567159,0.7599795,0.29704812,0.14555465
1.7705672,0.9361114,1.7970483,0.81251353,0.010232604,0.09427226
1.2665255,0.5069293,1.2771657,0.6719825,0.010327185,0.15974392
1.6446311,0.60655725,1.660491,0.7602663,0.021342892,0.12052173
0.96040803,0.9802837,0.99390846,0.8319783,0.2061653,0.11273684
1.8737622,0.9374538,1.8918569,0.8526246,0.012117877,0.074781775
1.3794438,0.89258975,1.3790205,0.6602619,0.011097743,0.16852513
1.5247957,0.9853268,1.3308773,0.7109196,0.19377097,0.16079535
1.1670562,0.74600387,1.1943719,0.7326424,0.037566595,0.13509081
1.5817965,0.8183427,1.6288054,0.7585379,0.0490659,0.13127148
1.1871508,0.94947845,1.3234334,0.71497273,0.21692486,0.16489086
1.8477017,0.81352866,1.8929853,0.85343784,0.011818947,0.072796084
1.314314,0.5135382,1.3279388,0.65140617,0.007951645,0.17072423
1.4119308,0.9677066,1.4151568,0.6843771,0.06426309,0.16632697
1.089796,0.9205781,1.7003262,0.89434636,0.9238781,0.10971397
1.4654832,0.8716344,1.488451,0.69485354,0.009966866,0.15356831
1.1982472,0.8930669,1.1866341,0.7228092,0.02449152,0.13872711
1.3157867,0.4777029,1.3120618,0.6827349,0.053964086,0.16441196
1.8110433,0.9284807,1.8425968,0.83440536,0.0077317264,0.08585928
1.7313313,0.78919584,1.7621598,0.797568,0.016713265,0.10262611
1.0187235,0.8192267,1.320415,0.79087335,0.38478744,0.13524361
1.5363164,0.84551525,1.5501709,0.7068238,0.017584672,0.14306903
1.1134132,0.763743,1.1224698,0.7665953,0.024845,0.11945302
1.5975313,0.71544,1.5361757,0.7197099,0.098962136,0.14593938
1.7711779,0.7117312,1.7852488,0.8074356,0.008390162,0.096078485
1.5717444,0.64158577,1.5799749,0.7240867,0.008983252,0.13654153
1.5007129,0.4932784,1.5251615,0.70458937,0.005500142,0.14402337
1.5828692,0.7823286,1.6141062,0.73401505,0.005717971,0.12827493
1.3028313,0.9632586,1.320652,0.66151637,0.017117606,0.16549791
1.2795967,0.9065682,1.216362,0.7346412,0.12836602,0.14816041
1.4393959,0.72065884,1.4512956,0.6858119,0.025507377,0.16160163
1.7906494,0.9321315,1.8231237,0.823939,0.010978221,0.088088505
1.2716137,0.7885978,1.2798436,0.6777561,0.007135319,0.1555161
1.7782003,0.982977,1.824369,0.8245457,0.00700898,0.0872174
1.7333548,0.9504206,1.7465408,0.79122883,0.008674438,0.10526845
1.724744,0.9169098,1.7652614,0.8059363,0.013801947,0.096073814
1.2458259,0.49605966,1.4870472,0.75736034,0.33057615,0.14431438
1.2342613,0.64784557,1.2465975,0.69193137,0.008864021,0.1494586
1.517158,0.5198536,1.5427947,0.7121566,0.005295035,0.14009006
1.5494816,0.61145544,1.5722129,0.7174499,0.011724015,0.14083111
1.3362024,0.68244576,1.3594148,0.65864354,0.007607358,0.16428526
1.3646348,0.46100584,1.3806078,0.75768644,0.34791538,0.16595933
1.3778353,0.78263646,1.3824863,0.6551241,0.008585273,0.17009851
1.4385461,0.49260822,1.4570482,0.673437,0.0051344195,0.15825425
1.551204,0.8267043,1.5884588,0.7464945,0.073226124,0.1401533
1.26035,0.69668245,1.2662871,0.6893227,0.010309812,0.15120363
1.5194808,0.77140003,1.5220923,0.7098023,0.021453446,0.14905299
1.862516,0.9673004,1.8973317,0.8551029,0.009784885,0.076442726
1.2455083,0.62111455,1.2434115,0.68881583,0.007161391,0.14879954
1.3608291,0.7638998,1.3751156,0.6695663,0.007591729,0.16422677
1.4237547,0.5521473,1.4390571,0.66570044,0.008712998,0.16513734
1.6528969,0.68920875,1.6871545,0.76626205,0.0057025626,0.11573276
1.6547753,0.8377719,1.6691725,0.76069236,0.0064795734,0.117968984
1.0306983,0.91485566,1.0283525,0.8442643,0.06876948,0.09701713
1.829102,0.83085936,1.872386,0.85196894,0.049847417,0.07962669
1.589158,0.61686987,1.6067152,0.7358907,0.010605315,0.1296395
1.9140987,0.98083454,1.9768772,0.89814633,0.034172297,0.06267864
1.1811898,0.98093027,1.0919354,0.7725722,0.048062123,0.12101949
1.1960284,0.9525476,1.2115881,0.69613105,0.017055117,0.1469346
1.6642318,0.8131028,1.6868944,0.76326096,0.005608423,0.11520075
1.8731837,0.7708951,1.9040625,0.86257726,0.008479043,0.07206647
1.4628521,0.50461835,1.4781575,0.68449223,0.021727953,0.15759237
1.7390479,0.8442589,1.7753031,0.8072348,0.042726707,0.09922766
1.7938045,0.7580869,1.8362217,0.8324091,0.0087512955,0.087662436
1.5531412,0.7770354,1.5721197,0.72890055,0.021837657,0.14111254
1.3060782,0.5018604,1.2440104,0.76362336,0.19025038,0.14261828
2.0255597,0.9488896,2.0571442,0.92430586,0.013804639,0.04041499
2.0408475,0.9827999,2.0995026,0.9553381,0.036245383,0.039139286
1.2837322,0.55288595,1.3044975,0.6592047,0.010383666,0.16616367
1.3982786,0.5490948,1.4196961,0.66930306,0.0061965315,0.16172509
1.4314582,0.93870527,1.4404159,0.6675816,0.0074106823,0.16088262
1.3941818,0.7353139,1.4070969,0.6751102,0.0315146,0.16877986
1.3854903,0.52151555,1.4031055,0.65600157,0.010145003,0.16959713
1.8047254,0.7974792,1.8373256,0.8282852,0.0093805175,0.09047954
1.7443012,0.9072787,1.773643,0.8071502,0.008641173,0.097142175
1.4605184,0.468733,1.4780519,0.6793189,0.0055549243,0.15420377
1.2225931,0.6236012,1.2346816,0.69194365,0.01071019,0.14953785
1.4139694,0.56626654,1.4335554,0.6694224,0.0046772105,0.15995085
1.1289122,0.847655,1.094806,0.7992371,0.18622375,0.12379973
1.3754618,0.5088697,1.5944996,0.7907945,0.32744157,0.13278003
1.082596,0.7297616,1.0171359,0.81947136,0.09828861,0.10950192
1.6900482,0.9062817,1.7063577,0.77513504,0.0060541807,0.11046871
1.1626967,0.90723383,1.1160347,0.77884245,0.11812376,0.13035683
1.6088433,0.7391925,1.6221163,0.743906,0.0059699635,0.12591122
1.0184863,0.7781818,1.328748,0.7437035,0.22341256,0.15581846
1.7243366,0.7498152,1.7709386,0.81942147,0.1372263,0.10256102
1.9209241,0.83955663,1.9572504,0.8910455,0.19447014,0.08040202
1.4037801,0.54593164,1.324976,0.71469843,0.20350608,0.16582249
1.4722563,0.9290169,1.4635198,0.6958953,0.059919227,0.15995197
1.3552598,0.8022643,1.3709457,0.66370153,0.005444822,0.16570133
1.161115,0.9989082,1.2413065,0.72406304,0.07437623,0.14512095
1.6495374,0.6727548,1.6600969,0.7694323,0.031502046,0.12464328
1.7545183,0.79863864,1.7735403,0.79930097,0.006625936,0.10005985
1.3521245,0.5174568,1.3789914,0.6530359,0.0062064673,0.17111056
1.1372619,0.7249835,1.1394668,0.77312165,0.17789099,0.1325578
1.8723007,0.86165816,1.9194057,0.87216336,0.008852899,0.06921756
1.6193125,0.8242959,1.636452,0.74552405,0.0063059437,0.12374458
1.5844809,0.9126437,1.6071787,0.73297346,0.0057827984,0.1301475
1.6017342,0.8381584,1.5891743,0.75735503,0.105526164,0.13175839
1.742665,0.9476096,1.7724013,0.80183715,0.0075950604,0.09670873
1.6003159,0.55465657,1.6234806,0.73846525,0.008436577,0.13023075
1.3329773,0.7263989,1.3308473,0.65980893,0.02053072,0.17119032
1.862095,0.79682404,1.8799744,0.84634143,0.009892665,0.07906508
1.4262722,0.8041422,1.3938224,0.6732409,0.04693278,0.16790839
1.6498559,0.62398976,1.6859896,0.7678603,0.00565722,0.11366366
1.9491667,0.87300897,2.0016482,0.91543996,0.13407905,0.06100431
1.0281433,0.9431057,1.0965958,0.8354689,0.21588907,0.10916324
1.2532377,0.53992337,1.2562544,0.68472373,0.018373976,0.15786895
1.5375327,0.63074094,1.5564659,0.72143245,0.006097621,0.13541226
1.8615834,0.9005474,1.6756094,0.79366225,0.4229027,0.1386298
1.3294542,0.92133605,1.3372321,0.65318406,0.014933401,0.17316471
1.7250792,0.94655365,1.7460482,0.78520894,0.007704629,0.105982274
1.2179165,0.8593329,1.2191253,0.710288,0.012523893,0.13913359
1.7848471,0.84186655,1.7800279,0.82666504,0.2126289,0.10427711
0.94932866,0.93946314,1.1051764,0.84510225,0.32996646,0.11594032
1.7220267,0.74427766,1.4748998,0.7277587,0.18309331,0.152961
1.8290557,0.9659563,1.8370545,0.8287349,0.007448425,0.08772421
1.1823943,0.634532,1.2192535,0.7803209,0.17567022,0.1352409
1.855252,0.9522367,1.7564337,0.82139206,0.2255829,0.11021721
1.3620539,0.9435214,1.3814654,0.7375138,0.28456664,0.16710766
1.6480088,0.59686065,1.6725745,0.7682892,0.025787095,0.119230084
1.7722956,0.7265662,1.8018405,0.8127071,0.013721419,0.0925839
2.023659,0.95799243,2.0728254,0.95024985,0.15994786,0.0516965
0.9871141,0.9468502,1.5307188,0.79045904,0.3860913,0.13516161
1.6532735,0.6489293,1.1883013,0.7629707,0.13680784,0.13776132
1.7387822,0.75003886,1.2727833,0.7949875,0.28994128,0.13860358
1.9115202,0.99979293,1.9432778,0.87813956,0.008518518,0.06587547
1.7197065,0.75243145,1.7451408,0.7905753,0.006610901,0.10399831
1.6150004,0.74854904,1.6288657,0.7424253,0.009174704,0.1266848
1.4843085,0.87882525,1.4814589,0.7087546,0.117464304,0.15910545
1.2181698,0.85228425,1.182234,0.7294591,0.05286435,0.14213784
1.0417539,0.71293294,1.3178217,0.8141153,0.36501363,0.1369336
1.2709284,0.47274393,1.3108788,0.68618345,0.039729204,0.15899485
1.787371,0.96394736,1.815186,0.8233774,0.036006045,0.09050047
1.0622888,0.98665935,1.0215379,0.8223665,0.0330445,0.099455945
1.8528872,0.90346104,1.8977494,0.85820997,0.00789143,0.07637481
1.4657811,0.9267442,1.4789577,0.6791167,0.0059579345,0.15689313
1.353589,0.8611527,1.3576531,0.66368055,0.004611615,0.16576082
1.7529463,0.6578274,1.4310293,0.73067325,0.21661276,0.15874274
1.4018272,0.86831886,1.4068606,0.6607725,0.00854263,0.16646351
1.153572,0.6916354,1.334769,0.7437602,0.25330213,0.15886478
1.3613182,0.8610689,1.3564343,0.66451514,0.029379813,0.17630906
1.2188631,0.6797268,1.7876723,0.89202374,0.6510393,0.09250628
1.4645886,0.5577373,1.4252317,0.7300995,0.12391201,0.15007786
1.807038,0.9581,1.8632882,0.8473107,0.04727645,0.08500124
1.9308493,0.8159525,1.9692109,0.8887587,0.009373981,0.06104782
1.4106283,0.48570347,1.4180927,0.68219805,0.018512508,0.16134652
1.6811421,0.9425305,1.5169022,0.715688,0.060355112,0.14945784
1.3618066,0.47135207,1.3764415,0.66636646,0.04086739,0.17648247
1.1282295,0.74555475,1.5266993,0.79578644,0.38544163,0.13100055
1.4907453,0.48273003,1.4483643,0.73093116,0.12990238,0.15531486
1.7713449,0.91903937,1.787144,0.808,0.00998406,0.094963074
1.2626863,0.905447,1.2509401,0.7174388,0.030697342,0.1437689
1.8812919,0.92033494,1.907635,0.8626381,0.01264649,0.07180582
1.3663026,0.6115345,1.3359108,0.7213413,0.1757415,0.1699199
1.5682026,0.79313374,1.5707095,0.7389612,0.0718249,0.14805868
1.2454015,0.5384303,1.2608631,0.6806382,0.010406152,0.153807
1.664169,0.8945271,1.6855271,0.76132953,0.038058277,0.12146281
1.5425379,0.8077201,1.5457056,0.70980793,0.0057347366,0.13948807
1.650338,0.6197271,1.6897724,0.762059,0.0058497526,0.11426753
1.1310742,0.9068527,1.2096896,0.7530303,0.17093126,0.14336643
1.3714782,0.5971412,1.3927813,0.6641847,0.006270975,0.1670803
1.3593136,0.43609124,1.3495753,0.6655897,0.022184752,0.17146853
1.881409,0.7823237,1.9361265,0.87373614,0.080947325,0.07533289
1.8738796,0.8241117,1.9184232,0.8660316,0.011346188,0.07093427
1.4513193,0.53444606,1.4683557,0.6908848,0.013819404,0.15496005
1.7555676,0.8013713,1.7869267,0.8067507,0.0074877418,0.0951221
1.3655223,0.64681566,1.372623,0.65836865,0.0075328164,0.169474
1.4251444,0.92246807,1.4360726,0.6752219,0.0047141276,0.1590015
1.8748219,0.9981502,1.9437792,0.8835094,0.023538832,0.06290898
1.7751092,0.7985319,1.7956936,0.82030666,0.051013283,0.098392606
1.3335229,0.79621863,1.3827527,0.71809775,0.1620087,0.16086487
1.9899216,0.8579086,1.3481648,0.8967859,0.548327,0.1002058
1.8118538,0.8252309,1.8344696,0.82911664,0.008032793,0.08680046
1.1533806,0.75105095,1.1026437,0.7644924,0.0697161,0.12638178
1.4491242,0.8685769,1.4746377,0.6777742,0.0065007783,0.1551158
2.087184,0.9929724,2.1522958,0.9737528,0.08623998,0.037250865
1.0249646,0.7313006,1.2321682,0.8313634,0.4118412,0.13705604
1.229696,0.579776,1.5336432,0.78388095,0.39058897,0.13300031
1.6437731,0.96353585,1.6612651,0.75581646,0.005720957,0.118855886
1.598382,0.6752946,1.4407904,0.76192516,0.3076154,0.14864533
1.7371864,0.92090213,1.6957498,0.7939406,0.23203059,0.12361035
1.1664057,0.70952946,1.214978,0.7655849,0.21279189,0.14502831
1.4170188,0.50054663,1.431324,0.67359835,0.0065915682,0.15836872
1.4035658,0.69521683,1.4186883,0.674028,0.004803727,0.16004689
1.552345,0.8897361,1.5729167,0.72333986,0.013843111,0.13975208
1.2959726,0.6570271,1.2113423,0.7354328,0.13655458,0.14788604
1.2364222,0.57038623,1.2296779,0.6969161,0.055784006,0.15421653
1.5016458,0.7696919,1.5160902,0.7019363,0.0075656455,0.1461551
1.9828496,0.96695143,2.0216734,0.91334766,0.018772569,0.04756645
1.344209,0.7407752,1.3392088,0.6525073,0.006302189,0.16862097
1.6802127,0.66214895,1.4959116,0.81943136,0.42645705,0.1263555
1.4048971,0.5983555,1.4332402,0.6877747,0.042769138,0.16808596
1.1788869,0.5786723,1.1275649,0.81250376,0.20014197,0.1239007
1.6294714,0.6103249,1.6662807,0.76618147,0.017686982,0.117927484
1.5167716,0.7562459,1.5468154,0.71127164,0.004859684,0.14093848
1.1801267,0.64684886,1.1322482,0.7601263,0.056995492,0.1288341
1.0692251,0.90787065,1.0480323,0.80724025,0.07020239,0.107621334
1.3142595,0.5128621,1.3371863,0.6646087,0.0052549965,0.16413869
1.0398273,0.8226919,1.1648266,0.81114346,0.23197459,0.12721394
1.6765264,0.667323,1.0873294,0.81689733,0.23362231,0.12286347
1.7676927,0.8175177,1.8065517,0.8180173,0.007425464,0.09301684
1.5661253,0.7500275,1.587318,0.7264715,0.0059300964,0.13316493
1.7872095,0.79894406,1.8355646,0.8292974,0.01520225,0.08245152
1.8378496,0.9398577,1.862351,0.8416621,0.007943687,0.08145575
1.1567702,0.7459444,1.1336015,0.790202,0.1259852,0.124164656
1.3455604,0.45751062,1.371743,0.6560872,0.018507654,0.17262004
1.1321683,0.75182486,1.2419171,0.7740624,0.20753841,0.14277878
1.8799672,0.8878535,1.9154088,0.8652145,0.010541007,0.0706725
1.28829,0.5928694,1.3320198,0.67628276,0.077835456,0.17424658
1.5830321,0.97666776,1.550281,0.7228001,0.1362405,0.14844684
1.4758891,0.65336704,1.5008135,0.6926778,0.0048563965,0.14961241
1.9900165,0.87162304,1.7615201,0.9039941,0.42074105,0.09021546
1.3054032,0.72946835,1.2825656,0.7061045,0.12946293,0.15877722
1.2355053,0.63804126,1.2627504,0.686668,0.012866653,0.15290265
1.3217161,0.8498817,1.2721863,0.74025625,0.22657123,0.15130731
1.3501718,0.4013586,1.3575115,0.6559074,0.008554858,0.1691705
1.7347909,0.9602497,1.7604856,0.7994675,0.0067293844,0.09852763
1.6041939,0.83508426,1.555372,0.7798269,0.10997606,0.12686875
1.4126992,0.9215506,1.4278953,0.6640002,0.005972019,0.16205406
1.4116603,0.9842775,1.3918874,0.69227016,0.04956976,0.16780521
1.5771077,0.95702857,1.3606226,0.73334986,0.2645794,0.15627904
1.5300756,0.8977713,1.6764266,0.79000026,0.2452702,0.12534285
1.5744045,0.6564879,1.5819716,0.7403759,0.031237269,0.13768099
1.6186658,0.76267964,1.6354139,0.7465749,0.006025255,0.12277969
1.2453041,0.9503768,1.2493818,0.6973927,0.019426063,0.14977252
1.5662526,0.6358853,1.5881875,0.7241142,0.005900007,0.13416687
1.6538752,0.66460276,1.6841261,0.76769036,0.0065859635,0.11432099
1.3773326,0.43485898,1.3870592,0.68101513,0.03190712,0.16512747
1.4976814,0.6803292,1.5242426,0.700442,0.005580307,0.14489096
1.4783262,0.5546799,1.4531577,0.7499584,0.1683629,0.14992839
1.9742855,0.99409705,2.0202982,0.9118113,0.012085517,0.051931184
1.1875148,0.8276211,1.121504,0.7724289,0.094135,0.12493262
1.2705187,0.53284377,1.29126,0.7408892,0.21485052,0.15703194
1.6187832,0.8023402,1.6387734,0.7494082,0.007534293,0.12472162
1.4520537,0.5822277,1.4598534,0.67829925,0.018387677,0.1653108
1.9746149,0.84167856,2.021299,0.9179973,0.011347005,0.05084139
1.242514,0.486947,1.1951103,0.7663724,0.13864844,0.13648528
1.0903317,0.8622326,1.1945884,0.7873596,0.28610343,0.13559833
1.7136776,0.8917294,1.7075553,0.80280125,0.09581437,0.106678754
1.1428202,0.98195404,1.1311057,0.76660806,0.023381261,0.11954394
0.95739645,0.97501135,1.0870874,0.81144387,0.15039557,0.11702214
1.056592,0.8644735,1.1982739,0.7540834,0.16089503,0.1446409
1.8161843,0.9712825,1.8489528,0.83585197,0.007931334,0.08223548
1.4103295,0.54738545,1.4220777,0.67090786,0.00463,0.16233712
1.6125351,0.79237425,1.6400151,0.74362797,0.005623987,0.12531929
1.3577801,0.9147444,1.3622594,0.65774226,0.0058890576,0.16660026
1.7605662,0.98749316,1.8082945,0.8175917,0.008072083,0.09293853
1.3229811,0.8223365,1.3447218,0.65559274,0.005595846,0.16716938
1.5794258,0.9397715,1.5998876,0.73238575,0.0104334485,0.13377649
1.7659842,0.8699902,1.7933409,0.8129281,0.007988599,0.092332184
1.8147454,0.8957059,1.7202039,0.8240448,0.20680946,0.10439596
1.1314682,0.7162066,1.1397483,0.73961353,0.008441672,0.1266162
1.6352166,0.8619523,1.6729617,0.7748731,0.03312953,0.11714247
1.3093373,0.4480658,1.3239613,0.6587203,0.014014003,0.1718053
1.3750671,0.9052698,1.4112518,0.6749377,0.07154701,0.17598361
1.4450603,0.49350274,1.4666054,0.6819268,0.0058501596,0.15516233
1.5851055,0.9485311,1.6872275,0.8139319,0.43474576,0.12390808
1.609407,0.8462592,1.6299176,0.74383557,0.005647167,0.12549265
1.7631476,0.78570634,1.7901251,0.81112283,0.009330453,0.094336204
1.3070303,0.74717206,1.3201602,0.65807843,0.0056622745,0.16619624
1.4527905,0.9938024,1.4586494,0.66935754,0.021841543,0.16723855
1.0636446,0.7801626,1.0466863,0.82022315,0.10481568,0.11306388
1.2597502,0.56441236,1.2655978,0.67122096,0.025209822,0.16654876
1.3987898,0.574013,1.4113998,0.6609865,0.0075635747,0.16805135
1.158517,0.88255125,1.1167669,0.7819319,0.07598143,0.1208722
1.2884514,0.4703177,1.2457399,0.7250068,0.13118507,0.1532441
1.2962021,0.7213826,1.2891793,0.7049898,0.11186936,0.16317415
1.1530541,0.6226813,1.1512649,0.7384528,0.014320516,0.12739782
1.4860063,0.711253,1.4874682,0.6888933,0.020685475,0.15820819
1.3831787,0.6122663,1.404753,0.6628239,0.004878271,0.1667295
1.4565437,0.70426863,1.27054,0.74271214,0.15674444,0.14913237
1.9471722,0.9931557,1.7884977,0.8795072,0.61917275,0.09317591
1.3630276,0.49120727,1.3082135,0.7123896,0.21841794,0.16832027
1.2490791,0.60718703,1.2509358,0.69769263,0.015168223,0.14785495
1.4058051,0.62000376,1.4266098,0.6675376,0.019944096,0.16986603
1.3076669,0.5945569,1.3095825,0.68668985,0.063819155,0.17050116
1.5682304,0.80026186,1.5787385,0.7240477,0.0052645677,0.13402712
1.6444468,0.6633285,1.6618538,0.75605744,0.0060953298,0.120764226
1.5925002,0.6282075,1.6298265,0.74302894,0.017998103,0.12519607
1.2648343,0.9592316,1.192956,0.7313799,0.09440257,0.14881678
1.2884755,0.5618699,1.2968273,0.6643325,0.007438856,0.16308042
1.2482628,0.9149359,1.3239164,0.7730927,0.27707878,0.13864692
1.4208374,0.9562116,1.4369318,0.6691824,0.005790146,0.16122235
1.7594618,0.70655763,1.6999147,0.8343701,0.3168095,0.10932327
1.0317239,0.74282295,1.136039,0.79952973,0.18990892,0.12543438
1.5396365,0.8415866,1.547544,0.7068626,0.0063484074,0.14170007
1.2591643,0.5362222,1.3018723,0.6803831,0.057931907,0.16385747
1.5518789,0.57368165,1.5918021,0.7273023,0.017148057,0.13583839
1.903088,0.7675029,2.0350475,0.92288446,0.17521857,0.067456976
1.2979565,0.94327337,1.3221495,0.65792775,0.017093156,0.1710069
1.2795534,0.9492361,1.2857265,0.68067026,0.0052558538,0.15506004
1.3733177,0.52049446,1.3825958,0.66231275,0.0065404912,0.16632207
1.7145071,0.94635504,1.7355502,0.79532653,0.054630656,0.11215279
1.6291946,0.8531619,1.6519766,0.7555098,0.007533118,0.12078852
1.5902082,0.575698,1.6147838,0.7364898,0.0058946,0.1261305
1.2598733,0.83491606,1.3520305,0.7245196,0.17770919,0.15693592
1.762744,0.7992382,1.7903771,0.8050779,0.007862187,0.0981851
1.6068335,0.60647774,1.6387074,0.75048786,0.0066593927,0.121145085
1.0045696,0.7706907,1.1033101,0.81621605,0.25614476,0.124626525
1.3338073,0.8711128,1.3449569,0.6533321,0.010258741,0.17183955
1.9651048,0.92519534,2.001954,0.90052384,0.011998864,0.052139066
1.2810462,0.68779635,1.4190125,0.79084384,0.3710837,0.14048521
1.8765112,0.7709974,1.9168975,0.8694512,0.008500639,0.06904262
1.3819848,0.94246614,1.4210193,0.6901638,0.08157764,0.17087777
1.1542146,0.88503504,1.109062,0.76084197,0.026875133,0.121378355
1.2942979,0.92213935,1.2779312,0.68906546,0.036034565,0.15836148
1.8001497,0.81259435,1.5976064,0.8514877,0.5016614,0.102424555
1.4036398,0.5636484,1.3933263,0.70292354,0.15009995,0.17198764
1.84977,0.83970267,1.8930278,0.85582966,0.007857308,0.0767601
1.4013761,0.71744716,1.4183099,0.68191683,0.011260618,0.15993483
1.1041772,0.6448427,1.1152619,0.7763829,0.04630525,0.12302764
1.5190525,0.67858726,1.3134708,0.7737793,0.33111235,0.14856105
1.0422425,0.70419407,1.0547736,0.83027095,0.138824,0.10865913
1.9972776,0.8512366,2.0367327,0.92464375,0.023696994,0.044818826
1.9131229,0.89284074,1.9515529,0.8770324,0.01897829,0.06423367
1.757423,0.762097,1.7975895,0.80711687,0.0065803635,0.096796505
1.3524169,0.9387654,1.5900083,0.76137245,0.22701438,0.139357
1.4310879,0.68508714,1.4488556,0.6688841,0.00658853,0.16202733
1.3236359,0.50630593,1.2243929,0.7496493,0.16690895,0.14318253
1.7950491,0.9055324,1.8361301,0.82850486,0.0071920417,0.088928334
1.8405775,0.8653781,1.8597124,0.84096277,0.02058104,0.082095586
2.0160534,0.9100282,2.054875,0.92877716,0.018620647,0.043420743
1.493969,0.66080475,1.5124428,0.6959993,0.009272297,0.14749034
1.3914845,0.4895702,1.4027591,0.6748446,0.03542737,0.16705169
1.3107327,0.46515468,1.3222375,0.6730246,0.021446044,0.16628106
1.1986121,0.6639543,1.2680297,0.70651287,0.08173367,0.15733966
1.2391676,0.5983655,1.0792061,0.8079721,0.20847593,0.12431868
1.8426881,0.8712929,1.8871028,0.85775465,0.007967514,0.076081075
1.6474098,0.62116885,1.6827941,0.7688811,0.007793633,0.11413512
1.2100507,0.6042488,1.2589679,0.7545469,0.1918817,0.14752127
0.9902737,0.848245,1.0154476,0.873878,0.24492717,0.10339393
1.802787,0.88547254,1.8530345,0.8289043,0.00939403,0.087973826
1.6445107,0.98062533,1.6382706,0.75921124,0.055063136,0.1317102
1.4048789,0.9988205,1.4999654,0.76378036,0.41561738,0.15928791
1.0360923,0.87796205,0.95069337,0.85453814,0.0807701,0.09605115
1.4175704,0.8334538,1.4361567,0.6839561,0.01431943,0.15982841
0.950965,0.8935165,1.1954648,0.792182,0.27089816,0.1330251
1.9420918,0.85080475,1.5058725,0.8201514,0.4624154,0.13179041
1.3276272,0.6930116,1.3385575,0.6525046,0.013342457,0.17551911
1.8366787,0.9194514,1.8741262,0.8432216,0.010704232,0.08081643
1.5408242,0.7241682,1.566263,0.7344116,0.07874246,0.1413015
1.2193055,0.8003088,1.2396245,0.68548346,0.0073777945,0.15068369
1.7169442,0.89240164,1.5142026,0.7546163,0.40212682,0.14715302
1.6245248,0.83461815,1.6421168,0.75286627,0.0067548524,0.120862134
1.2440481,0.7264981,1.263511,0.69077826,0.038558405,0.15830746
1.6543418,0.66380817,1.6829746,0.7759645,0.01587404,0.11383551
1.5206629,0.75382924,1.5436697,0.7074941,0.006522646,0.1415199
1.5615902,0.88849586,1.5560164,0.78055173,0.19660556,0.13706143
1.6150106,0.6692094,1.5378597,0.7299617,0.10797337,0.14496496
2.0698388,0.9296609,2.1214383,0.9643939,0.017207712,0.030773567
1.2990353,0.76969844,1.2933438,0.6651336,0.013658509,0.16522452
1.6528075,0.7431748,1.6862876,0.76421237,0.005959233,0.11605427
1.5833904,0.7134629,1.4748313,0.7348239,0.26249456,0.14801551
1.6829033,0.77667314,1.6798539,0.7875658,0.065565415,0.117804416
1.7021823,0.9662707,1.720809,0.7811966,0.007875913,0.10700326
1.7978623,0.6876338,1.7755048,0.822905,0.12467315,0.10148434
1.5667922,0.65177625,1.5846663,0.7288319,0.0057547493,0.13101012
1.7802572,0.9238347,1.8064728,0.8141233,0.0066448557,0.09265164
1.4767991,0.53422266,1.4864151,0.6873152,0.025480758,0.16200139
1.5074046,0.7376314,1.5258043,0.70155865,0.0054307193,0.14372152
1.0690827,0.7504275,1.1240814,0.80100447,0.09540883,0.11868965
1.5384685,0.8792262,1.4179294,0.7500676,0.27548772,0.14722222
1.8625449,0.8344678,1.8839982,0.85723346,0.008270912,0.07677773
1.5660365,0.6790346,1.5993602,0.73200285,0.024298614,0.13499862
1.8631544,0.88086647,1.8979864,0.86471087,0.03865943,0.07333094
1.4181437,0.96748954,1.4456275,0.72675395,0.20728776,0.16211867
1.3758702,0.8658854,1.3869643,0.68075466,0.06018699,0.16746666
1.6081623,0.81911105,1.6393776,0.74555343,0.0125190625,0.12294237
2.0482874,0.9578915,2.1080964,0.96067125,0.03304242,0.03583717
1.7422246,0.7710711,1.7385056,0.8099306,0.07379196,0.10080511
1.5177892,0.9683148,1.5395222,0.7114482,0.025098776,0.14828934
1.0561377,0.7407898,1.0438504,0.8480593,0.19729532,0.10912157
1.5252957,0.8172551,1.5541673,0.72540104,0.024664098,0.14183585
1.2429103,0.5481102,1.3977041,0.7542381,0.2983639,0.14950058
1.2434808,0.70537794,1.3773189,0.7840328,0.32601842,0.13887036
1.5436639,0.8132466,1.499614,0.71725905,0.13017896,0.15578644
1.0107472,0.7803545,0.9719097,0.8853153,0.11089047,0.09001363
1.0277385,0.947516,1.2519484,0.7767487,0.3172943,0.14691588
1.4165933,0.63330346,1.6377242,0.77224153,0.33817077,0.12494022
1.2695578,0.4576879,1.3109844,0.75973356,0.24240753,0.15079662
1.3314414,0.47169712,1.3469806,0.66643,0.00687587,0.16364543
1.2403772,0.6823632,1.1958423,0.7571767,0.09009598,0.13741893
1.4278705,0.68691933,1.4539804,0.6737545,0.0052112937,0.1594689
1.6366384,0.61681986,1.5614033,0.7723018,0.33717576,0.13883066
1.3485922,0.586963,1.3684573,0.67291844,0.049548246,0.18007225
1.870732,0.8678785,1.9192986,0.85814744,0.011123081,0.07356795
1.9117287,0.9256891,1.0991753,0.8505114,0.26765522,0.11787015
1.6787941,0.8898629,1.6984372,0.7678534,0.006142353,0.11404366
1.2285935,0.7557655,1.2351487,0.70147693,0.012889236,0.14567514
1.3050427,0.9177529,1.3112805,0.67260444,0.004678355,0.15979087
1.372517,0.61694384,1.3682265,0.6977876,0.11431355,0.1636212
1.7973912,0.69110584,1.8328857,0.8342315,0.010314862,0.08755712
1.889658,0.8433667,1.9204257,0.8598038,0.012485008,0.07267385
1.6966288,0.72702026,1.7186813,0.77641183,0.0057031857,0.109517135
1.3531101,0.5832087,1.3614888,0.65781695,0.015319986,0.17162804
1.2402598,0.9852155,1.3254735,0.78611994,0.2591163,0.13904239
1.4375904,0.49224952,1.4551201,0.6726061,0.007981997,0.15834834
1.9898758,0.86659706,1.984448,0.924126,0.28305703,0.06501986
1.2814211,0.9806484,1.2831032,0.68200684,0.0083964495,0.1542052
1.4590496,0.707239,1.4159031,0.6912631,0.0914322,0.16545437
1.7355204,0.69732684,1.7606525,0.8094741,0.06708484,0.1034844
1.6789743,0.6691997,1.7166581,0.7772678,0.008158431,0.10924852
1.602553,0.7309832,1.626868,0.7415235,0.008017285,0.12835018
1.3654475,0.7265953,1.3832617,0.6748662,0.043708686,0.17136812
1.4382986,0.52986753,1.4537954,0.67852676,0.0051244036,0.15730545
1.8099527,0.9876475,1.8134968,0.8393811,0.12613556,0.092297465
0.98309344,0.98009133,1.1053739,0.80897295,0.23877533,0.12488097
1.4056338,0.5337271,1.4234843,0.6694821,0.018623693,0.16955593
1.6121385,0.92432123,1.6364553,0.74062973,0.008584606,0.13058664
1.1043348,0.6199605,1.1023774,0.79366297,0.16593564,0.12394409
1.5584415,0.54258543,1.5789349,0.73488826,0.039333273,0.13611145
1.503975,0.6172451,1.5304956,0.704223,0.0060029444,0.14525546
1.6964867,0.9935345,1.6093287,0.80502415,0.35544777,0.12484729
1.3469833,0.79125863,1.359905,0.65508115,0.0057779886,0.16837898
1.6360052,0.66985255,1.6563346,0.7517234,0.0086963745,0.12167566
1.4623022,0.68963283,1.4166572,0.6733575,0.042192362,0.16625626
1.9848261,0.92047626,1.3943799,0.7916466,0.39330342,0.14360166
1.1250074,0.8603452,1.1123998,0.75637555,0.017852258,0.12003725
1.4581553,0.58583313,1.479481,0.6927524,0.019452365,0.15770508
1.0281714,0.9561129,1.2520487,0.7410823,0.20927621,0.15608358
1.7279513,0.6717314,1.7543616,0.7953504,0.008225875,0.10027396
1.8168222,0.719388,1.878073,0.8512445,0.014561809,0.076741196
1.1307294,0.7605871,1.2122405,0.7736708,0.16616407,0.13558958
1.544857,0.5510487,1.5568349,0.7169138,0.010704932,0.14002687
1.1701355,0.5910889,1.3041255,0.7337491,0.17122796,0.15588008
1.4256762,0.5040584,1.4935706,0.77384317,0.4879041,0.16905889
1.2818348,0.5462916,1.2713926,0.67336494,0.012249377,0.16241723
1.8809859,0.7947788,1.9272468,0.8707139,0.008554854,0.070682816
1.2572162,0.49619156,1.2447755,0.6915895,0.0137710795,0.15208228
0.95552975,0.98771363,1.0826633,0.8449759,0.25742346,0.11101148
1.5947704,0.58775276,1.6245553,0.7420565,0.008314597,0.12420394
1.4110096,0.88996196,1.3768375,0.733566,0.1842495,0.15981779
1.5187358,0.92854375,1.5423875,0.70962995,0.0049246238,0.13990067
1.233661,0.75848347,1.2060344,0.7302406,0.10845312,0.14890899
2.107161,0.9786378,2.1680114,0.97453314,0.04041108,0.028814286
1.7289692,0.6735934,1.7698138,0.80106056,0.008337874,0.09572348
1.6260473,0.60607827,1.6188037,0.74211526,0.007102684,0.12572432
1.6478443,0.9024836,1.3172834,0.75304866,0.22468892,0.1447563
1.1012714,0.81882894,1.1433525,0.79934627,0.06492806,0.11337329
1.7817864,0.9284117,1.7976801,0.8323505,0.10566206,0.096125975
1.5977126,0.88353485,1.6263711,0.738762,0.0050493334,0.1271895
1.7311039,0.72982645,1.5367515,0.8145613,0.7588695,0.14774121
1.9408829,0.95236474,1.9726765,0.8954992,0.014738829,0.058350913
1.4633871,0.8738093,1.4815962,0.68725944,0.0055238884,0.15293023
1.4730558,0.8551569,1.5084858,0.7114446,0.025863789,0.14807445
1.4113939,0.5727739,1.4315453,0.6747916,0.0057780687,0.1601507
1.4373218,0.7236116,1.4565735,0.6855444,0.014636161,0.1559503
1.5359163,0.71813345,1.4264569,0.76304394,0.3080502,0.14383025
1.8777045,0.8174574,1.9281948,0.86877245,0.014971741,0.06667337
1.4668902,0.94560075,1.3087077,0.799714,0.38948876,0.14470382
1.7751596,0.69743305,1.8062737,0.8200025,0.029380457,0.09304913
1.5654922,0.85787374,1.5858226,0.72662455,0.006892555,0.13478301
1.0953394,0.9716436,1.1956687,0.78384733,0.1926693,0.13174033
1.854225,0.7732433,1.8928635,0.85201436,0.010245405,0.073708855
1.4739275,0.7776901,1.495472,0.69095814,0.0064098076,0.14880681
1.6402011,0.9744479,1.6730962,0.7612972,0.008044426,0.116517045
1.8675795,0.95560694,1.8966179,0.8626599,0.06298114,0.08268412
1.5937715,0.98015666,1.6165831,0.73423153,0.011656743,0.13342729
1.3219405,0.5789312,1.3269284,0.6727406,0.054276314,0.17260252
1.3578135,0.9134729,1.3056982,0.72874945,0.14900048,0.15582031
1.2284019,0.711792,1.2327068,0.6983453,0.00612818,0.14441255
1.6583002,0.8809683,1.909159,0.88117343,0.13185224,0.079341836
1.3305882,0.48152655,1.3582449,0.6587201,0.0117570255,0.17114322
1.3525146,0.45765004,1.4002514,0.7258985,0.26857325,0.15853156
1.248927,0.51608694,1.2193778,0.7022388,0.04409321,0.15096194
1.226607,0.93284947,1.5417185,0.72917813,0.072580166,0.14463171
1.315174,0.5521042,1.3212521,0.6532849,0.0075900783,0.16704541
1.3570857,0.47897795,1.3570127,0.6589121,0.011057706,0.17172523
1.1486487,0.7785568,1.1067238,0.7782871,0.1088061,0.12902036
1.6816146,0.7270472,1.4800174,0.8167844,0.5462743,0.13421647
1.4170216,0.4603273,1.4390316,0.66972494,0.0046934257,0.16056201
1.6204003,0.78706115,1.6401737,0.75565886,0.043760844,0.13024785
1.5270734,0.8763109,1.5321028,0.7147603,0.025122538,0.14547086
0.97608197,0.9582357,1.1920674,0.8020188,0.2395242,0.13100597
1.9392838,0.9942549,1.9621737,0.88614357,0.010967846,0.0609077
1.5276774,0.8819624,1.5534647,0.7141831,0.0059115505,0.13946405
1.9177499,0.8618773,1.9529667,0.8836792,0.016149998,0.060577568
1.0462106,0.7426454,0.994134,0.8438793,0.16787025,0.10908335
1.6086838,0.6341752,1.6181738,0.7423488,0.026375894,0.13401204
1.5700194,0.9802876,1.6077917,0.73334765,0.009710861,0.12927686
1.2746775,0.6646151,1.3387396,0.6967317,0.10334659,0.1655868
1.3143517,0.46260324,1.2861965,0.6879263,0.049214877,0.16213487
2.0218117,0.98177034,2.0567932,0.9254982,0.022534655,0.042497747
1.3825275,0.49448198,1.4014473,0.66881174,0.021476183,0.17038849
1.1816047,0.72742987,1.182615,0.7241784,0.009827555,0.13370387
1.216262,0.6547576,1.1670436,0.7326763,0.03761713,0.13690993
1.6769747,0.699906,1.7010076,0.7670336,0.0063358936,0.1141543
1.5618615,0.7124356,1.5968285,0.7324416,0.007414044,0.13067757
1.713391,0.876892,1.4031522,0.76317704,0.31860194,0.14337455
1.5399714,0.5568634,1.432066,0.7279741,0.18327099,0.15255818
1.096202,0.79715943,1.0940052,0.79992384,0.1692791,0.12132614
1.5495915,0.97971064,1.5708032,0.72448564,0.008895721,0.13539402
1.4315218,0.60512817,1.442874,0.67271584,0.008471575,0.16229813
1.3779521,0.8773396,1.3908951,0.65921897,0.0061893323,0.16848129
1.2266254,0.6044411,1.2334988,0.75582045,0.22289868,0.14773521
1.7449893,0.8425765,1.7719738,0.80312544,0.0068102973,0.09733618
0.993676,0.85355455,1.2699668,0.8415379,0.44706172,0.11733307
1.612416,0.6716715,1.6330101,0.75850374,0.0396056,0.1282111
1.7554678,0.66384995,1.789464,0.8041709,0.0065016425,0.09773449
1.7275628,0.7634903,1.7467599,0.7926301,0.01035807,0.10266101
1.3234943,0.50192285,1.2271461,0.7807741,0.21927875,0.14270607
0.96838367,0.96809596,1.2123163,0.77149475,0.27761087,0.14318278
1.5859848,0.54287845,1.5990438,0.73910356,0.054977056,0.13878094
1.2847784,0.7273776,1.2486966,0.7136419,0.043670673,0.14768474
1.50861,0.49800608,1.5282352,0.705111,0.006090682,0.14328578
1.3387454,0.54831415,1.357054,0.65781695,0.017502427,0.17432088
1.7844406,0.68629223,1.8218884,0.8241486,0.010976107,0.08869126
0.90692127,0.96925265,1.4791012,0.71927214,0.1315476,0.1565
1.090193,0.66746634,1.1420302,0.803231,0.2428868,0.12870257
1.2317222,0.49705428,1.2432137,0.69289625,0.0058625974,0.1472233
1.4623328,0.7927456,1.4752438,0.6861729,0.005969383,0.15437543
1.9836301,0.83852583,2.0183027,0.9140149,0.023187118,0.048842683
1.360556,0.7242524,1.3787045,0.665529,0.0056713186,0.16507341
1.3933796,0.84239703,1.4052701,0.66387415,0.007411979,0.16162078
1.5363762,0.6394629,1.5096905,0.7565354,0.26141605,0.14422385
1.6628178,0.7782004,1.6909823,0.76604176,0.0055254716,0.11405998
1.5258392,0.71403646,1.5458364,0.711589,0.006744489,0.13843998
1.0153301,0.97769856,0.9746787,0.8562117,0.16138086,0.108522974
1.5116048,0.579732,1.5308771,0.70721596,0.010781332,0.146652
1.6168102,0.5987709,1.6468892,0.74747974,0.0064008036,0.12068407
1.6142007,0.6598066,1.6552136,0.75546026,0.013775171,0.11997473
1.5133567,0.99504316,1.5292842,0.7005653,0.0051973076,0.14502531
1.5545166,0.9243497,1.5612421,0.7148747,0.0061322926,0.13648432
2.1425214,0.98489136,2.1760514,0.98747927,0.079506814,0.035908643
1.4694698,0.760112,1.4816146,0.70822215,0.019307239,0.15003118
1.7689265,0.8476835,1.8088665,0.81870323,0.007333454,0.090913855
1.7510966,0.96690696,1.7784343,0.81458455,0.03536313,0.09731604
1.4958854,0.6936584,1.5101926,0.6945478,0.0129446825,0.15070795
1.9582875,0.91167945,2.0008473,0.90026516,0.012310382,0.05381556
1.0753411,0.67100275,1.5571969,0.8096619,0.47552082,0.12821119
1.7118431,0.86402047,1.7432427,0.7948002,0.008451228,0.101575084
1.3640603,0.45408052,1.4253917,0.72516006,0.23768581,0.15820923
1.1200701,0.8914554,1.3505313,0.77659714,0.3564389,0.14061685
1.1512225,0.60386735,1.0231113,0.81960046,0.09375208,0.111099005
1.408117,0.44025776,1.4140611,0.6675179,0.007625054,0.1656523
1.5028248,0.6477307,1.5115061,0.7117839,0.037655342,0.14985721
1.8500321,0.9728406,1.8661604,0.8408548,0.007883472,0.08308741
1.4929502,0.5516422,1.5155969,0.70630264,0.0064911786,0.14326474
1.8011559,0.72873986,1.8276558,0.82907146,0.009917238,0.0879877
1.7758435,0.8069179,1.8177028,0.82755446,0.065692104,0.09570472
1.3665088,0.45039332,1.4666488,0.7628727,0.3381103,0.14577988
1.4268105,0.8709821,1.4291182,0.6760555,0.009389592,0.16421418
1.5475738,0.67098653,1.5701354,0.7281801,0.03380927,0.14200278
1.2514865,0.92029035,1.249121,0.6681458,0.01812014,0.16127466
1.2849628,0.61364406,1.1594582,0.7579599,0.14494585,0.13905331
1.296442,0.57572675,1.3084793,0.677374,0.031363893,0.16343862
1.2216386,0.9584175,1.2219927,0.6956904,0.015735434,0.14604591
1.6781654,0.6147752,1.6986933,0.77493703,0.010686746,0.11340794
2.0550985,0.9449525,1.4043422,0.7796641,0.599383,0.14575756
1.5260175,0.66607666,1.5333755,0.71721065,0.009919641,0.14031978
1.5653458,0.66617244,1.5891156,0.72734505,0.0052975025,0.13325128
1.5736928,0.5443934,1.6053131,0.735109,0.005480071,0.13038263
1.0130725,0.7430612,1.0650756,0.8427747,0.18304692,0.11162574
1.650657,0.67687625,1.5843997,0.73002434,0.055775877,0.13620049
1.9083823,0.8053475,1.9483507,0.88222617,0.01952949,0.06443768
1.7625234,0.9149775,1.8047476,0.81512433,0.0064979456,0.0929841
1.5665106,0.6465255,1.3161135,0.7890891,0.37467068,0.1308466
1.5493625,0.852553,1.5709808,0.7172591,0.005685929,0.13835017
1.3606853,0.4624003,1.3659482,0.6590854,0.00798622,0.16699244
1.7404784,0.8333477,1.7212517,0.79671323,0.050806455,0.11053226
1.6883711,0.6413569,1.7073388,0.77293634,0.0073885317,0.11041851
1.8690732,0.76698947,1.6586788,0.78811324,0.33458653,0.12493971
1.3614628,0.44654286,1.3713584,0.660102,0.009836294,0.17238238
1.2037181,0.8812733,1.201267,0.70484173,0.016821003,0.14387442
1.5078672,0.7175887,1.5266676,0.7034041,0.008826775,0.14428847
1.7839578,0.8861606,1.7946291,0.8231419,0.080518216,0.09770388
1.7568913,0.9719128,1.791861,0.80448574,0.006849896,0.097673655
2.1018307,0.94243014,2.1452038,0.97504026,0.025577456,0.02832332
1.6929425,0.8084097,1.7181399,0.7754601,0.005660515,0.1100295
1.3588316,0.5754487,1.3765249,0.65923405,0.0059494916,0.16793008
1.0940068,0.9657533,1.0762193,0.79134464,0.040254593,0.11219029
1.2080032,0.58479285,1.1859536,0.7221723,0.026638659,0.13811922
1.2282325,0.504011,1.1690269,0.73343784,0.03374469,0.13670547
1.1806778,0.9019178,1.161562,0.7844254,0.23030081,0.14191289
1.3919629,0.6841773,1.4017692,0.67177427,0.03746406,0.1713659
1.3019745,0.46564564,1.2930055,0.6891841,0.03785428,0.15766588
1.3159566,0.68952733,1.3234477,0.6619468,0.011986272,0.16645725
1.9789615,0.83129054,1.8976624,0.92259747,0.16349404,0.05972235
1.758107,0.7826134,1.775002,0.8016296,0.00791801,0.099822335
1.2247499,0.5724759,1.4665136,0.7593354,0.32502747,0.1469733
1.3408282,0.9113706,1.3508713,0.74811274,0.24939135,0.16071391
1.7943388,0.6973556,1.8361242,0.831417,0.0076308884,0.085015714
1.3863276,0.8626781,1.3741465,0.67048717,0.03710458,0.1683895
1.3700085,0.9725591,1.5016456,0.74015164,0.30673662,0.1554885
1.5473323,0.7678401,1.4073701,0.739156,0.21277648,0.1517305
1.5956463,0.9355065,1.6098602,0.74074614,0.005889563,0.12577467
1.2420168,0.970253,1.1931887,0.7138097,0.04915978,0.14745219
1.9319332,0.8969025,1.5287845,0.77830464,0.41638654,0.14208502
1.4099284,0.57302225,1.4234545,0.68003595,0.0059822053,0.15837897
1.5184019,0.5585925,1.5515714,0.7127542,0.01392545,0.14136527
1.1125525,0.6684884,1.1748025,0.78615236,0.17310977,0.12870684
1.3789676,0.6376534,1.391418,0.6675161,0.008600741,0.16270338
2.1191285,0.97275174,2.160762,0.98296213,0.024411812,0.025620317
1.5288564,0.60105145,1.5489051,0.71562946,0.010098575,0.14136748
1.6592679,0.6632358,1.6857135,0.76402116,0.014158966,0.12016586
1.406854,0.7678264,1.4193125,0.6743997,0.015629627,0.16374113
1.0828104,0.87430966,1.3213782,0.73081696,0.14604358,0.15120284
1.7506912,0.65402806,1.7626977,0.8069121,0.034764845,0.09855286
1.9995663,0.90438867,2.0544448,0.9232277,0.07812397,0.050419465
1.4831474,0.5914022,1.4509082,0.6864338,0.06546457,0.16209625
1.7162144,0.8357024,1.7393653,0.78480184,0.0062360843,0.10514078
1.1321764,0.59624076,1.2581317,0.7572026,0.25408435,0.14817351
1.6195126,0.72847205,1.589386,0.7711251,0.30954254,0.1448459
1.4625909,0.83448374,1.3745155,0.7236892,0.17076467,0.1520288
1.1451712,0.57314205,1.132638,0.78386515,0.104631774,0.12466911
1.4611562,0.58178055,1.4458611,0.69608366,0.059114765,0.1685045
1.9269304,0.9128049,1.9734414,0.8891919,0.047662996,0.05896102
1.3633976,0.9808033,1.37094,0.65578115,0.007398089,0.16953807
1.3126323,0.577226,1.1713821,0.81105375,0.28059733,0.1344777
1.4664176,0.5055027,1.317493,0.7217388,0.13448283,0.15055376
2.0393012,0.88609827,1.3863914,0.6745414,0.048531126,0.16823965
1.2755176,0.80498284,1.292016,0.6713207,0.005105258,0.15798417
1.6233547,0.6142937,1.6611476,0.7520845,0.0076321005,0.1218361
1.1184549,0.6306394,1.0651528,0.7996786,0.13765223,0.12401501
1.4376365,0.7900537,1.4415023,0.72411203,0.13050622,0.16679953
1.4030074,0.90882725,1.4184766,0.6685933,0.011849779,0.16724257
1.2229321,0.6433092,1.2109163,0.69988215,0.01173275,0.14554095
1.604786,0.9400031,1.6350982,0.7448716,0.00635092,0.12523846
1.1361086,0.91917974,1.0735366,0.78010195,0.05844226,0.120254695
0.9563324,0.8844247,1.1164474,0.80989987,0.27077943,0.12589823
1.645776,0.65602916,1.6866157,0.769287,0.008825239,0.115940705
1.5387625,0.53633773,1.5753906,0.72150636,0.0115955155,0.13756612
1.2915648,0.9476147,1.2895734,0.6654135,0.012411132,0.16419812
1.6548241,0.7285605,1.6871235,0.76562315,0.0094190445,0.11446568
1.2630942,0.55078673,1.2695291,0.6897783,0.005293644,0.14960437
1.8497328,0.8428465,1.8792756,0.8453134,0.010008483,0.07964762
1.7265593,0.97647905,1.7702074,0.802558,0.022451442,0.1004742
1.6175716,0.96175945,1.4478981,0.7855575,0.21544497,0.12865254
1.3971571,0.6956137,1.4062109,0.67081654,0.008610113,0.16253626
1.2374761,0.74587977,1.332397,0.6884023,0.105454534,0.16711907
1.3955555,0.93538046,1.3996298,0.66491294,0.008268996,0.1656484
1.4396385,0.8055388,1.3351438,0.71333957,0.21229011,0.17027669
1.2567109,0.88180155,1.2591448,0.68393457,0.0065056277,0.15335643
1.9853867,0.9209893,2.0386994,0.9267066,0.018594181,0.0445993
1.8158667,0.8463207,1.8236172,0.8777589,0.11871907,0.080031306
1.8894101,0.7691191,1.4224801,0.7545994,0.31817868,0.14833707
1.0849068,0.82992023,1.0940149,0.82682294,0.24897757,0.118695155
1.4868248,0.5608967,1.5022452,0.6979173,0.0076663815,0.14914238
1.0679535,0.8593252,1.3138967,0.7822611,0.41706184,0.14282106
1.8418018,0.9092378,1.8627124,0.8402703,0.0093972515,0.08289019
1.345998,0.8035793,1.3416469,0.6656278,0.015418625,0.16890675
1.3804483,0.5450133,1.3923368,0.6592202,0.00828332,0.16924377
1.0105132,0.9790017,1.008182,0.83928645,0.19103244,0.111526236
1.4076438,0.49859703,1.4272256,0.67432207,0.005360593,0.16062418
1.622041,0.60996664,1.6434281,0.7472031,0.0055308305,0.122697055
1.2646198,0.6208741,1.2873199,0.6779736,0.0049782437,0.15474206
1.3418025,0.57657,1.3386464,0.6789147,0.07072373,0.17264387
1.3993204,0.69555426,1.4223728,0.6667229,0.0072840033,0.16445915
1.2599791,0.50800985,1.2601104,0.6775329,0.012343306,0.15770544
1.810271,0.9028212,1.8564107,0.8347608,0.008860982,0.08604033
1.3228284,0.7686285,1.3410032,0.7196077,0.24875355,0.16283636
1.7880539,0.9796593,1.8147027,0.8191253,0.019824022,0.09167119
1.9566892,0.9507529,1.3284388,0.8835785,0.584113,0.10160646
1.9349768,0.9441179,1.9623299,0.8834877,0.009416521,0.06289199
1.7745368,0.796725,1.7866988,0.8172166,0.09400091,0.10242958
1.8061584,0.7469852,1.847002,0.8342257,0.01043031,0.08428933
1.6573095,0.6984975,1.6908281,0.768281,0.0076784724,0.11491059
1.446978,0.84284085,1.468219,0.6901841,0.00487956,0.15192313
1.5574975,0.7969488,1.5829523,0.7307875,0.005352318,0.13184969
1.3388187,0.6042736,1.3323796,0.6532048,0.032158673,0.17942892
1.4504168,0.74040776,1.465697,0.6858252,0.0054054195,0.15400326
1.9070961,0.79849875,1.9471397,0.8759759,0.019436115,0.065270066
1.2002261,0.92885,1.2456515,0.6888179,0.026154544,0.15352964
1.034335,0.72038496,1.2020102,0.8091373,0.27251065,0.13130087
1.1734086,0.5731038,1.2251909,0.72742784,0.051661495,0.14190638
1.939889,0.803858,2.0011609,0.90084213,0.017451068,0.052515652
1.4775243,0.79284906,1.504931,0.6917858,0.0053370395,0.14808783
1.9159576,0.9336915,1.9742811,0.89605576,0.09577745,0.06765079
1.5130453,0.5063721,1.5434775,0.707845,0.012851539,0.1444708
1.0233936,0.84158885,1.2394488,0.8064681,0.31051585,0.13595627
1.699709,0.85811824,1.7046673,0.7860116,0.028180566,0.11629395
1.3943481,0.45781383,1.4117594,0.66154313,0.007803572,0.16692767
1.2529386,0.56605047,1.2128246,0.73848677,0.12028211,0.14675346
1.9373465,0.8985395,1.5455317,0.8680082,0.515692,0.095896974
1.4491228,0.8297956,1.4668779,0.6789254,0.0056819213,0.154897
1.2613906,0.717334,1.2749181,0.69193727,0.06817928,0.16284756
1.3592508,0.44557366,1.3848782,0.67748404,0.05715922,0.16892533
1.5116096,0.703531,1.5252922,0.6994575,0.021185875,0.1499514
1.435798,0.86209595,1.4375558,0.67270714,0.007183936,0.1589033
1.907644,0.79225546,1.9365416,0.87305516,0.016966593,0.06689639
1.6064649,0.6110513,1.6389635,0.7441446,0.0098865675,0.12574585
2.039461,0.88307023,1.4759421,0.8293204,0.61876494,0.13649176
1.2049631,0.7749627,1.1141015,0.77750915,0.13441402,0.1282271
1.7108607,0.73819315,1.7338679,0.7856201,0.0065980465,0.10570684
1.336954,0.47950456,1.3569558,0.6613327,0.0051709125,0.16426577
1.3501598,0.8324874,1.358155,0.65820783,0.005481728,0.1686258
1.7004734,0.80312836,1.7336648,0.7844272,0.024301173,0.11245499
1.8319346,0.9118703,1.8691196,0.8488083,0.030520761,0.08017839
0.9485396,0.90275383,1.2399025,0.8098204,0.35914373,0.1315988
1.3528246,0.4585928,1.3742054,0.6462559,0.021089222,0.17701901
1.0925099,0.7251161,1.0660446,0.7963148,0.027381739,0.10823398
1.2408712,0.6556157,1.2448359,0.69222254,0.005666607,0.14931324
1.564512,0.9594407,1.5361304,0.7434739,0.10642822,0.13877158
1.3650963,0.43432298,1.3816366,0.6583493,0.008092597,0.16982529
1.4118252,0.7075499,1.4308279,0.674739,0.008841973,0.1627827
1.454138,0.9767581,1.4442766,0.6717026,0.028824816,0.16510949
1.5477268,0.67845887,1.3802586,0.732755,0.3311531,0.15690957
1.2665343,0.51263773,1.2563293,0.7543429,0.19069134,0.1479422
1.6457807,0.670037,1.669503,0.7585621,0.0053830747,0.11782001
1.5713096,0.8348817,1.6033652,0.729406,0.0059361733,0.13265693
1.6301832,0.80458087,1.6352472,0.7477645,0.010613297,0.12482679
1.184743,0.9707683,1.0998628,0.7863257,0.072123,0.12158729
1.3980585,0.81750375,1.4769549,0.7076744,0.07379666,0.15759632
1.1490061,0.94878703,1.4156175,0.7791818,0.44657022,0.14327797
1.5657911,0.9178941,1.3847265,0.8086551,0.44673645,0.12912437
1.2794023,0.49089152,1.4304829,0.752272,0.25922439,0.15037797
1.5658176,0.8306563,1.593307,0.72558707,0.006132541,0.13223973
1.1868507,0.6802562,1.1860077,0.72904414,0.01760875,0.13211368
1.3151723,0.44375885,1.3412035,0.656204,0.009198128,0.17018369
1.8707328,0.7566506,1.9009969,0.8602522,0.00930939,0.074643716
1.6896374,0.98183846,1.7087023,0.77394277,0.006562265,0.11329368
1.4645454,0.70899427,1.4546332,0.6810039,0.044074982,0.16398522
1.5889171,0.6638886,1.6166127,0.7384382,0.006465247,0.12726842
1.714073,0.9161316,1.738589,0.7857362,0.006511676,0.10568193
1.8898216,0.9067825,1.906889,0.8667694,0.010575451,0.070299976
1.2509989,0.60866624,1.352725,0.7544828,0.20987178,0.14750648
1.6194999,0.59680426,1.6402328,0.7481336,0.0055181915,0.12238826
1.4219127,0.45293558,1.442168,0.6836029,0.008203334,0.15782957
0.9540084,0.8477818,1.9190919,0.878794,0.10264059,0.0768491
1.7632886,0.8733154,1.806102,0.8174172,0.008647117,0.09104969
1.9209077,0.97476715,1.9809666,0.89635956,0.02381116,0.056373436
1.2228221,0.7929579,1.2266626,0.69328403,0.006484874,0.14623758
2.117627,0.98798674,2.1501832,0.9733865,0.025366338,0.030210346
1.2805437,0.73963326,1.3838236,0.71358943,0.25181562,0.17230235
1.1584266,0.7137297,1.2842624,0.6961632,0.06376896,0.16616936
1.707268,0.6455447,1.7337077,0.80231905,0.07542524,0.10790058
1.4185215,0.9770486,1.4265287,0.66622245,0.0051036323,0.16251928
1.003012,0.8860211,0.89110845,0.9002035,0.09768268,0.08561482
1.154849,0.8976989,1.3909416,0.7740143,0.31801605,0.14524344
1.1281205,0.7844982,1.1281043,0.74419016,0.010240746,0.12578857
1.6827363,0.7206741,1.5643988,0.8119295,0.38049105,0.12652071
1.8667653,0.84304833,1.9152021,0.863015,0.024617601,0.07044629
1.1276686,0.9520975,1.1707397,0.7755668,0.15304796,0.12769397
1.4998974,0.6547407,1.4904349,0.71519756,0.08130602,0.15518115
1.6286448,0.65774536,1.6478574,0.75258565,0.020819586,0.124317884
1.2387897,0.81138855,1.2642851,0.6956619,0.050530076,0.15745367
1.253717,0.84955466,1.2422664,0.70935696,0.08628589,0.15493883
1.0942957,0.7124552,1.2084472,0.71788394,0.072219215,0.14794593
1.4911872,0.5349447,1.5035703,0.6934427,0.011295287,0.14932485
1.8241469,0.83775604,1.8507514,0.8337639,0.0074302703,0.08488547
1.6376995,0.585375,1.676235,0.7578432,0.0056783487,0.11772882
1.6318642,0.6176889,1.6486418,0.7484645,0.014814121,0.12764281
1.1385213,0.85132194,1.0883259,0.7843783,0.11338569,0.12528253
0.9208739,0.9980632,1.268647,0.8256369,0.5753444,0.12823659
1.0982277,0.8175174,1.5876513,0.82645124,0.3532732,0.11223418
1.5861534,0.69192207,1.6165974,0.7409265,0.0053569344,0.12531495
1.4081129,0.7938849,1.4400141,0.67796177,0.014377444,0.16290504
1.4459087,0.9234099,1.4076123,0.6845539,0.072624914,0.16352019
1.8401939,0.92123616,1.8741364,0.8463204,0.0086044,0.07969482
1.8005682,0.8065924,1.4543719,0.7881342,0.39172116,0.14081217
1.3738385,0.7514822,1.446002,0.7144617,0.16144277,0.15526848
1.2744085,0.6097583,1.5022635,0.74098516,0.24693704,0.15207139
1.6967016,0.9987064,1.7170811,0.7811142,0.006611759,0.10930156
1.6736511,0.8180298,1.7015996,0.7684483,0.0056138486,0.113948174
1.8699692,0.9536579,1.9147253,0.86576873,0.019312764,0.072718605
1.3241366,0.5127466,1.3373137,0.67503405,0.034958046,0.17092109
1.2543844,0.657004,1.2316773,0.7292979,0.121034496,0.15018384
2.0287242,0.9086028,2.1024537,0.95371443,0.0224918,0.035143536
1.1692629,0.62370706,1.4086695,0.8202778,0.48789957,0.1296511
1.2977058,0.6856098,1.3080864,0.6620156,0.008293236,0.16423403
1.6309332,0.7708952,1.4818668,0.72107095,0.22129133,0.15611991
1.6500102,0.8386267,1.6569049,0.76185715,0.01798071,0.12323048
1.2317367,0.75099367,1.2085903,0.777627,0.20651098,0.14000265
1.6883092,0.8971581,1.7088103,0.7781103,0.007160841,0.11008038
1.3761125,0.47726962,1.3951769,0.65302444,0.006572737,0.1707625
1.8353525,0.9048477,1.8735983,0.84851986,0.0151251955,0.07849373
1.6533898,0.61806726,1.646321,0.78166866,0.09086449,0.12184069
1.1108412,0.8790078,1.1098504,0.76206005,0.01945395,0.11892254
1.3735622,0.996844,1.379576,0.6591104,0.006945622,0.16851924
1.9538852,0.86352956,1.9798288,0.8890981,0.011888216,0.05856824
1.5937258,0.95903707,1.6095307,0.7416918,0.037590876,0.13338624
1.2481142,0.8157758,1.2640879,0.6834425,0.007534469,0.15318407
1.5996996,0.7142415,1.5766857,0.7391446,0.09491772,0.14186168
1.4031725,0.78030854,1.4413607,0.76213264,0.34683138,0.16026731
0.93845814,0.95497316,1.4180441,0.7376434,0.22660086,0.15648015
1.3946246,0.8964556,1.3848286,0.69236743,0.055898085,0.1634009
1.8147521,0.7519009,1.8623922,0.84737897,0.017302632,0.0789999
1.0554894,0.70115936,0.98320884,0.8430459,0.08787516,0.10048588
1.4562434,0.85808325,1.4592783,0.6858944,0.021992672,0.16490899
1.8171759,0.7482531,1.8512416,0.8391146,0.00952201,0.08170988
1.3700914,0.62040937,1.3854105,0.6593561,0.0048167547,0.1660828
1.5559493,0.54006195,1.5780926,0.72398764,0.005425442,0.13363855
1.5995612,0.6129568,1.6311059,0.7443298,0.005664605,0.1239335
1.3528736,0.78201807,1.3746629,0.655032,0.016125817,0.17445245
1.3204292,0.7929017,1.317971,0.67811006,0.043453127,0.1676477
1.6041261,0.7349995,1.6269717,0.7407644,0.00639774,0.12692589
1.9700279,0.98555017,2.0119796,0.9078722,0.012202969,0.050283767
1.2519408,0.5250361,1.245085,0.6960385,0.031234037,0.15577744
1.290335,0.84505594,1.3260281,0.7502016,0.21895105,0.1487093
1.4348515,0.5261213,1.7078199,0.79573196,0.28872943,0.11998805
1.5585263,0.9464201,1.5795853,0.7256252,0.005993769,0.1336268
2.0518317,0.94129187,1.9053714,0.9502632,0.5783552,0.06333085
1.5676513,0.72343653,1.5258873,0.7632506,0.10276374,0.13378091
1.418106,0.5621818,1.4331305,0.6713413,0.0073506087,0.16290337
1.7737782,0.7804153,1.6665447,0.8043775,0.2622288,0.12281781
1.9393501,0.9584163,1.6438675,0.82095736,0.39134958,0.13392714
1.3443238,0.92679596,1.3353865,0.6784967,0.07197373,0.17400502
1.5711805,0.7121451,1.3412886,0.81177926,0.30491284,0.12642774
1.3033973,0.88557917,1.3078644,0.6563981,0.007543758,0.16589405
1.2437537,0.54513794,1.2487338,0.6997111,0.009816035,0.14723396
1.9932814,0.8588004,2.0328195,0.91479903,0.010923271,0.047084443
1.7062384,0.7972386,1.715445,0.78686833,0.04313523,0.111332126
1.4059829,0.8731662,1.4154949,0.6710775,0.0048989356,0.16183507
1.5239332,0.7142723,1.1764777,0.7636013,0.21543726,0.13994631
1.0464438,0.6950373,1.1196423,0.7815118,0.087775245,0.12314227
1.5454793,0.7989126,1.5760107,0.72096205,0.0068904553,0.13124792
1.4430014,0.5210854,1.4028251,0.68874556,0.07140397,0.16907294
1.2369769,0.6327288,1.2464705,0.6941345,0.007754843,0.14796352
1.1597548,0.56440675,1.1614897,0.72850466,0.0106716985,0.13186438
1.4097544,0.53170973,1.3672273,0.70988905,0.1175966,0.16422036
1.2747682,0.86569774,1.2526972,0.7303097,0.07921118,0.1465687
1.7796283,0.6881034,1.8075593,0.82402307,0.07983679,0.09740407
1.1165556,0.90120816,1.4946752,0.8219184,0.4924559,0.12659286
1.213333,0.7141386,1.2202239,0.71186453,0.01579184,0.13889226
1.4247619,0.7840856,1.440876,0.6757654,0.0053065354,0.16024384
1.8514364,0.99546593,1.8952909,0.8601814,0.013880917,0.07114785
1.2036301,0.51464045,1.4137769,0.75279796,0.3780025,0.15765606
1.519763,0.7718246,1.5387437,0.7041948,0.0070388885,0.14577848
1.799787,0.88141525,1.8455966,0.84035856,0.0120630935,0.08361506
1.4227985,0.84732693,1.28701,0.7652084,0.34063986,0.15529321
1.3524752,0.848115,1.35977,0.6495605,0.008799519,0.17419566
1.6050339,0.8736055,1.6194677,0.7377994,0.0058042933,0.12654357
1.7253226,0.64736855,1.7727647,0.80888647,0.015605635,0.0959762
1.1421572,0.8745235,1.2760885,0.795896,0.3089566,0.13306488
1.3960056,0.8484625,1.3765006,0.7388197,0.21967825,0.1581187
1.8829361,0.8156276,1.9149616,0.86319107,0.0104525,0.07235408
1.4667578,0.8922576,1.4944413,0.68791765,0.0057961377,0.15006773
1.3757142,0.85250074,1.3889403,0.6612354,0.0069223787,0.16408159
1.7577107,0.72049093,1.7987785,0.8121,0.0066292603,0.094428994
1.7260523,0.7294844,1.77614,0.8018027,0.05221899,0.10348131
1.537128,0.6780621,1.4803588,0.7142693,0.16598324,0.15823658
1.4887536,0.4886583,1.3663011,0.7545496,0.29772985,0.15778938
1.1259851,0.9612998,1.3774002,0.79001987,0.41308737,0.13316618
1.4427736,0.51168895,1.4501369,0.66621673,0.0066399593,0.16227861
1.582143,0.8762459,1.6034002,0.7365539,0.006694835,0.1297333
1.3149804,0.74151534,1.3219368,0.67711806,0.06345703,0.1734345
1.9394742,0.82730126,1.9829826,0.8913646,0.01476443,0.057365224
1.6056999,0.96774024,1.6222656,0.7424545,0.019552557,0.13098942
1.5699995,0.99874383,1.6012149,0.7334241,0.010179979,0.12991905
1.2627631,0.5431539,1.2866716,0.671505,0.009061574,0.16051531
1.2865708,0.48651516,1.2912445,0.66805375,0.0063498123,0.16073965
1.720453,0.9761377,1.7608156,0.79600716,0.006875902,0.10211672
1.2115842,0.9597547,1.2779484,0.71347576,0.1846298,0.16667248
1.8450832,0.8708749,1.8835149,0.85242194,0.011157342,0.07712469
1.7181149,0.844918,1.7627561,0.7986818,0.013452499,0.102637984
2.053318,0.9649465,1.3924925,0.79943854,0.38280803,0.14421462
1.6556982,0.5924452,1.4124918,0.7507856,0.22736597,0.14604855
1.2429731,0.9705759,1.2117691,0.7255726,0.09022072,0.14880674
2.0287044,0.8752773,1.8644309,0.8995354,0.59430814,0.09497629
1.8063186,0.9731046,1.8265207,0.8376663,0.07412164,0.094354026
1.4000442,0.5016459,1.1914115,0.75622964,0.13819546,0.13798924
2.0341167,0.9184873,2.068641,0.93317366,0.013744782,0.041261565
1.5000474,0.6419015,1.516825,0.7034635,0.0066206176,0.14418063
1.1262906,0.95038354,1.1460705,0.782831,0.06051352,0.11813431
1.441215,0.8816618,1.4481063,0.7015672,0.039434034,0.15349989
1.6619049,0.6283712,1.7024367,0.77444875,0.008157529,0.1107584
0.9776443,0.9428489,1.0121233,0.94895655,0.21801178,0.07233038
1.2091926,0.58288974,1.2623374,0.76141906,0.27000514,0.14018272
1.4980583,0.7319365,1.5111928,0.71335626,0.029390626,0.14778912
1.1266273,0.7430946,1.071225,0.82160324,0.057698354,0.10422169
1.3177364,0.4855651,1.33392,0.66593236,0.005234899,0.16299805
1.3269215,0.41995078,1.3247879,0.6715486,0.05315642,0.17049511
1.3491789,0.4842751,1.3636599,0.6683216,0.02906822,0.16909805
1.9565859,0.9630669,1.9870346,0.8949954,0.011423646,0.055093005
1.3370914,0.5424018,1.351893,0.65243506,0.0071810693,0.17151226
1.6513503,0.7333902,1.6729484,0.76073104,0.006484373,0.11747796
1.3444397,0.473819,1.3229916,0.69141364,0.075680695,0.16972528
1.3183676,0.72634643,1.338727,0.65699625,0.0066963835,0.16896948
1.3615028,0.45385125,1.5461452,0.76341915,0.18061711,0.13442254
1.2000469,0.66555,1.1977737,0.7197436,0.014917247,0.13690683
1.8564864,0.8729205,1.7060571,0.818951,0.31551462,0.12485651
1.4409112,0.53782815,1.3876224,0.7195011,0.13165197,0.16437113
1.787792,0.96131736,1.7968712,0.8162659,0.017844489,0.09712895
1.542681,0.677106,1.4961421,0.71763307,0.11725014,0.15187527
1.562651,0.6389393,1.5844378,0.74191535,0.04670012,0.1451904
1.6238056,0.9294309,1.65223,0.751302,0.005843619,0.12237546
0.97823185,0.8062577,1.1998327,0.7715677,0.22900109,0.14141442
1.6383146,0.960765,1.6407127,0.7466662,0.0062182094,0.12403347
1.8935987,0.8807178,1.9262519,0.8724527,0.06846501,0.07119751
1.3392367,0.692755,1.4048967,0.66942656,0.01595659,0.1639357
1.4494845,0.98429114,1.4682653,0.6851211,0.0070025534,0.15418646
1.2276901,0.7817365,1.1663225,0.76677877,0.12210192,0.13419883
1.4372902,0.46631616,1.468374,0.6888933,0.0056617316,0.14912842
1.6404597,0.741668,1.6731739,0.7694682,0.031245472,0.11936779
1.6989257,0.7382967,1.7117369,0.7783296,0.010868192,0.110329635
1.4280887,0.46803835,1.4097538,0.68513304,0.07158489,0.16841978
1.5075259,0.55888265,1.5208995,0.7674122,0.2905007,0.15026005
1.7143035,0.7250453,1.7432585,0.78894347,0.006104853,0.10443903
2.044924,0.9113366,2.0926821,0.955318,0.14001758,0.048632644
1.4670088,0.4730227,1.4728286,0.68685985,0.01240689,0.15499102
1.7913566,0.8160787,1.6959038,0.8250547,0.38599488,0.13192044
1.3443187,0.72699994,1.3676283,0.6616043,0.023421206,0.17034738
1.8944211,0.9744374,1.5412483,0.83594525,0.38730416,0.1103969
1.6628296,0.85557675,1.6749072,0.7610196,0.0061318395,0.11750742
1.5689428,0.9722943,1.5866106,0.72637236,0.009436887,0.1343159
1.3525463,0.48945147,1.3737552,0.6576283,0.0052358476,0.16797395
1.3753083,0.447035,1.3950734,0.6718546,0.036182333,0.17070727
2.0273387,0.8922778,2.0771728,0.9339247,0.019556193,0.041198626
1.3044702,0.63253486,1.2962224,0.68208945,0.03732478,0.16566809
1.8061299,0.96524405,1.8359067,0.82975227,0.007862561,0.08814256
1.3648037,0.5585549,1.4270942,0.71597236,0.21353246,0.16270037
1.3163971,0.5839548,1.3185611,0.66153526,0.019917049,0.1707353
1.669643,0.93435144,1.7012179,0.77962124,0.034061037,0.12068133
1.1814448,0.9466581,1.1913645,0.7498727,0.08688951,0.13638681
1.2486866,0.5990237,1.2207799,0.69190806,0.02740867,0.15473107
1.6185629,0.58400023,1.6203599,0.7354282,0.014301649,0.13277349
1.86935,0.85037285,1.8889365,0.85362434,0.008099867,0.0797794
1.3883258,0.49159762,1.3942416,0.6747103,0.014462608,0.16574597
1.5327333,0.5272379,1.3056481,0.8068015,0.28588808,0.13051213
1.572242,0.8844255,1.5147078,0.76179934,0.13900997,0.13736996
1.3673885,0.83140224,1.37727,0.6580439,0.0051446315,0.1691246
1.3789854,0.8506524,1.3932033,0.66378003,0.010465625,0.16905664
1.6823213,0.916571,1.6999266,0.7755318,0.00880749,0.11231428
1.4035965,0.71779674,1.2530966,0.7536338,0.1539445,0.14664352
1.2783283,0.61630106,1.2835901,0.67393154,0.0055650384,0.1563664
1.7290864,0.98605204,1.7503884,0.7905857,0.0061983136,0.104308546
1.3892603,0.778068,1.329262,0.7483725,0.22631441,0.14794151
1.9375278,0.96811664,1.8890343,0.89699054,0.41033268,0.08118518
1.3125536,0.8129997,1.5924196,0.76927406,0.2670791,0.13593581
1.0266175,0.8330144,1.1958597,0.8777982,0.3315807,0.10571225
1.0630779,0.7659133,0.9890968,0.8361798,0.05284305,0.098814115
1.576204,0.8985459,1.6131754,0.73123944,0.016630229,0.13422252
1.7180152,0.7602473,1.7533216,0.7942116,0.00671199,0.101548105
1.1164714,0.75338644,1.0936396,0.8083854,0.08642226,0.11479362
1.90522,0.8205827,1.9493144,0.88439256,0.009457008,0.06181927
1.1417245,0.7118882,1.1284688,0.7501015,0.015364951,0.12532873
1.9553931,0.96714854,1.9959455,0.90294904,0.046958234,0.061192486
1.4061872,0.4505529,1.3227394,0.71618223,0.17819862,0.16032992
2.0441616,0.8911688,2.0727966,0.93644655,0.013246716,0.04069684
1.0512646,0.9039049,1.5882518,0.9048435,0.89511734,0.09084886
1.8298385,0.78505564,1.8702123,0.8434451,0.008676577,0.0803978
1.1660553,0.71927655,1.1187334,0.774676,0.038536467,0.118708506
1.5136278,0.53608936,1.4458199,0.7628414,0.10987961,0.13189374
1.684011,0.69209296,1.7446194,0.8098933,0.12857912,0.11251345
1.8634311,0.8164018,1.9187624,0.87013173,0.016072761,0.06984368
1.9089421,0.80759734,1.9516087,0.8797666,0.010565069,0.060736727
1.1454753,0.7580173,1.1059666,0.8032345,0.2159199,0.12653759
1.1976584,0.7580406,1.2130189,0.7087159,0.04135944,0.14655162
1.2825496,0.65988773,1.2894526,0.66251403,0.010805917,0.1649905
2.0657263,0.927883,2.1286025,0.96721035,0.06105337,0.036858752
1.046364,0.7029861,1.0694454,0.8493261,0.21642144,0.10672365
1.7077397,0.81127596,1.7268753,0.7821796,0.008024834,0.10929716
1.2202349,0.5575031,1.253506,0.7405114,0.16121502,0.14800708
1.3527825,0.65975964,1.2694283,0.7491725,0.24873118,0.1497227
1.4818453,0.7149155,1.4977617,0.69298804,0.010200219,0.15123636
1.5876162,0.6572832,1.6183612,0.74039614,0.005779493,0.12718128
1.5746832,0.9100978,1.5958414,0.73300195,0.005422571,0.13126886
1.1810683,0.5607766,1.1788114,0.7855732,0.26598105,0.13610654
1.5530617,0.993225,1.5675905,0.7209027,0.0060304343,0.13762733
1.3262193,0.74524796,1.348355,0.69164884,0.11270619,0.17378989
1.0748397,0.6502027,1.0020974,0.86338466,0.13816486,0.09579225
1.3506365,0.9060957,1.3649752,0.66194403,0.005842811,0.16697668
1.2450323,0.7658199,1.2265439,0.6968145,0.03823392,0.1532892
2.0112484,0.8824774,1.2324758,0.799774,0.3096359,0.13939378
1.0115976,0.8279637,1.4406412,0.76343393,0.37835598,0.15354037
1.8474132,0.9985418,1.9123614,0.8709879,0.050006215,0.074528575
1.1652964,0.5864593,1.1051178,0.77775896,0.053207017,0.11997839
1.5244979,0.7042538,1.5370927,0.70786273,0.0069351913,0.14364801
1.4930484,0.5166364,1.5277596,0.69894195,0.0060354113,0.14266384
1.6535047,0.6029256,1.4364288,0.77182376,0.37923133,0.14342932
1.4905587,0.6495197,1.5194049,0.70219314,0.0062034046,0.14379968
1.2037821,0.826175,1.2126877,0.7082624,0.01561185,0.14199111
1.3154206,0.49242765,1.3297617,0.6575489,0.028691882,0.17354788
1.5936713,0.6230402,1.6334102,0.76694226,0.0637719,0.13774525
1.1419821,0.91764027,1.2501767,0.7678712,0.26924247,0.14056222
1.6426105,0.60766083,1.677027,0.7585969,0.006641714,0.11916798
1.413585,0.8590586,1.435952,0.6749806,0.006012131,0.15791406
1.2931646,0.5948559,1.3150597,0.66214836,0.009034833,0.16532356
1.2739171,0.7037842,1.2701087,0.67104185,0.018829294,0.1654637
1.4798435,0.99029714,1.771673,0.8054716,0.040690724,0.10059889
1.4670405,0.7128835,1.4862611,0.70472574,0.04398787,0.15418042
2.0201535,0.9591343,2.0494385,0.94065386,0.1131444,0.057300102
1.1989267,0.8644848,1.1162994,0.77465856,0.036862507,0.1195997
1.3115982,0.7323133,1.4760563,0.80894536,0.4977183,0.1340993
1.4159192,0.94917667,1.16675,0.7749504,0.20985258,0.13667935
1.816613,0.71532273,1.8512812,0.8346272,0.014848757,0.081937864
1.8434598,0.8868721,1.879766,0.8511338,0.009567777,0.077841565
1.2713325,0.8563668,1.254458,0.6840388,0.05138525,0.15999018
1.3070726,0.44389516,1.3176441,0.6562433,0.008049683,0.16812395
1.5649235,0.5392926,1.5948086,0.73059475,0.005898978,0.13190347
1.7190708,0.861523,1.7363183,0.7875861,0.0076668714,0.104658395
1.0312383,0.9112556,1.1314511,0.81785077,0.25517252,0.11976946
1.0013129,0.9829779,1.2206609,0.8125899,0.4566308,0.13770689
1.3597282,0.9883251,1.3738797,0.6633304,0.005608249,0.165593
1.1199813,0.7739919,1.1388493,0.7994999,0.23168029,0.12668902
1.099186,0.79512155,1.0763471,0.8340233,0.13952972,0.10879128
1.6559054,0.61549026,1.6896148,0.7672952,0.0067506214,0.11613903
2.0811763,0.9813841,2.1278005,0.9463202,0.02747699,0.033313297
0.9463061,0.9340084,1.0978122,0.8021069,0.1867281,0.12526898
1.920499,0.9065132,1.8559136,0.8655613,0.41401425,0.101249434
1.2647508,0.83661604,1.1194959,0.7996971,0.22621745,0.13178818
1.3583341,0.8547826,1.3695078,0.6563717,0.004518207,0.16933401
1.1219825,0.73225594,1.0836334,0.7887137,0.027067455,0.10893174
1.8713806,0.85468084,1.899761,0.8563802,0.009776359,0.07271982
1.4509351,0.6159707,1.4853582,0.6826881,0.011058955,0.15720476
1.7076144,0.74414945,1.7364533,0.8298695,0.32402778,0.13036181
1.3310626,0.63017195,1.340692,0.6573234,0.00552318,0.16577798
1.5187778,0.5132827,1.4114614,0.7666707,0.26786444,0.13920023
1.4419084,0.57045895,1.4545524,0.69242173,0.03297201,0.16154209
1.9490465,0.86774355,1.9768467,0.8960646,0.011303745,0.05733639
1.1511906,0.9051753,1.1114838,0.7650957,0.034540094,0.11840231
2.1070912,0.9900331,1.77472,0.81684333,0.08624489,0.10895901
1.6461531,0.74298245,1.6804948,0.76021755,0.0062506064,0.11669539
1.4784697,0.58381015,1.4940939,0.69041455,0.0044974866,0.14984976
1.6579062,0.845896,1.6717479,0.7579462,0.008663046,0.119242586
1.7939024,0.9274567,1.8449941,0.8340567,0.008081977,0.086328864
1.2920818,0.8325213,1.2966466,0.67356414,0.0154974265,0.16146448
1.6067524,0.9145013,1.6360011,0.76272345,0.05131316,0.12654704
1.4175872,0.5516659,1.4346831,0.6863637,0.02756376,0.16062486
1.874835,0.84503096,1.9283257,0.8709791,0.026142234,0.06696197
1.6951873,0.9789988,1.7238202,0.7772052,0.010870576,0.11052611
1.0258234,0.8191665,1.4470704,0.7569387,0.22141804,0.14054385
0.93474567,0.8830417,1.1376023,0.8117359,0.31114003,0.13213548
1.6028458,0.62199336,1.6401892,0.7441543,0.024911864,0.12736303
1.332014,0.4271806,1.32141,0.6719984,0.054185588,0.17273073
1.1608039,0.84700745,1.1666031,0.7264863,0.01345873,0.13303524
1.3188109,0.5465493,1.3348672,0.66362274,0.0120585915,0.16772754
1.5861038,0.63440174,1.5928915,0.72544837,0.0067873066,0.13452612
1.1755967,0.71616775,1.1011709,0.8267068,0.32192355,0.12335715
1.3487211,0.4761451,1.3684623,0.6599409,0.013201513,0.16853629
1.6097356,0.8516338,1.6378295,0.76681095,0.11058107,0.1257385
1.609602,0.66911024,1.628109,0.73743063,0.005689143,0.12741655
1.630905,0.7911825,1.4311802,0.7290157,0.29573137,0.1582706
1.980385,0.99399745,1.7396622,0.8609202,0.2506739,0.09137306
2.014076,0.9432401,1.6850421,0.84445363,0.49691734,0.10782523
1.4977053,0.65892684,1.5164924,0.7038808,0.005198953,0.14395925
1.8579811,0.7765251,1.843065,0.8547794,0.17346518,0.090428814
1.6871285,0.7442063,1.6947882,0.7743403,0.015582794,0.11049466
1.6393695,0.8453419,1.666734,0.7618079,0.0071406285,0.11710006
1.144096,0.6831927,1.1477392,0.73346,0.009505144,0.12957215
1.91414,0.87796897,1.9656539,0.89035815,0.052753936,0.06491476
1.3432448,0.46540886,1.3740027,0.64863205,0.025339218,0.17593074
1.5898972,0.6610997,1.6404252,0.75435233,0.064336404,0.13229872
1.9696603,0.9951279,1.8667765,0.8808364,0.4896399,0.08762909
1.2488719,0.5281563,1.2647173,0.67421377,0.0067358953,0.1587783
1.37024,0.55231065,1.3847227,0.65725106,0.0055843582,0.16714701
1.6533104,0.6432637,1.673809,0.76697373,0.011920621,0.11484338
1.4937124,0.6080714,1.5109029,0.69349307,0.0070107854,0.1481641
1.2847632,0.856865,1.3053529,0.6587585,0.009439874,0.1644865
1.3215376,0.81915784,1.3364851,0.6621889,0.004598688,0.1646446
1.4212135,0.48975727,1.4909289,0.7132022,0.15109746,0.15637305
1.965953,0.9543511,2.02643,0.91389424,0.015582505,0.04850752
1.2035065,0.85393864,1.4493062,0.7628728,0.45114082,0.15537268
1.5010046,0.56030756,1.5234118,0.7013191,0.012230574,0.14652172
1.1823083,0.72617084,1.1891093,0.7616382,0.17150022,0.13968426
1.3634417,0.61279243,1.3758776,0.6581967,0.011691124,0.17072037
1.173899,0.99646276,1.1695552,0.7238562,0.01471055,0.13324557
1.6235478,0.5830166,1.6556034,0.75946045,0.013400115,0.123623654
1.3095076,0.5719424,1.5053194,0.73852396,0.24170074,0.1589107
1.6979207,0.7700115,1.7224803,0.7821943,0.014063381,0.11202465
1.7032222,0.69892603,1.7189198,0.7808932,0.006636721,0.107388414
1.3106279,0.44473687,1.2833533,0.7140032,0.109053075,0.1590664
1.3377129,0.5688723,1.3299806,0.66132146,0.02168291,0.17054746
1.2540699,0.71726894,1.2788892,0.6842122,0.019779531,0.15573004
1.4446669,0.85308534,1.4742143,0.687326,0.006024985,0.15300646
1.4136673,0.6856169,1.4283409,0.6650532,0.015270304,0.16742119
1.4576175,0.862871,1.4383361,0.7110695,0.16550483,0.16289932
1.284612,0.9635685,1.3123391,0.6936852,0.08438524,0.1670165
1.3622922,0.47983152,1.3748009,0.6732465,0.06408026,0.17412038
0.9018997,0.9333335,1.3133314,0.7137432,0.1670628,0.1606695
1.9949422,0.9091928,2.03558,0.9235732,0.021235762,0.043562688
1.2736138,0.59517676,1.2190971,0.7824876,0.281316,0.14273106
2.1030328,0.9519909,2.1362064,0.9650045,0.015363691,0.027744299
1.1023406,0.6321771,1.1037488,0.76100624,0.014829936,0.11766205
1.8435117,0.8008947,1.8627033,0.86163664,0.1847989,0.093677446
2.0070698,0.8908262,2.0245786,0.9367606,0.1500122,0.052627016
1.3553561,0.45138586,1.3661342,0.65464354,0.0073078615,0.17123687
1.4385089,0.7278117,1.318124,0.7245883,0.18394801,0.15685064
2.0024726,0.97577894,2.0538647,0.93087953,0.013598766,0.04076925
1.2060683,0.5228029,1.2829087,0.75900567,0.28053322,0.15243031
1.1605533,0.5591919,1.1605222,0.73193526,0.010183095,0.13052917
1.5943595,0.5796991,1.6223159,0.7480602,0.024115887,0.12696978
1.6571777,0.8384276,1.4899521,0.7997385,0.3781997,0.13083503
1.4213668,0.55916137,1.4383278,0.67621076,0.0076215467,0.16223095
1.7731029,0.7231122,1.814929,0.82372206,0.023243044,0.09134962
1.601887,0.55509484,1.6323297,0.75879383,0.055795666,0.12803137
1.3444879,0.6098795,1.367562,0.6423811,0.006580671,0.17392854
1.3419696,0.85508984,1.3477433,0.65802085,0.005286725,0.1668189
1.4025027,0.75133425,1.3751292,0.6549082,0.012190536,0.17229897
1.2836037,0.67644197,1.2907765,0.66229475,0.008704095,0.16670427
1.9769697,0.92370045,1.9870589,0.8977894,0.20920275,0.07169173
1.2807411,0.6352489,1.2079561,0.7663404,0.20675081,0.13903695
1.3980277,0.83932465,1.4060323,0.66295075,0.0044731987,0.165084
1.5576768,0.79841316,1.5950818,0.7380843,0.0849727,0.14044937
1.544175,0.9324462,1.5590479,0.72825813,0.030044531,0.13779268
1.7606877,0.7461142,1.2933402,0.80186,0.3325612,0.13415718
1.2169871,0.5040439,1.3009405,0.72517633,0.1588257,0.1512496
1.4699107,0.9127771,1.7561417,0.84671646,0.4777897,0.11554538
1.3773626,0.64142686,1.3978605,0.66240215,0.0056608142,0.16521624
1.7843931,0.7741939,1.8068864,0.8215193,0.00978663,0.09140613
1.9280238,0.8856438,1.9702156,0.893123,0.010080871,0.058334097
1.7212515,0.94105816,1.7602489,0.7975527,0.011634514,0.09762519
1.8038183,0.8367371,1.8347573,0.8322241,0.030943356,0.087070405
0.9717769,0.97095096,0.97600406,0.90334195,0.3357794,0.10189703
1.9764211,0.97654754,2.0418792,0.92339903,0.05318397,0.050661385
1.2443959,0.5923156,1.2438843,0.6893451,0.017369846,0.15454493
1.1080532,0.6350829,1.2174888,0.8194873,0.33128688,0.12630494
1.6007963,0.6516576,1.6265965,0.7417394,0.006524926,0.12604038
1.484961,0.93982697,1.5063624,0.7043562,0.0052186893,0.14356111
1.0364106,0.7796775,0.98153406,0.8555087,0.11159356,0.09697644
1.4887562,0.62023896,1.5058482,0.7048013,0.012814533,0.14906247
1.507167,0.84273994,1.5131774,0.7020533,0.008566479,0.14702608
1.7330666,0.79009485,1.7549853,0.7937342,0.009453244,0.10421064
1.7189739,0.7274402,1.7389851,0.7880696,0.0067460714,0.10528135
1.3484865,0.92262775,1.3512106,0.6545193,0.006396178,0.17051546
1.2981186,0.7361825,1.3059294,0.6702998,0.010689701,0.16275974
1.2869459,0.84691596,1.3011041,0.6655072,0.0054367124,0.16363096
1.4258813,0.66158396,1.4436827,0.67815137,0.005070029,0.15695338
1.0257182,0.76263595,0.9701557,0.8552416,0.049262412,0.09029293
1.0196116,0.81654245,1.5155904,0.8231032,0.5143953,0.12780151
1.9065001,0.8470953,1.9472291,0.88573545,0.05277004,0.07000989
1.4247063,0.76073515,1.4333041,0.66793287,0.008493542,0.15952739
1.5798818,0.61221397,1.6030414,0.7321356,0.009275047,0.1301538
0.9731701,0.8509408,1.0566719,0.8626365,0.30576834,0.11221501
1.452337,0.8189619,1.4656489,0.69440705,0.005398413,0.14983884
1.2555141,0.558378,1.140796,0.77962554,0.10684886,0.12743317
1.845317,0.797543,1.645006,0.8168456,0.33235785,0.13357373
1.3621972,0.99437463,1.3317361,0.78135943,0.40496314,0.14918782
1.4183096,0.5264987,1.4424496,0.6830348,0.025770353,0.16186246
1.6429105,0.6204964,1.6767948,0.7598648,0.0055896277,0.117701456
1.3006872,0.63666177,1.2727866,0.69790417,0.06513456,0.15906337
1.207135,0.9270603,1.1651016,0.8176467,0.2997563,0.12566619
1.2595524,0.84188455,1.2424762,0.69669396,0.062056314,0.15572542
1.1480393,0.8254409,1.1350626,0.7404237,0.008546223,0.12536536
1.6398864,0.92616254,1.6639764,0.75603646,0.008576742,0.12084306
0.9904202,0.88383466,1.3083107,0.81820726,0.4086215,0.13302213
1.5037439,0.5289193,1.5239196,0.7024145,0.038176615,0.14985974
1.688409,0.8448158,1.6958098,0.7781639,0.026482454,0.116244055
1.9247733,0.80305874,1.97206,0.89281386,0.009325787,0.05972434
1.7695132,0.7161329,1.8045866,0.8151603,0.006920834,0.09396196
1.2443262,0.5444743,1.1723168,0.7455074,0.07820786,0.13784988
1.9362338,0.8558656,1.9827628,0.8974541,0.01158116,0.05630233
1.1244394,0.92468137,1.1510237,0.7688012,0.05827738,0.12504797
1.4727643,0.60696465,1.4899347,0.6927349,0.0066837035,0.15136293
1.5797241,0.5776888,1.6027846,0.7286322,0.010866399,0.13212913
1.1764976,0.7748782,1.224271,0.7742642,0.24055739,0.13780788
1.4908423,0.6125016,1.510323,0.7105274,0.043935977,0.15019456
1.5525384,0.7328126,1.5865505,0.73195446,0.06254908,0.14477517
1.5032861,0.54369694,1.5062125,0.7088213,0.05103837,0.15435557
2.058871,0.965709,1.641175,0.84699625,0.85159755,0.1270951
1.6302339,0.6716274,1.6458454,0.7541073,0.01631727,0.12136959
1.7577388,0.92381644,1.7955976,0.8106217,0.0067265197,0.09598017
0.9225943,0.93658125,0.92024344,0.8826849,0.16814296,0.10106333
1.399054,0.61404616,1.409091,0.67331517,0.053139202,0.17897858
1.6961571,0.9611249,1.7344973,0.78214306,0.010674981,0.10897569
0.9552748,0.8597359,1.1694858,0.7420078,0.03928596,0.13178182
1.6256185,0.6343389,1.6481302,0.7511651,0.0089037875,0.12329035
1.127054,0.90575325,1.0659264,0.8000904,0.041626073,0.10726426
1.2645509,0.5838946,1.3097367,0.71342605,0.12886521,0.15836923
1.4749643,0.8527486,1.4837401,0.6921449,0.010228531,0.15071133
1.4939642,0.8354555,1.5091379,0.6909958,0.014623607,0.15475272
1.462584,0.77568626,1.4825051,0.69217396,0.021661364,0.1568358
1.5195421,0.81211096,1.5389783,0.7120521,0.008125773,0.14009416
1.3907769,0.6486012,1.2339146,0.765713,0.2152781,0.13555571
1.5336539,0.5445616,1.5576649,0.71912044,0.0058156718,0.13690081
1.5361986,0.7587188,1.1787786,0.8056163,0.29315367,0.12587231
1.5479673,0.62334335,1.5768981,0.7127928,0.013223588,0.1426482
1.2365335,0.8153252,1.2297852,0.6939156,0.026874818,0.15067469
1.3324654,0.83328384,1.3490396,0.6602564,0.008148618,0.16774271
1.3002564,0.44963893,1.282866,0.6817384,0.06883071,0.16642718
1.622918,0.7008626,1.6072459,0.7787653,0.18299349,0.13350374
1.5434227,0.7727135,1.5582361,0.71788394,0.005297045,0.13668112
1.2222031,0.58237296,1.3054125,0.7305075,0.16147548,0.15479659
1.2677698,0.7068947,1.2733874,0.68553925,0.019957036,0.15466477
0.92919636,0.87927914,1.4922574,0.7818701,0.34963498,0.1494377
1.2570955,0.78023416,1.2715585,0.69063723,0.0771056,0.1614697
1.5541838,0.7188513,1.54967,0.7297045,0.048457146,0.14111668
2.0199006,0.99025506,2.062442,0.9310095,0.014794781,0.041186202
1.5263047,0.8621802,1.5587044,0.7081646,0.012717849,0.14306563
1.716458,0.9682036,1.7552955,0.8089474,0.06585145,0.105639964
1.9069159,0.99938697,1.3184116,0.7623942,0.250286,0.15012674
1.5310917,0.68325084,1.5630782,0.71381223,0.007353189,0.14032975
1.9069606,0.9470695,1.9356112,0.870614,0.07284739,0.07416005
1.0410506,0.7796971,0.9463063,0.8570217,0.08957445,0.09502481
1.2436409,0.54362005,1.2492092,0.6812631,0.0056879143,0.15349767
1.3777703,0.74718237,1.392878,0.66825354,0.0060904203,0.16254647
1.3992978,0.4324053,1.4138434,0.6670171,0.009333937,0.16440135
1.0591663,0.80883,1.0104654,0.84872794,0.24150614,0.11280222
2.0100033,0.87088656,2.0488925,0.93056786,0.019250961,0.043791156
1.500093,0.52072173,1.5420711,0.7109879,0.007438498,0.13878568
1.5336746,0.9233343,1.5450525,0.7139114,0.0058188695,0.13980086
1.1666578,0.7469424,1.1627011,0.76882595,0.17531942,0.139764
1.8238536,0.74548906,1.8560429,0.8338261,0.008343235,0.08492157
1.1735946,0.9720678,1.2196512,0.7515624,0.137982,0.1421167
1.171789,0.9687613,1.1673079,0.73001057,0.011242148,0.13169996
1.1955326,0.55389696,1.2007878,0.70394766,0.0054550613,0.1421599
1.0752102,0.714477,1.3061295,0.7511276,0.23778948,0.15001824
1.413667,0.9245191,1.4230423,0.6707401,0.008847134,0.16351669
1.7723284,0.9089152,1.5489314,0.79622966,0.42123175,0.1292465
1.715067,0.67513365,1.157584,0.8634179,0.3869096,0.10960111
1.4565744,0.7897968,1.4386897,0.69810957,0.04797172,0.16088426
1.5599136,0.56435156,1.2677197,0.814485,0.38850865,0.12664433
1.2271839,0.6126484,1.2534256,0.7726357,0.22905573,0.1483648
1.4241741,0.87260514,1.427434,0.6653522,0.0052694925,0.16328473
1.545429,0.9424655,1.5674653,0.7201891,0.0111776395,0.13850157
1.5871048,0.64823633,1.4771729,0.77483994,0.28048202,0.136787
1.4645307,0.6530123,1.4842696,0.6873487,0.0046591293,0.15272474
1.5302931,0.56575614,1.5313227,0.70694435,0.0057343068,0.142731
1.9168195,0.8384736,1.9526825,0.8831792,0.02855762,0.06314787
1.7817031,0.748529,1.8147402,0.8243404,0.019779366,0.08859213
1.4417241,0.6389123,1.4563744,0.67233795,0.0061793122,0.15974602
1.3544291,0.40535152,1.3880532,0.6623244,0.0095760375,0.1683223
1.5179229,0.58667535,1.5324631,0.7100458,0.014682969,0.14664665
1.480546,0.7564149,1.4845741,0.68135816,0.010346722,0.15394408
1.3030952,0.8207484,1.5440118,0.7357644,0.5047765,0.15594544
1.3944637,0.49699366,1.3587933,0.68225235,0.075129725,0.16900878
0.9387382,0.8993473,1.1033489,0.85255784,0.43505234,0.119770825
1.3231921,0.6443036,1.3311698,0.65939224,0.007962451,0.1654498
1.2467785,0.94997394,1.2928948,0.7233456,0.19380271,0.15866812
1.7701914,0.8846117,1.8022225,0.82554173,0.111031555,0.09899031
1.3757435,0.76146054,1.3869777,0.6643727,0.020818256,0.17206632
1.4523752,0.63974357,1.4663525,0.6837258,0.006656231,0.15567407
1.2364032,0.59858274,1.1611788,0.8022073,0.29674336,0.13342074
1.4960449,0.78542525,1.515207,0.70194566,0.005218371,0.14359087
1.4331874,0.7569057,1.454046,0.67204064,0.007378273,0.15885091
1.418786,0.61172074,1.5824559,0.7453074,0.19829853,0.16067106
1.1853067,0.71636146,1.1592689,0.739863,0.05815972,0.1366367
1.235068,0.642848,1.2387931,0.68604684,0.007704291,0.1534592
1.0450304,0.8446503,1.1284149,0.76963323,0.05919927,0.12366971
1.1380275,0.68838865,1.0610495,0.81893647,0.14469355,0.11592181
1.4853766,0.7658853,1.3343565,0.7026065,0.111124046,0.16117404
1.5451839,0.8739853,1.5530555,0.7129256,0.007887596,0.14183202
1.3053187,0.9250735,1.8027604,0.81890064,0.37427932,0.12780389
1.2571331,0.5849972,1.240068,0.70228726,0.06365789,0.15455122
1.7528703,0.7375814,1.7961178,0.811538,0.007018913,0.0938028
1.7386513,0.88250476,1.7451613,0.78804576,0.0070672156,0.10267261
1.2996709,0.60107523,1.2952158,0.6748971,0.017959762,0.16290244
1.0022148,0.88000786,1.5420575,0.7443153,0.27569523,0.14598854
1.1140879,0.8679431,1.2587585,0.7201924,0.10972568,0.14862001
2.0653815,0.96604294,2.1242998,0.96992344,0.113813594,0.04291187
1.6494269,0.7981676,1.6691179,0.7821305,0.11017634,0.12370043
1.0365181,0.9955265,0.96455854,0.84487736,0.072660975,0.097346485
1.699429,0.8837633,1.7223942,0.782272,0.005786732,0.10779776
1.581403,0.7243317,1.5509925,0.75721216,0.28744972,0.14322421
1.8669889,0.9265983,1.9004266,0.8648445,0.008344739,0.07204343
1.6408252,0.9298139,1.6674318,0.76086533,0.0066533117,0.117502496
1.7595935,0.76173717,1.7810552,0.80660063,0.01647092,0.10020842
1.4041405,0.93877023,1.4084873,0.70178366,0.10476923,0.16046649
1.6044135,0.7663447,1.6192362,0.7332789,0.0065762294,0.13198023
1.8505113,0.8901319,1.8658025,0.8417583,0.008107324,0.081642665
1.2478356,0.64718807,1.2668512,0.6912127,0.04345346,0.16028862
1.820244,0.8666859,1.854636,0.8356927,0.013622102,0.083058864
1.67099,0.8852088,1.6910143,0.769668,0.00601372,0.113294914
1.1923002,0.6063307,1.1949081,0.7208513,0.10594361,0.1485428
1.5158873,0.5463217,1.5294104,0.7154128,0.026620794,0.14533809
1.4248433,0.45719615,1.2661927,0.75756276,0.21318577,0.14362401
0.9934807,0.85659415,1.1190279,0.86564386,0.27274156,0.11235726
1.1207854,0.73025453,1.1198499,0.7578222,0.08346183,0.13158359
1.7716521,0.68135625,1.7941523,0.8153009,0.013737286,0.09500881
1.956813,0.83617276,2.0051062,0.9062836,0.0107027115,0.050978594
1.8197533,0.84796625,1.8586159,0.83845896,0.008184802,0.083066344
1.6911542,0.7120321,1.7149084,0.77436316,0.005922704,0.111073524
1.2954502,0.5828042,1.2993808,0.6570192,0.0087738065,0.16927281
1.9044011,0.95367056,2.0387354,0.91955817,0.039391316,0.050856046
1.077403,0.67332,1.0297112,0.83836776,0.108438954,0.10196003
1.3252419,0.8397574,1.3291404,0.6573398,0.0052525564,0.16808714
1.5590316,0.7624481,1.5850954,0.75342965,0.16288319,0.14473319
1.3612921,0.8080101,1.3609526,0.6622449,0.013295324,0.17152694
1.4651902,0.64783645,1.4770463,0.6887355,0.030913435,0.1647923
1.6120436,0.7466577,1.5540855,0.74261034,0.18676762,0.1430858
1.2401471,0.8890619,1.2537348,0.6812577,0.033531502,0.15727969
1.6187619,0.652092,1.6517951,0.75132316,0.016059142,0.124567814
1.3862045,0.77046335,1.4040315,0.66327316,0.0070266216,0.1656451
1.7702945,0.92860806,1.8102381,0.81806785,0.011994002,0.09033713
1.1096181,0.74431556,1.0917044,0.78627104,0.031427816,0.11370666
1.097774,0.6814581,1.0372872,0.8343313,0.08773202,0.099473216
1.554835,0.9602802,1.5655847,0.7190498,0.005255999,0.13705595
1.1676656,0.66786695,1.1803749,0.72057223,0.013594876,0.13350943
1.3262247,0.5626205,1.3566425,0.65575415,0.011299666,0.16845347
1.5750853,0.69181806,1.6043947,0.73309034,0.0052436627,0.13044977
1.1809074,0.76812476,1.1806993,0.7253521,0.01525505,0.13321722
1.02131,0.9846347,1.4606485,0.7524477,0.26982224,0.15351136
1.002943,0.995443,0.9772933,0.8768634,0.107051544,0.090160824
1.4464755,0.786886,1.4852316,0.7490726,0.33788514,0.15718848
1.4288706,0.7717537,1.5701146,0.73143363,0.24919194,0.15172254
1.6515354,0.6054139,1.6873395,0.76765215,0.010132105,0.1127252
1.2176679,0.52439594,1.2079043,0.75465184,0.14169975,0.13992587
1.5959324,0.7343989,1.619895,0.74162483,0.02513835,0.13508134
1.5905081,0.62533873,1.6063099,0.73601794,0.013663393,0.13038298
1.8355896,0.75670516,1.8513386,0.83950955,0.010624963,0.08251236
1.925836,0.90004313,1.7414575,0.86162215,0.27523464,0.090617135
1.2031937,0.8979337,1.2083125,0.70210254,0.013117369,0.1445911
2.0396953,0.9133409,1.6959088,0.8541592,0.5934104,0.11468301
1.4610554,0.72025394,1.4000187,0.7461618,0.19784538,0.15127812
1.7238405,0.72098464,1.7531283,0.7974072,0.0076737106,0.09904148
1.2151881,0.6958194,1.2181504,0.71610343,0.12635832,0.15734458
1.5106331,0.5299976,1.509691,0.81808335,0.55603135,0.13701607
1.6336004,0.9002484,1.6713526,0.7635787,0.03856886,0.12169044
1.8775098,0.78582996,1.9063189,0.86286825,0.008624728,0.07568988
1.5740036,0.7511354,1.5827873,0.7248954,0.005663595,0.13462964
1.2945662,0.57969856,1.3890741,0.7376365,0.22538742,0.1633286
1.2282537,0.7863552,1.2621479,0.7102805,0.10417511,0.1563292
1.6070184,0.9527752,1.6312971,0.74444556,0.0060733682,0.1251348
1.7272794,0.79545116,1.7336257,0.79045326,0.016471045,0.104479
1.9137181,0.79731673,1.9426935,0.876019,0.023393989,0.066364005
1.2943727,0.7663214,1.3058474,0.6703013,0.00427252,0.15949824
1.7297938,0.7506484,1.7719514,0.79758126,0.011490421,0.10071627
1.8042613,0.8261889,1.8314848,0.82706255,0.0077674366,0.086226635
1.805174,0.9597213,1.8297482,0.8260284,0.007949386,0.08984902
1.3223345,0.96790504,1.3326824,0.67551017,0.050146848,0.16721454
1.6110781,0.6330482,1.6437488,0.7512815,0.006750493,0.12170657
1.3672545,0.6596188,1.226604,0.7343403,0.13591279,0.14953215
1.5818697,0.8600203,1.5705011,0.75805724,0.06468378,0.12771113
1.5884186,0.66850615,1.6203005,0.74025905,0.0050843656,0.1282338
1.4547269,0.9536627,1.4670627,0.6812825,0.012690173,0.1587594
1.2278684,0.8540627,1.2144606,0.7002731,0.030602258,0.14907375
1.4646912,0.539624,1.397243,0.74947345,0.26868585,0.14966145
1.4892979,0.49687427,1.4959185,0.6908614,0.006497521,0.14992376
1.3324249,0.9430651,1.350498,0.6590236,0.017704504,0.1678207
1.1549151,0.66414726,1.2234838,0.7580603,0.25831404,0.14417556
1.754396,0.7262636,1.6803403,0.82034135,0.38906085,0.122256376
1.7304559,0.7371699,1.7652593,0.79167306,0.006400657,0.10229739
1.4397082,0.46442872,1.4534552,0.7025171,0.022559103,0.15207067
1.1924609,0.55103123,1.2114499,0.7239623,0.06384452,0.14672089
1.2269871,0.5444326,1.2362242,0.688107,0.032668598,0.15400127
2.0761592,0.99538726,2.1291907,0.9659645,0.018081555,0.028749274
1.6837106,0.6733194,1.7116551,0.77581954,0.007423234,0.10932327
1.6848437,0.9347771,1.645896,0.8096152,0.3009279,0.12291541
1.3226578,0.47513804,1.3212178,0.65821415,0.026376735,0.17863175
0.93809175,0.9659167,1.1491396,0.83797824,0.41409948,0.12064837
1.0492703,0.88703126,1.1187279,0.8544019,0.2969554,0.106401555
1.4533254,0.515327,1.4246211,0.7215468,0.14265786,0.15229695
1.6027365,0.74759406,1.6278288,0.7407203,0.005671113,0.12753898
1.1444902,0.67501456,1.0946295,0.78732514,0.029933913,0.11176929
1.5048856,0.57508403,1.523812,0.70747244,0.009327936,0.14266355
1.7348988,0.7887609,1.4987333,0.79760975,0.34349972,0.12727134
1.0388153,0.86854416,1.1631176,0.79937047,0.28810105,0.13536961
1.3611004,0.57866985,1.3076711,0.72332835,0.10369177,0.15578999
1.8800935,0.78938115,1.9523199,0.88076836,0.027907582,0.06410736
1.3081689,0.4976676,1.3133211,0.661239,0.01517304,0.16822773
1.2081524,0.5272348,1.2022378,0.7235142,0.011591082,0.13538386
1.7455548,0.9556145,1.7706289,0.8080142,0.018071093,0.09747769
0.9187819,0.95793027,1.2162926,0.76497775,0.27904132,0.14755613
1.7962055,0.7162284,1.3116837,0.7137466,0.14822544,0.15883271
1.7021459,0.72718656,1.7208219,0.7810487,0.006442864,0.10779142
0.9346146,0.87172306,1.1504972,0.83759385,0.35214722,0.12379339
1.7216765,0.74192405,1.6066015,0.8269686,0.36468312,0.110008456
1.2357271,0.6130853,1.189107,0.7245134,0.047476448,0.1418412
1.8849542,0.81199247,1.6803534,0.8179078,0.3921018,0.13438998
1.4553852,0.6082726,1.4758425,0.68191886,0.0071027656,0.15583995
1.9298761,0.9417781,1.9633312,0.8875046,0.008615065,0.06098367
1.4814824,0.92104965,1.4828818,0.69964796,0.041191354,0.15448654
1.0407975,0.7213836,1.3081253,0.82784396,0.43355605,0.13105763
1.5055597,0.83542335,1.5231102,0.7118968,0.03881064,0.15149498
1.4044286,0.88184947,1.439311,0.6939357,0.100813694,0.16591848
1.348102,0.6961972,1.3380189,0.6913307,0.08969098,0.16881849
1.0672947,0.8608179,1.3122764,0.8063724,0.3427717,0.1403177
1.792822,0.92365605,1.8172889,0.8210488,0.008922905,0.090037316
1.6582782,0.8145601,1.6957233,0.7659726,0.03665327,0.12003148
0.97008425,0.9169639,1.9414387,0.92018944,0.38484642,0.07885219
1.6738462,0.6832346,1.6974244,0.7821973,0.020943709,0.1148257
1.3589056,0.6448615,1.377506,0.66505075,0.0049961554,0.16230504
1.2321783,0.9527059,1.165854,0.7443434,0.05892767,0.13516575
1.7857623,0.9981683,1.8144796,0.8207845,0.00852052,0.09147839
1.5367082,0.81777364,1.5625651,0.7165528,0.0052740397,0.13826285
1.3519679,0.704586,1.3657482,0.6581682,0.0058176517,0.16455391
2.0586174,0.9930664,2.108787,0.9554745,0.01769534,0.031281002
1.3161627,0.5591707,1.3384628,0.6689474,0.041989055,0.17639321
1.2197396,0.71198136,1.151588,0.7551547,0.13853002,0.14146917
1.6748034,0.6846864,1.5513225,0.7589451,0.20980588,0.13274974
1.355646,0.5883207,1.3768752,0.6659511,0.0115699,0.1644057
0.9669974,0.8483212,1.1893156,0.77358174,0.19779179,0.13657685
1.6229604,0.9678541,1.6373632,0.74201834,0.006546667,0.1281004
1.2775693,0.6912747,1.2875824,0.68088716,0.0048508747,0.153607
1.7591059,0.77267826,1.8055594,0.8220266,0.04564856,0.09545879
1.6811209,0.6333214,1.7603722,0.7985018,0.019903315,0.1023957
1.5988338,0.6142305,1.5776839,0.772002,0.28655565,0.13690047
1.025873,0.781043,0.91323036,0.8847202,0.0881993,0.08424236
1.3526647,0.5525091,1.3536577,0.66389716,0.019170417,0.17118394
1.283887,0.5425908,1.3031051,0.6615744,0.0063312096,0.16627963
1.3428798,0.7251719,1.3513896,0.6604886,0.004919655,0.16646375
1.7513778,0.75968707,1.7560496,0.79516035,0.011013558,0.10080217
1.6928859,0.67070997,1.7140579,0.77573526,0.0057879346,0.11019298
1.6001476,0.8130271,1.6306536,0.7418709,0.0060805366,0.12520632
1.5142208,0.6322462,1.5403845,0.7082141,0.005503256,0.14117233
1.7938834,0.8535069,1.8250747,0.82254714,0.009024293,0.08830565
1.4508209,0.5228716,1.4721289,0.6852511,0.007002954,0.15305896
1.479982,0.9063643,1.5007501,0.6935817,0.038104728,0.15940413
1.1255733,0.77540064,1.1441021,0.7818985,0.20778641,0.12949748
1.0386358,0.7342061,1.2699106,0.8336889,0.41906565,0.13329376
1.7557145,0.80769247,1.801719,0.82196707,0.01966588,0.09486387
1.7504197,0.65821713,1.7773557,0.8081984,0.01080705,0.09524889
1.2069323,0.5129913,1.2215078,0.71066,0.007853173,0.13943411
1.1779426,0.82905746,1.1584237,0.72610885,0.014897786,0.13310826
1.0088528,0.86262625,1.2467985,0.8003035,0.24856141,0.1320837
1.4900321,0.8815265,1.5132318,0.70078754,0.036778,0.1519804
1.3712753,0.6646535,1.3475423,0.70647544,0.17846279,0.1714321
1.3096225,0.7571457,1.3126318,0.6731329,0.0050332616,0.15781733
1.364989,0.756673,1.3639085,0.6611978,0.007420378,0.16679387
1.3867702,0.6309881,1.3976781,0.65490746,0.006207805,0.16763161
1.5148946,0.77247435,1.5452688,0.7057196,0.018026168,0.14501446
1.3412869,0.44599307,1.3954284,0.8191778,0.48394233,0.12615077
1.6358902,0.66570616,1.6872625,0.7651354,0.023241147,0.12008812
1.711665,0.63275707,1.7172685,0.8024058,0.1669842,0.11467078
1.3403357,0.41305116,1.3199868,0.6679776,0.033001132,0.1662105
1.1213739,0.8743462,1.1260703,0.77454406,0.1358369,0.12709652
1.1241513,0.8984279,1.3627896,0.70821285,0.17679827,0.16599447
1.1613176,0.7046468,1.5532796,0.77784073,0.36214766,0.13933857
1.1047701,0.99214345,1.1510143,0.83634806,0.30447453,0.11660782
1.2143326,0.5444789,1.1833034,0.73468125,0.051647723,0.1379948
1.63646,0.7109729,1.5105944,0.75302887,0.2625393,0.1469565
1.311705,0.7197462,1.326602,0.6786531,0.05521071,0.1651453
1.0347472,0.7724201,1.2432768,0.74222124,0.17062207,0.14648719
1.2848692,0.8732318,1.252563,0.70685047,0.09010723,0.15476966
1.2746409,0.7022038,1.4256291,0.79730135,0.39028308,0.1505326
1.3936387,0.49991357,1.4065876,0.6711278,0.03383045,0.17122665
1.6541754,0.8693912,1.6904962,0.76827955,0.0061036656,0.11529252
1.3879839,0.55246955,1.406163,0.6647332,0.0053870985,0.16228846
1.7456763,0.7466234,1.7891583,0.81221384,0.013570061,0.09604883
1.2077445,0.930274,1.216147,0.69617933,0.005779157,0.14564492
1.7935438,0.9417877,1.8259311,0.8214577,0.013409907,0.086713165
1.3072388,0.44811493,1.3085246,0.67059314,0.010315378,0.16405538
1.5701915,0.7883377,1.5462801,0.70739657,0.02455697,0.14829913
1.2342806,0.64949423,1.2107191,0.74609387,0.18324132,0.14747089
1.52358,0.62501717,1.5460272,0.712407,0.0057058153,0.13863312
1.3763151,0.6375152,1.3818846,0.6755879,0.04903878,0.16957161
1.3431559,0.601158,1.3647628,0.6592748,0.006928402,0.16838343
1.6403753,0.7211097,1.6786373,0.76613045,0.07103527,0.12552917
1.5529149,0.7972343,1.5760086,0.7227235,0.005915349,0.13558231
1.4788346,0.87772125,1.4481947,0.6871723,0.048293352,0.15869473
1.3414954,0.62599045,1.3474083,0.6583438,0.011065164,0.16934256
1.2588918,0.7483611,1.260562,0.6762679,0.0071975444,0.15607193
1.1980803,0.7027816,1.1818149,0.738343,0.05419676,0.13510297
1.3011582,0.44072175,1.3102839,0.6796773,0.018038796,0.16155022
1.2712481,0.99002254,1.2026887,0.77759504,0.18288867,0.1378981
1.7692815,0.99662155,1.7963953,0.81289047,0.0069741393,0.09547479
1.6387182,0.8772128,1.6526003,0.7760246,0.10060908,0.123578064
1.2865499,0.47519073,1.2940443,0.67020905,0.005723539,0.16029292
1.4170374,0.6395176,1.4357889,0.67267126,0.00613704,0.16190983
1.6314076,0.60557455,1.6592014,0.74780965,0.008079419,0.12387708
2.0096388,0.9556395,2.0608983,0.9309116,0.012860788,0.043814708
1.2683394,0.51825345,1.2708857,0.69296676,0.064537175,0.1644952
1.5582763,0.6753268,1.5743737,0.720523,0.010874905,0.13481215
1.5543467,0.67355794,1.5655634,0.7212915,0.0049501653,0.13411312
1.6324785,0.58080155,1.6663091,0.7541822,0.005596743,0.12051292
1.4851257,0.9063447,1.4089761,0.8008753,0.41064236,0.13270319
1.2420596,0.55100673,1.2476399,0.6803775,0.012325839,0.15418318
1.3703214,0.81109136,1.3133578,0.71171653,0.12258753,0.16024686
1.8102087,0.70485413,1.8284891,0.82008976,0.008258699,0.09087027
1.269807,0.7545241,1.2637918,0.6873621,0.047019128,0.16191007
1.4752169,0.51658857,1.4603269,0.7083541,0.07296221,0.15913628
1.4023216,0.7743783,1.4044125,0.6655359,0.024388287,0.17001219
1.0594625,0.6885609,1.1832654,0.8115468,0.3077875,0.1260987
2.0708869,0.9175633,2.0606396,0.9367532,0.18758619,0.05815182
1.5195841,0.5987641,1.4009144,0.7570653,0.2764116,0.15673909
0.8932455,0.9635332,1.3499827,0.7393789,0.3435454,0.17098212
1.6758922,0.8162679,1.6972299,0.7742336,0.0062822523,0.111197636
1.2474699,0.51408887,1.2612932,0.687558,0.013708798,0.15296283
1.4647651,0.51681817,1.4800677,0.68673086,0.021529047,0.1610538
1.450987,0.7179122,1.4742522,0.6876102,0.0058744983,0.15305603
0.98179716,0.98819405,1.1022248,0.8655216,0.3417434,0.107869044
1.043902,0.8245372,1.1643376,0.7895434,0.25968578,0.13325632
1.4034296,0.60643035,1.4213786,0.6713717,0.0089962045,0.16308796
1.6059477,0.8114487,1.6256783,0.7437567,0.011508478,0.12327571
2.0704508,0.97221607,2.103379,0.9501974,0.04094794,0.038789973
1.3439335,0.429344,1.3635759,0.6582205,0.0046982756,0.16790144
2.0920289,0.9430374,2.1302989,0.9674514,0.016294943,0.030538695
1.7953234,0.90944505,1.7492676,0.82629555,0.1340261,0.10418843
1.5219511,0.5318798,1.3475227,0.7508348,0.39285016,0.15604143
1.0502479,0.97762734,1.0923898,0.7990822,0.17051454,0.12572835
1.1977338,0.5603105,1.1556002,0.7545171,0.0651356,0.13211563
1.3735393,0.4533467,1.392978,0.6549446,0.005280922,0.16773768
0.8904719,0.98511773,1.295126,0.842604,0.747704,0.14022474
1.2229458,0.5930608,1.2222118,0.69917274,0.0076224552,0.1445097
1.4762436,0.5437773,1.5343387,0.7991912,0.39908156,0.1460197
2.0780652,0.9154298,1.3264318,0.7766806,0.34159416,0.14067346
1.2642499,0.51775604,1.1878114,0.8037484,0.32711,0.1341155
2.0821896,0.9923132,2.1414857,0.9748325,0.021206146,0.027995449
1.4226539,0.6670145,1.4159703,0.67580116,0.031551797,0.16697615
1.6011839,0.5876724,1.6253166,0.73725975,0.0067327805,0.12755796
2.0489826,0.89317405,2.081518,0.9433957,0.014218159,0.038363222
1.6891862,0.70307684,1.7185502,0.779199,0.006754298,0.1102703
1.595911,0.6834162,1.6183064,0.7360609,0.0074106683,0.12860043
1.5217464,0.8617208,1.434205,0.7585517,0.24581482,0.14254428
1.2270387,0.64935684,1.2225125,0.7171179,0.06316039,0.1508532
1.1909858,0.964127,1.172962,0.7353804,0.027552312,0.13291994
1.1972774,0.6495269,1.1856618,0.72752994,0.029927608,0.13696553
1.3912742,0.66745895,1.3995812,0.6639581,0.00456346,0.16461259
1.5917286,0.9148171,1.6389818,0.74975,0.047394812,0.13213375
1.7328225,0.71874934,1.7649636,0.7986488,0.026079057,0.10363175
1.3496544,0.7335728,1.2368624,0.76516885,0.21434347,0.1416123
1.2507643,0.5057307,1.2546055,0.69266105,0.013447709,0.15000235
1.9714379,0.9181903,2.036118,0.91906935,0.015690135,0.045679916
1.2883872,0.95030713,1.2947328,0.6694731,0.010705054,0.16350673
1.2976124,0.7093444,1.3290381,0.73362106,0.1267695,0.15350322
1.4100261,0.43727982,1.3057957,0.7146851,0.14088613,0.15890917
1.5574607,0.729832,1.5614936,0.7199832,0.009187683,0.13898537
1.5502881,0.84332436,1.575289,0.7247725,0.0052864975,0.13323884
1.2209033,0.5282525,1.227278,0.7320644,0.11203535,0.14806667
1.5205175,0.8342458,1.5366466,0.70967746,0.0075346595,0.14095345
1.3778924,0.6441999,1.3753183,0.66696405,0.035022218,0.18897766
1.5048016,0.6299427,1.521189,0.7050959,0.008330161,0.14662491
1.7740002,0.9174617,1.7973616,0.81422406,0.0065602064,0.09356046
1.4401315,0.9944717,1.4519291,0.68320185,0.0055328063,0.15507585
1.8329344,0.7603477,1.8711283,0.8450604,0.0073440787,0.08108515
1.115449,0.8070829,1.2733595,0.81563485,0.4159485,0.13480258
1.2385153,0.7526035,1.2130384,0.69487995,0.02738044,0.14929087
1.4324759,0.57429004,1.4555652,0.68506026,0.008622232,0.1554734
2.0054493,0.8720507,2.095343,0.94147867,0.045550805,0.042172804
1.3785509,0.53884125,1.2529407,0.7680007,0.1544217,0.13745658
1.3445187,0.7405027,1.3677633,0.7372364,0.21499221,0.1509578
1.152274,0.6667637,1.1547315,0.73712134,0.034197986,0.13157555
1.3513956,0.8067383,1.4542136,0.70648557,0.15027139,0.16207029
1.276359,0.7274783,1.2227538,0.72490096,0.08009446,0.14826097
1.3416127,0.5011599,1.3491311,0.65990555,0.030386502,0.17784801
1.0302933,0.7328696,1.4277632,0.76755184,0.34053662,0.15725161
1.8541727,0.78192836,1.8112929,0.848421,0.2419614,0.09969459
1.6689479,0.9113013,1.6900809,0.7913972,0.14506628,0.1349488
1.7502685,0.95168114,1.7758632,0.8027157,0.006532407,0.09851763
1.268769,0.5927861,1.2819855,0.66202027,0.013875093,0.16902108
1.7052209,0.7157519,1.7279544,0.7828346,0.006288897,0.10703852
1.3757848,0.7716867,1.3804574,0.65939426,0.0071113463,0.16722517
1.5180876,0.5007511,1.5450873,0.70351756,0.0066506187,0.14064158
1.9684193,0.9885209,1.9945166,0.90367216,0.022297164,0.055459555
1.4091797,0.8913718,1.4270926,0.6821562,0.057652038,0.16832405
1.4103589,0.5695231,1.419132,0.68219006,0.047102086,0.16842611
1.4601947,0.99629694,1.4759436,0.68560463,0.004853348,0.15246792
1.5083781,0.7973248,1.5163915,0.69940656,0.005808012,0.14469379
1.7849882,0.7050707,1.6693683,0.7798835,0.22104028,0.12879367
1.4978493,0.8445889,1.5194912,0.701709,0.010099856,0.1470331
1.3030969,0.6757585,1.3061376,0.6569016,0.0077264598,0.16590637
1.3354079,0.57852596,1.4700863,0.75341934,0.36549515,0.1488518
1.3017098,0.9974035,1.3131008,0.6622471,0.008317754,0.16616829
1.336948,0.79459625,1.317328,0.70632684,0.12171763,0.16871753
1.255354,0.7377381,1.2372744,0.71923697,0.1031307,0.15226163
1.1466124,0.9147048,1.1114707,0.7851671,0.06157108,0.11899609
1.3395545,0.94005126,1.6736107,0.79704356,0.19712804,0.120037906
1.5969083,0.64087504,1.627676,0.7469802,0.005659262,0.12382177
1.5556415,0.6257408,1.292053,0.7802776,0.33832425,0.14016175
1.8984113,0.8323065,1.9313691,0.8716267,0.009856368,0.0679551
1.503715,0.496686,1.4749298,0.8026386,0.4055431,0.14940168
1.5374941,0.83445,1.5469708,0.7158284,0.014342204,0.13964589
1.6148294,0.7037769,1.6567802,0.76525426,0.042826124,0.12407169
1.0330074,0.8743876,1.0067234,0.8610032,0.09198964,0.09457107
1.5283922,0.52948934,1.5483518,0.7178943,0.0056790793,0.13559389
1.982772,0.9139179,2.032567,0.9160212,0.030018687,0.049372666
1.4316512,0.66020656,1.4377241,0.6864383,0.02547333,0.16132104
1.816252,0.75305283,1.8342125,0.82912445,0.008241941,0.08644956
1.5567311,0.64714205,1.5755122,0.732994,0.009080787,0.13141198
1.9727293,0.956261,2.0288,0.9133986,0.012362625,0.04857565
1.0978591,0.8112907,1.1627028,0.81308585,0.26477408,0.12860407
1.5931976,0.8913236,1.4537902,0.7465241,0.25290817,0.15464438
1.5887847,0.9486113,1.5085776,0.71846867,0.20777968,0.15776753
1.4258742,0.6130304,1.3909886,0.6963539,0.10630587,0.16762894
1.1520283,0.7288018,1.2133911,0.7394823,0.11124481,0.14325845
2.0962627,0.93811417,2.1416051,0.9706832,0.01818053,0.02627159
1.7687535,0.7608129,1.7848372,0.81545246,0.009772724,0.09226584
1.9190216,0.81028557,1.9503613,0.88115245,0.009220351,0.0639898
1.6175439,0.70591176,1.6380644,0.7675151,0.06565573,0.12430613
1.7234261,0.634101,1.7587693,0.7942468,0.007098343,0.102909245
1.5554566,0.9401466,1.573178,0.7223281,0.0049689994,0.1351885
1.017285,0.8522904,1.1700852,0.8101724,0.22897452,0.122229934
1.2765279,0.6952353,1.2993522,0.6625996,0.0066074473,0.16421826
1.5251379,0.78247845,1.5373008,0.7040656,0.0058598085,0.14100966
1.5174466,0.7808988,1.4892459,0.73704046,0.1589277,0.14963333
1.5922816,0.77302116,1.6190681,0.73767006,0.0071828635,0.12748687
1.0456322,0.8784186,1.2607963,0.7747623,0.304511,0.14403804
1.7451977,0.8472287,1.7756279,0.80323994,0.0065779793,0.098552555
1.4163412,0.82057554,1.3677099,0.6671004,0.045763087,0.17177564
1.8415294,0.77630275,1.8945355,0.8563278,0.016357835,0.074900836
1.6659192,0.72890055,1.7043369,0.77509725,0.00899922,0.10959669
1.6094477,0.8654656,1.634532,0.74457943,0.0055947606,0.12570924
1.2382647,0.5743303,1.2436004,0.6879989,0.006250377,0.15041038
1.3553219,0.6435734,1.3621948,0.663701,0.005265662,0.16676635
1.6921967,0.7116286,1.7252188,0.7816073,0.011065654,0.10731863
1.2362016,0.9452853,1.2898037,0.738709,0.14208898,0.14557728
1.2202361,0.67670685,1.2006619,0.71019924,0.028604599,0.14497824
1.907014,0.91944534,1.9082596,0.9088958,0.24847768,0.066046834
1.1918565,0.77718407,1.2255039,0.7146271,0.062023718,0.14608994
1.7678149,0.7810893,1.596142,0.809323,0.29526046,0.11867861
1.5956649,0.8888577,1.624677,0.7400025,0.017661516,0.12930308
1.2914671,0.93798316,1.2944393,0.66934323,0.0052852323,0.16102365
1.5665874,0.8608276,1.5680292,0.7355305,0.055666,0.13879412
1.5720135,0.982509,1.5843008,0.72640455,0.005728915,0.13091798
1.8834236,0.8474899,1.9282696,0.87058336,0.009478053,0.069065556
1.7443235,0.9502192,1.756038,0.7900285,0.005801435,0.10196662
1.1968576,0.9650313,1.27774,0.7117659,0.11173124,0.15731484
1.5634736,0.64233863,1.5901251,0.71913993,0.01008025,0.13760856
1.3497417,0.7484033,1.3404589,0.6734485,0.027429726,0.16697955
1.6727322,0.79991615,1.688281,0.76550573,0.00797464,0.11417051
1.2608825,0.52398443,1.2158103,0.72231144,0.06753817,0.14560218
1.4288386,0.6005263,1.4452424,0.6773742,0.016115809,0.16408472
1.6003622,0.9847789,1.4831104,0.72554135,0.1541484,0.15184703
1.5343919,0.59668577,1.5641999,0.71749693,0.0062915725,0.13633703
1.5570455,0.5603092,1.5799942,0.716857,0.008992864,0.1383851
1.5440707,0.7780931,1.560296,0.7205565,0.015113071,0.1403457
1.2728082,0.5504384,1.6254888,0.8012275,0.18884358,0.12583183
1.2669667,0.49402928,1.2101717,0.7671161,0.18570212,0.1407957
1.365172,0.7804359,1.3765638,0.65716875,0.005244878,0.16636376
1.826153,0.86904895,1.8675518,0.8436608,0.03480056,0.08267361
1.9773871,0.9272182,2.0300336,0.91984767,0.01159891,0.049016036
1.450313,0.47957036,1.4488933,0.7001709,0.0493814,0.15897545
1.4438449,0.9415136,1.4643912,0.6872615,0.0057783993,0.15386409
1.9609494,0.87584573,2.0064619,0.91113454,0.011540508,0.05023463
1.1812904,0.90002203,1.1626097,0.7262755,0.017950073,0.1341857
2.0446675,0.9810946,2.1065688,0.9517414,0.018159334,0.033343975
1.4497781,0.7714184,1.448497,0.6871793,0.015719777,0.1621243
1.343742,0.71101385,1.3547189,0.65518796,0.009562395,0.16884863
1.5331063,0.51933986,1.5522158,0.71919453,0.005954793,0.13690302
1.6644524,0.86805356,1.6833735,0.76429856,0.0068621915,0.11587435
1.5592006,0.7442639,1.5920906,0.7315449,0.0073207966,0.13213666
1.701079,0.70661867,1.7311642,0.78515446,0.008081492,0.106447324
1.3975166,0.5684544,1.3697958,0.68073326,0.037390135,0.16492788
1.7093332,0.63651484,1.7405274,0.7868287,0.0065648253,0.104649745
1.1825355,0.7041569,1.2043574,0.7162338,0.016872866,0.13818343
1.3648787,0.740838,1.3400984,0.6831082,0.040292624,0.16562599
1.8601164,0.7693941,1.8723195,0.84624845,0.008730694,0.081348635
1.3527902,0.55711687,1.3540547,0.6625482,0.030264009,0.17247234
1.9769682,0.9353962,2.0109794,0.90567094,0.011033353,0.054474242
1.2785671,0.7801956,1.3136344,0.71609306,0.13519292,0.15693249
1.1848265,0.7010579,1.1722605,0.74560225,0.116688706,0.1393902
1.0826497,0.76006436,1.103678,0.8235683,0.20162736,0.117158994
1.1898018,0.561681,1.2039998,0.7167848,0.07309557,0.14639941
2.0104377,0.87821084,2.0432599,0.92422694,0.0114031015,0.04521059
1.522147,0.9011645,1.5450099,0.70978993,0.0052093808,0.1392758
1.4873201,0.58170235,1.5119665,0.6955321,0.0055955476,0.14779979
1.6177806,0.7092863,1.5997334,0.7902446,0.28271702,0.13947023
2.104199,0.9892712,2.1243343,0.9845219,0.20222168,0.043082096
1.126382,0.6083277,1.1668389,0.8059898,0.25777158,0.13065474
1.2969623,0.6192175,1.2885587,0.6760818,0.015063003,0.15940309
1.5036532,0.72303736,1.524601,0.7079599,0.0070168283,0.14197406
1.527,0.75990736,1.5523031,0.71259344,0.005149449,0.13846782
1.8110341,0.73701423,1.8290508,0.83445543,0.041801684,0.08759271
1.7588902,0.7913537,1.7899868,0.81353074,0.027911553,0.0952985
1.4994323,0.8582822,1.5345497,0.7072259,0.017770102,0.14732607
1.0258347,0.8458036,1.2470555,0.80413646,0.56177044,0.14900094
1.2078894,0.99764985,1.2123537,0.70130444,0.0130849,0.1455244
1.527665,0.5952254,1.5563164,0.72161615,0.0060439184,0.13475369
1.4237998,0.6983554,1.4365392,0.677765,0.0050123576,0.15630937
1.143037,0.96487933,1.1510853,0.7760943,0.14293441,0.13272081
1.7082708,0.83264494,1.7226136,0.7818076,0.0056967847,0.10877712
1.3846171,0.5337439,1.3962922,0.67369914,0.041288663,0.17134042
1.2700908,0.5749888,1.4900472,0.77697694,0.4278566,0.13599396
1.0718902,0.9388235,1.0685332,0.80990815,0.13438833,0.11636877
1.7205179,0.8338313,1.7325006,0.7987961,0.03621657,0.10779896
1.1458635,0.6864827,1.1412772,0.7916893,0.16506268,0.12495943
0.9065342,0.9553464,1.6420007,0.8420175,0.44225487,0.126213
1.4188551,0.6700342,1.4274096,0.6750978,0.005093708,0.1591826
1.1619495,0.558713,1.2875347,0.78615785,0.22192046,0.13888836
1.2831295,0.82277083,1.2837625,0.66638684,0.018655606,0.16603953
1.4259101,0.7061903,1.4323974,0.68364215,0.032156397,0.16563715
1.1105436,0.911315,1.0815659,0.80532163,0.11793014,0.11836734
2.0487974,0.9803344,2.0988448,0.9511037,0.01777067,0.035273645
1.6923075,0.6694086,1.7123661,0.8224948,0.39347067,0.12308032
1.6683874,0.9032709,1.5320549,0.7806234,0.28877303,0.14207667
1.4351705,0.5124431,1.4563732,0.6872614,0.004792498,0.15173802
1.5763769,0.5562256,1.597928,0.7294316,0.0064327987,0.1300806
0.9979175,0.8106508,1.1251941,0.85248643,0.25463232,0.112150155
2.0590854,0.8962078,1.455719,0.86452955,0.5964003,0.12065091
2.0954611,0.98265845,2.1375315,0.9800732,0.025609626,0.028376088
1.7211646,0.93845797,1.6258092,0.7726921,0.25518277,0.13568613
1.988618,0.8449518,2.0348568,0.9200689,0.01316986,0.044769567
1.5079972,0.88701373,1.3444309,0.65613866,0.03342549,0.1738497
1.1792549,0.83470607,1.188909,0.7355172,0.08281924,0.14027955
1.7369245,0.66155326,1.7582748,0.7912991,0.00767967,0.10287116
1.9310391,0.8467095,1.9741416,0.8907978,0.0104807755,0.05967694
1.5328345,0.847588,1.551889,0.71815646,0.010085703,0.14134406
1.0456764,0.7945888,1.0437231,0.85654575,0.20860443,0.102295235
1.9523938,0.98891324,1.9955671,0.90096134,0.010516032,0.05507276
1.5411128,0.62525475,1.557838,0.71946234,0.009531549,0.13890466
1.3307346,0.8486266,1.3094993,0.68097377,0.049682166,0.1727156
1.729314,0.78159565,1.749677,0.7912589,0.008050423,0.10443132
1.5516248,0.5688129,1.4099059,0.7453006,0.17160699,0.14372289
1.1107724,0.6205747,1.1513115,0.7528811,0.030700518,0.12620042
1.4738679,0.7097265,1.5007505,0.70483196,0.006726696,0.14385414
1.4305329,0.661979,1.4404936,0.67642355,0.004933694,0.15851405
2.0817113,0.9356635,2.1319425,0.9640662,0.018805986,0.030080358
1.2509644,0.7122193,1.2400203,0.6950867,0.039476827,0.15646522
1.5263928,0.6605943,1.5124474,0.75595415,0.21795744,0.14944856
1.3563625,0.77397233,1.216969,0.76509905,0.26226088,0.15007567
1.6082561,0.8250588,1.341094,0.8278088,0.46621132,0.12657584
1.5608697,0.64526343,1.5768688,0.72213537,0.01555978,0.13718693
1.529182,0.6733095,1.534714,0.7061024,0.006507725,0.14493033
1.5250098,0.55355185,1.5723855,0.73455477,0.052658513,0.13853343
1.4659863,0.65238076,1.4048142,0.7240229,0.08737133,0.15906774
1.8054813,0.7525404,1.8556137,0.8392996,0.022545148,0.08826669
1.4179374,0.7519988,1.3920774,0.6816819,0.05187949,0.1631152
1.8533751,0.9686282,1.8866704,0.8546231,0.010267181,0.075811334
1.9822693,0.831352,2.0337567,0.91363144,0.011220127,0.046916194
0.9898805,0.85849607,1.0592449,0.8222651,0.14710838,0.116584055
1.496526,0.56812525,1.5196121,0.696872,0.0048808353,0.14680664
1.0486693,0.87848836,1.1453347,0.8217357,0.2504012,0.11865908
1.5430144,0.7566244,1.5689065,0.72034514,0.006248294,0.1372336
1.1938871,0.5949542,1.181351,0.73377156,0.013215691,0.13097462
1.3098886,0.5971454,1.3184218,0.65959084,0.0055897664,0.16563159
1.3172724,0.66499984,1.3208268,0.67570424,0.05173775,0.1783501
1.1766737,0.87891006,1.1664348,0.7291174,0.031161165,0.14119391
1.1943564,0.87590766,1.135191,0.7555151,0.10838416,0.13773355
1.1914182,0.5738547,1.2003808,0.7603928,0.08873845,0.13437338
1.0927066,0.6976865,0.9609968,0.86514986,0.111030295,0.09781003
1.2406224,0.627315,1.3266621,0.74512696,0.21528845,0.1517593
1.322336,0.78961253,1.3306191,0.6569743,0.0061496417,0.16647771
1.3210597,0.61316055,1.3358321,0.65393484,0.010231609,0.17115435
1.3137575,0.54583687,1.3256752,0.669312,0.0059713046,0.16175337
1.6889775,0.96632874,1.7114522,0.7780651,0.010124784,0.110006526
1.2985884,0.7249217,1.2908881,0.6871538,0.039683197,0.15910783
1.0370896,0.8316157,0.9987343,0.84240055,0.06377729,0.09781588
1.3007627,0.89750993,1.3050005,0.6722547,0.011605776,0.1617906
1.9455761,0.85292107,2.0001302,0.90301764,0.010968777,0.051338106
1.5305729,0.6604936,1.5693223,0.72688997,0.016133869,0.13631414
1.3507191,0.45155394,1.3659449,0.66270685,0.004495173,0.16619231
1.4974997,0.48634076,1.5233293,0.705742,0.004919845,0.1423766
2.045147,0.9515791,2.0945315,0.94998664,0.025249986,0.03781104
2.1121068,0.9869317,2.1320763,1.0157518,0.19714347,0.033772826
1.401345,0.6805927,1.3923178,0.6663643,0.014023066,0.16968273
1.0713631,0.8954003,1.0675621,0.8013565,0.10615797,0.1169751
1.5416173,0.9523658,1.5700219,0.71033454,0.010618926,0.14185332
1.8061401,0.74479055,1.8553364,0.8335547,0.008990562,0.0830026
1.3697177,0.7502346,1.3290446,0.700691,0.117808625,0.16665241
1.3577526,0.54531825,1.3573046,0.6561585,0.023886591,0.17682496
1.6197704,0.74663264,1.6415925,0.74312305,0.014650746,0.1306855
1.3811954,0.43167213,1.4023273,0.7161679,0.14050464,0.15708487
1.4640994,0.72357744,1.4918594,0.688769,0.005460948,0.14971207
1.1067059,0.6696088,1.3011162,0.7105597,0.10635727,0.15785249
1.8867828,0.8077628,1.9400437,0.8851026,0.040148202,0.065451205
1.1727916,0.8399948,1.1124349,0.7993869,0.103635006,0.120099925
0.9003119,0.95216894,1.4807785,0.8297997,0.4539769,0.1326527
1.2978644,0.8338216,1.3085549,0.6663918,0.006236798,0.16124558
1.5787959,0.7098729,1.6068141,0.7409683,0.04426973,0.13887121
1.65132,0.94069403,1.6664898,0.7623949,0.010930263,0.11884922
1.4895935,0.8500085,1.418165,0.73021084,0.115201466,0.14991567
1.0336537,0.7717373,1.015924,0.8507509,0.097813554,0.09729405
1.6783439,0.7028982,1.7098005,0.7745309,0.005959412,0.111975506
1.3251557,0.4852853,1.3352253,0.6641632,0.0074814996,0.16484308
1.1705023,0.8000453,1.2616184,0.7600932,0.2653043,0.14831315
1.322467,0.65322375,1.3262863,0.65829825,0.018787825,0.16994908
1.4629669,0.53838974,1.5610642,0.76050407,0.2769275,0.14205377
1.9257234,0.93302333,1.96984,0.89316237,0.018988652,0.05841827
1.1751442,0.76812094,1.1120932,0.76060444,0.08509346,0.12955298
1.4358596,0.6846671,1.4468343,0.6788237,0.013925968,0.15995392
1.2612133,0.89893544,1.1693215,0.76190436,0.17825802,0.14167197
1.52035,0.51448166,1.5440271,0.7132188,0.0050461083,0.13913333
1.6288869,0.99911517,1.6577251,0.7583251,0.018290553,0.12199179
1.3051077,0.7663339,1.330375,0.6637703,0.0071219467,0.16131946
1.2869387,0.8708164,1.2875147,0.6719667,0.0284888,0.16377926
1.0344343,0.9069512,1.0237691,0.85926694,0.21405126,0.10426213
1.3141751,0.48199445,1.332042,0.68236035,0.054019243,0.16468108
1.6730367,0.68932706,1.698256,0.7774545,0.045800116,0.11569538
1.2090268,0.8462322,1.2138743,0.6971376,0.008902387,0.14612296
1.6978539,0.67749333,1.7141862,0.78344333,0.04471851,0.11119115
1.3041128,0.5134514,1.3175697,0.7536418,0.27627188,0.1466723
1.5735887,0.8464624,1.5922856,0.72645533,0.0051305946,0.13228834
1.3043227,0.53306544,1.722014,0.7909691,0.05142814,0.11266991
1.5343678,0.6289311,1.5463884,0.74385613,0.12542866,0.14203137
1.9230775,0.8589545,1.9451239,0.89807904,0.17266081,0.07864031
1.5894371,0.8768974,1.6195214,0.74335146,0.019559927,0.12959966
1.3574606,0.83359176,1.3785493,0.7484815,0.28793502,0.15940543
1.8451489,0.7326656,1.8657975,0.8451384,0.008789962,0.081894614
1.2938782,0.57782656,1.3140395,0.66014534,0.0059259553,0.16383046
1.3932676,0.6118873,1.3647041,0.70017916,0.111858435,0.17029354
2.0376046,0.9835984,2.1075125,0.9585292,0.013535031,0.034465346
1.6154436,0.845509,1.2907298,0.71431255,0.18516244,0.16282792
1.2379308,0.92402637,1.322525,0.8203216,0.5066144,0.13234405
1.4091134,0.7507237,1.2070177,0.79178566,0.33597678,0.13355249
1.6862752,0.7736004,1.7134442,0.77838385,0.008495287,0.110831335
1.3330286,0.48919404,1.3241909,0.6861562,0.11536603,0.17418054
1.5043554,0.5993789,1.529146,0.69857967,0.015409674,0.14571685
1.4238698,0.90258557,1.4134316,0.7101233,0.24117081,0.16676421
1.4067403,0.89590234,1.3877604,0.65838873,0.017737351,0.1734044
2.0425534,0.95271516,2.0937903,0.9500944,0.012410629,0.03637777
1.3906279,0.6875308,1.3042836,0.73748314,0.21906699,0.15478612
1.6623893,0.84804034,1.7053158,0.7717253,0.020494003,0.110047884
1.7142394,0.6918554,1.7488251,0.79572576,0.044021882,0.11369932
1.6786226,0.720887,1.7077239,0.7736515,0.007777606,0.11176675
1.508112,0.6336706,1.460212,0.7275392,0.09502867,0.14893426
1.606614,0.7484805,1.2122028,0.8123857,0.29726005,0.12775056
1.3991752,0.5509687,1.4276059,0.6728226,0.0064768177,0.15801156
1.3486763,0.7754061,1.361167,0.6568341,0.0055443263,0.16880685
1.1875718,0.85891867,1.2386265,0.7504239,0.18279621,0.14660582
1.4240979,0.4474279,1.4383335,0.6993053,0.07457519,0.15763375
1.4077353,0.81706643,1.4196031,0.6702318,0.004518453,0.16165799
1.1277891,0.79765505,1.0535796,0.8158149,0.097835355,0.11001195
1.3684855,0.6992218,1.3831418,0.6772147,0.08205422,0.17604594
1.394348,0.4443105,1.4201677,0.6720241,0.0047421153,0.16100514
1.32916,0.95514095,1.3336792,0.6961492,0.105554946,0.17456788
1.4679157,0.61642563,1.4662561,0.7531532,0.31245556,0.15146944
2.0225024,0.98605394,2.076107,0.96294457,0.09798292,0.040136546
1.4905534,0.764598,1.5103226,0.6968676,0.014213272,0.15150096
1.6162724,0.62226915,1.6375303,0.7447518,0.006739769,0.124623016
1.6674287,0.7914968,1.6824541,0.7581092,0.006460578,0.117510706
1.3505371,0.9760064,1.3470623,0.6493651,0.007882803,0.17196198
1.9900964,0.84203404,2.0348635,0.9179222,0.013700761,0.04782062
1.2666132,0.49269632,1.1848063,0.7528589,0.123649605,0.14126195
2.0415618,0.88441104,2.0931265,0.9496586,0.013687488,0.03523813
1.588342,0.7966964,1.6155121,0.7399511,0.0060605356,0.12554297
1.2060374,0.62227386,1.4606016,0.6802041,0.029905913,0.16158558
1.083524,0.7229728,1.0476234,0.78667545,0.021222707,0.10907512
1.090207,0.7147354,1.1401029,0.8220369,0.20851828,0.118573174
1.4617735,0.6600579,1.4753385,0.6809811,0.0056001577,0.15285656
1.4936134,0.5876992,1.5241051,0.6922474,0.015875826,0.15150599
1.8982093,0.95278615,1.9285104,0.8790384,0.058245886,0.06982587
1.8487414,0.7814233,1.8872597,0.85856134,0.021565344,0.07592339
1.2746351,0.5563497,1.6358747,0.8274537,0.56881225,0.12532498
1.6136241,0.91550267,1.4704144,0.74873316,0.2833559,0.16006033
1.3252468,0.62871003,1.33885,0.66619533,0.008613927,0.16451375
1.1899239,0.77246827,1.1483767,0.75978726,0.046811584,0.1261493
1.4519434,0.91020674,1.4433613,0.6841148,0.039238997,0.16490985
1.4359807,0.579933,1.4400828,0.6686669,0.022733895,0.16695935
1.3665943,0.5015573,1.381407,0.6622738,0.0060419473,0.16617063
1.1655256,0.72224814,1.1419604,0.74750483,0.019627923,0.12581164
1.2658689,0.69439936,1.1472573,0.7711465,0.09140275,0.12912974
1.8181462,0.8980869,1.8770154,0.8507121,0.047181845,0.08110631
1.2904413,0.6104699,1.3080423,0.6749772,0.012621052,0.16189802
1.8284938,0.9446009,1.8734088,0.8395607,0.010201611,0.0829761
1.5327423,0.5382957,1.5385461,0.76261365,0.18105738,0.14505994
1.3513741,0.66607547,1.3510461,0.66597056,0.027706964,0.17097099
1.2135024,0.8127629,1.2101104,0.73038006,0.058100045,0.14213002
1.1583431,0.6509012,1.1626201,0.7450393,0.025063705,0.12752756
1.97863,0.8282392,2.0356371,0.9214279,0.012829291,0.04423777
1.6992081,0.85894847,1.7310436,0.78557146,0.014975625,0.109351456
1.2286102,0.94290143,1.2303886,0.7455131,0.22915924,0.15798382
1.4674597,0.9623086,1.4843879,0.6850749,0.0053141722,0.15295053
1.5451595,0.59437305,1.3622146,0.7640724,0.2876598,0.14705373
1.6460365,0.8478876,1.6787717,0.75923693,0.0071304995,0.11936208
1.6496357,0.64240026,1.6816857,0.773339,0.033524785,0.11846557
1.6098473,0.79740995,1.6144862,0.75199175,0.07271456,0.13541725
1.405544,0.604355,1.4351871,0.6606425,0.006934404,0.16495255
1.2548336,0.8704432,1.2453761,0.6971668,0.02660947,0.15109372
1.0753802,0.7660584,1.0721831,0.81978613,0.15698509,0.11631929
1.9019654,0.93336594,1.2863903,0.70848525,0.13198574,0.16234362
1.7320129,0.72944313,1.5416198,0.8170996,0.37616077,0.12893951
1.1491771,0.6089277,1.1098175,0.7717824,0.0618878,0.123672955
2.0316722,0.94930387,1.9111819,0.9099791,0.074906334,0.04993157
1.7040612,0.9420066,1.2883961,0.8366141,0.4351383,0.11706832
2.0588734,0.95626485,2.1060183,0.9559828,0.015518232,0.03237757
1.2481371,0.48676422,1.2918994,0.663822,0.010885015,0.16371472
1.3670021,0.43725514,1.3865039,0.6569443,0.0084283585,0.16944017
1.4669646,0.92271185,1.4770048,0.69219804,0.010947516,0.15187968
0.93148696,0.97530395,1.1191607,0.8168678,0.2509371,0.1271634
1.4344923,0.6187596,1.4533188,0.7163809,0.14262997,0.15774786
1.9554691,0.9265396,2.0151336,0.9073129,0.013273953,0.051365554
1.4807847,0.48192516,1.5096221,0.69989175,0.0055445535,0.14526555
1.8549895,0.92774874,1.9050665,0.86114675,0.024588158,0.071233995
1.1403105,0.6000686,1.124692,0.7646824,0.101375476,0.13073295
1.1369302,0.69163686,1.2240956,0.7797744,0.26035193,0.13590246
1.858674,0.8992149,1.9186676,0.8667224,0.022821847,0.070545405
1.5591428,0.7600191,1.585376,0.7238159,0.005658126,0.13383603
1.6055299,0.9316471,1.6006379,0.7569394,0.12330494,0.13708253
1.1219238,0.82483166,1.7160113,0.8134273,0.2293076,0.11733724
1.273386,0.6890611,1.2653542,0.7665754,0.22615322,0.13836308
1.7803732,0.79060453,1.7130299,0.8149806,0.23406348,0.1132107
1.5918555,0.9428239,1.6034458,0.73340505,0.02746274,0.13766795
1.8089517,0.73343706,1.8493516,0.8322441,0.009478126,0.08629936
1.9228563,0.91970134,1.9598587,0.88013846,0.018934878,0.061041836
1.4409628,0.9193461,1.4524701,0.68168247,0.006072557,0.15606786
1.2742558,0.56711924,1.4427037,0.71979344,0.2562319,0.15992674
1.6090618,0.65582454,1.6271877,0.7415463,0.005594814,0.12526184
1.571204,0.84026283,1.5896533,0.72975206,0.0067547364,0.13339025
1.0226012,0.9518824,1.2680285,0.8866555,0.4985751,0.1099703
1.5786277,0.9368729,1.6114008,0.73854184,0.005545542,0.12757646
1.3283783,0.49654213,1.3503482,0.6627462,0.007022656,0.16653249
1.326311,0.99070275,1.3316512,0.6611211,0.0134788295,0.16634658
1.7477006,0.7044212,1.765274,0.8039945,0.0102183,0.09923204
1.3418863,0.41148052,1.3362727,0.671537,0.022782272,0.16461396
1.3849937,0.57085955,1.420542,0.68568844,0.11001516,0.17593972
1.4202827,0.8396044,1.3336198,0.75506735,0.19332907,0.14712965
1.9561404,0.8803073,2.029938,0.91662,0.06726391,0.057693053
1.2650926,0.81869954,1.2700934,0.67985874,0.005869383,0.15352595
1.1651478,0.9945837,1.161016,0.7280327,0.012345531,0.13113138
1.3294204,0.51822555,1.0800233,0.81373334,0.2605185,0.123802
1.9301698,0.8169017,1.9290128,0.8737425,0.02534667,0.07054836
1.5556911,0.9994677,1.5788801,0.72952074,0.02186257,0.13898793
1.257979,0.5126915,1.2298858,0.7055366,0.09023189,0.15898424
1.685174,0.6819223,1.6854115,0.7847681,0.08589144,0.12274779
1.5255675,0.7215218,1.5448253,0.7069286,0.005233856,0.1419758
1.8411938,0.9235807,1.8149271,0.84344214,0.09290374,0.089827165
1.1371142,0.6156561,1.0936215,0.800875,0.16523789,0.120077856
1.6972302,0.86823356,1.7245371,0.78284734,0.0064650066,0.10705946
1.5394404,0.744937,1.5531843,0.7152859,0.008669054,0.14314252
1.3514358,0.42168957,1.3735161,0.6544436,0.0076731183,0.1686226
1.5354158,0.5774513,1.5542085,0.7168841,0.0066852234,0.13970642
1.3548335,0.93235964,1.3668857,0.6545569,0.005494721,0.16905613
1.5058838,0.7200414,1.5275266,0.70297885,0.005086124,0.14450653
1.2131929,0.7050149,1.2124956,0.7073895,0.00792705,0.14102538
1.3980279,0.6907633,1.3165536,0.7108396,0.122604884,0.1604963
1.3018978,0.45576444,1.2862375,0.6817655,0.07003827,0.17026967
1.6803042,0.92780834,1.6982789,0.7692405,0.010744562,0.11672709
1.5371158,0.66998225,1.5340729,0.70512736,0.03553488,0.15099593
1.3719934,0.5209446,1.4030213,0.66419715,0.00590332,0.16548255
1.5231808,0.9033669,1.5399528,0.7168216,0.013804613,0.13945721
1.1846385,0.58101636,1.3049047,0.7897844,0.37540454,0.14344977
1.925295,0.830785,1.9468832,0.87362653,0.011303454,0.06608607
1.3730553,0.6078712,1.3951147,0.6608289,0.006121585,0.16526021
1.6221867,0.62306726,1.6505244,0.75543743,0.0075064055,0.11991516
1.4155728,0.65793055,1.3585484,0.76266205,0.2762679,0.14999972
1.390279,0.46121484,1.4142776,0.67197335,0.0065456647,0.15996407
1.8548235,0.84894073,1.8784211,0.8490877,0.010845963,0.079288065
1.3527979,0.5961776,1.3582885,0.6764301,0.06468933,0.17017023
1.1528753,0.84799814,1.1395817,0.7502985,0.01085259,0.12191211
1.4943147,0.87753874,1.3257899,0.7151956,0.14196612,0.15538703
1.5121723,0.53575516,1.5248168,0.70046914,0.01505532,0.14648156
1.7433128,0.958241,1.7749729,0.8076815,0.0066855997,0.09590425
1.4131386,0.78885,1.429699,0.67824036,0.020758588,0.16321452
1.6617645,0.6411439,1.7021687,0.78632194,0.028900225,0.111551076
1.2744408,0.6858721,1.3486538,0.73632455,0.21231507,0.15332119
1.3483644,0.7703691,1.3452058,0.66872406,0.037999865,0.17317174
1.2829076,0.62517345,1.2721937,0.68864876,0.047165215,0.16005933
1.5852317,0.91918194,1.6142802,0.73848844,0.005591568,0.12650916
1.8326195,0.824921,1.8749466,0.84843534,0.015510569,0.07713812
1.2332695,0.994392,1.1933203,0.7341677,0.03636148,0.1365432
1.0789025,0.9054222,1.0575461,0.8330571,0.1703023,0.109313525
1.6284827,0.6058022,1.6453819,0.7512825,0.00683207,0.1221183
1.8947829,0.8668209,1.9381056,0.87050843,0.010416955,0.06770309
1.682254,0.6362725,1.7038748,0.7685027,0.005860029,0.11360197
1.5957973,0.71126044,1.6294694,0.758983,0.058118857,0.13148773
1.3374379,0.4575199,1.3746481,0.66762716,0.03551163,0.16962688
2.0172477,0.96500045,2.0885413,0.94660175,0.04177447,0.04128349
1.2555157,0.68760216,1.4190824,0.7575319,0.40045425,0.15150405
1.2884635,0.5037271,1.3217089,0.70709324,0.098284155,0.16504318
1.9522299,0.9135888,1.9903102,0.9044133,0.082862146,0.061342485
1.412558,0.9400657,1.434088,0.6752099,0.0050027873,0.15935633
1.3514525,0.7106651,1.3521421,0.65007794,0.02056758,0.1759462
1.1277633,0.8754068,1.1423492,0.79355186,0.08801936,0.117649265
1.3548336,0.6267397,1.3704488,0.64939684,0.005835625,0.171152
1.7207855,0.63295645,1.7551141,0.7894519,0.0061663226,0.105204575
1.5721054,0.93955123,1.5965881,0.73172677,0.024541955,0.13679147
1.4289654,0.82071805,1.4440305,0.6736777,0.004882558,0.15802899
1.522327,0.94013315,1.4596803,0.7650925,0.49187633,0.14429848
1.4749428,0.5170163,1.2850726,0.8021502,0.4122407,0.13558908
1.6955924,0.84873104,1.7074645,0.77158976,0.022598794,0.11242004
1.984008,0.83526057,1.5312948,0.84544486,0.7273493,0.12001799
1.6025512,0.75315505,1.5414889,0.73582375,0.15390117,0.14433423
1.0531363,0.826549,1.3732729,0.70077395,0.15042347,0.16740215
1.3135723,0.42946595,1.3291392,0.65833974,0.009425038,0.16664147
1.7546967,0.9801352,1.7874324,0.80392677,0.006247296,0.09913325
1.7818741,0.9054493,1.8249743,0.8294698,0.032948047,0.09070732
2.0734665,0.951251,2.1135757,0.9552582,0.018368252,0.032789905
2.0299315,0.88109493,2.0882287,0.94057274,0.020685125,0.03825425
1.6236743,0.5773322,1.6350543,0.74479973,0.010447671,0.12800884
1.3138815,0.6533259,1.2999682,0.708003,0.09728867,0.15885408
1.9983974,0.98371434,2.0277488,0.9109161,0.0153989075,0.047649283
1.1466779,0.60832995,1.1404366,0.7503153,0.016931782,0.12440101
1.6254785,0.8913452,1.6490357,0.75227416,0.009839976,0.12167457
2.1112583,0.9773816,2.1498432,0.9712352,0.021523578,0.028125862
1.8893012,0.87061936,1.929857,0.8793599,0.009934622,0.06728471
1.5903544,0.8161376,1.6052308,0.73938936,0.0056691472,0.12727213
1.1859719,0.6875467,1.1792858,0.7840824,0.21669398,0.13550183
1.5949707,0.6182334,1.6053379,0.72856206,0.012241455,0.13509613
1.4867785,0.8978041,1.5221262,0.7015684,0.02133862,0.15300812
1.7170231,0.7066113,1.5222826,0.7698195,0.31705195,0.14598122
1.08577,0.96738493,1.1595261,0.7657118,0.15257752,0.13759504
1.130045,0.79835224,1.0729191,0.81669897,0.19443253,0.12395981
1.5523288,0.6619258,1.5704925,0.7221017,0.005381517,0.13393742
1.402246,0.8637167,1.35344,0.76996446,0.32416424,0.15010552
1.388841,0.67165023,1.4431956,0.7344433,0.2445288,0.15585056
1.7169529,0.9426383,1.7549446,0.7963615,0.008058777,0.101129465
1.7952452,0.8461274,1.8273301,0.822118,0.008778402,0.09006924
1.6744375,0.6862588,1.566786,0.7758534,0.22806413,0.13488056
1.9161376,0.88604003,1.9401009,0.87348515,0.009552005,0.064722255
1.486486,0.7242697,1.5020139,0.6955796,0.013339843,0.15380083
1.5887399,0.6270641,1.6123872,0.7394664,0.022872265,0.13381825
1.521338,0.5724535,1.5441852,0.7068375,0.008151545,0.14216256
1.6324847,0.9523751,1.6587119,0.7534496,0.005651143,0.120445475
1.3611013,0.7734745,1.3569756,0.6560262,0.01900953,0.17916283
1.2730453,0.74608034,1.2752192,0.66520596,0.005785347,0.16321203
1.9408726,0.94343835,1.7416868,0.8460285,0.35710037,0.09732773
1.4104764,0.7303661,1.4305372,0.6719136,0.0066823554,0.16075248
1.255203,0.7304158,1.2466414,0.7174348,0.040750507,0.14484972
1.0962119,0.8877118,1.0602719,0.8186199,0.14713259,0.11381707
1.4218287,0.7072554,1.4374533,0.67694795,0.010136421,0.16438225
1.482508,0.9091549,1.4875553,0.69303226,0.0129459975,0.15506084
1.4358547,0.4730439,1.4671543,0.68367004,0.0048349663,0.15284109
1.4404936,0.86757123,1.7127779,0.82020307,0.23442517,0.11437479
1.7191477,0.75961024,1.7423534,0.79305273,0.007181148,0.10267446
1.789681,0.84396374,1.8224387,0.8199473,0.007929163,0.090039924
1.9902779,0.97704935,2.039286,0.92221206,0.0122901825,0.04787828
1.2405024,0.5521202,1.24863,0.68678105,0.0055625206,0.1493705
1.5132705,0.5050282,1.532372,0.70582163,0.006728717,0.14358778
1.6527208,0.7378707,1.6768394,0.77134705,0.058007576,0.12225368
1.6821128,0.79822147,1.7095585,0.778898,0.016844718,0.11075843
1.3637456,0.5083697,1.3750579,0.6497757,0.013342087,0.17235003
1.5997238,0.874616,1.6011469,0.7499462,0.075679034,0.13538805
1.6744238,0.60528105,1.697335,0.77002525,0.008833689,0.113108456
1.6088777,0.7568387,1.6227989,0.7379453,0.011665472,0.130658
1.6199306,0.7467524,1.6402555,0.7478622,0.006193563,0.1233198
2.0718257,0.94005686,2.1456866,0.9732573,0.027116334,0.02952343
1.6228788,0.98693925,1.6282489,0.7441879,0.014110134,0.12956057
1.5348628,0.6365432,1.5599115,0.7206768,0.005754824,0.13655783
1.638591,0.65368813,1.6750093,0.7623363,0.01652837,0.11670717
1.5000808,0.7190553,1.5246794,0.70529616,0.005670626,0.14219265
1.2910355,0.57546234,1.3031168,0.6655558,0.0115538975,0.16521192
1.3566711,0.5920775,1.3319142,0.72073704,0.22057146,0.16111708
1.5223757,0.6937493,1.5350282,0.7038271,0.0074676853,0.14362988
1.2512205,0.52599627,1.254889,0.70279014,0.038408127,0.15084824
1.4081129,0.6210963,1.4173794,0.67048013,0.010079294,0.16149841
1.4222479,0.83302695,1.4327476,0.6707428,0.018982561,0.16744316
1.3107476,0.6304225,1.309633,0.7308543,0.1174467,0.15178978
1.9112995,0.87269753,1.9537954,0.8905125,0.010591332,0.059437346
1.1191604,0.6096621,1.1046386,0.75545365,0.017957622,0.1207397
1.1986197,0.79576653,1.1795816,0.728649,0.019285882,0.13359328
1.2864629,0.6170811,1.2841496,0.66787744,0.009738572,0.16218008
1.5218117,0.72373426,1.5479414,0.7102943,0.0065250224,0.14203787
1.356978,0.45504913,1.4450839,0.8232905,0.64986575,0.13653474
1.4776474,0.5762484,1.5009193,0.6997528,0.0058703907,0.14441139
1.2339404,0.68578637,1.4393685,0.793371,0.47746527,0.14713408
1.8176012,0.7693001,1.8461416,0.8291643,0.007914865,0.087480426
1.491893,0.947111,1.4645872,0.7000686,0.07495909,0.1573626
1.6779253,0.9292043,1.7201667,0.777676,0.0075112106,0.11003923
1.4423827,0.5045405,1.4578402,0.693495,0.034441102,0.15820274
2.0207038,0.9593467,2.0977943,0.95416355,0.018928943,0.036007296
1.788016,0.7124834,1.79655,0.83450156,0.15866767,0.100476675
1.6277313,0.7441606,1.6575887,0.759355,0.008651492,0.119944
1.9488859,0.8344554,1.9708953,0.8911551,0.010594509,0.059850637
1.7576566,0.71429414,1.7866299,0.8051588,0.009991385,0.09757298
1.4383721,0.56404465,1.463695,0.6848981,0.0050500124,0.15423624
1.0749028,0.78310496,1.0566924,0.81189924,0.04539314,0.10145671
1.5099953,0.9043605,1.5326061,0.7042388,0.00578469,0.1434397
1.7451588,0.78962916,1.5887713,0.8352379,0.255823,0.106673144
1.0310045,0.919798,1.3465908,0.7543249,0.27662447,0.15843216
1.7641305,0.6680601,1.8032737,0.8212468,0.027033504,0.09214824
1.3662131,0.47689903,1.3969293,0.6653312,0.018951315,0.16798191
1.4931871,0.9218013,1.5105066,0.6926248,0.006245348,0.15107237
1.9448769,0.9821538,1.9820771,0.9009389,0.010284924,0.056169055
1.6477969,0.73543483,1.6761382,0.7638199,0.03437494,0.11858073
1.3144071,0.7207827,1.3197763,0.6659439,0.041419644,0.17167383
2.0512233,0.9517735,1.5108137,0.8168306,0.539028,0.14525327
1.4334483,0.50782794,1.4454005,0.67907697,0.0047200974,0.15673772
1.0940293,0.8794509,1.1219399,0.85152894,0.32947397,0.115222946
1.8292505,0.9912968,1.8847911,0.85722923,0.042537328,0.07612254
1.6918383,0.8093684,1.7159545,0.7809386,0.00881713,0.10763869
1.338342,0.6933349,1.3466015,0.65755147,0.0060290312,0.16511546
1.3124676,0.85348076,1.3138487,0.6692599,0.015230283,0.16533503
1.5530514,0.7989352,1.4378436,0.67965496,0.046898007,0.16707176
1.4671508,0.63227904,1.4530306,0.72624016,0.1367446,0.15592018
1.6408736,0.9886144,1.668819,0.7582391,0.0059701144,0.11808929
1.4199771,0.48494175,1.441,0.6744795,0.005161089,0.1586921
1.996109,0.8761672,1.1120622,0.8258689,0.30537507,0.122114345
1.9687808,0.92541134,1.6299429,0.9222819,0.683117,0.08992023
1.6056476,0.6743887,1.6299915,0.73266053,0.007991686,0.13243008
1.595383,0.7176029,1.6122594,0.7349635,0.014299475,0.13272034
1.6626486,0.7232996,1.5778642,0.7882625,0.2991835,0.13278618
1.1724732,0.71380734,1.096874,0.7975901,0.08062207,0.11775511
1.4959315,0.7350425,1.4788163,0.72052175,0.08140187,0.15399772
0.9292341,0.89043546,1.5170088,0.86346,0.7190561,0.12603508
1.5050774,0.68049985,1.5244493,0.7077553,0.004845084,0.14230813
1.5554104,0.8439074,1.5930316,0.72947675,0.0066782655,0.13182229
1.5743524,0.8578578,1.5001664,0.7809453,0.38603047,0.13970557
1.3549101,0.5145844,1.3617685,0.6574462,0.017863898,0.17119026
1.5983565,0.94350326,1.8225253,0.86365134,0.1616104,0.09031424
1.3760396,0.5109648,1.3938184,0.66457534,0.005203797,0.16450931
1.1380529,0.8590969,1.1113317,0.7743503,0.05408971,0.121188395
1.2779418,0.48662022,1.2711165,0.6795895,0.030400828,0.16237712
1.4946697,0.5093448,1.4970903,0.71549976,0.041629553,0.15198667
1.4789652,0.81325036,1.3754153,0.7701044,0.41530094,0.15403225
1.2555535,0.7894979,1.2547789,0.68646544,0.007217113,0.1514662
1.6634109,0.88196987,1.6713569,0.7579535,0.009555553,0.11811516
1.224713,0.5266803,1.2353461,0.6882455,0.011172188,0.15149505
1.1451117,0.59484637,1.1288534,0.75458837,0.063030966,0.12994903
1.3141716,0.57029366,1.3218765,0.6714415,0.012315095,0.16199757
1.5360286,0.8186478,1.5030274,0.76206195,0.2752616,0.14116678
1.194411,0.61646396,1.2446449,0.7640052,0.26977456,0.1459211
1.1063352,0.71110517,1.6619024,0.76479864,0.041708983,0.12769426
1.0908115,0.7116745,1.3779571,0.83064085,0.44846338,0.12452697
1.5663683,0.8105423,1.5925269,0.7394147,0.024420412,0.13326766
2.0203035,0.9770697,2.0522501,0.92559445,0.016791714,0.042227924
1.3049201,0.9459712,1.3075409,0.65669954,0.008680495,0.16824098
1.2794453,0.68988055,1.2851279,0.673528,0.00582678,0.1576111
1.7487296,0.83458275,1.7585797,0.7949609,0.008662022,0.09966257
1.4906703,0.647024,1.5132973,0.7004205,0.0071525895,0.14532743
1.6651757,0.9547774,1.685281,0.7677795,0.011800579,0.11525329
1.7698262,0.9410526,1.4817691,0.8427035,0.5874654,0.1318167
1.7044231,0.761764,1.7170215,0.77679133,0.0066719633,0.10833029
0.9847156,0.8100008,1.4355228,0.7949825,0.42688426,0.14230546
1.3245609,0.9846306,1.2805502,0.736972,0.17651969,0.15162316
1.2345352,0.9800736,1.243566,0.7541023,0.18762662,0.14631157
2.1096451,0.9474679,2.158149,0.97575766,0.03195008,0.02907993
1.6487154,0.6831809,1.6801112,0.78331363,0.037095405,0.11700601
1.2413334,0.62439823,1.3453596,0.77232254,0.15048043,0.13497335
1.3951343,0.46855128,1.3898718,0.6905211,0.10214349,0.17722668
1.1309524,0.90261835,1.3991079,0.7230637,0.28038943,0.16157389
1.5126404,0.9534027,1.5285499,0.7078028,0.0052303183,0.14160855
1.5162398,0.81267005,1.5191011,0.69845533,0.014552418,0.15107702
1.4524693,0.80501693,1.4729667,0.6881278,0.0052026785,0.15134476
1.3079385,0.65596116,1.3223569,0.66533285,0.008004431,0.16227327
1.8418853,0.8717799,1.8729129,0.8440114,0.009413805,0.080044396
1.8779688,0.9325855,1.9111757,0.86475044,0.010362847,0.07128339
1.5426537,0.5913589,1.5038073,0.75489444,0.13909227,0.1388056
1.0710106,0.87095535,1.0290897,0.8295856,0.05812251,0.09924463
1.2492311,0.52172494,1.262212,0.6660884,0.008959544,0.1609388
1.7193731,0.8504937,1.7493722,0.78805023,0.0060600904,0.105443284
1.7321056,0.7803428,1.763552,0.8006411,0.006867635,0.09774686
1.0762322,0.8053718,1.0429521,0.83188903,0.094586015,0.102544405
1.5531237,0.7103117,1.5669298,0.72007334,0.00574434,0.13638408
1.3793252,0.5896439,1.4019518,0.66187394,0.011675304,0.1662398
1.5423633,0.82638776,1.5631242,0.7127569,0.009544219,0.13971157
1.2711987,0.9561423,1.2681935,0.6722461,0.012946726,0.1601857
1.5536579,0.5287977,1.581429,0.71962684,0.0052186297,0.1363329
1.5679543,0.5766925,1.5623453,0.8095614,0.48631123,0.13547133
1.6848594,0.79409933,1.7126291,0.77757585,0.006372266,0.11027009
1.3827008,0.48454788,1.3972383,0.6592879,0.0047646174,0.16737448
1.3614105,0.55907035,1.3858685,0.6580355,0.0048136623,0.16818951
1.3006958,0.95052147,1.3117473,0.6529056,0.0070686378,0.1691456
1.5218886,0.54746985,1.542702,0.7084901,0.010246754,0.14437506
1.218694,0.5998275,1.1967716,0.73300314,0.032627955,0.13736539
1.2316498,0.5422385,1.2523515,0.69464093,0.04952394,0.15423284
1.4934072,0.5041881,1.5087447,0.6996421,0.009666338,0.14945988
1.2772427,0.656261,1.2180846,0.7206609,0.07841109,0.15059914
1.4474461,0.9573357,1.2341499,0.7966619,0.2580582,0.13171723
1.8525393,0.8477863,1.8403583,0.8497917,0.23362146,0.09681941
1.3451972,0.4664086,1.3598936,0.65806925,0.020061888,0.17674355
1.8434232,0.85331964,1.8960948,0.8583056,0.008182465,0.07522924
1.3430233,0.6900972,1.5242815,0.78871197,0.3673059,0.13770549
1.6686894,0.7610488,1.6920297,0.7689011,0.014065445,0.1169603
1.4058204,0.44808638,1.4343293,0.6685192,0.005006586,0.16317174
1.7543955,0.7137895,1.4349694,0.77760303,0.33635554,0.14030255
1.3320792,0.8328579,1.3489711,0.66521287,0.004780798,0.16493447
1.786046,0.6960788,1.8270774,0.8336331,0.012521002,0.08624161
1.222573,0.6262943,1.1977103,0.7283588,0.06227916,0.14202388
1.2731833,0.9890625,1.2745745,0.6721426,0.009019011,0.15887937
1.4694318,0.53865075,1.3476365,0.76179993,0.19421932,0.14728995
1.4901677,0.54221404,1.5056841,0.69723547,0.00571284,0.1470099
1.3747535,0.95854926,1.3876626,0.6632575,0.0055237226,0.16551188
1.2107763,0.74764144,1.0866357,0.80124426,0.14731318,0.1246069
1.6328366,0.79552495,1.6311448,0.7971577,0.25311393,0.12843499
1.298487,0.63013136,1.1618991,0.81805414,0.2621354,0.12982105
1.786323,0.7745932,1.8115635,0.84095585,0.058062665,0.08700321
1.9433485,0.9625127,1.80737,0.89949846,0.35256097,0.07916991
1.30503,0.46379325,1.2661564,0.7143029,0.12908767,0.16041185
1.4922998,0.63679016,1.5131493,0.6970353,0.0063613793,0.14669627
1.3365748,0.8213628,1.3507109,0.6606159,0.0075779567,0.16710219
1.2592928,0.61707723,1.2761755,0.75163984,0.2815853,0.14837773
1.7688515,0.6903386,1.785558,0.81133324,0.017466025,0.096640915
1.5237464,0.7034086,1.5583541,0.7169777,0.0071606054,0.13847996
0.9922723,0.8488514,1.5153949,0.84342325,0.5441639,0.12681264
1.0187011,0.87716454,1.4411168,0.7752922,0.31697547,0.14070302
1.2125342,0.5241984,1.1413387,0.7628912,0.11469121,0.13498674
1.7465607,0.65310615,1.7733636,0.8055234,0.007458255,0.0959334
1.3487762,0.48872665,1.4017718,0.6719537,0.057175808,0.17729323
1.8447385,0.7406467,1.8726625,0.8450659,0.035582166,0.07855737
1.3434634,0.7255641,1.3477578,0.66100323,0.018709907,0.17335479
1.8331885,0.71972936,1.8646438,0.84125525,0.007520281,0.08205364
1.5506173,0.9485,1.5551119,0.7371238,0.053628467,0.13849741
1.0324087,0.8680142,1.4352779,0.8058734,0.49175954,0.13546324
1.1225973,0.99185944,1.291089,0.7317963,0.15755564,0.15676172
1.5211047,0.70085233,1.5498862,0.7119403,0.005851839,0.13885084
1.0441489,0.8506769,1.0092716,0.88199574,0.22239006,0.09480624
1.8072869,0.8577453,1.8598311,0.84758013,0.06817678,0.083766386
2.1087728,0.9510568,1.5166042,0.9034448,0.4504618,0.084877945
1.8437097,0.9742798,1.7684176,0.8652712,0.41049394,0.094656855
1.1077348,0.9858457,1.1613412,0.78573143,0.17958279,0.12623103
1.725857,0.7056842,1.7085133,0.80197316,0.11511972,0.109606534
1.3310311,0.5403991,1.2653136,0.7667319,0.32638574,0.14688516
1.7221851,0.674474,1.7383046,0.80979985,0.11726904,0.10377428
1.9768615,0.8714302,1.9618845,0.9070546,0.3540209,0.068740696
1.952113,0.93640465,1.9904101,0.8950821,0.010553187,0.05629831
1.2571592,0.8937979,1.1465496,0.78997123,0.103458904,0.12234598
1.2945428,0.8245097,1.2840986,0.67037874,0.012578026,0.1590094
1.6731825,0.8798985,1.7101271,0.7775912,0.012448629,0.11035659
1.0542814,0.9859948,1.0903771,0.84812695,0.4293713,0.116728835
1.2799399,0.57404625,1.28494,0.6767908,0.0071995663,0.15696572
1.5434642,0.63754016,1.5622795,0.7071197,0.008536058,0.14040507
2.0559514,0.9804239,2.0485597,0.9402217,0.3001241,0.058420576
1.1009144,0.84334314,1.3278906,0.7725991,0.29217625,0.13791092
1.231988,0.8604105,1.2443695,0.69652206,0.008702078,0.14675985
1.5184706,0.7781109,1.5294757,0.7078635,0.021056924,0.14665166
1.802099,0.8526529,1.8293111,0.82466453,0.010171288,0.08749567
1.1974837,0.80220133,1.220608,0.7250207,0.09932305,0.146722
1.4471048,0.66928655,1.4766741,0.7121164,0.014359605,0.14576855
1.6069075,0.5922721,1.6375673,0.7504865,0.015899694,0.12373436
1.5475597,0.79596394,1.5307753,0.738262,0.12082461,0.14605059
1.6250244,0.72016275,1.539468,0.7432579,0.19817139,0.14663072
1.257819,0.95120674,1.2574024,0.6835605,0.01115606,0.15436934
1.9102426,0.80421627,1.9610715,0.88463104,0.0118248435,0.058917392
1.4636916,0.6989292,1.4859087,0.6901654,0.005850835,0.14882113
1.6033165,0.61966133,1.6421204,0.7495775,0.0072506364,0.123716965
1.0338347,0.82147807,1.2070229,0.85171115,0.3500514,0.11615855
1.705612,0.7007997,1.7338252,0.78383714,0.00596526,0.10599192
1.8574388,0.8471714,1.305372,0.77022886,0.2853261,0.1456622
1.5038677,0.95314986,1.5287678,0.706254,0.0055913017,0.14282389
1.8772537,0.91320205,1.9096444,0.86866385,0.010009872,0.06828133
1.5167385,0.9025558,1.5339136,0.71129924,0.010646683,0.14269045
1.5271869,0.6751259,1.4126,0.7385881,0.22655824,0.14917947
0.9583952,0.94002867,1.7159212,0.8232483,0.2703145,0.11599434
1.6800412,0.78796923,1.7174385,0.78099144,0.0065577296,0.107916795
1.7174462,0.8950986,1.7420912,0.79266346,0.023739558,0.107223354
1.1598935,0.56041276,1.2544999,0.8038775,0.2949908,0.13006836
1.4393691,0.918957,1.4465215,0.68009907,0.0063967393,0.15679476
1.2986377,0.45407104,1.3854563,0.6963926,0.107735656,0.16540332
1.6129537,0.82188094,1.6256168,0.7527091,0.020632023,0.13002843
0.9774376,0.89276326,1.1891472,0.76500434,0.2414516,0.14622572
1.7368753,0.757041,1.7623365,0.794442,0.006272255,0.101308435
1.2417078,0.6290481,1.2452536,0.7194176,0.14732836,0.15473771
1.88472,0.7590787,1.3899875,0.8329386,0.39020473,0.12623605
1.687474,0.7389078,1.696698,0.8005248,0.068939164,0.11077693
1.3011364,0.5093428,1.3196905,0.6701493,0.014284987,0.16150591
1.61754,0.77799356,1.6345794,0.74179375,0.009473309,0.12538163
1.6790278,0.6104793,1.5105808,0.7832079,0.27818602,0.13384147
0.9505341,0.94875556,1.2076931,0.7925101,0.43790084,0.13810062
1.1761186,0.6881433,1.1383331,0.7531786,0.028421657,0.12555882
1.4460622,0.75020874,1.4647856,0.68612456,0.005502267,0.15393141
1.3500737,0.5248991,1.2813299,0.7175622,0.09608059,0.15262824
1.3081979,0.59474695,1.3050618,0.67135906,0.014621961,0.16224302
1.7170972,0.6412582,1.7451413,0.7879042,0.009876673,0.10692169
1.3219848,0.42774653,1.3242517,0.66534925,0.007822393,0.16437525
1.517978,0.69195503,1.5383792,0.70897615,0.0056672012,0.14249453
1.6556205,0.6829813,1.6792057,0.7638679,0.006891014,0.113681026
1.4605826,0.9125771,1.4370294,0.70599484,0.05766299,0.16430472
1.2721575,0.8044444,1.2770703,0.67430407,0.011805565,0.15877283
1.6682607,0.6282228,1.6904685,0.7669908,0.007889647,0.11478451
1.5050464,0.7317448,1.5180161,0.75510216,0.18789753,0.14613073
1.3081197,0.7235264,1.3065104,0.66659296,0.023068173,0.16526023
1.2924739,0.6245454,1.274914,0.6908583,0.048299544,0.15978006
1.1620808,0.725138,1.1610656,0.72912925,0.021162653,0.13185538
1.6566952,0.9474672,1.6782732,0.7681047,0.008652966,0.114041395
1.8891287,0.83141655,1.9303277,0.87856,0.07265704,0.06886125
1.1306782,0.6186435,1.056954,0.82754743,0.13419804,0.11119914
1.2197467,0.6327193,1.2573004,0.70012534,0.07241477,0.1576017
1.6297712,0.57841897,1.9621758,0.89933914,0.1451028,0.06858913
1.4624515,0.48003128,1.476579,0.6885046,0.008326671,0.15377866
1.2506448,0.95311767,1.2486255,0.6763809,0.0051481654,0.15609744
1.7418029,0.83381224,1.7612965,0.79594594,0.006472696,0.101203024
1.7156221,0.6343487,1.7338848,0.81027365,0.06812118,0.109733135
1.1768564,0.6071521,1.3897207,0.7098658,0.09629043,0.15672326
1.4253936,0.6626875,1.4111352,0.69338256,0.055271003,0.16416706
1.3505155,0.6208829,1.3675816,0.65992874,0.009329069,0.1664423
1.771592,0.8664057,1.8104401,0.8224587,0.00784102,0.09049398
1.921659,0.99115217,1.9481356,0.8805271,0.0082850745,0.06394974
1.0227714,0.76791996,0.9445872,0.843305,0.03539806,0.09114891
1.3312777,0.526646,1.3470099,0.65105057,0.007800135,0.17174704
1.4528211,0.9453366,1.4388304,0.692762,0.052447855,0.16618964
1.6569133,0.86433756,1.5888243,0.7851342,0.20379332,0.12587424
1.115282,0.80554307,1.0659349,0.78667825,0.09768398,0.12436781
1.5955297,0.82870424,1.6150241,0.7512911,0.066056326,0.1334907
2.026825,0.9628458,2.0902565,0.94353133,0.023566766,0.03701915
1.5455885,0.6958451,1.5554869,0.7110274,0.029554842,0.14722173
1.5663162,0.7202927,1.5882227,0.73124707,0.0056886226,0.13060026
1.2619035,0.92154783,1.2450969,0.6930505,0.021499781,0.15461573
1.8174554,0.8541324,1.6650519,0.82645386,0.48504564,0.1228172
1.6850803,0.634696,1.7100167,0.7708599,0.005528458,0.11172851
1.7193896,0.95381397,1.5814552,0.72775805,0.11933205,0.15205161
1.3156604,0.89106387,1.3375266,0.6942514,0.09171864,0.16720468
1.8024614,0.70575684,1.8426437,0.8520662,0.10197111,0.08122765
1.443663,0.875936,1.3400488,0.7099081,0.18754132,0.16555586
1.2712958,0.9205587,1.2800624,0.67680293,0.005897814,0.15683198
1.4107873,0.45775414,1.4315348,0.66553605,0.007242316,0.16534895
1.2996255,0.5752899,1.3196895,0.7056044,0.114366464,0.1664187
1.6811785,0.90049887,1.6953406,0.7754951,0.01266036,0.111142926
1.5198725,0.6178834,1.5310676,0.707626,0.0053587733,0.14066353
1.6852144,0.9553589,1.7161381,0.77670956,0.0056293397,0.10919628
1.3234388,0.5117518,1.336065,0.66151434,0.005494053,0.16376396
1.8431891,0.79415035,1.8991878,0.85749394,0.017261863,0.07493894
1.0753633,0.7896536,1.3259552,0.82218117,0.57575667,0.14099182
1.4587374,0.5388107,1.4864745,0.6875816,0.0062878025,0.15225758
1.0752155,0.92630655,1.2715626,0.68357503,0.050484147,0.16016708
1.5273057,0.6887716,1.4968522,0.7279203,0.12198919,0.14669427
1.1414748,0.7176682,1.1440737,0.75446284,0.082076885,0.13446923
1.4583212,0.92101586,1.4671113,0.6804106,0.005831366,0.15577686
1.0434462,0.78137887,0.9485288,0.864968,0.07963637,0.091462314
1.2193283,0.53728765,1.2136931,0.7061447,0.023967471,0.14502296
1.3861203,0.9083895,1.4036865,0.66571736,0.005950652,0.16398731
1.3763871,0.5250101,1.3967032,0.66534084,0.008692043,0.1640761
1.4344066,0.96337247,1.4467423,0.67181385,0.0073874365,0.16042049
1.3218443,0.52159864,1.3391585,0.67056966,0.0072906367,0.16379058
1.8104607,0.8116653,1.8425188,0.8531546,0.13033664,0.09286053
1.4900745,0.8851486,1.3880272,0.7293701,0.15523335,0.15121572
1.3895761,0.68510824,1.3976834,0.65996706,0.0056934366,0.16558236
1.2976127,0.6379533,1.3637092,0.67423195,0.09954293,0.17193528
1.3000835,0.48086968,1.2934,0.6959057,0.08957198,0.16544087
1.6498035,0.8467406,1.5101249,0.7218051,0.21005969,0.15080032
1.5403423,0.9588611,1.5517142,0.70858467,0.0069870506,0.1395356
1.4069215,0.5028685,1.4387882,0.67683715,0.0058783875,0.15735425
1.1755822,0.80469537,1.1814542,0.769864,0.056601442,0.12360429
1.7837476,0.8646589,1.5750699,0.79052544,0.31888124,0.1260906
1.4899373,0.619328,1.5071762,0.6998415,0.0057617784,0.14524925
1.4223909,0.92698455,1.4443843,0.67546207,0.022673683,0.16364367
2.14765,0.99690586,2.1527312,0.9776026,0.026416674,0.02689634
1.3909235,0.5757138,1.404659,0.6645916,0.012653685,0.16849495
1.692518,0.629776,1.7167144,0.780547,0.009153515,0.10925481
2.1116898,0.9787363,2.1197848,0.9684813,0.038716696,0.02736713
1.8015795,0.7392434,1.8381009,0.8311586,0.008160758,0.08561993
1.4483402,0.55607057,1.4705944,0.6872785,0.005560328,0.15235966
1.5498735,0.6367235,1.5676024,0.72505915,0.0064461096,0.13542141
1.78322,0.7867026,1.7585611,0.8445627,0.12919487,0.09317388
1.2235116,0.64361954,1.3201382,0.7114632,0.13308221,0.15768296
1.3922768,0.48829582,1.4087749,0.66390157,0.0056356564,0.16381913
1.2342086,0.6634466,1.2039325,0.78239256,0.31252697,0.13574322
1.6446676,0.7541271,1.6778328,0.77343935,0.027370028,0.11536239
1.145874,0.63200295,1.1524625,0.7314333,0.011914898,0.13010523
1.1804048,0.5865188,1.1863642,0.75047827,0.105042286,0.13848986
1.528026,0.5808658,1.5517108,0.71461195,0.007221636,0.13931927
1.1204213,0.80079514,1.065011,0.78204733,0.033182163,0.11258991
1.7363834,0.7544141,1.7744443,0.8018765,0.006623955,0.09849096
1.715898,0.78145146,1.7510979,0.79222447,0.0060836165,0.10380288
1.3850758,0.83822006,1.1896675,0.760466,0.13228722,0.13593967
1.3991446,0.45717725,1.4138038,0.6675655,0.0056906054,0.16408768
2.1085732,0.9841574,1.2345841,0.78033555,0.38726476,0.14396954
1.5249933,0.66384584,1.5539134,0.70828193,0.017049124,0.14502122
0.92743,0.9066994,1.510267,0.8226952,0.5301861,0.13828214
1.411046,0.7383233,1.4542396,0.6989249,0.07373342,0.15746854
1.2617533,0.5372333,1.2668271,0.67188185,0.012081842,0.15973212
1.483612,0.7020099,1.5158587,0.6971848,0.013454918,0.14725566
1.9307197,0.802998,1.9729393,0.8857597,0.009962823,0.058389176
1.2685628,0.78432226,1.3320308,0.76352745,0.33235708,0.14591436
1.0552865,0.69046515,1.0043561,0.845452,0.14267828,0.10727587
1.6577561,0.7942445,1.454037,0.77272475,0.367048,0.15537933
1.6619524,0.86349213,1.6878011,0.7710733,0.013087682,0.115317695
1.666975,0.6796042,1.693397,0.7687024,0.008433609,0.11381562
1.4416647,0.6314321,1.4519405,0.68300915,0.0061767166,0.15543053
1.6346983,0.68000096,1.5974267,0.76865274,0.14456291,0.13395157
1.1484014,0.6748768,1.3435118,0.7732141,0.37674862,0.14193946
1.5920364,0.862057,1.614486,0.7481143,0.018287465,0.124959484
1.6020532,0.6382979,1.6149297,0.742519,0.007578138,0.1243223
1.4481565,0.73281866,1.1812904,0.7661527,0.09897775,0.12955704
1.6303829,0.858032,1.6662416,0.759154,0.006394476,0.119058825
1.6508404,0.9955902,1.4382737,0.73476636,0.3057114,0.16020519
1.8767236,0.8065798,1.9246972,0.86953765,0.008366093,0.07025131
1.697114,0.6570984,1.7159352,0.794838,0.10961407,0.12081074
1.7743406,0.85934806,1.7976475,0.8146605,0.009244449,0.09236173
1.2871951,0.58552194,1.4791677,0.79491705,0.38290334,0.1381595
1.8213019,0.89974934,1.8568347,0.8369291,0.0075204847,0.083713084
1.809421,0.86583334,1.850951,0.83583343,0.02933038,0.08752496
1.3264252,0.57090783,1.3363545,0.65300405,0.00671327,0.17050348
1.2981399,0.45913428,1.298106,0.6844292,0.025200475,0.15936732
1.6706814,0.7440743,1.6989481,0.77133536,0.008138422,0.112166904
1.5804286,0.58143383,1.5922678,0.7316176,0.013646844,0.1353577
0.9602989,0.85291773,1.1071272,0.8262401,0.30555114,0.12456914
1.7736946,0.87134165,1.8105428,0.8147444,0.0083729895,0.09157161
1.5497899,0.6881039,1.5699213,0.7239937,0.010208978,0.1369603
1.396474,0.44397444,1.3767121,0.6926412,0.13532782,0.17418703
1.3302152,0.7445814,1.3442261,0.6634905,0.026519999,0.17724933
1.4436933,0.83704156,1.4724674,0.68139285,0.01115923,0.15730432
1.3550396,0.5742964,1.3621535,0.65939665,0.0045089317,0.16782127
1.3321676,0.6988757,1.301893,0.6824715,0.048519284,0.16093008
1.806478,0.7111776,1.8290632,0.8287039,0.008015496,0.08950524
1.3137883,0.7539773,1.2573392,0.727051,0.19105919,0.15394393
1.4268373,0.5490858,1.4433794,0.67861974,0.0054436126,0.15614855
1.5039368,0.6836812,1.5249817,0.7051623,0.0071346895,0.14182223
1.5677634,0.8319625,1.5969651,0.73522663,0.005685393,0.1277286
1.2188469,0.68438375,1.2325344,0.7039825,0.011065269,0.14573844
1.1442169,0.68318135,1.1012974,0.78017944,0.031435125,0.11603668
1.2807957,0.64044327,1.2748375,0.7127748,0.102132484,0.15644069
1.9556754,0.8755233,1.9962702,0.89681715,0.010324777,0.054023303
1.8119342,0.94931656,1.2784824,0.8548221,0.3919374,0.10565658
1.6159097,0.8183816,1.6505339,0.7532924,0.0060159024,0.1213161
1.4912992,0.65210515,1.5128665,0.7080929,0.0058760587,0.14168695
1.0336651,0.7511667,1.5151126,0.89244694,0.5047651,0.09768979
1.3738949,0.5101763,1.398601,0.65970147,0.005961026,0.16735592
1.3979664,0.45635012,1.4167287,0.6723781,0.04143859,0.16641638
1.7557209,0.85726583,1.7573843,0.80624026,0.027565032,0.09992185
1.3011825,0.70394003,1.30198,0.6637269,0.036618773,0.16869715
1.6252785,0.99531317,1.6380804,0.7486974,0.0060760416,0.12247184
1.6565821,0.8603783,1.6782799,0.76341796,0.005945362,0.11692976
1.3031821,0.65559584,1.3013656,0.66239554,0.0068834997,0.16337757
1.5968684,0.617079,1.6217282,0.75068855,0.025066087,0.12830776
1.5260298,0.7204548,1.5486586,0.7127389,0.009063751,0.14047304
1.7237803,0.9098534,1.7587223,0.8002693,0.01645159,0.10375718
1.381241,0.8408597,1.3965945,0.6627325,0.0077601066,0.16665223
1.2303721,0.7909224,1.2275829,0.72070557,0.08796052,0.14623551
1.8577608,0.8674522,1.8875501,0.85697865,0.028593544,0.07293919
1.5734619,0.7182028,1.6132159,0.74110276,0.010350181,0.12670416
1.6005747,0.65769625,1.6207592,0.74133235,0.006432443,0.12635656
1.2234555,0.67214525,1.2297828,0.70190084,0.048864134,0.15348157
1.5895274,0.6738958,1.6117878,0.73991907,0.006463582,0.12753597
1.8282732,0.8193787,1.8692122,0.8425828,0.010573273,0.08086155
1.3109689,0.8468997,1.3429668,0.684821,0.13424505,0.16828641
1.6470083,0.59175605,1.6596572,0.7532282,0.0061945226,0.12146571
1.3936657,0.89456934,1.3961039,0.69899774,0.11979765,0.16772245
1.0982212,0.72286683,1.2427828,0.79725295,0.28487694,0.13653259
1.2039678,0.55490315,1.4588223,0.8001736,0.43159956,0.14094245
1.5991473,0.70078766,1.6222341,0.7405393,0.005474312,0.12580293
1.3887994,0.6427423,1.3646822,0.692534,0.0872523,0.16711509
1.2141471,0.96037865,1.172112,0.72823864,0.0433345,0.13769256
1.379872,0.64803654,1.4064255,0.7095088,0.18682827,0.1611224
1.382943,0.42960635,1.3924747,0.66390234,0.0061844294,0.16648607
1.477005,0.91236866,1.4750586,0.6769262,0.007270432,0.1551984
1.465471,0.6231592,1.4743247,0.6810871,0.0064675193,0.15305144
1.7532306,0.93158925,1.771282,0.79901195,0.008200495,0.10092462
1.7906426,0.9413369,1.8105164,0.8172563,0.016425632,0.09111264
1.3517346,0.8953902,1.3555546,0.6538908,0.010011443,0.17098509
1.7153037,0.87820643,1.7394683,0.7897459,0.007544528,0.103408344
1.3926269,0.9865892,1.3992069,0.7016551,0.15948251,0.16232827
1.2807243,0.5698111,1.2882538,0.6770116,0.011355984,0.15836872
1.3466451,0.5394483,1.4910803,0.70621026,0.09751936,0.16002174
1.4805981,0.92160255,1.4608707,0.7020561,0.088790245,0.16275918
1.4840448,0.55568,1.508812,0.69774175,0.0057626767,0.14698456
1.0778415,0.695066,1.2069092,0.7533785,0.21105579,0.14515005
1.9920025,0.8851695,2.035047,0.92643905,0.012287745,0.04632261
1.9300544,0.9187475,1.9511354,0.8800482,0.013700924,0.058613125
1.6144339,0.9537094,1.1004075,0.82751817,0.29886055,0.11842664
1.237224,0.73120135,1.1571765,0.74253875,0.08950548,0.14305404
1.5045593,0.53512585,1.4333041,0.69999176,0.10629634,0.16166489
1.1792463,0.54348373,1.250761,0.7022125,0.114503734,0.15860829
1.5769441,0.66467506,1.2341189,0.7719214,0.20357133,0.13899104
1.2144132,0.83775353,1.2184284,0.71125466,0.010985415,0.14364292
1.2525978,0.5111881,1.4351051,0.81020993,0.42615196,0.13979869
1.3682601,0.9079308,1.2386446,0.7373642,0.14442563,0.1475917
1.3759905,0.73530716,1.396882,0.66658515,0.0049571055,0.1639678
1.9530927,0.95923907,1.9869194,0.89970344,0.013615005,0.05587
1.3852254,0.6115555,1.4016337,0.6624168,0.0062006107,0.16577551
1.3243535,0.44247764,1.339097,0.6554255,0.007924817,0.16739604
2.1005208,0.9874073,2.146615,0.9683031,0.028587487,0.02934858
1.3799515,0.5772578,1.4019501,0.6647632,0.0066753714,0.16685121
1.5028996,0.6201541,1.3618646,0.77939874,0.3819555,0.152531
1.4304317,0.7573909,1.3719509,0.7128416,0.15172224,0.15814376
1.4237584,0.83417666,1.442946,0.6701496,0.005104742,0.16094255
1.5522431,0.59775865,1.5453715,0.7234489,0.060589474,0.14908539
1.6039922,0.98755795,1.6285968,0.7410116,0.006344558,0.12554874
1.501816,0.53132457,1.5316563,0.7041024,0.0071292585,0.14089304
1.3267114,0.79539233,1.3359556,0.6547725,0.0055123377,0.16900538
1.4607602,0.5160833,1.4905787,0.687501,0.009232864,0.1542883
1.362551,0.519433,1.3558884,0.6813632,0.08008433,0.17460269
1.2754003,0.77963585,1.3059599,0.6914456,0.10102165,0.1652014
1.3710291,0.53917724,1.3798392,0.661831,0.0061220517,0.16546398
2.1241143,0.9675156,1.0066319,0.85359925,0.22783202,0.108906396
1.2464945,0.8691775,1.2615998,0.68823683,0.014468518,0.1539884
1.6545038,0.6754492,1.682013,0.7657327,0.0056064525,0.11550817
1.0993694,0.6231124,1.0746055,0.7844873,0.07231321,0.119517766
1.5561808,0.64360934,1.5668054,0.73374814,0.047290634,0.14242457
1.706803,0.7019199,1.7152889,0.77984196,0.017049134,0.112922594
1.6689582,0.6819644,1.7040055,0.7700258,0.0068909544,0.1126847
1.0949414,0.6435697,1.2414641,0.78441036,0.16907854,0.12470486
1.9577777,0.8542866,2.0093696,0.9107258,0.015800606,0.051813126
1.5071136,0.5965529,1.5214708,0.7035126,0.005324513,0.14195478
1.2709024,0.4949053,1.2826381,0.6761101,0.004779458,0.1562998
1.4077609,0.45014685,1.4173574,0.6697097,0.0048737465,0.16140093
1.7547493,0.7900254,1.7757099,0.8029012,0.0073229405,0.09689027
1.2134072,0.6460654,1.152559,0.7689298,0.08457198,0.12894708
1.1074938,0.63023746,1.2177715,0.7821741,0.17684123,0.13328876
1.9969187,0.9112224,2.0120392,0.9093272,0.011339011,0.052413516
1.4061607,0.51794153,1.4184268,0.66036737,0.0057024104,0.16367859
1.6735462,0.9787791,1.6650362,0.7866535,0.07717256,0.12343636
1.4925585,0.6478643,1.5117435,0.6947348,0.00822815,0.1492403
1.4794034,0.5311473,1.5065391,0.6902098,0.007492116,0.15162449
1.2761484,0.53760535,1.2405436,0.7200117,0.10223496,0.15013526
1.286889,0.7500142,1.2188895,0.74650335,0.19923672,0.14958616
1.1617817,0.57380265,1.0730295,0.815088,0.096005484,0.11176373
1.6902127,0.9607184,1.7111328,0.777642,0.0059537767,0.10912767
1.3063736,0.6659926,1.4583209,0.7532828,0.31258142,0.15465441
1.5198661,0.8625245,1.5469663,0.7065656,0.009359336,0.1444907
1.1165531,0.8866635,1.1767641,0.817682,0.43633664,0.13388069
1.1938018,0.55107313,1.1895733,0.71809125,0.009757168,0.13644738
1.4396005,0.45125756,1.4624612,0.6797547,0.005205021,0.15699555
1.4617357,0.5703384,1.4496446,0.7009193,0.057544213,0.16034299
1.8997774,0.8063613,1.9292676,0.87241113,0.010186067,0.06687861
1.1215816,0.80522835,1.3631535,0.7932458,0.32228294,0.13624024
1.5145296,0.5551553,1.5128257,0.6946528,0.010015491,0.14939606
1.3294057,0.67199695,1.3095412,0.6826587,0.049153317,0.16301407
2.0446787,0.9801704,2.1282792,0.95803005,0.01907441,0.03525106
1.7273456,0.7793443,1.7504034,0.7969112,0.016048733,0.102380574
1.3790259,0.6192105,1.4205134,0.7081982,0.12513703,0.1602657
1.6155561,0.828201,1.6569717,0.75337774,0.012844402,0.12222629
1.7503167,0.9697323,1.4390655,0.83481795,0.56446147,0.12330678
1.5487096,0.98167944,1.5553255,0.7130136,0.0053330734,0.13935757
1.3792329,0.43780452,1.399375,0.66507983,0.007205346,0.1655523
1.4855319,0.49900642,1.515722,0.7011859,0.008095736,0.14475404
1.3911406,0.45135728,1.6086655,0.7422403,0.07639314,0.13089806
1.4884161,0.8290647,1.4123194,0.7531172,0.24624415,0.1492145
1.5146655,0.6515726,1.5203831,0.71030074,0.028208012,0.1468259
1.6367817,0.8749934,1.6260059,0.76365316,0.12564184,0.13252933
1.2410126,0.7164889,1.2522035,0.6900954,0.0066342345,0.14805141
1.7978991,0.9294727,1.8190475,0.8251597,0.008188268,0.088058084
2.1615272,0.99775004,2.1892173,1.0001297,0.030739656,0.024582608
1.0685195,0.8965759,1.3208568,0.7920037,0.2854075,0.138809
1.7109346,0.7699701,1.6882191,0.8071388,0.25863653,0.115782656
1.1881344,0.6718186,1.1546805,0.7556912,0.096016966,0.13615455
1.9454314,0.9466509,1.9385722,0.8827924,0.15093459,0.076001786
1.094458,0.75070196,1.1010354,0.81047136,0.13730162,0.11573205
1.8475299,0.74938935,1.884129,0.84837264,0.034055438,0.078862436
1.3526903,0.53263205,1.3652925,0.66701823,0.017387636,0.16782531
1.4296656,0.6138124,1.4590728,0.67527145,0.015498748,0.15812944
1.8542148,0.80069274,1.8837347,0.86104375,0.106259935,0.0817224
1.5577021,0.74083245,1.5810895,0.72657424,0.019118775,0.1362073
1.4220091,0.4546808,1.4515536,0.67174524,0.0070349025,0.15906027
1.0694759,0.93456,1.2851851,0.7821336,0.26640978,0.13770443
1.5842429,0.54261565,1.609869,0.74633336,0.039127585,0.13344516
1.6972991,0.6665185,1.6600535,0.8064769,0.17652725,0.11630954
1.5296472,0.70791745,1.4798307,0.7105007,0.08761585,0.15392742
1.4539484,0.98995394,1.4292445,0.70097876,0.109486125,0.1608207
1.7256763,0.83758426,1.7917078,0.81723374,0.09578402,0.102195874
1.6808088,0.60940874,1.5908628,0.8153086,0.56946206,0.13224779
1.5664266,0.5975679,1.4284272,0.76396537,0.28257403,0.14545552
1.4960755,0.5056255,1.41766,0.7161377,0.17064089,0.16026005
1.5145127,0.57071114,1.4117854,0.73887527,0.2619338,0.15413427
1.8620021,0.8654217,1.8863285,0.85373574,0.008772644,0.07743648
1.4140359,0.44452077,1.4323108,0.67216444,0.019463465,0.1667695
1.3594294,0.49115455,1.6013687,0.7909486,0.4437337,0.1390311
1.5027885,0.86124986,1.6460147,0.78219914,0.19369535,0.12550965
1.6150318,0.82033503,1.6413939,0.78080153,0.22123471,0.12985395
1.6229796,0.5920361,1.6630619,0.75596464,0.0064942003,0.11954546
1.8195424,0.77168006,1.8673346,0.85516185,0.012828226,0.07874322
1.8581579,0.81142515,1.8984902,0.85842913,0.008605289,0.07503375
1.5525385,0.6580359,1.1518321,0.7812877,0.2197123,0.13405627
1.4909804,0.76933426,1.4100783,0.7700758,0.15442061,0.13593984
1.8984652,0.84948987,1.9364259,0.87835467,0.018138316,0.06417032
1.5593004,0.6890352,1.3807416,0.73558,0.18131082,0.14917621
1.9945433,0.9161938,1.9276376,0.8914008,0.30705664,0.077275895
1.4984537,0.7984526,1.5242441,0.69697976,0.009727814,0.14964873
1.1051185,0.6816326,1.2499835,0.80571723,0.42885038,0.1374075
1.6479684,0.6431875,1.6668599,0.7570358,0.012100284,0.12100574
1.7699262,0.71522856,1.5185854,0.7763969,0.39746803,0.13979633
1.1130958,0.8855263,1.2448554,0.7740534,0.21848807,0.1408315
1.2547106,0.4772885,1.2557209,0.6782974,0.01527015,0.15872715
1.3936636,0.43163985,1.4135172,0.6651522,0.008494084,0.16680036
1.4346306,0.5237131,1.4442265,0.74523616,0.26671833,0.14920643
1.5317459,0.6955083,1.5592253,0.71043885,0.0057843593,0.14207
1.0615892,0.792588,0.9798904,0.8460656,0.03979373,0.09290606
1.7767099,0.7456466,1.8253031,0.8327475,0.09033215,0.09805207
1.8521019,0.84855765,1.873991,0.85134494,0.013394207,0.07453758
1.7117541,0.8782787,1.7272379,0.7863746,0.007729743,0.10578212
1.261913,0.5218933,1.2656448,0.6775035,0.004754693,0.15624443
1.7041509,0.78471136,1.7405741,0.79492635,0.04199667,0.10756451
1.5560491,0.7835725,1.5925477,0.73606783,0.008273192,0.12811418
1.3764391,0.62859,1.36414,0.6789178,0.04553718,0.1698427
1.597057,0.9987442,1.6101434,0.7362438,0.0052118977,0.1286648
2.086953,0.9496642,2.147237,0.9676234,0.031626247,0.031540483
1.571691,0.7012142,1.5841074,0.71991944,0.0071548135,0.138717
1.1978035,0.5900631,1.1673796,0.7465392,0.0727939,0.13866714
1.5474168,0.83616513,1.55458,0.73334026,0.06630109,0.1437536
1.1754925,0.8783732,1.1702175,0.7254336,0.01522152,0.13381547
1.8601205,0.7392417,1.893316,0.85008556,0.016576108,0.07735986
1.7810119,0.7264304,1.8076992,0.81866586,0.008943845,0.093800224
1.78242,0.71030426,1.8194776,0.83763707,0.080355145,0.093789265
1.2985545,0.66142315,1.2949202,0.66339165,0.029053718,0.17066963
1.5109893,0.5892463,1.5335352,0.7101959,0.0072650537,0.14227499
1.4096022,0.50029856,1.4439788,0.7387096,0.24375273,0.15845275
1.5037525,0.5338388,1.5263355,0.7040919,0.005723833,0.14513583
1.2919527,0.7791445,1.2942417,0.67258257,0.025373925,0.16601203
1.4380277,0.7233292,1.4514787,0.6810105,0.006188202,0.15573977
1.39037,0.8341482,1.4058998,0.67007023,0.0066258344,0.16427459
1.3945693,0.6210934,1.414813,0.667621,0.018300408,0.17197184
0.95241934,0.9947579,0.971728,0.8961547,0.13210943,0.0949881
1.5406464,0.54375523,1.5641544,0.72008693,0.005991826,0.13689966
1.9667697,0.91308564,2.0137694,0.9160839,0.06675239,0.053883865
1.1428902,0.81045246,1.1327391,0.7726972,0.0745553,0.12385579
1.8445066,0.984399,1.8847136,0.847651,0.008151098,0.077100486
1.2380202,0.77585673,1.3224456,0.759084,0.2899992,0.14750423
1.1390272,0.923814,1.1384993,0.7502809,0.01664691,0.12278925
1.2530783,0.5616457,1.2429178,0.7311636,0.1701033,0.15173566
1.8669915,0.8138794,1.8942089,0.85764885,0.008544313,0.07487123
1.1341956,0.5981258,1.0707831,0.83024484,0.2145636,0.120409384
1.9993564,0.9402855,1.8541906,0.8791361,0.34862146,0.08624249
1.5857893,0.82645667,1.6099439,0.7416922,0.008688007,0.1275097
1.3329133,0.6301036,1.2234979,0.7617176,0.22002326,0.14408319
1.0347651,0.9440141,1.1186714,0.8337373,0.34701484,0.1181511
1.4110149,0.503175,1.4140275,0.6724768,0.0289219,0.17178917
1.4404479,0.6218941,1.4317102,0.6919522,0.04976678,0.16257136
1.0333701,0.9509807,1.0547199,0.871291,0.3339747,0.10416291
1.4662619,0.8459294,1.3236489,0.72642684,0.2280348,0.15739529
1.4171251,0.8128843,1.4355118,0.6761749,0.012131948,0.1625794
1.1888996,0.5905122,1.1873012,0.713581,0.014428013,0.13895108
1.1790925,0.6454975,1.1850321,0.7232832,0.014724943,0.1355266
1.5308629,0.53492385,1.5429912,0.7084697,0.005880336,0.14168009
1.0589898,0.8200023,1.1738276,0.7842211,0.14614299,0.13053235
1.5606738,0.97229815,1.5797727,0.72632736,0.0057863314,0.13294432
1.2488501,0.7457597,1.4094136,0.8231187,0.54287064,0.13002028
1.8672279,0.7885056,1.9139159,0.86443365,0.023632472,0.071125954
1.6121657,0.9560483,1.17903,0.7537296,0.15901685,0.1414983
1.179574,0.5396976,1.1543138,0.7814915,0.15800492,0.13000116
1.939446,0.9484858,1.9773266,0.8888028,0.013349545,0.05769547
1.5719492,0.9791795,1.5899658,0.7213837,0.010064935,0.13418888
1.6716485,0.7050865,1.6971941,0.77507776,0.009088202,0.112351745
1.2477487,0.6715869,1.2944429,0.72644156,0.12336415,0.14870983
1.1811574,0.74039423,1.1357691,0.78462374,0.17528567,0.12905273
1.5304852,0.59176975,1.5349147,0.6989291,0.010244022,0.14794792
1.4618001,0.7778949,1.503773,0.6887845,0.009319342,0.15163499
1.5685421,0.7204611,1.584929,0.7301817,0.0052174474,0.13037853
1.7357402,0.8729207,1.7618902,0.7943671,0.0065336092,0.101493634
1.7643188,0.93338275,1.8145607,0.8316576,0.084760204,0.09817825
1.8929477,0.7746467,1.3458948,0.84633523,0.5615328,0.113477595
1.3825492,0.80402833,1.3980565,0.6480208,0.009971035,0.1732534
1.8182875,0.7102746,1.8478663,0.8351489,0.008090375,0.08567533
1.3883898,0.8993401,1.4192367,0.66791856,0.010970101,0.16273917
1.1330483,0.96577257,1.218286,0.7468221,0.119607344,0.14418486
1.444785,0.98546124,1.3958032,0.7086381,0.14834082,0.16267711
1.3810407,0.9126299,1.4079714,0.6655363,0.020187562,0.16818431
1.4224491,0.6005978,1.4257932,0.6807041,0.026183177,0.16677213
1.3256286,0.6917663,1.3332846,0.65670276,0.01091068,0.17080905
2.008007,0.95915586,2.0692692,0.93813473,0.026529487,0.042518493
1.3050523,0.48301768,1.3178189,0.68078494,0.09115648,0.17233211
1.600871,0.94020927,1.6141291,0.73663455,0.0056680255,0.12991048
1.0945508,0.6927802,1.0799677,0.8150077,0.22558679,0.119576566
1.8977327,0.90498346,1.8596106,0.88424116,0.20762938,0.086540066
1.3875655,0.48149756,1.4051764,0.66279805,0.004945183,0.16547355
1.5080526,0.7795616,1.5108924,0.6890202,0.010261368,0.15243845
1.4331981,0.4572471,1.4515066,0.6756513,0.0103662275,0.16092348
1.7966924,0.8296632,1.8211699,0.82742816,0.0177137,0.087485634
1.9285139,0.78789407,1.9748924,0.8939034,0.016558776,0.05984861
2.0010035,0.8513152,2.0589702,0.9295673,0.012859537,0.04283838
1.3451123,0.4706787,1.2840259,0.7208544,0.13821267,0.15477519
1.3123064,0.6196805,1.3073289,0.6913519,0.13338454,0.17288159
1.4970216,0.9332149,1.5076339,0.7027844,0.0140308505,0.14922483
0.9539863,0.850687,1.3131828,0.7689636,0.28323236,0.14370145
1.5732225,0.6727339,1.6260889,0.7480642,0.0141898645,0.12782863
1.7032304,0.68126494,1.7319815,0.78003687,0.0070918817,0.10704773
1.2585882,0.6021404,1.4015942,0.7639756,0.26938212,0.14628957
1.3466594,0.45437422,1.3699076,0.6893021,0.08132293,0.17423448
1.0819044,0.9513047,0.99148375,0.84013194,0.092363186,0.09899926
1.5667703,0.5657961,1.5869853,0.7209679,0.0066373823,0.13539869
1.6929356,0.9542133,1.4788668,0.8034182,0.43767205,0.13618335
1.9943172,0.9192151,2.0149295,0.937451,0.055463158,0.041311447
1.7487292,0.9234955,1.6113222,0.7547514,0.29352194,0.1305996
1.1126624,0.7142565,1.0499145,0.819211,0.0678136,0.10675766
1.582049,0.7071008,1.6166677,0.7335759,0.0061455555,0.13096803
1.1770265,0.5840033,1.1926553,0.7298616,0.019487387,0.13346273
1.4980167,0.8692185,1.5120027,0.6978833,0.03079614,0.15537617
1.8489789,0.81552184,1.8836372,0.8487709,0.008631159,0.0814914
1.0165747,0.9413529,1.406246,0.86557835,0.5583203,0.109541066
1.5738121,0.7400237,1.5954902,0.73243034,0.0056994506,0.13042448
1.8704553,0.94204193,1.9141438,0.8649816,0.009932955,0.07025859
2.09727,0.99154806,2.137249,0.9723329,0.015721088,0.02761408
1.5909204,0.5990612,1.0927553,0.85939944,0.40246508,0.11881183
1.3306171,0.814097,1.3585441,0.6924825,0.115701266,0.16662014
1.5892087,0.79892635,1.6176505,0.7401796,0.005665702,0.12712349
1.291674,0.4881623,1.318296,0.69330674,0.09147294,0.16775689
1.4825563,0.5810008,1.4673955,0.7188209,0.14947894,0.16765276
1.0473611,0.7221989,1.1367278,0.7694399,0.13344927,0.13279639
1.3007355,0.70733637,1.3129659,0.65075237,0.008705714,0.17293641
1.2307748,0.48871332,1.4025345,0.78256786,0.46461537,0.15652227
1.7255133,0.6376613,1.7651293,0.80177695,0.016913861,0.099690884
1.6607932,0.6982195,1.6980419,0.76412785,0.019191828,0.1175704
1.3038057,0.4670163,1.3050413,0.6615925,0.01900765,0.16917191
1.6757976,0.9032286,1.6921268,0.7859231,0.05287324,0.115243055
1.0242338,0.81811464,1.1316917,0.8162537,0.24884096,0.12520568
1.4264656,0.7977003,1.4428961,0.67579955,0.004804419,0.15767492
1.5767175,0.78480065,1.6037781,0.7348052,0.015198816,0.13282935
1.3189617,0.66469586,1.3318529,0.66128904,0.0064257323,0.16703293
1.710628,0.85370976,1.7342889,0.7802093,0.0062287855,0.108107634
1.9770089,0.9077526,2.0146317,0.90763277,0.013144653,0.04929771
1.0790728,0.6674408,1.0821944,0.7937096,0.038954318,0.10846206
1.7756958,0.87136453,1.8023312,0.82240653,0.0642884,0.10174643
1.4550688,0.63585603,1.473747,0.6868986,0.007187674,0.15377842
1.8584051,0.9537762,1.5136209,0.83884454,0.60735637,0.118778534
1.4239235,0.9576068,1.4500957,0.6676574,0.005823547,0.16166045
1.6632164,0.95935166,1.6862395,0.78080964,0.054817393,0.12005322
1.7696444,0.8071086,1.801688,0.81740206,0.017609067,0.092199005
1.9057895,0.8913388,1.9675632,0.8888406,0.016659996,0.056299273
0.99616736,0.82768184,1.2064064,0.8187098,0.3089311,0.12338266
1.0559253,0.7447719,1.145853,0.83010536,0.18491782,0.11195582
1.2604616,0.750259,1.2488191,0.68599707,0.033895113,0.1543726
1.0086645,0.8892325,1.128763,0.79498106,0.22514611,0.13489921
1.9995233,0.88914585,1.6716142,0.8190001,0.4913926,0.1317158
1.5575963,0.5713333,1.5463521,0.7536721,0.15660779,0.13674417
1.4658798,0.7361894,1.4694903,0.6864326,0.015694242,0.15827593
1.7789073,0.81442803,1.8064051,0.8291248,0.051332958,0.09168865
1.7272086,0.87019056,1.7498178,0.7934858,0.015012184,0.104325026
1.8367336,0.9365518,1.8686945,0.8472358,0.016437659,0.07914133
2.0443065,0.9156364,1.8236065,0.8987344,0.5144398,0.08529796
1.6560647,0.8893474,1.6533937,0.76299477,0.05911814,0.1222637
1.6984425,0.7548883,1.6502161,0.8294215,0.3120417,0.12030151
1.8882514,0.80957544,1.1132755,0.8195268,0.2084489,0.12013199
1.3992149,0.72354424,1.4080815,0.6617832,0.007217925,0.16807672
1.1833864,0.63647425,1.3660235,0.7825678,0.3076897,0.14161043
1.9027555,0.89240754,1.94438,0.8808176,0.00947163,0.06341808
1.2222598,0.6905847,1.46555,0.7780774,0.35546803,0.14464156
2.0726314,0.9272006,2.1251116,0.96698254,0.025625868,0.03197476
2.0238855,0.9775397,2.0059884,0.92066324,0.19719619,0.06943104
1.4152796,0.7245061,1.4224291,0.68779397,0.057833266,0.1648502
1.5071677,0.5025731,1.4473336,0.73660064,0.17827955,0.14789337
1.5664079,0.69138646,1.5917118,0.72945964,0.0062823184,0.13227083
1.755212,0.8224896,1.7832351,0.80368024,0.0064901016,0.09861857
1.3087004,0.97504175,1.3547268,0.6662517,0.028305661,0.16562486
1.5007263,0.65130234,1.476665,0.6918713,0.02781058,0.15489803
2.0760078,0.9455112,2.1120236,0.95518726,0.0193421,0.03235661
1.2490762,0.8742942,1.2338269,0.7139504,0.102424696,0.15585504
1.4308106,0.44841018,1.4547389,0.7087711,0.092370264,0.16337764
1.2099429,0.5200423,1.3414023,0.74843425,0.29117227,0.15488055
1.0441736,0.86123616,1.2133708,0.808063,0.33585924,0.13395669
1.6790135,0.8776451,1.508455,0.79981536,0.44148827,0.13795118
1.386984,0.44980124,1.4108217,0.66703326,0.0061750766,0.16227533
1.2390009,0.5701136,1.2355726,0.7479377,0.104339965,0.13900128
1.2550192,0.82689506,1.3146341,0.75521845,0.2622853,0.15061884
1.5815511,0.6524083,1.6071677,0.7325785,0.010601017,0.13097487
1.3478897,0.40389788,1.2985201,0.7233087,0.17597936,0.17049505
1.7157338,0.66067433,1.7424049,0.7898307,0.011801901,0.103665665
0.9612968,0.82351965,1.3127854,0.82702154,0.35848108,0.12586749
1.4961839,0.60205394,1.4608743,0.7362274,0.1677024,0.14876129
1.0901114,0.8831987,1.0218889,0.8086562,0.043929562,0.10418033
1.414136,0.85352707,1.4730172,0.7605637,0.4211806,0.15915899
1.857277,0.8520566,1.7749677,0.831587,0.27511302,0.105766654
1.8232058,0.78865767,1.872185,0.8415539,0.010200716,0.08229314
1.3647376,0.5413368,1.3780406,0.7113219,0.20260979,0.16790996
1.0537804,0.97724706,1.0520697,0.8429635,0.10536346,0.10313982
1.4787208,0.947087,1.5006917,0.6973969,0.0049280417,0.14765315
1.902797,0.7721805,1.9453869,0.884208,0.024732862,0.06202128
1.8973855,0.9327524,1.9263399,0.87254477,0.010917397,0.06721818
1.6587447,0.7974627,1.6865058,0.7716569,0.024007332,0.116195284
1.3198363,0.9232149,1.2888083,0.68204707,0.047821905,0.16198066
1.2258149,0.52098835,1.227695,0.73278755,0.049538456,0.13934782
1.9690919,0.909803,2.020029,0.91401774,0.02594948,0.050654013
1.5265739,0.9755185,1.5389495,0.7100696,0.006310678,0.14110863
1.1150366,0.84141964,1.0910476,0.78226566,0.038849045,0.11566724
1.5220209,0.7143358,1.5451498,0.70984143,0.0062121134,0.14227806
1.1307349,0.7680288,1.1939609,0.7601513,0.17701784,0.1419525
1.5465331,0.5459564,1.5719357,0.7244348,0.015606498,0.13995968
1.0983256,0.8635819,1.0729103,0.7784186,0.024599249,0.110913984
2.107779,0.97617775,1.7000608,0.88087195,0.66619647,0.11560877
1.6881349,0.7129944,1.7204857,0.7759307,0.00665979,0.1091842
1.5626585,0.84900725,1.5874052,0.7360233,0.078136824,0.14188193
1.3688557,0.44991836,1.3943641,0.66614485,0.006045394,0.16402607
1.6929069,0.7991457,1.715622,0.78237915,0.022462625,0.107478365
1.7781564,0.98252505,1.7917845,0.81543577,0.028272314,0.09471322
1.2775235,0.93052185,1.1231049,0.79256064,0.14311028,0.12336457
1.069095,0.83988017,1.0998821,0.8032705,0.16859156,0.1253218
1.5114287,0.77073264,1.5219924,0.70554525,0.0049827658,0.14279181
1.2773781,0.53794664,1.3546393,0.7220348,0.25806934,0.16166143
1.9658293,0.9723265,1.9192626,0.8999571,0.16115806,0.069994405
2.065961,0.9983353,2.125731,0.98441356,0.28576347,0.046441782
1.7767894,0.72459215,1.8107414,0.8150211,0.006661117,0.093283914
1.3318356,0.54196453,1.3534136,0.66106766,0.0071523744,0.16681503
1.9775181,0.9002988,2.013071,0.9097112,0.01293713,0.0518246
1.8139913,0.804164,1.8663187,0.85236996,0.022067195,0.080373175
1.2754148,0.46206588,1.2259285,0.7806062,0.32933322,0.14432007
1.5053132,0.8452862,1.524014,0.7078315,0.0073298784,0.14215338
1.2845318,0.82054085,1.2763627,0.6756892,0.017993437,0.15880105
1.2605748,0.4724514,1.3077507,0.70887196,0.19704252,0.16554944
1.1999665,0.636236,1.2128255,0.73897684,0.148683,0.14762835
1.6153542,0.60062736,1.6294944,0.7533426,0.032084517,0.12639694
1.3770465,0.6985002,1.3910403,0.6593605,0.004714577,0.16667792
1.8185537,0.95262265,1.6546135,0.8276704,0.44485396,0.109318525
1.2431697,0.6594772,1.2563226,0.6820774,0.012676572,0.15551497
1.4506778,0.68313754,1.4703712,0.6848551,0.004622147,0.15304558
1.1875453,0.83592814,1.1879532,0.71706164,0.0077239107,0.13449304
1.2008963,0.89011467,1.2090404,0.7134164,0.007716464,0.13905582
1.6523108,0.60507566,1.6839869,0.7659284,0.00592191,0.11509415
1.5990461,0.733233,1.634242,0.7356695,0.008953634,0.13070582
1.0096182,0.749085,1.1911931,0.90788764,0.6430339,0.103189535
1.8750806,0.77447975,1.8928547,0.8522142,0.008634847,0.074616306
1.5827703,0.60538775,1.599947,0.7374816,0.0075532026,0.12986246
1.6163504,0.74836904,1.6335847,0.7458964,0.0062174564,0.12486738
1.7956008,0.9178551,1.8194795,0.8230644,0.0077339387,0.09015046
1.0357178,0.794862,1.2609792,0.81269974,0.38455665,0.13333146
1.4546577,0.77600884,1.4531338,0.67104167,0.013609255,0.16304897
1.6168286,0.8442495,1.6393218,0.7525141,0.014236685,0.12479408
1.4722503,0.6765268,1.3629458,0.75462294,0.2774947,0.15261872
1.5743383,0.91146886,1.6017795,0.7305544,0.017239474,0.133914
1.9156079,0.83846754,1.9684191,0.8903231,0.009554701,0.061782327
1.6426401,0.8698926,1.6618414,0.75862896,0.008218547,0.11927043
1.0739766,0.8507315,1.0155121,0.83630073,0.12809591,0.109915845
1.3164532,0.5156368,1.3269222,0.668283,0.005525777,0.16238399
1.3819574,0.60003006,1.3854768,0.6618419,0.040575746,0.17723136
1.3275523,0.5167758,1.3311722,0.65780246,0.009334142,0.1707302
1.2855432,0.56090987,1.2941914,0.66546994,0.030325532,0.16727118
1.0035216,0.806238,1.2215438,0.715864,0.06512895,0.14752512
1.2216563,0.69975376,1.2290545,0.7086309,0.006860661,0.14021778
1.2846909,0.6868886,1.2749996,0.70182717,0.053621255,0.1572395
1.4274191,0.6549215,1.4385569,0.71206987,0.11016013,0.18363504
1.4705597,0.9121673,1.4902,0.6874212,0.0058793267,0.15244251
1.5290345,0.89062,1.5325983,0.7095077,0.02041986,0.14661911
1.2376513,0.98307365,1.2714376,0.7249695,0.22299372,0.16182658
1.6353158,0.72022754,1.6668055,0.75771666,0.006499789,0.11953047
1.4023875,0.68292004,1.4161897,0.6676347,0.005643205,0.16348015
1.6708717,0.9721227,1.6876404,0.7650368,0.0078054774,0.116408296
1.7331269,0.82943046,1.7632182,0.7976524,0.0077736313,0.09997482
1.7253996,0.97598296,1.7646916,0.7968964,0.0073949676,0.10024121
1.1476635,0.84932196,1.1986809,0.73516273,0.06349732,0.13901377
1.5956322,0.70145994,1.6220789,0.7411238,0.0065977317,0.12693274
1.8030281,0.8510598,1.8337152,0.8315398,0.007802679,0.08626072
1.3462359,0.45752537,1.3343177,0.6815667,0.058894336,0.17484598
1.5643301,0.86595196,1.3926287,0.819972,0.4969945,0.13444893
1.5841041,0.9217854,1.6053276,0.7321032,0.006023296,0.13061266
1.197997,0.5460101,1.1841233,0.73934644,0.10111889,0.1411366
1.4539663,0.60630083,1.3840172,0.74088365,0.24143557,0.15038699
1.2654763,0.46165225,1.2590837,0.7094958,0.06246278,0.1546574
1.3005619,0.570263,1.3161931,0.67637753,0.004237196,0.15858412
1.4876949,0.8404856,1.5053945,0.6950858,0.0047421968,0.14665069
1.7983801,0.94387376,1.8000185,0.8565075,0.15166761,0.09015798
0.92075795,0.9711445,1.0501776,0.8256936,0.21325335,0.12154851
1.6690633,0.7038171,1.6535022,0.7642087,0.11668172,0.12870993
1.8720738,0.78270763,1.8789666,0.8539951,0.10253767,0.0829776
1.378864,0.55549943,1.4002204,0.7270146,0.27485734,0.17251846
1.4176791,0.88648295,1.4533739,0.6778736,0.010941672,0.15884316
1.2225939,0.7819085,1.2299886,0.7029005,0.006172333,0.14030921
1.4388796,0.50134975,1.4570341,0.6845436,0.004966247,0.1536202
1.3300263,0.4434396,1.3532758,0.6696112,0.02175417,0.16724245
1.7130737,0.62707543,1.7474704,0.79125196,0.0061310055,0.10538183
1.266479,0.9582866,1.2452712,0.7077887,0.09996868,0.15629062
0.99344563,0.83863986,1.3405025,0.7239236,0.1122799,0.16004224
1.5728936,0.75246054,1.3460186,0.73212314,0.22570667,0.15164705
1.0299735,0.73991615,1.2465525,0.84505445,0.42942205,0.13083853
1.4010637,0.85474336,1.4006143,0.6680306,0.021238921,0.16936322
1.5024316,0.5464734,1.5234771,0.7001158,0.007086257,0.14834306
1.1292633,0.6353604,1.1322291,0.8020561,0.14274153,0.12423909
1.8635757,0.868777,1.8785076,0.85928494,0.071229406,0.082576
1.2156929,0.9463597,1.2231169,0.6884263,0.014790655,0.15217456
1.4968942,0.58233535,1.3850672,0.7286868,0.20281129,0.15178344
1.7911254,0.7881945,1.8153841,0.8214019,0.007541219,0.09236629
1.759921,0.84748214,1.6441555,0.7766923,0.23732123,0.12546518
1.2453116,0.54423606,1.2916873,0.6828285,0.050606597,0.16003926
1.6913868,0.91908836,1.7156298,0.77974164,0.009169985,0.10891979
1.1177624,0.7180849,1.3540001,0.7965933,0.41327813,0.1493562
1.4158405,0.48785663,1.4320674,0.676139,0.008172884,0.15882476
1.5616938,0.55617464,1.4549067,0.733318,0.23837088,0.15332551
1.4119501,0.45998293,1.4310777,0.6807937,0.017726328,0.16078259
1.7705036,0.8926833,1.8035414,0.8133816,0.008189319,0.09619069
1.3155227,0.4390535,1.3432751,0.6541069,0.0125582265,0.17311087
1.4318508,0.90529424,1.4632368,0.684499,0.0049547087,0.1537787
1.2435946,0.6817331,1.2458935,0.70151794,0.012086693,0.14728686
1.5122474,0.5877181,1.5231767,0.7031637,0.015647506,0.15110938
1.4780374,0.86680293,1.4899054,0.6885944,0.012305663,0.15346646
1.2574953,0.58962464,1.2640247,0.73402846,0.21451588,0.15589535
1.1756502,0.7533535,1.1604869,0.730483,0.018221175,0.13151105
1.2720041,0.77179754,1.270195,0.6753458,0.0058548674,0.15698433
1.2669696,0.651773,1.2728975,0.68004006,0.0064427843,0.15527517
1.7470802,0.8699278,1.3466246,0.75502825,0.3709482,0.15560955
0.97063875,0.9909218,1.2367294,0.7649311,0.21792997,0.14183848
1.294871,0.99996704,1.285783,0.8107247,0.49831587,0.13609603
0.8921014,0.96157074,1.1033382,0.82083607,0.24963751,0.12231009
1.3374008,0.8272992,1.3558877,0.6605731,0.004960969,0.1648347
1.1040354,0.97800714,1.0964966,0.7505731,0.029389175,0.12199026
1.5555745,0.5367012,1.5863111,0.7231996,0.008280481,0.13560481
1.198028,0.9485157,1.1944973,0.7104356,0.018870456,0.13920163
1.5569787,0.8834047,1.5683157,0.7232317,0.005774427,0.13463293
1.3718423,0.46938318,1.3869369,0.6689107,0.05109001,0.17446269
1.5178611,0.5272682,1.5391123,0.71361804,0.016222525,0.14194693
1.3258878,0.98011714,1.3371401,0.658887,0.0049296655,0.16739947
1.601019,0.9584927,1.6077332,0.7360691,0.005891343,0.1277155
1.4897931,0.50384855,1.5070689,0.6946603,0.007942399,0.14783347
1.8673282,0.9909729,1.9052484,0.85589844,0.012867763,0.07418862
1.6510632,0.8104332,1.6555731,0.772043,0.035670873,0.11775216
1.0685598,0.8774456,1.1383402,0.8122167,0.2867495,0.13186766
1.3066778,0.92189956,1.3246117,0.67993784,0.04407533,0.16213796
1.8712035,0.8046269,1.9080908,0.86497456,0.013784553,0.06915988
1.7343113,0.68702036,1.5689821,0.80329174,0.37713596,0.120053366
1.2105694,0.94088125,1.2012386,0.72119015,0.036408562,0.14111774
1.9759911,0.97345036,2.016252,0.9112407,0.012198652,0.05067077
1.4397984,0.7927194,1.3425095,0.7033366,0.1639272,0.16584705
1.5214735,0.6207357,1.5068486,0.7189046,0.109289125,0.15430288
1.4417723,0.88090074,1.4507926,0.6816891,0.0059631984,0.15499325
1.708155,0.9306381,1.7401845,0.78846395,0.007850417,0.104965575
1.5168729,0.7324672,1.5327861,0.70631754,0.0066500986,0.14028007
1.679647,0.6177421,1.7144897,0.76989543,0.0053868857,0.111398436
1.3365926,0.6639743,1.3479307,0.65803194,0.00452624,0.16740455
1.3841023,0.539225,1.3904674,0.6626606,0.005268168,0.16608158
1.2960976,0.99232185,1.3084204,0.6614045,0.0061196066,0.16439436
1.4980975,0.89692473,1.5104258,0.7131394,0.05422953,0.1461706
1.017005,0.7786368,1.6589599,0.8345677,0.4282231,0.1306851
1.1212497,0.8977254,1.0259798,0.819549,0.12920664,0.11238273
1.3171388,0.5072769,1.3407526,0.6590307,0.026019635,0.17266713
1.6040351,0.6302729,1.6329384,0.7434371,0.0062760576,0.12448218
1.4045867,0.93610674,1.4211688,0.6640905,0.0052028424,0.16288437
1.3797522,0.911111,1.3972104,0.6687534,0.053210337,0.1724484
1.2443795,0.816821,1.2267652,0.77310175,0.18543844,0.1360173
1.3386683,0.6084715,1.3410141,0.663254,0.012781252,0.16635257
1.2792453,0.5048223,1.3078558,0.67055273,0.025222853,0.16330056
1.2590613,0.7121861,1.2638774,0.68049145,0.012029929,0.15728728
1.6881571,0.6840727,1.7141156,0.7765492,0.005851979,0.11011746
1.7392992,0.7018013,1.769953,0.81058437,0.02680547,0.09774489
1.3534694,0.50162685,1.3588388,0.6533536,0.013964398,0.17206402
1.0635631,0.7289446,1.2672186,0.76277673,0.2588698,0.14641258
1.4337883,0.635074,1.4432082,0.6856484,0.02992979,0.16459632
1.4726204,0.81719565,1.4435511,0.72535306,0.24206251,0.15804587
1.0070993,0.8355329,1.0872984,0.8056368,0.11975973,0.11633182
1.4381611,0.95063996,1.4579484,0.68524957,0.00489256,0.15378168
1.8093815,0.8677586,1.8413444,0.856364,0.09945668,0.083488524
1.0668812,0.8523953,1.275784,0.7580724,0.24100365,0.14839554
1.328306,0.69482386,1.1893632,0.80525124,0.30022234,0.12628578
1.326428,0.86427337,1.3337362,0.662767,0.020762712,0.1705248
1.3001076,0.88047457,1.2970808,0.6595207,0.02012678,0.16971017
1.395089,0.5801731,1.4222865,0.70084053,0.10193677,0.16189075
1.4985907,0.5312112,1.5279422,0.72666264,0.08716252,0.14455673
2.0458026,0.9788885,2.107154,0.95989436,0.018070905,0.033965815
1.423149,0.599634,1.4322348,0.67566854,0.006219722,0.1581991
1.5607327,0.7588838,1.5737154,0.72426903,0.0060920264,0.13444391
1.2831562,0.90938956,1.2880437,0.6608675,0.022418952,0.17198494
1.0930071,0.7558356,1.1475527,0.78972703,0.16051498,0.12966967
1.866593,0.9987509,1.8752933,0.852233,0.0159241,0.08117419
1.2940128,0.70084906,1.302901,0.66555095,0.005241588,0.16204418
1.3960918,0.6572084,1.3987019,0.6610459,0.010434493,0.16589469
1.0852368,0.95319074,1.0432663,0.80998045,0.06595377,0.107660115
1.7944586,0.7310647,1.836323,0.83098465,0.036739126,0.09186135
1.3162553,0.8970831,1.3125522,0.74950564,0.1994599,0.15030594
2.0167475,0.9067913,2.0584095,0.9301861,0.015241136,0.042736813
1.6778191,0.81915694,1.7181296,0.782264,0.029434377,0.113742895
1.6720263,0.7821419,1.677064,0.7787879,0.04501266,0.1157096
1.3318996,0.5417248,1.3322833,0.6546822,0.006891789,0.17061195
1.6411462,0.67568517,1.6597812,0.758559,0.017190345,0.12029407
1.5014919,0.8053105,1.5297198,0.70661694,0.0143383825,0.14690821
1.6167499,0.88132644,1.5141344,0.7660447,0.26556358,0.13671046
1.4004153,0.75917596,1.4119341,0.6872068,0.1417307,0.1779937
1.4544356,0.79241955,1.4669619,0.6789729,0.0048468052,0.15654692
1.456141,0.52135265,1.4637339,0.6911429,0.024794966,0.16013901
1.4547025,0.67153335,1.3002031,0.84998554,0.6141549,0.1347442
1.1438507,0.94500846,1.3900602,0.7091188,0.16772906,0.16086066
1.3646853,0.9957715,1.3680174,0.6627588,0.011895689,0.16910112
1.3996153,0.48746902,1.4369516,0.6779527,0.006945556,0.15976998
1.3607426,0.9283653,1.4011092,0.66216075,0.009881535,0.16708376
1.2407954,0.9579848,1.3261542,0.70907795,0.13997334,0.16192615
1.854281,0.96369064,1.8835618,0.8473918,0.011185983,0.07669766
1.410271,0.51358503,1.3778145,0.6847886,0.10267368,0.17085263
1.9764923,0.8339801,2.0233386,0.9145071,0.0107626105,0.04882725
1.3567497,0.8935675,1.2786176,0.7440748,0.17504357,0.14945453
1.1516695,0.67507786,1.1468263,0.769353,0.14239368,0.13406394
1.1347071,0.6167245,1.0975394,0.80010206,0.121075206,0.11950396
1.4280121,0.6141389,1.4445105,0.67313194,0.004697729,0.15983929
1.5395784,0.72656256,1.5502572,0.7100084,0.0058723055,0.1415543
1.9616177,0.8746544,1.9772513,0.888646,0.020325277,0.05918593
1.5228518,0.76083803,1.5365558,0.7036439,0.0056357826,0.14293206
1.4720101,0.5974263,1.4946706,0.6926988,0.004910145,0.14764377
1.3258076,0.8894895,1.31989,0.65947604,0.007824504,0.16676886
1.7583095,0.89440984,1.7935057,0.8107388,0.0074412473,0.0949441
1.296636,0.9875792,1.3163452,0.6594914,0.009285977,0.16668732
1.3489219,0.59156764,1.4702303,0.7360754,0.29675758,0.16233139
1.3738656,0.6709276,1.3911216,0.6645067,0.011088825,0.16651037
2.0043294,0.95970124,1.2059677,0.7893937,0.31594655,0.1414569
1.2929024,0.5404115,1.3072629,0.6695903,0.0051814415,0.15920645
1.0831817,0.69314146,0.9872423,0.8410627,0.08450965,0.10190767
1.4862756,0.8631062,1.5109987,0.70661443,0.006315904,0.14235382
1.9432837,0.80377996,1.9826434,0.8971181,0.012026884,0.05593007
1.448485,0.62964475,1.4683583,0.6858505,0.0047103213,0.1529855
1.1062405,0.94244564,1.125126,0.8138035,0.22807199,0.12028752
1.4055698,0.5609377,1.4103112,0.68302727,0.06255351,0.17048457
1.2565141,0.7390441,1.2800202,0.68696475,0.038433306,0.15815195
1.3064331,0.55265594,1.3733628,0.71667004,0.15810607,0.15557036
1.1869255,0.8520743,1.1964037,0.7045233,0.0067020473,0.14159216
0.981352,0.97635806,1.0363464,0.8488107,0.12115879,0.104873076
1.5034459,0.9669587,1.4973052,0.70357615,0.025625007,0.15298928
1.509984,0.97384983,1.5274065,0.70013905,0.007911127,0.14459182
1.179038,0.61133516,1.1529627,0.73982525,0.027112234,0.12961257
1.5367978,0.847591,1.2740288,0.7722008,0.2895952,0.1386135
1.8201203,0.72628367,1.8372912,0.8405947,0.0778808,0.08939801
1.4254142,0.63265264,1.3749027,0.6873015,0.075423874,0.16437802
1.9035842,0.99539727,1.9758756,0.89612716,0.030846056,0.060619477
1.4643673,0.6584538,1.4817634,0.68102944,0.009827387,0.15653753
1.6770426,0.63558257,1.6949704,0.76735175,0.005723435,0.11506834
1.6986991,0.89822584,1.7208526,0.7814241,0.0070749978,0.10855575
1.0662547,0.9725878,1.3599536,0.7096534,0.09688156,0.1581669
1.8287578,0.73546326,1.8599048,0.85315466,0.038875196,0.08038586
1.6575972,0.64406323,1.6960449,0.7685238,0.009746562,0.11425397
1.8332788,0.8427042,1.8632703,0.8449965,0.008894351,0.07882464
1.4936092,0.6292365,1.5080068,0.70031,0.009489521,0.14836887
1.1620755,0.9027864,1.1411948,0.73672795,0.01770458,0.12797667
1.3892778,0.9857533,1.4094837,0.6690304,0.0060285716,0.16243602
1.7524667,0.77503633,1.7930348,0.8056372,0.008748562,0.09675253
1.2468803,0.49497095,1.2601378,0.68220186,0.012698641,0.15359688
1.5653949,0.7139738,1.5862029,0.726169,0.0057852115,0.13185202
1.5046116,0.7602181,1.5279071,0.7042771,0.0072270785,0.14463966
1.3598845,0.48145056,1.3747814,0.65603596,0.008256872,0.16819601
1.9774958,0.95057935,2.012819,0.90780914,0.022643488,0.050126813
1.1124095,0.7141136,1.0550864,0.81486994,0.13655037,0.115244225
0.99059993,0.8685301,1.4502392,0.8199696,0.5018681,0.12948862
1.5507104,0.70163697,1.5042496,0.7486684,0.12061647,0.13788758
1.4557834,0.77991766,1.4433088,0.7138686,0.07125163,0.15529098
1.726826,0.85685295,1.7682891,0.80090815,0.010075806,0.09739397
1.4942374,0.5434769,1.4633915,0.6980659,0.06324951,0.15653262
1.3382514,0.8356149,1.3332539,0.66192555,0.048001133,0.17988361
1.013309,0.74012625,1.1361225,0.76621616,0.08700621,0.13108973
1.4385369,0.5273155,1.456011,0.6885475,0.008668132,0.15397695
1.5507026,0.7165934,1.4711847,0.7216983,0.2698281,0.15659001
1.6473937,0.6450176,1.6638458,0.75568056,0.0055108736,0.1190681
1.2804047,0.78600764,1.259481,0.7031619,0.07199707,0.1564833
1.6750667,0.6298066,1.6937697,0.781741,0.10436038,0.12004748
1.0927385,0.69616675,1.021534,0.8142091,0.047910344,0.103046864
0.9743696,0.8188378,1.208436,0.7520161,0.19174972,0.14659335
1.1851933,0.7391396,1.238606,0.7727932,0.20420295,0.13819179
1.6925346,0.6303582,1.7156949,0.77924,0.006073759,0.10837528
1.7329369,0.7705807,1.774687,0.80465615,0.009774299,0.09592151
1.9743202,0.8734932,2.014883,0.9149439,0.010481421,0.04843824
1.4555452,0.7706853,1.3885777,0.70298827,0.12698235,0.16442534
1.6328596,0.62116534,1.6631536,0.75507724,0.011877649,0.122073896
1.9960253,0.9357311,2.0934665,0.9418819,0.022202605,0.0412154
1.4128473,0.9340195,1.4265101,0.6718975,0.009386906,0.16297127
1.2127532,0.9766681,1.2877414,0.72632515,0.19111796,0.1560465
1.3591163,0.71248496,1.1498091,0.79340416,0.22039966,0.13148391
1.2385534,0.69979453,1.255595,0.6949078,0.0075063915,0.1489216
1.7385356,0.7829972,1.3997402,0.7210365,0.29195127,0.15963912
1.1446418,0.92082417,1.1341963,0.74057484,0.00920367,0.12559272
1.6867186,0.63284725,1.7189386,0.7792024,0.0073551806,0.10900453
1.3876857,0.43018714,1.3981342,0.6685061,0.01850193,0.16708466
1.408715,0.688368,1.42134,0.66914713,0.012127419,0.16322047
1.2682652,0.7616111,1.2223074,0.71261144,0.12659925,0.1606077
1.2225276,0.5537615,1.2180672,0.7023438,0.015348851,0.14438312
1.1617134,0.6947823,1.1511648,0.74726963,0.020370092,0.12614286
1.4289721,0.9680945,1.4435606,0.67871296,0.016319463,0.160466
1.1189681,0.81627154,1.3287649,0.7194037,0.17696129,0.16096494
1.3697857,0.71157163,1.3822231,0.66335505,0.011741917,0.16899316
1.5156373,0.97171515,1.5371504,0.7132863,0.013002377,0.14256625
1.8548397,0.7363098,1.5801246,0.80082214,0.40392062,0.13680488
1.0205382,0.8737182,1.0468855,0.87530047,0.241414,0.09046611
1.953281,0.9639841,1.9847405,0.89445114,0.020601204,0.054252207
1.5051618,0.56970656,1.511513,0.70159984,0.00826085,0.14536396
1.3542513,0.7353286,1.386312,0.654569,0.024326354,0.1820899
1.1189991,0.621387,1.0701878,0.795899,0.086006306,0.117300704
1.6148376,0.89619327,1.6431568,0.7496425,0.0054724226,0.12299155
1.5764939,0.7147329,1.57358,0.7556219,0.21517262,0.14310834
0.95471793,0.96430814,0.9299998,0.89763564,0.10300777,0.0863025
1.5616182,0.694578,1.4824078,0.7699683,0.26986772,0.14919065
1.0376123,0.89202714,1.4394917,0.775969,0.35291827,0.14261574
1.404696,0.88631624,1.4153867,0.6645857,0.020616475,0.17114647
1.2471462,0.75056523,1.3913164,0.698551,0.11096475,0.16876192
1.9663154,0.8268769,1.1295464,0.8479538,0.3807664,0.11901108
1.6074007,0.83647364,1.6080236,0.755314,0.101564415,0.13030337
1.5575067,0.7582141,1.5814714,0.7277325,0.0063113496,0.13219017
1.5468804,0.5274828,1.5756421,0.7152915,0.0071009942,0.1372654
1.1844889,0.8226948,1.1551895,0.76384366,0.060729202,0.12795222
1.4494404,0.66823757,1.4382815,0.6998669,0.06172339,0.1627837
1.3294393,0.41652688,1.3340764,0.6585866,0.015800072,0.17038773
1.5074656,0.890474,1.5273817,0.73345083,0.10039701,0.14823925
1.3168154,0.7325106,1.3020256,0.6943064,0.110418044,0.16595645
0.9081493,0.9403394,0.98097974,0.8500692,0.17103255,0.10687191
1.0304062,0.7993541,1.0773487,0.8016117,0.18121222,0.12686352
1.346658,0.6084892,1.3664443,0.6603358,0.008975501,0.16996013
1.8719398,0.9619132,1.7531023,0.8923767,0.37599716,0.0862368
1.968089,0.8662408,2.000964,0.8996325,0.027956484,0.05302175
1.9153498,0.8997127,1.5616784,0.80276203,0.47795615,0.1366174
1.7388303,0.8033971,1.7619586,0.79776883,0.011205607,0.09723124
1.5479988,0.83650714,1.5344892,0.74075615,0.05183504,0.14033559
1.4255725,0.91693884,1.4484794,0.69370735,0.056088395,0.16242023
1.4959539,0.5219618,1.5215111,0.69582355,0.005906904,0.14622115
1.177123,0.8023411,1.1670777,0.7238155,0.011806996,0.1324348
1.347275,0.47595865,1.3564358,0.6590421,0.0081314705,0.16745351
1.8245394,0.7472384,1.8551452,0.8431027,0.025902554,0.08247072
1.8834178,0.84116244,1.9175963,0.8663211,0.009766114,0.06965883
1.4461393,0.96628374,1.3012989,0.7446963,0.18445823,0.14898117
1.3335019,0.53287596,1.3483276,0.66389847,0.0052140253,0.16417682
1.7392703,0.7315616,1.6364193,0.7929028,0.28865486,0.128058
1.3554972,0.7325879,1.3645189,0.66129786,0.010765515,0.1651196
1.3455849,0.6246468,1.3410547,0.66986036,0.044996057,0.18592656
1.6883419,0.93765604,1.7145197,0.7804864,0.0060619805,0.10883182
1.7937711,0.72308,1.8261209,0.8355773,0.030583872,0.08925169
1.2935796,0.92417985,1.2170858,0.74992675,0.21923873,0.14624918
1.3853832,0.86189115,1.4003091,0.66666305,0.018605307,0.17200598
1.3333944,0.9977616,1.274231,0.78732216,0.40898693,0.13924885
2.0104754,0.9679523,2.0482714,0.9309842,0.014528445,0.04430026
1.7897887,0.69334584,1.8024399,0.8111496,0.008495121,0.09826091
1.7917768,0.91553384,1.0941188,0.8353205,0.30692205,0.1258226
1.3704015,0.805461,1.3559706,0.6884471,0.08595648,0.17020454
1.8744065,0.9804982,1.909229,0.8632815,0.0079835355,0.07160696
1.4720149,0.7666061,1.4909322,0.6956599,0.009451788,0.14758164
1.8510094,0.977222,1.5100322,0.7295251,0.1476375,0.15049568
1.3236271,0.51868343,1.3899274,0.6938373,0.17406408,0.1716381
1.8514049,0.7986743,1.7965634,0.82415,0.09927169,0.10720536
1.3208686,0.428776,1.2622676,0.7210577,0.071116656,0.14897326
1.9487194,0.8720473,1.9758201,0.8903327,0.010166363,0.057525944
1.1443763,0.63571614,1.1652282,0.74001396,0.01709174,0.12823665
1.5664585,0.8630222,1.5925825,0.7290161,0.006216911,0.13222095
1.222623,0.8387489,1.229065,0.7061788,0.028465625,0.14688109
1.3482269,0.9046848,1.3564126,0.6580105,0.025190922,0.17245755
1.6587757,0.9675149,1.6660442,0.7668543,0.048795085,0.12579687
1.2043554,0.85874856,1.2371819,0.69871557,0.022955796,0.1483492
1.0451455,0.8081613,1.0238103,0.84972155,0.09820795,0.1000206
1.7650249,0.9646019,1.4713416,0.7925617,0.40124965,0.13766761
1.6256872,0.5775063,1.6523349,0.7541436,0.008051898,0.12175655
1.6616912,0.6866078,1.6854479,0.7670437,0.007748641,0.11470626
1.1510198,0.86119705,1.1425793,0.76201737,0.0873405,0.13156573
1.5308901,0.88939357,1.5568409,0.7166787,0.006286492,0.13765334
0.99131525,0.9274451,1.299854,0.74205184,0.19622569,0.14932461
1.6654615,0.9437888,1.6927955,0.7632159,0.0155021995,0.12126649
1.1363088,0.69287926,1.2312088,0.7752509,0.27948076,0.13155495
1.4799106,0.55833256,1.808667,0.86225605,0.33283457,0.095398076
1.8409694,0.9397578,1.8880916,0.8572661,0.047796324,0.0791479
1.1603215,0.6006907,1.1146946,0.7577981,0.041031484,0.12518094
1.1947812,0.5689817,1.2334232,0.78282183,0.39656463,0.14132012
1.2363234,0.6646008,1.2263558,0.73781633,0.11592632,0.14339535
1.186577,0.5990823,1.1927042,0.7359636,0.063854605,0.1390394
1.5667061,0.7686502,1.5881422,0.7297048,0.013138193,0.13291296
1.2888091,0.6866782,1.2552006,0.70865226,0.06444914,0.1505903
1.4504131,0.5503209,1.4586208,0.6843617,0.006703802,0.15508997
1.2122837,0.74227244,1.2121203,0.70175046,0.010113406,0.14188881
1.4812278,0.49405918,1.4802551,0.7290126,0.21682806,0.15755759
1.2819885,0.7922753,1.2054377,0.76080245,0.11315997,0.13647625
1.3537512,0.71422565,1.3645012,0.65324473,0.0065459893,0.1712729
1.8727659,0.9025063,1.9343133,0.87974316,0.027976746,0.067613386
1.5041196,0.6659853,1.5248907,0.7000468,0.006634364,0.14446053
1.3207129,0.5694479,1.2696376,0.7104072,0.059434183,0.15079893
1.964348,0.9970986,2.0107381,0.91471976,0.015834695,0.047857452
1.8029596,0.769534,1.8268251,0.82360405,0.012811307,0.08981615
1.8593826,0.79219276,1.8769224,0.84380394,0.010595226,0.07811738
2.1060774,0.97264,2.1586328,0.99064094,0.045131918,0.026602197
1.2066168,0.6817644,1.2257164,0.73233724,0.10819416,0.14470612
1.8161409,0.7633007,1.8250101,0.8303091,0.027210092,0.08842918
1.7507207,0.8718163,1.7860518,0.804569,0.0064428705,0.09734824
1.4995446,0.92809314,1.4746172,0.7092922,0.10274415,0.1562374
0.9614885,0.9435164,1.4331541,0.7933262,0.5346542,0.1537496
1.2321657,0.51975393,1.2913368,0.71467793,0.117833786,0.15608108
1.7869558,0.7009594,1.8103249,0.8255423,0.045898594,0.09946656
1.097677,0.6810072,1.352493,0.7280789,0.20690954,0.1575212
1.6353737,0.84072936,1.6707377,0.75687516,0.019833367,0.11892685
1.20309,0.99213886,1.2053144,0.7182146,0.016904712,0.13602872
0.95557296,0.83329445,1.1934245,0.7782964,0.27022204,0.13977405
1.8520448,0.7290392,1.8821847,0.847638,0.008710347,0.080105536
1.0981281,0.8880379,1.0616369,0.8202312,0.060603768,0.10576294
2.00362,0.89966035,2.059147,0.9224552,0.012855571,0.045057908
1.3984487,0.67867327,1.4162931,0.6640835,0.007248925,0.16301896
1.8051581,0.96432096,1.5944922,0.8047729,0.41287854,0.12382134
1.1193532,0.62003905,1.1150312,0.76031685,0.024325265,0.12075233
1.1828593,0.6184815,1.3687179,0.7495376,0.2973666,0.14637564
1.1234041,0.6307337,1.0597422,0.80851513,0.09815165,0.112783544
1.3247453,0.80568534,1.3142381,0.670845,0.02291168,0.16592076
2.000235,0.8822755,2.0557556,0.93017036,0.019771466,0.045736868
1.8170364,0.85756236,1.8487053,0.83858854,0.008923194,0.08071292
1.6587648,0.7089763,1.6850462,0.76394737,0.005694712,0.11516919
1.2921513,0.81790936,1.3003271,0.6627203,0.010674197,0.16572326
1.945852,0.854585,2.0074315,0.90702957,0.08417938,0.05652273
0.9715397,0.89069,1.1388047,0.8621622,0.5551374,0.12187449
1.7435206,0.99427783,1.7677009,0.8050599,0.07393942,0.10640115
1.679101,0.6486014,1.7067285,0.77368784,0.007427047,0.1137829
1.8365266,0.9314599,1.8215551,0.8507917,0.1301047,0.09810317
1.0478963,0.95596135,1.7913752,0.8478293,0.4597668,0.10122527
1.4397342,0.5866712,1.5493166,0.7214484,0.1022773,0.15019481
1.3847003,0.54300815,1.3930349,0.66584486,0.0055026603,0.16136783
1.6913518,0.98013055,1.7207048,0.7791588,0.019638995,0.10948335
1.4397348,0.5941354,1.4439874,0.67223436,0.018286664,0.16287936
1.9076049,0.7846665,1.9389014,0.87962765,0.017149774,0.06557292
1.7036669,0.84367985,1.7317519,0.7828977,0.0056915144,0.106176175
1.3499484,0.75907356,1.3649538,0.65825963,0.0057209055,0.16685194
2.112364,0.99967265,1.2543216,0.7908251,0.3206829,0.14004076
1.2356604,0.90194964,1.177305,0.74823165,0.123764955,0.14064066
1.0944022,0.63260907,1.0917194,0.779176,0.024601735,0.11110122
1.717884,0.88854164,1.3663759,0.74791807,0.25213844,0.1533575
1.2144585,0.64089936,1.2149112,0.70041794,0.012120979,0.14740267
1.1255515,0.650304,1.0918828,0.79539627,0.12457597,0.12350224
1.6661185,0.9509334,1.6925781,0.7673913,0.009784231,0.11600101
1.3931316,0.7910974,1.4169397,0.6919236,0.08357285,0.1686088
1.4200883,0.8134708,1.1908219,0.7689624,0.20469071,0.13442346
1.0430458,0.8908317,1.0370755,0.81823117,0.06564814,0.10651386
1.8771565,0.9356581,1.9270651,0.86723274,0.0091155525,0.067080304
1.2302675,0.94939446,1.2294643,0.7129304,0.014477876,0.14063618
1.6799959,0.74050283,1.6932521,0.77767324,0.029000776,0.11967316
1.6774676,0.92659956,1.6795869,0.7860163,0.059913684,0.11669257
1.7777704,0.93082356,1.5811365,0.83798426,0.38044465,0.11339429
1.8177469,0.9942549,1.8601193,0.8367563,0.009052298,0.0838851
1.4747677,0.6291143,1.4778523,0.68848974,0.025109435,0.15734416
1.3059132,0.63232183,1.3226969,0.6627115,0.046641055,0.17272617
1.3756298,0.9286526,1.593333,0.7169215,0.027322203,0.14060752
1.1979306,0.5558676,1.1654708,0.7469669,0.073600136,0.13395977
1.29475,0.738649,1.3085735,0.6551533,0.009236069,0.17005382
1.4216945,0.44316757,1.4482174,0.6771641,0.004970504,0.1571673
1.4009159,0.9702053,1.4053986,0.67941904,0.029564789,0.16572756
1.3928089,0.6743069,1.1601536,0.79485124,0.21223436,0.12822868
1.5532886,0.8588256,1.5503912,0.7338655,0.03533889,0.14499453
1.7748122,0.8243543,1.7974358,0.8102093,0.006837656,0.09503658
1.9391448,0.8244284,1.9746058,0.8920743,0.014707317,0.059034724
1.7534974,0.72015756,1.2807529,0.7240667,0.18559784,0.15734251
1.0114962,0.77072954,1.2180274,0.8110159,0.25842735,0.13043925
1.5623937,0.6370408,1.5889568,0.72766405,0.0049669007,0.13254003
1.359236,0.6865743,1.3718064,0.6568689,0.004621292,0.16789557
1.1679701,0.77928126,1.1114767,0.7884325,0.060366202,0.118127204
1.4724125,0.63298815,1.4779918,0.68716127,0.013492801,0.15543032
1.2162191,0.85948586,1.2367249,0.73812026,0.1515387,0.1590497
1.7887894,0.8500856,1.8231189,0.827612,0.041028846,0.09302895
1.2199854,0.75733477,1.2323956,0.6896438,0.010088439,0.15001239
1.354665,0.78523564,1.3760507,0.6578471,0.0066670654,0.16847023
1.2907724,0.63490134,1.2767594,0.6777706,0.0377985,0.16332926
1.9642451,0.8754579,1.3785043,0.7248707,0.25865278,0.17261201
1.4000769,0.797873,1.3688838,0.7067658,0.14088894,0.1625787
1.3428022,0.68086797,1.3447013,0.6688024,0.034885056,0.17079012
1.7973212,0.99085635,1.8238797,0.8232398,0.010105733,0.088777505
1.1707964,0.58030146,1.1804142,0.74133134,0.03663989,0.132609
1.3025241,0.53159463,1.2555511,0.70569354,0.0690661,0.15344015
1.1216115,0.63064104,1.1654754,0.8394087,0.35969913,0.11530339
1.4802452,0.58625203,1.4527097,0.70529354,0.102570415,0.15754907
1.3301257,0.49549222,1.3109922,0.6919484,0.083121665,0.17019661
1.4430145,0.8529448,1.2926362,0.80401164,0.55002147,0.1418768
1.4576412,0.9242435,1.4720576,0.68130577,0.004749248,0.15415783
1.3423003,0.4153203,1.3761406,0.6524873,0.009258446,0.17305085
1.6602244,0.94180185,1.6856711,0.77166075,0.0059599406,0.11107326
1.2885768,0.8710864,1.3014615,0.66718674,0.006185211,0.16046129
1.0617974,0.7650697,1.1157005,0.7996325,0.1751615,0.12491007
1.2329223,0.69413656,1.2443757,0.6979448,0.008591249,0.14568684
1.9396904,0.8503355,1.9567785,0.8916561,0.085765064,0.069653355
1.7214676,0.83456355,1.76318,0.79537404,0.012744115,0.09966063
1.8231843,0.7832489,1.5254836,0.77594227,0.37590602,0.13935092
1.7117679,0.98990613,1.7393444,0.78924775,0.0064653424,0.104179956
1.945365,0.84120214,1.9938679,0.89601254,0.012242307,0.056294207
1.0893514,0.8983198,1.0402436,0.82898766,0.18062408,0.112254605
1.0873883,0.9302585,1.2969506,0.82212013,0.39224303,0.1319388
2.100206,0.9464203,2.1163793,0.9737323,0.16878463,0.045155566
1.7775049,0.7542785,1.7980816,0.8115789,0.0123627195,0.100090295
1.2469268,0.5323283,1.5946488,0.82250124,0.4232717,0.12532014
1.5729668,0.7572801,1.6075764,0.7380852,0.0060851374,0.12789802
1.6122198,0.96733165,1.6320696,0.76186013,0.027187463,0.123764426
1.4418621,0.49731812,1.4551129,0.68406725,0.0048799603,0.15421684
1.7540703,0.76377326,1.7532649,0.8041058,0.04059895,0.10926105
2.1101432,0.9582081,2.1227653,0.9695847,0.016425366,0.03037995
1.3146865,0.5981667,1.3349078,0.67740023,0.066561505,0.16715224
1.4911658,0.929935,1.5086613,0.69725585,0.006032379,0.14807716
1.3135908,0.436349,1.2977159,0.75581443,0.25835282,0.15049383
1.6049072,0.796122,1.618716,0.7444261,0.017464094,0.13163398
1.2798145,0.45323196,1.2833011,0.67518497,0.023101276,0.16139187
1.2058415,0.7002275,1.1597831,0.7459769,0.033117104,0.13002704
1.4035252,0.7113664,1.4206336,0.67263895,0.037507445,0.17418112
1.6471876,0.76625437,1.6750085,0.76438123,0.0073001646,0.11537452
1.3858868,0.6197357,1.3891311,0.6612904,0.008607625,0.16690388
1.5946854,0.81211543,1.5618982,0.76380885,0.20694491,0.1349379
1.7091497,0.79443717,1.7516847,0.8007025,0.022218067,0.10328644
1.550004,0.9583859,1.421905,0.7402032,0.20758912,0.14471476
1.30093,0.60240555,1.302855,0.67961633,0.01843778,0.16684803
1.3446119,0.46684146,1.8431559,0.8505526,0.22579171,0.096161656
1.739446,0.7506502,1.3826153,0.7876188,0.2749102,0.12667505
1.2461289,0.7484262,1.2536254,0.6967656,0.0063987165,0.14530244
1.7376621,0.80734164,1.7573037,0.79494333,0.012710204,0.10114
1.1719598,0.77381873,1.134047,0.7774804,0.04189096,0.11993554
2.0805547,0.98225576,1.8264642,0.84614587,0.33789405,0.10407178
2.0952635,0.97833985,2.137461,0.9879442,0.053999428,0.028711436
1.1252891,0.82277864,1.1175241,0.75421363,0.020684997,0.12330608
1.4176451,0.4595616,1.4563746,0.6807603,0.010688417,0.1570633
1.1647781,0.7797168,1.1746333,0.7278134,0.012388441,0.13215141
1.2806076,0.509196,1.2274432,0.7168036,0.050921306,0.1469482
1.8215973,0.73108804,1.8518765,0.86047417,0.1640221,0.084882945
0.93662953,0.95472676,0.92162234,0.90654176,0.15935095,0.08532868
1.0616176,0.7566356,1.0433047,0.82242817,0.12438061,0.11251503
1.5871072,0.9134709,1.5988233,0.73289955,0.0056193713,0.13043515
1.5105909,0.5254805,1.528439,0.7062472,0.0052850763,0.14273852
1.2982073,0.4822845,1.4242601,0.7714727,0.3815523,0.15761515
1.7218872,0.9202797,1.7386596,0.7862567,0.006027267,0.104566425
1.288168,0.7989512,1.3056264,0.65600353,0.009272376,0.16817124
1.6411903,0.5953924,1.6653228,0.75867236,0.0070881867,0.11839443
1.4004955,0.815899,1.4198103,0.67118394,0.0073316647,0.16044626
1.075233,0.79605496,1.0162668,0.816157,0.04223743,0.10115794
1.3870353,0.7551301,1.4036341,0.6632966,0.004909679,0.16556093
1.8325301,0.7678943,1.8503759,0.86076796,0.18133536,0.088298984
1.4451065,0.4577272,1.456326,0.6862196,0.011147398,0.15965584
1.8008333,0.9432523,1.8334968,0.84602207,0.08125951,0.0849298
1.8185863,0.9342118,1.8680167,0.8441944,0.007608682,0.0782475
1.3740636,0.715408,1.3782873,0.6585191,0.0084970575,0.16871619
1.253406,0.70761335,1.2417512,0.69339705,0.018261362,0.14961462
1.3750281,0.9520609,1.3814342,0.663923,0.007221364,0.16468902
1.1616541,0.6020794,1.164665,0.72524345,0.006630797,0.13187683
1.883174,0.99959767,1.9020293,0.86125225,0.010898533,0.07074343
1.6056564,0.82682776,1.6344151,0.7408548,0.005510947,0.12778592
1.9408947,0.8715424,1.9713323,0.8882419,0.019131191,0.059254285
1.441394,0.77094084,1.4518244,0.67544013,0.016897257,0.1645951
1.6813804,0.9164676,1.7039282,0.76813537,0.033550918,0.12092889
1.3276048,0.6792049,1.3240492,0.65012467,0.0069906865,0.17162195
1.688366,0.7178426,1.5970459,0.7690139,0.16106714,0.13235523
1.8915205,0.87177414,1.468143,0.80813545,0.40185338,0.13133745
1.4854316,0.8708055,1.4919467,0.6980394,0.0049044727,0.14593002
1.0811887,0.69289756,1.1048317,0.7761548,0.02068406,0.11240649
1.616841,0.6251896,1.6362283,0.7466638,0.005671838,0.123281054
1.3172802,0.5276583,1.3313751,0.6601248,0.006083281,0.1655854
1.6689186,0.7220831,1.6921136,0.7695301,0.006252371,0.11291339
1.0816958,0.7455192,1.0496327,0.80473447,0.03287993,0.10560473
1.279464,0.6467817,1.2848704,0.668303,0.006420948,0.1605257
1.986141,0.9618293,1.6702607,0.82540125,0.5193054,0.12674822
1.5965981,0.60283065,1.5936155,0.78233117,0.31625235,0.13580711
1.7406417,0.7174118,1.7700093,0.8058338,0.016924888,0.10157779
1.5319867,0.5566323,1.4109149,0.7634226,0.35549444,0.14878696
1.0631392,0.7839266,1.2135727,0.79133797,0.23155175,0.13286532
1.8678882,0.74248,1.9209175,0.8644602,0.014566837,0.068926655
1.4714459,0.53497815,1.4070885,0.74112093,0.16113956,0.15223144
1.3766816,0.60831827,1.3936195,0.65189433,0.0056378795,0.16999239
1.7461487,0.907843,1.7743318,0.80488694,0.009850168,0.09780442
1.2395246,0.86843634,1.3376062,0.7092005,0.16489398,0.1674966
1.3030503,0.71205825,1.3103566,0.6654391,0.007300255,0.16269274
1.1719345,0.72909904,1.1698287,0.7310391,0.0537505,0.13908696
1.7007831,0.808287,1.3334668,0.80241567,0.44866732,0.13699275
1.372509,0.8796986,1.3610992,0.6562371,0.011836938,0.1695361
1.87698,0.8142471,1.9103069,0.8604619,0.008947035,0.07309152
1.1021007,0.9632686,1.0551515,0.79979104,0.05812208,0.11170046
1.3184874,0.87027234,1.3027792,0.72838247,0.20598361,0.17356208
1.4736426,0.76244193,1.2617393,0.7883252,0.31588274,0.13727254
1.3224221,0.6268353,1.3398111,0.6568357,0.0050470755,0.16824187
1.5351298,0.8270407,1.2715125,0.81748766,0.4572519,0.13902996
1.3150308,0.55344594,1.3332634,0.6673713,0.007651423,0.16392243
1.5792384,0.619558,1.5879853,0.74621534,0.10720683,0.13730097
1.2362802,0.99974954,1.7275691,0.8606753,0.8100843,0.11712912
1.4309232,0.852979,1.4410808,0.6927425,0.11602118,0.1741988
1.735534,0.9983547,1.7619767,0.8120603,0.0922397,0.10224718
1.4292852,0.8086954,1.418508,0.70276135,0.1283907,0.16235127
1.562569,0.6957568,1.5987668,0.7299391,0.017768372,0.13338058
1.4229896,0.54754966,1.535933,0.76800084,0.34492728,0.14720653
1.4262022,0.849402,1.4004953,0.6866952,0.087111235,0.17399476
1.0823386,0.9977443,1.0548079,0.8184861,0.14809705,0.11548874
1.8675596,0.78918463,1.8525012,0.84937066,0.14993007,0.09138094
1.3531998,0.42366642,1.3482263,0.68058014,0.09577941,0.17113869
1.891916,0.92258346,1.931288,0.86922747,0.038005415,0.070117734
1.1893744,0.63787633,1.197303,0.725685,0.03771455,0.13952446
1.6172698,0.82078034,1.5611103,0.75337833,0.16867259,0.13481657
2.019236,0.9701481,2.056518,0.9315971,0.013521698,0.04319348
1.0052012,0.7782599,1.545795,0.7884921,0.3824708,0.13828136
1.5468438,0.9033635,1.5588219,0.71462554,0.00519171,0.13829537
1.9666039,0.870949,2.0108578,0.90882754,0.035433535,0.04943472
1.1462783,0.59227633,1.2134197,0.75621223,0.12794024,0.13947599
2.1018443,0.97051376,2.0753574,0.94887537,0.15629633,0.057433702
1.341291,0.5701854,1.3592293,0.74219614,0.30984312,0.165994
1.0140167,0.8806914,1.5252783,0.7771052,0.43067485,0.1350219
1.4111193,0.89633626,1.407717,0.6707673,0.01858803,0.16773404
1.4232813,0.6056237,1.434957,0.67646694,0.0056909584,0.15883999
1.4333185,0.9132883,1.4390097,0.68045044,0.019606296,0.16113296
1.4500496,0.676307,1.4650426,0.68377364,0.005865754,0.15391165
1.2071708,0.7060749,1.3624384,0.7485511,0.24207427,0.15093713
1.6698637,0.8246969,1.7102742,0.78458506,0.08251057,0.11960337
1.884571,0.79064524,1.6864388,0.88345915,0.58890283,0.107035704
1.2316922,0.690642,1.2300823,0.6883351,0.010104259,0.15203413
1.1357126,0.94148386,1.1036749,0.7525861,0.02972013,0.12397471
1.652303,0.9814519,1.7413008,0.78974944,0.10135225,0.120035544
1.1113006,0.9541055,1.2585783,0.8177789,0.38015783,0.12944928
1.570601,0.83511853,1.5796127,0.74692893,0.107052535,0.1447263
1.8929409,0.93475604,1.9276893,0.8688817,0.013036954,0.071399115
1.4686998,0.8974699,1.4747541,0.688739,0.0065176003,0.15269154
1.7861649,0.78233385,1.8287694,0.8318459,0.020159129,0.08462223
1.5372173,0.98814607,1.5535183,0.71570873,0.0054251757,0.13808118
1.7351421,0.9857831,1.7542748,0.80068225,0.0063826875,0.101383485
2.0384789,0.9873876,2.0760827,0.9381705,0.017895684,0.040123906
1.4623476,0.59526116,1.4818304,0.6889483,0.01274858,0.15442018
1.7860063,0.8620803,1.8056118,0.81578773,0.010085846,0.09229032
1.6768045,0.68242496,1.7183456,0.77789783,0.0065545407,0.10913413
1.2626973,0.60389674,1.2826304,0.6952641,0.13168962,0.16317405
1.2369368,0.49826354,1.2617321,0.68131065,0.039444957,0.15930496
1.3926836,0.79318625,1.40151,0.66774637,0.006386578,0.16520557
1.4491993,0.71303827,1.4621708,0.682809,0.004702247,0.15429041
2.0392103,0.93450016,1.4081569,0.7633306,0.30526122,0.15625134
0.96558243,0.91505325,1.1154629,0.8594589,0.27241477,0.11236208
1.3264102,0.5112126,1.3201311,0.65988743,0.025499403,0.17022647
1.7643976,0.78524303,1.7635617,0.795968,0.029037436,0.103514805
1.0081918,0.7454617,1.201952,0.8007192,0.30900612,0.13545343
1.762743,0.71682906,1.777632,0.8088867,0.00736328,0.095781475
1.6015875,0.6680174,1.5976317,0.753155,0.060843505,0.13038453
1.3716671,0.8644746,1.3932357,0.66531414,0.008576624,0.16800259
1.2191626,0.8567526,1.3693526,0.83276004,0.37503985,0.113137506
1.6062142,0.87273145,1.5847051,0.7571442,0.09310108,0.13097064
1.7503961,0.9817547,1.7674749,0.79515773,0.0064220047,0.10084484
1.6859583,0.8234348,1.7208655,0.7840445,0.027791383,0.111314125
1.508693,0.58248556,1.5157058,0.70488274,0.007194752,0.14315107
1.8770441,0.9319269,1.9047818,0.8594077,0.02010679,0.07193337
1.7392007,0.9327684,1.7884624,0.81443214,0.01557706,0.09449348
1.5737122,0.55971104,1.5895114,0.7265959,0.0057022283,0.1314926
1.7560272,0.7377225,1.4237418,0.74778366,0.21770228,0.14703292
1.968157,0.9269016,2.0043097,0.9051824,0.015371305,0.054628234
1.908333,0.81708604,1.9593225,0.8823504,0.013940723,0.06451418
1.5968013,0.6755029,1.6361411,0.7389652,0.019808935,0.12942506
1.5646566,0.6962675,1.5808501,0.7257434,0.005897839,0.13256112
1.5578469,0.6894662,1.5920553,0.72934216,0.008325051,0.13212407
1.2045,0.635193,1.3808684,0.71115863,0.20322211,0.1598912
1.5297153,0.72542804,1.5501626,0.7176813,0.011035878,0.13836795
1.7443583,0.8549567,1.7789714,0.81058615,0.007356163,0.0948145
1.5198144,0.9536733,1.4444308,0.72181445,0.15345316,0.1528508
1.6268526,0.68459076,1.5703237,0.77141285,0.15114537,0.13124718
1.4417636,0.48399743,1.3003988,0.7989779,0.33990481,0.14070658
1.459823,0.83025223,1.3276615,0.75270486,0.2160254,0.1438349
1.756603,0.91271406,1.7644651,0.79538196,0.0072719404,0.10155403
1.6272757,0.7471502,1.792851,0.8798148,0.5324996,0.10077578
1.4253124,0.648898,1.3158636,0.71533847,0.13175158,0.15813252
1.6782193,0.7636729,1.6615353,0.7790472,0.07423813,0.11819065
1.5083414,0.6519467,1.5333793,0.7049468,0.004823179,0.14374566
1.632189,0.7877213,1.6530275,0.7669388,0.092708096,0.13037395
1.3825436,0.8023838,1.409646,0.6568995,0.005672801,0.16798253
1.7901905,0.90243703,1.8140221,0.81949323,0.0087910015,0.087370455
1.4529462,0.62069005,1.4636102,0.69349664,0.05358139,0.15990028
1.9869173,0.8351697,2.0159397,0.9052919,0.01344019,0.049842786
1.3144721,0.42972627,1.3268287,0.65557337,0.014389019,0.17208038
1.6172004,0.6925728,1.6420693,0.75679755,0.010055624,0.1197075
1.4223895,0.8085743,1.4477551,0.6857337,0.00513091,0.15399408
1.5269947,0.8220486,1.5428658,0.7111118,0.006509938,0.14071499
1.6710902,0.7523726,1.6901257,0.7617632,0.017889824,0.11955791
1.43683,0.6426223,1.3482404,0.7087848,0.14365737,0.16038863
2.083838,0.96016735,2.1324613,0.95811754,0.044870254,0.035040505
1.044019,0.8247002,1.4704757,0.8731703,0.76950324,0.10669193
1.905964,0.76961184,1.9389234,0.87511724,0.012126489,0.06925301
2.1320262,0.9843522,2.165695,0.9827033,0.034999203,0.026682109
1.146859,0.71373034,1.2225077,0.80575603,0.36949578,0.13286705
1.3161767,0.6348364,1.3297915,0.66265184,0.004956467,0.16513427
1.4693346,0.6890308,1.4371314,0.70180446,0.14344881,0.16546075
1.5703683,0.5448363,1.5052824,0.7530732,0.28480643,0.14413811
1.3716115,0.6438803,1.3889108,0.6605531,0.03067612,0.17436728
1.2833059,0.48545295,1.437041,0.77852464,0.29576367,0.14126332
1.4694331,0.7902504,1.4884615,0.69160944,0.0057207635,0.15073821
1.5424819,0.67398065,1.5658305,0.72126806,0.0049799774,0.13474578
1.4281924,0.83141345,1.347348,0.71279514,0.11899773,0.15943246
1.6084782,0.99404526,1.6449602,0.7530695,0.00629195,0.12211062
1.3865478,0.98627955,1.4157944,0.6614121,0.011233344,0.16777639
1.8759214,0.85867804,1.9103651,0.8641923,0.007914243,0.07373714
1.2354829,0.6072806,1.0798781,0.81137496,0.21089725,0.119958825
1.9230773,0.98703784,1.9992049,0.90513486,0.047340807,0.057255737
1.9759612,0.88281226,2.0184484,0.91201407,0.017893312,0.047252517
0.9986064,0.85611117,1.1804919,0.85842514,0.4691116,0.11939916
1.6318368,0.71100485,1.6549089,0.7572904,0.008361383,0.11995735
1.9717796,0.95238364,2.0260158,0.920891,0.04076716,0.05000995
1.298399,0.5737435,1.2613299,0.7078135,0.07656889,0.15920632
1.4522718,0.5294214,1.4651806,0.7049761,0.122628756,0.16406071
1.7935768,0.86555445,1.8300052,0.8348741,0.08619569,0.09368469
1.3972692,0.62839985,1.4048247,0.65724516,0.0063868766,0.1655474
1.533276,0.6793989,1.5411091,0.7055495,0.01307105,0.14318584
1.806254,0.97487277,1.8336523,0.8455717,0.14683051,0.09144008
1.6051246,0.9013129,1.6324217,0.746662,0.0075764,0.12563881
2.1325738,0.9811499,2.1391792,0.96750295,0.015954923,0.0292911
1.083984,0.92558616,1.0892868,0.80544895,0.14468792,0.11790454
1.2262734,0.66954756,1.2211797,0.70552504,0.016542355,0.1431535
1.5948495,0.683554,1.6133134,0.7367162,0.005674305,0.12961236
1.4588612,0.7116153,1.4780915,0.6852232,0.008232655,0.15511
1.896693,0.7727322,1.9557152,0.8750761,0.05105692,0.0712929
1.7073119,0.73408407,1.7340744,0.78624487,0.0063932906,0.105192654
1.7446303,0.8671796,1.3047922,0.82081753,0.5028639,0.13096404
1.3399606,0.9897016,1.3457079,0.65426826,0.0055000633,0.16876234
1.4925582,0.6562354,1.5157084,0.69575965,0.0076612947,0.14780544
0.95397127,0.9086599,1.4295752,0.7242607,0.26076803,0.16094166
1.7920269,0.8610559,1.8170438,0.8217959,0.009993477,0.09224713
1.4591916,0.83621776,1.4452255,0.7090136,0.11052597,0.15872882
1.480979,0.8758137,1.3312757,0.7004471,0.14729844,0.16492872
2.0328686,0.95675814,1.362324,0.7496348,0.21743727,0.16343123
1.4470357,0.5480059,1.4729009,0.6740513,0.013880559,0.16117254
1.7576678,0.85224134,1.7894151,0.802576,0.0076580294,0.09732445
1.4725327,0.78722686,1.4827254,0.6960889,0.028392985,0.1604079
1.4786514,0.720861,1.4629552,0.70526016,0.07438386,0.15977708
1.4379046,0.74640054,1.415834,0.67022586,0.031638086,0.16737203
1.9608598,0.86221594,2.0096245,0.9116786,0.027712075,0.051622864
1.6458467,0.64989805,1.6802716,0.76057476,0.0056684446,0.11644447
1.556531,0.6912649,1.5793395,0.72237694,0.0096125705,0.1338058
1.3366432,0.68167514,1.3537323,0.654697,0.010939126,0.17381173
1.0856192,0.7875403,1.2667165,0.77426696,0.30124286,0.14604436
1.684646,0.76784045,1.6457367,0.7670151,0.16385886,0.131156
1.2160548,0.64604956,1.2279713,0.7023327,0.0068725194,0.142131
1.5745595,0.8244402,1.5910096,0.7280787,0.008377718,0.1332508
1.6305057,0.994395,1.6462305,0.76301694,0.038041063,0.12245616
1.7288762,0.73969734,1.7613671,0.8025499,0.0065599154,0.09888686
1.5291939,0.52409387,1.5632017,0.711338,0.00699809,0.13795707
1.3679368,0.510977,1.4024527,0.65636003,0.0067421673,0.16599186
1.6382748,0.8911416,1.6630559,0.7526118,0.011750967,0.123989195
1.5249578,0.6695161,1.5497148,0.7163156,0.008385703,0.1396227
1.7302607,0.847386,1.7311893,0.8093969,0.102127016,0.10521635
1.4900835,0.5834663,1.4555566,0.73065275,0.11088747,0.1536003
1.7297893,0.6810515,1.6886127,0.7881464,0.10567502,0.12437584
1.1176906,0.81587553,1.3505213,0.7459829,0.26120687,0.1529272
1.5095413,0.54578537,1.5312722,0.70443606,0.027744219,0.15591452
1.6510417,0.9200908,1.6917403,0.7873037,0.06863587,0.119380794
1.5628121,0.7321917,1.5850437,0.7347278,0.020603351,0.1339957
1.3297871,0.8975517,1.2654755,0.72145814,0.13216133,0.15450503
1.3923748,0.5813233,1.4205205,0.6696294,0.0056329616,0.1640673
1.1837987,0.6069067,1.1867652,0.71674454,0.013083289,0.13767207
1.5068955,0.5466015,1.5136769,0.73016477,0.12078581,0.15275016
1.4723216,0.70398885,1.4638908,0.6784932,0.027108533,0.16572385
1.6474907,0.97062856,1.4146035,0.77628344,0.3384373,0.13761444
1.1383463,0.9646457,1.14264,0.747262,0.015007725,0.12531288
1.7170147,0.7310878,1.2247703,0.75269264,0.17295495,0.14124146
1.2057319,0.95150715,1.195811,0.723645,0.013279809,0.13322577
1.5563455,0.607524,1.5146499,0.7488852,0.14990473,0.13991852
1.1779829,0.78509253,1.1293151,0.80716354,0.21772905,0.13057427
0.8744704,0.99951464,1.1886294,0.79341847,0.2626412,0.1365719
1.5499189,0.5613677,1.5642374,0.7195727,0.015239043,0.14058858
1.8668766,0.75593925,1.8718696,0.86395293,0.08227638,0.08030566
1.773633,0.8544854,1.8183007,0.8196319,0.009779945,0.09142953
1.7337102,0.9362237,1.5755632,0.7385199,0.13018729,0.14481275
1.601545,0.9209185,1.6238294,0.7428364,0.0052926117,0.12588638
1.0675259,0.8184452,1.2173998,0.8183443,0.2059882,0.12093396
1.1333965,0.6073683,1.1674418,0.77834237,0.16129023,0.13488261
1.5034539,0.58149964,1.5278518,0.7448945,0.22496234,0.15126462
1.9771731,0.9777102,1.9492447,0.8968345,0.24718755,0.07623018
1.83244,0.7361283,1.8620536,0.8502944,0.017760538,0.07959863
2.1267009,0.96309435,2.1848605,1.0030451,0.08792298,0.027294138
1.1554954,0.77173716,1.159018,0.77337337,0.18338864,0.13617584
1.7689695,0.8874047,1.8056209,0.82193655,0.0073777204,0.09059705
1.9718475,0.87544155,2.006818,0.9123929,0.03971321,0.05342657
2.03539,0.88592845,2.0620816,0.9361907,0.017716097,0.041216336
1.3793813,0.42134315,1.4021313,0.664826,0.0052107647,0.16329475
1.8595526,0.78649527,1.8913102,0.8596546,0.022531595,0.07243046
1.6857136,0.9867278,1.7101371,0.77318394,0.006240145,0.11141689
1.9420295,0.9459252,1.9862916,0.9012651,0.019217487,0.05300567
1.7644154,0.7617569,1.793889,0.81897193,0.012628395,0.09220141
1.4134786,0.8177517,1.4185026,0.68854,0.06358217,0.17062879
1.7718145,0.92503446,1.8020058,0.81472784,0.006872362,0.09456061
1.6974057,0.9131411,1.7344713,0.7881263,0.006473147,0.104540534
1.8691435,0.8356765,1.733458,0.8456021,0.36589924,0.102774516
1.2265406,0.93778515,1.2329745,0.6829862,0.0071307137,0.15245028
1.4802588,0.5275208,1.5094051,0.6941412,0.0065225214,0.14734054
1.7775722,0.7228069,1.8119226,0.82668304,0.024528395,0.09035122
1.808052,0.97284424,1.7430193,0.8321852,0.24875347,0.11454176
1.0846956,0.88714445,1.1397712,0.8231873,0.26134327,0.119644076
1.3191992,0.43695098,1.3404953,0.660614,0.004786145,0.16602719
1.3902097,0.45088938,1.4256539,0.705786,0.17124818,0.1775214
1.8744292,0.76532036,1.9234588,0.86313474,0.008546789,0.07044012
1.6965975,0.7563233,1.7179983,0.7778791,0.021341117,0.11420147
1.5022215,0.9098815,1.5059597,0.69347847,0.0071887267,0.14627916
1.7948716,0.9028267,1.8117065,0.82436997,0.012584373,0.09000996
1.8992319,0.99032843,1.9424188,0.8735655,0.008348238,0.06737285
1.5406982,0.7477898,1.5541177,0.7113156,0.00483332,0.14049748
2.076776,0.9358913,2.1368256,0.9739382,0.016212784,0.02810168
1.5564544,0.82803965,1.5797834,0.73187524,0.017677497,0.13729398
1.7474883,0.9448208,1.7990599,0.83557725,0.17388481,0.104201205
1.3616407,0.7429157,1.4250112,0.6755053,0.05556834,0.16956188
1.5339619,0.51545465,1.4329226,0.7059758,0.1605429,0.16533731
1.0538416,0.8837496,1.1124911,0.80352503,0.18779759,0.12634936
1.864483,0.75265783,1.9021173,0.8524806,0.007988478,0.076168776
2.059655,0.9446016,2.0993574,0.95128775,0.015638288,0.036635082
1.5255775,0.5580649,1.540808,0.7049537,0.005334826,0.14291596
1.2029588,0.9790584,1.184638,0.7253944,0.014024323,0.13487539
1.8041837,0.76475775,1.8308926,0.86534923,0.16860579,0.09378459
1.644944,0.77872366,1.3285189,0.74700207,0.26903033,0.15561336
1.3614388,0.7900222,1.3529131,0.6627361,0.027863061,0.17521372
1.7095234,0.745941,1.19014,0.8368923,0.30832547,0.11829822
1.8129766,0.8222739,1.834554,0.83618397,0.06288451,0.09256744
1.0913497,0.881642,1.4551928,0.72580063,0.14213906,0.16094822
1.3405795,0.5927628,1.3570087,0.65131205,0.00759811,0.17131154
1.8604788,0.7500049,1.9077866,0.85823035,0.008714423,0.07178709
1.467564,0.71130973,1.204315,0.7599841,0.21413165,0.14278352
1.5507977,0.65183014,1.5626287,0.71583754,0.0063575828,0.13861904
1.8687643,0.7922167,1.9166663,0.8597711,0.008651488,0.07304646
1.3857673,0.71442485,1.3914273,0.66989475,0.0062796497,0.1618489
1.7787343,0.9150284,1.7950971,0.8120083,0.011901385,0.09460079
1.364731,0.49596256,1.3068345,0.7139645,0.1298651,0.16538064
1.2964607,0.6814554,1.3046489,0.6704631,0.008269615,0.15945658
1.1898346,0.8089704,1.1527171,0.8042971,0.21936585,0.1314189
1.4106753,0.5211387,1.4201982,0.6723386,0.009755154,0.16443065
2.0825338,0.990965,2.1608381,0.97515994,0.17447272,0.04490778
1.0487031,0.760495,1.0530314,0.8147487,0.043382008,0.10611022
1.2838782,0.64619863,1.2871394,0.67580676,0.004569348,0.15762326
1.860065,0.8733577,1.8894331,0.85375774,0.011191329,0.07427086
2.092,0.9565296,2.1297016,0.9686375,0.01827765,0.030467493
1.1599119,0.88276494,1.196686,0.7471297,0.108565554,0.13712408
1.2853719,0.52361465,1.300786,0.66171765,0.009703095,0.16629027
1.596062,0.99154526,1.6317449,0.7494363,0.017913798,0.12702706
1.2938145,0.6408943,1.3372495,0.6892192,0.091514945,0.15895368
1.3730432,0.9633239,1.3811562,0.6703306,0.035681542,0.17151748
1.4403156,0.87306345,1.4528995,0.6811636,0.008597145,0.1586076
1.2757283,0.719826,1.2799664,0.7103319,0.09958158,0.15914872
1.3669957,0.9487893,1.3839204,0.66328186,0.011743607,0.1704345
1.7215487,0.9408823,1.6833689,0.7983677,0.28432652,0.1292904
1.8357877,0.98548657,1.8842638,0.8545033,0.011732437,0.07851709
1.3576041,0.54368895,1.3664346,0.6586438,0.009275029,0.17062575
1.3709503,0.989288,1.3793526,0.6643498,0.012717279,0.16694511
1.5175258,0.57307017,1.536545,0.7141917,0.015380505,0.14023882
1.6402972,0.8957219,1.6793816,0.7678857,0.036230195,0.12152846
2.068414,0.9064688,1.1661582,0.8466684,0.3097304,0.11494483
1.3000314,0.6983721,1.301611,0.66741633,0.011173595,0.16227098
1.3844823,0.8412528,1.3998454,0.66163754,0.00796135,0.17023076
1.643347,0.9764617,1.665726,0.76469207,0.014382325,0.11666564
1.5652947,0.5966287,1.583508,0.7276342,0.005066341,0.13245647
1.4440773,0.71521187,1.4559662,0.679378,0.005269736,0.15594505
1.1655711,0.59716344,1.1348963,0.75007105,0.024954366,0.12615435
1.369532,0.59405524,1.3798728,0.65704197,0.0065258318,0.16645883
1.3750404,0.99358845,1.3373883,0.68527925,0.081067525,0.16836661
1.8313642,0.97585547,1.8544903,0.83842546,0.007357769,0.083323434
1.7521116,0.98578477,1.7774358,0.806024,0.006940239,0.097411744
1.3119687,0.6700402,1.2838597,0.7046381,0.075262696,0.15660861
1.2930394,0.81426823,1.2977431,0.66689134,0.0062521147,0.16075148
1.44778,0.7780549,1.4756048,0.68613017,0.011926055,0.15765946
1.5697081,0.636622,1.597825,0.7305892,0.005527617,0.13098238
1.1520169,0.6186336,1.1329641,0.78790563,0.17645516,0.13036434
1.3232964,0.7040373,1.3296566,0.6649941,0.04079681,0.17110349
1.4093486,0.64986503,1.4166198,0.66967314,0.006899845,0.16246109
1.2061677,0.53983396,1.1845818,0.7135473,0.03635284,0.14456435
1.6845535,0.95103604,1.5052845,0.7409048,0.2864615,0.1575842
1.3516332,0.7532544,1.3786094,0.68034565,0.09100675,0.17156866
1.5538117,0.6626683,1.5711138,0.72720695,0.0059197336,0.1332822
2.146067,0.97866607,1.8056574,0.86227065,0.5414325,0.11410319
1.0891166,0.89499074,1.0665513,0.7871864,0.031566776,0.109297074
1.073208,0.99938625,0.97784066,0.8609452,0.2160933,0.10983575
1.5972599,0.5727259,1.6264768,0.74274576,0.053014338,0.13609965
1.4256595,0.52565783,1.4460504,0.68101865,0.005490494,0.15563682
1.4881265,0.6955507,1.5021293,0.700181,0.0061408896,0.14356524
1.9699804,0.86166817,2.0277073,0.9147832,0.033108238,0.051612683
1.7630017,0.7066646,1.7960699,0.8138369,0.015860476,0.096223295
1.6065044,0.8091987,1.6178515,0.73790216,0.005717562,0.12767424
1.6349179,0.8976864,1.6021254,0.77194166,0.16245152,0.13596253
1.8651261,0.9298998,1.8975248,0.85866404,0.008402385,0.07643394
1.3735517,0.5458518,1.3914452,0.6578913,0.005404373,0.16790539
1.365909,0.5332742,1.3633666,0.66638964,0.037470173,0.17394072
1.91549,0.87691385,1.9630222,0.8890651,0.017044036,0.05969677
1.2200595,0.8222303,1.1421237,0.7398541,0.07540215,0.13791332
1.3722409,0.97507304,1.3322277,0.70624363,0.123373,0.16943035
1.880223,0.87628406,1.3070357,0.8173668,0.44145384,0.12894708
1.9160353,0.9058227,1.9379976,0.87185544,0.016565442,0.069525264
1.0899397,0.94316787,1.2286344,0.7745796,0.20546272,0.13535441
1.6129947,0.6695005,1.6437743,0.7513224,0.020969227,0.13101847
1.1059754,0.73173815,1.1054478,0.8031412,0.11830883,0.11547611
1.6811494,0.95426184,1.7040136,0.7728962,0.0077249315,0.109872825
1.8199185,0.8892061,1.4521573,0.77520466,0.35017046,0.14909355
2.0620506,0.93762034,1.9985993,0.9282031,0.31421378,0.0704613
0.93429065,0.8971987,1.0276091,0.82489735,0.13442667,0.11245627
1.3996211,0.4357809,1.416949,0.668162,0.011178924,0.16429228
1.7229244,0.8516835,1.7517273,0.7927652,0.0073696095,0.10245028
1.5844879,0.785782,1.6117425,0.7361754,0.005415042,0.12923685
1.9031876,0.8327305,1.9444828,0.8813336,0.009874512,0.06328259
1.741773,0.72823507,1.7359245,0.81047624,0.21469702,0.113557085
1.3516209,0.5111881,1.3297741,0.747399,0.18507858,0.14789584
1.7979033,0.7085687,1.8482587,0.83791345,0.007877956,0.082633056
1.6535708,0.63376504,1.6900713,0.7708513,0.012593887,0.11444034
1.3181425,0.8690809,1.3212957,0.68405926,0.033403747,0.15978013
1.3257668,0.42330685,1.3411803,0.66127163,0.0072159735,0.1674741
1.3148422,0.4252706,1.3309972,0.6669992,0.0048698345,0.16419357
1.5033895,0.6267054,1.5200458,0.69249296,0.006742322,0.15045159
1.7401985,0.6705083,1.5903449,0.8079628,0.32822654,0.12438467
1.4040474,0.77931416,1.4261065,0.6719567,0.004457139,0.15958136
1.5042063,0.5990248,1.3323367,0.7724146,0.22844437,0.1384822
1.4765893,0.7251855,1.4890077,0.683936,0.020905588,0.15529624
1.432943,0.7179537,1.4500883,0.6761652,0.0051209573,0.157928
1.3643512,0.62596637,1.3787127,0.6586192,0.006050813,0.16650143
1.3973614,0.8354731,1.4085231,0.6694978,0.006353907,0.16263823
1.7513268,0.8271819,1.7883017,0.80831635,0.008287244,0.096329585
1.5113446,0.59063125,1.5382502,0.7044788,0.0071791317,0.14459692
2.0093203,0.85867506,1.5036645,0.7721739,0.3792815,0.15465793
1.1808406,0.890713,1.4589841,0.7311882,0.22885698,0.15297726
1.2407488,0.5095094,1.2521281,0.68581426,0.005533297,0.15188126
1.5152949,0.5891201,1.5393646,0.71178067,0.0060893926,0.14004615
1.4833187,0.6442453,1.5121386,0.7017964,0.0062196953,0.14512159
1.3209524,0.5492925,1.2718017,0.7050763,0.093827635,0.16305113
1.4990802,0.61080146,1.4787116,0.74997777,0.2996676,0.1486648
1.6139886,0.7700953,1.6234267,0.756202,0.04744919,0.12826456
1.7362136,0.8078038,1.7572362,0.79889524,0.015188442,0.09946151
1.1648,0.9555518,1.1635867,0.73791367,0.034356803,0.13421726
1.0358329,0.9934505,1.108099,0.8256465,0.22035235,0.1215999
1.3110204,0.5811777,1.3248904,0.6711091,0.0058922083,0.16047968
1.273122,0.7212208,1.425739,0.7959059,0.3408934,0.14366974
1.7566437,0.94424415,1.7915843,0.8098363,0.0074129123,0.09311137
1.3887355,0.8556213,1.4026799,0.65776646,0.015558956,0.17172456
1.8678365,0.81548846,1.9111531,0.8689932,0.036529522,0.0724164
1.117009,0.6465738,1.1489611,0.7970273,0.17653656,0.12322821
1.5059683,0.8910676,1.5327017,0.70212835,0.005367361,0.14403549
1.1297718,0.6682285,1.0883768,0.80593836,0.124260545,0.11858154
1.7535032,0.6594684,1.805692,0.81873757,0.0083313845,0.09040491
1.9875664,0.9001698,2.0253325,0.91483074,0.0141964825,0.050725758
1.4135419,0.6340441,1.4284141,0.6640535,0.010293401,0.16636778
1.2591381,0.47232354,1.3830628,0.73916143,0.3034291,0.14967555
1.6987995,0.84548515,1.7274728,0.78081816,0.0059109754,0.1073508
1.280853,0.57490015,1.2922966,0.6657623,0.022296099,0.16479073
1.3442153,0.6592239,1.3538108,0.656729,0.005915456,0.16915053
1.4188895,0.6853036,1.4366727,0.68998533,0.05775032,0.16485931
1.3110033,0.8271934,1.3448126,0.65747666,0.023774797,0.17272249
1.0169064,0.90950423,0.99971634,0.86371106,0.09774108,0.09579134
1.4855611,0.48101634,1.515034,0.69852006,0.005628934,0.14669012
1.7029617,0.6298168,1.5803514,0.7598916,0.2664554,0.14308512
1.7927842,0.98706704,1.8305783,0.82631963,0.011189408,0.087356076
1.5559913,0.5246168,1.5740998,0.72152185,0.004866968,0.13510507
1.2703512,0.56035626,1.2734966,0.6773346,0.022404002,0.16014399
1.3496957,0.43202138,1.3634992,0.65694296,0.005474521,0.16717549
1.4275582,0.762626,1.4103329,0.67816055,0.06489086,0.17046414
1.5208839,0.51474625,1.5388968,0.7061322,0.0075882147,0.143452
1.2559386,0.6229775,1.2569528,0.68149424,0.007618567,0.15354836
1.2196572,0.83609885,1.2973089,0.75820655,0.23829335,0.1429282
1.5717747,0.5692837,1.5922625,0.7326203,0.008711453,0.13128698
1.6539929,0.98672795,1.6032629,0.8052556,0.25351444,0.12182469
1.8067522,0.89339817,1.8438554,0.8367716,0.008055827,0.083639964
0.9764664,0.9489096,1.0198727,0.84503084,0.1543738,0.10917915
1.1146578,0.86983055,1.0565827,0.8213527,0.20304462,0.11717639
1.2765032,0.6341247,1.2794497,0.67619246,0.0060296007,0.15737894
1.068634,0.8744558,1.1177869,0.8283369,0.29083404,0.123584606
1.3546207,0.46823114,1.3689575,0.6625848,0.006974422,0.1681396
1.7288135,0.8964606,1.7519088,0.81219023,0.091578476,0.10309196
1.1623508,0.98640764,1.0801594,0.8151341,0.14734083,0.11736658
1.6034349,0.9191595,1.622858,0.74696505,0.010361874,0.12628801
1.0530053,0.75924087,0.9923176,0.82556367,0.03691403,0.0976389
1.2586043,0.5482149,1.2655957,0.6826822,0.0045772395,0.15339658
1.5202914,0.5951263,1.5279219,0.7060926,0.007699242,0.14160877
1.9401555,0.99029547,1.9671648,0.8900136,0.0096685225,0.059424832
1.855664,0.7799006,1.9095244,0.86475414,0.012626012,0.06936656
1.5161353,0.5262593,1.5262587,0.7095937,0.005916483,0.14053734
1.2568017,0.80933094,1.2733114,0.670078,0.023059916,0.16290663
1.2691929,0.6468485,1.2857811,0.6716289,0.0071032327,0.1581978
1.5453056,0.6296064,1.5346718,0.7036091,0.05062254,0.15610237
1.5859001,0.55920756,1.6151516,0.7321879,0.005631813,0.12982729
1.8208079,0.83769923,1.8819997,0.85257906,0.060351077,0.084847
1.7746974,0.9984943,1.7933507,0.81184906,0.008706395,0.09443617
1.996087,0.8596893,2.0325215,0.92491025,0.030998431,0.049313303
1.2640302,0.93012094,1.284595,0.7753943,0.24845326,0.13975032
1.9880162,0.9369678,2.0327127,0.9181087,0.011130407,0.046467926
1.5181074,0.6787892,1.546705,0.7104813,0.0068262215,0.13890515
1.4578425,0.6235193,1.4697995,0.6817721,0.018027069,0.1640658
1.6010749,0.75464594,1.6258221,0.74652886,0.010126816,0.12584597
1.8607024,0.9219558,1.7370713,0.886438,0.37417537,0.08790987
1.455362,0.95636696,1.4660351,0.68237144,0.0073138503,0.15461577
1.5583485,0.54954505,1.5706367,0.7427057,0.05561082,0.13588151
1.3415148,0.41552725,1.3673196,0.6815994,0.12061779,0.17354077
1.2247714,0.5586343,1.2456145,0.7779151,0.25734413,0.13984448
1.6835687,0.79696965,1.7090065,0.78147787,0.022651149,0.11119052
1.5174367,0.5363094,1.5149355,0.72555614,0.04838395,0.14890988
1.2468116,0.67810905,1.2339885,0.69726205,0.01900166,0.14894427
1.6989708,0.6832414,1.6871793,0.7880618,0.06746977,0.11495959
1.0756161,0.9650098,1.1040163,0.8074009,0.16144407,0.11887097
1.2936853,0.4634733,1.2962947,0.7046084,0.11578786,0.16332969
1.3133912,0.54941636,1.3285434,0.6609956,0.008137506,0.16398886
1.7062176,0.6221161,1.730423,0.79703814,0.043485545,0.10884722
1.4312432,0.5489962,1.4478712,0.6793606,0.0053880904,0.15526754
1.7623701,0.74698836,1.8179839,0.8257233,0.023845013,0.089941904
1.7110205,0.83328843,1.2252471,0.8127819,0.418901,0.12896591
1.1031818,0.6448718,1.059871,0.8101613,0.054984987,0.10829193
1.3451242,0.9769592,1.3342335,0.67790693,0.072483145,0.16810842
1.1377593,0.84030277,1.1476496,0.77230704,0.08760353,0.12832507
1.7757256,0.7154086,1.8063772,0.82252574,0.009792847,0.09081151
1.5896034,0.8214715,1.6148925,0.73143554,0.0057288194,0.13033961
1.5217493,0.5999306,1.5486605,0.72838753,0.041322224,0.13864823
1.5927331,0.82388073,1.603589,0.7405439,0.010484735,0.12991196
1.792233,0.9685944,1.8210661,0.82416975,0.011275711,0.08831188
1.242241,0.90737456,1.2383707,0.699069,0.08331464,0.15886533
1.366493,0.47062048,1.3978927,0.66630685,0.01358894,0.16873975
1.7071178,0.9122148,1.7329342,0.7861496,0.0060968213,0.10740249
1.4534919,0.87384766,1.4677444,0.66914713,0.021968823,0.16292809
1.7352759,0.82867104,1.7637019,0.8069225,0.013908171,0.0974788
1.6242917,0.6906666,1.6471362,0.74560165,0.0059027453,0.1255051
1.098904,0.634889,1.0198078,0.8385256,0.1467372,0.106429555
1.91111,0.962864,1.9372768,0.87433535,0.014383717,0.06405445
1.3683532,0.78596056,1.3813372,0.65501726,0.007689431,0.17137098
1.359156,0.7253083,1.372165,0.6609325,0.012162273,0.16846274
1.596514,0.59610754,1.6085317,0.7353512,0.03215388,0.13279921
1.0056477,0.95758957,0.9607701,0.86559695,0.098346114,0.094892345
1.8372877,0.73393875,1.8683431,0.8467106,0.030753387,0.07944051
1.1303636,0.59616494,1.0847701,0.792541,0.050063044,0.11254943
1.4754068,0.99633133,1.563307,0.7225992,0.119247556,0.1553766
1.6893198,0.81403935,1.7252655,0.78508574,0.020672798,0.1104858
1.9620389,0.9487512,2.0531409,0.92470443,0.027912179,0.046243742
1.7559276,0.9555133,1.7802446,0.79668474,0.0062673553,0.100014575
1.3917292,0.44627953,1.2100549,0.74287045,0.1593633,0.14769146
1.7419318,0.70497483,1.7629144,0.7989778,0.009550798,0.09895957
1.1420795,0.74029094,1.181417,0.8544247,0.41206744,0.116732374
1.306478,0.74322736,1.3649261,0.690137,0.083285,0.16295722
1.7816089,0.9894918,1.535492,0.7858441,0.3464712,0.14317748
1.8905624,0.90692866,1.9238639,0.8679746,0.008690729,0.071143076
1.1662852,0.9787201,1.1433871,0.7366805,0.023503209,0.12955421
1.4185594,0.45706683,1.443331,0.67527187,0.0047492613,0.15787643
1.2994727,0.63906604,1.2647872,0.7446502,0.13668326,0.14826965
1.967236,0.8581485,1.219569,0.8154729,0.44936907,0.12873141
1.2611958,0.69398975,1.2756684,0.6730264,0.00988861,0.1606636
1.2673324,0.95249546,1.2497737,0.68263006,0.03281057,0.1672029
1.6317744,0.8585512,1.6693006,0.7623703,0.00857198,0.11873968
1.6934952,0.8564876,1.7334745,0.7877669,0.0129404245,0.10855777
2.0135024,0.98782605,2.042201,0.92087704,0.014789759,0.046051517
1.4368637,0.50694793,1.4706895,0.6962347,0.042639688,0.15318839
1.9915955,0.8401446,2.0174959,0.9169881,0.24850355,0.06143639
1.3272482,0.75702596,1.279932,0.7052955,0.1543079,0.16461554
1.2526313,0.90045685,1.2913046,0.69670933,0.10760886,0.16102515
1.43426,0.6784729,1.4527895,0.67910594,0.0069434103,0.15567943
1.014066,0.882929,1.3338444,0.7735659,0.3154486,0.144883
1.3132186,0.5891996,1.324178,0.65937215,0.007845183,0.16652782
1.8294591,0.7537607,1.8669808,0.8437423,0.00941543,0.08000221
1.151318,0.86539644,1.1174614,0.7779505,0.115917064,0.12657054
1.7967268,0.9840979,1.7490997,0.8381536,0.17656453,0.10076105
1.6674782,0.76559496,1.6893826,0.7659608,0.024467716,0.12282525
1.1986027,0.5952646,1.2058218,0.70810246,0.011916484,0.14133286
1.6129774,0.81499,1.6361487,0.7416081,0.009489517,0.12578061
1.3916689,0.4809422,1.4084799,0.6627637,0.0069544176,0.1642672
1.5078508,0.80204517,1.5318692,0.7093022,0.0053788493,0.14095971
1.4445378,0.46977705,1.3271258,0.69668615,0.11808683,0.16365361
2.103337,0.993216,2.1441758,0.97313166,0.03548734,0.02954199
1.1194166,0.84509546,1.1102233,0.7644588,0.023758035,0.11749582
1.2648934,0.6532505,1.2470093,0.70963,0.04206877,0.14877364
1.3393049,0.82689244,1.5035625,0.71394885,0.08736217,0.15357393
1.8901726,0.87463915,1.9200542,0.87533414,0.06556192,0.0731792
1.3074803,0.6392516,1.3426266,0.72741044,0.22788157,0.15599287
1.9298992,0.9158858,1.9783111,0.8925788,0.010404357,0.05843967
1.8938007,0.99988556,1.7969978,0.8584371,0.4433433,0.11235907
1.7432398,0.7064236,1.7694597,0.8001628,0.007179491,0.099749
1.2753603,0.58997786,1.3526299,0.6919566,0.103298806,0.16221298
1.5533167,0.5501588,1.5847368,0.7248715,0.0073314304,0.13593344
1.1092294,0.9261406,1.107485,0.75885904,0.05853447,0.12920047
1.839902,0.7623469,1.8627641,0.84561855,0.024644371,0.08158549
1.104009,0.69010025,1.3641636,0.8377015,0.6938966,0.11987626
0.98058766,0.93826306,1.6244123,0.89941114,0.78469336,0.09508883
1.6240842,0.86193025,1.6525757,0.74727607,0.006274606,0.12246558
2.0296698,0.93769395,2.063144,0.9377181,0.013392477,0.041336257
1.9082687,0.78451115,1.9423051,0.8753415,0.010852113,0.06724474
1.7468787,0.90675056,1.2598937,0.7041601,0.15132792,0.15937783
1.3851721,0.81617135,1.3940432,0.6645471,0.006383945,0.16560063
1.7104726,0.6807653,1.6549788,0.794164,0.2003067,0.1139562
1.1213186,0.7607203,1.1015043,0.7997958,0.05429685,0.11076737
1.4967992,0.74377286,1.518244,0.7031625,0.005365268,0.1440848
1.8944,0.81967795,1.9444067,0.88405246,0.16337934,0.07821009
1.176138,0.7849667,1.1758058,0.7205538,0.03654232,0.14026901
1.4853469,0.54773885,1.4955025,0.69303226,0.0049968893,0.14803253
1.3588427,0.510897,1.3584461,0.6520332,0.011940223,0.17022337
1.1310889,0.8921383,1.149951,0.74176455,0.017778262,0.12851457
1.4505066,0.67065626,1.4620335,0.6766945,0.004823165,0.15725143
1.3732544,0.6038301,1.6253994,0.77107847,0.17188507,0.13133611
1.7037241,0.74462247,1.4861095,0.80929404,0.4139027,0.13571353
1.5623627,0.8253624,1.5836692,0.7299918,0.010927782,0.13378483
2.0122545,0.9356987,2.0642817,0.9351663,0.021577999,0.03969001
1.4822304,0.51475894,1.4984488,0.69844854,0.0058510634,0.14677562
1.823002,0.83031094,1.8717229,0.84596646,0.014540704,0.07846618
2.0706706,0.9150295,2.0454655,0.9495921,0.37987706,0.055452004
1.8982824,0.8429259,1.9348481,0.87197286,0.008423245,0.067526765
1.4853286,0.82616407,1.5006149,0.6901039,0.006694465,0.15226604
1.6064762,0.70990247,1.6268644,0.74678975,0.0063215657,0.12499121
1.1462213,0.6696495,1.1521306,0.7422687,0.04311911,0.13082509
1.6698623,0.6072148,1.6919835,0.7876352,0.06818484,0.11416045
1.1826742,0.69348055,1.1778691,0.7306092,0.011516646,0.13097973
1.3070847,0.89284456,1.304122,0.6613772,0.010094906,0.16925055
1.0933276,0.8816599,1.3746152,0.83855754,0.5042958,0.12250059
1.1354734,0.9165842,1.1782571,0.7332512,0.039695658,0.13826126
1.9940826,0.9752988,2.0385754,0.9230394,0.055742256,0.0522565
1.2292595,0.5360186,1.2208014,0.7265734,0.056799237,0.14281933
1.6903477,0.7741025,1.7241828,0.7781804,0.0059407745,0.10943396
1.5752269,0.8956033,1.6010172,0.7330501,0.0057014045,0.1298081
1.4241618,0.68619144,1.7308757,0.80307263,0.26371422,0.112409785
1.7127398,0.7066738,1.7245617,0.8122083,0.2822062,0.11649257
1.2269652,0.5189506,1.2577102,0.70590276,0.10730442,0.15654954
1.8300812,0.9536872,1.865303,0.8585591,0.09964222,0.08191516
1.446282,0.6219762,1.4150243,0.6811689,0.07316024,0.17702106
1.8503783,0.9234474,1.8638062,0.85905945,0.13720527,0.08275588
1.3118334,0.5497587,1.2837343,0.70347375,0.09072494,0.16106421
1.9598002,0.9434138,2.000395,0.90283614,0.022483557,0.052067164
1.2545964,0.667238,1.2549918,0.6901469,0.05180724,0.16081569
1.3351084,0.95415884,1.398428,0.7134357,0.21691418,0.16401607
1.3719592,0.91188127,1.3985653,0.66008806,0.005244873,0.16739155
1.0409334,0.88477266,1.0153958,0.85490495,0.15237704,0.10145712
1.1205932,0.69935983,1.1232796,0.8031245,0.18429753,0.12254945
1.440519,0.48965302,1.4544451,0.6797644,0.005175414,0.1551654
1.3364028,0.8970407,1.3597443,0.65589225,0.005058942,0.16842894
1.3487939,0.6552736,1.3319075,0.66541946,0.019564828,0.16972609
1.3021797,0.66373783,1.4867256,0.7463207,0.24620254,0.15011431
1.4178374,0.8390444,1.4372668,0.6674356,0.0074285204,0.16218284
1.5120175,0.69564295,1.5380976,0.7073791,0.0052778637,0.14046058
1.5417862,0.6388335,1.5603323,0.7185497,0.005865231,0.13593456
1.7053653,0.6869377,1.7357514,0.7884553,0.0064147976,0.10379924
1.993596,0.9621135,2.051507,0.9233811,0.012838469,0.044797536
1.5961725,0.81999177,1.4322889,0.68914413,0.10550956,0.16737542
1.624475,0.71537197,1.6529863,0.75866634,0.060265854,0.13063875
1.9290003,0.88073325,1.9884005,0.8943632,0.011480915,0.053557552
1.5768548,0.58749384,1.6081977,0.7381612,0.0069324207,0.1289947
1.2283171,0.53556836,1.2575483,0.6885898,0.009987351,0.15091027
0.95173687,0.8685948,0.9615895,0.87378985,0.15227923,0.09804886
1.3691193,0.5978752,1.3473475,0.7388327,0.21548939,0.15382186
1.01739,0.9762502,0.9857371,0.86089164,0.128898,0.09382285
1.4776556,0.6125101,1.4003463,0.72127354,0.16441073,0.1591059
1.8565042,0.9370746,1.896833,0.8575715,0.010434503,0.07686712
1.5879236,0.73551553,1.6121132,0.7350888,0.0056851404,0.1287077
1.4013307,0.94494367,1.4149821,0.67239904,0.005972583,0.15982103
1.2621557,0.52981496,1.2575786,0.68508136,0.010898601,0.15364309
1.5560659,0.99128485,1.5318604,0.75698763,0.19439477,0.14044304
1.3653206,0.5368776,1.3824174,0.66734505,0.005397669,0.1642257
1.2009325,0.71733314,1.2000837,0.72448957,0.00841585,0.13361758
1.4277261,0.99523556,1.3946359,0.7396122,0.25451934,0.1527284
1.533548,0.8559537,1.5488677,0.7110921,0.016428726,0.14599247
1.1309288,0.78261936,1.1781911,0.81265754,0.26127815,0.12744275
1.9773017,0.9861661,2.0257852,0.91500473,0.015897837,0.049214292
1.6524597,0.8199272,1.5175793,0.7783932,0.30683157,0.13512866
1.256029,0.47712517,1.3641522,0.7516967,0.24846423,0.14565891
1.7504284,0.657719,1.7821083,0.802618,0.0071829255,0.10033606
1.5957268,0.9719299,1.6154637,0.7398006,0.0057715094,0.12596767
1.2852705,0.7846244,1.2379267,0.72444844,0.115087986,0.15179919
1.5559677,0.7713152,1.3251488,0.76704335,0.27304202,0.14010295
1.2285922,0.805762,1.2257049,0.70469,0.02792494,0.1504175
1.398132,0.51534986,1.4179416,0.66240686,0.0112691,0.16557288
1.7408295,0.6637432,1.5840764,0.8230532,0.44216254,0.12820561
1.6086984,0.70271456,1.6090803,0.75378937,0.05702962,0.1338575
1.2662209,0.57336164,1.2627115,0.6805117,0.0072106184,0.15459038
1.2688116,0.80313253,1.2940323,0.74213666,0.11244401,0.14664358
1.7071012,0.78464985,1.7202895,0.80269426,0.12383523,0.10940387
1.5127525,0.95438427,1.5303583,0.7038197,0.010921844,0.14809477
1.5059465,0.83635354,1.5349679,0.70551914,0.004934574,0.1417993
1.5787026,0.61030394,1.5963638,0.7241775,0.006238922,0.13328138
1.1332582,0.9858698,1.2742054,0.73873013,0.12865607,0.150299
1.6518669,0.60793686,1.6718538,0.78337103,0.11859446,0.12389246
1.2818629,0.79597646,1.2845893,0.6780782,0.005166006,0.15493284
1.4176989,0.69909364,1.4246917,0.67155254,0.012238466,0.16260324
1.2163353,0.7633944,1.2113943,0.71630156,0.094636075,0.15107782
1.6576614,0.92185295,1.6823673,0.76996803,0.0062898807,0.11361642
1.72788,0.7503619,1.7412114,0.7856654,0.0063104974,0.10484429
1.3415792,0.63728535,1.3440704,0.6521274,0.0070105176,0.17184559
1.2397035,0.8203054,1.1479127,0.7503921,0.08804761,0.13782887
1.1074567,0.896554,1.107703,0.8078122,0.23009147,0.12464939
1.4525524,0.6600372,1.4231026,0.71293265,0.115601435,0.16151434
2.0837488,0.99818116,2.125802,0.9657979,0.02111005,0.029516444
1.794605,0.68947047,1.809314,0.8186956,0.017989952,0.09319224
1.7852591,0.68346024,1.8199897,0.82774323,0.009837241,0.08594212
1.3152919,0.816633,1.3176656,0.67090106,0.016976772,0.16325778
1.6728278,0.6707866,1.7088451,0.79210377,0.022985274,0.106751695
1.2966009,0.4439677,1.3068256,0.65827817,0.014615464,0.17032689
1.2350171,0.89320475,1.2316718,0.71334124,0.013027118,0.14055064
1.2605426,0.5990285,1.2666309,0.6842736,0.0072153304,0.15492666
1.9224783,0.9389892,1.9511428,0.8814462,0.009492553,0.065164305
2.060787,0.90210813,2.08567,0.9466553,0.05450155,0.040910922
2.0290997,0.9324738,2.068922,0.9396008,0.016431756,0.03857128
1.418861,0.91605395,1.4462612,0.68312335,0.005494066,0.15468161
1.5071776,0.8287537,1.5215824,0.7036903,0.008117683,0.14277127
1.2439077,0.6488145,1.3232901,0.7699908,0.257188,0.14501344
1.3869233,0.45181173,1.4106143,0.6713166,0.0069583515,0.16302182
2.0943317,0.97190034,2.1377754,0.9663326,0.040651806,0.03301437
1.3612247,0.85061246,1.3690908,0.6587216,0.0060051894,0.1660483
1.5104247,0.5108043,1.5241313,0.7067446,0.0075222566,0.1446035
1.0598444,0.8817171,1.2828581,0.7795454,0.27012977,0.14675647
1.5693506,0.63855106,1.6032393,0.7345698,0.0058196774,0.1282685
1.2577889,0.9124443,1.2662618,0.6728323,0.006062992,0.15779321
1.7324249,0.72602886,1.7523391,0.7961646,0.011015759,0.10211401
1.6932645,0.648118,1.6930873,0.7912193,0.1622612,0.12211981
1.9704794,0.90496886,1.9994593,0.90388924,0.013667297,0.05413516
1.3979716,0.9714539,1.3199773,0.70826983,0.11136481,0.15627049
1.6564673,0.9448427,1.6765723,0.76245356,0.005850874,0.11568017
1.9682143,0.82501787,1.2312393,0.76626563,0.24537173,0.14294377
1.9912194,0.86742204,2.0353353,0.9227482,0.019162266,0.04683845
1.5754577,0.58424973,1.606946,0.7375129,0.008627167,0.12830466
1.9145743,0.91585153,1.9565122,0.88163185,0.009578156,0.061951928
1.7470409,0.68010247,1.7815537,0.8038249,0.006873296,0.09853979
1.5722625,0.54669636,1.5962973,0.73221827,0.0067533,0.1314347
1.2229224,0.56315595,1.1651149,0.7571206,0.093670726,0.13351339
1.5775069,0.86878484,1.5348825,0.7678334,0.18470559,0.13871346
1.2079011,0.8625734,1.3470376,0.7935326,0.315404,0.13314576
1.1553551,0.578891,1.0234973,0.8413617,0.08511827,0.09895957
1.1813172,0.8309343,1.2226593,0.7795821,0.42896834,0.15088332
2.0917923,0.9806483,1.943424,0.9395508,0.49217844,0.063664295
1.7687832,0.7819453,1.789259,0.80806154,0.010306809,0.09351355
1.7852647,0.7138252,1.8098454,0.81678396,0.007961278,0.09294946
1.5702995,0.64393014,1.5946851,0.7303188,0.007002343,0.13145274
1.1671857,0.60197544,1.1292565,0.77375054,0.057447672,0.12229926
1.5577075,0.5361922,1.5375104,0.74748266,0.3143319,0.15516159
1.6154178,0.70869374,1.6332994,0.74490047,0.009032171,0.12602316
1.8838024,0.81520087,1.9318352,0.875384,0.009687988,0.06832277
1.8448838,0.9687226,1.7817245,0.8518038,0.2961581,0.09739735
1.243641,0.7027917,1.2427974,0.6922966,0.02784945,0.15071467
1.3149823,0.4398937,1.3393047,0.6533187,0.020681191,0.17406952
1.3160083,0.75351673,1.3266754,0.6585169,0.0060449447,0.16559131
1.2722651,0.6750453,1.380579,0.7772292,0.45788163,0.15765016
1.436579,0.7899288,1.4496927,0.67379296,0.0114693865,0.16244751
1.1043099,0.9704216,1.1022267,0.76668763,0.03465502,0.12164866
1.5278642,0.73708194,1.5475736,0.7195622,0.06010367,0.15006685
1.3223436,0.9377563,1.3159738,0.6739126,0.054019205,0.17059566
1.2694882,0.84833807,1.2693219,0.6731221,0.008060699,0.15846147
1.8517227,0.92111063,1.8651338,0.84282297,0.018182395,0.083044775
1.603426,0.567057,1.5855024,0.76888406,0.1332378,0.13132733
1.4874145,0.62621266,1.3842201,0.7701812,0.2649031,0.14845712
2.0332956,0.98066956,2.073123,0.9293441,0.049700897,0.046965
1.55598,0.60415345,1.5674527,0.7180636,0.006248508,0.13700552
1.4964564,0.5854069,1.5042098,0.69922423,0.011668581,0.14665401
1.435151,0.8459499,1.4528778,0.6788569,0.02054736,0.16015093
1.7935212,0.78302866,1.4002669,0.82742685,0.4549661,0.119721524
1.3429589,0.41091517,1.5156014,0.75735193,0.37426382,0.15183835
2.051222,0.8904772,2.0893657,0.9455406,0.013948342,0.036612917
1.3661126,0.81359184,1.3841867,0.67609304,0.03480511,0.16793732
1.7943847,0.8674559,1.81302,0.820885,0.007950883,0.092144124
1.4416963,0.84754556,1.467488,0.685606,0.005862721,0.15219861
1.4748175,0.7906874,1.4842973,0.68663615,0.0052631693,0.15222687
1.7792389,0.9292635,1.8131859,0.82085794,0.008662146,0.092034
1.0934296,0.69672364,1.0776508,0.7841722,0.03192965,0.111802556
1.3776493,0.44560343,1.389612,0.65707624,0.020743286,0.17517118
1.6506212,0.99462193,1.6795866,0.76448673,0.011444029,0.11583051
1.1208535,0.63971007,1.1221925,0.801258,0.05831712,0.110675864
1.4690143,0.8725074,1.4961317,0.682055,0.0063678343,0.15253457
1.3577665,0.46716002,1.3985434,0.7883203,0.49870664,0.15392913
1.5560744,0.54785764,1.5712652,0.72067684,0.005654593,0.13747671
1.1233222,0.88567036,1.114701,0.74756014,0.010712596,0.122952156
1.9198899,0.8801772,1.9756587,0.89255774,0.020497883,0.05838653
1.7578106,0.94151276,1.773726,0.8050621,0.011907867,0.10183335
1.4851019,0.5856514,1.5135059,0.6932293,0.012261496,0.15371461
1.1934389,0.64424753,1.3659189,0.76781416,0.2796147,0.14651181
1.1887527,0.9959103,1.4516962,0.7487941,0.25850517,0.15069471
1.5490699,0.72025704,1.552938,0.74073064,0.1139074,0.14681903
1.9812077,0.99876153,2.0390847,0.9229165,0.01053105,0.046300806
1.3021117,0.92969877,1.2881186,0.66964155,0.041142456,0.16909812
1.2071018,0.84081286,1.217808,0.7113033,0.011766172,0.14059795
1.20815,0.5735377,1.2264755,0.7051563,0.018345932,0.1448202
1.5396756,0.53354335,1.5551367,0.71471614,0.005193245,0.13855407
1.1530304,0.7027025,1.0766411,0.77818835,0.11117029,0.12445135
1.2709572,0.6811466,1.3849983,0.7435775,0.32840332,0.15004256
0.9618177,0.8837642,1.005373,0.85053045,0.13265029,0.10075804
1.1931531,0.92654663,1.1988444,0.72416234,0.062896945,0.14669633
1.2072583,0.5313554,1.1962714,0.7204386,0.029811261,0.14068906
1.887062,0.9416788,1.9023552,0.8605029,0.021499207,0.07347477
1.3806268,0.8371715,1.3826361,0.69534504,0.03961997,0.15876538
1.5650703,0.9395436,1.5851352,0.72551966,0.006037783,0.1359146
1.4923937,0.92737764,1.34441,0.81367916,0.3316716,0.12378859
1.7194403,0.64614254,1.7494309,0.7927381,0.014974603,0.10485746
1.6072186,0.7686986,1.5667167,0.75320077,0.15377931,0.13658811
1.95603,0.81461,2.012143,0.9133341,0.15566146,0.06535122
1.7261187,0.93513477,1.7597222,0.80305815,0.022174707,0.098595776
1.2037313,0.51958084,1.2668138,0.75452876,0.16469137,0.1438762
1.4211764,0.8440975,1.3742504,0.7441474,0.3853492,0.16177075
1.4446461,0.69926196,1.457716,0.6860198,0.037066825,0.16481872
1.4886392,0.6689621,1.5021615,0.69641095,0.008035215,0.1486953
1.3573492,0.57578313,1.3707714,0.6607745,0.014110491,0.17355466
1.6461115,0.63195646,1.2192593,0.8338192,0.32367957,0.118417755
2.0339086,0.88767874,2.09327,0.94855964,0.019606885,0.03682987
1.4000832,0.7489199,1.8660622,0.9000717,0.70625764,0.10363263
1.5457636,0.78561044,1.577354,0.7213816,0.0078030173,0.13220233
1.1787555,0.8658474,1.1651397,0.7320773,0.08109006,0.14660397
1.8623968,0.7632686,1.8446789,0.8633799,0.073381744,0.08401624
1.5197272,0.55083257,1.5496047,0.71401715,0.005440257,0.1378622
1.1748133,0.9777979,1.2197514,0.7757193,0.35369718,0.14275157
1.6539811,0.79217327,1.681315,0.7686671,0.017468756,0.11641298
1.8967938,0.8630889,1.9266152,0.8678515,0.008649718,0.06974053
1.3900638,0.4299535,1.3511004,0.7332666,0.22825883,0.1594098
1.7034104,0.98422545,1.7269776,0.7898754,0.023219079,0.108843505
1.2938162,0.907479,1.2932167,0.6706557,0.007774914,0.1643993
1.448016,0.70344627,1.4705966,0.68105656,0.017959233,0.16380922
1.2075772,0.74956447,1.0291874,0.83672184,0.18037555,0.11321818
1.3757323,0.5235085,1.3796711,0.65391135,0.006565213,0.16893335
1.7518591,0.7719865,1.743459,0.8132042,0.20370924,0.11148336
1.9126312,0.9498879,1.9427412,0.88407755,0.027039263,0.06677709
1.3319877,0.41374588,1.3540833,0.6561411,0.0050324383,0.1672231
1.2899115,0.5798826,1.282516,0.67336535,0.02613216,0.16288728
1.4931056,0.52208924,1.5252628,0.6845232,0.012427297,0.15427093
1.2985474,0.75982267,1.3112757,0.71375376,0.15253426,0.16232929
1.5559773,0.5453196,1.4965391,0.7346833,0.15839022,0.14540316
2.0496974,0.9479142,2.1223836,0.9587019,0.02904852,0.035208024
1.7317097,0.9878296,1.7591524,0.79347575,0.008074982,0.10096863
1.5765011,0.6722155,1.5893872,0.7220988,0.0068797786,0.13431522
1.6102238,0.905078,1.6508572,0.75687206,0.019882895,0.12098466
1.6620978,0.76622343,1.6919765,0.7699245,0.006637098,0.111506306
1.4956691,0.6562806,1.5148413,0.7027178,0.005636974,0.14326598
1.4802306,0.90528846,1.476876,0.6900554,0.027401675,0.15580626
1.3341657,0.66864425,1.2720125,0.76939034,0.33157635,0.14644276
1.5309074,0.8720331,1.5541282,0.7127737,0.0060486123,0.13787144
1.1773708,0.93188703,1.1650438,0.73412335,0.013764994,0.13050896
2.0061874,0.9906789,2.0715888,0.9329714,0.016856415,0.041109893
1.5850767,0.8195966,1.5219195,0.78221285,0.2646195,0.13554771
1.8401024,0.7642491,1.7572598,0.8317294,0.25631472,0.113822706
1.866453,0.8605395,1.9022338,0.8749025,0.113932446,0.077010065
1.5471607,0.784519,1.5719991,0.7174293,0.009370678,0.13677905
1.2230359,0.92325085,1.231035,0.69683295,0.008009126,0.14490041
1.7504803,0.6970949,1.6484575,0.7810941,0.22924215,0.13231842
1.2964194,0.4607414,1.2973423,0.7210195,0.12232259,0.15429905
1.953085,0.8282682,1.9303255,0.89235926,0.2517429,0.07910113
1.5552408,0.91036665,1.734906,0.82089573,0.19878446,0.11709426
2.0831077,0.95429844,2.1404233,0.97466415,0.032757323,0.029296143
1.4663625,0.63885975,1.6286683,0.77240145,0.24263658,0.1340343
1.4903073,0.7764846,1.5068088,0.6995389,0.0051025157,0.1459921
1.3954039,0.4940631,1.4177322,0.6645054,0.0056518815,0.16357873
1.0692708,0.6604427,1.106807,0.7825569,0.13059914,0.13106456
1.6740235,0.6976469,1.7126725,0.77713513,0.007000056,0.10978209
1.966109,0.9328379,2.0090914,0.90188444,0.022990841,0.051997863
1.7224243,0.9037094,1.7517459,0.7890624,0.0061106957,0.10503937
1.4170704,0.5406054,1.3543432,0.72408295,0.116331406,0.1535239
1.2877429,0.57204044,1.2545447,0.6957749,0.057322565,0.15959406
1.5310668,0.88765377,1.5579233,0.7091521,0.0062592556,0.13897789
1.5553015,0.5440133,1.5700514,0.7353361,0.06572399,0.14432283
1.4414442,0.7045165,1.3206446,0.74657285,0.15834978,0.14817199
1.7490637,0.90376776,1.7839382,0.80822,0.0066657374,0.09551039
1.360439,0.44251478,1.381069,0.66540444,0.006051751,0.16496062
1.1221972,0.6944058,1.1358144,0.7733866,0.07184859,0.12462491
1.4635698,0.55117536,1.488332,0.6892176,0.004492904,0.15089543
1.8763462,0.94995713,1.5335672,0.8546247,0.58785975,0.11617154
1.8855878,0.85400236,1.9002512,0.86564046,0.012125314,0.07120713
1.7775359,0.8889633,1.7890446,0.8047915,0.036833942,0.10175992
1.5160356,0.6589014,1.5393653,0.6993487,0.014000185,0.1494161
1.367837,0.56707686,1.3805459,0.6585565,0.012677818,0.16897076
1.3761327,0.91393334,1.3791101,0.6588559,0.0071349856,0.1684071
1.9637822,0.92735505,1.9876723,0.89836705,0.012488758,0.05470275
1.5516295,0.9129094,1.5731065,0.7209666,0.00868473,0.13666405
1.5321925,0.78805524,1.413296,0.7445353,0.24697433,0.14652064
1.0320334,0.90526825,1.1073714,0.8267855,0.20436086,0.11521966
1.4433191,0.9707171,1.4615293,0.6895622,0.007473909,0.15273952
1.6883998,0.7789451,1.7204635,0.78041315,0.008430501,0.1082569
1.0985098,0.8311464,1.1748934,0.7762196,0.18503262,0.13556236
1.9123293,0.820377,1.8106508,0.8867765,0.346829,0.08096354
1.65261,0.62109464,1.6669936,0.76585484,0.04942037,0.122662276
1.4922528,0.68499106,1.5075588,0.6928902,0.006648659,0.14892043
1.3043523,0.8605357,1.3033023,0.7881162,0.316983,0.14241132
1.64502,0.9271476,1.6653488,0.7605616,0.008974671,0.11928048
1.3973585,0.73687315,1.450377,0.73225486,0.2519177,0.1552227
1.1343974,0.6856465,1.1359166,0.7645339,0.06555754,0.12520185
1.3539696,0.689088,1.3469112,0.771737,0.32491198,0.1428734
1.2720842,0.7109512,1.287497,0.66297835,0.007847617,0.16185468
1.5008967,0.7274513,1.51701,0.70109355,0.008266721,0.14558369
1.2242453,0.83348435,1.19033,0.7324616,0.078466155,0.14443152
1.1249087,0.8357209,1.2772472,0.8370711,0.4679742,0.13438779
1.7548064,0.68373615,1.7791338,0.8076053,0.01289427,0.09786368
1.7518786,0.92991024,1.7845383,0.8060499,0.0065883254,0.096968524
1.0098597,0.8662971,0.97382146,0.87072307,0.11883341,0.09245932
1.591444,0.90250695,1.6078944,0.73534214,0.006284347,0.1294831
1.8316599,0.8809213,1.8520465,0.83625424,0.011223477,0.08580798
1.6177285,0.97591347,1.6427987,0.74694383,0.005558944,0.12389935
1.7862234,0.8265357,1.816777,0.8223174,0.0069564735,0.09001918
1.2013882,0.51406443,1.5285699,0.78351176,0.47256312,0.1440323
1.2203707,0.6502953,1.3330011,0.71262586,0.17563964,0.1638331
1.5904843,0.64718276,1.5777621,0.7447581,0.08849664,0.14512177
1.4881266,0.6651779,1.5177073,0.7026378,0.005447071,0.14430779
1.2988551,0.9867879,1.2972634,0.7530835,0.21162736,0.1479055
1.3296419,0.88318056,1.3079851,0.6632817,0.019596398,0.16799194
1.1198765,0.8381445,1.307833,0.740578,0.24091059,0.14976497
1.350678,0.79606116,1.357013,0.6594863,0.0070412653,0.16726227
1.6783264,0.60822785,1.7058864,0.76896906,0.0067990804,0.11553996
1.2103745,0.5150033,1.4141588,0.7309763,0.20712823,0.15309778
1.8335619,0.92068803,1.8840871,0.8534942,0.013902602,0.07543053
1.9673195,0.99240047,2.0344365,0.9156377,0.012650078,0.047916666
1.6980574,0.8074347,1.7327387,0.7846818,0.0058603003,0.10611047
1.9426334,0.8933905,1.9168477,0.88819116,0.13278618,0.07926678
1.5674955,0.58069366,1.4527142,0.77051425,0.3385893,0.13611646
1.5203706,0.9214745,1.4331152,0.7324194,0.124499284,0.14704074
2.0190368,0.9754996,2.0852406,0.9453925,0.014571087,0.037410103
1.7599895,0.71861255,1.8033442,0.8114673,0.007540978,0.09460277
1.4692943,0.5668539,1.4640889,0.6980053,0.10507489,0.16447595
1.1672223,0.83815855,1.1532927,0.75917447,0.10892699,0.13869035
1.5034474,0.60893047,1.518503,0.69851923,0.010555079,0.1475918
1.6532825,0.9623283,1.6740177,0.75583357,0.010678728,0.12238
0.9640152,0.9062775,1.1247602,0.8145351,0.22229232,0.121343404
1.7074916,0.7430877,1.7267606,0.7836714,0.008411052,0.10391578
1.6329242,0.83631915,1.6672084,0.75983036,0.006222469,0.11812575
1.5027738,0.87085336,1.5284235,0.69368094,0.00762368,0.14540298
1.7215878,0.6827511,1.5885549,0.76405394,0.35068634,0.13872728
1.4127144,0.56968623,1.4388199,0.6704429,0.017497089,0.16372563
1.5031443,0.8062116,1.5119848,0.7018535,0.0049037314,0.14456348
1.4212133,0.6835577,1.4096842,0.7007713,0.14159676,0.16235279
1.3317701,0.96368146,1.3427663,0.6567153,0.011101728,0.17221348
1.5650876,0.9588089,1.5783479,0.7242069,0.0057991925,0.13368946
1.6133653,0.6507864,1.625854,0.75122947,0.0120542515,0.12797211
1.4209023,0.95642793,1.4342895,0.66713965,0.007917678,0.16519545
1.5229045,0.7363732,1.5247848,0.7173524,0.039943207,0.1539777
1.5333359,0.7319758,1.556179,0.7177227,0.0063461466,0.139245
1.5457035,0.59262973,1.562788,0.72049356,0.009628856,0.1386066
1.3849108,0.70182705,1.3239028,0.7062833,0.11879549,0.16120239
1.8270818,0.9779967,1.483118,0.8390502,0.5793824,0.12725012
1.304967,0.4865386,1.3709071,0.6783095,0.067471534,0.16588823
1.227183,0.63018143,1.2382717,0.7192198,0.08816073,0.14841534
1.557396,0.6676153,1.5809467,0.7271495,0.017122684,0.13874023
1.6520905,0.5954523,1.6701751,0.7685296,0.0150467735,0.1190677
1.3313507,0.7206821,1.3399334,0.6574385,0.009273168,0.17061615
1.9083087,0.9736611,1.9078426,0.8976654,0.23421818,0.07287199
1.6037531,0.5732594,1.6327758,0.74506533,0.009297328,0.124312475
2.0136385,0.8944558,2.0476208,0.92660874,0.027285405,0.04364298
1.8421468,0.9599855,1.8843403,0.8503044,0.012688872,0.07604977
0.98498523,0.8652209,0.91254514,0.878909,0.102481656,0.09254593
1.1763257,0.7552205,1.1400802,0.80377024,0.3015409,0.13481084
1.7455143,0.88173604,1.7690146,0.7978442,0.0064275954,0.10141393
1.0773387,0.87998444,1.4268022,0.78452474,0.45633507,0.14416695
1.6696695,0.81119967,1.6845806,0.7622608,0.0058567883,0.1158233
1.4258138,0.55063206,1.4449189,0.67677945,0.013437377,0.16173883
1.2695851,0.46752906,1.2852008,0.6845254,0.029503422,0.16534853
1.555763,0.84181833,1.6378362,0.75054216,0.063023835,0.13164127
1.6374342,0.9085184,1.6472306,0.77936417,0.19656436,0.1291986
1.2674011,0.6511947,1.2239547,0.7537235,0.24291497,0.14534955
1.4654557,0.9100281,1.475698,0.6972466,0.038070247,0.15753506
1.5576,0.78912777,1.5672207,0.72375226,0.006264122,0.1348317
1.5791605,0.9635307,1.5956028,0.72780794,0.0053187986,0.13173579
1.4800926,0.9533755,1.4992611,0.6977078,0.004740248,0.14824915
1.1660453,0.9617266,1.1685367,0.7244736,0.008791629,0.13289067
1.428497,0.91019416,1.5560756,0.7540503,0.12782551,0.13657972
1.2780305,0.68442434,1.2921023,0.6753665,0.005204549,0.15722755
1.3177503,0.6155443,1.32546,0.6590583,0.021038802,0.16939464
1.7770026,0.9228899,1.8029952,0.8114611,0.017162248,0.09275398
1.1724521,0.8568475,1.0407867,0.84262687,0.18193321,0.113045506
1.5635977,0.7428122,1.5601008,0.73877263,0.066499725,0.14148514
1.3826638,0.7148302,1.4024737,0.66681963,0.006230568,0.16638245
1.6488848,0.7350115,1.6773839,0.76636416,0.006910849,0.11526519
1.4862108,0.47952726,1.5062563,0.68548596,0.0055913874,0.15117541
1.9775568,0.9310003,2.0224237,0.9180699,0.011304014,0.04842124
1.10262,0.6994113,1.094594,0.79581934,0.112069994,0.11719163
1.2223693,0.68954915,1.3082743,0.7315283,0.2150195,0.16134794
1.2015965,0.54948276,1.4234288,0.7509577,0.3558345,0.15694088
1.8445244,0.7265242,1.884062,0.8529921,0.009253839,0.07537592
1.2960542,0.89852893,1.3360333,0.6892982,0.085562915,0.15962754
1.1962398,0.80371165,1.1052539,0.777287,0.116585575,0.12662043
1.3368791,0.7457534,1.3501668,0.66123116,0.0046365415,0.16578805
1.737148,0.74536574,1.8119259,0.84037787,0.0665749,0.08722956
1.7257268,0.97587293,1.7514703,0.7930135,0.0062359534,0.102456674
1.4415517,0.74283475,1.446584,0.67780906,0.008633925,0.15727566
1.6415017,0.77366686,1.6676607,0.7584591,0.0057159453,0.11896584
1.3475474,0.5414632,1.3588767,0.66122997,0.0052773505,0.16680588
1.5272948,0.77116287,1.5343587,0.70220697,0.010400091,0.14805508
1.9133456,0.90050757,1.9531674,0.89462066,0.018567048,0.058782574
1.1644813,0.89645875,1.1217535,0.75962603,0.044420566,0.12429575
1.7736658,0.9639152,1.7981298,0.8128865,0.007505092,0.09497701
2.0645103,0.96098435,2.1109335,0.9632736,0.1253205,0.04209441
1.8644834,0.80840385,1.8388247,0.88209563,0.341967,0.087020926
1.5939116,0.9872922,1.4365578,0.7591816,0.21795276,0.14672633
1.2451093,0.97669035,1.2451818,0.68808013,0.00592931,0.15124798
1.9756653,0.9564607,2.0204973,0.9089965,0.012966384,0.04923571
1.3787456,0.6404113,1.3873625,0.6643934,0.014004163,0.16635996
1.1955519,0.58625674,1.2328281,0.74655896,0.19179903,0.14400855
1.6380336,0.9610045,1.6545646,0.7578839,0.00698878,0.119672425
1.1290451,0.6603035,1.1523261,0.81573635,0.13938731,0.1140515
1.1326482,0.73235244,1.3181925,0.7180184,0.18254833,0.16098122
1.0081722,0.97774565,1.3210418,0.76995534,0.29875737,0.14365144
1.3773104,0.617941,1.4043319,0.66187036,0.006266082,0.16504073
1.3104159,0.86825556,1.3024111,0.6596783,0.015216572,0.1724626
1.1488967,0.61641383,1.1459081,0.74069417,0.01036817,0.12821025
1.3970925,0.46553445,1.411504,0.6698033,0.011538862,0.16501139
1.3086293,0.9019798,1.299891,0.66899866,0.015150218,0.16632177
1.3950365,0.5875955,1.4215062,0.66381526,0.009890987,0.16792637
1.5181547,0.6885994,1.5447092,0.720372,0.05994245,0.1537316
1.6233398,0.9387415,1.6326051,0.7473243,0.007022529,0.12333839
1.5579658,0.9605487,1.5910752,0.7367046,0.014385658,0.13260615
1.5972675,0.87271464,1.6153524,0.7351156,0.0056114965,0.12691076
1.2580627,0.52167076,1.2894788,0.70094335,0.05643153,0.15711735
1.1683322,0.7866464,1.1745863,0.74074733,0.055438012,0.1376801
2.020609,0.9507936,1.4626341,0.81429577,0.3776173,0.13237669
1.3586116,0.49546146,1.4012341,0.71324563,0.20032357,0.17186213
1.2780209,0.47251827,1.2990088,0.66593254,0.059039064,0.17032231
1.805914,0.8415224,1.4868882,0.7713669,0.36908194,0.13794053
2.0027714,0.8661134,2.0794425,0.9380433,0.030086646,0.04442511
1.0004352,0.99855834,0.92059577,0.89467925,0.14849235,0.09041552
1.2180246,0.9533292,1.2542639,0.7596472,0.37555778,0.1579685
1.3012813,0.83760303,1.2924902,0.7675883,0.2679206,0.14530715
0.98283225,0.78618556,1.3160665,0.764779,0.3102175,0.16478601
1.2299212,0.55739653,1.156174,0.7794133,0.07489393,0.123928495
1.5554804,0.8392099,1.5744798,0.72074807,0.00573679,0.13583387
1.175977,0.80502456,1.1641121,0.7210802,0.018267676,0.13618773
1.2625709,0.7000221,1.2498586,0.70915717,0.07235745,0.15387934
1.4005682,0.45456976,1.1336062,0.8104752,0.21681724,0.12037841
1.105785,0.9550367,1.1656885,0.7913032,0.15653391,0.12878841
1.3772135,0.82906,1.3937359,0.7201172,0.22823898,0.16382024
1.8679562,0.80954033,1.6135254,0.793729,0.42958647,0.15174669
1.0638932,0.8049431,0.9586076,0.8525291,0.12329099,0.097955815
1.3181374,0.73652315,1.3280294,0.66198957,0.0047926763,0.16511731
1.4998392,0.5542595,1.5269403,0.70769966,0.005680258,0.14169772
1.2721454,0.48547062,1.1992652,0.74278057,0.14016493,0.14746961
0.9874132,0.8403095,1.3801696,0.7739106,0.39102706,0.14600323
1.5792853,0.6421198,1.6103272,0.7326789,0.0063535618,0.13097318
0.9471018,0.86097527,1.1765571,0.86320376,0.4076229,0.11662274
1.1917794,0.62330174,1.2651322,0.7897556,0.40731767,0.14435862
0.990932,0.9006642,1.0907319,0.85234827,0.0814087,0.092662185
1.7105083,0.81149024,1.7391055,0.7867433,0.014789025,0.10885935
1.4192536,0.47836214,1.4404325,0.6696405,0.014493002,0.16390646
1.26613,0.77182645,1.2867699,0.6845191,0.076075345,0.16593167
1.7743934,0.88041145,1.7738144,0.8246092,0.08903209,0.09398298
1.4942493,0.51534784,1.5048914,0.6998039,0.007605613,0.1455745
1.0531124,0.7126495,1.16496,0.7955145,0.2855002,0.13107234
1.9589117,0.9673745,1.9835205,0.8956035,0.009879377,0.0563403
1.1024297,0.99746954,1.2679515,0.72949636,0.16835386,0.15396552
1.4950418,0.5808048,1.4869711,0.7110829,0.08704311,0.15808594
1.5287367,0.560294,1.5465138,0.70860213,0.01092811,0.1452436
1.1539527,0.63356906,1.1178045,0.7832595,0.123779066,0.12595646
1.5527226,0.81306076,1.570679,0.7201641,0.0064895633,0.13424432
1.3868728,0.83129054,1.4000521,0.66827154,0.005740405,0.16355097
1.7563378,0.75805044,1.3079791,0.7623002,0.29462487,0.14755237
1.0535624,0.7028536,1.327713,0.78508687,0.4463542,0.14072531
1.9067283,0.9429925,1.9241002,0.8723989,0.011398949,0.06852359
1.4505055,0.53277975,1.459012,0.68250096,0.03590138,0.16991812
1.2330681,0.9213525,1.2378738,0.68200266,0.007707164,0.15182914
1.6134171,0.709427,1.6483214,0.7571191,0.02235522,0.12275461
1.731455,0.74493563,1.4254968,0.7805942,0.34105533,0.1337056
1.3123282,0.49082223,1.1933923,0.77136105,0.17971192,0.13676317
1.5081236,0.5682335,1.5349038,0.7105158,0.0053131687,0.14079605
1.2095453,0.53164524,1.2148807,0.73942983,0.057827692,0.13582474
1.681242,0.9173114,1.7063432,0.7720892,0.005925433,0.11108145
1.4618832,0.767945,1.4157043,0.7687949,0.26070118,0.1483769
1.9269252,0.97614276,1.9085429,0.87391776,0.165028,0.07405029
1.9253796,0.89118135,1.9470358,0.87796813,0.010416071,0.064850435
1.2211857,0.50436157,1.2262223,0.6994198,0.016386507,0.14928325
1.2786002,0.59134245,1.2844341,0.6740296,0.02053327,0.16026035
1.1707319,0.96776974,1.1160702,0.7663934,0.07800003,0.1299501
0.99777406,0.9584869,1.4741921,0.86930054,0.78981453,0.12508109
1.2233909,0.9888694,1.2255976,0.70507157,0.033229604,0.14875798
2.019389,0.9984037,2.0085359,0.9516507,0.18113242,0.05039143
1.5991582,0.6323243,1.6163082,0.7351005,0.0061472235,0.12993735
1.5510453,0.9853854,1.5636783,0.7169942,0.017835507,0.14346935
1.801998,0.7810764,1.8411965,0.8329217,0.007181518,0.08535001
1.7372789,0.66849023,1.7636051,0.79467076,0.006890527,0.10021125
1.7435883,0.7059031,1.7588234,0.8176242,0.1706466,0.11387459
1.6565607,0.6265318,1.4381907,0.7255564,0.1953127,0.15914081
0.95132655,0.96956176,1.188514,0.764042,0.21213028,0.14056812
1.9524081,0.8799096,1.9968033,0.9040138,0.01176312,0.05635457
0.9791544,0.95318437,1.5698068,0.78247666,0.20705774,0.13331294
1.5816091,0.9943711,1.6106722,0.7389392,0.010758686,0.12940511
1.9881264,0.9163325,2.0294528,0.9165572,0.010723905,0.047292203
1.5496783,0.5819475,1.4648061,0.7222038,0.1527388,0.1534274
1.5294348,0.76112145,1.5486972,0.70958066,0.006107512,0.1416147
1.7076015,0.7630963,1.6948507,0.80250627,0.13085453,0.11439052
1.3651456,0.955668,1.3438485,0.78265214,0.4074547,0.13761687
1.915239,0.89739454,1.9614396,0.888076,0.0094444435,0.061320648
1.7717049,0.921576,1.793685,0.8094608,0.0066215647,0.09473826
1.3080525,0.44925573,1.2679904,0.71919465,0.14015444,0.15562895
1.9662536,0.89333254,2.0202053,0.9104163,0.012713672,0.051289663
1.3376867,0.9766555,1.3436797,0.66146344,0.004800384,0.16641502
1.3297313,0.5467732,1.3352406,0.6568409,0.022941716,0.17720741
1.6294199,0.6220912,1.3459282,0.7991342,0.34353864,0.12854563
1.5865428,0.58188486,1.614675,0.7414677,0.015714172,0.12857804
1.8015845,0.6977587,1.7969446,0.8218621,0.07110323,0.10191434
1.1649641,0.6090446,1.1804965,0.7781459,0.15476288,0.13596633
1.6344147,0.9317187,1.6712527,0.7588894,0.0057546366,0.11777684
0.93430626,0.9243653,1.3182662,0.81605995,0.37712276,0.1309643
1.4768022,0.4740207,1.5050228,0.70105934,0.0053145727,0.14626937
1.2507286,0.68803006,1.2687299,0.7064726,0.07093837,0.15406516
1.9885329,0.9230305,2.036812,0.9238053,0.011613005,0.04804005
1.2574431,0.56960577,1.2718053,0.6764609,0.03355961,0.1627278
1.1981497,0.62598205,1.2281222,0.7533221,0.11364591,0.1433442
1.4606239,0.6154511,1.3624537,0.7435926,0.22285342,0.15781134
1.6134099,0.5770759,1.6319304,0.74486077,0.008044131,0.12384489
1.8528746,0.838852,1.8767762,0.84488773,0.008757131,0.08054491
1.3916556,0.49144545,1.4135361,0.6683674,0.0051523107,0.16252473
1.5118843,0.86623126,1.62414,0.8178991,0.45889643,0.13601026
1.9853351,0.9287407,2.038432,0.9213597,0.014129933,0.05118636
1.3606863,0.63707,1.3726413,0.6570019,0.0061849956,0.16673757
1.8213981,0.76124734,1.871469,0.8521308,0.042187758,0.07849067
1.4055147,0.76800483,1.4307547,0.66893375,0.00884315,0.16094774
1.8011761,0.7696083,1.841018,0.8356653,0.008006397,0.08548664
1.6711875,0.95756966,1.6984441,0.7720188,0.006017813,0.11209634
1.3475032,0.43245026,1.3399677,0.6801944,0.06675548,0.17539673
1.7998056,0.9967437,1.7532613,0.828115,0.30575085,0.11040004
1.3910015,0.8768525,1.2753029,0.7403844,0.19603167,0.15753931
1.9355015,0.8816865,1.9782679,0.8969688,0.20174532,0.06625399
1.0774106,0.68764085,1.2968976,0.8895567,0.5890578,0.10065582
1.3769096,0.8442206,1.370161,0.6915416,0.09434447,0.17065312
1.3205532,0.6374248,1.4207246,0.7604587,0.19925651,0.1480226
1.2595837,0.6599061,1.5185072,0.7597088,0.322588,0.14947791
1.3024178,0.72097754,1.3182414,0.66029406,0.0049622087,0.16360307
1.597603,0.56561935,1.6255853,0.7392452,0.0063382927,0.12888032
1.3041126,0.60887474,1.3199232,0.67132384,0.02167796,0.16403393
1.4841114,0.9017894,1.5034235,0.69253725,0.0061880336,0.14891216
1.4354924,0.7191265,1.4532092,0.6769971,0.0077200555,0.15774767
1.2023319,0.94585454,1.1983397,0.8349113,0.32491508,0.12070547
1.327192,0.4288665,1.3463643,0.6555134,0.0052684243,0.1691576
1.7353195,0.6685724,1.7594283,0.8036371,0.045639016,0.10470404
1.3060521,0.6833276,1.3126085,0.6560128,0.0128850825,0.16941953
1.7920673,0.84554,1.8272238,0.8298207,0.008746098,0.08860067
1.7112796,0.6358899,1.740942,0.79954404,0.07342983,0.108692154
1.8334271,0.758409,1.8879302,0.8564572,0.021257823,0.07355528
1.5617923,0.53017884,1.582129,0.7265266,0.0068923873,0.1339142
1.3879277,0.5134531,1.3833048,0.6702091,0.026752286,0.16911247
1.3239824,0.5377405,1.3214533,0.6612028,0.019849231,0.16738041
1.2599897,0.9444306,1.2708561,0.6918779,0.012176786,0.15033701
1.7057267,0.8602077,1.7390125,0.7895615,0.0071531488,0.10608002
1.2992815,0.608408,1.309866,0.6687514,0.004878201,0.15994771
1.7305882,0.9091474,1.7598369,0.79825634,0.007125347,0.10170131
1.2634218,0.60367435,1.2535372,0.6843891,0.028226156,0.15739967
1.867596,0.8180509,1.9050105,0.8544139,0.010444393,0.07678377
1.4673764,0.56822205,1.4877815,0.69011027,0.006422936,0.1488978
1.9412433,0.8623943,1.9841309,0.89757603,0.045942646,0.060191512
1.248464,0.54155594,1.2387795,0.6993032,0.042505704,0.15373582
1.4120402,0.47667474,1.4339297,0.6713726,0.0054937387,0.16120276
1.3387733,0.4610669,1.3573434,0.6583251,0.0063943914,0.16772467
1.673326,0.79972124,1.6996286,0.77804565,0.021822397,0.11297865
1.1449683,0.95535886,1.2075405,0.76795113,0.15251291,0.13890937
1.9265488,0.945235,1.9109957,0.88413906,0.14956918,0.07703442
1.7555699,0.9310277,1.7761323,0.8106703,0.009521915,0.096453115
2.1464465,0.9762839,1.178489,0.8385418,0.22279306,0.112948254
1.3166052,0.9902144,1.3147371,0.66707236,0.01752513,0.169594
1.1469625,0.9525173,1.2720308,0.74112606,0.19798766,0.148408
1.691605,0.86467147,1.7196774,0.7821401,0.0064653857,0.10720798
1.7491142,0.8117356,1.7677219,0.7984013,0.00854463,0.10035493
1.2254586,0.8156518,1.2145054,0.69066906,0.016917128,0.1523583
1.3436902,0.8892862,1.3456881,0.6586652,0.009069354,0.17147057
1.6429658,0.66503865,1.6765661,0.7639209,0.0070698345,0.115982965
1.3317449,0.8879965,1.3361461,0.68402576,0.037428226,0.16262412
1.346635,0.69873655,1.3540492,0.66073835,0.017732957,0.17139956
1.7586391,0.9994234,1.7808146,0.80635494,0.008352104,0.09833762
1.6483607,0.79442894,1.6696205,0.76141894,0.01158084,0.11899681
1.1167822,0.9815425,1.1300899,0.81860226,0.27017805,0.121884786
1.335652,0.52994955,1.3350708,0.6706453,0.023206055,0.16627781
1.3213917,0.71144193,1.3220763,0.69143003,0.08219636,0.16666502
1.5987649,0.74291986,1.6137028,0.7433033,0.023818199,0.1291016
1.9239252,0.98481184,1.9679098,0.88563627,0.011252095,0.061811443
1.5024242,0.8600773,1.5278475,0.7058814,0.006059478,0.1423934
1.6278822,0.78075975,1.5811105,0.8089987,0.28873557,0.12712486
1.7679945,0.8514098,1.8106799,0.8203537,0.016750408,0.09026332
1.2634374,0.7515696,1.3064878,0.6997297,0.1327524,0.16067132
1.1910809,0.9106968,1.4361429,0.77504873,0.28608376,0.13619922
1.466798,0.49789733,1.4602132,0.70680726,0.07384223,0.15969768
1.9526345,0.9107494,1.810358,0.88810617,0.20245187,0.07588876
1.4000478,0.9404659,1.3733385,0.71530807,0.14914139,0.16436253
1.2347155,0.5388974,1.2359536,0.7178079,0.0759291,0.152489
1.0336834,0.83130366,1.0420766,0.84285676,0.08544056,0.098560296
1.3618957,0.52755034,1.3771927,0.6702635,0.014566016,0.16720633
1.2309835,0.4957398,1.2494559,0.75802493,0.21897177,0.14924172
1.9236443,0.8206269,1.9511101,0.8841277,0.024328452,0.061763395
1.2144554,0.6809297,1.2207155,0.7052122,0.011262052,0.14288716
1.5236259,0.6499443,1.5505743,0.7186655,0.0054017734,0.13859464
1.9009352,0.8725191,1.9462647,0.877729,0.030414147,0.06499631
1.8451761,0.8337507,1.8918948,0.85200495,0.008776497,0.07627351
1.1394733,0.85470927,1.1371634,0.7455094,0.018423596,0.12633197
1.7801774,0.9306823,1.6680863,0.7942392,0.28624484,0.12664448
1.9079247,0.91380644,1.9348495,0.87610626,0.0104122525,0.065267526
1.5462455,0.82057345,1.5665445,0.7178036,0.005363925,0.13901651
0.961236,0.97720677,1.0280479,0.84752166,0.17315789,0.11096588
1.6234698,0.7446422,1.6427577,0.74456346,0.005597074,0.123066105
1.8428935,0.7497845,1.8834035,0.846326,0.010762621,0.079941206
1.1879144,0.70859724,1.1993117,0.75994027,0.14235386,0.13836391
1.6480231,0.6347703,1.6510732,0.7673345,0.03735922,0.12841296
1.5670787,0.5629672,1.5976946,0.7437022,0.02745484,0.13355164
1.7521813,0.6746694,1.7647104,0.79711825,0.006670643,0.10054167
1.8244272,0.95478487,1.8536224,0.83362377,0.007606563,0.08337474
1.6555641,0.86669254,1.6753957,0.75993776,0.0069271205,0.11652165
1.6193973,0.6996557,1.6479363,0.7513749,0.0056462246,0.12221209
1.8321656,0.98668635,1.3636394,0.8209453,0.4748951,0.12644732
1.5003475,0.622103,1.4975853,0.7168069,0.06388138,0.1536428
1.3344215,0.5854761,1.8325863,0.8944993,0.5392961,0.0850408
1.0410463,0.72054225,1.130846,0.80046934,0.09240488,0.11541921
1.8946826,0.96970606,1.8129375,0.89767534,0.5740629,0.081926964
1.276867,0.6514621,1.2812438,0.7014003,0.12300345,0.16982919
1.2995675,0.6945804,1.3106334,0.6754278,0.007727278,0.15680337
1.4847417,0.483995,1.5097704,0.7032393,0.012775873,0.14629847
1.679826,0.82587785,1.7137916,0.7776701,0.0062826867,0.109719664
1.5830687,0.5612673,1.5869551,0.7482727,0.0529148,0.14448246
1.4789023,0.8998101,1.4075198,0.725303,0.19965886,0.16060098
1.9417608,0.9148196,1.9778061,0.8890055,0.012791238,0.05897793
1.8493717,0.89577717,1.8177688,0.8639613,0.12664993,0.08092793
0.88127494,0.9868351,1.349509,0.72444427,0.27179068,0.1577033
1.9548248,0.81206566,2.0088577,0.90865046,0.011153528,0.05189612
1.9557011,0.8767611,1.9830725,0.89931005,0.010877472,0.056975268
1.7537835,0.8180179,1.7635543,0.80284566,0.036169577,0.10251974
1.1321688,0.8493948,1.1747954,0.781291,0.18072897,0.13345885
1.5430924,0.7474308,1.5692775,0.7184077,0.0068509355,0.13809091
1.3970523,0.7406473,1.4325187,0.71876955,0.24275891,0.17083661
1.5085909,0.49999297,1.5332012,0.71817553,0.029777825,0.14479776
1.4346756,0.7273827,1.4627564,0.7008029,0.08449465,0.16221054
1.4015821,0.52112055,1.4200563,0.6701768,0.007982644,0.16197881
1.3733994,0.47529855,1.3931997,0.6757802,0.030720174,0.16855578
1.8088104,0.89158714,1.8384106,0.8273578,0.011311369,0.08588233
1.3104341,0.4531687,1.2848518,0.70490044,0.13566053,0.16260618
1.3640262,0.50936973,1.3493247,0.69377124,0.069857016,0.16139935
1.1152558,0.94805926,1.3363829,0.78230935,0.26286206,0.13432379
1.3654432,0.4651166,1.3805752,0.66329134,0.02361571,0.17347886
1.6639835,0.92036104,1.7041676,0.77389836,0.006882962,0.1107584
1.4410582,0.79231143,1.45591,0.68048984,0.017936429,0.1610805
1.1465532,0.72954464,1.1567856,0.77732015,0.18124112,0.13516909
1.4737551,0.8549569,1.4889622,0.6879556,0.013631815,0.15881895
1.3633057,0.517465,1.3753805,0.65144813,0.0054954207,0.17081487
1.5506933,0.8226526,1.5737646,0.7683928,0.11322597,0.13829194
1.2724738,0.7290884,1.2394903,0.7644909,0.22039607,0.14424405
1.1848836,0.7058703,1.1538749,0.7409103,0.042304955,0.13446024
1.4892937,0.72044325,1.3829324,0.7467048,0.17439762,0.14680989
1.6218957,0.60143065,1.6320503,0.75062305,0.01636669,0.12850375
1.036844,0.85255396,1.2463746,0.7701595,0.3155598,0.14327745
1.4747369,0.968757,1.5112412,0.6930552,0.008476727,0.14905503
1.2675902,0.5275331,1.2574699,0.7016224,0.051176526,0.1540586
1.3328353,0.8903333,1.2472701,0.74500746,0.14229707,0.14781162
1.6210638,0.7111062,1.6428566,0.7532078,0.0061665815,0.12100448
1.3389852,0.4275809,1.3638158,0.6614669,0.0070445025,0.16467577
1.7510555,0.6712552,1.7653494,0.7988407,0.007196635,0.102244586
1.3443576,0.6714863,1.6056826,0.75183123,0.22578716,0.14672366
1.5920055,0.5536647,1.6032965,0.7360547,0.01973048,0.13238473
1.7828219,0.8408381,1.5456865,0.8137304,0.3931095,0.1196996
1.6777816,0.6532743,1.7163651,0.78015494,0.008202477,0.11098778
1.6460906,0.8672388,1.6690979,0.7612857,0.0062490925,0.11949524
1.5057368,0.56660646,1.1930046,0.78705144,0.23424311,0.13334675
1.5900707,0.697141,1.6108785,0.7483088,0.03672701,0.13222808
1.4032102,0.6164748,1.4132338,0.665591,0.0062555918,0.16381176
0.972424,0.82234526,1.4299595,0.71239245,0.24019001,0.16205251
2.0316308,0.989679,1.4065459,0.7835547,0.4533369,0.15243742
1.5360701,0.88777196,1.5616884,0.7158536,0.004961177,0.13719526
1.9157861,0.8175295,1.9519954,0.8800343,0.04039397,0.06646828
2.0152712,0.9443951,2.0612214,0.9409707,0.04546049,0.04073925
1.7572955,0.7142629,1.7735016,0.80554503,0.00834577,0.09852712
1.1712829,0.67108136,1.102646,0.7848927,0.119203895,0.12332222
1.3740004,0.71974266,1.3860142,0.6622484,0.008179652,0.16885574
1.410868,0.83260536,1.4317236,0.66926503,0.0054934006,0.16056183
1.3717712,0.5442906,1.3790629,0.65977395,0.014683705,0.1718194
1.3408525,0.59051967,1.3684554,0.6872169,0.10052646,0.164875
2.0502834,0.8990881,1.9598272,0.91703516,0.4109889,0.08038559
1.418347,0.4638346,1.4431207,0.66924375,0.01908577,0.16546822
1.4004252,0.6627277,1.39835,0.6625037,0.026870513,0.1724578
1.3539158,0.6328315,1.3590896,0.6792059,0.07193273,0.17213392
1.3090434,0.7244702,1.223722,0.7229548,0.12196281,0.15128642
1.5171113,0.69032335,1.530669,0.71080685,0.020364704,0.14716536
1.4766657,0.49336168,1.492713,0.6928827,0.005262976,0.14928648
1.3020084,0.47553286,1.313787,0.6706388,0.004921565,0.15948972
0.9904329,0.9860757,0.98047185,0.86298984,0.20608261,0.104641624
1.8453873,0.93546027,1.9063623,0.85953635,0.047562633,0.07363638
1.4897187,0.6253152,1.4694777,0.6777204,0.015591044,0.15699045
1.5421084,0.7407306,1.5638082,0.71914554,0.0053436346,0.13538428
1.4900961,0.69679505,1.489387,0.69514525,0.010467702,0.1518876
1.8684828,0.90124404,1.9074905,0.86019,0.009461202,0.072908945
1.5914696,0.8692899,1.6076069,0.73695797,0.00561636,0.1292723
1.3824004,0.5815084,1.3852727,0.654519,0.015479452,0.17289267
1.859282,0.9015721,1.8880634,0.8559603,0.016656533,0.07350513
0.92249197,0.89731264,1.9623857,0.8956142,0.10064046,0.0626818
1.4489602,0.60966474,1.6980875,0.81920177,0.40371197,0.12742881
1.3864233,0.9299561,1.4039862,0.667613,0.06689382,0.17155114
1.3194503,0.48927438,1.3325667,0.660681,0.0063466066,0.16517898
1.5981039,0.77764785,1.6215956,0.7408476,0.013813449,0.13002218
1.5590107,0.5956138,1.4506135,0.82752246,0.56607914,0.12374335
1.2520851,0.88274795,1.2482293,0.6929587,0.020222664,0.15366778
1.0551984,0.9743816,1.0083983,0.8073259,0.023428652,0.100891925
1.2665993,0.6391368,1.2598488,0.70092225,0.034365326,0.15054123
1.1493924,0.57231456,1.0531099,0.7715604,0.046905283,0.121547036
2.1117752,0.9432562,1.7426124,0.86567706,0.3801006,0.10656685
1.9871111,0.94649696,2.043206,0.92028636,0.011722864,0.045125008
1.8162729,0.9346667,1.5904267,0.80537426,0.42843756,0.12953204
1.7064924,0.9550038,1.7239506,0.8002831,0.049576182,0.10912943
1.1829557,0.98804516,1.5395336,0.7834993,0.34863997,0.14459673
1.6700083,0.79438776,1.7161374,0.7802579,0.032965623,0.114990085
1.5951542,0.7185885,1.6114771,0.73438764,0.009080163,0.13161354
1.4570253,0.5859548,1.4747591,0.6851336,0.004336546,0.15400325
1.1568038,0.8517859,1.0716296,0.7895568,0.07648569,0.119787805
1.3416731,0.672926,1.3404307,0.6539704,0.008135741,0.1708459
1.8878956,0.8972204,1.9340341,0.86959046,0.008490877,0.06894938
1.4473491,0.57094085,1.4692657,0.68664646,0.006062853,0.15523213
1.6656326,0.7875271,1.6980641,0.7670576,0.01750963,0.11287202
1.7022942,0.9193139,1.7353969,0.7847086,0.0066404184,0.10600871
1.4567435,0.67809826,1.530066,0.7487035,0.2898487,0.15650958
1.2599536,0.50156456,1.2075143,0.7419895,0.13130821,0.1466431
1.7732003,0.77296996,1.8118503,0.8170436,0.008096875,0.09203284
1.6182113,0.6873991,1.6352773,0.7432067,0.008856779,0.12531951
1.5065333,0.6795183,1.5311654,0.697439,0.008862867,0.14848931
1.6266048,0.6879113,1.6467221,0.7488273,0.0074807294,0.120650485
1.4533634,0.6499185,1.4712362,0.6861269,0.0052301637,0.15387352
1.152371,0.6113698,1.3315086,0.7993597,0.35295138,0.13040894
1.366059,0.6189897,1.3709891,0.66352737,0.015232433,0.16963667
1.4303666,0.6526183,1.2616804,0.7532354,0.22896035,0.15000765
1.9377218,0.8158004,1.9849503,0.9045169,0.036294054,0.05919841
1.8631717,0.87629193,1.8839209,0.85121536,0.011823659,0.07956646
1.4812918,0.5351116,1.4066689,0.74577427,0.19295768,0.1487073
1.7804254,0.9633126,1.4669633,0.69837964,0.11807831,0.1648368
1.4998633,0.529497,1.5230155,0.708251,0.01449974,0.14366184
1.7889097,0.9747338,1.8246214,0.822107,0.014373194,0.09109584
1.4392227,0.70629984,1.4442658,0.6699099,0.013116056,0.16503741
1.2073262,0.5464595,1.1784046,0.7256734,0.02918199,0.13886376
1.7077184,0.81797725,1.7342548,0.78346044,0.0061719473,0.10697742
1.2482551,0.6696815,1.2581348,0.6858861,0.009754112,0.15364644
1.5094676,0.5221316,1.4821718,0.7041429,0.09140015,0.15838279
1.841185,0.8612545,1.8791149,0.84753066,0.009636783,0.08015734
1.6711618,0.9707087,1.691668,0.76823926,0.00646813,0.115364194
1.5963242,0.78200805,1.3701098,0.76319945,0.23619537,0.14212194
1.1929995,0.6097945,1.2435236,0.6985822,0.01249537,0.14550531
1.4613768,0.83103836,1.464432,0.69444096,0.028434379,0.15797688
1.5042572,0.93135726,1.4892302,0.72123015,0.08735745,0.15054181
0.98823816,0.83499956,1.3224633,0.77108985,0.33761984,0.14455856
1.4392883,0.7984822,1.4537795,0.67206615,0.008765853,0.16259407
1.3367532,0.58880705,1.3405516,0.6616123,0.03383669,0.17321743
1.4618102,0.586686,1.4642382,0.70967126,0.1220416,0.16678803
1.1951988,0.83742285,1.1768711,0.7344728,0.053839225,0.13789247
1.7196082,0.70181143,1.7402833,0.795463,0.028597796,0.108697
1.5274936,0.5213637,1.5352921,0.71415204,0.01572576,0.14480938
1.3186182,0.6682138,1.3260348,0.65356386,0.01362257,0.17131715
1.6124434,0.7719227,1.6422536,0.7464688,0.0075230426,0.12164342
1.5666747,0.79134566,1.5910449,0.73002326,0.012986213,0.13552019
1.4199303,0.5060213,1.4189508,0.7056043,0.134849,0.16211717
1.4908067,0.58345056,1.4947674,0.6948525,0.023315165,0.15446447
1.4629496,0.8485679,1.4818349,0.6889136,0.00585336,0.15167122
1.7034297,0.9646955,1.7185438,0.78312075,0.006327036,0.1070991
1.5200833,0.5028954,1.5276773,0.72393566,0.02979628,0.14338382
1.3195856,0.62030005,1.328593,0.6698575,0.006636376,0.16073865
1.8861331,0.9416828,1.9061189,0.86418456,0.0170342,0.06886206
1.6954459,0.6354475,1.7248096,0.7807368,0.008593521,0.10906453
1.7965311,0.9849798,1.8278697,0.82501596,0.011620843,0.08691892
1.9557979,0.9377235,2.0075,0.9067165,0.011378075,0.05509674
1.9694105,0.84545326,2.0210965,0.9122079,0.015549301,0.046538427
1.8151267,0.92895746,1.8509657,0.833126,0.0076466454,0.08516149
1.2315141,0.89322585,1.2393396,0.7462127,0.17163384,0.14512897
1.7060252,0.9721866,1.7460861,0.78887177,0.054971483,0.11255465
1.8054359,0.6943789,1.8430612,0.8281997,0.0076756612,0.0879422
1.1700424,0.56206757,1.159259,0.7795918,0.12668252,0.12888604
2.0496929,0.9985435,2.0636199,0.94412726,0.21365932,0.053820774
1.6749256,0.8133662,1.7086041,0.77363133,0.007156697,0.11342215
1.8422154,0.79375297,1.5728853,0.76956797,0.49831578,0.15647458
1.3741871,0.6655517,1.2850075,0.7140864,0.14516263,0.16442414
1.216315,0.61183465,1.232275,0.71425426,0.038307793,0.14387353
1.6502193,0.75637937,1.6899533,0.76937616,0.02383286,0.12504914
1.3130164,0.66858345,1.3172624,0.6575676,0.00588263,0.16623831
1.4010853,0.9730065,1.3611677,0.7188792,0.2434024,0.1617045
1.4198707,0.4818763,1.3301105,0.7058343,0.10866194,0.15319002
1.5490671,0.6722501,1.5652876,0.7193503,0.005151011,0.13671981
1.4967117,0.5553664,1.5006905,0.72024316,0.11233639,0.16641192
1.345532,0.48531523,1.3705511,0.6625686,0.011011585,0.16639136
1.8543452,0.98294044,1.8739727,0.8465939,0.008820501,0.08057049
1.5211112,0.7168531,1.5300174,0.7025238,0.006328466,0.14554565
1.5094782,0.9314936,1.5327499,0.7166871,0.024141444,0.14959581
1.6246794,0.7300267,1.6455297,0.7457627,0.005449357,0.12258811
1.5994,0.60363597,1.6172445,0.7440967,0.010711666,0.12777284
1.2922012,0.5921022,1.2911773,0.67308164,0.012815204,0.16192651
1.1663537,0.9967956,1.0984489,0.7835886,0.10163463,0.12493203
1.7951303,0.86184984,1.8156807,0.8220077,0.011146272,0.08938944
1.6102395,0.7128195,1.6296859,0.7429161,0.007540248,0.12624736
1.4148513,0.71762526,1.4291284,0.66867745,0.0048316866,0.16134562
1.3120707,0.8792623,1.3761976,0.75515544,0.35675323,0.1550905
1.4987829,0.5762931,1.5277629,0.71013874,0.00494916,0.1395809
1.0938797,0.7832405,1.2948122,0.83085907,0.45161593,0.121224485
2.0195417,0.9595913,1.8489907,0.88542336,0.47030455,0.09760559
1.6593103,0.67494094,1.5242901,0.7806139,0.3614428,0.13332586
2.0751717,0.96450806,2.146764,0.97341615,0.024772007,0.026949413
1.3311973,0.74092066,1.328876,0.6685487,0.04777459,0.16605514
1.5281118,0.55376613,1.5341256,0.7131086,0.013707125,0.14571793
1.1480833,0.64633995,1.090141,0.78715587,0.061042458,0.11739746
1.6907288,0.7416451,1.7084968,0.77702993,0.0064965417,0.1103327
1.7727357,0.9044612,1.8083165,0.8257378,0.01626146,0.09194994
1.3837795,0.71625614,1.2769811,0.73617935,0.22142996,0.16676243
1.6430986,0.6988891,1.6703887,0.7613053,0.0068069277,0.1177179
1.1595014,0.9093373,1.3070974,0.7396118,0.1824789,0.14836489
1.6084379,0.61863625,1.6269042,0.74305034,0.0057279286,0.12609832
1.398598,0.47209558,1.3952513,0.6561208,0.014008365,0.17178002
1.7065026,0.6317988,1.7315433,0.7996544,0.05422208,0.10723942
1.9250277,0.9406029,1.780402,0.89939487,0.18142186,0.068623036
1.724403,0.6456038,1.7521353,0.8030281,0.04973472,0.10681199
0.88603777,0.9667201,1.207977,0.77579653,0.242106,0.13908193
1.2485706,0.69889885,1.2573984,0.67829263,0.005679708,0.15332639
1.3369315,0.50638086,1.3645563,0.65253294,0.0061402833,0.16896673
1.3236516,0.88044465,1.3100781,0.67090386,0.02621904,0.16256943
1.231454,0.57207716,1.2742448,0.6983328,0.053875986,0.15524657
1.4370275,0.50557023,1.4575293,0.68544483,0.005189856,0.15399216
1.4992248,0.5298467,1.3658402,0.74144477,0.18463695,0.13943702
1.1847007,0.5654888,1.1887891,0.7165519,0.010736373,0.13717398
1.4997263,0.62037295,1.5447526,0.7191549,0.048868172,0.1498678
0.95659083,0.9778394,1.1785395,0.78961045,0.2671494,0.14193137
2.0344234,0.8880272,2.0864663,0.9434013,0.013656543,0.039449368
1.8148342,0.9185433,1.8706427,0.8799955,0.16608736,0.08271888
1.8879122,0.88232344,1.5687435,0.80516535,0.4157994,0.12651362
1.2451599,0.60870796,1.2456908,0.6886225,0.01167845,0.15144636
1.2520593,0.67529505,1.4975562,0.7246587,0.15403754,0.15567134
1.6273104,0.6456879,1.4588017,0.81323785,0.46881545,0.13641031
1.5033175,0.9919473,1.5224314,0.7045116,0.006105325,0.14309311
1.4299283,0.56228477,1.2529163,0.7810701,0.37254792,0.14092742
1.48372,0.69952494,1.4957166,0.69636834,0.006904571,0.14805953
1.8042129,0.94135034,1.8283851,0.83132684,0.009426071,0.08468843
1.401394,0.6372477,1.4242256,0.6653533,0.010607913,0.16842502
1.1090616,0.8387711,1.1522876,0.8186339,0.3085402,0.13010757
1.4320236,0.55344725,1.4503736,0.67958796,0.008743937,0.15911119
1.8653619,0.7552745,1.8879561,0.8515921,0.009382781,0.07767689
1.233127,0.6704738,1.2407238,0.69359255,0.008542911,0.14710084
1.6199148,0.5881152,1.6560926,0.74837595,0.011778364,0.12417303
1.7920972,0.9809262,1.8166676,0.82107896,0.008256526,0.0915683
1.6696963,0.65867096,1.7066581,0.7760834,0.006186193,0.111243784
1.3747355,0.4222424,1.3904529,0.66075563,0.013939719,0.16883042
1.4308989,0.49081597,1.4449384,0.6802137,0.030243993,0.16374823
1.7646304,0.7265346,1.7965086,0.8120966,0.011037689,0.0937567
1.1668159,0.83534926,1.1650424,0.7306238,0.01850688,0.1323428
1.1826173,0.5712271,1.1468875,0.7475691,0.03480238,0.12868793
1.3442959,0.7635492,1.3801098,0.6987351,0.14099325,0.17257597
1.3997993,0.73237944,1.3992417,0.66628236,0.010626331,0.16535953
1.5095873,0.8751837,1.5167367,0.7014939,0.0060962485,0.14518912
1.3760254,0.9416178,1.2635062,0.7380607,0.16710585,0.14875224
1.0682821,0.9672387,1.1779609,0.8102835,0.37449065,0.13092524
1.4414077,0.9156662,1.4525857,0.6784218,0.011310495,0.16139753
1.350147,0.58594406,1.3662086,0.65627193,0.0064013894,0.1671662
1.7677766,0.79966235,1.8066761,0.8106639,0.007357348,0.09623337
1.7574968,0.79734564,1.4310923,0.76408684,0.2743422,0.14014372
1.0323422,0.8015083,0.99622864,0.85277647,0.18878083,0.107207775
1.8281878,0.7385264,1.8707855,0.8516312,0.02157086,0.073361926
1.1939447,0.5666126,1.1786985,0.7288798,0.026906913,0.1350133
1.4151899,0.6366269,1.4308226,0.6629358,0.00733698,0.1626477
1.1419472,0.58294827,1.1261193,0.8171259,0.24952161,0.12172518
1.6520768,0.907019,1.6698232,0.7639816,0.008936756,0.119048335
1.3887583,0.6097088,1.394593,0.6601754,0.009036281,0.16775979
1.5127162,0.7192698,1.523627,0.72079754,0.019636553,0.1422423
2.006601,0.9961249,2.0752914,0.9398223,0.019268481,0.03954052
1.7968746,0.8027956,1.8151903,0.8191388,0.008206247,0.09292507
1.3692901,0.80970556,1.3355525,0.69055516,0.07052067,0.16924153
1.4909208,0.7505178,1.4821627,0.70400506,0.035997164,0.15694253
1.3941371,0.6698991,1.3976758,0.6725744,0.033104844,0.18143643
1.3353614,0.9408044,1.3742208,0.6817726,0.05406862,0.16650595
1.9614625,0.948976,1.9829104,0.8935675,0.010957036,0.057136856
1.3407288,0.64258385,1.3623195,0.7389251,0.17674863,0.15396398
1.541727,0.6512901,1.5602579,0.7176527,0.00741833,0.13816063
1.3278047,0.50550354,1.3437724,0.6592507,0.004637501,0.16489372
1.1970321,0.90220416,1.1946874,0.7161442,0.0074606985,0.13643174
1.5338854,0.7517208,1.5591736,0.7183651,0.005449217,0.13732783
1.6020242,0.99394524,1.6351213,0.74544597,0.015474795,0.12701796
1.2864217,0.8392569,1.2992935,0.6669505,0.014756415,0.16301964
1.3181869,0.8594911,1.3247762,0.66260874,0.004853237,0.16277307
1.4115167,0.77998585,1.4324923,0.67508245,0.005623499,0.15795185
1.6895617,0.9030038,1.4251869,0.79369575,0.32074904,0.13126954
1.5142754,0.6455428,1.3941786,0.7272246,0.15105662,0.15104206
1.347919,0.6515903,1.3550363,0.6579209,0.0051115425,0.1650911
1.5929258,0.6940221,1.6226413,0.7381472,0.004869414,0.12750696
1.2875879,0.69368494,1.2799788,0.7123297,0.08083704,0.15252945
1.4118308,0.68916094,1.4330022,0.66373074,0.016110647,0.16879925
1.7549435,0.6569351,1.766283,0.81127423,0.037981473,0.10017588
1.0048934,0.85924846,1.6543674,0.8943597,0.7599967,0.10419013
1.2957555,0.6422953,1.3009307,0.67038536,0.0045012515,0.15951432
1.2688391,0.57463276,1.286758,0.66381294,0.0057427953,0.16300344
1.765128,0.878245,1.7838023,0.8083572,0.07939995,0.101629764
1.0205348,0.75584,1.2061424,0.78620684,0.36087748,0.14286458
1.8071227,0.69690275,1.820199,0.8400829,0.16171592,0.09339623
1.9452465,0.88373387,1.9726298,0.89095634,0.038896274,0.06209697
1.5410867,0.93871987,1.3472347,0.7459637,0.23809394,0.15127076
1.3980111,0.6479505,1.3911488,0.6712165,0.03221222,0.16683564
1.4233791,0.54022396,1.5936174,0.7629124,0.23302534,0.14089988
1.4162143,0.5166118,1.4300454,0.6747086,0.0062004505,0.15867645
1.2301949,0.76103514,1.2001493,0.723162,0.050162863,0.1437383
1.2740439,0.9634423,1.2557781,0.8032373,0.26335758,0.1329327
1.8039806,0.865524,1.8509791,0.8337037,0.011156969,0.085733674
1.8254247,0.8064677,1.8853047,0.8546149,0.014953371,0.0763672
1.3364632,0.8965457,1.3438294,0.65992117,0.005255147,0.16584933
1.1999933,0.61101925,1.199554,0.73748183,0.028756106,0.13292088
1.367669,0.4762713,1.377032,0.6532006,0.0065647066,0.16959514
1.0859257,0.87603086,1.4329116,0.8224159,0.40879115,0.13773836
1.5822735,0.6422978,1.5988014,0.7308244,0.009656779,0.13443288
1.3626574,0.4578295,1.3780389,0.65531385,0.005487416,0.16909134
1.2669196,0.92006606,1.2581353,0.67537,0.015075712,0.15684651
1.3116074,0.6895949,1.3079097,0.6506625,0.019862806,0.18032213
1.7458614,0.8316879,1.7811983,0.80794674,0.0067970096,0.09617786
1.6880347,0.8761939,1.7185161,0.7742802,0.006260169,0.111006066
1.7363431,0.7206461,1.4913399,0.7640281,0.28845796,0.15191211
1.4245591,0.5596012,1.4048133,0.7363682,0.2923128,0.15695748
1.5318452,0.63654655,1.5531352,0.716725,0.00641421,0.1391534
1.9516178,0.97028553,1.9879994,0.8990335,0.01941363,0.05424318
1.5110004,0.63955307,1.5360653,0.72714233,0.0395364,0.14250289
1.4831706,0.48603597,1.5130296,0.70530903,0.009396557,0.14619754
1.3676243,0.6525209,1.3854542,0.66522425,0.010427341,0.17005764
1.7532012,0.8330542,1.7979131,0.81888694,0.07358057,0.10207904
1.4580015,0.95040923,1.4924102,0.6943481,0.008759971,0.15130396
1.2202476,0.5495003,1.2341537,0.69725704,0.05786349,0.15544711
1.5851912,0.62041414,1.6151593,0.73821837,0.0060032536,0.12842456
1.0133547,0.76661617,1.1336858,0.7840992,0.16848905,0.13165365
1.3874726,0.44284782,1.3982749,0.6624983,0.04297473,0.18103793
1.4232017,0.7412615,1.4263425,0.68241316,0.025450768,0.16046326
1.3145124,0.71819717,1.3337252,0.66028875,0.0063446127,0.16689305
1.334361,0.46391395,1.2204082,0.7369966,0.1644794,0.1503229
1.7585603,0.77899647,1.7781882,0.8031711,0.0075010136,0.097706206
1.6318344,0.680096,1.658767,0.7564383,0.0064186375,0.120071776
1.071534,0.97679204,1.2132871,0.7858502,0.30092233,0.13641578
1.8396896,0.8388583,1.8750875,0.8512891,0.007998662,0.078713626
1.0532893,0.98987365,1.0083783,0.83881885,0.10848561,0.10405752
1.3435248,0.8686796,1.3423483,0.6592676,0.008020676,0.16672543
1.4936022,0.8480561,1.5189192,0.70459133,0.007854153,0.14138532
1.4555387,0.93495333,1.3492322,0.74361616,0.16955194,0.15223834
1.6734166,0.72628874,1.7132225,0.7777194,0.0068666073,0.10775596
1.8464324,0.8463621,1.8751392,0.8475594,0.008397787,0.07929557
1.7874717,0.84583026,1.800132,0.8106917,0.009327958,0.09754463
1.6573687,0.6317181,1.6927893,0.7637477,0.0057729655,0.11324973
1.7843186,0.9742804,1.8178086,0.82145053,0.0070261126,0.091692
1.1093578,0.7325452,1.1928041,0.8148257,0.30203456,0.12584618
1.5108289,0.8385208,1.5243049,0.70044076,0.009884843,0.14901851
0.98998415,0.90638137,1.5221748,0.8136266,0.4007621,0.12808423
1.4007452,0.51331687,1.4029865,0.67689943,0.061943036,0.17766222
1.920507,0.9513214,1.6232285,0.8556568,0.6021308,0.11835343
1.4154462,0.59546036,1.4407413,0.66809386,0.0066528106,0.16248402
1.7931783,0.850229,1.8330836,0.8315925,0.008501406,0.08690971
1.5237414,0.5326,1.5391064,0.69904137,0.0055745197,0.14425032
0.96091235,0.8752033,1.2248797,0.813577,0.33835575,0.12666257
1.3451492,0.92573196,1.5379469,0.77061486,0.38415202,0.15345626
1.2535117,0.74506164,1.2374616,0.69347155,0.01787845,0.15155323
1.5901572,0.58199245,1.6126311,0.73668706,0.0052696555,0.12783019
1.3619632,0.47432846,1.3641806,0.65904427,0.017486556,0.17223537
1.358303,0.58131444,1.3674002,0.77543473,0.42654413,0.14989486
1.441082,0.93225574,1.4563856,0.68315375,0.004943603,0.15461881
1.5543301,0.6449474,1.2053423,0.7271519,0.1332205,0.15146331
1.3390458,0.6814832,1.3247087,0.7157645,0.15116663,0.17147414
1.4153204,0.5491592,1.4200819,0.6853254,0.03958064,0.1667523
1.4332409,0.91883254,1.4358547,0.6979625,0.051008157,0.15926364
1.8865193,0.7871892,1.9082651,0.85902303,0.011952521,0.07371529
1.4618156,0.9634316,1.4080381,0.70925146,0.115500644,0.15992802
1.1630143,0.7536811,1.1438768,0.7565922,0.024455559,0.122383155
2.084116,0.9298118,2.1153986,0.9579608,0.013085561,0.03288782
1.5341352,0.5678795,1.2267997,0.74228597,0.23720446,0.1599626
1.4375267,0.7070797,1.3660254,0.72124326,0.19175006,0.15885983
1.9299276,0.8203719,1.9760058,0.8915157,0.012408333,0.05980392
1.6813573,0.757772,1.7140846,0.77665484,0.02801698,0.11395757
1.5010101,0.88112265,1.5238822,0.7080564,0.019960675,0.1502519
1.2843584,0.81791884,1.3095062,0.6766623,0.024829846,0.16105263
2.0222895,0.872487,2.068955,0.93379515,0.011638753,0.041127905
1.4809394,0.69415504,1.4841692,0.6993078,0.029797502,0.1569838
1.2106459,0.54899347,1.1884308,0.74676573,0.13647327,0.13972582
1.53586,0.5956325,1.5668705,0.718275,0.008999998,0.13799144
1.8930571,0.78116095,1.9361799,0.8673386,0.010991483,0.06594986
1.6596705,0.7638603,1.442519,0.69717485,0.111304715,0.1641564
1.7935652,0.8448053,1.8527315,0.8387709,0.0107574705,0.082314216
1.187544,0.59802663,1.1522989,0.7865701,0.14760967,0.12779549
1.5299537,0.59222096,1.548403,0.70941794,0.005343125,0.1414224
1.6182326,0.7030965,1.6248505,0.73773175,0.005456476,0.1273574
1.3658051,0.5015061,1.2644799,0.73959047,0.14908934,0.14757909
1.2689111,0.75862616,1.2683907,0.67213917,0.025664074,0.16540428
1.2218453,0.7982568,1.1739293,0.74119186,0.03084941,0.13507685
1.377088,0.5885297,1.4020777,0.662042,0.004968021,0.16605254
1.7180469,0.7304034,1.7453942,0.7885564,0.007923063,0.106752604
1.6726623,0.6638024,1.7091012,0.77024543,0.0063436506,0.11287044
1.2712302,0.7753054,1.2492895,0.71247506,0.0633992,0.15272446
1.2682681,0.5648457,1.2889826,0.66771954,0.018789755,0.16495675
1.4845961,0.805809,1.4848721,0.7391834,0.13933387,0.16287725
1.5363626,0.78330505,1.5588613,0.71655995,0.00553029,0.13683306
1.1117743,0.9172887,1.2826533,0.79592687,0.42348546,0.14128329
1.3101966,0.5643698,1.3019633,0.6864313,0.06716586,0.17259878
1.8253685,0.83746487,1.8640933,0.8434245,0.008031897,0.08036652
1.5339432,0.66911495,1.5486724,0.70745045,0.024232524,0.14684018
1.2769232,0.7415256,1.2716961,0.6948508,0.062245134,0.1580351
1.420135,0.7491416,1.4301536,0.677081,0.0050144494,0.15794644
1.5324494,0.5501752,1.5585399,0.71357673,0.0055545187,0.13905725
1.3739789,0.74881214,1.3860636,0.663501,0.005303892,0.16682369
1.830189,0.89438015,1.855936,0.84768146,0.016671056,0.08164585
1.7791221,0.6774321,1.8255854,0.8274787,0.008087158,0.08628835
1.4018959,0.72676283,1.417486,0.658511,0.0060013877,0.16644059
1.6859175,0.8742743,1.70348,0.7714616,0.0057345857,0.11322797
1.7952601,0.8905562,1.8317873,0.82772714,0.008493339,0.08457276
1.6853101,0.9162652,1.4407418,0.80695665,0.32655117,0.12396007
1.7499497,0.7590276,1.7828774,0.8081719,0.007915001,0.09473486
1.1416037,0.680451,1.1139503,0.7703596,0.063807465,0.1259707
1.065131,0.876431,1.0034752,0.8464115,0.11001755,0.10356546
1.7155585,0.89651436,1.5310266,0.73146635,0.17359439,0.14964259
1.7145497,0.9539685,1.7532365,0.7939108,0.0139261,0.10235607
1.0854048,0.7467939,1.0412939,0.82471365,0.15655468,0.10981922
1.566251,0.7304751,1.5196552,0.7581227,0.36505872,0.14733955
1.3177315,0.4408849,1.3220699,0.67521393,0.018506706,0.16186722
1.7365199,0.9690317,1.6838543,0.8040357,0.2505186,0.118116215
1.2317835,0.50009197,1.2510016,0.67803085,0.017199265,0.15763868
1.307371,0.81499577,1.3257053,0.65819544,0.010103102,0.16768809
1.6945343,0.6580557,1.7156956,0.77802813,0.0068112034,0.10780238
1.6424371,0.74964577,1.4949267,0.77694875,0.346518,0.13936187
1.4965049,0.95571005,1.423552,0.7148759,0.22587888,0.1691527
1.5909356,0.66353536,1.5808694,0.75267947,0.08933381,0.13662258
0.91333,0.9340734,0.9986808,0.8435088,0.1900314,0.1100446
2.0240538,0.88224834,1.9436121,0.9033814,0.37355262,0.07627873
1.3332233,0.47478005,1.3567598,0.6623744,0.0062727723,0.1670981
2.033509,0.9072059,2.053294,0.93254167,0.014840093,0.043122232
1.318619,0.760135,1.2912266,0.7374066,0.2110462,0.15415159
1.1211176,0.7237341,1.0999981,0.77074665,0.043436166,0.11884317
1.8176422,0.7459905,1.8596561,0.8454015,0.007907159,0.08019485
1.4986508,0.7351589,1.3494489,0.74715734,0.45022422,0.16022138
1.7921016,0.7859232,1.8402157,0.8316587,0.006828383,0.08505642
1.4818083,0.59766847,1.5142229,0.7003981,0.0060078097,0.14529607
1.1037768,0.8960433,1.1457093,0.80332774,0.17777362,0.12443023
1.5277759,0.771411,1.4375036,0.6844138,0.10918663,0.16655667
1.6131302,0.64463264,1.629384,0.74481475,0.045497645,0.13248703
1.1890187,0.5788825,1.1606672,0.7347456,0.022135044,0.13138583
1.4102995,0.4351798,1.4369669,0.6792715,0.0059533394,0.15813345
1.5609902,0.57953006,1.5854819,0.7234186,0.005817275,0.13535172
1.4143734,0.51765966,1.4392447,0.66809654,0.00483062,0.16177286
1.0808527,0.80172485,1.3229303,0.7886584,0.36403325,0.14459415
1.0903003,0.8180532,1.0190339,0.8268303,0.12547679,0.1135072
1.2908407,0.83065444,1.3007452,0.6713666,0.011716203,0.16135387
1.3148254,0.50771457,1.3111653,0.66397864,0.013700944,0.16767555
1.1798081,0.7559311,1.1774185,0.72294104,0.014511608,0.13499507
1.8813678,0.76470774,1.9353848,0.8797501,0.05002465,0.065294914
1.2179645,0.82247686,1.2089615,0.71647435,0.020073703,0.1398438
1.1924207,0.58458924,1.1691812,0.7433274,0.02734406,0.12953943
0.92821866,0.99635184,1.5200362,0.80751675,0.27501866,0.120907456
1.1074159,0.85825056,1.1048019,0.7985515,0.046957545,0.11258506
1.3497587,0.6151182,1.361057,0.6980724,0.117309034,0.16647026
1.2443736,0.6083532,1.2464278,0.69144344,0.014608532,0.15065646
1.4104966,0.9871132,1.4120688,0.6695034,0.006756463,0.16535993
1.2056373,0.7153363,1.2029331,0.7114918,0.016144795,0.13962105
1.8377368,0.8674597,1.867784,0.8427559,0.0081243515,0.07989727
1.6726829,0.7494211,1.6918557,0.7687052,0.0067760563,0.11542711
1.7226444,0.75023943,1.7424486,0.7915869,0.008922479,0.10449023
1.7098421,0.74328554,1.5646248,0.7529249,0.32174313,0.15086424
1.306015,0.8287215,1.3181784,0.6657078,0.0054582977,0.16080552
1.23976,0.57539845,1.4105523,0.72617126,0.25240105,0.16037406
1.7639611,0.8248025,1.7923448,0.81217164,0.009167121,0.091040276
1.2752771,0.928239,1.2833388,0.6764682,0.008967117,0.15823394
1.7567079,0.785182,1.7835162,0.804315,0.007823199,0.09707719
1.9285114,0.840627,1.9723778,0.8875666,0.018567974,0.061912462
1.6393036,0.62858933,1.6709459,0.7631333,0.011056977,0.11890855
1.5862268,0.98319227,1.6069376,0.73898387,0.00773845,0.12716302
1.3898499,0.68105906,1.3988559,0.6639689,0.013391243,0.17102754
1.7371094,0.70459133,1.7643368,0.7970656,0.008250843,0.100805186
1.6958889,0.82589793,1.7220724,0.78077185,0.008408293,0.106554925
1.2446864,0.6041641,1.2309015,0.71998423,0.03644987,0.14191838
1.4439467,0.47864923,1.4689231,0.6886725,0.0050711604,0.15188274
1.7181396,0.88678265,1.7489951,0.7934614,0.006798954,0.10474325
1.4088678,0.46586707,1.4074118,0.67425,0.032436788,0.17240803
1.7509112,0.992857,1.7989137,0.8110394,0.009042566,0.09561976
1.3826612,0.65340567,1.2805698,0.7297797,0.19188388,0.15726194
1.3241557,0.85474956,1.3270943,0.6544531,0.0092349155,0.17080899
1.7948738,0.82847685,1.6309597,0.7946411,0.3337549,0.140553
1.8416938,0.8454166,1.8715792,0.84504366,0.008958249,0.07930759
1.8801373,0.96294653,1.927701,0.86555237,0.14740813,0.084258296
1.5798566,0.5990079,1.6877453,0.816299,0.32958266,0.11434266
1.0630721,0.7244926,1.0330322,0.82353777,0.06096916,0.10252193
1.5779324,0.9053023,1.5942843,0.7318749,0.0054525384,0.13006458
1.555636,0.9432251,1.5551589,0.7212856,0.012624976,0.13737625
1.3811089,0.4787651,1.2186847,0.75491273,0.16786881,0.14093512
1.8272502,0.8865292,1.8418372,0.83741564,0.0125303315,0.08410618
1.6100385,0.5955907,1.6270187,0.7591382,0.14579596,0.13017926
0.99522215,0.7903631,1.1699746,0.86383903,0.4517174,0.109782375
1.505265,0.505113,1.4577913,0.7686847,0.24478811,0.1370663
1.8864169,0.75765055,1.5521827,0.7949291,0.42515507,0.13053025
1.4229907,0.541397,1.429148,0.6716197,0.010237728,0.16403183
1.1658182,0.73411924,1.1651212,0.7314587,0.011095119,0.1299312
1.810247,0.88060033,1.8467629,0.8388953,0.027729696,0.08483825
1.2553318,0.8143259,1.2532222,0.741249,0.15161431,0.1477441
1.2173009,0.8541568,1.2198985,0.69331914,0.018278828,0.14707336
1.7790602,0.7840625,1.8138535,0.8230528,0.007376391,0.09181321
1.4398605,0.7024263,1.4534376,0.67814034,0.0045477026,0.15707132
1.0598407,0.9192094,1.0686009,0.81523615,0.14622575,0.11780517
1.6234002,0.8160328,1.3251765,0.80589324,0.34942034,0.1323018
1.535554,0.66921335,1.446583,0.7368865,0.15680519,0.14702234
1.6379335,0.6554397,1.6737297,0.75743484,0.008396634,0.11968753
1.509366,0.57423604,1.5271914,0.71035856,0.006067411,0.1413318
1.3829491,0.6742907,1.3906364,0.66313976,0.008729436,0.16945004
1.5797336,0.9914198,1.5937164,0.74216247,0.06826908,0.14804353
1.2793653,0.46435535,1.4928596,0.82083386,0.44375467,0.1270189
1.5090808,0.80897224,1.5017381,0.7269301,0.07682658,0.14823252
1.2658592,0.61738384,1.1925797,0.74893856,0.113346785,0.14170787
1.626152,0.6234428,1.4948583,0.79789275,0.404676,0.13922979
1.8191159,0.7269592,1.8516145,0.84118325,0.013115067,0.08050018
1.5076835,0.7826711,1.5218854,0.71034026,0.035852022,0.15068196
1.6117271,0.6974314,1.6318333,0.7425313,0.006603967,0.1249432
1.5452294,0.75511503,1.5725787,0.73089695,0.014634319,0.13528708
1.902834,0.82460797,1.942282,0.87032,0.010427749,0.06821404
1.8885841,0.7568909,1.9375815,0.8723185,0.010265503,0.06713377
1.9282622,0.89470077,1.9745579,0.8888714,0.024989314,0.06015417
1.5302898,0.81636137,1.5587709,0.7362695,0.027004102,0.13720974
1.1734674,0.8787485,1.1352303,0.73787105,0.03321786,0.1328552
1.8778931,0.95618993,1.4824502,0.8393765,0.62412703,0.12347346
1.3357263,0.49695203,1.3519695,0.6617891,0.01347559,0.16673148
1.8590304,0.9007327,1.7976809,0.86685735,0.2920302,0.09245207
1.4810791,0.54559535,1.4953811,0.69093955,0.007688155,0.15010597
1.8171529,0.9568843,1.8603067,0.84327364,0.008218872,0.08137614
0.97119534,0.8636147,1.0891323,0.81895334,0.23878835,0.12464331
1.2127614,0.6504101,1.1800725,0.7359276,0.057271875,0.13820261
1.5861496,0.9187764,1.3437393,0.7432017,0.26880285,0.15424527
1.8168987,0.9521139,1.8573287,0.8697234,0.16487694,0.082524076
1.4970866,0.59834725,1.5171673,0.6977118,0.004659216,0.14653516
1.7247684,0.74920577,1.7555282,0.78891534,0.008171949,0.10221478
1.2406359,0.8731726,1.2258637,0.6974959,0.027994368,0.15384322
1.6193907,0.65509546,1.6435177,0.74618196,0.0072144843,0.12550128
1.3380146,0.5543452,1.3265085,0.69617057,0.14471708,0.18492758
1.7206267,0.93901235,1.6734905,0.78132254,0.20818658,0.12144393
1.401378,0.495514,1.2471159,0.737541,0.13012491,0.14535044
1.111718,0.82181126,1.0820673,0.7640974,0.02022317,0.11798021
1.2096776,0.571484,1.2141705,0.7022798,0.00893258,0.14186123
1.642178,0.7499728,1.4564304,0.7856293,0.40564117,0.14462194
1.7717363,0.8601129,1.8030105,0.8190335,0.068264246,0.09935878
1.5956814,0.58323586,1.6213756,0.72601014,0.026824197,0.13201813
1.1822224,0.56376463,1.182601,0.74928206,0.13562316,0.14707582
1.326196,0.4589493,1.3223305,0.6695543,0.046222635,0.17398648
2.0030355,0.8896855,1.3398623,0.8342384,0.4854574,0.12784933
1.5565393,0.6183515,1.6561997,0.7817974,0.13757421,0.1310086
1.4712188,0.5414737,1.4793315,0.71146166,0.06703222,0.15364382
1.9384205,0.8485151,1.973911,0.8943626,0.01815593,0.055998385
1.3140202,0.9760466,1.3207705,0.661815,0.005361828,0.16536185
1.9378918,0.8981806,1.9713356,0.89665866,0.011203887,0.058345538
1.559182,0.6589266,1.361417,0.7679758,0.28423288,0.14367107
1.9139128,0.7896168,1.9660215,0.8950042,0.014800368,0.058200434
1.6711446,0.9066751,1.696698,0.77815235,0.0934307,0.12343577
1.1735163,0.68664455,1.169528,0.7252673,0.022580639,0.1352849
1.7295161,0.87794715,1.7566392,0.79156274,0.007488445,0.1035858
1.4701086,0.73188776,1.486017,0.69597185,0.005757354,0.14829011
1.244392,0.9481138,1.2417834,0.69656825,0.010773125,0.14668535
1.8033527,0.86421126,1.8298249,0.82631266,0.007275464,0.08898143
1.3759389,0.4434653,1.3792193,0.6759266,0.075338386,0.1826823
1.8614124,0.77471024,1.9230762,0.8711124,0.020100305,0.07006772
1.2608585,0.72485197,1.3136394,0.69442713,0.09118735,0.16225708
1.0213145,0.92949796,1.386277,0.80454254,0.38122055,0.13181832
1.5482237,0.8169139,1.574712,0.72043294,0.006352783,0.13480546
1.6429409,0.86532307,1.6544857,0.75229216,0.007973628,0.12201688
2.1016824,0.94197756,1.4972298,0.87688404,0.7960558,0.10938116
1.2370917,0.93216515,1.2067261,0.7384338,0.044550132,0.13606173
1.2524943,0.76211303,1.2494135,0.6872391,0.019337298,0.1530993
1.4510405,0.5493304,1.4755051,0.68696415,0.0052491566,0.15191476
1.5110943,0.72501206,1.5407684,0.7085343,0.005284255,0.13931097
1.427661,0.8090272,1.4317715,0.67437583,0.0067950846,0.1603896
1.2967101,0.4374461,1.2713401,0.70477647,0.0991896,0.16517554
1.8101836,0.7387348,1.8489158,0.8303742,0.008124816,0.08574636
1.9274782,0.8660775,1.9993513,0.90475804,0.02631273,0.054130033
1.408183,0.49767885,1.4339666,0.6654802,0.0066309613,0.16246243
1.2493106,0.9378385,1.2472048,0.7101928,0.10390669,0.15418208
1.2009529,0.62848204,1.2113411,0.71018916,0.01603394,0.14135161
1.9841043,0.85922253,2.0178387,0.9109588,0.0111808805,0.048874177
0.92680985,0.98666364,1.1089163,0.8685132,0.37472808,0.115421064
1.7125843,0.90435326,1.7460606,0.7905279,0.0059555313,0.10474013
1.3715441,0.771474,1.397485,0.6647964,0.054779783,0.17564501
1.445491,0.618025,1.281774,0.71314377,0.12287202,0.15866525
2.083104,0.9423453,2.031564,0.9289014,0.12730938,0.05837721
0.9312418,0.8821445,1.1184939,0.82588166,0.2764311,0.12922204
1.9872545,0.954114,2.0043173,0.915388,0.14125857,0.059991416
1.5056397,0.79894,1.424608,0.73479617,0.19044724,0.15077779
1.3169574,0.50821394,1.2380829,0.7374855,0.14575197,0.1543426
1.4056424,0.64159375,1.6722541,0.7951892,0.33959126,0.122683406
1.216966,0.5615466,1.2241921,0.6964972,0.0057685515,0.14625421
1.9360467,0.9453328,1.9875524,0.8976684,0.011434686,0.056543116
1.4721202,0.7043528,1.4865437,0.69305944,0.0048377104,0.14860956
1.158535,0.8810279,1.1800264,0.7333257,0.040605742,0.13637011
1.4385036,0.5025362,1.4799278,0.76065487,0.32851878,0.14347309
1.9779853,0.95201993,2.0359874,0.9162056,0.016859412,0.045238364
1.2094258,0.9492878,1.3052053,0.82055604,0.6083066,0.13786317
1.5494817,0.5490886,1.5629883,0.73382443,0.030225791,0.14183891
1.8939313,0.9714597,1.9309137,0.869545,0.009323681,0.06846309
1.5522282,0.7247731,1.325489,0.70209074,0.16735539,0.16162027
1.4367149,0.99652976,1.4552872,0.6729822,0.0064890524,0.1600901
1.2767764,0.6963169,1.2461355,0.760645,0.19012389,0.14030153
1.8102051,0.79916775,1.83513,0.8346988,0.02756349,0.087995805
1.3533566,0.68683076,1.2315841,0.7126489,0.045011837,0.14722154
1.4712106,0.788476,1.478518,0.68496585,0.007052027,0.15154889
1.5622392,0.690239,1.50366,0.7009587,0.09159722,0.1568354
1.3059447,0.90758204,1.3175259,0.66634643,0.0059106005,0.16113342
2.0302994,0.9909699,1.64364,0.9026216,0.6263256,0.08791355
1.7022423,0.9136312,1.7410538,0.7872701,0.0075752977,0.10376619
1.5923102,0.62838435,1.6194699,0.75131154,0.03724404,0.12914513
1.4840338,0.8205458,1.4967153,0.6923238,0.02572914,0.1574156
1.6666425,0.6458633,1.522865,0.75662017,0.24726051,0.15211082
1.6943347,0.80085194,1.728817,0.7766856,0.0066595515,0.1074402
1.5696989,0.6345873,1.56096,0.7527305,0.2831014,0.1508983
1.489676,0.66796863,1.5169766,0.69711596,0.0072312425,0.14555512
1.8790333,0.75971836,1.7441452,0.8520658,0.42048684,0.10600172
1.6059153,0.69270325,1.3516772,0.76813424,0.35374278,0.14518587
2.0857217,0.977688,2.124254,0.9685574,0.018707188,0.03038351
2.1587956,0.9933478,2.1698167,0.97979206,0.037676755,0.027305055
1.3752434,0.47954816,1.3905089,0.6597599,0.005993632,0.1670241
1.2678283,0.74496067,1.3947339,0.7321544,0.29667437,0.1697732
1.4246703,0.55744517,1.4298837,0.6689906,0.012476725,0.16422674
1.6780562,0.8026361,1.6965942,0.7714269,0.008755811,0.11342298
1.2735084,0.9356363,1.4661758,0.85802585,0.48870224,0.11079549
1.0085634,0.7597374,1.2581339,0.7970107,0.28091747,0.13036571
0.99056154,0.84540206,0.9132351,0.884026,0.07097769,0.08597044
1.2592149,0.9923579,1.2426548,0.70706564,0.037947834,0.1509614
1.2282119,0.6812606,1.2407513,0.75027156,0.18528505,0.14562769
1.7056288,0.6536209,1.727236,0.7864094,0.008431032,0.10634678
1.7712905,0.9124342,1.8031666,0.8114748,0.0072871502,0.09510616
2.0170825,0.9270968,2.0603483,0.9310374,0.015091095,0.040042672
1.1606721,0.97150344,1.1716702,0.7528209,0.12820186,0.13312116
1.5487639,0.8759781,1.5591853,0.73349416,0.026442587,0.13784772
1.108668,0.7234206,1.2499835,0.80740994,0.28268948,0.12818433
1.7295939,0.64909536,1.7609978,0.79407233,0.006319224,0.10263219
1.6537387,0.9031557,1.6372702,0.7687366,0.1481003,0.13237691
1.7235225,0.9343615,1.7583284,0.79563224,0.009811828,0.09986689
1.175071,0.79616296,1.1644447,0.7727266,0.0993804,0.12883507
1.8292685,0.92611885,1.8460338,0.8331977,0.0077128736,0.08501183
1.9131662,0.99831593,1.8738914,0.8733769,0.16641513,0.08523429
1.7481346,0.9313639,1.7899072,0.807744,0.0060269535,0.09565939
1.4563129,0.86711526,1.4745755,0.6888421,0.0058366456,0.15174396
1.748159,0.99286616,1.7751412,0.80311024,0.0064682225,0.09692371
1.5524029,0.8602241,1.5528908,0.74239004,0.10239174,0.1450805
1.4966276,0.5457244,1.5247159,0.73689723,0.21338044,0.15141487
1.5789673,0.6225834,1.5784075,0.7637185,0.24273406,0.14438938
1.8827087,0.88730675,1.921391,0.86627144,0.00848547,0.0720603
1.3778677,0.8102877,1.3853335,0.6611328,0.009545867,0.16868095
1.1613933,0.6338095,1.161161,0.7413691,0.0250553,0.1306261
1.3813998,0.5377259,1.3878317,0.6617447,0.006750502,0.16741244
1.4467406,0.49790746,1.4769135,0.68335545,0.01118601,0.1559847
1.6136564,0.8623375,1.6284363,0.7431202,0.005604648,0.12575956
1.3623717,0.99817526,1.3711858,0.65932333,0.005340214,0.16663103
1.3342122,0.73401076,1.3544154,0.6550071,0.0063778595,0.16851644
1.1266093,0.78741646,1.1128728,0.77531934,0.089947924,0.12646772
1.3931701,0.90085846,1.4210532,0.6692524,0.0058595594,0.16217037
1.4081616,0.71213776,1.4235258,0.6752919,0.030580854,0.1669404
1.5280538,0.9191287,1.2794864,0.7340158,0.19418778,0.15080795
1.7904173,0.92915034,1.8321342,0.82432616,0.0073635466,0.0894227
2.0367413,0.9354922,2.0959094,0.94626284,0.06856807,0.043797825
1.2205365,0.9809277,1.2314353,0.70792204,0.007872338,0.14080611
1.2528366,0.49851105,1.2650127,0.67629683,0.013716186,0.15993787
1.3132211,0.4525866,1.3175757,0.6506749,0.009255176,0.17334747
1.0334706,0.8282194,1.4208369,0.79014075,0.38665307,0.14588332
1.8892125,0.822554,1.9121914,0.85999554,0.01117806,0.07389353
1.3118753,0.5644076,1.3055816,0.69910765,0.10302309,0.1648864
1.9907322,0.88994384,2.0776653,0.93201494,0.027729874,0.04194391
1.585277,0.70666975,1.6085503,0.73567575,0.0056596235,0.128493
1.3538562,0.7777128,1.3622832,0.6640201,0.006328629,0.16569671
1.3288891,0.9106398,1.3290179,0.66348433,0.012610789,0.16672432
1.4363703,0.95552397,1.26561,0.7296821,0.14259952,0.14786865
1.6767477,0.72866577,1.6443753,0.75742173,0.0935778,0.1314753
1.6572912,0.7272971,1.6652603,0.76127136,0.009054948,0.11727463
1.2996124,0.9927114,1.3103163,0.6684774,0.009141381,0.16208372
1.1155844,0.86039984,1.122714,0.76411754,0.051018555,0.12174787
1.3838675,0.7694716,1.3966441,0.65965205,0.011811939,0.16650215
1.7782261,0.710395,1.7953413,0.8180711,0.015597958,0.092166044
1.112064,0.66542333,1.0892684,0.7786627,0.11127544,0.12681931
1.3059026,0.95918745,1.3073792,0.67991024,0.0074649085,0.15725651
1.2631794,0.51466674,1.2907398,0.7331807,0.11602346,0.1471834
1.5805346,0.6054803,1.60794,0.7362251,0.0051103365,0.12987158
1.121001,0.8315565,1.4172049,0.77851295,0.44699124,0.1627837
1.6035712,0.91283077,1.2929058,0.749386,0.27968204,0.14866564
1.5982333,0.80607265,1.5052187,0.75675666,0.15434836,0.13650094
2.016795,0.92894304,2.0437253,0.9277751,0.02799819,0.046381906
1.137244,0.99016464,1.1442323,0.74955237,0.028817417,0.12461321
1.2662879,0.49732777,1.2708962,0.6781045,0.00687949,0.15556186
1.9620345,0.8166171,1.9871426,0.8940755,0.020687304,0.058095828
1.4937564,0.7162132,1.4932709,0.6992692,0.03261223,0.15486802
1.8223449,0.742606,1.8586607,0.8367927,0.011369556,0.08316195
1.4749014,0.8619807,1.4887512,0.6932317,0.005525901,0.14800432
1.6559187,0.9966501,1.3064349,0.7335911,0.25677314,0.15730475
1.4330026,0.7165295,1.4285142,0.66899574,0.028559178,0.16946362
1.2047583,0.7983576,1.1966043,0.7171453,0.052382063,0.14580627
1.2503766,0.65189177,1.4414837,0.7626585,0.3436938,0.14703439
1.4267802,0.46879697,1.4158945,0.7280906,0.23303656,0.15714857
1.7755517,0.8933381,1.8124247,0.8204357,0.032084875,0.092212796
1.7512584,0.92894727,1.5744126,0.7548301,0.16367707,0.14337899
1.629044,0.7116745,1.6372917,0.75888795,0.07434766,0.13113104
1.5847291,0.7839969,1.5405116,0.7627964,0.22744808,0.14564161
1.8994597,0.8565689,1.9305642,0.86982745,0.008945542,0.068339646
1.1064615,0.9368081,1.0704453,0.82897156,0.12645836,0.11217094
1.3136522,0.8787873,1.3122952,0.7247194,0.22397667,0.16573294
1.4558712,0.49507985,1.4815147,0.6826594,0.005017281,0.15426669
1.4087037,0.8152424,1.4700236,0.8043316,0.45532733,0.13982476
1.2982358,0.46873796,1.3398826,0.6889668,0.073921666,0.16967618
1.316226,0.8038765,1.0932488,0.7839736,0.16306175,0.12864892
1.4827383,0.702752,1.4961636,0.6904181,0.012137681,0.15662074
2.065548,0.98609686,1.288382,0.77134883,0.3617725,0.14954528
1.2607684,0.84309584,1.2493403,0.6891563,0.022724902,0.15217632
1.091337,0.83031696,1.1909482,0.7829822,0.16191196,0.13040926
1.742163,0.696942,1.7559164,0.79407656,0.008034954,0.09878943
1.0249947,0.7783429,1.2787788,0.7786302,0.34193307,0.14272954
1.0568482,0.7826679,1.2151687,0.78005046,0.25077817,0.1392653
1.1131266,0.7172439,1.0643692,0.8126701,0.07807515,0.10943172
1.6585134,0.62611634,1.6795299,0.7614572,0.0055847573,0.11738887
1.4659843,0.86394393,1.4700611,0.6896706,0.012929762,0.15514141
1.911357,0.87761587,2.0014272,0.9038889,0.10433506,0.06091132
1.3730925,0.94829035,1.3877413,0.6524209,0.007573763,0.16860348
0.9910164,0.8501547,0.93115425,0.87050706,0.07607328,0.08935968
1.7392278,0.6902529,1.773675,0.804186,0.011632684,0.09904209
2.0821016,0.96787286,2.1175253,0.95914394,0.01700648,0.0291433
1.3843043,0.721695,1.4350951,0.7730028,0.34714067,0.15264146
1.1414695,0.67007023,1.5482104,0.8007601,0.39056724,0.134469
1.4068485,0.49492097,1.4205935,0.6670251,0.0066756103,0.16443239
1.9668012,0.89989823,2.0210178,0.91141987,0.010676615,0.051630154
1.2963533,0.9467696,1.2879703,0.6733875,0.066818826,0.17007731
1.297987,0.8219455,1.3616297,0.7682981,0.30452922,0.14723958
1.4805068,0.49815163,1.5064635,0.6899328,0.010640583,0.15167435
1.7547415,0.8241581,1.7817087,0.802691,0.0065452214,0.099017486
1.2518085,0.4938377,1.2301908,0.69609934,0.034572758,0.15467785
2.0413737,0.95599115,2.0713205,0.93756074,0.013572546,0.041676
1.2816268,0.555862,1.5230298,0.83966595,0.7041718,0.12553377
1.2805778,0.82942635,1.3126457,0.6964175,0.11868627,0.1749094
1.7633115,0.8425036,1.794852,0.81297326,0.01265441,0.09532547
1.5959837,0.6813541,1.6129069,0.73435676,0.009542613,0.13306357
1.9117419,0.7788081,1.9136586,0.89165443,0.20413269,0.07584869
1.1627402,0.6846871,1.3256986,0.74122524,0.24836162,0.15343839
2.0876203,0.9211198,1.3742259,0.7751163,0.4126199,0.15001166
1.3224549,0.66909945,1.3607349,0.6714276,0.06409746,0.17232999
1.9800208,0.91955674,2.024515,0.9197063,0.012865689,0.048784457
1.4477615,0.5384594,1.4679787,0.68190145,0.007905033,0.15576692
1.7277303,0.7568691,1.7197452,0.8048108,0.10023395,0.110652134
1.8943712,0.86708814,1.9260035,0.8692322,0.008738144,0.06903639
1.3980249,0.71195334,1.411061,0.66503334,0.012436853,0.16588351
1.5303284,0.7597385,1.5406795,0.7288081,0.06327685,0.1423261
1.8383596,0.7338899,1.8708258,0.8559864,0.069531105,0.08185751
1.4274197,0.45669982,1.3265655,0.76194996,0.30767116,0.15604429
0.9124613,0.998003,1.0368164,0.8261104,0.14301983,0.114512384
1.1335621,0.98371315,1.1261721,0.7436114,0.007866402,0.123034395
1.5396259,0.91022897,1.5665617,0.7155655,0.0070825987,0.13584787
1.8042371,0.7992971,1.8308318,0.8268768,0.007838287,0.088672325
1.7981744,0.8407065,1.8396349,0.82619673,0.010174301,0.089307725
1.6834689,0.9257226,1.7011068,0.77864677,0.05254701,0.119717844
1.4901766,0.86324555,1.3911924,0.764015,0.31573054,0.14939891
1.8330569,0.8367564,1.8558614,0.8387235,0.009211484,0.083019584
1.2932118,0.92593586,1.2971492,0.65627813,0.008632532,0.16775458
1.3473499,0.75797343,1.3685262,0.6573127,0.009098157,0.16935082
1.476582,0.8378893,1.4822934,0.6977123,0.007244122,0.1470983
1.9787353,0.91198903,2.0204597,0.91038305,0.012137253,0.049996834
1.3842564,0.8853239,1.2759764,0.72305155,0.11800419,0.15431413
1.1641579,0.5760143,1.1149529,0.7669133,0.07357884,0.12498113
1.0257424,0.8423854,1.1911211,0.77348375,0.13851197,0.13348755
1.490802,0.7197184,1.4400289,0.7047093,0.20869848,0.17328623
1.6691891,0.61628425,1.6936986,0.78153247,0.08140141,0.11611004
1.1620486,0.8552667,1.2040842,0.74026453,0.08432548,0.1486245
1.6544275,0.67274404,1.3417897,0.78871953,0.3813912,0.14339356
1.7851042,0.89195305,1.821363,0.8218629,0.0073824716,0.090478554
1.6021084,0.62896234,1.6317072,0.7415718,0.007389807,0.12753865
1.5777562,0.74709576,1.6271386,0.759325,0.08074185,0.13584127
1.5340738,0.6088316,1.3148489,0.7591957,0.31464922,0.1550395
1.6581365,0.93640363,1.5591455,0.80384594,0.2825334,0.12033662
1.2942657,0.60191506,1.3153903,0.6841158,0.075690664,0.16617398
1.3836439,0.92719203,1.39731,0.65988356,0.004938439,0.16720942
1.4796373,0.60981035,1.4623141,0.73489654,0.168949,0.15879387
1.4611709,0.5936706,1.4839401,0.6804829,0.008339047,0.15679513
1.5534601,0.76167506,1.5731282,0.72450286,0.02044851,0.13950564
1.26861,0.54018545,1.2744021,0.6716965,0.011808279,0.16291651
1.5280386,0.9380382,1.4875083,0.73564196,0.15406094,0.15123136
1.876425,0.79586565,1.9023685,0.8609285,0.008376124,0.07273592
1.373189,0.5030117,1.3875692,0.66203755,0.03372157,0.18416718
1.4619691,0.7998936,1.4801376,0.68798995,0.0063498546,0.15266603
1.6996455,0.8598838,1.6938903,0.7939735,0.124330066,0.11384519
0.96817225,0.8207935,1.5546944,0.80413187,0.37493628,0.13208309
1.5000818,0.69174105,1.5252264,0.71103257,0.0072292364,0.13843746
2.0237744,0.9637165,1.7199526,0.8315732,0.5137993,0.12451272
1.2813032,0.71326214,1.1935554,0.7582102,0.09328336,0.13199931
1.0782037,0.96418464,1.4603097,0.7687788,0.30433756,0.13980295
2.1230803,0.97830534,2.1442475,0.97014374,0.020470114,0.029901152
1.2893374,0.90866965,1.3010616,0.6763361,0.01979619,0.16081204
0.91303766,0.9434976,1.1762457,0.8003881,0.29394072,0.13350093
1.1764079,0.6389338,1.1588974,0.73549545,0.029719507,0.1320597
1.1074028,0.7529835,1.178796,0.7567891,0.048513435,0.12666425
1.2147961,0.89519584,1.2187939,0.710215,0.032331575,0.14609021
1.6820878,0.95881426,1.6497953,0.78732145,0.19208187,0.1232436
0.9985915,0.94913566,1.3474658,0.80993646,0.550326,0.14019439
1.5547475,0.5924164,1.5713866,0.7211933,0.0070522255,0.13572495
1.2136084,0.8879466,1.1673965,0.7648702,0.14381103,0.1363502
1.5159665,0.96398413,1.5300379,0.7384499,0.088644385,0.14532496
1.2457463,0.47777432,1.3109813,0.7206517,0.12428702,0.16199008
1.6843934,0.9265342,1.7105496,0.7909545,0.06077759,0.11135164
1.2581375,0.9137684,1.2510383,0.66786367,0.031838473,0.1710251
1.6554513,0.98228896,1.6777289,0.76057184,0.005952522,0.11742628
1.4603982,0.59518135,1.4774213,0.6842988,0.004953041,0.15416291
1.4977199,0.83659166,1.318408,0.7370336,0.19493946,0.15416148
1.3781724,0.7463956,1.4185402,0.7301438,0.23740883,0.16123189
1.1488264,0.96103764,1.1107845,0.7770847,0.09877759,0.12571879
1.7768182,0.9763874,1.8155012,0.8199462,0.01124826,0.08823571
1.1824838,0.8609972,1.2563579,0.7437707,0.14272508,0.14429893
1.7150927,0.85524553,1.7810674,0.80232126,0.04681201,0.103631526
1.8822886,0.9970548,1.9155059,0.8629413,0.007756408,0.07271327
1.0185217,0.933698,1.3027968,0.73790103,0.1742185,0.15085463
1.6233739,0.80055267,1.5935075,0.7683968,0.25103295,0.14329346
1.3147038,0.5053912,1.3283107,0.6621251,0.008244625,0.16592422
1.3080873,0.7974266,1.3144736,0.66128194,0.0060261865,0.1642804
1.4927801,0.96189636,1.4772325,0.71874464,0.0741501,0.1497242
1.3631054,0.51103204,1.3721273,0.65669906,0.0058825794,0.16729835
1.4888145,0.6863745,1.5034626,0.7016351,0.034902982,0.15647058
1.7123885,0.7269931,1.6082776,0.8044776,0.45975325,0.12881584
1.1604226,0.6540882,1.1698837,0.7285569,0.008292477,0.13145292
1.0848005,0.7325208,1.224149,0.78296614,0.23114854,0.13607979
1.5929339,0.7328114,1.6022031,0.7565914,0.14310218,0.13399075
1.5341773,0.6472315,1.5512822,0.71467656,0.006465435,0.13881792
1.8172224,0.8862715,1.8660977,0.84102607,0.008343115,0.0801395
1.425612,0.46745208,1.4407585,0.67354673,0.011902554,0.16270237
1.8119762,0.87372154,1.852448,0.83854383,0.013809839,0.081899375
1.3490695,0.72858346,1.3552415,0.65472543,0.009363255,0.17293392
1.5808432,0.612843,1.5807858,0.7432586,0.057490107,0.13925013
1.6251787,0.6432075,1.58883,0.7679353,0.16728348,0.13311066
1.6514739,0.92651206,1.6760082,0.7635697,0.008984455,0.11569916
1.1979998,0.84711945,1.1406164,0.79274553,0.14152552,0.12507735
1.4046817,0.804128,1.4145999,0.6786672,0.023181153,0.16086571
1.2169895,0.51335573,1.2042613,0.77198285,0.10653434,0.13341232
1.3131564,0.57632995,1.4456239,0.75662243,0.34479484,0.14633876
1.2465796,0.4775412,1.2445664,0.6763121,0.0061521963,0.15633741
1.582678,0.83347404,1.5687749,0.7440045,0.114345774,0.1441354
1.3777763,0.53079224,1.3868413,0.65936154,0.011177682,0.1694106
1.174677,0.956942,1.181678,0.72164214,0.006280045,0.13332933
1.5842841,0.7703485,1.5975778,0.73190963,0.00838412,0.1330236
1.5278116,0.5655774,1.5548029,0.71432996,0.0073650777,0.14062758
1.1634235,0.7141419,1.3873353,0.7785518,0.35842407,0.14752431
1.2923661,0.8900513,1.2995734,0.6676403,0.013904968,0.16536897
1.3094277,0.57155937,1.3303399,0.65624154,0.0076208524,0.1694154
1.6175628,0.7194711,1.6420684,0.74671185,0.0055664927,0.12445956
1.3083614,0.48605582,1.3154209,0.6622894,0.014671416,0.16789442
1.6559464,0.89204353,1.7311132,0.8553451,0.38106886,0.10098621
1.5337638,0.94508827,1.5529716,0.723753,0.024290716,0.14101894
1.1739402,0.82265,1.1725156,0.7231863,0.014826182,0.13346611
1.5472939,0.6762222,1.5611186,0.71803296,0.0076832706,0.13952509
1.5075322,0.8960945,1.5133612,0.7151902,0.035225693,0.14834394
1.9071305,0.87000185,1.9371972,0.8768584,0.008659156,0.06721113
1.0868745,0.91260946,1.3679824,0.7920288,0.40584695,0.133789
1.4990312,0.77340823,1.4808974,0.7266191,0.19458786,0.15759364
1.6153189,0.6134073,1.6458709,0.7496114,0.006477191,0.12330654
1.8219206,0.8065293,1.8611057,0.8390813,0.008625226,0.08019613
1.6563569,0.9407054,1.6831145,0.76835096,0.0126428185,0.11382616
1.4288092,0.6995425,1.4590037,0.7013068,0.07506252,0.16285527
1.4821738,0.82805514,1.4946399,0.69088954,0.0049819816,0.14954478
2.0128567,0.8839316,2.065841,0.9318697,0.031641517,0.043767665
1.6223859,0.7453105,1.6177564,0.7373496,0.0076748817,0.13055705
1.7628764,0.739406,1.8047216,0.8206861,0.012362873,0.08919138
1.7853305,0.7301784,1.4904377,0.83702374,0.5629268,0.124804206
1.7547768,0.9744455,1.7737367,0.796004,0.0061870515,0.10108251
1.1633083,0.62283236,1.1402466,0.74227,0.06266265,0.13140471
1.8882833,0.8502566,1.934689,0.8753965,0.008442118,0.06706622
1.3926777,0.8385135,1.3988771,0.6623283,0.0081261685,0.16685194
1.8909864,0.86312497,1.7697675,0.8408654,0.4411949,0.105765626
1.6280557,0.6962872,1.6471715,0.74608046,0.0063285385,0.12384812
1.5171025,0.7908372,1.5346887,0.7143556,0.009450616,0.14083883
1.1984072,0.77830154,1.3145258,0.8093027,0.41817465,0.1409006
1.6255692,0.801391,1.674788,0.77548945,0.074721016,0.12794164
1.4486994,0.9358149,1.4482715,0.6721722,0.007954489,0.15868229
1.4040616,0.84297657,1.4197938,0.6618625,0.007824135,0.16547137
0.88182324,0.97945994,1.4611044,0.8736668,0.46733296,0.10263652
1.9373785,0.8915485,1.986628,0.89879215,0.0097308345,0.057965852
1.9233526,0.8811867,1.9496589,0.8848971,0.009465832,0.061305244
1.9401717,0.7990309,1.9955592,0.9000257,0.029974272,0.058611006
1.7046998,0.64587384,1.7010424,0.7805464,0.013532276,0.11291147
1.4561573,0.8689921,1.4440079,0.7027258,0.076033756,0.16149767
1.4773532,0.99547565,1.3736162,0.72673094,0.1590511,0.1562091
1.3804812,0.7981277,1.3695083,0.66090715,0.01603745,0.17145099
1.2187032,0.88989127,1.2217822,0.70969737,0.02158851,0.14343898
2.0735564,0.91662407,2.141426,0.9620176,0.056207404,0.037484888
1.7860224,0.8559205,1.6493559,0.80749536,0.29912722,0.120083295
1.4158474,0.8978157,1.4880869,0.7509254,0.15874812,0.15046832
1.2722112,0.6368856,1.2774827,0.67335284,0.02086866,0.16279717
1.0380019,0.98286855,1.196383,0.78155345,0.26305076,0.14030853
1.5016559,0.8989907,1.5262029,0.7162646,0.06420241,0.15164803
1.5380127,0.80715,1.540458,0.7105359,0.016989987,0.1464035
1.4680911,0.9930544,1.4693415,0.69673157,0.046408776,0.16358557
1.5656189,0.68638027,1.3701689,0.7949657,0.397646,0.13796009
1.1382134,0.60959697,1.1823642,0.7453286,0.06638014,0.13459857
1.546113,0.59629905,1.5685637,0.7199675,0.009295196,0.13564731
1.6379206,0.6069962,1.6645176,0.765607,0.012276864,0.11518919
1.5562924,0.9599228,1.5816078,0.730132,0.008433505,0.13302882
1.4996085,0.86761385,1.5087016,0.7025334,0.006181566,0.14385085
1.9729847,0.88110423,1.9960542,0.9001147,0.010710563,0.055337105
1.188933,0.64409393,1.4185128,0.7349123,0.23264891,0.15389858
1.5863494,0.5850815,1.3222694,0.7602531,0.30809808,0.15429887
2.0223632,0.86588323,2.0678923,0.934012,0.022919826,0.04068833
1.3269597,0.7230001,1.3325524,0.6542086,0.008793332,0.16935135
1.716857,0.6707826,1.7382824,0.7860617,0.008582703,0.10381076
1.2188562,0.65758353,1.2119851,0.6985418,0.027597994,0.14703292
1.5887477,0.6443803,1.3520968,0.748084,0.26296774,0.1486452
1.6986765,0.684652,1.4239693,0.7775326,0.30792686,0.14130479
2.0855947,0.96500397,2.1364834,0.9720791,0.016867992,0.028667472
1.658015,0.7768564,1.6878388,0.7688917,0.0114532,0.11647486
1.0275216,0.7505657,1.3179722,0.8152775,0.48153362,0.13129872
1.9244382,0.7956825,1.5102828,0.79327095,0.54784894,0.13486639
1.5853416,0.8164802,1.6054873,0.73678637,0.012258357,0.1330133
1.3698735,0.75635177,1.3038182,0.75264066,0.29682282,0.14876649
1.493236,0.48930058,1.5067632,0.6939373,0.0056329165,0.14936003
1.2681718,0.84548384,1.2653747,0.68649626,0.005794587,0.15180436
1.3229433,0.8319389,1.3772693,0.6893568,0.076422624,0.16590898
1.1793824,0.8007085,1.1745659,0.7183808,0.009399618,0.13435741
1.741895,0.97130865,1.7662289,0.7959272,0.0062910444,0.10039984
1.8047158,0.7234295,1.8264349,0.8248875,0.006824796,0.08903754
1.5060546,0.56960756,1.5213501,0.71369106,0.017021064,0.14325637
1.7517481,0.8224736,1.7743111,0.81096846,0.048765816,0.09947104
1.4578164,0.7697567,1.3777735,0.71591973,0.1457182,0.15529777
1.8718624,0.76501113,1.9044039,0.85838455,0.009248422,0.07680386
1.6588012,0.7976428,1.2931137,0.75841457,0.27403978,0.15187736
1.9346806,0.84944236,2.0349112,0.92791075,0.042040348,0.050080895
1.683815,0.64779085,1.7035697,0.7827873,0.029433902,0.11419179
1.8947585,0.879896,1.9285088,0.87365055,0.008336189,0.067648456
1.4202985,0.9952119,1.4256537,0.66933846,0.005951245,0.16332862
1.4862152,0.49693456,1.5006759,0.6873471,0.011336464,0.1551858
1.8919413,0.86126417,1.9153981,0.86850256,0.017330388,0.06901779
1.5529499,0.61251855,1.5713441,0.71817005,0.0053730817,0.13777466
1.9494722,0.9961862,1.9892225,0.90064937,0.028244905,0.05417817
1.7140722,0.733383,1.4179637,0.7836018,0.35740477,0.13547525
1.3297272,0.9360232,1.3302293,0.6601793,0.008049211,0.16485974
1.2710445,0.8124519,1.2720399,0.675617,0.012154876,0.15971985
1.1829094,0.8945704,1.1584612,0.7631834,0.0922489,0.13262537
1.541325,0.81544954,1.5107615,0.73525566,0.18121336,0.14689669
1.2155848,0.50153834,1.2235107,0.6985818,0.017788952,0.14796355
1.577391,0.694244,1.6013398,0.734452,0.007594329,0.13022877
1.1829568,0.64157665,1.2226422,0.7760195,0.23109454,0.12964141
1.4627864,0.49091306,1.4821341,0.6872458,0.0052720737,0.15235847
1.685337,0.7746699,1.7021601,0.7718622,0.0059459805,0.111455224
1.7562158,0.8852644,1.7827451,0.8040492,0.012102945,0.09857875
0.91307926,0.91165215,1.0156765,0.8645788,0.26349473,0.109307796
1.1673158,0.90340805,1.0989468,0.80002075,0.10207863,0.11707788
1.4795898,0.50504124,1.4781611,0.70330274,0.04794623,0.1580114
1.715662,0.953901,1.7391701,0.7886969,0.014173162,0.10684552
1.2744235,0.63307726,1.2667964,0.6891931,0.014387922,0.15385297
1.2408761,0.61309206,1.2476141,0.67902064,0.01136075,0.15743503
1.7661679,0.97502613,1.7828381,0.81052846,0.015183229,0.093264125
1.4748594,0.7099743,1.4852452,0.6866913,0.004899027,0.15153801
1.8627712,0.9690691,1.8955154,0.8559472,0.010024221,0.075373344
1.8072525,0.8840086,1.8319638,0.8283673,0.007791964,0.08832577
1.3524978,0.85486346,1.3522799,0.6575711,0.009414689,0.17035098
1.6415455,0.75243765,1.674864,0.76734114,0.022799566,0.11720783
1.7459373,0.6945512,1.7655306,0.7985017,0.008060295,0.09924982
1.2914958,0.51890355,1.3025947,0.667341,0.0067151687,0.1602603
1.484163,0.7891161,1.4983921,0.6834267,0.007662427,0.15505144
1.5474834,0.7161551,1.5634735,0.72160596,0.00733929,0.1377781
1.2595387,0.6954795,1.2591343,0.68419135,0.005292975,0.15157449
1.7001631,0.9799033,1.7249343,0.7816644,0.007405645,0.107624955
1.3224455,0.81637084,1.3248544,0.6599205,0.011049199,0.16880587
1.8290968,0.93941784,1.8029275,0.8497213,0.20040773,0.098017365
1.4625072,0.50959116,1.5185845,0.7578429,0.25545016,0.14753626
1.2465907,0.88606304,1.2437363,0.6841148,0.005082795,0.15179977
1.136886,0.7715351,1.1230795,0.7629465,0.022794984,0.11972034
1.5478667,0.5255109,1.5804007,0.7245444,0.0055870772,0.13203621
1.4299976,0.46650252,1.452034,0.6804651,0.019109935,0.1608056
1.889333,0.76831865,1.9286168,0.87213725,0.009249511,0.06853592
1.2605599,0.9540968,1.2401233,0.69853175,0.034417823,0.15384193
1.3362058,0.7808468,1.3504317,0.6646863,0.0067589954,0.16393517
2.0781267,0.91788816,2.1197345,0.9622228,0.024455478,0.032446124
1.6211386,0.8342659,1.6556978,0.7503365,0.0059987213,0.1240005
1.3424904,0.62974644,1.3613906,0.68304753,0.11827943,0.17151436
1.7321614,0.95574105,1.7459984,0.7920456,0.007164772,0.100997046
1.2611316,0.6471054,1.2691348,0.6777586,0.013227157,0.15820283
1.9991363,0.8981958,2.0694463,0.93522626,0.016719969,0.038304593
1.5167207,0.56999725,1.5081754,0.7175158,0.050119035,0.14457294
1.6488167,0.66941065,1.6874607,0.7675695,0.0075655947,0.11377831
1.8019315,0.99332327,1.8430884,0.8354676,0.008563335,0.0853717
1.5352044,0.6478167,1.5486679,0.70982057,0.005216286,0.14071251
1.5205094,0.5789103,1.5572062,0.7258935,0.0149891395,0.13750258
1.5409635,0.9498995,1.5126886,0.73438215,0.061400082,0.1465728
1.3018322,0.510418,1.312249,0.65467197,0.0061597666,0.16746804
1.1260307,0.6888678,1.1864393,0.785433,0.2239328,0.13664782
1.1656004,0.6175851,1.3179779,0.796141,0.33532462,0.13747203
1.3192297,0.626764,1.3193169,0.65837777,0.009080008,0.16857551
1.7015668,0.7902022,1.5050478,0.7708982,0.38817838,0.14333083
1.6889364,0.93831146,1.718745,0.77355975,0.0054132864,0.11085266
1.5041342,0.56798863,1.5298715,0.7041783,0.00786218,0.14382453
1.0364367,0.89845455,0.9825449,0.8547896,0.10171045,0.09878455
1.103917,0.6785037,1.1115034,0.7731512,0.10316404,0.12444937
1.1415567,0.6120496,1.0645725,0.81228316,0.10830037,0.11747596
1.506873,0.8536541,1.5176287,0.6921693,0.009658819,0.14978759
1.0262866,0.9211455,1.1966798,0.8453643,0.5206498,0.13237621
1.6445167,0.829265,1.676188,0.75839126,0.005982687,0.117327705
1.5591817,0.64240474,1.5919652,0.7418189,0.05694708,0.13667049
1.8733644,0.9609109,1.8967555,0.8594908,0.012612426,0.073814735
1.8216776,0.74462324,1.8527699,0.8430559,0.020302348,0.08504617
1.1814184,0.9362333,1.2843978,0.7908914,0.2788906,0.12752031
1.5639298,0.76245654,1.5677826,0.7384372,0.07227929,0.140957
1.9913021,0.8861109,2.0193985,0.91444814,0.014155334,0.04923247
1.4545133,0.59235,1.4724092,0.6895808,0.0053598625,0.1510162
1.6030616,0.8444488,1.6188431,0.73843884,0.005244908,0.1266604
1.6289774,0.5806255,1.6709461,0.75766885,0.011837163,0.12047855
0.94755244,0.94836074,1.2113838,0.79898053,0.33445466,0.13372718
1.3614074,0.6631651,1.392834,0.7222399,0.18592845,0.15714529
1.5177507,0.5848569,1.5393977,0.71979356,0.010643541,0.1404289
1.476282,0.47589004,1.5019002,0.69375426,0.0052958,0.14903833
1.928178,0.8023789,1.9549546,0.87795717,0.009773367,0.06311002
1.173065,0.5595439,1.1581259,0.7772337,0.2097731,0.13663013
1.916398,0.8274873,1.9745047,0.8887054,0.012158464,0.058249187
1.004032,0.9215465,1.014082,0.84071255,0.13023801,0.10460793
1.5046577,0.8914763,1.5280483,0.7049217,0.0050658095,0.14387323
1.4231247,0.8230788,1.440779,0.6762009,0.006836769,0.15810768
1.3497026,0.732467,1.3720062,0.66697323,0.0057556517,0.16361833
1.7300807,0.8504457,1.7730474,0.80550414,0.02215613,0.09918332
1.2822145,0.9322582,1.3530915,0.6981677,0.10117815,0.16201058
1.7716002,0.68340635,1.8051493,0.81871384,0.008509583,0.091576874
1.9635807,0.83528847,2.0072682,0.9090899,0.014241512,0.051794056
1.3694065,0.9125397,1.3855214,0.66580886,0.032473274,0.17233384
1.9097248,0.89016706,1.640939,0.8703488,0.6767773,0.10669858
1.293565,0.49677762,1.2536497,0.7069559,0.062952764,0.15777765
1.7918674,0.967263,1.8103101,0.82157284,0.0104667675,0.09069769
1.6948483,0.74454397,1.7234638,0.7793569,0.0058808126,0.1090101
1.2749821,0.50035906,1.4704514,0.750409,0.29984722,0.15586719
1.8801161,0.7742788,1.5801435,0.8009005,0.45788288,0.13472524
1.0706291,0.6860248,1.2519062,0.81082726,0.2963569,0.12534323
1.3219564,0.9580007,1.3447452,0.66370857,0.006411073,0.16302074
1.3893806,0.45807683,1.4099445,0.66308844,0.004629143,0.16569811
1.4730355,0.77960354,1.4952598,0.69584733,0.0046767555,0.1473161
1.4423691,0.99003077,1.4596212,0.67714405,0.0066920454,0.15586895
1.6638745,0.94574535,1.697885,0.7669294,0.0054472033,0.115010165
1.829795,0.8242808,1.8486223,0.83370066,0.018221332,0.081964895
1.4260345,0.50219655,1.2482412,0.7916274,0.2684436,0.13635655
1.5677879,0.91807705,1.5863473,0.73070335,0.005494501,0.13157555
1.8149117,0.71493334,1.8570113,0.83627266,0.0076869386,0.08349243
1.6663607,0.6388502,1.6952658,0.77044487,0.0064153145,0.11182243
1.6199379,0.92463803,1.6476777,0.7462523,0.008086032,0.12308425
1.180091,0.60117966,1.2416098,0.7489702,0.10351917,0.14102605
1.2192316,0.70439,1.4478228,0.8258495,0.5721717,0.14398777
1.9822798,0.9262085,2.0190346,0.9105719,0.013991689,0.049863376
1.2674086,0.5351043,1.2840047,0.68380064,0.00580974,0.15302376
1.1801804,0.61747164,1.1739914,0.72081065,0.009705316,0.13437392
1.9151846,0.9419419,1.0909357,0.83255595,0.21952899,0.11646548
1.0966054,0.66272676,1.107604,0.80941296,0.09018613,0.11176865
1.713696,0.81545275,1.7370584,0.78488934,0.008165689,0.10459236
2.0185313,0.9939588,2.0482192,0.94821155,0.20046082,0.05431879
1.8184426,0.871944,1.8560948,0.8430559,0.025509361,0.08399642
1.9563595,0.9652185,1.9881394,0.8964749,0.014584376,0.05635846
1.2310127,0.60225123,1.2398837,0.7394358,0.18921806,0.15257198
1.5623757,0.95754105,1.5574567,0.72001874,0.054501053,0.146461
1.403016,0.86999434,1.4129839,0.667993,0.038994372,0.17411564
1.3772011,0.6723414,1.4205775,0.72743106,0.12004322,0.16081646
0.9533206,0.84899133,1.0207722,0.8478173,0.12565263,0.1060568
1.6813767,0.93189543,1.7127354,0.77587545,0.006582416,0.109861575
1.1171768,0.7459022,1.0885322,0.782104,0.07136324,0.11997058
1.5117853,0.744852,1.3402426,0.800203,0.44604835,0.1408695
1.7916063,0.9111027,1.8187904,0.83420646,0.0870969,0.0919136
1.7943766,0.91086626,1.825176,0.8274437,0.020817194,0.08974763
1.4082661,0.44475704,1.5169191,0.76668274,0.3802272,0.16038173
1.2246519,0.857159,1.2170839,0.72166395,0.054333832,0.14468174
1.4105579,0.6908864,1.422071,0.68039286,0.049525883,0.16516674
1.4942343,0.6734642,1.6964583,0.7816049,0.15118657,0.12128546
1.4313502,0.78520983,1.443964,0.770867,0.45081258,0.15583158
1.3558611,0.5590566,1.5355096,0.7149227,0.10543238,0.15180288
1.2842036,0.46334785,1.2805614,0.6802083,0.014444656,0.15706594
1.2617118,0.5438897,1.359108,0.7540904,0.22245838,0.14664194
1.3604206,0.41728666,1.3600445,0.6744632,0.077209406,0.17556794
1.4313453,0.57321906,1.4421229,0.6730616,0.0055295043,0.1583598
1.7246242,0.8049629,1.748122,0.79373294,0.0066315364,0.103014365
1.1722577,0.64263856,1.1711165,0.7375014,0.014637432,0.12807764
1.7314379,0.98677725,1.7610316,0.7978702,0.008844073,0.10133515
1.5845418,0.5701926,1.3172748,0.7319806,0.20552672,0.15751602
1.9103962,0.7766215,1.9583144,0.88713795,0.0092692645,0.06184668
1.1448029,0.67286015,1.238812,0.77252305,0.29619238,0.14301921
1.3981489,0.8592166,1.3891802,0.6700572,0.035033878,0.1693627
1.5323399,0.6000086,1.4389467,0.72197217,0.22785544,0.1556882
1.855731,0.8888049,1.9013948,0.8629654,0.025149858,0.069905065
1.906832,0.9871851,1.9457593,0.87330794,0.010057422,0.06739827
1.6490638,0.61301136,1.6831284,0.7603091,0.0060604922,0.1181892
1.6402129,0.699357,1.4250596,0.7846723,0.23139144,0.12513016
1.3200898,0.5162619,1.2834728,0.73574173,0.19999595,0.15719339
1.4831139,0.95113194,1.5118005,0.6997638,0.018295785,0.14802377
1.7423663,0.9585119,1.7667484,0.8032428,0.01117854,0.099982075
1.4830278,0.969367,1.4653027,0.705734,0.06757346,0.16094673
1.377631,0.85855484,1.3864205,0.65560114,0.004816507,0.16824025
1.605394,0.8068713,1.6348989,0.7430322,0.006158186,0.12662236
1.4778117,0.5023922,1.3948092,0.679669,0.1075132,0.17431374
1.271213,0.62253624,1.2830479,0.6650089,0.010351361,0.16284218
1.8806701,0.8816351,1.9070797,0.86084044,0.009222295,0.07227813
1.6634023,0.79494065,1.6847963,0.7661669,0.0066308663,0.11481543
1.8884095,0.8661323,1.2384322,0.7798935,0.27160555,0.14117989
1.2793998,0.7647367,1.2956681,0.6830672,0.040044706,0.1661723
1.3078568,0.913922,1.398895,0.71815383,0.26453498,0.16402537
1.3189731,0.95343894,1.3264098,0.6642674,0.0058948025,0.16288373
1.3041587,0.4392957,1.3110027,0.67937285,0.042701382,0.1618811
1.8665131,0.83906204,1.9093802,0.8646274,0.011103645,0.07020858
1.937444,0.8144956,1.9649346,0.88580614,0.017047614,0.060560215
1.0039157,0.894849,1.3793323,0.85708505,0.5363811,0.12513132
1.1213883,0.6166122,1.1309912,0.82032675,0.19892898,0.117469564
1.7118425,0.7264779,1.729727,0.78582025,0.011688973,0.104447894
1.1562772,0.6225267,1.1436267,0.7299975,0.014904066,0.13035792
1.5441167,0.8023872,1.2486899,0.779788,0.268112,0.1363861
1.1655555,0.5944051,1.104559,0.7932696,0.07313773,0.11719113
1.8133932,0.72395176,1.829339,0.85836256,0.2770537,0.104587294
1.3743209,0.8155987,1.3892963,0.6553334,0.012955798,0.16828577
1.5350926,0.94796425,1.5158396,0.72240293,0.12942834,0.15365404
1.4394765,0.9695296,1.4499269,0.68166846,0.00591223,0.15479389
1.2417727,0.88757646,1.236047,0.6968234,0.02274302,0.1489371
1.4629506,0.6439066,1.4661405,0.6815654,0.017725341,0.15829462
1.5115947,0.9742048,1.5520413,0.7351452,0.13404413,0.14954288
1.7771388,0.91974926,1.7359567,0.81826943,0.23419455,0.11294748
2.100626,0.9539513,1.5807936,0.8498637,0.79983354,0.12546735
1.4753438,0.89488345,1.3709974,0.7409812,0.1574328,0.14907053
1.1371398,0.7864128,1.0952578,0.7865503,0.11786763,0.122976646
2.0824332,0.99907786,2.1458228,0.9856345,0.05141227,0.027242959
1.6042562,0.59385645,1.5231032,0.7560649,0.23410015,0.14149995
1.2907593,0.59385574,1.2238524,0.71773064,0.10512446,0.15431376
1.5822434,0.79953814,1.6095822,0.73454404,0.005332748,0.12918654
1.0761448,0.69117975,1.009879,0.8202521,0.051406812,0.10253696
1.2281334,0.9920744,1.1895359,0.7449435,0.046605647,0.13322508
1.3167409,0.4949865,1.3263955,0.66637236,0.02415184,0.16678588
1.72133,0.8626495,1.7342811,0.806945,0.10730706,0.10685178
1.5296378,0.5849661,1.5585587,0.7142639,0.005429205,0.13683417
1.5302204,0.85926396,1.5458863,0.7141407,0.007032065,0.13778512
1.5941743,0.81155956,1.6041946,0.7324671,0.00612546,0.1288406
1.6289576,0.76466733,1.4138005,0.78223014,0.3965191,0.14203003
1.7546816,0.72710776,1.4633899,0.82948023,0.6474663,0.14167848
1.3564684,0.64264685,1.3712776,0.6627511,0.0055680852,0.16283506
1.6488018,0.86038554,1.6707113,0.75984204,0.0062109316,0.11756272
1.4343079,0.6167952,1.5145338,0.7029397,0.047055524,0.15405911
1.099836,0.75261873,1.2795229,0.7622967,0.21855852,0.14306423
1.4450381,0.68939155,1.4507279,0.67305267,0.005181852,0.15935577
1.5728518,0.6048366,1.6048064,0.7416934,0.03767828,0.13699394
1.7012314,0.81938684,1.7251666,0.78444576,0.013202767,0.110365905
1.3370049,0.7492689,1.420162,0.70687574,0.14747342,0.16150483
1.6177408,0.79873,1.6261418,0.7472341,0.008312196,0.12693976
1.4349993,0.9725674,1.4413941,0.67923605,0.0054240655,0.15623316
1.6538403,0.9050837,1.6710057,0.7585445,0.012584307,0.12052245
1.9215603,0.95182884,1.9403679,0.8770985,0.020614624,0.066123985
1.7257951,0.952093,1.7709472,0.79976195,0.037215054,0.105805054
1.3703637,0.71753246,1.3860326,0.6655965,0.011509476,0.166066
1.9164975,0.91135895,1.9533539,0.8835489,0.029600292,0.06700801
1.4465504,0.66401905,1.4668155,0.68510914,0.024081102,0.1623452
1.3680019,0.8231073,1.3804533,0.6657022,0.018440215,0.16765043
1.299328,0.49187848,1.2560935,0.7162818,0.075379364,0.15516476
1.7303089,0.87404925,1.7715292,0.7964327,0.008801906,0.10118034
1.3728099,0.66850764,1.3776116,0.6531631,0.005573454,0.16851126
1.5521107,0.6641173,1.5723162,0.7193648,0.0051443717,0.13704509
1.6301923,0.85390097,1.4873779,0.73803115,0.2938928,0.15000443
1.203622,0.75435054,1.1986618,0.7094602,0.012336464,0.13987485
1.2032063,0.7991634,1.2272568,0.720742,0.04584094,0.14391805
1.4622431,0.7259346,1.490442,0.6941136,0.012117235,0.15377764
1.1403378,0.8862071,1.0876539,0.81857383,0.13411765,0.11667406
1.8571692,0.76287776,1.8701627,0.8456257,0.015679777,0.08271849
1.0757525,0.75904065,1.0901685,0.780695,0.07768354,0.123674884
1.4837424,0.5875833,1.4949014,0.70344555,0.0630822,0.15634863
1.3946161,0.76721627,1.4026797,0.66443074,0.0069448934,0.16419241
1.4538932,0.57210314,1.3801837,0.71422625,0.15810747,0.15864974
1.5466332,0.8919499,1.5717797,0.72409105,0.012995107,0.1376552
1.4890574,0.5816319,1.4954078,0.70281947,0.04029411,0.15720709
1.5137403,0.6448452,1.5317581,0.7029171,0.010030693,0.1440149
1.1810943,0.54304194,1.2316105,0.74066633,0.18509626,0.1446201
0.9551008,0.891434,1.4104419,0.85837287,0.6890367,0.13789573
1.33484,0.66733104,1.3438866,0.66163754,0.011696767,0.16647407
1.6010206,0.7924995,1.6187305,0.73879325,0.006462048,0.12908761
0.9926835,0.85531,0.963676,0.86084956,0.13865471,0.10161315
1.6994022,0.9951664,1.7122061,0.7732012,0.005974805,0.1100556
2.1243916,0.97444624,1.5038176,0.8097555,0.5917796,0.15218963
1.9994912,0.97735035,2.0494795,0.9250786,0.01190885,0.04471934
1.3373216,0.5656204,1.3134773,0.70760316,0.14146395,0.1677148
1.2693937,0.87858456,1.2618806,0.68493795,0.016359208,0.15321754
2.0647492,0.9205893,1.8634319,0.9210302,0.6879665,0.08107952
1.6918986,0.6145159,1.7414563,0.7857713,0.014035233,0.10422218
1.5963469,0.59457517,1.5620892,0.77210045,0.13105428,0.14120556
2.0699673,0.9054595,2.1203334,0.9627442,0.01722499,0.03091107
1.7515306,0.76180184,1.7959509,0.81746113,0.023963965,0.09544862
1.9038271,0.9812328,1.9402812,0.8748413,0.016297545,0.06434382
1.8607861,0.7347202,1.8781319,0.8628374,0.13729446,0.08608332
2.0079806,0.9394425,2.0532634,0.92858535,0.041816425,0.04780438
1.0427991,0.86224896,1.0040498,0.8622079,0.18079887,0.105672136
1.33394,0.6909169,1.204968,0.74123675,0.1134852,0.14474785
1.8018218,0.81734294,1.8044245,0.82561296,0.04322584,0.09271664
1.8339875,0.74691945,1.8633859,0.841359,0.007314715,0.082634784
1.5426208,0.62971556,1.5564888,0.73011714,0.03402439,0.14163554
1.5824515,0.7446719,1.6184545,0.7401526,0.008802502,0.12789515
1.284336,0.4511086,1.2988851,0.6758635,0.009185669,0.16001505
1.8460426,0.8478677,1.8691084,0.8417862,0.009271952,0.080117054
1.1935084,0.59994936,1.1605189,0.82393086,0.24966377,0.12401123
1.1831988,0.5797745,1.1896975,0.7148934,0.0075364453,0.13613029
1.3392775,0.52912426,1.8841937,0.8855452,0.53132296,0.0855506
1.9499793,0.9168451,1.9892693,0.8967131,0.021925675,0.05338035
1.3659896,0.5980288,1.3720329,0.66141087,0.0065975995,0.16509628
1.6590362,0.83834225,1.4000151,0.72979563,0.18811904,0.15500875
1.1955045,0.79608417,1.1799223,0.7467184,0.082608595,0.1373762
1.9577212,0.83265686,1.964756,0.8844554,0.011342098,0.0613393
1.850673,0.79673827,1.8807373,0.844663,0.007886841,0.079310104
1.5229657,0.8678684,1.5064545,0.732585,0.06813194,0.14878622
1.2055836,0.6647288,1.1943154,0.7218338,0.01669233,0.1370524
1.4370711,0.76351166,1.4575641,0.6787806,0.0051074545,0.15728806
1.4347793,0.4975584,1.4493337,0.67820716,0.005487437,0.15728086
1.545557,0.9723052,1.5588884,0.73458755,0.046031427,0.1406384
1.8186775,0.94992316,1.7602081,0.8508001,0.25027633,0.09952387
1.6669453,0.924289,1.6139467,0.80237454,0.30605507,0.1399965
1.7468034,0.7684479,1.7725148,0.8074164,0.013831941,0.097069174
1.0497164,0.9261397,0.9984998,0.8529045,0.11195415,0.10324505
1.8329601,0.7925826,1.8636744,0.84002906,0.009532486,0.08221097
1.5378629,0.5753198,1.2720835,0.78691816,0.46181986,0.14769736
1.054188,0.680108,0.91962665,0.87133616,0.08337981,0.091917634
1.4613886,0.65504813,1.5063796,0.6987054,0.04560146,0.15263394
1.14302,0.9763974,1.0510287,0.8157496,0.16020447,0.113779575
1.7964343,0.8375132,1.823735,0.8383967,0.101447776,0.091196574
1.2715099,0.59594595,1.2890513,0.676113,0.03985532,0.1655031
1.827258,0.9333535,1.8490391,0.8441549,0.028826863,0.083535016
1.245737,0.69945097,1.2486145,0.7202244,0.13023257,0.15762024
1.3924544,0.42628923,1.3221853,0.6903001,0.08484222,0.1629765
1.1517965,0.57730573,1.1204972,0.75165164,0.016276369,0.12247524
1.7255074,0.7799537,1.7512872,0.7908656,0.009168768,0.10020973
1.4120765,0.4449541,1.4404652,0.6693077,0.006847764,0.16074471
1.6642835,0.8840894,1.479193,0.78056633,0.33371273,0.1356482
1.4609233,0.8792732,1.4249315,0.72679996,0.13351771,0.15466212
1.8636736,0.9412043,1.889169,0.85550946,0.008617221,0.075576104
1.705306,0.70354307,1.7364612,0.7890397,0.0066727204,0.102879934
1.7672409,0.8505966,1.7979405,0.8097246,0.0068983217,0.09616399
0.9679719,0.929725,1.2130775,0.8065594,0.35927084,0.1357737
1.3097076,0.7928708,1.2801805,0.71852946,0.13733833,0.15755798
1.5854316,0.76494354,1.6092694,0.7340097,0.005375931,0.1294351
1.9567723,0.83248633,2.0056436,0.9033626,0.015730228,0.05020801
1.5418016,0.54433614,1.572233,0.7225188,0.005942358,0.13506982
1.8361093,0.8359843,1.8736408,0.84187835,0.009012399,0.081749626
1.7798674,0.7864382,1.8025436,0.8139884,0.0075468053,0.09329659
1.5893198,0.8800732,1.1966248,0.7532653,0.17265826,0.14287008
1.6955632,0.65189725,1.7207115,0.7764207,0.006327253,0.10927711
1.3275255,0.46715087,1.3414133,0.6825376,0.10285659,0.17979729
1.9718817,0.84268886,2.002155,0.90581256,0.018434985,0.052102484
2.0012348,0.9519038,2.0447369,0.9253953,0.01962823,0.04475903
1.1150074,0.95484096,1.0849044,0.80559134,0.06327567,0.109010875
1.5712824,0.7086587,1.6067991,0.7422365,0.010005793,0.12646315
1.8022822,0.9374275,1.8269882,0.827663,0.012008925,0.0875566
2.005922,0.874562,2.042237,0.9463889,0.07799549,0.042713642
1.441428,0.4607296,1.4558761,0.6735103,0.0050024297,0.15878697
1.1754955,0.84415567,1.1676335,0.739703,0.012570532,0.12822458
1.125031,0.9631161,1.1173248,0.7831285,0.1752633,0.13062106
1.3306743,0.63242626,1.339884,0.6600213,0.023007551,0.1755064
1.5514534,0.9018462,1.5582843,0.7157721,0.0077344254,0.13928172
1.1886059,0.54634815,1.2013705,0.71250886,0.019139726,0.14076273
1.1532853,0.7334219,1.0961246,0.76040363,0.042544916,0.12424188
2.0882602,0.9560515,2.118431,0.9728692,0.117563866,0.039572965
1.5678055,0.8713444,1.5743415,0.7175249,0.007944805,0.13669644
1.5056245,0.4965059,1.5257754,0.70728654,0.004967578,0.14253701
1.248,0.97580105,1.1497419,0.76426184,0.19492677,0.13931148
1.6279374,0.60148394,1.6352572,0.74557763,0.0066050785,0.12511875
1.3707764,0.47077015,1.3855007,0.6598046,0.0051876316,0.16758299
1.3216261,0.83223456,1.3239443,0.6550026,0.0058980137,0.16862608
1.576458,0.5363526,1.6232157,0.7512002,0.052174322,0.1274622
1.7540479,0.9885667,1.8020511,0.81647074,0.009326028,0.0901911
1.5019637,0.6388195,1.412595,0.6978471,0.13547046,0.16423942
1.6310688,0.5725791,1.6658537,0.75443596,0.0054930677,0.11923161
1.7399932,0.6545787,1.7757134,0.80328083,0.007093688,0.0982995
1.3519229,0.568913,1.2820673,0.71678156,0.08165312,0.15312502
1.6180034,0.7730164,1.4811378,0.8063927,0.41583744,0.12938288
1.3217294,0.75552666,1.2390459,0.74699533,0.15505676,0.14837411
1.9672495,0.9445272,2.0230265,0.9170045,0.026833372,0.0486695
1.4298923,0.7518796,1.3971627,0.6994513,0.118946165,0.16462368
1.3113637,0.89562804,1.3011415,0.6839596,0.027951036,0.15900795
1.3644377,0.7137694,1.3770297,0.6549674,0.007346117,0.16905366
1.9803005,0.8609565,2.025735,0.91846025,0.045434445,0.050758895
1.1021338,0.66243786,1.0671206,0.83425456,0.13902535,0.111255616
2.021269,0.9901128,2.0645754,0.93980426,0.015670098,0.0397066
1.731928,0.95736635,1.6453645,0.8131886,0.31041253,0.122906856
1.315435,0.9011068,1.3178256,0.66045564,0.012809963,0.16970554
1.5354017,0.5673649,1.5496294,0.7167512,0.014505272,0.14194685
1.3327928,0.43603376,1.3401513,0.6686534,0.05281076,0.17613983
1.0799736,0.6519507,1.0685257,0.79744345,0.07347958,0.117890105
1.837375,0.7783889,1.8658407,0.8380838,0.008055358,0.08001195
1.3678708,0.41683182,1.2833128,0.6827774,0.03612989,0.15867624
1.4555382,0.48763603,1.4752896,0.67150414,0.008880622,0.15725565
1.5961031,0.8865554,1.6082218,0.7342186,0.006456393,0.13029289
1.3423953,0.5265311,1.2360461,0.7768979,0.21246965,0.13335393
1.3056432,0.6824497,1.3631775,0.75994104,0.3327411,0.15858714
1.4210553,0.54484355,1.4399712,0.66841376,0.0056226924,0.16133678
1.6640642,0.5950733,1.6992776,0.77050465,0.00577822,0.11300237
1.6144878,0.9667692,1.636117,0.7500728,0.005524376,0.12198275
1.1951494,0.84512943,1.198448,0.70649976,0.015857663,0.14196113
1.4103876,0.655476,1.4255764,0.66488457,0.0066789566,0.1623176
1.2035037,0.59839463,1.1980305,0.7055855,0.016268238,0.1423799
1.4416547,0.82300764,1.4595444,0.6783669,0.013751874,0.16095142
1.2856131,0.68550754,1.2988904,0.6795369,0.02676369,0.16609283
1.5897886,0.6886398,1.610003,0.7284329,0.004854056,0.13156676
1.1854181,0.93768334,1.1707413,0.7224815,0.019123312,0.13550715
1.4193866,0.4607998,1.4313843,0.67219377,0.009116904,0.16033745
1.4090648,0.82604575,1.4271805,0.66330194,0.00456981,0.16401239
1.300768,0.7733899,1.1982312,0.7328665,0.07329649,0.1442147
2.0137355,0.97370815,2.042302,0.927515,0.08413905,0.051270112
1.5227455,0.62362754,1.5279076,0.70803493,0.0060988683,0.14268851
1.8280619,0.7722527,1.8928466,0.86242586,0.056268647,0.07533418
0.978351,0.8734332,1.2999098,0.7790089,0.24386278,0.13408569
1.2919003,0.67543167,1.2840705,0.67689157,0.027651025,0.16339363
1.6156431,0.75652975,1.6356568,0.74298567,0.0057030385,0.12543598
1.3206335,0.8216944,1.2142098,0.7709889,0.24448805,0.14151506
1.7840619,0.6955722,1.8262672,0.82476616,0.013046176,0.08984288
1.5331687,0.8151817,1.5460556,0.71079373,0.005864163,0.14081547
1.509342,0.9919013,1.5261526,0.71053255,0.02555629,0.14843495
2.0616076,0.9083704,2.0929585,0.9494633,0.015639324,0.038152892
1.3830098,0.42049417,1.4093955,0.6645661,0.005312386,0.16431001
1.3489068,0.76768625,1.3652747,0.6575527,0.0053694244,0.16938154
1.3978174,0.73245484,1.27423,0.74527526,0.18337727,0.14870839
1.1220629,0.6062096,1.0990946,0.769226,0.051015116,0.11912358
1.1328312,0.88469136,1.5926087,0.7806188,0.3235537,0.12859768
1.7433206,0.9221812,1.7833693,0.80200505,0.009108132,0.099804856
1.296918,0.5239719,1.3188024,0.663429,0.0053206226,0.16369988
1.3612063,0.47014418,1.3789628,0.65962154,0.0064912653,0.16732323
1.8345574,0.7347605,1.8664639,0.839637,0.009245539,0.080820695
1.3504932,0.87527996,1.3676045,0.65562224,0.005253774,0.16837776
1.7728889,0.8759009,1.7921386,0.80720276,0.006722124,0.09626164
2.087635,0.97868645,2.1196105,0.9631607,0.017265491,0.030576555
1.3710176,0.61639035,1.3882105,0.7348055,0.17724366,0.15383556
1.526022,0.62483776,1.4679742,0.7306665,0.18822347,0.15626033
1.5471495,0.93837875,1.5576637,0.71701825,0.0053774337,0.13954003
1.710893,0.74843717,1.7382288,0.7902007,0.008627817,0.10371745
1.7046458,0.6806684,1.7259791,0.7817415,0.01048378,0.11098905
1.8516334,0.9149068,1.8880444,0.8518091,0.008597862,0.076388165
1.7998368,0.9350876,1.8267055,0.8236055,0.0074171023,0.08843227
1.7171347,0.9177884,1.749891,0.7984262,0.007615749,0.10111714
1.486779,0.5078377,1.3654528,0.7566569,0.22292131,0.15030012
1.6420373,0.9678689,1.659394,0.7538886,0.005360537,0.12012136
1.5801353,0.7916349,1.6005306,0.7310969,0.005959597,0.13061689
1.3510336,0.66720855,1.353245,0.6489377,0.014975425,0.17508447
1.2883649,0.6947229,1.378469,0.7377957,0.27528742,0.1628667
1.3981037,0.80788076,1.335408,0.7162562,0.13853593,0.17272314
1.1148089,0.90870607,1.3281431,0.7684553,0.3504682,0.14224432
1.2263386,0.54826325,1.2212505,0.71742254,0.028868182,0.14419354
1.7330511,0.9682334,1.7579844,0.7989762,0.007869231,0.10165506
1.2408448,0.9021825,1.2187693,0.7102566,0.028447347,0.14411964
1.2677479,0.7411069,1.290093,0.72914517,0.17744318,0.15386559
1.1502008,0.6133027,1.1038355,0.77546275,0.05958974,0.12174554
2.01309,0.9054748,1.5924845,0.8155615,0.5359767,0.14133081
1.6536833,0.6177167,1.6944506,0.7618429,0.011571534,0.11869487
1.508401,0.6070327,1.5381036,0.70822525,0.0050818403,0.14243525
1.150465,0.67887205,1.2774992,0.7817368,0.29348564,0.14361425
1.0487202,0.72539103,1.0455455,0.86254126,0.2908355,0.10351422
2.0904124,0.93849385,2.121303,0.958147,0.015971348,0.032823097
1.5905402,0.72546166,1.6097794,0.74884546,0.024550509,0.13288866
1.2395215,0.51577336,1.2517543,0.67739844,0.02031859,0.15853858
1.8632164,0.813449,1.8903675,0.84870106,0.009684934,0.075840324
1.4744241,0.8163236,1.4732893,0.70654935,0.06365216,0.15310872
1.4907991,0.9362521,1.5113456,0.6944322,0.0060822247,0.1474173
1.5276473,0.74358565,1.5475333,0.71807754,0.0052595115,0.13781819
1.6189287,0.9615881,1.6415532,0.7560202,0.010611,0.11981126
1.8767194,0.8397406,1.8721206,0.85606796,0.124678135,0.08532714
1.202249,0.62625927,1.210216,0.7138432,0.007972762,0.13889919
1.6218972,0.7677647,1.6912231,0.80167574,0.2651367,0.13287854
1.8874271,0.7759517,1.9456091,0.8740404,0.014707878,0.064620584
1.5258275,0.5492488,1.5124717,0.7342291,0.13039945,0.15166602
1.0531422,0.79957265,1.1384506,0.88035107,0.3605946,0.093115814
1.9771309,0.93435985,2.011601,0.9093587,0.017721917,0.050886832
1.4731388,0.9580462,1.4956157,0.7125976,0.12878707,0.16085349
1.0797718,0.91332495,1.0716372,0.83958685,0.16667213,0.11288226
1.9555929,0.8423842,1.3672495,0.85683054,0.5558232,0.11727116
1.4260451,0.78745306,1.4429574,0.6729442,0.006578958,0.15865111
1.623728,0.6438931,1.6526804,0.75081766,0.0061387285,0.12232108
1.0976292,0.66665334,1.0620455,0.8670368,0.17019181,0.10071792
1.5411199,0.7478615,1.5665848,0.7198254,0.0059398995,0.13414456
1.7933618,0.79172885,1.8186641,0.8186537,0.007335364,0.09157591
1.3702817,0.8747752,1.4010227,0.6660664,0.014161375,0.16550209
1.9614569,0.945372,1.9993367,0.9053158,0.009524839,0.054353584
1.6125247,0.9567834,1.522964,0.7534988,0.3288814,0.14641498
1.824139,0.85030216,1.8613577,0.8471792,0.02709041,0.0785855
1.6731787,0.9479072,1.6986628,0.77821475,0.053245645,0.11514997
1.2226757,0.58181363,1.2356675,0.7618051,0.1729968,0.14078991
1.1154163,0.7669874,1.061362,0.84645,0.1980374,0.10876091
1.5647153,0.5443264,1.5514181,0.7335934,0.06275881,0.13911875
1.9720148,0.82575226,2.0132904,0.9062508,0.020421496,0.052693166
1.758312,0.7090357,1.7826574,0.80279315,0.007865981,0.0986997
1.1946661,0.82791,1.2041395,0.7529405,0.118760824,0.13719662
1.3720593,0.8264567,1.3720183,0.65859175,0.008853899,0.16775963
1.0145187,0.9791888,1.1850369,0.7431195,0.078340344,0.13887566
1.5784398,0.9938787,1.588475,0.7341088,0.010000518,0.13297316
1.3692669,0.42302996,1.38536,0.6607961,0.004979006,0.16683008
1.4183432,0.72858495,1.4275899,0.67303425,0.0111432895,0.16528325
1.2685002,0.5516971,1.2817373,0.7491649,0.24744225,0.15890598
1.261049,0.72649425,1.26179,0.6876315,0.025679402,0.15489362
1.2893301,0.46216136,1.3042982,0.67774427,0.04177848,0.1632908
1.4230032,0.8067386,1.4242058,0.6785876,0.031603042,0.16897295
1.4444118,0.79947394,1.4660656,0.68992615,0.006166396,0.15255724
1.2255576,0.7397072,1.2879219,0.7627159,0.301548,0.14759608
1.7193367,0.929961,1.7562034,0.7964913,0.0070263436,0.10289121
1.4451983,0.6656201,1.4655173,0.67700946,0.007209168,0.15774919
1.1552935,0.6218141,1.1477621,0.7400024,0.031478588,0.13075963
1.2051388,0.98908037,1.2050505,0.7497471,0.052151967,0.13584855
1.6577152,0.749829,1.6849823,0.76602477,0.0058836034,0.114657044
1.2668123,0.8750274,1.2769835,0.66638356,0.006374503,0.15881743
1.3645422,0.7836669,1.3728042,0.660166,0.04483138,0.17494878
1.0927458,0.69224125,1.2458394,0.7886647,0.3696022,0.13743675
1.1254803,0.8607775,1.0367477,0.84295374,0.1979041,0.112983875
1.5498942,0.9590817,1.5665398,0.71351206,0.0077032293,0.1384652
1.6403044,0.62359285,1.6161437,0.78552765,0.09648365,0.120095715
1.2818044,0.8291553,1.2825463,0.66578275,0.012828844,0.16478972
1.6296334,0.8677746,1.6533251,0.7697862,0.053622223,0.1221843
1.2557827,0.7156208,1.0980077,0.8045988,0.071054935,0.11122968
1.1877496,0.7088613,1.208153,0.7149242,0.060161054,0.14516212
1.5932341,0.743921,1.6110022,0.73519355,0.005805553,0.12699652
1.7066582,0.87174064,1.7049508,0.7979422,0.049702875,0.10795469
1.5727824,0.70047635,1.5850403,0.72198224,0.005899324,0.13636085
1.4638875,0.72732943,1.4807909,0.688488,0.0052781305,0.15207708
1.5720911,0.8379842,1.6000214,0.7310677,0.005530237,0.13171104
1.1161559,0.8585586,1.0998917,0.8043533,0.106305115,0.117835075
0.9916699,0.9886183,1.1209729,0.9154878,0.43998662,0.08856587
1.0520724,0.73393464,0.97788787,0.8421505,0.06623532,0.093981326
1.4799544,0.7912325,1.5048931,0.69783527,0.0049654185,0.14657827
1.4313259,0.54336685,1.448024,0.67638654,0.0091338,0.15772758
1.5470736,0.5672344,1.5721326,0.7165107,0.0067896373,0.13909139
1.7331425,0.704038,1.4882889,0.75917315,0.35698795,0.14481388
2.0868762,0.98645246,2.1570258,0.9780491,0.038241275,0.028491292
1.0636663,0.6864773,1.262502,0.8082168,0.33909872,0.12624982
1.1264133,0.74473065,1.2113557,0.8106305,0.3761929,0.12955466
1.4386717,0.5803799,1.4303355,0.69276804,0.07285518,0.17047353
1.3561292,0.576192,1.3642893,0.6563759,0.0055501824,0.1689194
1.73179,0.8274716,1.758445,0.79591364,0.008263883,0.099818386
1.3565266,0.65387833,1.3560569,0.65385115,0.005426332,0.1676729
1.3565456,0.9136366,1.3672848,0.6518796,0.011988255,0.17234808
1.6386564,0.83555764,1.6218741,0.7897022,0.23268525,0.12587953
1.4685681,0.93362033,1.4377756,0.71006906,0.060037132,0.16092636
1.5950083,0.96034527,1.6152699,0.73696184,0.00591505,0.1295472
1.4951625,0.55310416,1.5078957,0.70191455,0.037764054,0.1543027
1.483738,0.5947677,1.4929781,0.69408715,0.0049882093,0.1466295
1.7047936,0.9116592,1.7342415,0.7876226,0.014670472,0.10721034
1.7938823,0.7514361,1.8193512,0.82320076,0.0069970526,0.09044017
1.4864036,0.81338173,1.5061495,0.698313,0.005296515,0.14616024
1.1954272,0.54177475,1.185432,0.70847476,0.029866291,0.14236875
1.7310331,0.76604706,1.7537038,0.79101646,0.006728553,0.10365155
1.3409473,0.43612137,1.3569427,0.65238285,0.0064017284,0.16902602
0.93266195,0.9402714,1.1491575,0.84327215,0.36280337,0.12476899
1.107057,0.99549305,1.2352464,0.79148304,0.23542145,0.14139234
1.7463609,0.9580782,1.7652452,0.7975,0.0067636413,0.101824366
1.5136086,0.5892655,1.5254214,0.71667796,0.045827143,0.15230033
1.3079226,0.8152936,1.2924807,0.6941319,0.033135522,0.16136055
1.4762281,0.9105056,1.4864371,0.68532306,0.008506775,0.15627556
1.4892464,0.49768233,1.1819265,0.8208417,0.30785292,0.13072722
1.1343694,0.6233366,1.1032814,0.76756805,0.016398925,0.115370154
2.0134037,0.87457275,2.060402,0.9314018,0.033371355,0.044423807
1.5517585,0.5315658,1.5865989,0.72515106,0.006107168,0.1352068
1.6728355,0.9449261,1.6968653,0.7728181,0.0104703065,0.1157486
1.3875072,0.63342166,1.3942964,0.6544628,0.0061418144,0.17058678
1.5682259,0.6994757,1.5995331,0.7287139,0.005496791,0.1299212
1.5521978,0.6079874,1.563066,0.7172473,0.0069009336,0.13873102
1.2593544,0.5621138,1.2478275,0.6912744,0.027746962,0.15470153
1.8767114,0.91069514,1.9019954,0.86006755,0.009021162,0.07262303
1.6496952,0.6792801,1.6847353,0.7632472,0.0064756162,0.11465487
1.2139332,0.5601347,1.2242608,0.7052486,0.0064948876,0.14245608
1.572988,0.8745751,1.5901158,0.72580606,0.005351236,0.1320984
1.47983,0.5984216,1.5047512,0.6955858,0.00664236,0.1480334
1.3586133,0.5095721,1.3814554,0.6659607,0.005531698,0.16503792
1.634133,0.92534643,1.6585758,0.76019883,0.06422169,0.12814578
1.9701331,0.866229,2.0112448,0.90916854,0.009743908,0.051832832
1.3204838,0.62245244,1.3357551,0.66156185,0.018643038,0.1679174
1.8430612,0.7414583,1.6961784,0.8300025,0.34929085,0.118462645
1.702561,0.7898728,1.7270064,0.78644407,0.009962675,0.10635939
1.358917,0.7391108,1.3539419,0.6690755,0.029372308,0.1698076
1.8178144,0.8254692,1.359158,0.8212468,0.4277836,0.120873034
1.3389119,0.5597401,1.3532741,0.65686506,0.008393455,0.17194247
1.7230849,0.8924025,1.7457778,0.784826,0.0072878595,0.10711978
1.151095,0.6589218,1.155519,0.74154437,0.038004484,0.13229172
1.7526348,0.95809656,1.7778733,0.79801995,0.0062200218,0.100601606
1.4744191,0.8136438,1.48756,0.7337786,0.13700256,0.15097867
0.9925,0.88208777,1.3213758,0.8004865,0.41180968,0.14650704
1.8860786,0.8732823,1.923537,0.87317353,0.0218685,0.06738538
1.1800779,0.5934721,1.1869318,0.7212364,0.0066325865,0.13413274
1.3188236,0.7657525,1.3233984,0.6656332,0.005580592,0.16122563
1.3459553,0.41434374,1.3645527,0.6530644,0.0056897863,0.17217882
1.8347502,0.9542762,1.7945733,0.8539298,0.28276372,0.095815994
1.4166894,0.5098051,1.4463792,0.6799588,0.0058936416,0.1577431
1.9802868,0.92732006,1.9979248,0.9157383,0.19284685,0.060663838
1.3539532,0.6025091,1.3643248,0.70270574,0.16800703,0.16763304
1.9472033,0.85396975,1.9820895,0.8982525,0.011883694,0.054883912
1.0760705,0.6538213,1.2819386,0.7184997,0.13330747,0.15443905
1.6253448,0.6164777,1.6414225,0.75130534,0.006763583,0.12202921
1.5227723,0.93915176,1.5310371,0.7011701,0.015401456,0.14627019
1.3883965,0.5035068,1.3731256,0.71098804,0.23216543,0.1669539
1.4331023,0.55354095,1.4275887,0.66897243,0.043433387,0.17084104
1.4790586,0.942779,1.4943137,0.6998813,0.008102768,0.147761
1.1806015,0.75673556,1.2525847,0.77895963,0.27779654,0.13876753
1.7982104,0.80698264,1.8392138,0.83104235,0.007897872,0.086521424
1.3480233,0.49135736,1.3614931,0.6580756,0.007453712,0.1669367
1.9175913,0.920461,1.9366736,0.87630785,0.07584856,0.07001218
1.6980026,0.97268784,1.7232344,0.78280914,0.009830592,0.10844995
1.7017994,0.84257305,1.7239752,0.78132343,0.011097304,0.107654124
1.3576459,0.88917905,1.381114,0.70531917,0.18581358,0.17307417
1.3669811,0.88938767,1.3797815,0.6529005,0.0062151444,0.16904055
1.3217983,0.6529861,1.306211,0.7254304,0.20105547,0.16048235
1.9286643,0.86215913,1.1751386,0.8442801,0.3756093,0.118378595
1.1225802,0.9180656,1.5346205,0.82996094,0.50342804,0.117006876
1.1043078,0.6518612,1.0583003,0.82493055,0.10731021,0.11135431
1.9109608,0.9940547,1.9411008,0.8790923,0.009148978,0.06601128
1.3953888,0.5173034,1.4102273,0.6712166,0.006346395,0.16205385
1.4108957,0.99043524,1.4128773,0.6682305,0.02187873,0.16861907
1.5728757,0.6364176,1.585583,0.761042,0.12869641,0.14507757
1.734034,0.7750572,1.7540002,0.79580575,0.008783518,0.10162352
1.6732627,0.7884373,1.6857362,0.7905537,0.08278131,0.116175964
1.9164902,0.88528985,1.9628589,0.89087504,0.009907691,0.061993558
1.8353823,0.84872943,1.8821664,0.83646184,0.018215096,0.079373024
1.5966972,0.7632779,1.615516,0.7390479,0.005811929,0.1270142
1.4290296,0.8725972,1.440057,0.6672497,0.0067723226,0.16457513
1.8809953,0.803542,1.928011,0.8697993,0.023093237,0.0678412
1.3266938,0.5143429,1.3282948,0.6694392,0.00724464,0.16087455
2.0000808,0.9125659,2.0325818,0.9210804,0.011057779,0.047142126
1.8356464,0.954808,1.8817604,0.84968513,0.019549044,0.07814282
1.1479137,0.84626424,1.3551769,0.75720406,0.31654146,0.14303872
1.5358881,0.80263746,1.5525379,0.71193844,0.008126734,0.14022979
1.2608434,0.622894,1.6713312,0.79204935,0.30838305,0.13589805
1.7199844,0.89644986,1.7529972,0.7955122,0.006499997,0.10070867
1.4735659,0.8294964,1.4815459,0.6866297,0.005327111,0.15164314
1.0848897,0.69736075,1.1959085,0.7808095,0.23736948,0.13399938
1.8131995,0.7821336,1.8426657,0.83063436,0.0076396624,0.08488879
1.3912302,0.5358232,1.3989704,0.65855587,0.005035004,0.16570596
1.7103529,0.99012357,1.7326682,0.7836121,0.0069131297,0.10797861
1.7222716,0.6419653,1.7527249,0.7999897,0.011096092,0.09862332
1.014041,0.97386897,1.2302952,0.72009903,0.08925235,0.15019436
1.1133862,0.6924581,1.1464989,0.7494314,0.10894161,0.13732198
1.1759256,0.83347374,1.1770713,0.7357826,0.06048009,0.137649
1.6514015,0.7603483,1.6787703,0.7681811,0.006982188,0.11323325
1.7772706,0.6898149,1.6751089,0.8122969,0.30381045,0.11688666
1.3534749,0.98520756,1.3670645,0.65296704,0.005552088,0.16983235
1.489502,0.6303854,1.5107772,0.69977224,0.01271489,0.14809045
1.5053622,0.8203996,1.5370486,0.78168815,0.3902912,0.14358224
1.9374635,0.9766709,1.9893115,0.90171826,0.015277258,0.053005848
1.017899,0.78291893,1.2327757,0.74936926,0.149144,0.14774369
1.3579054,0.8860331,1.345103,0.6815767,0.029758995,0.16130644
1.1637795,0.75948614,1.1228292,0.7534712,0.022930324,0.123762
1.1729057,0.6911785,1.1857762,0.7202964,0.03414498,0.13854259
1.3422748,0.6076355,1.3538053,0.64949715,0.006590173,0.17007674
1.7689358,0.896102,1.7964177,0.81073886,0.0079903295,0.09530707
1.5890299,0.59234047,1.5213146,0.76792544,0.18306148,0.13428956
1.609328,0.5717703,1.6330392,0.74505746,0.008268349,0.1251853
1.8435198,0.97826123,1.8909354,0.85254407,0.008436649,0.077441245
1.1581557,0.9608173,1.1346989,0.7513279,0.01592252,0.12363536
1.346105,0.42351612,1.2821379,0.7556142,0.2594575,0.14969458
1.9263716,0.83652455,1.9729156,0.8997917,0.012567224,0.056822196
1.5797815,0.6311922,1.6034977,0.73371786,0.005649634,0.13054593
1.6764144,0.88639814,1.6994133,0.7752439,0.007984141,0.113010325
1.5828317,0.93817395,1.598531,0.72868794,0.015642196,0.13497306
0.9581888,0.96713257,1.0206778,0.843409,0.17089155,0.1115015
1.64644,0.5913327,1.6568677,0.76105917,0.042288955,0.12638468
1.5190219,0.5357754,1.5375586,0.7249124,0.069670916,0.14810441
1.7357764,0.76715004,1.7532656,0.79344237,0.00740775,0.1041048
1.2355026,0.87384397,1.204886,0.72179514,0.06215502,0.14860065
1.7095339,0.67271817,1.7484634,0.7968797,0.01067379,0.103119865
1.489202,0.6114116,1.4419868,0.73178923,0.21638988,0.15214226
1.5438755,0.610419,1.5007186,0.7473806,0.12920132,0.14304678
2.019751,0.86875355,2.0087905,0.9296368,0.23135164,0.06365403
1.6499821,0.7600912,1.6865809,0.76244646,0.0059964675,0.117011055
1.1521691,0.92595583,1.1409557,0.7354853,0.052552003,0.13625556
1.6333038,0.74120665,1.5455403,0.7665193,0.27486223,0.13856643
1.3376822,0.79001147,1.3529425,0.6554016,0.006366283,0.16846891
1.2374004,0.6696802,1.234849,0.6931029,0.0048456267,0.14754134
1.4444157,0.6804749,1.2561312,0.7333823,0.20086242,0.15268722
1.2084913,0.8239515,1.2102196,0.7033354,0.036623623,0.14942765
1.2490244,0.5240205,1.2168558,0.7443845,0.16701196,0.14716163
2.0191646,0.9525052,2.0524936,0.9274465,0.01776961,0.043889116
1.5441095,0.8035511,1.5594006,0.72153634,0.00785336,0.13585961
1.251443,0.9995931,1.2181482,0.7172131,0.045976523,0.14648905
1.3959929,0.43495664,1.4171214,0.6671755,0.028521022,0.1704462
1.5700905,0.6702778,1.5883052,0.73946726,0.060873896,0.14030977
1.6692022,0.8677206,1.6839342,0.76526845,0.0091689965,0.117309645
1.2484972,0.7285644,1.2618737,0.68054444,0.018876733,0.15657522
1.2192786,0.5278951,1.1563702,0.74017656,0.053241108,0.13663472
1.2741158,0.74701875,1.2896454,0.67022866,0.023281345,0.1646781
1.1452717,0.86772656,1.1298633,0.7540688,0.026069617,0.12460789
1.6989156,0.9758315,1.7302756,0.7820736,0.007612877,0.108539574
1.4294634,0.7365804,1.3753877,0.69490284,0.07832009,0.1617227
1.099536,0.6306755,1.1586866,0.8069107,0.23693667,0.12668414
1.7489437,0.6781978,1.7763548,0.8298454,0.07816846,0.097918846
1.2728989,0.6057573,1.2675934,0.67944443,0.035510115,0.16301836
1.5691012,0.7677665,1.2454505,0.797257,0.35050827,0.13594468
1.8932695,0.9528944,1.7136579,0.8245402,0.30953106,0.112520255
1.4680079,0.5729251,1.4888906,0.68788624,0.013406838,0.15436012
1.2228199,0.6033594,1.2330043,0.69907475,0.014589801,0.14683495
1.7818366,0.91261035,1.8068016,0.81493837,0.0069382736,0.09300267
1.4023787,0.490071,1.3732498,0.70019394,0.08430669,0.16166553
1.5230949,0.5359879,1.5491397,0.7196195,0.0067452285,0.13711408
1.4850439,0.9418373,1.4821072,0.69123673,0.0069911066,0.15071426
1.9995842,0.9199274,2.0594792,0.93033594,0.015935142,0.041969556
1.4537772,0.71094984,1.4662585,0.6863435,0.004646935,0.15321295
1.2234474,0.9895662,1.1630096,0.7445663,0.060871053,0.13547996
1.3411868,0.44145665,1.3576441,0.6697127,0.04541043,0.18303409
1.691198,0.75481147,1.7250082,0.7943763,0.017024206,0.10468982
1.3792356,0.7523367,1.3974881,0.6569241,0.012493309,0.17281148
1.3960901,0.47949594,1.1272085,0.8190416,0.29758433,0.12809446
1.0250834,0.9418586,0.98532826,0.84685993,0.06733774,0.098446265
1.6963419,0.731489,1.4860413,0.794913,0.26074168,0.12867436
1.2516525,0.62803125,1.2637539,0.6854645,0.0077019073,0.15161806
1.8315537,0.875824,1.8921268,0.8663712,0.060697414,0.07690524
1.4426695,0.768621,1.2976325,0.6866436,0.0943332,0.16600482
1.2348197,0.8500857,1.1952791,0.7645483,0.17337413,0.13973795
1.2550281,0.5235213,1.2989244,0.74276656,0.14529532,0.1454309
1.7348891,0.6681134,1.7750235,0.79836446,0.006667107,0.10196142
1.7535853,0.9970186,1.7816606,0.80916005,0.023488441,0.096017994
1.5000879,0.91547227,1.4898782,0.7066909,0.07180295,0.15485269
1.3954082,0.86873835,1.3977203,0.68205047,0.068261355,0.17327219
1.3096333,0.78949624,1.310446,0.6654653,0.02251712,0.16702056
1.7560729,0.8980245,1.4280627,0.7428978,0.2865861,0.15168883
1.4263873,0.7424231,1.4484637,0.68016636,0.0073781675,0.15784577
1.9232771,0.99586755,1.9805167,0.8960769,0.01873899,0.056830287
1.3036709,0.70923567,1.3105154,0.6794526,0.026627341,0.16077012
1.7371937,0.9390376,1.759521,0.79791385,0.013369132,0.101032
1.3787724,0.5574816,1.2959428,0.7240672,0.13955837,0.15733567
1.6167766,0.68102545,1.6341877,0.74823105,0.014390934,0.12698163
1.2455153,0.5504736,1.2493691,0.7412422,0.14942363,0.15013452
1.3805541,0.48301667,1.4007378,0.662271,0.0050583873,0.16353907
1.0172219,0.9679214,1.4312787,0.77055776,0.34646404,0.15257329
1.6838353,0.92488384,1.7209072,0.7858613,0.025673227,0.11177265
1.5528264,0.9199147,1.5642977,0.7251921,0.00682341,0.13404354
0.9697409,0.90864754,1.1333865,0.7917798,0.13980776,0.12690641
1.190518,0.83067906,1.4448018,0.7515148,0.27728534,0.13964202
1.4240403,0.509423,1.4363737,0.6737656,0.0041818633,0.16088529
1.8835765,0.7671148,1.841943,0.86000866,0.13772827,0.09000833
1.592526,0.73057675,1.5581853,0.7427465,0.17638528,0.14237879
1.1593099,0.5747676,1.1196451,0.7816059,0.105974615,0.12563555
1.4868406,0.61330336,1.5011106,0.7004088,0.0068269833,0.14506699
1.3851538,0.7130369,1.3977711,0.6766358,0.017617358,0.16501229
1.3955666,0.75931233,1.3155868,0.72707236,0.1074804,0.16125415
1.7312787,0.6669963,1.7837212,0.81203604,0.015051738,0.09290636
1.4898428,0.6255489,1.5126371,0.6982217,0.005165863,0.14677267
1.7842455,0.9425838,1.822211,0.81832266,0.0066947555,0.09092852
1.9197042,0.8692538,1.9270833,0.888519,0.16287097,0.0762148
1.9374067,0.855941,1.9764409,0.8967204,0.03972188,0.06030763
1.105643,0.6478984,1.1025972,0.82399195,0.2337509,0.118628405
1.5967307,0.68888944,1.6342044,0.74360204,0.0058882344,0.12539311
1.4414849,0.5548257,1.4294596,0.69286335,0.043375924,0.16465569
1.446638,0.7875698,1.4666009,0.68730974,0.01798042,0.15690237
1.9011626,0.8696918,1.6590478,0.85620546,0.42703608,0.10029303
1.1501472,0.87583005,1.1318758,0.7608939,0.04468999,0.12287202
1.5088959,0.68011016,1.521944,0.7074277,0.014422222,0.1488094
1.4315287,0.47561684,1.4486821,0.6911638,0.020974055,0.15939891
1.982572,0.9377,2.0410492,0.92589754,0.013440735,0.044383734
1.2401414,0.6438033,1.2491629,0.68716705,0.004912405,0.14904545
1.5910072,0.58250695,1.6111658,0.7344456,0.005948765,0.12905145
1.275252,0.9851233,1.4302883,0.7057313,0.158304,0.16399504
0.92256624,0.9214395,1.1454451,0.8300641,0.23226988,0.118874066
1.4229234,0.57467866,1.3152843,0.72879505,0.18897901,0.15439238
1.3433613,0.8956652,1.3601854,0.6566043,0.011924833,0.16865435
1.5203434,0.75245684,1.3056128,0.7714428,0.2667796,0.14061375
1.240971,0.6243792,1.2512856,0.6755843,0.034686018,0.16210885
1.8277878,0.742116,1.7534294,0.8243617,0.2721051,0.11237794
1.5959122,0.7353595,1.6262934,0.7389265,0.0057393294,0.12679645
1.8334104,0.73551583,1.883661,0.8449987,0.007985554,0.08003473
1.6932981,0.635821,1.714212,0.78119135,0.0063148593,0.109218895
0.9810199,0.9625589,1.0559801,0.85072905,0.26007172,0.107557036
1.231116,0.49534813,1.1956515,0.7495638,0.08566629,0.13777982
1.3253956,0.73931193,1.2623725,0.71078914,0.10215545,0.15331906
0.94441545,0.901751,1.6292593,0.8129826,0.5103003,0.13520932
1.3545083,0.8751418,1.3568759,0.65446913,0.005627115,0.16925696
1.7685871,0.6708537,1.7883527,0.80686706,0.00925688,0.09052755
1.8789183,0.88424593,1.9180949,0.8637783,0.008287781,0.07164074
0.99520904,0.7812933,1.4496436,0.77227134,0.33503348,0.13903151
1.6622088,0.6271279,1.6172969,0.77788067,0.17454576,0.12839901
1.4616975,0.7788259,1.4779434,0.6887844,0.0064112777,0.1513819
1.2449515,0.8502676,1.2530472,0.68602914,0.0091430815,0.15177028
1.5820841,0.71846306,1.6026475,0.73545253,0.03399173,0.13542122
1.1229655,0.9258572,1.2224844,0.7235101,0.10436647,0.14919412
1.15077,0.7829523,1.1497384,0.73300695,0.018078297,0.132253
1.2464728,0.4964009,1.2472293,0.70847654,0.025873173,0.14845861
1.4007943,0.8562743,1.4175439,0.66221035,0.006785915,0.16478385
1.5097649,0.5254456,1.5214806,0.7097589,0.060483024,0.1547377
1.8919413,0.8534306,1.8791711,0.86725634,0.20864427,0.089639924
1.2461852,0.5534328,1.2828248,0.74930716,0.16533689,0.1490169
1.2070069,0.87239516,1.2148242,0.70053244,0.032263808,0.14684288
1.2539577,0.53619605,1.2837312,0.69240236,0.06370904,0.15822762
1.3902547,0.4406991,1.4035218,0.66387767,0.0051101,0.16557837
1.1427816,0.8142119,1.0715709,0.7963138,0.10719946,0.11953961
1.1654838,0.6448057,1.1649908,0.72587264,0.014950513,0.13267957
1.9755644,0.92913795,2.0334885,0.9200474,0.0360851,0.04874785
1.936466,0.8973823,1.9840517,0.8943734,0.011374587,0.057766363
1.503584,0.88236004,1.3595963,0.76551765,0.32637087,0.14773062
1.9751871,0.98719007,1.272423,0.704396,0.07978354,0.16020711
1.541203,0.9486617,1.5662155,0.7172583,0.0057066916,0.13766538
1.3122945,0.45417243,1.3361821,0.6705314,0.0047476557,0.15960598
2.0080547,0.9131387,2.0600533,0.92964387,0.017547078,0.043730713
1.1004612,0.8556735,1.1154659,0.7912668,0.26955366,0.13357057
1.3665572,0.97037476,1.3799956,0.6606323,0.008552057,0.16769782
1.5283759,0.7861523,1.5387342,0.7124449,0.005167945,0.13987532
1.403948,0.814426,1.3614175,0.7086996,0.13981771,0.16292742
1.4578189,0.7004387,1.469665,0.6770073,0.01020238,0.15577367
1.4987822,0.8806389,1.5260901,0.69797164,0.008177932,0.14753869
1.5335985,0.6037366,1.5428052,0.70935863,0.023129838,0.14532274
1.6487695,0.62295145,1.6760843,0.76173943,0.005290129,0.1162499
1.5563453,0.6916582,1.5726895,0.74644804,0.066858165,0.13702838
1.4622613,0.6440198,1.4728754,0.6849222,0.0047895666,0.15199092
1.7799807,0.98377913,1.7835112,0.8359923,0.086876154,0.09446109
1.8352807,0.9665452,1.8719649,0.8478467,0.008441032,0.0788089
1.0351378,0.79830945,1.1172338,0.834193,0.17732815,0.10716915
1.1535468,0.91383535,1.2556684,0.779441,0.30276084,0.14040138
1.388555,0.49982506,1.4047539,0.66395336,0.0044755903,0.16445865
2.1176374,0.9585538,2.1463227,0.97757655,0.11852375,0.03545258
1.6747086,0.9014106,1.707614,0.77830994,0.007536517,0.11136996
1.4483204,0.89167076,1.5579844,0.7579381,0.2589742,0.14783886
1.8588549,0.92481685,1.8916004,0.8486953,0.008715606,0.07825459
1.345555,0.6958341,1.3452957,0.65786886,0.0054815,0.16653399
1.6921768,0.96720344,1.7229702,0.7796585,0.007678813,0.10843425
1.3909005,0.87644255,1.5211132,0.75376344,0.16579092,0.17322451
2.1390965,0.97959214,1.21242,0.84988135,0.48805115,0.12496247
1.428312,0.66622543,1.4432969,0.6753762,0.019999143,0.16397075
1.5536394,0.59228927,1.5833235,0.7245784,0.005770321,0.13418557
1.5066811,0.751664,1.5138245,0.7130321,0.019160345,0.14913742
1.4050161,0.974689,1.42327,0.66821563,0.005604036,0.16061544
1.4795136,0.72510314,1.4931204,0.6930976,0.015453281,0.15357381
1.8355218,0.75269043,1.7889454,0.8442804,0.20009008,0.096852794
1.4679217,0.8454221,1.358129,0.7330749,0.23861107,0.1531215
1.4404585,0.4852982,1.4416578,0.6692666,0.019291304,0.1655661
1.1716508,0.8101952,1.174798,0.76123226,0.12970036,0.13791451
1.3548266,0.66143006,1.4277864,0.6828277,0.07938259,0.16422342
1.7205524,0.8392478,1.5860751,0.7871131,0.31006604,0.1309169
1.4993293,0.6905191,1.5120361,0.7125077,0.050981954,0.14890273
1.6136792,0.98525435,1.6356103,0.74793744,0.007431946,0.12339752
1.3308756,0.74539953,1.3509686,0.6555854,0.00619449,0.16656153
1.9731859,0.8251434,2.0208979,0.9155338,0.012602201,0.048346713
1.411834,0.5763207,1.4391978,0.6880158,0.06592564,0.16529258
1.4399788,0.8525679,1.449059,0.67939687,0.020143546,0.16534996
2.0832253,0.9176134,2.1340454,0.9651623,0.022998985,0.031826656
1.5960808,0.5575587,1.6275895,0.7412229,0.006863625,0.12690528
1.998341,0.8504902,1.9183829,0.9145406,0.45733625,0.07452937
1.0638658,0.81787026,1.1628495,0.80137634,0.2232568,0.12855542
1.6201162,0.72666967,1.6513686,0.7494958,0.005312191,0.12272784
1.8604733,0.860346,1.8948545,0.8529412,0.009010698,0.076817065
1.4564636,0.75753087,1.4502738,0.6881559,0.046636023,0.16323431
1.7496378,0.7172649,1.7805989,0.82035905,0.034709148,0.09670811
1.3840936,0.4946295,1.3991592,0.66843903,0.0052871024,0.16178389
1.4497801,0.9665803,1.4691701,0.6848611,0.0047732107,0.15328899
1.3800844,0.47496182,1.4036999,0.6644088,0.005129939,0.16672921
1.3973899,0.44509006,1.4062927,0.6646991,0.018572219,0.16910839
1.6067464,0.9707822,1.6146276,0.7389256,0.015721643,0.13271758
1.5609024,0.5320588,1.2597387,0.77644503,0.31926697,0.14843874
1.1879201,0.85937333,1.1743271,0.72641253,0.019813975,0.13557324
1.4401,0.66870373,1.4478812,0.6749951,0.011412267,0.16216409
1.9677826,0.98322445,2.0200531,0.9158042,0.014134171,0.049399357
1.6935899,0.74312925,1.4856772,0.8021789,0.50028497,0.14010571
1.4406224,0.78571606,1.3671377,0.7251644,0.123804934,0.1588898
2.0953746,0.9541458,2.0669134,1.0092053,0.21874906,0.035173703
1.5799907,0.59724545,1.6070771,0.73630464,0.006055402,0.12899293
1.2915624,0.488983,1.3130124,0.6939348,0.12573594,0.16816105
1.8806807,0.8339446,1.9163072,0.86144435,0.01420225,0.071850166
1.5544509,0.6905059,1.5643146,0.7157647,0.011263094,0.1390401
1.4516152,0.5459874,1.4743621,0.6862287,0.0049249358,0.15189582
1.9713709,0.8368288,1.3743725,0.79797953,0.40126088,0.14474176
2.035593,0.98774624,2.1183867,0.95837253,0.043951552,0.036547203
1.0148512,0.7561456,1.0230911,0.8404721,0.086884305,0.102431454
1.1655201,0.9160177,1.1760267,0.7211651,0.013212591,0.13544492
1.4301769,0.9298715,1.3650215,0.710359,0.104898766,0.16010657
1.3227626,0.9135521,1.3279781,0.658523,0.013483882,0.16979885
2.0283158,0.93291533,2.0840764,0.9486014,0.027718734,0.03952118
1.9902456,0.8976741,2.0466177,0.92060965,0.025301324,0.047104094
1.4511129,0.92587525,1.43398,0.7105941,0.08228749,0.15274157
1.3886358,0.6302294,1.3835881,0.6738199,0.032010723,0.16548842
2.014611,0.90460783,2.076441,0.93720394,0.09741308,0.048771933
1.3848649,0.5176294,1.3851507,0.659422,0.014321616,0.17159878
1.4989331,0.6068418,1.511276,0.6987583,0.009278055,0.14994718
1.9184942,0.8451067,1.9632063,0.8888503,0.012532763,0.061844256
1.6046443,0.8499631,1.6279299,0.75863826,0.046729326,0.12321468
1.8551579,0.9366414,1.6999338,0.8374822,0.25506094,0.11004791
1.6611626,0.8998844,1.4936082,0.76902616,0.27853796,0.14207272
1.150947,0.80289835,1.1990678,0.7924322,0.29259703,0.13682337
1.6394954,0.9812386,1.644808,0.7750363,0.083516,0.12283205
1.9531544,0.8217845,2.0097768,0.90494,0.012693265,0.05121923
1.3356358,0.6037632,1.3507204,0.6594278,0.005644639,0.16636008
1.349727,0.51499945,1.3705418,0.6625594,0.005879035,0.16649485
1.3937227,0.43386176,1.216583,0.73720324,0.14455646,0.14747162
1.5501838,0.96560574,1.5743551,0.72982156,0.016336598,0.13570109
1.7647454,0.75129473,1.6484947,0.79702514,0.28339103,0.1272188
1.484283,0.83354485,1.2658241,0.7852093,0.36263487,0.14320505
1.6964217,0.64217937,1.753252,0.80953395,0.04587244,0.10035072
1.6031697,0.88095057,1.628273,0.7418925,0.0053005517,0.12592804
1.3433235,0.41789845,1.3711236,0.73083794,0.20302816,0.15758787
1.1310735,0.7249016,1.138624,0.74169207,0.011290387,0.1255302
1.6378953,0.6752206,1.5888546,0.7765148,0.20227794,0.12993899
1.0736547,0.96494144,1.0458608,0.81336504,0.03064875,0.101325065
1.3298062,0.9685431,1.3431046,0.6676507,0.00519881,0.16225006
1.6318986,0.68037677,1.6249659,0.77568465,0.110166505,0.12357698
1.1143429,0.6686309,1.4056325,0.8177747,0.6353047,0.14436166
1.1570739,0.7692569,1.1326354,0.76444316,0.08112258,0.13115181
1.4153726,0.77932936,1.4242144,0.67209196,0.004743603,0.16109353
1.3148351,0.5237803,1.4885089,0.7421646,0.24280882,0.1470457
1.5655779,0.7404212,1.5764225,0.72321534,0.0060814125,0.13619608
1.2821578,0.9665281,1.3070056,0.7096553,0.15469424,0.16161425
1.1680069,0.63469094,1.124892,0.76885843,0.06465114,0.12555039
1.6383609,0.57867724,1.6149583,0.74739736,0.1494937,0.14117593
1.384227,0.52473336,1.3430076,0.7710838,0.36878055,0.15022823
1.9092484,0.9257297,1.9327967,0.86887544,0.011622267,0.069303006
1.3503354,0.4680355,1.344969,0.6638831,0.013797711,0.16603671
1.6618767,0.87602246,1.6840565,0.7586204,0.008009455,0.11782208
1.7733952,0.9856391,1.7940886,0.8278778,0.12571856,0.10182291
1.3320161,0.46788153,1.3416364,0.6512721,0.008826299,0.16909106
1.3732307,0.6122069,1.281874,0.7214495,0.17570093,0.15668808
1.3299158,0.41988638,1.4093904,0.7327552,0.2732794,0.15303068
1.5946099,0.6523667,1.6222329,0.7335934,0.015626416,0.13123578
1.546084,0.9595071,1.5742168,0.7212581,0.008075995,0.13539842
1.6481292,0.5996331,1.386816,0.77198505,0.307355,0.15137948
0.9830873,0.8179707,1.265882,0.8319176,0.4499827,0.12967277
1.0291985,0.86279047,1.0296412,0.8439664,0.09787506,0.102483094
1.6432731,0.68836457,1.6733468,0.7588084,0.006375673,0.11896514
1.1734612,0.6924109,1.1539927,0.79006946,0.15829243,0.12618294
1.6852412,0.7893276,1.7646043,0.80579656,0.032658875,0.10101276
1.4157639,0.6954408,1.434773,0.66858035,0.018010112,0.16566508
1.3570706,0.5332857,1.3578091,0.7230143,0.26179525,0.16350475
1.5734837,0.60637647,1.602592,0.7259097,0.0050480813,0.13387845
1.5519994,0.70639074,1.338331,0.72255766,0.16686139,0.15568483
1.8523257,0.8858822,1.8954558,0.85505027,0.0090037575,0.07349061
1.8888192,0.7722817,1.9356215,0.8649758,0.010152683,0.069732204
1.1450816,0.98364866,1.0786052,0.79378223,0.06334186,0.113928854
1.4373161,0.7499272,1.4611809,0.67803407,0.011658832,0.15971716
1.0986323,0.7936794,1.3080299,0.74854946,0.21105061,0.1518368
1.2851604,0.46474934,1.3087277,0.6649957,0.005840727,0.16320081
1.4637637,0.58494073,1.4741075,0.6863718,0.009440743,0.15464012
1.7707711,0.9354669,1.8243175,0.8253504,0.069881566,0.101812094
0.9848599,0.93262386,1.3250549,0.76693344,0.30171385,0.1490765
1.8285525,0.91886896,1.8557158,0.8438532,0.021928722,0.07853209
1.258873,0.97214276,1.2114534,0.7510829,0.27983087,0.16360058
1.2311727,0.89975137,1.238229,0.68968165,0.006135389,0.14997394
1.4889504,0.71901107,1.5061021,0.6949084,0.0044966396,0.14843036
1.20437,0.59834945,1.294204,0.7546185,0.17883648,0.14662234
1.4980065,0.66420406,1.4061117,0.72917277,0.18832606,0.15666103
1.5483414,0.5236492,1.5718477,0.78159153,0.33209822,0.1393211
1.7232318,0.9677751,1.7329946,0.7830831,0.009702429,0.10711373
1.4883043,0.7848979,1.4987931,0.6952103,0.005274439,0.1485253
1.6955196,0.8210534,1.7191238,0.78177524,0.015527965,0.11124047
1.863891,0.7996897,1.8957076,0.8485698,0.010843621,0.07676253
2.1045678,0.96361923,1.5838976,0.8276483,0.5079458,0.13237876
1.6210442,0.967197,1.6405125,0.7477063,0.0054118256,0.12248042
1.2950182,0.46710277,1.3070891,0.662477,0.029256186,0.16951628
1.6445124,0.59256524,1.5757818,0.75455356,0.22921012,0.14439318
1.4217547,0.9441209,1.4398522,0.6754228,0.005209113,0.15919901
1.5730671,0.6402629,1.5916519,0.72694576,0.006439575,0.13193806
1.1752014,0.9435248,1.1210494,0.7798457,0.12123174,0.12914717
1.8052522,0.99630815,1.8702598,0.8407346,0.013882274,0.07970037
1.4778619,0.562316,1.4952307,0.6968765,0.023883842,0.14994054
1.537802,0.8020568,1.5491362,0.7124901,0.0057550594,0.13898718
1.9001869,0.80427563,1.4521885,0.77648795,0.43391645,0.1363605
1.3096333,0.57099754,1.3301263,0.6571778,0.00915293,0.16811737
1.6115208,0.94487834,1.6312685,0.7432867,0.006397624,0.12379471
1.3226877,0.95324737,1.1846576,0.75122434,0.1600289,0.14297563
1.5324804,0.59483206,1.3965514,0.70553803,0.21566875,0.16349836
1.2661057,0.51010495,1.2796195,0.6811521,0.01647121,0.15808018
2.0110075,0.94618744,1.6488192,0.824162,0.45858237,0.12508054
1.9580684,0.88634866,2.0024822,0.90414023,0.011129054,0.052382413
1.2143065,0.8466598,1.2109377,0.70813894,0.027894156,0.14689164
1.1949944,0.62569475,1.1948609,0.7123639,0.012529651,0.13865168
1.6780181,0.6548656,1.6828778,0.77256835,0.08046569,0.12319095
0.9822464,0.7913861,1.0282147,0.835289,0.12570347,0.109596536
1.448315,0.797339,1.4627731,0.68555427,0.005941582,0.152064
1.359344,0.4128738,1.3719699,0.6628804,0.013654563,0.17069063
1.1622033,0.79170555,1.1466337,0.76914644,0.060145635,0.12460377
1.3082033,0.43965784,1.3732264,0.7994529,0.44874728,0.15222192
1.8692515,0.9520402,1.589493,0.8350218,0.50488895,0.12195051
1.2617927,0.96488714,1.2642629,0.7017309,0.08133655,0.15565667
1.5965352,0.9724321,1.4101648,0.77175736,0.33136946,0.13950041
1.5562901,0.8771807,1.4994073,0.74068147,0.21567455,0.14998901
1.6971775,0.72412276,1.3689485,0.72313404,0.22062103,0.15997754
1.4882379,0.5450301,1.4287953,0.73946655,0.28819886,0.1528956
1.2329106,0.69304115,1.239394,0.6861752,0.005269093,0.15063976
1.7621833,0.75747937,1.6386256,0.83127254,0.07356729,0.09283192
1.4736089,0.7121073,1.4957826,0.6915399,0.004688849,0.1500086
1.200373,0.52613014,1.2254233,0.7635336,0.18017873,0.1385972
1.6458937,0.68469024,1.6903634,0.7699759,0.013586504,0.11479519
2.0206592,0.88366896,2.0432408,0.9282387,0.011248378,0.04671875
1.9456778,0.845709,1.8809199,0.887276,0.3769616,0.08091483
1.0305122,0.783662,1.0138056,0.8392645,0.19787668,0.114195906
1.7849672,0.7605636,1.807379,0.8188047,0.013434213,0.090459436
1.6968274,0.71991456,1.7210293,0.7879061,0.026795398,0.10832861
1.530741,0.6976559,1.5459807,0.71714514,0.020343414,0.14505482
1.9774407,0.938583,2.0029094,0.9111329,0.010726565,0.051411718
2.0735447,0.9195277,2.1215026,0.96274287,0.015938258,0.033429928
1.3371173,0.6694514,1.3364811,0.6603832,0.03900646,0.17911515
1.6734316,0.8784499,1.4059863,0.805012,0.41625705,0.1295819
1.7782103,0.7820104,1.807946,0.81472814,0.007995729,0.093560636
2.0183322,0.91313416,2.0614285,0.92417437,0.018103914,0.044826843
1.5795927,0.5532045,1.5971444,0.72438514,0.012381609,0.13915086
1.5239835,0.56982,1.535043,0.7090559,0.005194134,0.14052586
1.0501629,0.9311986,1.3063462,0.73226404,0.23566061,0.15545121
1.0048468,0.7763215,1.3485508,0.83191615,0.46609196,0.1394736
1.1475215,0.72867763,1.1184453,0.80854195,0.16165398,0.11804188
1.7435764,0.8188885,1.7606516,0.8075212,0.027007785,0.09774679
1.2945065,0.76369625,1.1984334,0.7451927,0.12218473,0.14671251
1.5196762,0.9865621,1.5410872,0.70382154,0.005636116,0.14089054
1.317598,0.43239957,1.3339782,0.66375965,0.0062908344,0.16440032
1.1508518,0.8427636,1.1336482,0.76727897,0.060900915,0.1250721
1.5557365,0.90355843,1.5829651,0.7271025,0.014138425,0.13447501
1.46962,0.6187812,1.4652841,0.7060804,0.10328967,0.16228656
1.4585615,0.74520457,1.4703548,0.6853584,0.0050089746,0.15212584
1.9789104,0.9708348,2.0254035,0.9172427,0.014790486,0.04785327
1.7701768,0.81285983,1.8008523,0.80872065,0.00791923,0.098084696
1.4350059,0.65395415,1.4422731,0.6775595,0.004895683,0.15607353
1.8952439,0.85298365,1.9309351,0.8712042,0.08953526,0.076697044
1.9735059,0.965876,2.006979,0.9118186,0.03551657,0.052803446
1.370023,0.5764256,1.3423395,0.70442224,0.12605433,0.16957593
1.6364036,0.6556744,1.6729589,0.76835614,0.010464462,0.117416784
1.4553442,0.6863978,1.4641786,0.6798173,0.006170691,0.1553653
1.4980735,0.5109342,1.5312493,0.70895946,0.03666541,0.14842318
1.5088633,0.6128143,1.4250846,0.71641076,0.13562979,0.14949028
1.2821516,0.5760309,1.3753877,0.7268863,0.19465624,0.15816127
1.6144481,0.57582325,1.6157243,0.7822242,0.113160454,0.12813418
1.5669088,0.9860433,1.5875332,0.72815764,0.017964277,0.13721724
1.4702317,0.52995306,1.4880953,0.69131327,0.013121973,0.15400633
1.5452913,0.7375772,1.4104967,0.78166807,0.31510812,0.13177073
1.4224484,0.97483844,1.4384983,0.66696775,0.004615042,0.1610137
1.1946311,0.828565,1.2062693,0.72941786,0.104579106,0.14800525
1.8872222,0.76682657,1.9234257,0.86367023,0.008400983,0.07130684
1.2337211,0.76376957,1.1969879,0.71510524,0.043689806,0.14603691
1.4435151,0.63641644,1.4281666,0.67653954,0.012223735,0.16239886
1.4306332,0.5986395,1.3648529,0.704066,0.14534159,0.16663308
1.6633141,0.7832235,1.6893985,0.76799965,0.0058592493,0.11288718
1.0671033,0.7879445,1.0381124,0.8171409,0.030451806,0.1002321
1.0959628,0.9459361,1.0790801,0.81216383,0.13998242,0.117939405
1.7346705,0.6428141,1.7416487,0.7882861,0.046340972,0.11059302
1.6490098,0.83115226,1.6851969,0.769928,0.008434997,0.114061624
1.5498646,0.7336355,1.5722888,0.7230535,0.017261682,0.13695784
1.6735414,0.72444403,1.7503111,0.80426174,0.095071,0.11293284
1.468027,0.95052254,1.4835663,0.69031996,0.006905019,0.15003495
1.5206497,0.62556213,1.428982,0.75891113,0.21106346,0.14258279
1.9608552,0.92299026,2.001332,0.89931685,0.013344098,0.053133786
1.6223444,0.7460719,1.3734913,0.7384275,0.2329442,0.15628318
1.2461278,0.8135066,1.2529261,0.69213593,0.012777377,0.14943615
1.1474522,0.8859505,1.1270967,0.77461016,0.056870926,0.12226546
1.3851346,0.9474801,1.3970444,0.6660922,0.004996789,0.16303556
1.4187531,0.5854833,1.4139006,0.72272664,0.16107166,0.15914509
1.5111504,0.54578674,1.541878,0.7119293,0.0050224466,0.14087556
1.4986424,0.7651545,1.511076,0.6957159,0.005922687,0.14624624
1.431435,0.5157893,1.4372988,0.6788732,0.013559699,0.16485383
1.1053425,0.72833484,1.0973523,0.7819624,0.0791476,0.12072353
1.438816,0.6557409,1.4627888,0.6767818,0.009964665,0.15790562
1.8417231,0.77344257,1.882829,0.84816563,0.009242951,0.07969291
1.6612943,0.80480033,1.6822202,0.7656912,0.025167275,0.12064458
1.3352981,0.6144207,1.1888084,0.7610158,0.17602994,0.1412134
1.8413363,0.8134217,1.887083,0.85310453,0.00869686,0.076713674
1.5047406,0.79968923,1.5221853,0.7006092,0.005232618,0.14582232
1.7750919,0.8693529,1.7969086,0.812099,0.0069823945,0.094492085
1.5613865,0.8661338,1.5717144,0.7370305,0.06348128,0.14658134
1.812632,0.74994266,1.8584499,0.8417177,0.007991972,0.082427874
1.3541142,0.94550776,1.3639066,0.6535042,0.0128598865,0.17325476
1.292345,0.7214162,1.2849083,0.67728865,0.022246351,0.164324
1.4141294,0.57032347,1.2572227,0.76396847,0.18233429,0.14062256
1.9543312,0.82466257,2.0235562,0.91628176,0.05982849,0.055360742
1.3465204,0.47199494,1.3578205,0.65286297,0.015118187,0.17448694
1.656211,0.698594,1.6854668,0.7642231,0.006511484,0.11536998
1.9058301,0.81022036,1.8363681,0.8667146,0.33710608,0.09052884
1.4739614,0.5325871,1.4882264,0.6874825,0.0061891554,0.14998733
1.3063564,0.4461631,1.3121815,0.6627892,0.006249545,0.16514914
1.4206954,0.95021987,1.4319813,0.6736299,0.012987544,0.16263485
1.6115882,0.8334813,1.6395707,0.74572307,0.0062559466,0.123262204
1.1558636,0.91189015,1.2716043,0.8098825,0.35095114,0.13080505
1.2833219,0.68120396,1.2798615,0.68242455,0.014608902,0.15663326
1.2949121,0.90181077,1.2931516,0.66400814,0.0060243644,0.16250329
1.3940753,0.9038667,1.4163845,0.7196939,0.17572573,0.15553534
1.7874354,0.7592974,1.8157213,0.82285243,0.011809348,0.09175276
1.3601031,0.68990344,1.365453,0.6793263,0.04371637,0.16925564
1.2454605,0.5061559,1.2607946,0.6872637,0.0065451525,0.15116155
1.5416679,0.6917076,1.5599399,0.7132661,0.0050070924,0.13878787
1.5719684,0.5626806,1.5938683,0.7467647,0.080739416,0.13436484
1.0190452,0.8804707,1.2519076,0.78698474,0.247048,0.13669463
2.0386946,0.9248076,2.0916922,0.9443733,0.015677849,0.03835636
1.679273,0.68181694,1.6995893,0.7702929,0.010223416,0.11658232
1.6770208,0.8632198,1.4473598,0.7587851,0.28155625,0.14121617
1.5159912,0.75811994,1.536408,0.7027228,0.005208929,0.14368443
1.2487613,0.49327922,1.2547543,0.71378577,0.092062145,0.15395787
1.7184954,0.89577574,1.7514436,0.7903656,0.00593935,0.10246326
1.6924217,0.80269367,1.7267663,0.7811859,0.006403902,0.10771132
1.4158989,0.52848274,1.4330411,0.66706336,0.008842483,0.16419975
1.5045527,0.51681733,1.4692509,0.7225364,0.13496895,0.15122828
2.0967739,0.94698775,2.1129487,0.95869535,0.07677915,0.043020867
1.6873276,0.9034064,1.682347,0.8006171,0.21902372,0.11839006
1.3472213,0.56405574,1.3783584,0.657295,0.007383327,0.1650188
1.3084884,0.6282389,1.4609401,0.75043577,0.40676332,0.16427341
0.90371305,0.93448985,1.2158036,0.80199164,0.4446496,0.13985223
1.0777072,0.87793374,1.0493269,0.83364403,0.17667665,0.1120392
1.44479,0.5442629,1.4652009,0.67804027,0.018179534,0.16382071
1.9608647,0.9781973,2.005712,0.90387636,0.07308928,0.055512004
1.242713,0.7780625,1.2441602,0.75539434,0.2739867,0.14838573
1.0655321,0.6711729,1.0585978,0.82340235,0.053142328,0.103893034
1.362859,0.5460689,1.3807487,0.6641667,0.0053534615,0.16483225
1.4902326,0.74759555,1.5035355,0.6980008,0.0066215396,0.14653903
1.5059896,0.8269609,1.5266886,0.70160216,0.0064310413,0.14565718
1.517451,0.89432645,1.5273049,0.7050321,0.0059506097,0.1442336
1.7335304,0.809903,1.7576287,0.79295546,0.008445722,0.104408495
1.7921419,0.8147582,1.8345408,0.8322844,0.00954746,0.08600173
1.7558981,0.7555732,1.7938998,0.80501294,0.02030577,0.101314396
1.6788814,0.8233474,1.7028868,0.7722142,0.0060632145,0.11311141
1.0702701,0.8689824,1.172892,0.7795807,0.22863562,0.13352749
1.6731259,0.78567165,1.6917021,0.77103955,0.009412328,0.1147561
1.6121659,0.87413824,1.6394877,0.7476294,0.005726596,0.12450886
1.8742162,0.91555476,1.8927293,0.8511142,0.009455461,0.07669343
1.9773594,0.850182,2.0123904,0.916389,0.012107124,0.048574448
1.2407409,0.5391581,1.3749809,0.73992884,0.24385665,0.14962159
1.3995072,0.53334427,1.4466317,0.6999065,0.17934422,0.17313482
1.4124584,0.7369391,1.4125657,0.69006354,0.025977772,0.16010028
1.2731626,0.6857575,1.2825618,0.67762685,0.0054376405,0.15552239
1.5165354,0.58207756,1.4355237,0.7237321,0.1550314,0.15813343
1.4108185,0.4555733,1.4252431,0.66954124,0.016249634,0.16643777
1.9309666,0.81334966,1.9858551,0.8979683,0.017846335,0.05583211
1.1423172,0.9643158,1.134443,0.7585541,0.01704988,0.120265886
1.8896756,0.9792428,1.9393194,0.88722587,0.04165842,0.06549469
1.7794563,0.7753231,1.8146284,0.81817824,0.006895089,0.09365054
1.5523043,0.76117164,1.5686274,0.7858896,0.39998922,0.15351847
1.6583811,0.86428624,1.6955035,0.76775694,0.013240687,0.115365945
1.3367563,0.98195446,1.5857666,0.83641404,0.75642174,0.13637835
1.1107473,0.9560772,1.0847962,0.82912886,0.19037214,0.11562552
1.5055782,0.7225873,1.5146794,0.6955459,0.027373387,0.15904474
1.3662366,0.49776992,1.3590412,0.6716395,0.03409053,0.16954193
1.8372561,0.75850433,1.8829815,0.852819,0.017307747,0.07623674
1.2403866,0.97253186,1.2339125,0.7061517,0.024100786,0.14963596
1.6426293,0.99739903,1.6601791,0.7540385,0.007203045,0.12108762
2.1164865,0.98179185,2.1558034,0.97923994,0.03343964,0.028026536
1.4095402,0.59015,1.3910105,0.6893615,0.10441622,0.17043889
1.2380354,0.7207829,1.2332609,0.69932353,0.008805525,0.14436309
1.466704,0.47462156,1.4906149,0.68819416,0.005552279,0.15007472
2.0436695,0.9351797,2.0950112,0.94824636,0.015528105,0.036063775
1.676598,0.61577195,1.7027502,0.7905613,0.04942587,0.11572525
2.0219617,0.9128336,2.0440598,0.920621,0.024399426,0.04557277
2.1176295,0.9778002,1.7130013,0.8823496,0.7109668,0.09388233
1.5098208,0.6371835,1.5865648,0.74307305,0.11088755,0.14403814
1.2893721,0.44545522,1.3145337,0.6925619,0.07844542,0.16557808
1.2410501,0.83133894,1.1696546,0.76857,0.13354908,0.13444234
1.2444905,0.76823795,1.2366035,0.6891899,0.026910897,0.15535924
1.3235333,0.4917509,1.229604,0.74213755,0.17310162,0.1509809
1.5995378,0.6887142,1.6257844,0.736778,0.005909665,0.1292845
1.5878708,0.7018201,1.3147006,0.7329569,0.17668438,0.15672939
1.8998076,0.90855914,1.7140167,0.8590122,0.569388,0.105832696
1.4002104,0.6178628,1.4160058,0.67041385,0.030468874,0.17005931
1.5535254,0.89889616,1.5685205,0.7211585,0.0051218704,0.13612242
1.3284072,0.48065835,1.3443627,0.6592683,0.0055271424,0.16568324
1.7162517,0.9491246,1.6274874,0.8030394,0.28453797,0.12217904
1.3791989,0.5931099,1.3844237,0.6616131,0.011406245,0.16893919
1.8134706,0.85833436,1.8255892,0.82232064,0.008032349,0.09292046
1.614383,0.9197055,1.6346717,0.74445707,0.0071440036,0.123715565
1.338948,0.48780772,1.3527255,0.6642811,0.0049512703,0.1642236
1.8060753,0.98848563,1.8355138,0.83451825,0.00717612,0.086161084
1.2656686,0.6305444,1.3423505,0.8262929,0.41610414,0.12776262
1.7846318,0.9617136,1.827388,0.82623136,0.008605746,0.08659042
1.9135194,0.8597316,1.9500794,0.88330823,0.011091744,0.06256627
1.5255843,0.9671564,1.5357926,0.71291995,0.0057663377,0.13854848
1.820585,0.87703514,1.8750572,0.8481684,0.035858627,0.080198854
1.543928,0.9000461,1.5691764,0.71848124,0.013455162,0.13812304
1.5727693,0.9464836,1.5279875,0.72481406,0.19930637,0.1572159
1.5775744,0.8541749,1.6123185,0.7410959,0.045393772,0.1388677
1.3149278,0.66642,1.3128998,0.66931564,0.022522207,0.1639848
1.241117,0.88410425,1.243789,0.72682184,0.13352989,0.15138347
1.4845034,0.5719877,1.5136745,0.7052608,0.009196441,0.14569788
1.9298007,0.807739,1.9708955,0.89370006,0.01674185,0.05948214
1.5372967,0.9937994,1.5413988,0.739543,0.043956317,0.13841109
1.8913783,0.96960676,1.9339736,0.87364227,0.012096459,0.06704236
1.0401409,0.99863726,1.5916774,0.79085195,0.2784925,0.13553649
1.4150289,0.7048967,1.4090142,0.6775531,0.052878752,0.17496647
1.6120578,0.94127816,1.6372042,0.75034165,0.0076652267,0.119294465
1.5463761,0.889749,1.561789,0.72020423,0.0063230484,0.1364612
1.2735573,0.78852487,1.2713442,0.66448736,0.01563644,0.16471568
1.5950394,0.6716389,1.5832384,0.7618074,0.08385635,0.13512748
1.4940526,0.66016257,1.2127411,0.785011,0.26546994,0.13496782
1.3501612,0.578095,1.3614738,0.65218645,0.006253125,0.16809964
1.3485527,0.47781006,1.3401601,0.67138475,0.045453217,0.1716194
1.539869,0.5780293,1.5623991,0.71861005,0.007160284,0.138328
1.6030326,0.5546881,1.6263747,0.7528417,0.008683613,0.12283196
1.6726799,0.6392631,1.6922972,0.76985717,0.0061131204,0.113197125
1.7678436,0.87830585,1.8052521,0.81716436,0.02096987,0.09532214
0.94553196,0.9357977,1.3670714,0.70236814,0.16092646,0.17565192
1.3626875,0.5033396,1.5039463,0.7211176,0.08583183,0.14908609
1.5773897,0.8737472,1.5936921,0.7337312,0.005665323,0.12945616
1.3104157,0.7728036,1.340394,0.6592721,0.031203564,0.17030865
1.2453908,0.6619267,1.4111743,0.7188829,0.1871174,0.15800288
1.8484708,0.85119355,1.8762698,0.844789,0.008370052,0.078417495
1.5269729,0.55526143,1.5498068,0.7104395,0.0049794596,0.1399604
1.3850956,0.45957023,1.400101,0.668014,0.02151134,0.16773179
1.4026175,0.6519395,1.416882,0.6649722,0.017500758,0.17278555
1.1423599,0.8994471,1.1906607,0.7491677,0.12508127,0.13994676
1.2948773,0.83598673,1.2736821,0.6813213,0.018681202,0.1586387
1.451284,0.7796843,1.2482631,0.7645538,0.17669298,0.13927393
1.7901725,0.6951891,1.8175726,0.82593995,0.01199204,0.08909067
1.3897179,0.7378619,1.4027698,0.66278934,0.004806669,0.16571702
1.306244,0.68742865,1.2981458,0.6753053,0.040210553,0.16599391
1.3303572,0.9110357,1.6572516,0.81233513,0.46815705,0.13568437
1.3832076,0.9427301,1.3679137,0.6817329,0.03335649,0.16538014
1.7719269,0.85158014,1.4763014,0.7935534,0.504258,0.14103949
1.5373365,0.90729463,1.4960663,0.8390492,0.45010376,0.12531827
1.310205,0.76394063,1.3053343,0.6579772,0.010802868,0.166236
1.3659017,0.59297895,1.3691051,0.66180044,0.006025922,0.16609362
1.4575591,0.78288907,1.4742851,0.68162525,0.00524241,0.15337633
1.4380276,0.7891512,1.4695425,0.6809528,0.008347194,0.15640557
1.4830801,0.7489258,1.5037575,0.69714844,0.042506292,0.15668163
1.2925023,0.6726169,1.2778108,0.68816197,0.04247781,0.15959369
0.97394556,0.8187067,0.9865806,0.83919907,0.09887957,0.104630925
1.5614548,0.53646004,1.5738811,0.72526526,0.010422132,0.13544887
1.3126354,0.5621378,1.3525977,0.72009295,0.15495928,0.15930927
1.4478326,0.48574495,1.4704411,0.6980483,0.034624502,0.15527627
1.705403,0.92952913,1.3982852,0.8267121,0.47093412,0.12607716
1.2434909,0.6807124,1.2542975,0.68250006,0.06134387,0.166451
1.4362088,0.593492,1.447151,0.67298925,0.006952372,0.15985373
1.2844551,0.9712435,1.2559838,0.69979453,0.03955517,0.15455082
1.4114958,0.83473,1.2782512,0.7471386,0.25352126,0.15687975
2.0315075,0.94430435,1.3882337,0.7379821,0.16280536,0.15773408
1.394669,0.7986022,1.4097247,0.6690527,0.004645378,0.16356699
1.5540544,0.99714047,1.5682583,0.71643,0.008106829,0.14030726
1.1654873,0.61837226,1.1385355,0.7554976,0.04317944,0.12627767
1.300927,0.81672996,1.3047636,0.6637817,0.009321956,0.16613574
1.2542369,0.55355954,1.2478459,0.7207379,0.11851519,0.1542052
1.2929792,0.473324,1.5343335,0.7638086,0.32239923,0.14813355
1.6362659,0.8006787,1.662905,0.75465024,0.0068340963,0.117581375
1.8956884,0.837889,1.9233806,0.87014216,0.010710956,0.07102505
2.059263,0.93652254,2.128383,0.96142703,0.016955491,0.030534677
1.4211001,0.45409176,1.4209371,0.67732286,0.0425269,0.16602169
1.5229281,0.8725503,1.5309904,0.7065631,0.009733568,0.14487956
1.90849,0.7920211,1.2847915,0.758247,0.29804495,0.15293606
1.4801784,0.74698806,1.4884021,0.68570626,0.0057683014,0.14972721
1.1534353,0.62990075,1.1053207,0.77162194,0.0803818,0.12460893
1.1634641,0.5511189,1.1661086,0.7257383,0.010311798,0.13233662
1.4773897,0.91943383,1.4917893,0.6914065,0.0052735945,0.14885457
1.7698244,0.8415466,1.7902157,0.81129897,0.008832635,0.092606805
1.3623613,0.9186625,1.3661332,0.65667784,0.0065001766,0.16736561
2.023589,0.9254217,2.071375,0.9380368,0.013217997,0.040937673
1.7102485,0.9930266,1.7455046,0.78909194,0.0067783217,0.10503005
1.6062179,0.7744454,1.6358044,0.75213647,0.015941571,0.123136014
1.9174309,0.99151164,1.9368262,0.8769255,0.01135456,0.06513915
1.6951642,0.9772272,1.7156901,0.7766694,0.010069025,0.110528015
1.5013012,0.8356901,1.5011499,0.70021546,0.025718877,0.15208273
1.8783208,0.9505905,1.8402407,0.8579148,0.14132197,0.08748397
1.2569392,0.90262717,1.3182526,0.70508295,0.11600945,0.16359244
1.4839052,0.9270695,1.5329447,0.7471311,0.152358,0.14469913
1.0843198,0.7721459,1.2705722,0.76015365,0.23013315,0.14427136
1.2966775,0.7143609,1.2990594,0.6553731,0.010583674,0.17011105
1.3119625,0.60894114,1.3203435,0.67710215,0.061735988,0.16795012
1.6232255,0.5907684,1.5334909,0.7723594,0.33826438,0.13758263
1.6220574,0.8193225,1.1626052,0.811712,0.28683433,0.12673709
1.3994591,0.852568,1.404927,0.6712992,0.012523224,0.16390263
1.4235628,0.563442,1.4555316,0.7502345,0.20177516,0.14791094
1.5978043,0.7911819,1.6210511,0.7446067,0.005713779,0.12460068
1.1599925,0.6267812,1.1475456,0.7542407,0.070630476,0.13083081
1.5877341,0.78551364,1.6186543,0.73926723,0.009443017,0.13088061
1.4826444,0.4796447,1.2866583,0.76882,0.2664324,0.1372871
1.5204325,0.86437196,1.5285151,0.7142233,0.010913593,0.13763887
1.9182855,0.9866072,1.9838736,0.899337,0.0419271,0.05834343
1.5174427,0.5332211,1.553899,0.7115667,0.0088301925,0.1409268
1.5748539,0.95127547,1.5879593,0.72730803,0.005231251,0.1314696
1.3373289,0.6150281,1.3260515,0.6720421,0.03518,0.16726495
1.3384786,0.98404396,1.3517537,0.6666991,0.004789674,0.1613763
1.6304731,0.7754011,1.6725202,0.7650554,0.054432407,0.124992475
1.6851195,0.7742815,1.5443327,0.80198663,0.28150207,0.12521888
1.4193568,0.5910376,1.4324708,0.673959,0.011007668,0.16438876
1.37172,0.5326605,1.1909742,0.7828644,0.2521607,0.13820337
1.4439021,0.7060432,1.456856,0.68074757,0.016129322,0.16253561
1.2918652,0.50950587,1.2580221,0.70134234,0.050341237,0.15505984
1.3885052,0.5329416,1.4093268,0.6603915,0.010770933,0.16905245
1.721146,0.95596534,1.752239,0.7893965,0.0067085857,0.10445817
1.1500363,0.6015479,1.2962346,0.8165801,0.28224564,0.1219289
1.8284112,0.7721799,1.8700182,0.8417732,0.008206389,0.08065241
1.7100875,0.925755,1.7347715,0.7810607,0.0057897405,0.109223045
1.9383415,0.8551181,2.0048187,0.91495097,0.04464291,0.053137
1.5017906,0.98821515,1.5133009,0.7000009,0.006262432,0.14620675
1.7545798,0.67181814,1.7249987,0.8224004,0.4173253,0.12314321
1.081645,0.9307549,1.1218884,0.81204134,0.19994467,0.12229697
1.7388318,0.72119766,1.7684286,0.8011234,0.0064713196,0.09882281
1.913778,0.83463234,1.9416687,0.8752032,0.009217521,0.066092305
1.8998069,0.8257267,1.9335802,0.87667376,0.014161423,0.06596913
1.5696062,0.68056846,1.5895696,0.7289113,0.0051890966,0.13189712
1.6077222,0.710753,1.6180604,0.7394021,0.0063065784,0.12749128
1.8506167,0.9778635,1.8575363,0.84748715,0.13645884,0.08824519
1.6408857,0.6810035,1.6552818,0.7620152,0.010585329,0.11845146
1.6201518,0.6610514,1.5628793,0.73113155,0.13977894,0.14879818
1.2177869,0.55172354,1.354183,0.69352156,0.10399927,0.16088843
1.3518676,0.764176,1.3688278,0.65456873,0.005792855,0.16933306
1.4703643,0.61976326,1.4608631,0.7424084,0.17695549,0.14624096
1.8192648,0.84486336,1.8477094,0.84668046,0.043681502,0.08112844
1.433047,0.62664247,1.4518294,0.67035747,0.0054802904,0.15765817
1.3739182,0.823875,1.3447165,0.68978244,0.07001846,0.16332221
1.4950979,0.59747505,1.5062292,0.7022722,0.0068359803,0.1449672
1.3530077,0.5916733,1.35319,0.6634779,0.014879478,0.17108756
1.8365619,0.93379116,1.8687544,0.84245354,0.010223875,0.08256831
1.4749199,0.9018107,1.4984045,0.68845975,0.0076526892,0.1519154
1.6779664,0.782025,1.6965792,0.7712617,0.006670475,0.114613004
1.2506211,0.71346986,1.2487209,0.7346728,0.14655837,0.1447625
1.1422087,0.8493937,1.1870825,0.77920914,0.10997332,0.12575679
1.4988075,0.5228907,1.5312157,0.7092351,0.005354038,0.14167675
2.006432,0.91900146,2.0500119,0.9209109,0.018908257,0.04501117
2.0996006,0.9697968,2.1355531,0.97629374,0.021892795,0.028209083
1.3175986,0.83252996,1.3108764,0.6587537,0.03856151,0.17624244
1.2728405,0.6275193,1.2387183,0.7266841,0.11528432,0.15260482
2.0050693,0.96824783,2.0483854,0.9349374,0.014168244,0.04443319
1.5706499,0.8402614,1.5294857,0.7618445,0.16940196,0.14167276
1.5546602,0.53304684,1.5659444,0.7195434,0.024421338,0.14351827
1.6536946,0.6556548,1.6845186,0.7676508,0.006323423,0.114497736
1.2647997,0.79340875,1.2235343,0.71522236,0.08119509,0.15316848
1.2575659,0.6094092,1.2633083,0.6810125,0.022177933,0.15775195
1.3737191,0.6672191,1.3720071,0.7657711,0.3654426,0.16431323
1.5186417,0.8218133,1.5395467,0.705678,0.008348702,0.14635536
1.6561837,0.7758281,1.6834915,0.7624643,0.0063157324,0.11652932
0.9993946,0.7673443,1.4202366,0.79305714,0.38565192,0.133329
1.7091912,0.6301956,1.7272186,0.7820623,0.0059043528,0.10686675
1.3242693,0.60155314,1.3284423,0.6803053,0.017926827,0.16209736
1.4800857,0.60558134,1.4050896,0.7447111,0.24200623,0.15195863
1.2533847,0.96502924,1.2344487,0.6930741,0.038198415,0.15540028
1.2506018,0.6228115,1.236342,0.70688254,0.0364932,0.14688043
1.6485972,0.85735184,1.6713626,0.7615757,0.007926869,0.1186572
1.0775288,0.6899537,1.1424925,0.81880724,0.3109887,0.12385606
1.8298709,0.8384718,1.8527644,0.84013486,0.011497207,0.08357906
1.2953439,0.44428524,1.3048131,0.66435844,0.01833536,0.16871022
1.3987026,0.9478682,1.4247096,0.6721577,0.010854675,0.16363877
1.3590764,0.41648415,1.3559439,0.67730343,0.046057317,0.1711504
1.7626097,0.73147094,1.786125,0.8081646,0.007979364,0.09567018
1.6359652,0.9194765,1.6465051,0.7694876,0.038263883,0.12748687
1.4272583,0.77078176,1.4397249,0.6754494,0.0047348174,0.15834822
1.4533981,0.529068,1.5308735,0.7674881,0.33898515,0.14179657
1.867892,0.7943139,1.904743,0.8581785,0.007681479,0.07262887
1.7109723,0.83788794,1.637155,0.76154923,0.17192443,0.13256069
1.3200526,0.5894054,1.2895353,0.7458555,0.2346769,0.1548686
1.3148483,0.52511245,1.3307478,0.66529506,0.004458884,0.16132344
2.0849566,0.9769241,2.1204305,0.965754,0.013101018,0.032996114
1.3814663,0.51886207,1.2888553,0.7484734,0.16956493,0.15421966
1.8518732,0.7596828,1.549576,0.82873434,0.5306496,0.12087252
1.240976,0.6072848,1.2382112,0.7432356,0.1444511,0.14726608
1.4926459,0.9424407,1.5141861,0.7002858,0.0059141726,0.14522648
1.2665851,0.9664742,1.3043685,0.7428347,0.21952945,0.14958432
2.0046368,0.9611495,2.0472631,0.9255359,0.012252899,0.044172764
1.9183555,0.9130009,1.9507165,0.8800128,0.011720158,0.06244043
1.4647689,0.61026,1.4622767,0.69381833,0.05196801,0.16875999
1.6759976,0.6091629,1.7167451,0.7850823,0.016098386,0.1098817
1.3749812,0.48383582,1.3881943,0.66584283,0.016887657,0.16818678
1.3975962,0.45281523,1.4209788,0.66430914,0.006294477,0.16463716
1.2084761,0.8730468,1.1282252,0.760252,0.06013984,0.13156818
1.9976628,0.9699942,2.0335743,0.92124826,0.018556833,0.048116866
1.1055471,0.6338102,1.1573193,0.7792399,0.062095415,0.12050114
1.5834173,0.82088774,1.6056547,0.7309772,0.008763868,0.13172919
1.9249407,0.8167111,1.9585001,0.8855989,0.0136314975,0.06061939
1.655602,0.7175215,1.5091491,0.7332613,0.2823888,0.1528522
1.650996,0.8873504,1.678123,0.75876534,0.0063808616,0.118314914
1.8468754,0.85456634,1.8694682,0.8482004,0.008456687,0.08176793
1.1500279,0.7779565,1.2309802,0.7707905,0.26511678,0.1446508
1.813731,0.956347,1.8517628,0.83500487,0.009533654,0.08376704
1.2682157,0.6842136,1.307554,0.6961508,0.0808055,0.16377182
1.0746183,0.8774616,1.065316,0.80956155,0.113055095,0.11537507
1.5949731,0.79740053,1.5940626,0.7403439,0.04586831,0.13606519
1.8919314,0.9437064,1.8330197,0.8489452,0.17922796,0.09265556
1.2250807,0.8471388,1.2281942,0.6914929,0.0070473985,0.14871427
1.8974501,0.77432334,1.9412858,0.87358004,0.0089869015,0.065050155
1.5373431,0.51380384,1.5577345,0.71876734,0.0053947745,0.1362642
1.6717578,0.78984034,1.698087,0.7705009,0.0065713804,0.11263772
1.7468361,0.9664071,1.7618535,0.79773253,0.009051055,0.10170117
1.3968223,0.4971388,1.4045544,0.66645944,0.009943759,0.16669613
1.6335615,0.93791914,1.6657097,0.76750493,0.0622933,0.12545148
1.5952499,0.99106795,1.6203296,0.7373143,0.0063531194,0.12840696
1.1992867,0.6220889,1.1974518,0.7224109,0.019434752,0.13638793
1.415396,0.5211025,1.4287457,0.6682377,0.0046809944,0.16177219
1.9480649,0.90141225,2.0008004,0.9062773,0.019504229,0.051677454
1.2147526,0.9284061,1.2233925,0.7259046,0.08812173,0.14909881
1.5371233,0.54700994,1.5637484,0.71659213,0.0054848446,0.13710874
1.321562,0.87175965,1.328572,0.8041294,0.34907904,0.13881025
1.1411043,0.6571167,1.3307395,0.76899093,0.4161451,0.15236765
1.1226265,0.68905085,1.1606944,0.80774117,0.3350453,0.1260621
1.4360745,0.5053523,1.4517238,0.6832888,0.0048584463,0.15497403
1.7297242,0.99563,1.7540526,0.800778,0.009097828,0.098906904
1.268069,0.8311384,1.2706044,0.6811755,0.011152927,0.15810071
1.8017675,0.8134908,1.8395488,0.8277201,0.0112671,0.08855839
1.7428806,0.7835498,1.4420316,0.80097526,0.352925,0.12203016
1.1761174,0.7177154,1.1779084,0.73216116,0.007884806,0.13154313
1.3432232,0.55209166,1.3681524,0.6757029,0.100882515,0.18662749
1.4561645,0.49845237,1.4778805,0.6832981,0.0060606943,0.15440318
1.5747343,0.74530965,1.596534,0.7262199,0.0054580793,0.13247453
1.3387191,0.6219489,1.35145,0.65087104,0.006134723,0.1711212
1.155718,0.6427476,1.287349,0.8005659,0.3537691,0.13580197
1.2848761,0.9586028,1.0123572,0.8470798,0.11539844,0.099778466
1.8529376,0.8027374,1.8918428,0.8577425,0.016428538,0.07304666
1.3494585,0.4779381,1.3637764,0.67246974,0.024284018,0.16624872
1.1768245,0.8340006,1.1697054,0.7470908,0.023987291,0.12773983
1.1618986,0.69898796,1.11814,0.8052267,0.18914162,0.12291602
1.3951876,0.8413704,1.4014094,0.66600037,0.023495302,0.17246327
1.7206525,0.87799174,1.4083743,0.7567914,0.3095669,0.15632083
1.4555486,0.9096639,1.3151479,0.71946037,0.21080902,0.16127835
1.4724246,0.57770616,1.4799135,0.6978228,0.033146594,0.15455025
1.7121999,0.7987096,1.7418351,0.7896813,0.012987303,0.103796944
1.3327795,0.95970637,1.3479509,0.6690836,0.0059911003,0.16209254
1.9408103,0.96402574,1.9970231,0.8962412,0.017583365,0.05652191
1.6239451,0.70207,1.6493545,0.75631857,0.006262483,0.120204985
1.6676292,0.7856345,1.687001,0.7672179,0.007014704,0.114869855
2.016554,0.97526973,1.6256008,0.8477885,0.735985,0.119516484
1.2303783,0.83601403,1.2422228,0.6932613,0.0055561983,0.14918923
1.2609915,0.47529912,1.2835977,0.700179,0.078667685,0.15766259
1.358774,0.96387905,1.3795018,0.66272146,0.010307531,0.1684277
1.3505917,0.43714797,1.358768,0.65786695,0.007954656,0.17033118
2.0013673,0.967853,1.9873872,0.9149359,0.19490616,0.06955661
1.1634113,0.9488937,1.1351107,0.76188445,0.046188872,0.1240286
1.6744707,0.6343938,1.7139509,0.7763629,0.006016505,0.110322416
1.4518956,0.9382942,1.4272311,0.69106233,0.06915792,0.16089684
1.7032762,0.9204383,1.7352467,0.78476685,0.012825933,0.10696854
1.2319714,0.5235798,1.1608729,0.76591134,0.18818755,0.13826251
1.036231,0.7170948,1.5327685,0.79688007,0.2950174,0.12701584
1.2330574,0.9768101,1.2516942,0.6936314,0.028558457,0.15326136
1.027601,0.7243356,1.2588799,0.82689023,0.49721986,0.124557614
1.9361943,0.85011667,1.5008845,0.77012396,0.3788482,0.14292076
1.3077198,0.943262,1.222013,0.74991226,0.18908523,0.15132432
1.5370678,0.91252893,1.5527434,0.71061194,0.008291596,0.1421718
2.022905,0.94946194,2.0699332,0.942669,0.022362266,0.039832477
1.3816214,0.71243507,1.3971317,0.6642175,0.0060975277,0.16388033
1.2754881,0.66581345,1.2849073,0.67016417,0.008285288,0.16179949
1.3000392,0.64661324,1.3070416,0.6559807,0.006099802,0.16620761
1.7296594,0.6612812,1.70414,0.805772,0.17722553,0.118734196
1.9481695,0.95769453,2.0105581,0.90705353,0.024553161,0.052138183
0.9943551,0.90759534,1.3142343,0.79813296,0.39305362,0.14684157
1.322272,0.664091,1.3167014,0.65583974,0.007256457,0.16890167
1.8283634,0.91887397,1.8581467,0.8391252,0.0116704395,0.08061814
1.0739609,0.8459495,1.0673754,0.8105958,0.05311354,0.10854713
1.2018273,0.87018704,1.1750278,0.7793146,0.20572743,0.13134679
1.246032,0.9604205,1.2585225,0.6996328,0.041099742,0.15577018
1.8942147,0.8750235,1.9567676,0.88541263,0.027481537,0.060980868
1.6850348,0.8585461,1.7180836,0.7765219,0.0068939454,0.107275955
1.5274502,0.84980184,1.5143607,0.71547633,0.06867732,0.14805411
1.7747862,0.93742394,1.7952797,0.8103488,0.009737049,0.09353173
1.7827213,0.7327052,1.8129148,0.8172119,0.010474991,0.09201346
1.0507412,0.69637597,1.1466465,0.81238574,0.25671652,0.13035004
1.3992313,0.610106,1.4173126,0.68229204,0.030482978,0.162975
1.3259331,0.5395462,1.3318479,0.6644872,0.010736629,0.16535287
1.5331357,0.7171899,1.5138414,0.7415172,0.08620057,0.14210542
1.5359658,0.8770819,1.5352225,0.70920086,0.020189878,0.14373308
1.9185865,0.7821392,1.9605908,0.8830264,0.009620329,0.06396805
1.2562845,0.96449536,1.2640896,0.6873732,0.01889889,0.15547262
1.7490368,0.8974955,1.7793133,0.807414,0.012399402,0.09545727
1.3932339,0.675092,1.2893176,0.7857957,0.33324116,0.14232804
1.5319566,0.93151456,1.556257,0.71701026,0.0064445636,0.13735014
1.4311693,0.47311383,1.4462962,0.68219274,0.0064301766,0.15719257
1.3731633,0.53278494,1.3948035,0.660841,0.0066767116,0.165694
1.2148563,0.71382433,1.1409231,0.74276924,0.040674035,0.13445011
1.4068034,0.62080044,1.4284556,0.677938,0.04680095,0.1706943
1.3618841,0.73037106,1.376715,0.6544925,0.024346707,0.17271933
1.6152514,0.95915514,1.3833895,0.76389015,0.23109221,0.13689548
1.267131,0.59229153,1.280282,0.68137485,0.008165328,0.15494646
1.871856,0.77416444,1.924207,0.8714798,0.009425014,0.06767884
1.2599286,0.9176572,1.2012186,0.7288581,0.06649544,0.14756663
1.132906,0.99464566,1.2731209,0.71656626,0.13021842,0.15773483
1.5439396,0.5675933,1.5612009,0.7144484,0.008232855,0.13777822
1.3458352,0.8869886,1.5371952,0.7986696,0.4184886,0.14411043
1.2040097,0.6739454,1.2097068,0.71710575,0.009546814,0.13700204
1.7492299,0.8404352,1.6639211,0.80211276,0.33594492,0.13266312
1.9135917,0.81617767,1.9664817,0.8862622,0.020835219,0.05768332
1.8347933,0.977947,1.5202682,0.73281306,0.11903137,0.14988212
1.183757,0.99792355,1.1755626,0.7345544,0.018977027,0.13205527
1.4313669,0.7599239,1.4407287,0.6716933,0.005768021,0.1602463
1.1985942,0.948358,1.176626,0.7313086,0.050742004,0.13634498
1.8464098,0.98075914,1.5021806,0.7859875,0.3925388,0.14944251
1.6283994,0.5921856,1.4073832,0.7687583,0.29858875,0.14773598
1.6016831,0.571566,1.6132379,0.74612415,0.011055449,0.12568042
1.2084608,0.855082,1.1051096,0.77748114,0.12560841,0.13052471
1.5328071,0.75226194,1.5542228,0.7200812,0.015062055,0.14165679
1.8927054,0.9800748,1.9357333,0.8715262,0.0087826885,0.06553283
1.6032633,0.6557614,1.6344078,0.74917424,0.0058320304,0.12327519
1.5528383,0.7825405,1.5568864,0.71700454,0.0101833865,0.13967083
1.238226,0.8209036,1.2239125,0.72803086,0.09393927,0.1528258
2.0526884,0.9636204,2.0978143,0.95197713,0.06105099,0.04343556
1.5047877,0.8377927,1.527319,0.702372,0.007808403,0.14330234
1.5096517,0.56597835,1.5291536,0.71196836,0.0058875466,0.1407194
1.230593,0.76471716,1.2386672,0.6960294,0.0056515634,0.1472749
1.7466108,0.87165034,1.7310948,0.81110376,0.20002489,0.11710677
1.5882154,0.8911006,1.6091397,0.7403882,0.009472998,0.12809385
1.1582676,0.59862745,1.160361,0.7316846,0.015128203,0.13132426
1.3700498,0.44746628,1.4193239,0.68719554,0.09205327,0.1730247
1.5059482,0.6945022,1.3422222,0.7131639,0.14066917,0.15911964
1.650373,0.8007295,1.426446,0.75909656,0.2227074,0.13425425
1.69663,0.89545906,1.7209046,0.8054971,0.05915376,0.10709327
1.6725336,0.68999755,1.6736042,0.78258395,0.089126796,0.12322993
1.7151304,0.8440715,1.7423224,0.79199195,0.012318824,0.106134094
0.95602745,0.91192293,0.95887506,0.87470996,0.15632817,0.10007042
1.7765019,0.7541229,1.8086991,0.8235325,0.025090385,0.088951655
1.1517925,0.84823686,1.1542258,0.7376295,0.019624736,0.12826236
1.3124201,0.81846845,1.2972329,0.6737091,0.034522988,0.16785672
2.1205788,0.96277326,2.1497903,0.97331035,0.14489385,0.044981305
1.239193,0.5606687,1.1850371,0.7885692,0.26154202,0.13706475
1.4682741,0.6049954,1.3793225,0.77223957,0.382551,0.15371604
1.0883138,0.9355724,0.9745479,0.8474403,0.09960927,0.1018552
1.4573971,0.72053856,1.4686108,0.6915359,0.009488557,0.15386063
1.1649997,0.7113079,1.5915077,0.8153852,0.6477409,0.1281692
1.3625244,0.4483703,1.3753257,0.677237,0.040106762,0.16446553
1.7234818,0.865226,1.745508,0.79213756,0.009599178,0.10186719
1.1802526,0.5521179,1.1162678,0.78796715,0.11704484,0.1268801
1.4179716,0.7755588,1.4288852,0.6754221,0.03658054,0.17100857
1.6263839,0.65937644,1.6612811,0.7534399,0.008481162,0.12106268
1.8946973,0.99778736,1.9338412,0.87021786,0.010788454,0.06940984
1.789913,0.83769596,1.8343673,0.82958,0.0071367207,0.08558357
1.5547467,0.5338615,1.5816894,0.7180526,0.0050990884,0.13626155
1.3528731,0.65912026,1.3724091,0.65175116,0.006047222,0.17142488
1.1410571,0.86804533,1.5001144,0.78000116,0.31960648,0.15185444
1.9031796,0.8373518,1.9369376,0.88352257,0.0675249,0.071226135
1.295303,0.70082337,1.2900372,0.67120117,0.024824295,0.16623127
1.6613221,0.70165277,1.6788192,0.7603603,0.007846861,0.11957541
1.2583125,0.54296696,1.5161211,0.74578464,0.24997327,0.14535175
1.6937957,0.6294875,1.7139661,0.77621746,0.0075293044,0.111859046
1.1907436,0.7943635,1.2623239,0.7551376,0.17892212,0.15129907
1.8781193,0.9909133,1.9009297,0.85519826,0.010376211,0.07683628
1.2425535,0.7744624,1.2496679,0.7736333,0.2591119,0.1445527
1.5647658,0.7197443,1.5851927,0.7233921,0.018374266,0.13826896
1.853369,0.93105525,1.8912716,0.8580171,0.007968543,0.0755703
1.2150129,0.77858907,1.194015,0.71576023,0.024156507,0.14152138
2.0503073,0.98959184,1.8484385,0.8996974,0.5352912,0.09910013
1.5715196,0.59031296,1.51496,0.7122911,0.07594625,0.1517895
1.7504506,0.9658462,1.1927836,0.80656296,0.2699087,0.13201252
1.879749,0.96336985,1.7876282,0.8716138,0.3652538,0.09356575
1.6979628,0.76073414,1.7506931,0.81762093,0.044083316,0.102203995
1.2734121,0.6103406,1.2878423,0.67420316,0.007939071,0.15761918
1.3687735,0.42578223,1.3912287,0.67044276,0.01573092,0.16492912
1.0692327,0.72303694,1.2926226,0.7908617,0.25804487,0.12850194
1.8664156,0.99894863,1.9026699,0.8559846,0.016652007,0.07376361
1.6316357,0.90016997,1.6528165,0.75326574,0.0065210788,0.119927116
1.6384258,0.72048235,1.6599939,0.75885314,0.006977582,0.11661371
1.1597619,0.6942648,1.1404411,0.7470372,0.016162671,0.12471395
0.97961545,0.91706413,1.0868852,0.85319585,0.24976335,0.11182817
1.3721435,0.56792766,1.3653197,0.7127758,0.23191747,0.1690933
1.3378867,0.7889276,1.3499277,0.66301817,0.0048057726,0.16345508
1.7518451,0.9010904,1.7690217,0.7998802,0.008456711,0.10059308
1.7523347,0.83803755,1.7708864,0.7990462,0.0065836026,0.10108704
1.6384798,0.6998345,1.650531,0.75049174,0.010339019,0.12296754
1.7650985,0.78222394,1.7944999,0.8052546,0.008710858,0.09684186
1.150764,0.7144709,1.1361959,0.7610767,0.02872872,0.12158948
1.5549186,0.7463921,1.5793481,0.7272091,0.006726071,0.13522239
1.9803269,0.9478636,2.0334506,0.9228884,0.04434974,0.050706495
1.7007754,0.7909606,1.7259893,0.7896211,0.0411449,0.10999198
1.0536103,0.71331805,1.0224748,0.84021205,0.07564977,0.10169096
1.3710964,0.6232397,1.3336799,0.7130952,0.14811178,0.1651951
1.4005432,0.78078914,1.3988237,0.672416,0.026164455,0.166554
1.0578464,0.8408559,1.0655665,0.8174747,0.07108049,0.104434945
1.4402411,0.46502668,1.4267256,0.6786253,0.03611284,0.16377623
1.10683,0.89912915,1.3474925,0.704813,0.15964806,0.16428697
1.3682249,0.41764066,1.3849981,0.6642918,0.0052180374,0.16181062
1.7724149,0.9729957,1.7913778,0.81062835,0.008784276,0.0934999
1.5708439,0.6474295,1.5932262,0.72800696,0.0058275494,0.13223845
1.5470359,0.8984795,1.6433411,0.75722396,0.099776246,0.13013834
1.8360084,0.8061656,1.3346174,0.76729214,0.24479023,0.14444473
1.6088996,0.67115134,1.6333232,0.74974644,0.013591752,0.12677942
1.2747784,0.7347913,1.2842863,0.6661072,0.006638161,0.16226795
1.3763688,0.693101,1.3872347,0.6684402,0.016033048,0.16622974
1.5497527,0.6312292,1.1480899,0.78184867,0.18166223,0.12962793
1.3582097,0.8849613,1.373549,0.6610749,0.0061115464,0.1675251
1.563953,0.9719875,1.5823786,0.7263613,0.0060122833,0.13340336
1.4832121,0.83787894,1.4945533,0.6917347,0.004776487,0.14877991
1.3853228,0.9429683,1.3911042,0.6607309,0.0059024864,0.16403018
1.0146791,0.8115941,1.0963764,0.80841494,0.12748192,0.11655744
1.9806404,0.85856485,1.9902768,0.899603,0.03371213,0.05557345
1.1982248,0.7034208,1.204176,0.7103899,0.033021152,0.14544618
1.2215657,0.800332,1.3199668,0.7350737,0.2481632,0.15616621
1.1816877,0.76729935,1.2891247,0.7309376,0.1975462,0.15901567
1.3984634,0.74845856,1.403847,0.6722726,0.013472623,0.15936264
1.3205168,0.7393951,1.3292701,0.6580982,0.013998689,0.17227904
1.3406004,0.426315,1.3599737,0.66081357,0.020012416,0.17085534
1.1450064,0.8201347,1.0961344,0.7863709,0.08764697,0.12449224
1.2820867,0.5308432,1.2176111,0.78521454,0.34061196,0.14250635
1.2698805,0.7604648,1.2778623,0.68092996,0.030221708,0.15973234
1.7239472,0.71726304,1.7535176,0.7894975,0.0059886384,0.103924945
1.5133638,0.72696304,1.5087347,0.7257273,0.037197847,0.14346777
0.9318128,0.90435416,1.1090496,0.79507387,0.06843876,0.11730912
1.3201137,0.56745994,1.315125,0.66818255,0.014337398,0.16475116
1.8244259,0.7419266,1.8533254,0.8457294,0.018196972,0.08084326
1.1896899,0.6610654,1.1998947,0.7168194,0.0068998085,0.13624111
1.7225246,0.9338347,1.7361634,0.81080276,0.09340661,0.11317777
1.5004711,0.5150093,1.4328029,0.76051956,0.19198348,0.14097406
1.2917316,0.70127106,1.2975495,0.6667339,0.0073891273,0.16286999
1.6699368,0.7611271,1.7311354,0.7859999,0.02411067,0.105017155
1.4846072,0.49288648,1.5228176,0.7352997,0.15329872,0.15504132
1.4226055,0.6154015,1.4356842,0.67657256,0.0085790325,0.16195904
1.5161937,0.6863329,1.5373979,0.7097408,0.006871045,0.14281078
1.6338531,0.9415126,1.6448591,0.74600786,0.0057254764,0.12488049
1.7528758,0.6717356,1.7572355,0.8077131,0.055076655,0.102612965
1.4831846,0.5291371,1.5080893,0.69458693,0.005359154,0.14794657
1.157446,0.7416918,1.145839,0.7433836,0.023441892,0.12899269
1.5999861,0.97382975,1.1802738,0.80799323,0.3232309,0.12813488
1.6983316,0.8135114,1.7099786,0.7756683,0.0066899178,0.11122101
1.4502503,0.76527333,1.4571011,0.68507487,0.008794792,0.1566292
1.1618717,0.95743465,1.2013309,0.7311542,0.11000327,0.14328298
1.1771338,0.5791204,1.089643,0.78512,0.080553554,0.12182417
1.7841673,0.7289115,1.8195815,0.8184226,0.010937556,0.089512765
1.6203413,0.8547015,1.6507356,0.7544928,0.0063752355,0.12043031
1.046006,0.9123692,1.110727,0.76324934,0.04594468,0.12220208
1.4005352,0.8981431,1.412838,0.6691984,0.008935473,0.16525006
1.651802,0.64540094,1.6736755,0.75933945,0.006766306,0.11838807
1.1174064,0.6823472,1.0248609,0.814249,0.06921904,0.10806554
0.98927647,0.8664317,1.0406108,0.8457106,0.16265711,0.105967805
1.9593928,0.8540313,2.0084107,0.9049955,0.010897302,0.05297031
1.3358502,0.4935012,1.1164556,0.7923241,0.12734653,0.12527812
1.7986023,0.71258855,1.8489983,0.83703107,0.01757795,0.08487754
1.3044678,0.44057631,1.4811051,0.70156956,0.06863164,0.15999347
1.8086691,0.9396068,1.8810809,0.8585749,0.04910113,0.07972398
1.68218,0.9427136,1.6932919,0.7690355,0.0057663764,0.11364815
1.4043782,0.82195926,1.4245076,0.6634305,0.010759501,0.16756769
1.8904114,0.78901196,1.9122643,0.8611437,0.01177796,0.07105848
1.4684538,0.5715115,1.5022061,0.6970521,0.010300304,0.14643103
1.9616969,0.955011,1.948807,0.89119285,0.12287455,0.07372523
1.2297488,0.5187312,1.301616,0.817264,0.5899624,0.14887251
1.6478926,0.944681,1.6605604,0.7532162,0.0288466,0.13082632
1.1474377,0.9285504,1.4425373,0.81460947,0.46125197,0.13483463
1.6752638,0.87144727,1.7092769,0.77722365,0.008352693,0.11030239
1.6359854,0.94570404,1.6595697,0.76067525,0.027869577,0.12834463
1.6669081,0.9474093,1.6822882,0.7642517,0.0055802884,0.11658116
1.522315,0.87871486,1.5353177,0.69885045,0.0060552605,0.1461737
1.5222287,0.9109601,1.2766843,0.77618396,0.2887765,0.1404209
1.9194354,0.8443141,1.9704845,0.89416903,0.011286017,0.059506677
1.6784257,0.6148182,1.704581,0.77523685,0.007585516,0.111544095
1.1965249,0.8272388,1.1345247,0.7681336,0.099256404,0.12825613
0.8870817,0.97837627,1.3759072,0.74314845,0.30943018,0.15752397
1.7334129,0.9583187,1.7552309,0.79288965,0.009623798,0.10408664
1.45339,0.7695848,1.4740894,0.6864696,0.0076394477,0.15361468
1.3147339,0.51677996,1.3219845,0.6679888,0.011816051,0.16572405
1.460904,0.8282387,1.4727964,0.68532306,0.0066819317,0.15490404
1.6669605,0.65128267,1.6996748,0.77326775,0.0077153826,0.112305656
1.5400916,0.5773294,1.5717037,0.7175932,0.0049915262,0.13659124
1.2182469,0.5369114,1.2196932,0.701905,0.006615158,0.14160445
1.1550344,0.63641435,1.1150837,0.7638786,0.03424838,0.12064892
1.6235521,0.84567124,1.6385179,0.74532807,0.0061620404,0.124203086
1.9155232,0.92133856,1.9607878,0.89230335,0.009854959,0.058658775
1.5325472,0.8038779,1.5666292,0.7155218,0.0065193283,0.13994525
1.6723664,0.7470663,1.6907218,0.76565206,0.00659614,0.11500675
1.8533921,0.76041275,1.8922863,0.85446197,0.007857173,0.07855901
1.215098,0.7668694,1.2197833,0.6998888,0.017639486,0.14754461
1.3884016,0.71505946,1.4037101,0.6649822,0.0051204176,0.16440763
1.1495043,0.5765837,1.1843646,0.78746796,0.13208139,0.122473925
1.8280553,0.9699524,1.8365843,0.8413462,0.051027812,0.08683985
1.6574874,0.7491567,1.6133862,0.7738445,0.16823484,0.1317809
1.4754609,0.74841136,1.4896703,0.690367,0.0055636,0.1497997
1.536591,0.82887447,1.5445249,0.72008514,0.021821706,0.14197399
1.7500508,0.65305424,1.779403,0.81633383,0.025211312,0.099588424
1.1961257,0.9519002,1.2005534,0.70806444,0.015229237,0.13949117
1.0864173,0.9376102,1.2051563,0.7794191,0.14977689,0.13102606
1.8377444,0.7215301,1.8785832,0.86937517,0.09689061,0.078995205
1.5055864,0.59032404,1.5255015,0.7068812,0.008961992,0.14414953
1.5668716,0.5561633,1.5903332,0.7290838,0.015610606,0.14149803
1.5312966,0.78974426,1.4962277,0.7268851,0.17772248,0.15262544
1.331521,0.5697435,1.3469822,0.65241194,0.007063304,0.17040741
1.2014632,0.6178008,1.2159977,0.73483616,0.1656217,0.1510929
1.0946037,0.88704956,1.0492022,0.79561526,0.023351403,0.10699014
1.5241845,0.57954335,1.5408597,0.7077899,0.0057654693,0.14206888
1.1387141,0.8245092,1.4062274,0.8253881,0.4272344,0.12755926
1.3758421,0.5171382,1.3785641,0.6831832,0.05511389,0.16525064
1.3231019,0.4467926,1.3380392,0.6656947,0.0051422184,0.16325974
1.272112,0.5129099,1.2782156,0.6792807,0.0076758917,0.15621726
1.6764985,0.6024139,1.704603,0.7757532,0.0067233997,0.11031008
1.3356442,0.7407649,1.2923741,0.6909827,0.09043974,0.16379066
1.5920963,0.6898432,1.6072474,0.7358474,0.006574213,0.1298262
1.6756362,0.90269864,1.7018163,0.77155423,0.011026116,0.113118105
1.2870704,0.5458807,1.2380712,0.72640455,0.11374718,0.15109305
1.732208,0.90219146,1.7751124,0.80329764,0.009712394,0.09982982
1.1409568,0.70605195,1.1340661,0.79330915,0.120697156,0.121664576
1.7286562,0.9557671,1.7647946,0.7942181,0.015765654,0.10086598
1.3545337,0.83281344,1.3740294,0.65714896,0.0050369925,0.16839984
1.7860745,0.70190966,1.8133163,0.8182829,0.0120114675,0.09355353
1.9086562,0.89524984,1.9650514,0.8855028,0.11190345,0.07159025
1.4979231,0.6868236,1.5096872,0.70047104,0.009190996,0.14605214
1.7745376,0.9113326,1.8137527,0.82119983,0.0073978207,0.09025304
1.5309426,0.80976903,1.5602849,0.7184491,0.0067816386,0.1355872
1.0037761,0.77810746,1.3748894,0.74622977,0.1732464,0.14751312
1.3647563,0.57711834,1.3765762,0.6517818,0.007819164,0.17126997
1.4349958,0.69679254,1.4514284,0.6729036,0.014365959,0.16307569
1.9021057,0.77552,1.9497283,0.88416564,0.015044801,0.06113307
1.7982476,0.96402335,1.6791029,0.7870196,0.18163723,0.12935258
1.3810021,0.6020012,1.4000175,0.66664267,0.022003427,0.16979678
1.6591045,0.7458186,1.6744232,0.76489234,0.009694679,0.11396502
1.3080382,0.6731741,1.3193436,0.6849711,0.062333234,0.16315639
1.3604336,0.5710066,1.3742654,0.6516654,0.00981655,0.17097111
1.4079094,0.52293193,1.4337957,0.6887924,0.03398099,0.15898843
1.5869806,0.78807634,1.5838993,0.76345223,0.08377021,0.13148546
2.1512492,0.99925584,2.1688771,0.9828623,0.028156852,0.026909126
1.1838325,0.68610173,1.1823401,0.7183841,0.014694715,0.13613892
1.296406,0.78148854,1.302227,0.67407393,0.027031584,0.16919479
1.8613869,0.87123364,1.8602142,0.8647086,0.22279565,0.08727285
1.4725418,0.54488534,1.4642746,0.67102116,0.016147327,0.16582534
1.7072381,0.83054906,1.7203755,0.777997,0.0066362685,0.11023309
1.4217784,0.7318253,1.3261874,0.7522421,0.23510233,0.14322612
1.3280315,0.64217466,1.3292694,0.6526303,0.017913945,0.17255716
1.5312544,0.5775289,1.4695592,0.7684894,0.20818457,0.13923834
1.6095864,0.77050465,1.6232984,0.73770344,0.006034663,0.12932085
2.0651827,0.95688146,2.0808735,0.94430006,0.14077803,0.051496845
1.494858,0.9708804,1.5273838,0.7034402,0.006042881,0.14381507
1.3818951,0.94186705,1.3828504,0.66344815,0.0060594664,0.16465783
1.1643008,0.74917626,1.1613276,0.74075484,0.015084297,0.12745914
1.1986353,0.66439754,1.5327067,0.75069356,0.16596693,0.1434799
1.6491222,0.66896385,1.6860116,0.7649399,0.006823085,0.114693
1.5908369,0.7190181,1.6142387,0.73951846,0.006063755,0.12759076
1.6361974,0.6955869,1.6644268,0.7585764,0.012789945,0.121445194
1.4025109,0.85751265,1.4177842,0.6665957,0.005310636,0.16324766
1.8260926,0.7353622,1.8750532,0.8515007,0.026130702,0.07837915
1.3649542,0.81789863,1.3290846,0.73502994,0.18138497,0.16005042
1.8769372,0.9080193,1.5969422,0.8046272,0.38454866,0.12828031
1.3408383,0.5884564,1.3466055,0.6538306,0.007535985,0.16825552
1.9514906,0.8775745,2.0278394,0.9115834,0.019854445,0.048204936
1.7009721,0.8157247,1.7089512,0.7970317,0.06424608,0.11065884
1.9971622,0.96092147,2.0635962,0.9255356,0.02533412,0.04356961
1.2480335,0.6358091,1.2546391,0.6942986,0.011005548,0.14885598
1.8290527,0.9034422,1.8567233,0.8398804,0.007361412,0.08290596
1.4916992,0.70085293,1.5105298,0.6990901,0.0053786184,0.14461324
1.4991292,0.5189495,1.5133116,0.70049787,0.0064755976,0.14582187
1.4087368,0.9632837,1.4409604,0.6771646,0.0102919685,0.1589466
1.5654739,0.65435195,1.584955,0.72251195,0.034453582,0.1445083
1.270812,0.5862781,1.2587705,0.69917876,0.056741495,0.15999088
1.4731675,0.9300457,1.4936013,0.6914362,0.006314197,0.14789595
1.2371495,0.63815963,1.2498901,0.69313055,0.0057088253,0.14693709
0.9605325,0.9484596,1.3680775,0.8380696,0.4397133,0.12483816
1.6893194,0.73746717,1.7217236,0.77586484,0.008963069,0.109228976
1.1474686,0.7345755,1.1390884,0.78096414,0.15989155,0.12691966
1.5168266,0.5012803,1.537765,0.71226114,0.005627112,0.14038919
1.719093,0.9132667,1.7289212,0.7874602,0.006799982,0.10546171
1.1724399,0.9555976,1.2296376,0.741857,0.10544986,0.14013465
1.2572293,0.46766216,1.2782547,0.6735143,0.005770943,0.1583412
1.3816124,0.5585415,1.3951075,0.66820294,0.006871818,0.16469929
1.9023302,0.87100935,1.9355762,0.87560636,0.009537677,0.066838436
1.6345104,0.8945816,1.6710465,0.76144385,0.009071902,0.11906491
1.3471049,0.42017755,1.3524842,0.6564821,0.007615215,0.17071293
1.5398561,0.5521094,1.5425787,0.7366202,0.07338476,0.13993001
1.4443299,0.6189755,1.4649234,0.66924775,0.0119089065,0.16342002
1.3521142,0.755981,1.2794089,0.74069715,0.19459806,0.15090156
1.1335864,0.85594034,1.0632648,0.77645004,0.027893418,0.11381885
1.3759047,0.6450206,1.3874435,0.6565018,0.0066000065,0.1703549
1.0634332,0.7777436,1.1461775,0.8830307,0.5984602,0.10722674
1.7667418,0.8460221,1.7905812,0.81152844,0.026315678,0.09384155
1.409323,0.45586404,1.3477576,0.7815095,0.30888984,0.14466758
1.2809831,0.6026649,1.2795985,0.6887191,0.053789273,0.16100882
1.8313338,0.91297007,1.867176,0.84425944,0.007584659,0.08185998
1.498358,0.60342324,1.5296905,0.69958687,0.0054388302,0.14497492
1.9040781,0.8186673,1.9223921,0.8684967,0.012701027,0.06792528
1.6652703,0.6537047,1.7002609,0.7826212,0.020821223,0.1099494
1.4673358,0.6968193,1.473805,0.75209963,0.19376132,0.1502611
1.7312585,0.7908687,1.7512388,0.79219335,0.0069006872,0.10310499
1.1867946,0.8485751,1.130322,0.74436957,0.07453416,0.1365978
1.392413,0.5670111,1.3845744,0.6730306,0.027097404,0.17126112
1.4930753,0.7352794,1.6732647,0.8062394,0.403809,0.1297081
1.3613248,0.44672737,1.4099367,0.7680904,0.3940828,0.15226084
1.6575906,0.8163902,1.6959207,0.76873446,0.006071434,0.11384837
1.7121474,0.8614441,1.7330585,0.7839819,0.0066173,0.10663296
1.2380993,0.6430449,1.6955755,0.91500777,0.720082,0.09526743
1.3240325,0.78725874,1.4689848,0.743283,0.26043144,0.15492088
2.035634,0.8840714,2.069979,0.939951,0.014405631,0.039786424
1.3266107,0.89920706,1.3326046,0.66151315,0.012930963,0.16812624
1.3596857,0.52853996,1.4059582,0.706975,0.2117563,0.16645963
1.0790907,0.8292559,1.1796203,0.77393055,0.21595564,0.13911648
1.507452,0.8600929,1.5246332,0.6958908,0.008742504,0.14796986
1.4680759,0.5501755,1.4805484,0.68919325,0.03721616,0.16513729
1.2431402,0.84772,1.3165329,0.73113334,0.21460983,0.16593458
1.3649529,0.5948985,1.300194,0.74943566,0.3052126,0.15719345
1.5214543,0.92302525,1.5072396,0.7079802,0.030509287,0.14825286
1.8016417,0.70631826,1.8426881,0.8292785,0.006680167,0.086860664
1.4191971,0.76714337,1.4342184,0.6674644,0.0072411904,0.16040184
1.4837713,0.68017554,1.4868188,0.73049855,0.14754793,0.15730287
1.408114,0.868941,1.3313069,0.7106109,0.076217934,0.1585035
1.4958586,0.59994656,1.2922742,0.76703304,0.27672255,0.14076638
1.2940627,0.7102868,1.2991576,0.65748674,0.014465966,0.16683067
1.5716964,0.5976649,1.6071429,0.7397955,0.011622622,0.12905203
1.863216,0.83732235,1.7946599,0.8821603,0.34895167,0.09760333
1.4662937,0.83071387,1.4767385,0.71944845,0.071704835,0.15597828
1.5231465,0.63943136,1.555865,0.7107987,0.007535238,0.13981532
1.7191024,0.8391492,1.7768884,0.80563956,0.012281876,0.09563905
1.7148587,0.6373411,1.7020082,0.8195972,0.16780427,0.108011834
1.3795997,0.43058822,1.3814328,0.6606899,0.019675963,0.1713679
1.078061,0.95034885,1.1206664,0.8202631,0.30868107,0.12546752
1.58307,0.7668454,1.5996077,0.729164,0.006541203,0.13100918
1.456609,0.6537334,1.4841292,0.6883252,0.0059271646,0.1516555
1.6187527,0.918948,1.6422102,0.75067216,0.0061285654,0.12224931
1.4857194,0.9835688,1.5039947,0.7026675,0.024391867,0.15282746
1.4889725,0.514295,1.5109808,0.69701177,0.0056211557,0.14609994
1.3331218,0.44708684,1.3582828,0.66220355,0.008088952,0.16176204
1.8760793,0.9803069,1.911735,0.8629091,0.06945978,0.07928747
1.0118159,0.8764991,0.95363915,0.87342983,0.07661422,0.09087803
1.3027829,0.6470003,1.3016729,0.659917,0.0064884033,0.16353801
1.3935388,0.9883265,1.40628,0.6653832,0.012498385,0.16971807
1.4559381,0.51468337,1.4700823,0.6931758,0.015067125,0.15511636
1.4570671,0.9551937,1.4762535,0.6866651,0.010941693,0.15633513
0.9531245,0.8699644,1.1680474,0.81022894,0.23799136,0.12636262
1.5233169,0.94841206,1.5311217,0.7069298,0.005426288,0.14401816
1.5416063,0.8065238,1.2139702,0.766158,0.27434304,0.14428967
1.8290395,0.9060462,1.859735,0.83714813,0.0091480175,0.084295474
1.2841879,0.80306566,1.2502673,0.7644594,0.1720258,0.14443658
1.8514663,0.96565926,1.8402848,0.8497062,0.2150647,0.095330216
1.7701871,0.863221,1.8050833,0.8110098,0.006481832,0.09561803
1.5751314,0.6815834,1.5662811,0.7089171,0.012466413,0.14418593
1.2853025,0.5916001,1.2882836,0.6752163,0.022888036,0.16267404
1.2877551,0.8909227,1.2749176,0.6749447,0.028183589,0.15975246
1.4430777,0.5048539,1.4562552,0.6927078,0.014542069,0.15598276
1.2734447,0.56516695,1.2943225,0.6735145,0.045320228,0.16526459
1.4567989,0.9632021,1.4713509,0.69618785,0.013436685,0.15172496
1.1109763,0.7625549,1.1243255,0.79676557,0.16851674,0.12591048
1.6830094,0.7920898,1.717377,0.7906722,0.030986229,0.11146423
1.5752174,0.83523685,1.5968537,0.7297783,0.006998287,0.12963426
1.2978513,0.6755796,1.285584,0.7294097,0.1124031,0.1551354
1.0848861,0.71295524,1.1575745,0.799275,0.14859489,0.12314522
1.4312848,0.65451443,1.4373498,0.6753399,0.017455911,0.16062906
1.490596,0.8789951,1.466537,0.711198,0.072297595,0.15409765
1.4752094,0.93701667,1.4924502,0.69459486,0.0065756934,0.14716291
1.537715,0.54244053,1.5541933,0.71784514,0.0057963976,0.13889304
1.3308607,0.70783734,1.3354924,0.67363846,0.007080968,0.16112447
1.385071,0.53752655,1.413631,0.6624467,0.0075836536,0.16490512
1.0750415,0.65549535,1.0205,0.81823146,0.05537051,0.10248173
1.6314352,0.7704925,1.6520793,0.75077015,0.01784055,0.12540166
1.6035335,0.7956679,1.6240711,0.73931175,0.011308046,0.13001926
1.82348,0.74562395,1.8575306,0.83661294,0.01328397,0.0830665
1.7779477,0.8140476,1.8109896,0.8226829,0.02118282,0.095924556
1.6083192,0.6875136,1.634296,0.7440637,0.0052800034,0.12435357
1.6094328,0.65439117,1.6404822,0.7524219,0.013252585,0.12598689
2.0271432,0.8743757,2.0857105,0.942233,0.019506158,0.038484655
1.7273368,0.69167936,1.7597191,0.7961949,0.012092647,0.10172853
1.7440963,0.89395624,1.7761967,0.80467695,0.006390039,0.097637005
1.6561748,0.6540895,1.6909671,0.7698252,0.014090852,0.117054455
1.4661909,0.5137825,1.4035292,0.71518755,0.1637735,0.1589497
1.3932137,0.6347321,1.401962,0.65927005,0.016562495,0.16863246
1.7505202,0.6705948,1.7813156,0.8068426,0.011330758,0.096816495
1.9709581,0.9610302,2.0068822,0.9060732,0.010868927,0.050197825
1.3868089,0.54849994,1.4104798,0.669336,0.010986024,0.16558374
1.6703044,0.6844666,1.702384,0.77179664,0.006820827,0.1106165
1.6035899,0.74260056,1.5585573,0.753397,0.23769993,0.14462307
1.4200736,0.79457873,1.4332201,0.6734784,0.008166145,0.16036786
1.116712,0.6039374,1.1101387,0.7992811,0.15053134,0.121047646
1.7825724,0.81633204,1.784358,0.82675046,0.06865346,0.09545256
1.5560328,0.57245046,1.195055,0.76336163,0.1625568,0.14067954
1.9968255,0.930638,1.4846799,0.7982244,0.4570517,0.14404893
1.8258269,0.73777556,1.8683288,0.8393101,0.0073842066,0.081761345
1.7718858,0.8884518,1.8157439,0.83434886,0.106155165,0.09410547
1.2645309,0.8311094,1.2600949,0.6840699,0.0086653475,0.15130061
1.3848782,0.4844083,1.3742414,0.6784464,0.05176729,0.172006
1.5950947,0.61290324,1.5359001,0.7634013,0.33788636,0.14430563
2.014997,0.9841302,2.0509713,0.9260452,0.012584349,0.04253922
1.7059053,0.7121262,1.728981,0.78974974,0.006457782,0.10587542
1.011663,0.8110392,1.2871745,0.79702234,0.37709406,0.13755113
1.847789,0.8575995,1.8695743,0.8405064,0.0121124005,0.078892834
1.1454549,0.68759376,1.1196008,0.76511747,0.049691465,0.12481161
1.5667067,0.6363858,1.473222,0.7539698,0.25467175,0.14674687
0.97193676,0.8249067,1.2184758,0.8134485,0.510561,0.13327628
1.9087957,0.90562636,1.9585094,0.88564223,0.026425445,0.06006602
1.8238814,0.7277133,1.8818734,0.8547384,0.056509733,0.08290075
1.3328403,0.5046479,1.3217711,0.6812034,0.06008539,0.17803091
2.0458696,0.952703,1.93064,0.958829,0.3055161,0.057427537
1.3560832,0.42461193,1.3719299,0.6814805,0.048389297,0.17813328
1.6587366,0.5927775,1.7001231,0.77325535,0.021243818,0.11893791
1.4313332,0.7208216,1.4428246,0.6746357,0.0054805907,0.15999128
1.8871763,0.9840356,1.910177,0.8556151,0.009054292,0.07326535
1.7228668,0.7777736,1.737155,0.7925547,0.0066956556,0.10376124
1.8718027,0.8659452,1.8865721,0.8630876,0.061918795,0.08176653
1.4290222,0.715057,1.4573324,0.6648725,0.006558508,0.16046612
1.4935477,0.85232764,1.3501501,0.7097039,0.15749283,0.15977634
1.5524771,0.61776954,1.569586,0.73239213,0.03754673,0.14053644
1.2316867,0.83132356,1.2207227,0.72057915,0.0680539,0.14646088
1.3646132,0.45937815,1.382735,0.66488,0.0074553755,0.16519381
1.1849246,0.6745911,1.1391841,0.7547868,0.03733733,0.12555368
1.6162115,0.8287231,1.4992082,0.8185925,0.528417,0.1412477
1.4735562,0.87035763,1.421746,0.7098435,0.06866041,0.15274362
1.3544905,0.8611162,1.3092322,0.7458171,0.28314006,0.15785082
1.0135623,0.81010777,1.2949214,0.7958348,0.33895737,0.13312185
1.3237958,0.6076581,1.3218832,0.6696756,0.029468223,0.16981637
1.5793662,0.84408,1.5763459,0.7593515,0.1567965,0.13873276
1.3253148,0.75907767,1.3339221,0.6564122,0.008502383,0.1702368
1.6713032,0.97560525,1.7022853,0.7733344,0.00595502,0.110146396
1.3614695,0.76359695,1.3699064,0.6605604,0.006573245,0.16829447
1.4973034,0.7996882,1.5050738,0.7299906,0.058746304,0.14296286
1.2287393,0.9341382,1.206317,0.72096044,0.047719087,0.14455624
1.2241962,0.94196093,1.2318196,0.6913737,0.0071164984,0.14763573
1.0557851,0.92662686,1.1937656,0.79028416,0.24067584,0.12866212
1.353919,0.72690964,1.3402884,0.7211627,0.17734416,0.16203216
1.2226782,0.6847728,1.2525396,0.72766423,0.10006786,0.14558165
1.6404797,0.5801695,1.1690595,0.8231575,0.41313744,0.12649773
1.4951059,0.57996297,1.4822683,0.7149216,0.08712597,0.15955462
1.851036,0.9685126,1.876833,0.8467428,0.012392912,0.079857536
1.8548318,0.97772866,1.6089454,0.83853143,0.4156622,0.1156447
1.5992837,0.8425251,1.615797,0.735368,0.0061388547,0.13064478
1.7321315,0.7036045,1.766495,0.7980834,0.0065367627,0.10108889
1.5204712,0.6740607,1.5165102,0.70846176,0.033665843,0.14789937
1.1803797,0.93262476,1.1173913,0.7836463,0.087334335,0.12361131
1.1374447,0.7676985,1.100208,0.7729549,0.025269354,0.11435886
1.7197858,0.8780489,1.7014749,0.82248586,0.25839722,0.103452004
1.7495701,0.95119333,1.4263611,0.8002545,0.40457672,0.12688418
1.8836534,0.7676543,1.9144046,0.87006795,0.009804471,0.07127837
1.1670322,0.9837679,1.1616974,0.7276979,0.011696968,0.13182497
1.2951678,0.7050615,1.2968886,0.67169267,0.029348671,0.1625339
1.1475136,0.9917371,1.1366885,0.81709105,0.2595684,0.1245283
2.0413136,0.93919665,2.091768,0.94216156,0.01868001,0.03793555
1.233755,0.5726478,1.2323565,0.736864,0.109472476,0.14638557
1.51948,0.9564116,1.54899,0.7889606,0.3403369,0.13037778
1.1477641,0.64320976,1.1219215,0.7662301,0.04929642,0.12157955
1.2181519,0.68815094,1.3979814,0.7753556,0.4071119,0.1553131
0.9115111,0.9395196,1.0656469,0.8138117,0.20858064,0.122924276
0.99832106,0.9844693,1.2099855,0.8283734,0.42518735,0.12834369
1.4300957,0.5372726,1.4463205,0.6756564,0.00950965,0.1582598
1.3438851,0.56433135,1.2601867,0.72162575,0.16784051,0.15736216
1.4902738,0.92060274,1.5044236,0.69485885,0.008529442,0.14759758
1.5949992,0.8377639,1.6236622,0.74608964,0.04381891,0.13087352
1.9299189,0.9798235,1.9930017,0.90111035,0.15772119,0.068436235
1.5822943,0.58138,1.7797751,0.89496464,0.6928115,0.099881485
1.3444988,0.9645628,1.2092807,0.7680818,0.123678185,0.13612191
1.8950114,0.7818457,1.4711075,0.8294769,0.5471881,0.12032369
1.5334846,0.6577029,1.4228766,0.73175716,0.17939837,0.15465538
1.5325977,0.67798406,1.563621,0.7093613,0.015343978,0.1437558
1.5722978,0.8244635,1.5971618,0.7336496,0.0078859385,0.12925498
1.2663859,0.8262927,1.2643874,0.6919621,0.011807377,0.15075348
1.4764132,0.75376135,1.482317,0.6877225,0.0058475155,0.15017655
1.39143,0.54737383,1.4104772,0.66374516,0.0058216257,0.16345134
1.2489566,0.48287466,1.2587514,0.6826943,0.021653,0.15794398
1.7510109,0.89625907,1.776669,0.81091636,0.012142283,0.09483086
1.4953678,0.81574684,1.3311694,0.71807635,0.19511166,0.15154724
1.2991877,0.49152547,1.3071847,0.6649684,0.004788601,0.16282892
1.3834482,0.66401887,1.3826861,0.6626165,0.019787028,0.17181024
1.8474628,0.88353485,1.8948417,0.85826194,0.007843386,0.0758345
1.4293808,0.9768014,1.4474926,0.66892153,0.008718217,0.16277985
1.2508341,0.8648383,1.2615869,0.6815195,0.014910144,0.15527593
1.7323192,0.72830796,1.3348,0.7478739,0.21970744,0.1493834
1.6374356,0.9282118,1.658612,0.7730849,0.04342365,0.119893484
2.0285957,0.87529147,2.073606,0.9387352,0.014569142,0.037929542
1.4390721,0.6237202,1.3249683,0.74183106,0.20137736,0.15220174
1.9105208,0.8249345,1.9713652,0.8849589,0.009929484,0.0619777
1.3883543,0.8398641,1.4738472,0.7335782,0.198403,0.14940138
1.4316674,0.872204,1.4616399,0.68726265,0.015617843,0.15383987
1.4122058,0.46588236,1.3711998,0.7006502,0.08947486,0.1609022
1.5600812,0.6219663,1.5859997,0.7325732,0.0129447505,0.13320681
1.0743337,0.6776674,1.0591409,0.797055,0.04698512,0.10981743
1.5138596,0.5777767,1.5364478,0.7090192,0.012279446,0.14498425
1.5620956,0.837064,1.5733061,0.71120495,0.007540838,0.13749498
1.6195997,0.91420025,1.6498253,0.7527853,0.005724169,0.11953307
1.7908638,0.843836,1.8383772,0.83397096,0.007890099,0.08491892
1.874077,0.7493913,1.9110014,0.85868794,0.008093254,0.072234064
1.9536023,0.8343924,1.9505806,0.8907628,0.118621305,0.0715782
1.8190621,0.87544507,1.8482542,0.8395191,0.022848675,0.08292245
1.1070611,0.7235769,1.0273709,0.81257933,0.07319326,0.11189515
1.4631428,0.92082816,1.4534917,0.68442595,0.048028655,0.1631469
1.6728016,0.96188015,1.6854994,0.7581559,0.0060243993,0.116503194
1.4025564,0.5172589,1.4267855,0.6774429,0.008114173,0.15921997
1.287616,0.79033303,1.3075209,0.6841281,0.06538627,0.16859831
2.0881188,0.92165154,2.1467226,0.96256846,0.116243504,0.04509123
1.2224741,0.6614308,1.1876223,0.75680494,0.16420859,0.14379004
1.1577511,0.5896162,1.1140428,0.7846208,0.056910872,0.11825293
1.6174546,0.7001227,1.6466722,0.7472054,0.00543909,0.12210738
1.0578855,0.7611511,1.0033028,0.83139795,0.13065343,0.10401607
1.7078505,0.6911338,1.7418873,0.7890403,0.00613867,0.104487926
1.6147307,0.736999,1.6353772,0.75839,0.01698968,0.12170864
1.309421,0.52084595,1.3214283,0.65860903,0.0049696676,0.16546375
1.3596272,0.8013914,1.361696,0.72693664,0.16664872,0.1580782
1.68265,0.70969313,1.7088795,0.7756641,0.0070621623,0.10900228
1.9917604,0.86829096,1.777818,0.9126789,0.6452446,0.089056574
1.5194865,0.7907558,1.5341136,0.70968485,0.005194322,0.14163291
1.524955,0.6204026,1.4657855,0.72313046,0.118215285,0.15157835
1.6983848,0.63170534,1.717932,0.7765794,0.0061183427,0.11069517
1.4641434,0.81842685,1.4837282,0.6828568,0.012631767,0.1561031
1.897058,0.9787414,1.9424403,0.8777111,0.0096429335,0.06681579
1.1655457,0.68056417,1.2639096,0.7321457,0.23434119,0.1528449
1.6841995,0.63861686,1.6021266,0.7988251,0.27912977,0.12317043
1.6691839,0.6998366,1.68347,0.76511365,0.0076338584,0.11647969
1.3209201,0.81264615,1.3713772,0.7496208,0.3380855,0.15537827
1.5512259,0.5254937,1.5730069,0.7195813,0.005676004,0.13517055
1.54015,0.75261956,1.4311543,0.7686915,0.33961225,0.14969839
1.1698254,0.87583405,1.4439926,0.8070168,0.36258808,0.12070181
1.6252058,0.6786396,1.6531196,0.7461014,0.011083517,0.12612112
1.3469962,0.4097982,1.3584728,0.6599444,0.012878062,0.17108846
1.591528,0.68425345,1.61869,0.74035245,0.0051199095,0.12759893
1.5639691,0.7631787,1.5152388,0.77701026,0.17816758,0.13221133
1.55123,0.64865035,1.5700736,0.71861666,0.0071653496,0.13610223
1.3585802,0.9696967,1.3748219,0.65706414,0.0053418335,0.1662747
1.6405427,0.73475367,1.670095,0.75504327,0.02122556,0.124665424
1.3685663,0.9208766,1.3830316,0.6588595,0.007820931,0.17018202
1.271677,0.624617,1.2850082,0.6617075,0.014129145,0.16484435
1.6164297,0.8216793,1.6438658,0.7529747,0.0072330013,0.12173745
1.758833,0.8021382,1.7866082,0.8073191,0.006514664,0.09608127
1.6598729,0.6671255,1.6917708,0.7700059,0.006511251,0.11182928
1.6909219,0.75701404,1.7258077,0.7837847,0.006421806,0.104909085
1.7749708,0.7846635,1.786691,0.80734366,0.022468846,0.09543974
1.1422836,0.6884794,1.1221657,0.792625,0.1292699,0.12515624
1.3008304,0.6142779,1.3015947,0.6584515,0.016413748,0.17201377
1.4586416,0.56062204,1.477057,0.6815841,0.009707191,0.15886152
1.8132337,0.84308076,1.8529394,0.8339296,0.012255049,0.08493166
1.4528565,0.5087112,1.4761775,0.68859196,0.0063408986,0.15155388
1.3939654,0.6496726,1.3560109,0.706385,0.09643551,0.17178608
1.3615823,0.8353682,1.3867903,0.7310413,0.27896482,0.1576797
1.6080134,0.66506815,1.6201293,0.745354,0.0072155264,0.12435678
1.1251063,0.95387995,1.1505694,0.83494467,0.27398753,0.11997152
1.7006818,0.6259939,1.7274542,0.7811212,0.010383234,0.10611047
1.7623614,0.9835207,1.7898448,0.8073808,0.0072448268,0.094988905
1.2221777,0.5751188,1.2168808,0.7190809,0.019735858,0.13889642
1.1325778,0.6670811,1.2274711,0.7751722,0.12811495,0.12948294
1.887782,0.8247935,1.9271502,0.87550056,0.08694153,0.07436122
1.4373908,0.47654796,1.4080896,0.73192686,0.19624509,0.1526478
1.3033087,0.46580565,1.3151727,0.6724619,0.006092311,0.15879565
1.5109303,0.7657082,1.5276904,0.7007128,0.0139213065,0.14856724
1.3425752,0.58093286,1.3490119,0.65018237,0.0067347004,0.17058183
2.1034236,0.93948877,1.1064346,0.79977983,0.14932007,0.12357552
1.4663584,0.7196503,1.485239,0.68623495,0.01255891,0.15467405
1.3451887,0.58551997,1.821924,0.8497134,0.20206904,0.09102702
1.1878598,0.8720238,1.2972255,0.7702305,0.2986459,0.13905627
1.9626622,0.92951447,2.0033648,0.9047724,0.011649347,0.050878994
1.5672461,0.76303685,1.599436,0.7306231,0.005063093,0.13077876
1.7709366,0.79704624,1.6011372,0.7969509,0.3634036,0.12926786
1.6797863,0.8709067,1.6857731,0.7647292,0.010745269,0.11660443
2.0742917,0.99706095,2.1285205,0.964608,0.020356594,0.030845843
1.0415947,0.95773834,1.0305645,0.8353844,0.20690973,0.113748826
1.4355139,0.5097878,1.4521182,0.68117166,0.0066611078,0.15625167
1.5804816,0.5774595,1.5999827,0.7334696,0.0263236,0.13758062
1.2275255,0.6723026,1.1599543,0.7675843,0.13223216,0.13902302
1.806506,0.9838101,1.7893128,0.820044,0.07526291,0.10267236
1.0494395,0.9712142,1.0659413,0.8519525,0.15551755,0.10362461
1.8841107,0.8680064,1.9161401,0.8685294,0.023032984,0.07275751
1.7965986,0.7757609,1.8380053,0.83367693,0.007568084,0.08438786
1.3162701,0.5046406,1.3255978,0.66082555,0.016517214,0.16767046
1.7004961,0.6860321,1.6823244,0.79367274,0.20443405,0.11724362
1.509654,0.6875071,1.5277684,0.7057519,0.005243363,0.14099385
1.1664736,0.8737809,1.176799,0.73377955,0.008401504,0.12889764
1.8835999,0.860407,1.9343672,0.8730604,0.010241414,0.06643939
2.0357938,0.99668086,2.0628738,0.9328684,0.012917739,0.042759888
1.573603,0.59313655,1.6005805,0.7355525,0.010714236,0.12982848
1.6907171,0.6251622,1.3686764,0.785594,0.36006138,0.13755326
1.2884725,0.80494875,1.3638358,0.75633025,0.29150188,0.15084963
1.6479806,0.7047247,1.6726434,0.7575588,0.0065768505,0.119519606
1.4355134,0.5464097,1.4542117,0.6832507,0.018775437,0.16065234
1.8061666,0.79025644,1.8315945,0.82526064,0.011758113,0.08958077
1.4948249,0.7317089,1.5145605,0.7028443,0.009118865,0.14693308
2.1172233,0.96101505,2.1544316,0.9761378,0.03272715,0.027677575
1.2527738,0.48806486,1.2695212,0.7676291,0.22501472,0.14369674
1.45213,0.5612231,1.4687266,0.6826489,0.007430235,0.1540554
1.2635236,0.9109467,1.2739754,0.6759822,0.01827997,0.16295347
1.5856225,0.62229896,1.6099269,0.7377887,0.0073153083,0.12718697
1.9884373,0.8410796,2.051164,0.9306937,0.034993533,0.04439708
1.5077338,0.5297721,1.5230935,0.7064545,0.017049523,0.15251115
1.8253096,0.930202,1.8635454,0.8409203,0.01300843,0.082839236
1.8376133,0.8340383,1.8774474,0.8476546,0.0071162987,0.079498954
1.5477167,0.9021527,1.4684699,0.77122045,0.2143496,0.13446783
1.3541259,0.6684295,1.371911,0.6600615,0.00592515,0.16654114
1.2563859,0.8495836,1.2605202,0.6821569,0.04987819,0.16148986
1.4219764,0.74174047,1.4307256,0.6620738,0.010260619,0.16899908
1.5255669,0.6075545,1.5423841,0.70904523,0.004997961,0.14087571
1.9844756,0.8730011,2.0236037,0.94359654,0.29641783,0.05730021
1.3980147,0.7789067,1.3210945,0.6854122,0.08760732,0.16725469
1.6857332,0.61618906,1.6861315,0.8055299,0.2374297,0.12616089
1.5072634,0.6712082,1.5183859,0.70589435,0.005482818,0.14236444
1.9607766,0.9002468,2.0020359,0.91047794,0.009546058,0.054060824
1.645281,0.98711425,1.665529,0.7515045,0.0056979395,0.12047291
1.6952255,0.8475415,1.6520224,0.78083533,0.14662059,0.124416344
1.2891659,0.52206844,1.3000457,0.67758626,0.0049032476,0.15663333
1.3038765,0.94296604,1.2422376,0.70619214,0.06017079,0.15389588
1.4930911,0.6105018,1.4897478,0.81453377,0.6671516,0.13775764
1.6507305,0.72657025,1.6729431,0.7582387,0.0061713913,0.11612596
1.8006788,0.7624849,1.8284416,0.8298109,0.027709696,0.09255494
1.7117168,0.8952179,1.6286743,0.8337007,0.2373833,0.11282745
1.6400952,0.6734609,1.6727235,0.75671005,0.006403386,0.118223846
1.1798433,0.674149,1.1221588,0.79243827,0.20351684,0.12815484
1.4769757,0.51183784,1.5090098,0.6939418,0.0050345813,0.14714403
1.8500925,0.88141304,1.8756826,0.8514274,0.00745918,0.07735669
1.5706705,0.5919196,1.5938964,0.72993994,0.006062859,0.13155659
1.3743438,0.9455861,1.2873068,0.7139604,0.15936865,0.16359468
1.1063703,0.70143175,1.0928929,0.7674518,0.01648301,0.11721444
1.3707811,0.89013374,1.3858283,0.6632982,0.0065736147,0.16718441
1.658687,0.8310018,1.6431398,0.7987577,0.35647297,0.12637222
1.1702751,0.6245759,1.1699826,0.76049364,0.100638725,0.13350986
1.4163558,0.5760381,1.4887879,0.7432879,0.2484548,0.15498841
1.8355601,0.74396133,1.8458595,0.86722976,0.13456887,0.08124696
1.7575076,0.92020345,1.7810364,0.80680937,0.015607175,0.10019311
1.2867974,0.51476294,1.3006988,0.66228926,0.015644224,0.17382564
1.2167852,0.72277945,1.1746535,0.72622323,0.06593024,0.14135988
1.3081567,0.8688836,1.3354886,0.7304068,0.22065544,0.1667589
1.2596081,0.49331275,1.2604067,0.7536304,0.24539933,0.15078542
1.5203301,0.6154873,1.5249841,0.71094495,0.016753022,0.14814326
1.5126753,0.8924891,1.5334446,0.7067859,0.0050453455,0.14175914
1.6786861,0.79738545,1.6937718,0.79166746,0.057606388,0.11365143
1.1857985,0.8735282,1.1046405,0.7599201,0.057176866,0.12711473
1.2111666,0.7923814,1.19399,0.74533653,0.13102995,0.1430478
1.9700276,0.88449687,2.0306256,0.92328984,0.029954664,0.04988924
1.8289238,0.76790285,1.8779488,0.8439966,0.008415994,0.07983797
1.1459799,0.56950074,1.4124768,0.7209134,0.26400653,0.16892181
1.7381535,0.6675778,1.7586875,0.7943407,0.007025215,0.102449715
1.3691175,0.4576175,1.3759844,0.6547389,0.013805765,0.17008503
1.5072781,0.64224035,1.5192108,0.699685,0.006019337,0.14703906
1.6314476,0.7415454,1.6414773,0.7522553,0.07887586,0.12993684
1.3980534,0.9643493,1.4127162,0.6649738,0.0072158393,0.1628385
1.619116,0.65223056,1.6352651,0.74416214,0.0057908054,0.122202285
1.542977,0.5393561,1.566885,0.72189003,0.005508969,0.13556243
1.47572,0.56582737,1.4799757,0.7017724,0.051781505,0.15494044
1.4659739,0.5262257,1.4323137,0.7155853,0.10465872,0.15906964
1.5081162,0.6272414,1.5228848,0.69986975,0.0060643135,0.14646038
1.7424667,0.97050124,1.7744727,0.80024457,0.007412704,0.09800987
1.9283487,0.91238123,1.953156,0.89052755,0.12610489,0.0699003
1.358794,0.6237135,1.3749762,0.6638945,0.020052645,0.17093502
1.7358909,0.971141,1.7839847,0.80590576,0.018512633,0.10184567
1.6071507,0.6662158,1.6396556,0.743898,0.007554989,0.12253405
1.4569951,0.5142635,1.4801741,0.6914812,0.005501309,0.1501896
1.5090449,0.8644824,1.5436325,0.7133702,0.0057012276,0.13882753
2.0270514,0.92195624,1.8787882,0.8944933,0.3432843,0.07959912
1.0773343,0.7371194,1.062717,0.79994446,0.09011263,0.114715286
1.8176318,0.7040914,1.8522167,0.84217316,0.062204663,0.08673488
1.2765974,0.86287636,1.2857563,0.6741652,0.011294883,0.15905522
1.2048488,0.6177591,1.219279,0.7297935,0.11042249,0.14806496
1.1678003,0.8216338,1.1696014,0.7586506,0.11096288,0.13463423
1.2486768,0.92036957,1.193083,0.7501346,0.10985027,0.1395258
1.5033818,0.6074732,1.5258272,0.71012425,0.03543453,0.15099028
1.2925776,0.6435024,1.5018816,0.7305475,0.22772199,0.15095666
1.2263147,0.859529,1.2317653,0.6985841,0.0058269356,0.14478047
1.7197251,0.9923312,1.7303758,0.7856408,0.0117660705,0.106610745
1.6797795,0.9336202,1.7161396,0.78386056,0.013283602,0.11016929
1.6253211,0.924914,1.3269513,0.7782289,0.31619,0.13467035
1.5217382,0.8617243,1.6112711,0.7847355,0.3582142,0.13971417
1.4020971,0.7670233,1.613836,0.8069858,0.4134772,0.13941483
1.4938903,0.96844584,1.5147932,0.696194,0.0047004446,0.14690769
1.1838578,0.9191924,1.241045,0.73048794,0.15257278,0.15334725
1.727687,0.91749364,1.4927909,0.790737,0.36764514,0.13041456
1.0723256,0.8546446,1.0430391,0.79380673,0.0323744,0.10730093
1.3028365,0.5244821,1.3033295,0.67444825,0.014046915,0.16257891
1.6748916,0.9106245,1.6774871,0.7614833,0.012053297,0.11753344
1.4211316,0.50165987,1.4327128,0.67470807,0.013544347,0.16709504
0.9141361,0.99947643,1.3522751,0.7494,0.2865232,0.15378878
1.9006869,0.9355249,1.9292192,0.8684038,0.008684842,0.068288654
1.3201177,0.8730831,1.3720689,0.7418153,0.21092789,0.15577179
1.4111922,0.7611241,1.4259081,0.6698874,0.0055598714,0.16257069
1.3319433,0.59996516,1.3414683,0.6671405,0.056215778,0.1735997
1.8741416,0.77139217,1.9132597,0.8598977,0.012564301,0.07369182
1.4624379,0.8061973,1.4961505,0.74566436,0.22701289,0.15020677
1.2832689,0.71271086,1.5810466,0.76908684,0.2330414,0.14160141
1.7926826,0.8615901,1.821173,0.8234491,0.02552541,0.09173943
1.6492691,0.91569847,1.6760459,0.75879955,0.0055903657,0.117518306
1.2100118,0.7924548,1.148884,0.7719262,0.042284653,0.12023867
1.5466619,0.54052913,1.5737917,0.72561353,0.01923256,0.14211628
1.4337782,0.45955336,1.2641976,0.7262697,0.14481312,0.15063603
1.2746049,0.7125378,1.2805352,0.68068373,0.0055412124,0.15527014
1.3177373,0.6993137,1.3141143,0.6724388,0.053501084,0.16917072
1.4329813,0.5251241,1.4416261,0.6737379,0.0059511713,0.1588034
1.5818828,0.7453423,1.5580065,0.75192434,0.10331349,0.13744436
1.3466696,0.8655954,1.4163065,0.6973345,0.1340968,0.16298133
1.5410062,0.83710057,1.5438614,0.70975596,0.015126075,0.14574844
1.5861,0.58624744,1.6035409,0.7342684,0.0061736363,0.12888867
1.3072294,0.7234779,1.2665389,0.695601,0.031034065,0.15341523
1.3083563,0.5676312,1.3584085,0.75455576,0.3414359,0.15327008
1.6272519,0.6673381,1.6439214,0.74914837,0.010689696,0.12569015
1.6857648,0.6291599,1.7118144,0.7774159,0.0071136453,0.11098879
1.6269038,0.9984696,1.64975,0.7500905,0.005808485,0.12224995
1.2957137,0.4793412,1.3010948,0.67404586,0.0045102863,0.1576024
1.6992838,0.90772146,1.726999,0.7812782,0.0060870266,0.108908124
1.4968247,0.9402113,1.5103672,0.6996342,0.0053215562,0.14456326
1.3627385,0.7712657,1.3776569,0.6585514,0.0067569944,0.16656037
1.4958011,0.9052761,1.5114393,0.69748276,0.010688249,0.15062459
1.2309824,0.84530795,1.236707,0.6956034,0.066259824,0.15554912
1.1347651,0.64234614,1.0516589,0.7890766,0.09574568,0.11786956
1.5637317,0.6153674,1.5788033,0.7283241,0.05500799,0.14538385
1.5385903,0.8997742,1.5673184,0.71565163,0.021622252,0.1489912
1.4130827,0.9836362,1.4002109,0.6609657,0.0164049,0.16983771
1.6172141,0.822621,1.6430025,0.7461744,0.008833347,0.12540834
1.351126,0.83411294,1.3720927,0.6551024,0.006574285,0.17027804
1.590795,0.785823,1.6181469,0.7407063,0.015903637,0.13041162
1.7353257,0.66569716,1.7368574,0.8298292,0.058827486,0.0961049
1.6189847,0.7090762,1.5142775,0.75315005,0.28055018,0.15354672
1.2244455,0.5999966,1.2284586,0.70154303,0.009091722,0.1435506
1.743297,0.6626213,1.7873573,0.8054338,0.0069404445,0.09643878
1.5028579,0.7957189,1.5041661,0.706453,0.041682582,0.1604524
1.9576894,0.85446084,2.0095427,0.90715486,0.029800052,0.052607574
1.6742022,0.8175818,1.7000542,0.77311885,0.008696499,0.11129155
1.4954131,0.8012566,1.5168147,0.698915,0.013470176,0.15093467
1.4232426,0.61659575,1.4377501,0.6699609,0.009025292,0.16345122
1.7653219,0.8916671,1.3711305,0.7505927,0.19682561,0.14604436
1.3774055,0.4536969,1.4402251,0.7417463,0.33849958,0.15949701
1.4971054,0.8316845,1.5088606,0.69561505,0.022452261,0.15659858
1.3758051,0.4444306,1.3952417,0.6655896,0.007081947,0.16628759
1.5083448,0.5346385,1.4833446,0.7200392,0.09870248,0.15500042
1.9157089,0.81735176,1.9526491,0.880781,0.008990797,0.0630893
1.8387392,0.96197736,1.8682063,0.8411481,0.010179818,0.081149764
1.3554186,0.8331429,1.3654313,0.65778446,0.0048083747,0.16642597
1.4592726,0.7808807,1.4803286,0.69184697,0.006306813,0.15017058
1.197069,0.5694053,1.2087328,0.7162003,0.008737973,0.13793251
1.2113607,0.6484743,1.2342374,0.70737386,0.02050628,0.1446025
1.6044694,0.9174025,1.6237614,0.74947023,0.059660524,0.13627356
2.1232574,0.9657356,2.1578662,0.98168546,0.025579618,0.027303396
1.821448,0.7715217,1.8437006,0.8447124,0.02538903,0.07915525
1.6826932,0.60835,1.7216697,0.7806926,0.0072979336,0.10673191
1.3749592,0.7207352,1.3778281,0.6608769,0.0068976805,0.16681947
1.8051065,0.7375376,1.840632,0.83303565,0.007977196,0.086988725
1.1634922,0.55223763,1.1503584,0.74484,0.013145782,0.12362591
1.8552011,0.9423222,1.8752043,0.8535368,0.026520953,0.075935796
1.5433924,0.8833022,1.5566006,0.721275,0.01555573,0.14026019
1.9168284,0.939377,1.9445572,0.8771009,0.009969238,0.064952254
1.3760867,0.8689676,1.3385108,0.76765513,0.29355624,0.15451767
1.5080884,0.9672187,1.5226173,0.7031683,0.0058381017,0.14270987
1.3202082,0.86774665,1.3172257,0.6820682,0.05140308,0.16303544
1.8007059,0.70006615,1.8153889,0.83549744,0.051246103,0.08582435
1.2742983,0.48396632,1.278111,0.71522266,0.16729626,0.1622531
1.7571079,0.74482155,1.7905531,0.80823725,0.010611354,0.09438494
1.8214246,0.71726537,1.8920274,0.8552788,0.015569702,0.07584388
1.0437087,0.71631324,0.9847197,0.8581694,0.09926731,0.095309496
1.55377,0.8126803,1.5794098,0.7252085,0.0067899576,0.13262285
1.6809503,0.7098392,1.7063518,0.7771052,0.00621342,0.10934156
1.5856036,0.8361841,1.7988014,0.8899453,0.7226307,0.0954723
1.6649523,0.64315456,1.6635015,0.7602764,0.04303823,0.13168885
1.1678631,0.9987598,1.1527923,0.7547388,0.08043397,0.13463925
1.3493056,0.51517797,1.3235819,0.66368604,0.01914064,0.17279245
1.3093277,0.7824938,1.3139722,0.66510534,0.009458577,0.16401604
1.5956568,0.8120857,1.6250904,0.7441864,0.005803516,0.12536764
1.2412713,0.5731148,1.3374999,0.7606993,0.2132389,0.14916375
1.904706,0.9011773,1.9382033,0.87617344,0.008958629,0.06605142
1.339173,0.64181054,1.3997386,0.7653389,0.3498809,0.15863673
1.8085603,0.848782,1.736098,0.82364905,0.18249157,0.11348781
1.0481838,0.90895873,1.2115493,0.9405423,0.6109387,0.08654002
1.8164706,0.97381234,1.8654788,0.85758275,0.120252274,0.08385131
1.2000582,0.70169073,1.2887249,0.6905171,0.07163244,0.1614297
1.1683908,0.9486101,1.1401374,0.7569587,0.05730216,0.12840776
1.5804954,0.6831247,1.5992806,0.77478933,0.27888831,0.13435446
1.3964599,0.8973954,1.4044201,0.66719484,0.006797797,0.1636736
1.3615627,0.70456696,1.3670142,0.66622174,0.015378144,0.17128609
1.1732917,0.7463171,1.163506,0.7731559,0.10389579,0.1307664
1.5197839,0.61586165,1.5489049,0.71385026,0.0069916467,0.14051136
1.7622154,0.99270105,1.8095031,0.8236118,0.04457049,0.09455841
1.711499,0.8923947,1.7445359,0.78967935,0.0097130565,0.10578002
1.418201,0.5813424,1.4085112,0.6776379,0.04427818,0.16745074
1.2166935,0.6489323,1.258187,0.76111907,0.21891586,0.14697076
1.7024521,0.9880653,1.7379115,0.7912738,0.0086287595,0.10202409
1.911446,0.91505706,1.9877837,0.8989888,0.10648425,0.06219744
1.9504274,0.8271086,2.0044782,0.90325415,0.01016581,0.05502321
1.573818,0.58513427,1.5965629,0.72521794,0.0051714797,0.13268493
1.8157995,0.7394977,1.8348029,0.82603544,0.009181368,0.088807575
1.7646786,0.8865195,1.7860317,0.80215484,0.006432891,0.09746473
1.7939291,0.8552353,1.8212798,0.8260466,0.011120329,0.08798829
1.5913934,0.9057085,1.625906,0.7394767,0.006709075,0.12635225
1.0931755,0.77600324,1.1180053,0.7896285,0.0928667,0.118376404
1.5857633,0.6213752,1.5037057,0.7614509,0.24889535,0.14350134
1.0528743,0.7573366,1.3203249,0.7020467,0.116948016,0.1644726
1.6830102,0.6273458,1.7150753,0.785083,0.017805899,0.105438486
1.3279,0.58064413,1.338248,0.6583057,0.0050335783,0.1668323
1.691845,0.7087463,1.6659756,0.7895283,0.13225438,0.11601403
1.2960134,0.5241887,1.2761152,0.69511867,0.04973456,0.16067368
1.8375893,0.9170257,1.8633289,0.84006566,0.010644481,0.08167495
1.9940164,0.9973459,2.0584712,0.92742914,0.03783918,0.044499528
1.4782388,0.7985253,1.4941223,0.6894765,0.005804457,0.1506666
1.4057388,0.9671299,1.3898227,0.71571696,0.15361685,0.15505262
1.6642686,0.7431094,1.6959836,0.7680301,0.009767986,0.113804236
1.4940971,0.9611738,1.4968462,0.68300855,0.009128819,0.1536951
1.4148424,0.5033534,1.4417617,0.6729156,0.0047543733,0.15910602
1.4194267,0.8130546,1.4301858,0.6722262,0.01665573,0.1675298
1.3521378,0.5618388,1.3759589,0.66740584,0.006218989,0.16658634
1.3517501,0.77562934,1.5794675,0.7707007,0.3201319,0.14286502
1.4537815,0.965749,1.4642642,0.67806554,0.007142304,0.15791959
1.9096452,0.8918469,1.9497812,0.8761254,0.010837558,0.06309867
1.1915705,0.57663846,1.1988206,0.71707284,0.010154672,0.13782512
1.8989346,0.91380423,1.9435904,0.8812833,0.010466353,0.061711915
1.6915493,0.66279995,1.7308757,0.7845276,0.016874587,0.11352745
1.4315524,0.954866,1.4481504,0.6791967,0.018538404,0.16578558
1.330134,0.49686897,1.3383362,0.6545077,0.0066405167,0.16839765
1.1496851,0.69783664,1.2276669,0.73509395,0.12595303,0.14236292
1.3329209,0.6616012,1.3477917,0.67849445,0.047130305,0.17485723
1.8482316,0.8316902,1.9022465,0.86183256,0.04654713,0.0751663
1.8923979,0.9625165,1.9644055,0.88488996,0.02040014,0.062102567
2.0823061,0.9729531,2.1445804,0.96915877,0.020661462,0.027263036
1.1193985,0.701818,1.1644771,0.7558906,0.1307399,0.13818121
1.7392843,0.7856072,1.7443836,0.8008027,0.03579377,0.106088616
1.5528265,0.69491667,1.5633261,0.7417881,0.053573504,0.13931853
1.5850084,0.5514717,1.672658,0.76771855,0.15224716,0.13363934
1.206958,0.80969334,1.2145376,0.7015468,0.0071781864,0.14381522
1.104543,0.8217158,1.1787267,0.85904485,0.37353757,0.10905426
1.7172415,0.8205111,1.7501016,0.7960498,0.007573604,0.10304046
0.9379671,0.87808627,1.5178075,0.8416613,0.70431054,0.14328574
1.2751616,0.85529345,1.2771368,0.6658409,0.0068027745,0.16025433
1.0675828,0.8970153,0.99472576,0.8548055,0.15925467,0.10602701
1.3466263,0.41756558,1.3760197,0.6614009,0.016490407,0.16876532
1.0424885,0.9787731,1.0011485,0.84973294,0.14382017,0.10529833
1.4269457,0.4963321,1.3968565,0.7060579,0.110640354,0.1654775
1.9719837,0.9280933,2.0120735,0.9123935,0.010621898,0.05007629
1.5002085,0.9720755,1.5152633,0.6995859,0.0050346293,0.14623441
1.1902329,0.796909,1.1825047,0.71090215,0.02087069,0.13962007
1.9261189,0.9253073,1.9369745,0.8801187,0.14616826,0.07344055
1.7913198,0.73846996,1.8274806,0.8452615,0.051828414,0.09022445
1.6246009,0.71152353,1.6405635,0.7464251,0.006766206,0.1241552
1.4719512,0.57020795,1.499718,0.69494945,0.008658817,0.15087968
1.6663538,0.7075608,1.5987628,0.7440436,0.15318125,0.13885324
1.6121694,0.7024705,1.5444062,0.76036924,0.3245112,0.14540826
1.6327615,0.76104707,1.65484,0.75426894,0.017097631,0.12509342
1.932572,0.9414536,1.9613154,0.88196677,0.012931969,0.06267117
1.2784342,0.8687227,1.2039933,0.72858846,0.07338113,0.1445837
1.5875385,0.9919676,1.6143584,0.7396815,0.00834918,0.12772053
1.0987103,0.6688344,1.078176,0.78436244,0.06492888,0.11808931
1.5849218,0.5618177,1.6874936,0.81365305,0.20762394,0.12659167
1.2985377,0.974622,1.3011212,0.67243475,0.0055107577,0.15914361
1.3968885,0.57453877,1.3758624,0.7224207,0.20949085,0.15895075
1.1499985,0.96780163,1.1199691,0.756209,0.02419562,0.1230445
1.686276,0.89444596,1.7127206,0.7781809,0.0098498715,0.11066836
1.449652,0.8126758,1.4744289,0.67768264,0.0068134028,0.1573457
1.3295245,0.4360162,1.4605365,0.7056283,0.11073502,0.16154309
1.4357177,0.59220034,1.456922,0.6776719,0.0063522286,0.15725988
1.9671588,0.9850541,2.0269878,0.9161424,0.023000434,0.04761185
1.5587397,0.5659271,1.5588584,0.7284732,0.0242485,0.13865705
1.5705876,0.70834476,1.5874553,0.7200547,0.0049699424,0.13588168
1.3504397,0.51919585,1.3603616,0.6568903,0.005640638,0.16851954
1.2104623,0.68232304,1.2267652,0.74775064,0.24057429,0.14205602
1.3332853,0.7224099,1.3439853,0.6573789,0.022075655,0.17681094
2.033658,0.95307636,1.98118,0.91905695,0.39197272,0.070467286
1.5667361,0.9404065,1.5818453,0.7298673,0.0091518825,0.13365531
1.6294283,0.98289937,1.6439793,0.75757504,0.015155817,0.123199575
0.8919734,0.99089706,1.5853271,0.7601661,0.31382263,0.13490012
1.2551072,0.7697393,1.259629,0.6859737,0.017374633,0.15178671
1.4686049,0.74939936,1.4984233,0.68581855,0.010168379,0.15506215
1.7402259,0.9555821,1.7666342,0.79943335,0.008326722,0.09974067
1.1712021,0.9908533,1.1306441,0.7622806,0.04854104,0.12440206
1.4322728,0.661081,1.4720154,0.73633033,0.24426788,0.16458255
2.0515327,0.9444703,2.111284,0.9617826,0.015191839,0.034105875
1.8475474,0.8374614,1.8964484,0.8597385,0.008796486,0.07578025
1.9635937,0.9890472,1.9864163,0.8952396,0.0093718665,0.05811414
1.2294862,0.52271026,1.4231312,0.69323313,0.14993475,0.1719801
1.1348983,0.98083836,1.1465657,0.7405995,0.010004138,0.12463835
1.5360699,0.96916556,1.5573823,0.7168039,0.013731484,0.1409087
1.5969167,0.7520758,1.6256719,0.7355346,0.005650698,0.12635054
1.5090411,0.6414672,1.5240839,0.70499766,0.029629016,0.14811085
1.3316354,0.7142332,1.3010201,0.68509084,0.054864302,0.16628389
1.7369757,0.81254154,1.7470796,0.80805737,0.15242073,0.10619309
1.4786674,0.7455043,1.4786329,0.6870242,0.022525419,0.1601513
1.2248673,0.59838647,1.2104936,0.7928921,0.30529973,0.13702323
1.41579,0.6105185,1.387953,0.6983979,0.05912654,0.15791287
1.81247,0.9621611,1.8466046,0.8394672,0.010470197,0.08285844
2.0104094,0.92017126,2.05772,0.92990714,0.013321658,0.04675995
1.1836711,0.8998327,1.17768,0.7210346,0.014743425,0.13622081
1.3405452,0.6061533,1.3563378,0.6552403,0.01674296,0.17151448
1.3632256,0.46992323,1.3840997,0.6570215,0.0048036147,0.16986786
1.667277,0.9978159,1.6947234,0.77024895,0.008715391,0.112525694
1.64626,0.8538477,1.6547921,0.7542583,0.008413563,0.12235796
1.4530054,0.6029398,1.4638293,0.6810421,0.013221829,0.15842
1.9385864,0.97438645,1.3745756,0.90972155,0.42321607,0.09119499
1.7938371,0.7380323,1.84624,0.8361828,0.010826196,0.08268966
1.5028412,0.6706935,1.533092,0.7048914,0.0068830666,0.14473382
1.4452728,0.6196724,1.2558048,0.7465524,0.15198095,0.14394519
1.4786599,0.9550242,1.5015712,0.69501853,0.004744244,0.14679778
1.3095511,0.48784527,1.3239603,0.6575947,0.006837874,0.16722757
1.2967154,0.5968504,1.3158748,0.6550504,0.010070685,0.16660158
1.3523147,0.47217533,1.2382009,0.74463797,0.20916943,0.15494019
1.4115918,0.5348126,1.4174373,0.72452176,0.2241852,0.16785188
1.0039304,0.7489709,1.4420338,0.7892159,0.43299103,0.14810191
1.192108,0.5563269,1.3236918,0.76360106,0.26522353,0.14248297
1.7504667,0.8149087,1.6483545,0.79200745,0.29005846,0.12597348
1.745556,0.83620113,1.773263,0.80068177,0.0064490912,0.097751655
2.034199,0.9156968,2.0895503,0.94698054,0.014852084,0.03479782
1.48277,0.52570164,1.5008779,0.69889086,0.004918058,0.14660235
1.7681528,0.92109346,1.809753,0.81491894,0.006807116,0.09285885
1.6800122,0.9571007,1.7094159,0.78842044,0.022604527,0.109946586
2.1227806,0.99796844,2.1662934,0.9726925,0.026189554,0.02786896
1.5447044,0.5826972,1.5704327,0.7189406,0.005886435,0.13616832
1.0221324,0.88706344,1.0428658,0.8470586,0.19494082,0.109440126
1.2167417,0.6107307,1.1949759,0.72210777,0.08187397,0.14692415
1.5918927,0.75348055,1.6099069,0.7434657,0.042192623,0.13783923
1.4627962,0.6720765,1.4820702,0.69005805,0.0075105587,0.1511241
1.9962194,0.85195893,1.831403,0.885088,0.42085415,0.09024031
1.8548911,0.9534068,1.8832002,0.8523056,0.009971705,0.076582946
1.9087685,0.8081478,1.9486558,0.8742477,0.008843782,0.0667446
1.3912055,0.9566868,1.3122377,0.719746,0.21070397,0.1617031
1.1263161,0.6796486,1.1388087,0.7535695,0.021076549,0.124476604
1.4037954,0.61367583,1.4154625,0.6703884,0.005189547,0.15937546
1.4552463,0.896206,1.4625945,0.68715316,0.011432167,0.1578157
0.9606645,0.9529985,1.2483704,0.82218546,0.33308694,0.12286947
1.3289919,0.85766727,1.2521992,0.72428346,0.06647491,0.14940405
2.009908,0.95230323,2.0029466,0.91058356,0.033493757,0.054502845
1.9623288,0.9343045,2.018478,0.9072021,0.013797698,0.051667918
1.448431,0.68683016,1.4729967,0.6823703,0.0077739577,0.1575302
1.2874647,0.650363,1.4199195,0.7246551,0.21113047,0.16105872
1.772253,0.803754,1.8068583,0.81976384,0.024828278,0.09146881
1.700675,0.64079416,1.7308104,0.7857485,0.0073418166,0.105602585
1.3506967,0.5759913,1.3527167,0.7532265,0.32912287,0.15510814
1.4933645,0.7067625,1.5218399,0.70288354,0.010752198,0.14842637
1.6226772,0.7428545,1.5471084,0.7516513,0.20467943,0.14521796
1.2946347,0.5545597,1.290503,0.69870454,0.080530904,0.15981498
1.034054,0.77450454,1.5280044,0.74453413,0.2884525,0.15817252
1.4729121,0.88777286,1.4755366,0.6902041,0.006219039,0.1516439
1.4749863,0.5035997,1.2861838,0.7367451,0.22506876,0.15548237
1.2843941,0.46524736,1.4404438,0.7923549,0.39057767,0.13652377
1.7017267,0.8557647,1.736968,0.78590775,0.006859712,0.10663193
1.0264881,0.93039,1.1986167,0.8658683,0.5569521,0.115758054
1.321734,0.47289535,1.347014,0.6496249,0.0086981505,0.17180236
1.3066268,0.49830344,1.3072293,0.65666896,0.008433589,0.16756184
1.240929,0.7019098,1.2214267,0.73697215,0.07161811,0.14233154
1.0706359,0.9710249,1.6017802,0.8564709,0.50602156,0.10879365
1.6393619,0.7259621,1.3468018,0.6966493,0.13802783,0.16548876
1.1310989,0.6943299,1.0745873,0.79043615,0.11619545,0.122662686
1.8599344,0.89747334,1.8952098,0.853468,0.015054846,0.07625001
1.7311236,0.66843075,1.58179,0.7913784,0.32951543,0.13306649
1.2103677,0.56601095,1.3414855,0.71856487,0.17422318,0.15593779
1.144451,0.7773135,1.2766459,0.767859,0.21563554,0.14656448
1.4081302,0.6816948,1.2871945,0.75099134,0.19996922,0.14537647
1.1899475,0.9852951,1.196342,0.70680827,0.005506532,0.14136295
1.4166527,0.92594504,1.4078238,0.6614897,0.01744977,0.16829374
1.6221833,0.66747695,1.6494508,0.75128627,0.005785868,0.122512884
1.9961134,0.8883198,1.8776236,0.89561146,0.33784887,0.07794389
1.4441602,0.51134884,1.4538667,0.67759967,0.007416225,0.15909067
1.7133671,0.7877284,1.7359519,0.7826905,0.006474594,0.10890567
1.2963123,0.4576032,1.2973273,0.6747184,0.040289428,0.16526535
1.6077445,0.66054803,1.6369305,0.74247444,0.018374559,0.12925076
1.914727,0.90928197,1.92576,0.865941,0.011371052,0.07134492
1.5121487,0.67277706,1.5171471,0.7071388,0.03276937,0.14931385
1.2698812,0.79175156,1.2514982,0.6980602,0.04993758,0.158321
1.7722956,0.7100376,1.7235291,0.80136687,0.18844393,0.11048203
1.545881,0.7288851,1.5623629,0.7192131,0.0055720485,0.13637745
1.3639227,0.7582597,1.3777325,0.67213595,0.04546547,0.17783323
1.413105,0.59522897,1.428968,0.66630673,0.0072884224,0.1643245
1.0396211,0.76641965,1.0224364,0.8703559,0.19415478,0.09554587
1.7606845,0.84186,1.7947032,0.81238127,0.0070955926,0.09451429
1.1158562,0.6994827,1.2181594,0.82600254,0.30778757,0.121525235
1.3386766,0.8534724,1.3527555,0.6615984,0.06624603,0.18416649
1.3359393,0.8711142,1.3293152,0.6670086,0.042128205,0.17112154
1.2861658,0.741751,1.2911682,0.665015,0.007160882,0.16411611
1.4759586,0.48499283,1.4533982,0.7098636,0.061264478,0.1510832
1.6882366,0.85627437,1.7228961,0.77988786,0.006057317,0.10823111
1.6098943,0.81217784,1.4219661,0.7148298,0.22592025,0.16310447
1.3021199,0.557141,1.0655,0.8158512,0.19945087,0.12012258
1.3462415,0.97863543,1.3579197,0.6850637,0.09289448,0.16755627
1.924819,0.78854764,1.9504845,0.88144976,0.017825494,0.064675495
1.7102615,0.63109964,1.6958408,0.8106776,0.1214496,0.108211055
1.6791033,0.915703,1.7160282,0.7718303,0.0055650384,0.112101726
1.5215874,0.5838322,1.5379517,0.7093817,0.0051355776,0.14145459
1.4488916,0.5699121,1.4742658,0.69039094,0.007912303,0.15278675
1.8863428,0.77163696,1.933842,0.8711284,0.012856331,0.06735844
1.9882733,0.9218053,2.0323715,0.9327635,0.13574807,0.057332993
1.5482659,0.74626225,1.5631616,0.7311866,0.06026334,0.13901918
1.1073781,0.9885915,1.18607,0.82670724,0.45845273,0.12706214
1.4802972,0.719898,1.4919448,0.6921338,0.006215177,0.15021321
1.9136264,0.80785143,1.9706736,0.9049506,0.0979885,0.06147314
1.9199674,0.833842,1.9912348,0.8967176,0.026739659,0.056655224
2.0203323,0.890794,2.047381,0.93402255,0.048207257,0.04886558
2.0172884,0.89616805,2.0498703,0.93001646,0.018948117,0.042804576
1.3751436,0.6239573,1.3938208,0.6649494,0.008065762,0.16202874
1.4537412,0.9973824,1.4702816,0.68714434,0.007597932,0.15462859
1.0016177,0.77292186,1.1322727,0.80310386,0.20488164,0.1246804
1.4191902,0.7983268,1.4815962,0.77489007,0.35543427,0.15003948
1.1826853,0.9333682,1.1581283,0.7504134,0.1234212,0.14054422
1.6709725,0.922256,1.6884317,0.765851,0.006856425,0.11486496
1.1992538,0.63262856,1.1588957,0.7309998,0.0563302,0.13820663
1.551707,0.5835098,1.5682459,0.7241464,0.005465608,0.13458693
0.9089899,0.99601173,1.1142337,0.8477892,0.37335068,0.12125501
2.04938,0.99558425,2.0755773,0.94394845,0.016705101,0.038745474
1.4093803,0.4689001,1.437505,0.67229325,0.0056879036,0.15916075
1.214109,0.95028377,1.1814513,0.73799837,0.050557543,0.13554874
1.546027,0.880844,1.5406845,0.745179,0.18031245,0.15053518
1.210533,0.5233842,1.3547451,0.7217951,0.19651435,0.17973642
1.0334792,0.87878436,1.3059404,0.7644001,0.26695535,0.15053755
1.2143269,0.50578356,1.212729,0.7085892,0.013554632,0.1395866
1.2482382,0.55095565,1.2461393,0.6834527,0.010641623,0.15630814
2.1107569,0.9656508,2.1696181,0.9744942,0.025764672,0.028016472
1.5421382,0.96488076,1.5590413,0.7186383,0.0051810117,0.13543856
1.6070517,0.7615425,1.6335182,0.7450299,0.016020201,0.12739998
1.8382651,0.80887854,1.8675916,0.844637,0.007867929,0.07972803
1.0260603,0.7922106,0.89961416,0.8859362,0.13188034,0.09121494
1.4757254,0.722633,1.488024,0.6828449,0.016483208,0.15531379
1.5630407,0.92132765,1.5819046,0.729636,0.012904917,0.13647522
1.1706723,0.78315794,1.1755942,0.73668665,0.037960105,0.13340493
1.6808189,0.82138675,1.7098539,0.77496105,0.006731952,0.110976875
1.7810124,0.6986568,1.7914956,0.810664,0.013057881,0.09425379
1.6577744,0.637911,1.6982617,0.7637314,0.007932964,0.11522122
1.4362271,0.5884195,1.4646707,0.70934045,0.13512193,0.16518646
0.9869797,0.8341529,1.0137122,0.84906757,0.10261506,0.10472676
1.4263735,0.763088,1.4564931,0.68545634,0.030277496,0.16657628
1.8587707,0.89509314,1.8982403,0.85170585,0.00889662,0.07728015
1.3509842,0.5682516,1.3724062,0.6655085,0.044938616,0.17432413
1.2466989,0.7533782,1.2276895,0.6931879,0.033329207,0.15965235
1.5163784,0.5795734,1.5385592,0.7127601,0.005530585,0.14074878
0.93690383,0.9804061,1.0759425,0.83917224,0.2527588,0.11777346
1.562396,0.88968164,1.5911906,0.7292274,0.0055105216,0.13134475
1.8323305,0.85091734,1.8556211,0.83686966,0.007811617,0.083537176
1.7666119,0.8352079,1.5840404,0.77843666,0.35895303,0.13695177
1.3338193,0.43427992,1.3456764,0.6652589,0.01563588,0.16907512
1.9594024,0.96068484,2.0140898,0.9094898,0.011314524,0.04982016
2.040512,0.91044605,2.0885177,0.96056074,0.0232223,0.03674105
2.021754,0.8901005,2.0765512,0.9379776,0.024456585,0.038405526
1.7376052,0.7528757,1.7735639,0.7999861,0.006196904,0.09995257
0.90173256,0.976767,1.1365917,0.8043773,0.285962,0.13367012
1.1541803,0.6854127,1.132063,0.74413764,0.07363618,0.13694784
1.5085301,0.8335971,1.5187168,0.7052771,0.012253186,0.14657348
1.2937465,0.877507,1.3167684,0.671636,0.030195381,0.16446427
1.6722572,0.63716215,1.5345767,0.7675615,0.29222715,0.14438786
1.5495142,0.61999786,1.5721726,0.71570605,0.009495441,0.1402636
1.9449944,0.8489616,1.9936743,0.90671426,0.16050275,0.06596188
1.5965141,0.7061016,1.6239152,0.7430136,0.0060688406,0.12472696
1.6417283,0.9387535,1.6727953,0.7641115,0.020691225,0.11977524
1.2730786,0.780151,1.2916646,0.6607421,0.011188981,0.16754214
1.8037436,0.8258425,1.3711662,0.8846711,0.4990606,0.10733078
2.028751,0.9408633,1.585041,0.81650776,0.56109196,0.1307676
1.5026407,0.97463626,1.5336001,0.71237266,0.0063661467,0.14020024
1.31711,0.5677312,1.3833997,0.7443384,0.2390147,0.15376383
1.4565763,0.46186543,1.4327993,0.7003933,0.07125817,0.15790264
1.3334556,0.544065,1.2881374,0.7598439,0.33996817,0.15179612
1.4669307,0.6910209,1.4727073,0.6908244,0.01817508,0.15747485
1.712829,0.6894007,1.6597259,0.80333817,0.2043157,0.12571804
1.6528392,0.84002316,1.6814384,0.7674426,0.010776917,0.115644366
1.1765103,0.54270655,1.1749444,0.72250324,0.013988929,0.13479543
1.2707047,0.518516,1.250406,0.7214597,0.10990337,0.15258928
1.1421186,0.8255522,1.1940742,0.767035,0.14400998,0.13298492
1.4315821,0.50732034,1.4502442,0.69474536,0.020177763,0.15318818
1.4070991,0.7377583,1.4269011,0.6737039,0.020869749,0.16818008
1.4635361,0.6758066,1.4558702,0.674075,0.008489306,0.16009094
1.9901121,0.8584774,2.01908,0.91115385,0.011920922,0.050217375
1.8365163,0.8800012,1.8642313,0.8425351,0.008235545,0.08227631
2.0896325,0.9402848,2.1181881,0.9878192,0.060222235,0.030812548
1.6450175,0.8004506,1.0926838,0.7952246,0.17008759,0.12186024
1.3603334,0.80118763,1.2375281,0.7726637,0.22038305,0.14352164
1.6042821,0.8107046,1.6214252,0.7411337,0.0054380917,0.12575807
1.6027558,0.72891873,1.6032736,0.7417184,0.023967357,0.14015916
1.2541364,0.93292433,1.3452811,0.68130875,0.06956058,0.16723241
1.4544748,0.5701891,1.4770014,0.6783433,0.005783432,0.15428743
1.3533449,0.9311353,1.3709159,0.6577419,0.0062759197,0.16766556
1.2436105,0.67581296,1.2411923,0.69858164,0.01726141,0.14762655
1.4496831,0.52311903,1.4798148,0.6841169,0.0057980283,0.15284653
1.0524992,0.90834457,1.3078513,0.75503576,0.24522927,0.14458175
1.5289948,0.999634,1.5512593,0.7109819,0.009703901,0.14206558
1.6160098,0.93012553,1.6145518,0.754782,0.031631295,0.12923521
1.915651,0.994206,1.9465292,0.878681,0.00878114,0.06342432
1.3744847,0.5179621,1.3811114,0.6852702,0.06872008,0.17008078
1.9721493,0.8371455,2.0299468,0.9196852,0.014868565,0.04908156
1.4803143,0.5963497,1.484762,0.6909051,0.006199274,0.1513901
1.2316363,0.71730125,1.2440312,0.6988783,0.0074478746,0.14538532
1.4156853,0.4656631,1.4238346,0.66681117,0.007470884,0.16433892
1.6829147,0.6732615,1.6943221,0.78351486,0.09913422,0.11987495
1.6182431,0.76300657,1.6497564,0.75233155,0.006004788,0.12202563
1.7994081,0.7123081,1.9599779,0.89692336,0.15694176,0.0752459
1.5713305,0.69246596,1.5877826,0.7268677,0.005513907,0.13136707
1.6962657,0.9884245,1.2767653,0.7798983,0.30388382,0.1404072
2.040307,0.95663697,2.1012304,0.953092,0.020098107,0.036687423
1.8618617,0.9949457,1.8875136,0.85360134,0.0099015795,0.075527675
1.0894085,0.98578435,1.0272074,0.8035074,0.06582738,0.11114943
1.2316095,0.51461047,1.204437,0.7682011,0.11757694,0.13870943
1.2006528,0.7464244,1.1264367,0.77725506,0.068134986,0.12485219
1.5697707,0.7159879,1.5890384,0.72813964,0.006327772,0.13109109
1.7000463,0.80006,1.7334976,0.78616035,0.006652747,0.106121264
1.2288841,0.95399934,1.2407713,0.6967538,0.07805975,0.16034639
1.3131263,0.701116,1.3254664,0.65243477,0.016532507,0.17305078
1.9218006,0.99810004,1.9561052,0.8788151,0.012898968,0.06523886
1.9087687,0.90852934,1.9298112,0.8733077,0.042895406,0.072781645
1.4177301,0.7049763,1.4306216,0.681366,0.007188833,0.15828216
1.7809381,0.85240096,1.8186948,0.8248835,0.009017446,0.086951666
1.3466219,0.99054015,1.3581598,0.660662,0.0046993755,0.16680872
1.2252736,0.62316924,1.2220759,0.7015796,0.02505026,0.1476364
1.6639704,0.65993637,1.6822329,0.810312,0.13032459,0.11801142
1.3820567,0.8654731,1.3032904,0.73963654,0.21485619,0.15840226
1.3423145,0.7126718,1.3611889,0.6613904,0.017313624,0.16843721
1.3050345,0.59275454,1.3317349,0.67171466,0.03778505,0.16637771
1.9499571,0.9140254,1.6021743,0.7739559,0.29789868,0.15170935
1.3388162,0.47655502,1.3576317,0.65392554,0.0063548675,0.16900344
1.1019561,0.6839807,1.1505315,0.7962421,0.1500667,0.124151
1.0954261,0.8375513,1.1522698,0.7804613,0.16669838,0.12919094
1.7265247,0.6995222,1.6974547,0.78287363,0.16194624,0.12200316
1.4501842,0.49947095,1.3552434,0.7212596,0.12924783,0.15352942
1.6363734,0.6772125,1.6731818,0.7771093,0.058090366,0.119150855
1.990404,0.8528447,1.2826493,0.8088153,0.41142172,0.13589375
1.0708582,0.8528015,1.0082388,0.86440897,0.20435761,0.103198394
1.2196965,0.5391667,1.1699793,0.7497459,0.11903475,0.13967676
1.1339495,0.8054014,1.2307246,0.7864351,0.25742242,0.13752574
1.9844952,0.8347811,2.017145,0.9107101,0.021350235,0.05195926
1.2410382,0.9467399,1.2458761,0.68915766,0.007779364,0.15002377
1.263601,0.6220414,1.3073244,0.6825967,0.031802606,0.15951055
1.2177616,0.95649445,1.0970175,0.7868571,0.117130235,0.12604971
1.7770746,0.8174936,1.817524,0.82311076,0.012760531,0.090001404
1.925029,0.80677736,1.965821,0.88539195,0.011217918,0.06205819
1.1693853,0.7636521,1.2184687,0.72718334,0.11681787,0.14735714
1.3533651,0.46223578,1.371314,0.6596966,0.004934517,0.16707113
1.4389677,0.55334526,1.473556,0.6906788,0.030768838,0.15616378
1.1070502,0.955322,1.1796246,0.8191403,0.30851725,0.12678999
2.1071858,0.97172135,1.4562199,0.7927148,0.5768338,0.1485256
1.6108973,0.93378836,1.6032016,0.74643826,0.02787671,0.13078791
1.6384133,0.939481,1.6599174,0.756704,0.0059386813,0.11928613
1.2665918,0.76352674,1.2697499,0.67513263,0.016824273,0.15780762
2.0139587,0.9597433,2.0712068,0.939634,0.029311206,0.042450123
1.4390146,0.61859345,1.4614897,0.67622006,0.0070273993,0.15751149
1.4085659,0.5074205,1.4319606,0.6683461,0.015873533,0.16731097
1.3557503,0.6963291,1.3942974,0.7254451,0.27987757,0.17420132
1.6981319,0.7361075,1.7315903,0.7866838,0.0065497356,0.10453706
1.6824161,0.81943,1.7191992,0.7831432,0.0065670107,0.108465575
1.2851316,0.9599688,1.2656436,0.6742389,0.020506319,0.16392776
1.3643817,0.84969705,1.3189487,0.77063197,0.25412107,0.14394172
1.2678808,0.92032033,1.6757956,0.8294808,0.5370463,0.11434488
1.816126,0.8521869,1.8469572,0.83646524,0.0122526605,0.084782444
1.1686177,0.9080285,1.1534793,0.75300246,0.037636742,0.12666062
1.8293661,0.7210104,1.8739707,0.8426083,0.0142770205,0.08133951
1.59378,0.5895041,1.61011,0.73352253,0.0071034697,0.13077438
1.920904,0.8724573,1.9595637,0.8835488,0.010175319,0.06166001
1.8605679,0.8610426,1.912365,0.876153,0.16234227,0.077961884
1.6470991,0.8064681,1.6726854,0.7777873,0.086253166,0.12901832
1.9077445,0.8516136,1.9384816,0.87522995,0.014118364,0.063988976
1.6804309,0.90543723,1.7026529,0.7725278,0.006125352,0.11147651
1.5434158,0.6681656,1.5639579,0.73152226,0.04275577,0.13851707
1.3454535,0.4724832,1.341722,0.67715806,0.062085427,0.16867658
1.6115576,0.7089011,1.508914,0.77435756,0.33850256,0.14644913
1.3369205,0.81996846,1.3620851,0.7441261,0.27968812,0.15166916
1.395548,0.6037107,1.4060726,0.6655201,0.0056574894,0.16338779
1.4392562,0.96858674,1.4516182,0.67683846,0.005983178,0.1579316
1.4589301,0.9178415,1.4669518,0.68499047,0.0058641965,0.15168981
2.1021388,0.96092016,2.0103838,0.9280332,0.26116443,0.070224546
1.7558104,0.7302805,1.7852147,0.8102072,0.006831852,0.09621886
1.5512902,0.61677384,1.5748398,0.726398,0.00770212,0.13576365
1.823293,0.85722315,1.8493731,0.8334833,0.0076256217,0.08530831
1.6909807,0.86731505,1.7262332,0.7795924,0.009526583,0.10758802
2.130726,0.9667638,1.5025356,0.75556344,0.19730127,0.14397734
1.2460166,0.8685225,1.2556713,0.6910279,0.0071697854,0.14948191
1.5342236,0.83490604,1.5532007,0.71346605,0.0057482608,0.13929689
1.9678962,0.9342879,1.9974782,0.8965243,0.03723146,0.055296548
1.6591226,0.80275,1.6719849,0.7687143,0.03945603,0.12301955
1.4530494,0.70312846,1.4659796,0.68838835,0.007595049,0.1539745
1.6387287,0.6157643,1.6737652,0.7625537,0.006500741,0.11585649
1.3392941,0.580936,1.3500288,0.6525472,0.0052032513,0.16908823
1.1389048,0.86892563,1.0633373,0.78461456,0.03575996,0.11247569
1.2393562,0.76495165,1.2460485,0.75670326,0.22089562,0.1465939
1.3300159,0.9173826,1.1987481,0.8246855,0.39673772,0.12679665
1.466432,0.5259622,1.4554338,0.71185654,0.06635685,0.15699102
1.8939593,0.92748296,1.5334873,0.81024605,0.5137451,0.13897598
1.4461405,0.8782981,1.4591196,0.68253964,0.01840488,0.15998013
1.3356199,0.81068605,1.3699596,0.71696496,0.17395474,0.16642718
1.521825,0.56613237,1.5464544,0.69994813,0.016280359,0.14859222
1.4007508,0.58954215,1.4201057,0.66953343,0.0047579566,0.15962262
1.0348601,0.81715125,1.3330429,0.7813033,0.53635055,0.14954945
2.0001354,0.91665965,2.0503008,0.923219,0.016997246,0.043506026
1.697831,0.7791389,1.7196832,0.78732497,0.01308085,0.10626769
1.3118333,0.4810003,1.4047241,0.8090265,0.5746016,0.14134292
1.7378199,0.9128008,1.6424682,0.8137179,0.300432,0.116362326
1.4438553,0.4545017,1.4404767,0.683549,0.045978673,0.16642296
1.2941097,0.95561403,1.2001379,0.7900426,0.1884927,0.13071983
1.5062877,0.92310697,1.5129538,0.7306961,0.062446255,0.14464465
1.20648,0.9312451,1.2078164,0.7080266,0.014224214,0.1424976
1.4818829,0.55016834,1.5205882,0.69609815,0.01391635,0.14810902
1.1535422,0.7754448,1.1455154,0.7342085,0.019757714,0.13047346
1.401443,0.88179123,1.4128363,0.66379905,0.011193501,0.16736344
1.3779029,0.7397946,1.3880217,0.6577881,0.006528757,0.16674839
1.7462529,0.663559,1.6942501,0.81612426,0.1994563,0.11097621
1.5363404,0.722088,1.5541503,0.71603763,0.008106829,0.13914661
1.8166534,0.95185083,1.8476512,0.8297537,0.006598361,0.08761248
1.4468322,0.81334674,1.4610152,0.7143936,0.03570269,0.14567557
1.3052478,0.6060238,1.3219461,0.69989324,0.090007134,0.15984482
1.4807844,0.9156137,1.5015948,0.69925284,0.0051490394,0.14547606
1.6415782,0.73313165,1.6594574,0.7528125,0.012336246,0.1253963
1.3952022,0.88359016,1.4620593,0.77792406,0.34941736,0.1382706
1.212496,0.9376322,1.1866219,0.7137257,0.022610087,0.14083168
1.7334327,0.8606975,1.62399,0.7805778,0.31504992,0.13650881
0.99557495,0.92579895,1.1964386,0.78694856,0.25987738,0.13844658
1.1544952,0.85257506,1.2949538,0.7187596,0.0892408,0.15762551
1.2913306,0.47089627,1.273735,0.6817107,0.046461586,0.16554584
1.3192064,0.68544745,1.337704,0.6576406,0.0058689825,0.1659051
1.5678368,0.88589686,1.5918236,0.7287168,0.0060704295,0.1311286
1.9746305,0.8615485,2.016888,0.9142967,0.010814907,0.051232174
1.3108699,0.6939874,1.4938662,0.7776672,0.5880742,0.15493394
1.4268712,0.80376923,1.4310231,0.7397654,0.21406303,0.15624312
1.3777019,0.6577232,1.3972998,0.6565646,0.006306608,0.16845557
1.9688616,0.91847706,2.0425491,0.9288084,0.027593415,0.04763004
1.4840536,0.5569035,1.5081689,0.7074272,0.005953112,0.14126131
1.092148,0.7338978,1.0900815,0.7693622,0.018688533,0.11380985
1.4617116,0.8891637,1.4708893,0.6913737,0.017863028,0.15556233
1.5572668,0.5351894,1.6117392,0.8156589,0.40813833,0.12753859
1.2514536,0.92958003,1.2635965,0.6696224,0.014303689,0.16172032
1.1706436,0.78543633,1.1341627,0.80310494,0.16053236,0.12092591
1.8309929,0.76961964,1.5308838,0.80982643,0.42835188,0.12737428
1.4820015,0.69449764,1.5076637,0.7003367,0.006752762,0.14475736
1.6649414,0.64878047,1.7057126,0.77845424,0.036775548,0.11810218
1.4278977,0.7902616,1.4456706,0.67229486,0.0067954278,0.15975997
1.2328783,0.50468993,1.193516,0.7324306,0.08369302,0.14146426
1.4456158,0.46330175,1.4541142,0.67044026,0.022336077,0.16529629
1.7828258,0.8499518,1.8210821,0.82217664,0.0069698277,0.09072522
1.2357093,0.5349825,1.2401011,0.693855,0.012848305,0.14816807
1.5090917,0.7544002,1.5198178,0.70365256,0.006625819,0.14288762
1.8413734,0.887644,1.8678803,0.85453236,0.03865779,0.07882799
1.599216,0.6011295,1.5379417,0.7506397,0.24397139,0.15092902
1.1135216,0.8351938,1.0924423,0.82156545,0.2087239,0.118500665
1.5509568,0.9525544,1.5623751,0.7173092,0.0061558736,0.13795462
1.9109389,0.88206625,1.9366271,0.87681705,0.014898305,0.06426842
1.3241558,0.5832515,1.3293695,0.65556496,0.0062856954,0.1682414
1.287836,0.47492808,1.313529,0.6547686,0.008489695,0.1684149
1.202443,0.5213773,1.2015686,0.71079206,0.0069589554,0.13903143
1.7650903,0.87908286,1.803571,0.8207553,0.007193887,0.09285707
1.2129358,0.8567676,1.2466602,0.7242722,0.18115918,0.15826824
1.3807104,0.8445357,1.3798482,0.6635728,0.02185703,0.17526296
1.2584882,0.7796293,1.4453061,0.70828885,0.08376798,0.15165561
1.2174546,0.95229465,1.2527034,0.7023361,0.088605136,0.1559282
1.4556615,0.9499708,1.2556562,0.80257934,0.3134504,0.1308586
1.7457144,0.7173531,1.787004,0.81175226,0.006830135,0.09505309
1.8240787,0.96598643,1.8595982,0.83525604,0.009939023,0.08375681
1.4052575,0.90983707,1.4003572,0.6578064,0.01106882,0.1695837
1.9131838,0.9910611,1.9448078,0.8832112,0.010309384,0.065103136
1.1125486,0.66701746,1.116359,0.78853184,0.07666868,0.117310226
1.1640282,0.5841347,1.1157798,0.79230887,0.11091406,0.12222615
1.2668685,0.97923803,1.1869135,0.7591907,0.08761138,0.13431989
1.3633059,0.81928504,1.37285,0.6544372,0.017978242,0.17424482
1.2146213,0.5280417,1.222074,0.704109,0.015302963,0.144627
1.3977696,0.45891717,1.197823,0.77227604,0.24843898,0.14243932
1.6467687,0.6971102,1.680078,0.7640269,0.0075240433,0.115400374
1.4008652,0.8071121,1.4024999,0.65935576,0.009915535,0.16948305
1.2302247,0.87184167,1.2235425,0.70127016,0.011941242,0.1462771
1.4025779,0.5065824,1.41449,0.6673188,0.0057018287,0.1649216
1.2811131,0.651126,1.3023813,0.660409,0.008155537,0.16672106
1.6384404,0.97912234,1.5670295,0.749735,0.18147384,0.14220169
1.4808403,0.62911665,1.3922436,0.73793185,0.27924323,0.15491806
1.4380312,0.76876146,1.4147792,0.73573375,0.18865083,0.15236107
1.5932789,0.635555,1.6670022,0.79565334,0.23877935,0.12637508
1.3504076,0.7650827,1.3152833,0.6826687,0.04871668,0.16592124
1.3067826,0.7797886,1.5196159,0.79492384,0.42877954,0.14739399
1.411563,0.47680748,1.4391816,0.6719468,0.0068364497,0.16217789
1.6599226,0.8951543,1.4980733,0.7727568,0.30391374,0.13927883
1.0723337,0.79706055,1.1528151,0.75199217,0.12695579,0.1390414
1.3238541,0.9328691,1.3335505,0.6606091,0.0058504413,0.16584967
1.3510075,0.64379364,1.3631358,0.652038,0.004875755,0.170933
1.3591664,0.96370083,1.3805988,0.6875583,0.08667378,0.17259984
1.4505056,0.6740564,1.479773,0.6820175,0.0095972745,0.15672424
1.9342828,0.91490877,1.9349146,0.8725948,0.010453142,0.06966404
1.6188657,0.6632918,1.6330276,0.7463842,0.011177101,0.12806244
1.677635,0.8606429,1.7120028,0.79181033,0.077030025,0.11365518
1.0111105,0.99418086,1.237437,0.7919663,0.40528876,0.13806559
1.6785656,0.66565114,1.6866465,0.76613164,0.112838194,0.12875485
1.5350252,0.8953117,1.5500202,0.72413695,0.017178211,0.13772568
1.3433839,0.47262946,1.204283,0.760663,0.21550588,0.14411937
1.0764009,0.94974685,1.2031107,0.8153155,0.29993212,0.12818417
1.7025812,0.71956056,1.7167833,0.78165257,0.01633811,0.11192829
1.2924635,0.67095965,1.2910872,0.6846825,0.012044088,0.15504633
1.40232,0.44651133,1.383254,0.66765356,0.04894181,0.16978231
1.7360373,0.72902024,1.7705302,0.7998484,0.0067341574,0.100684926
1.209627,0.6414029,1.2133489,0.7089311,0.007881588,0.14043848
1.3395401,0.5412722,1.3435311,0.65984046,0.00781034,0.16735087
1.2984138,0.595694,1.3077953,0.6666386,0.007583762,0.16059999
1.1947669,0.6735219,1.1803787,0.74876666,0.09537763,0.1355736
1.4910998,0.50295174,1.3681059,0.7521998,0.17988874,0.13911049
1.2126297,0.902772,1.1333022,0.79181826,0.26820678,0.13299045
1.1508316,0.63333386,1.1172917,0.8135626,0.22746955,0.1226516
1.6681435,0.939207,1.6958001,0.7697187,0.0063263085,0.11271444
1.385047,0.522969,1.3711033,0.68413055,0.048393905,0.16593933
1.3510606,0.49452943,1.2439806,0.7245871,0.094312735,0.15263401
1.3145036,0.46659046,1.0570076,0.81440765,0.16089267,0.11649009
1.4911706,0.6332287,1.5162296,0.7033429,0.006252496,0.14351608
1.4125397,0.45679817,1.4282324,0.67436266,0.005758587,0.15997429
1.70816,0.95064133,1.7084882,0.7791479,0.029276635,0.11664152
1.4677486,0.6180821,1.4612622,0.68172336,0.028502703,0.1660001
1.5381052,0.91924775,1.4921072,0.73087937,0.10016243,0.15244026
1.8477849,0.8303539,1.8830104,0.8461638,0.013966836,0.07805606
1.84315,0.7823335,1.8570776,0.84995896,0.07624577,0.084313214
2.0665586,0.92202944,1.4153569,0.7995593,0.5797518,0.14757563
1.9105198,0.8821749,1.8720875,0.88291454,0.27494925,0.083979264
1.8774916,0.7943417,1.8942955,0.8571696,0.008628545,0.074783094
1.3517581,0.70047283,1.3670769,0.66517127,0.0061703674,0.16412355
1.3246646,0.5691404,1.3457954,0.65823793,0.0060433303,0.16497183
1.5252818,0.53649276,1.5697198,0.71461284,0.0189507,0.14214063
1.5713159,0.59335864,1.5917087,0.73705035,0.04585528,0.14112526
1.3358067,0.47608343,1.278172,0.6929827,0.07173525,0.16627479
1.5139048,0.6371942,1.5125499,0.71149236,0.06448948,0.15286648
1.5576075,0.5231478,1.5835884,0.7348774,0.0138873905,0.13283336
1.6520668,0.89969766,1.4021146,0.8097678,0.21691771,0.12197173
2.089877,0.9330076,2.1357086,0.9684142,0.016749084,0.029410355
1.6964836,0.93858415,1.7364917,0.7873225,0.0065171,0.104917526
1.1999183,0.6078539,1.1659544,0.74759096,0.060568415,0.13457625
1.6973594,0.62110794,1.6280279,0.7974855,0.31000736,0.11866956
1.4105222,0.6968842,1.4289165,0.66646177,0.005492657,0.16148807
1.1049566,0.9063478,1.1228025,0.7783294,0.114506826,0.12577884
1.3005353,0.4599835,1.3124995,0.6584582,0.0071356525,0.16651158
1.598378,0.65791404,1.618978,0.7393274,0.0077292714,0.12682648
1.7990166,0.9320359,1.845876,0.83322304,0.007402955,0.08592238
1.4688435,0.50911343,1.4899561,0.69248766,0.005619098,0.148074
1.9054699,0.8955474,1.9451907,0.88026243,0.0087566795,0.0637188
1.8312821,0.8501395,1.8593075,0.8349189,0.008263781,0.08585417
1.0942428,0.63209265,1.0968258,0.8030715,0.06155919,0.10903641
1.5980588,0.73774725,1.5883927,0.76285386,0.25799322,0.1476584
1.4541969,0.7949386,1.4728518,0.6834326,0.020144606,0.15854056
1.8574656,0.7345905,1.4858592,0.83753866,0.4323123,0.11937582
1.9091529,0.82364094,1.9427402,0.8771871,0.012908136,0.06614593
1.2256733,0.86629796,1.2308037,0.69373363,0.0066647935,0.14690502
1.3750688,0.8466369,1.4046957,0.6641027,0.010427744,0.16484168
1.8248765,0.8378887,1.893287,0.8627506,0.044017565,0.07750122
1.3006811,0.7355952,1.3171916,0.6537388,0.008764749,0.1709454
1.1820943,0.76409566,1.1499422,0.74244785,0.046395164,0.13386506
1.6384267,0.9480035,1.6597383,0.7526288,0.005642204,0.1197105
1.660193,0.8757315,1.6898887,0.76259845,0.01034288,0.11707308
1.6339486,0.8016677,1.6717682,0.75755155,0.005409426,0.11866063
1.7789366,0.83861625,1.8079779,0.81574535,0.011783358,0.09175139
1.1212373,0.84680814,1.0935017,0.78938144,0.03284431,0.11244703
1.7327769,0.90756106,1.7667828,0.8021826,0.008949373,0.10137312
1.320199,0.5917715,1.3224368,0.6617494,0.022176752,0.17049679
0.98776495,0.85358846,1.0862542,0.84326535,0.24895842,0.11743524
2.0031543,0.8847637,1.3466241,0.7910985,0.37267697,0.13966343
1.4280697,0.6270039,1.9892864,0.9113048,0.21446732,0.069342695
1.0780765,0.8676663,1.1808515,0.7609933,0.17589949,0.14043672
1.1891243,0.6635405,1.1923964,0.709084,0.006045619,0.1388524
1.40515,0.52438474,1.3917801,0.71005654,0.12230097,0.17333727
1.5236617,0.6566562,1.5519135,0.7391403,0.046786796,0.13996653
1.249797,0.79940027,1.2616751,0.7605915,0.29894736,0.15385541
1.4831465,0.7313666,1.503032,0.69667673,0.004919266,0.14618437
1.8043088,0.9786809,1.8241622,0.82974815,0.02037141,0.09026774
1.4828275,0.9858251,1.4846804,0.701683,0.023762926,0.15406774
0.97744083,0.9231194,1.0612789,0.8212127,0.18130831,0.11422263
1.5585542,0.6846545,1.5516033,0.76117337,0.3203085,0.14542499
1.7312089,0.7343326,1.4491122,0.7687394,0.39456618,0.13926828
1.4057441,0.57585233,1.5182624,0.7370973,0.22586249,0.150602
1.4076186,0.8349978,1.4252133,0.6662452,0.00677395,0.16420364
1.8803179,0.76563144,1.9276128,0.8698046,0.009469479,0.06935967
1.3156658,0.7143419,1.3296735,0.66107935,0.007944861,0.16709888
1.4703134,0.74774075,1.4850883,0.6894716,0.0077393837,0.1499281
1.8488454,0.90700996,1.513972,0.7718262,0.32452774,0.14226997
1.2760217,0.9241332,1.285713,0.67382365,0.0055166944,0.15656616
1.5505468,0.57772565,1.5693562,0.71910584,0.0053492817,0.1378101
1.2233016,0.7317453,1.2447529,0.74114347,0.124976605,0.14554632
1.4554356,0.5410636,1.4686332,0.6842974,0.0092948675,0.15538113
1.492583,0.49932092,1.4904649,0.71668917,0.07319739,0.15391764
1.1456088,0.82461876,1.153838,0.7414108,0.012585921,0.12709478
1.4615635,0.83406633,1.4718509,0.6905261,0.0050266227,0.15009417
1.8012259,0.8956023,1.8438933,0.82991815,0.00793433,0.08595804
1.551979,0.7924986,1.5339181,0.72824645,0.08947213,0.14385688
1.6197507,0.72419554,1.6375167,0.74755657,0.020174695,0.12333643
1.34975,0.53582686,1.3697457,0.6528708,0.005089547,0.16847295
1.8886932,0.7564904,1.9261761,0.87032485,0.01018713,0.06915419
2.049202,0.97366333,1.3335111,0.7207789,0.2354652,0.16806506
1.9176917,0.82726735,1.7221565,0.85674983,0.5290943,0.11592082
1.5005987,0.52514964,1.5155244,0.7111401,0.022880014,0.14639199
1.7633321,0.67337936,1.7969308,0.808771,0.006187491,0.09538512
1.2933519,0.74499536,1.2508342,0.6931329,0.045000408,0.15820758
1.2292541,0.7900673,1.2390232,0.70366126,0.0174182,0.14605081
1.3799144,0.5348792,1.1378807,0.7774652,0.13443622,0.12920606
2.0379739,0.9058868,2.102995,0.95239794,0.021811929,0.033781655
1.2023141,0.6916367,1.2029676,0.7105647,0.029262051,0.1431812
1.3537632,0.6620964,1.3714359,0.6497725,0.008121327,0.17188434
1.4463216,0.6057252,1.328531,0.7171163,0.17100197,0.16118424
1.5500405,0.804437,1.3794487,0.7761425,0.42592427,0.14770605
1.604871,0.7481573,1.6310117,0.7353749,0.008937301,0.1313614
1.7262443,0.7093921,1.7544198,0.8109773,0.06529642,0.10336858
1.3399413,0.8846797,1.4393466,0.7164923,0.2074266,0.16425125
1.2177932,0.6310255,1.2180519,0.7112344,0.010796266,0.14121607
1.0537577,0.96428496,1.3104677,0.7300906,0.10067502,0.14690508
1.9000279,0.9279752,1.9552133,0.8866966,0.09386622,0.06965547
1.3716711,0.80125916,1.392,0.8158483,0.49490634,0.12947713
1.3811231,0.49312818,1.1496911,0.77638406,0.20728491,0.13485298
1.2401092,0.6472807,1.2262399,0.7133667,0.052436545,0.14750615
1.1597725,0.5975937,1.137656,0.7446017,0.023395104,0.12530817
1.6175847,0.77598125,1.6496243,0.75118136,0.0071212407,0.12090825
1.3902537,0.5634835,1.4058592,0.65960467,0.0071376427,0.16674909
1.7113923,0.70316094,1.7529917,0.7984434,0.008554136,0.101181775
1.5239302,0.6690626,1.1195358,0.806431,0.14479673,0.118560456
1.6671647,0.97286785,1.7062323,0.7910918,0.046171088,0.11212146
1.5493761,0.536881,1.4825983,0.7416462,0.18211651,0.14515431
1.2667136,0.9655608,1.6048129,0.7978327,0.33476633,0.13173448
2.0137482,0.8772633,2.0366004,0.9274327,0.012082591,0.046061322
1.2397959,0.9840662,1.2526693,0.7070057,0.070193134,0.15472613
1.4353938,0.5711512,1.4507666,0.6905736,0.006874063,0.1530615
1.2479072,0.7975045,1.4622219,0.7216304,0.15690382,0.1538167
1.0124968,0.9593943,1.0333054,0.83897454,0.12563215,0.10933078
1.6908318,0.8002495,1.7069085,0.7720766,0.011241333,0.110853165
1.6885234,0.8994371,1.7154741,0.7756927,0.0060267267,0.11177469
1.9524697,0.8247265,1.9921124,0.8999935,0.017463118,0.054320496
1.6993283,0.80787414,1.7206087,0.7777459,0.0069655613,0.110127866
1.6594055,0.8791221,1.6835818,0.76904,0.009806103,0.11600145
2.008579,0.9370524,2.0528116,0.9252267,0.01561147,0.044240575
1.4957331,0.51161575,1.5123277,0.7200617,0.02984297,0.14470677
1.9439961,0.9193539,1.8791485,0.88633806,0.4926351,0.089898795
1.9615076,0.8431817,1.9975891,0.8991204,0.01641973,0.053458568
1.8040609,0.84091073,1.5040605,0.81941503,0.26202187,0.11118802
1.3392085,0.866262,1.3444588,0.66445595,0.0069815554,0.1641178
2.038612,0.9718904,2.1282825,0.95980084,0.052174482,0.037047975
1.2306123,0.7066544,1.196032,0.74302393,0.13179824,0.14410006
1.5406691,0.8913428,1.5614476,0.71973735,0.019233132,0.14211872
1.5875427,0.6925208,1.1866379,0.81927115,0.31444502,0.12299463
1.6590437,0.976192,1.6781104,0.76523733,0.007197805,0.115556896
1.6165086,0.752812,1.6449857,0.75055486,0.006412586,0.12072924
1.7271066,0.7059485,1.7507668,0.7895267,0.00890265,0.10055866
1.8255377,0.81407523,1.4123597,0.7526641,0.29320386,0.15739106
1.0098754,0.8291114,1.2644656,0.79307896,0.22505032,0.13457507
1.0217046,0.8554752,1.2511756,0.8108995,0.33395416,0.13392615
1.3677086,0.64675903,1.3841865,0.7420622,0.22803096,0.16293804
1.2673293,0.6230696,1.2746682,0.67608845,0.0067531904,0.1555331
1.9570708,0.9109471,1.9586105,0.8892971,0.029210664,0.06272061
1.6917295,0.8179576,1.712698,0.77655876,0.008158742,0.10935613
1.4253402,0.8202604,1.4111645,0.6670933,0.036469787,0.17311151
1.3929471,0.6967205,1.4029274,0.6653664,0.0057536024,0.16378056
1.2270745,0.9095946,1.235163,0.695778,0.016649632,0.15056716
1.7230307,0.6501674,1.3779218,0.7870139,0.34337783,0.13250248
1.4487945,0.82534236,1.4716356,0.67570066,0.0053741783,0.15815452
1.3183988,0.49466324,1.328676,0.6576985,0.025141813,0.17887084
1.5124469,0.5722039,1.5457382,0.7160246,0.009714641,0.13711858
1.1999241,0.94102055,1.1958575,0.7863158,0.21322696,0.13593614
1.5499166,0.6203239,1.5727484,0.7241333,0.007861748,0.13531977
1.1903807,0.70066434,1.201261,0.77609545,0.21649735,0.13416158
1.711674,0.96602404,1.7251492,0.7927665,0.023036985,0.10531421
1.209619,0.8274544,1.2216108,0.703609,0.009015489,0.1434944
1.0937303,0.7493343,1.272727,0.7597625,0.23347083,0.14026774
1.7594515,0.6701144,1.7933204,0.8062497,0.006970559,0.09815789
1.187569,0.5790235,1.0409285,0.8682209,0.3578562,0.11585375
1.9232054,0.95851576,1.9502518,0.8835544,0.017009318,0.060898222
1.3937752,0.64608014,1.3616457,0.7111935,0.1697413,0.16464804
1.2172265,0.6529063,1.1863916,0.72394586,0.041370742,0.14079027
1.3573116,0.93961996,1.3678772,0.6540654,0.0055430364,0.17147237
1.2682089,0.7742862,1.2981029,0.6964263,0.13831341,0.16225635
1.8207759,0.9977052,1.8512423,0.84864193,0.1579885,0.09609525
1.7374746,0.84681994,1.5163877,0.7676282,0.3826067,0.14267026
1.2635788,0.8034102,1.3998089,0.7298914,0.23977977,0.16540289
1.1973021,0.72239256,1.1738379,0.74106205,0.042465173,0.13411537
1.4348058,0.4856103,1.4492283,0.67597795,0.0048377933,0.15860167
1.5566735,0.84929794,1.5721457,0.72010255,0.01657696,0.14089394
1.6768206,0.655985,1.7107687,0.772846,0.007235292,0.112452194
1.660564,0.61629426,1.6783028,0.7789008,0.04773764,0.11690338
1.4360702,0.81204927,1.4426548,0.6827506,0.0051769745,0.1542031
1.5221397,0.9249553,1.4986403,0.7265282,0.09806049,0.1496023
1.696033,0.7291906,1.7267268,0.77918553,0.006048808,0.10960459
1.3003175,0.81585366,1.3291712,0.6593158,0.008312675,0.16629073
1.2401103,0.75549597,1.362268,0.69915,0.099938415,0.15979789
1.5199769,0.50612444,1.4048982,0.7413449,0.23548006,0.15537776
1.5952075,0.9104274,1.340442,0.78888154,0.3548703,0.13319243
1.5826557,0.5859685,1.6070619,0.73987305,0.008379244,0.12836652
1.7881738,0.70604736,1.830493,0.827641,0.04348679,0.09346253
1.4272591,0.95001197,1.4418323,0.6704394,0.0046403743,0.16091865
1.8964201,0.9025511,1.9239066,0.86723,0.008515853,0.06996418
1.1342573,0.7540607,1.3152378,0.757607,0.23668738,0.1431626
1.2746451,0.47248924,1.1660376,0.75453407,0.1013235,0.1362117
1.4563463,0.6231737,1.4837317,0.6926869,0.023990262,0.15748182
1.4667234,0.599475,1.4721553,0.6904346,0.011112362,0.15418048
1.4604975,0.60771805,1.4873939,0.6874817,0.01218624,0.1548534
1.4021583,0.7345266,1.2385292,0.7688433,0.23665835,0.14238945
1.119698,0.9458858,1.3877666,0.6862093,0.10833797,0.16717967
2.044909,0.9450303,2.077202,0.94712573,0.013806864,0.040120922
1.6244683,0.76145685,1.6368046,0.7547231,0.016016651,0.12645313
1.8283926,0.9795618,1.3720746,0.736343,0.19613807,0.15271422
1.7614095,0.7161445,1.776289,0.8036306,0.007995753,0.09686204
1.2096837,0.73110574,1.1592724,0.7423401,0.046375442,0.13287923
1.2998049,0.46119082,1.3049991,0.6658571,0.0059651234,0.16167676
1.2936083,0.5322215,1.3042443,0.66914177,0.0045314506,0.16197935
1.3850399,0.53039277,1.3763816,0.6678309,0.030955328,0.16999018
1.4491313,0.60837996,1.4552002,0.67614967,0.0073529575,0.15556066
1.335124,0.7373529,1.329967,0.67149967,0.056242604,0.16831142
2.0564263,0.9286672,1.8642347,0.9105034,0.74581295,0.079988696
2.097383,0.9640006,2.1548414,0.98122555,0.05061685,0.030095963
1.8650433,0.8962044,1.9040971,0.8646038,0.037377924,0.07188499
1.4779165,0.792628,1.4516137,0.7180861,0.15843469,0.15915377
1.7950318,0.71535033,1.8052368,0.834948,0.05566104,0.08966585
1.2877731,0.56881213,1.2911558,0.6627784,0.010310053,0.16344345
1.5778224,0.5935298,1.6125541,0.7399481,0.009546604,0.12984385
1.8665406,0.7963081,1.9220672,0.88113123,0.05965253,0.06911952
1.4573172,0.55627453,1.4823065,0.68763906,0.004628757,0.15159307
1.3743957,0.62435627,1.3857872,0.66187155,0.0077671846,0.1666976
1.4998815,0.7296399,1.000448,0.85050595,0.09899409,0.09694781
1.6143951,0.9401007,1.4698808,0.7755612,0.46038795,0.14840107
1.2561918,0.50564,1.2565157,0.69406575,0.028434327,0.15948057
1.386719,0.6813972,1.4032936,0.666435,0.008324121,0.16454293
1.250967,0.88212526,1.2083564,0.74244,0.096194,0.1414323
1.5247527,0.508236,1.7942774,0.8378305,0.21001835,0.099199794
0.977898,0.9892763,1.3296003,0.7606289,0.32420453,0.1544086
1.629237,0.7498109,1.3801811,0.82720184,0.3021632,0.11575636
1.9977177,0.873526,1.7170753,0.82906455,0.48279253,0.123973295
1.5798697,0.604158,1.5913932,0.7331549,0.013212465,0.13067205
2.027254,0.95854384,1.9669733,0.90812105,0.5143488,0.076141186
1.5904492,0.64891964,1.5712924,0.756621,0.089523196,0.12922631
1.944745,0.8941527,1.9817,0.8884608,0.019636491,0.057199422
1.4697883,0.78404504,1.4825871,0.6873448,0.0055795726,0.15146004
1.958212,0.98445386,1.7412283,0.85846394,0.30899945,0.10907776
0.9271649,0.95336485,1.5212793,0.8054466,0.39612022,0.13173184
1.8704091,0.88267493,1.9045954,0.85956293,0.015425037,0.0753623
1.6053547,0.79636914,1.6368439,0.7507289,0.0065134,0.121592015
1.0577296,0.86257434,1.1082051,0.83731955,0.24334222,0.1119606
1.1348805,0.88839334,1.3402574,0.749025,0.25062963,0.15095876
1.4780225,0.87629515,1.4490368,0.7167418,0.15895677,0.16276579
1.030428,0.79027283,1.050287,0.83352005,0.1909077,0.11395239
1.6902655,0.8095865,1.7146764,0.7820716,0.0129954545,0.108302355
1.8083467,0.7464209,1.843638,0.83093184,0.010717802,0.08499701
1.5482595,0.91777104,1.5768654,0.72612476,0.0059902947,0.1321792
1.5732768,0.9916823,1.5941119,0.7275547,0.016624471,0.13637277
1.810021,0.90423745,1.8530238,0.83395773,0.0073075723,0.08604961
1.406891,0.47617972,1.4342785,0.663864,0.014581283,0.16850145
1.298682,0.6851272,1.3015096,0.66414785,0.010984677,0.16594659
1.2641084,0.83330387,1.260648,0.769277,0.19426505,0.1382158
1.2030064,0.6731234,1.2168515,0.70922077,0.012825413,0.14251697
1.1717174,0.54866105,1.1090114,0.7765634,0.09548028,0.12478464
1.1090105,0.6180221,1.0560522,0.80529296,0.06787093,0.10901238
1.7068529,0.7568915,1.6057334,0.7750863,0.24411133,0.13398635
1.9056958,0.8042662,1.953893,0.8814666,0.010759707,0.06433699
1.1911521,0.70349485,1.1494408,0.7470346,0.07887999,0.13445342
1.0828946,0.84855187,1.0720222,0.7955639,0.07801954,0.11141577
1.3495371,0.7803198,1.361927,0.6607238,0.005243578,0.16640282
2.0377371,0.9260115,2.0605078,0.93757725,0.07330318,0.050992977
1.5120459,0.78667396,1.5394564,0.7117337,0.023142284,0.14815661
1.5969809,0.92925507,1.6257191,0.7417685,0.0055522653,0.12654704
1.543646,0.5869491,1.5515995,0.7052845,0.009809217,0.1443265
1.3748956,0.6541738,1.12995,0.7805332,0.10454165,0.123792216
1.5413015,0.6929325,1.552422,0.71123844,0.0065903054,0.14048158
1.9842682,0.876583,2.0339625,0.9262189,0.06213531,0.051887754
1.226211,0.67596406,1.2965004,0.7455981,0.21139447,0.14442141
1.8346498,0.88755673,1.8714769,0.84590405,0.025348157,0.0809853
2.0744593,0.9740445,2.1469593,0.9736168,0.03611034,0.029349698
1.8586013,0.8183771,1.9043286,0.86281055,0.010740889,0.073431835
1.261717,0.8629512,1.2909696,0.67255867,0.0066672117,0.1578567
1.2264594,0.5564803,1.214297,0.70278186,0.019263508,0.14504182
1.2319101,0.5496383,1.2686977,0.7001552,0.07503472,0.1597791
2.0400257,0.97350496,2.129385,0.9623577,0.10008968,0.04178477
2.016796,0.8704896,1.7774224,0.8739503,0.5162453,0.11281556
0.94108254,0.99936086,1.2321758,0.7533977,0.23088817,0.14537989
1.5584829,0.5999923,1.5760648,0.7445319,0.06226363,0.13950841
1.6071744,0.74888253,1.1598971,0.7789462,0.20931342,0.124202505
1.1703653,0.94619465,1.1612585,0.7431383,0.058388744,0.13390234
1.2959318,0.49427325,1.2717407,0.6790119,0.041518338,0.16993347
1.8320258,0.9423187,1.8534341,0.8339945,0.011113502,0.08427191
1.4588629,0.9684444,1.4609549,0.67974454,0.005676467,0.1538006
1.6934954,0.9740768,1.7215128,0.7759479,0.006020278,0.11060565
1.584563,0.80225164,1.5882254,0.7311131,0.0070031476,0.13064104
1.6375692,0.7058519,1.6638258,0.7590477,0.005913462,0.11937862
1.2760384,0.66371435,1.5039628,0.7975804,0.31277558,0.13763349
1.5019847,0.8048972,1.3855419,0.77633935,0.3890476,0.14679666
1.9462633,0.80753446,1.9755936,0.8924465,0.030326514,0.06259477
1.1672131,0.67893344,1.1581166,0.75334704,0.060814466,0.1305525
1.9418902,0.8068159,1.9939072,0.905034,0.019027358,0.052579574
1.9573286,0.9360865,1.9698617,0.8896791,0.020471314,0.058646213
1.6499708,0.6762756,1.6749763,0.7639699,0.009554756,0.11919447
1.3327997,0.5970752,1.6799543,0.82195026,0.5176776,0.1264153
1.4087578,0.5394047,1.4251158,0.6717309,0.014633607,0.16481644
1.1402009,0.87627244,1.2812366,0.7787622,0.25337553,0.13745628
1.4900471,0.9933383,1.2668757,0.7682906,0.3254809,0.14335433
1.4770511,0.6955453,1.4406528,0.71709526,0.17304905,0.15993816
1.3136684,0.96501374,1.3225713,0.6673537,0.0052314852,0.16194117
1.2866064,0.76877517,1.3577724,0.7481224,0.34559655,0.1587195
1.5105973,0.7907083,1.5260925,0.70703983,0.0049751354,0.14274321
1.7246071,0.88145673,1.4842019,0.82697195,0.5946461,0.11852771
1.7888365,0.70565027,1.4690435,0.77915573,0.44127777,0.15070412
1.5778248,0.72864527,1.5921841,0.73193944,0.005673114,0.13078739
1.4162053,0.5430182,1.4470153,0.67571676,0.0060797688,0.15750521
1.1090398,0.8602518,1.2796414,0.76302135,0.2392022,0.14492582
1.4237981,0.8587196,1.4347169,0.66405475,0.008202728,0.16650175
1.6571375,0.7548435,1.683317,0.7649956,0.0068808943,0.11646568
1.1059421,0.69291145,1.0616627,0.79454607,0.04747112,0.10996881
1.9006543,0.7852771,1.95596,0.88260525,0.009755679,0.06482122
1.512145,0.974067,1.5375054,0.7092741,0.0064981156,0.14099665
1.4512969,0.69189453,1.4277647,0.71219176,0.085239254,0.15612108
1.4884111,0.54427284,1.508225,0.70090914,0.008674243,0.1438805
1.7610863,0.8438191,1.7804644,0.8128832,0.013401093,0.09329486
1.2180952,0.68216854,1.229639,0.6978078,0.0095883645,0.14632688
1.4494611,0.5113879,1.3530896,0.73529375,0.19245231,0.14998882
1.2744362,0.45606777,1.2862768,0.66433316,0.009013576,0.1644393
2.0135098,0.89600587,2.023519,0.91260767,0.118905924,0.060544
1.4859517,0.59664977,1.2575092,0.7929157,0.30691126,0.13355227
1.6079161,0.904679,1.6261842,0.742816,0.005567225,0.12566538
1.9477459,0.86069036,2.0033717,0.9033948,0.010088776,0.054259825
1.5808026,0.78271055,1.6026595,0.7327018,0.005506151,0.12950511
1.8740886,0.7690925,1.922189,0.87029606,0.009403997,0.06877923
1.7970916,0.91308755,1.8277454,0.8277088,0.007669215,0.08716807
1.6608138,0.62787867,1.6937089,0.76802427,0.0069050584,0.11432928
1.7442033,0.8112339,1.5797801,0.8390512,0.4248001,0.10615347
1.6885854,0.7996512,1.7139847,0.7764687,0.0058046947,0.110059515
1.3635122,0.46725795,1.3902738,0.66180396,0.0074155107,0.16567576
1.4302028,0.47795323,1.450393,0.68113214,0.0061787935,0.15520726
1.2839564,0.54634243,1.2960913,0.68280864,0.005821792,0.15362304
1.7709899,0.739129,1.8083105,0.81367415,0.0070259315,0.094084
1.4185501,0.88189876,1.4287567,0.6785986,0.016957885,0.16349168
1.6605581,0.74314195,1.6782212,0.77295846,0.03918589,0.121500276
1.7115504,0.6654949,1.7619646,0.7981725,0.00945644,0.10244389
1.6464744,0.93855995,1.6746321,0.7616344,0.0058369017,0.11558369
1.0814345,0.9579204,1.116899,0.78169113,0.064573444,0.119234346
1.1816962,0.58682954,1.1944423,0.73781174,0.12413044,0.14475
1.3179089,0.5301466,1.3315735,0.66209763,0.006719028,0.16569884
0.9856245,0.9148865,1.606545,0.79879034,0.31406173,0.13381304
1.4034702,0.66600657,1.4203267,0.6666577,0.0073005543,0.16351727
1.9444005,0.8772791,1.5087252,0.8600159,0.58614445,0.10671005
1.5868311,0.8080606,1.2379732,0.73983276,0.17101358,0.14692454
1.5737392,0.8493471,1.5218565,0.7585839,0.14083347,0.13271108
1.37462,0.4735024,1.3139565,0.7054804,0.09813268,0.1596275
1.6166456,0.94349,1.6412024,0.74672246,0.0072886967,0.12259833
1.3137099,0.6113661,1.3229823,0.6574087,0.015463726,0.1695921
1.520918,0.68825686,1.5419452,0.72030956,0.030461947,0.142577
1.6764262,0.9381694,1.7070324,0.7731024,0.006026347,0.11198575
1.6151571,0.9923201,1.6440041,0.75034857,0.0076854867,0.12166899
1.8163365,0.9086411,1.8457332,0.83732325,0.008199211,0.08525434
1.2749537,0.8336712,1.2901134,0.6748415,0.008615418,0.15692483
1.2071422,0.74094766,1.1270814,0.7954405,0.14889368,0.12507944
1.1450795,0.9563583,1.1285679,0.753969,0.02489268,0.122658916
1.5962709,0.8039758,1.3376424,0.7695625,0.2790003,0.14284843
1.5683008,0.6846888,1.603245,0.73290974,0.0094081415,0.13286722
1.3886728,0.6096167,1.410671,0.66053885,0.004975498,0.16469662
1.6215248,0.89088446,1.6449192,0.74825656,0.0054465514,0.12325748
1.2750838,0.9179597,1.2637563,0.68713444,0.044758935,0.15849991
1.2773479,0.8391561,1.2749162,0.70059633,0.082020655,0.1575949
1.6117069,0.81559265,1.6332648,0.76022744,0.044866763,0.12681642
1.3935131,0.47193053,1.3974407,0.6573952,0.01026058,0.16899967
1.52197,0.86675584,1.534342,0.7108604,0.0055208975,0.140114
1.4707612,0.9182481,1.4858577,0.683016,0.014545246,0.15609068
1.7768221,0.7842794,1.8090866,0.8286053,0.009137258,0.08944855
2.1059184,0.96052396,1.8056285,0.89893985,0.65499777,0.090848126
1.8430007,0.76600724,1.8820009,0.85363525,0.008498925,0.07617845
1.4510875,0.638704,1.4620395,0.6785659,0.015572768,0.16367945
1.8673034,0.9143354,1.822855,0.87124854,0.234896,0.089548506
1.8805127,0.7740575,1.8471842,0.8616075,0.23081179,0.088322364
1.5769352,0.77354527,1.5978546,0.73107517,0.0064866925,0.13024518
1.5961009,0.7778873,1.6225836,0.73657966,0.00643921,0.12854533
1.5282493,0.648854,1.2555482,0.73520523,0.16821708,0.14639837
1.5353469,0.9121061,1.5479467,0.71797967,0.006337936,0.13902415
1.3435582,0.75270975,1.3350775,0.6616037,0.011167061,0.16743618
1.9685621,0.8425151,1.8590522,0.87689286,0.34061265,0.09826045
1.173297,0.9541292,1.1768527,0.74562573,0.09228535,0.13844323
1.7066157,0.6858616,1.3047125,0.80974835,0.3728459,0.12887084
1.294292,0.9241565,1.3333805,0.7173635,0.1723397,0.16069202
1.6564398,0.6105224,1.678618,0.78123695,0.041444004,0.11457932
1.2135712,0.8910574,1.1995323,0.71387947,0.02159763,0.14176185
1.4030106,0.8612186,1.4184339,0.6649774,0.0054755025,0.16320838
1.5594506,0.79286546,1.5898359,0.72942674,0.0059814067,0.13170123
1.5027653,0.5833228,1.4958985,0.7262344,0.19461007,0.16355719
1.1122952,0.8361354,1.100653,0.77800685,0.054930586,0.11786954
1.3034972,0.5200104,1.3182027,0.66612077,0.0048423354,0.162069
1.2675264,0.53491324,1.2755015,0.66570675,0.013253995,0.16440254
1.7170631,0.82843584,1.7341897,0.78828675,0.007428768,0.10461589
1.3202448,0.55310076,1.3305111,0.66485167,0.0085382,0.1651904
1.6785188,0.80454654,1.6970043,0.77159876,0.0061648,0.112261415
1.6076338,0.59525937,1.6424677,0.754897,0.016509721,0.12620479
1.6275895,0.874768,1.6135614,0.7575847,0.12166765,0.13306728
1.928613,0.88328046,1.7450321,0.84452945,0.5364332,0.12555744
2.0410264,0.8870445,2.1059177,0.95861477,0.013694464,0.035306204
1.08952,0.6946355,1.0757004,0.8232525,0.11055615,0.11236445
1.1428983,0.7940063,1.0274372,0.82260746,0.107593626,0.11444693
1.9966574,0.8523844,2.034278,0.91858935,0.017692178,0.045146402
1.7075781,0.9690943,1.729676,0.7850653,0.0072127366,0.10530834
1.3540308,0.89734614,1.3768346,0.6568098,0.021189313,0.17598417
1.6537254,0.8502018,1.68256,0.7665833,0.009893226,0.11678123
1.3300364,0.5663442,1.3596027,0.6599218,0.014837717,0.16750593
1.6159171,0.85763144,1.6402097,0.7469933,0.0053002336,0.1238652
1.2542629,0.6429621,1.2584212,0.6858593,0.010793548,0.15455669
1.7470495,0.8010945,1.7675221,0.8013113,0.008084059,0.09977158
1.6065003,0.8823615,1.6190217,0.73660505,0.0054409397,0.12744325
1.788473,0.9339345,1.8046598,0.8143615,0.01011278,0.090057805
1.338568,0.5351117,1.3545294,0.66542166,0.009944588,0.16426675
1.2960857,0.9242694,1.2947338,0.68334365,0.031266026,0.16228062
1.6941849,0.74651617,1.7283988,0.7784508,0.008322919,0.108611085
1.8839372,0.81188387,1.8665044,0.89118606,0.3431573,0.08679139
1.5528637,0.7016163,1.5842814,0.7359356,0.03740416,0.13925318
1.7678481,0.7078498,1.7257524,0.814529,0.23864827,0.10763827
2.1006954,0.99854016,1.3467941,0.8052555,0.5507904,0.14145112
1.0055102,0.84329635,1.1039605,0.84018767,0.21325924,0.117797054
1.3074657,0.6510976,1.3173788,0.6650002,0.03768408,0.17094027
1.5460397,0.60119027,1.5722992,0.724334,0.006286444,0.13538447
1.405528,0.52131456,1.4344182,0.6732068,0.004694921,0.15938671
1.481023,0.5079459,1.3207014,0.726497,0.120153666,0.15029202
1.6393528,0.83526754,1.6586175,0.75710905,0.007456158,0.11942503
1.7217827,0.7804233,1.7424462,0.7862929,0.0075313225,0.106401205
1.4578462,0.8185963,1.4677913,0.6854962,0.013702414,0.15723598
0.9730782,0.85618705,1.1006625,0.80521077,0.17987752,0.12760448
1.3870485,0.55704874,1.4070828,0.6649984,0.00853815,0.16501112
1.6658794,0.59496737,1.70452,0.78206533,0.025971796,0.111811936
1.4370596,0.5922403,1.4527202,0.68361413,0.03702727,0.16874856
1.5142424,0.5208971,1.5402122,0.71343756,0.01044054,0.1428972
1.7723817,0.8782183,1.8082912,0.81803197,0.007063931,0.092249386
1.711288,0.6506191,1.7170484,0.78249365,0.009674975,0.1065245
1.0518624,0.7429142,1.5765121,0.784536,0.29337493,0.14033175
1.8610913,0.8703074,1.9026284,0.8575379,0.01176477,0.07463501
1.6309268,0.8826798,1.6462791,0.7800537,0.11551224,0.124158256
1.1861992,0.9932968,1.190275,0.75682,0.1315142,0.13303599
1.9923012,0.9861118,2.055049,0.92982703,0.017882388,0.04323656
1.278195,0.93280244,1.2880015,0.6610443,0.008120366,0.16530299
1.2714915,0.83484304,1.2703116,0.6749144,0.033558745,0.16331798
1.1550449,0.7003471,1.1158657,0.816853,0.14803734,0.1143387
1.7301732,0.8262962,1.5306017,0.78752744,0.36401436,0.14596592
1.7553856,0.79947,1.7811568,0.81583744,0.031516198,0.09586621
1.280433,0.69952345,1.2941923,0.6601571,0.013853023,0.16574335
1.2246137,0.5121423,1.1438346,0.74368095,0.05183046,0.13454868
1.414115,0.61471164,1.4265544,0.6727967,0.00861649,0.16264682
1.3830527,0.51029694,1.4020674,0.69072425,0.0771697,0.16474432
1.5331073,0.6167911,1.5633593,0.7195457,0.006116765,0.13702004
1.9926883,0.99254584,1.8413801,0.86591536,0.37366816,0.09614742
1.6375321,0.9337901,1.3999825,0.8095086,0.39831597,0.1275152
1.3989563,0.58678776,1.4062469,0.6733215,0.034148943,0.16633303
1.6102034,0.99483347,1.6508238,0.7536881,0.011055486,0.1194451
1.6963515,0.6674025,1.7156489,0.77923095,0.012436907,0.10994625
1.2234122,0.79094744,1.1339107,0.7520475,0.105878875,0.1363646
1.1841928,0.68062717,1.1234901,0.7935452,0.12418317,0.12580556
1.9160397,0.9774277,1.9462202,0.879597,0.015645776,0.06545599
1.0871135,0.7597319,1.0852995,0.79869753,0.12298337,0.119763814
1.7071893,0.77103406,1.7201061,0.77975,0.009221865,0.10801962
2.0303981,0.99265486,1.9917173,0.93626714,0.18694231,0.055293232
1.8706503,0.8239993,1.9158876,0.8645686,0.008367254,0.07229374
1.672974,0.70068073,1.6988885,0.7729231,0.011165713,0.1131908
1.6551313,0.7139069,1.6942255,0.78112143,0.04108543,0.11546069
1.8321517,0.7859735,1.2414277,0.8675729,0.41267326,0.110203214
1.7340761,0.6413572,1.781981,0.80226195,0.006775252,0.09867835
1.6608739,0.6005037,1.4702713,0.72682583,0.18600945,0.1513971
1.7062359,0.918723,1.7256324,0.7849457,0.007102535,0.10684706
1.3160813,0.733076,1.2892587,0.70486546,0.0571129,0.15412137
1.7311456,0.6677014,1.3426714,0.80809724,0.3880238,0.1362403
1.2369611,0.8461501,1.1976023,0.7428791,0.08272301,0.13768011
1.3980645,0.98827887,1.4142756,0.6609536,0.006450457,0.16605914
1.4593112,0.55275965,1.4500694,0.7623954,0.4126779,0.15633279
1.0591779,0.8235906,1.0334096,0.8157113,0.105588436,0.11357377
1.2907616,0.6069106,1.2700825,0.72093827,0.19073884,0.15717177
1.8784667,0.9958211,1.9055388,0.8643572,0.014577522,0.07337278
1.835017,0.7302132,1.8738742,0.8445296,0.00833671,0.08011028
1.4210166,0.9135052,1.4261591,0.6705047,0.012879744,0.16959669
1.2318478,0.59277785,1.2441008,0.688723,0.0073892507,0.14938888
1.076768,0.9628206,1.06216,0.81893545,0.13604264,0.115123294
1.9314117,0.9311451,1.6342359,0.84473217,0.46373042,0.12504755
1.0960586,0.75858843,1.0482645,0.8037089,0.049553957,0.10718963
1.2870239,0.45416182,1.2257292,0.7480704,0.24384725,0.14920671
1.5217382,0.62227976,1.5235515,0.7107174,0.009303949,0.14312238
1.5364197,0.970388,1.5168452,0.727648,0.0712739,0.1477444
1.3302944,0.62918735,1.3554859,0.6768558,0.059931368,0.16671324
1.9781295,0.9789308,1.2606986,0.83997977,0.47089416,0.12538342
1.4376088,0.64703506,1.3943133,0.72324604,0.11237081,0.15310416
1.2804732,0.54605484,1.2830932,0.66574067,0.061026976,0.17061256
1.272622,0.7663894,1.2759702,0.6818475,0.017253602,0.15861773
1.6088698,0.92506254,1.6283875,0.7441282,0.009667002,0.12671033
1.6614718,0.954831,1.6858826,0.76556003,0.011066356,0.11635213
1.3435483,0.76911384,1.3527048,0.66136074,0.01402651,0.173562
1.4005312,0.5969993,1.4236434,0.6732263,0.013524123,0.16172342
1.2671317,0.8815086,1.2586277,0.7729265,0.30728748,0.15348962
1.4597788,0.85174745,1.4672039,0.6864532,0.0049474426,0.1531173
1.5536349,0.9925418,1.5642288,0.73083216,0.035644848,0.13904431
1.3849745,0.78935933,1.3820426,0.661862,0.01064005,0.16754532
1.5711119,0.5726998,1.5952189,0.7278622,0.0053903465,0.13238288
1.6051672,0.67456317,1.6198606,0.74011266,0.0066250386,0.12721461
1.7300705,0.7658776,1.7404814,0.7874298,0.011827708,0.10240175
1.4401333,0.5238203,1.4679728,0.6766768,0.0073866015,0.15669826
1.5062534,0.55022,1.5417681,0.70892817,0.020200308,0.14781298
1.4274615,0.72273433,1.4022398,0.70792884,0.08052445,0.1593099
1.8309937,0.78350526,1.6326325,0.7897793,0.33321315,0.13286366
1.0408623,0.8130611,1.1738739,0.7735841,0.18276753,0.13520055
1.671064,0.99189955,1.6796532,0.7652759,0.0058868616,0.11539327
1.4551508,0.6770288,1.4398117,0.7069705,0.06503175,0.15839924
1.1163859,0.72828513,1.1173073,0.8148342,0.23197238,0.12721042
1.6124365,0.627976,1.5539596,0.7700092,0.11896883,0.12551764
1.4302583,0.7732456,1.4732561,0.71365243,0.17909287,0.1597831
1.9225334,0.9908825,1.5075481,0.8003853,0.42163736,0.14258642
1.0650014,0.902568,1.1574357,0.8525488,0.32663217,0.11543706
1.2414167,0.9191349,1.224148,0.69067204,0.02572878,0.15225258
1.2900925,0.8395836,1.2983541,0.669168,0.0048512123,0.16117449
1.0910757,0.7686816,0.99911475,0.82233053,0.07283769,0.10833351
1.3411372,0.4140406,1.3045034,0.6998291,0.064027146,0.15750702
1.3462044,0.6747693,1.4544659,0.70858896,0.14348024,0.15839353
1.4784948,0.8654082,1.4932115,0.7326669,0.2258941,0.15329514
1.2265569,0.7801989,1.4526627,0.7817017,0.36415747,0.13518548
1.8167447,0.98426634,1.8609917,0.836852,0.007650314,0.083822586
1.6671228,0.7012907,1.1591704,0.780542,0.13797905,0.1261522
1.2045317,0.79657954,1.211729,0.77775776,0.2553474,0.14157699
1.6473787,0.76814884,1.6739509,0.7629746,0.00990642,0.118192084
1.2371634,0.6423899,1.2759914,0.71901864,0.07982776,0.14984487
1.5205759,0.58679813,1.5337176,0.70272744,0.008124224,0.14542827
1.306139,0.7573183,1.2782116,0.6779274,0.025063023,0.16401008
1.2864071,0.9198033,1.2976048,0.6651324,0.0055128396,0.16203511
1.3321934,0.97148997,1.3391342,0.6671232,0.018955644,0.16709909
1.2298019,0.5682894,1.2025743,0.72399086,0.056200873,0.14486827
1.5658085,0.82408214,1.5988753,0.7315046,0.0065079853,0.13057563
1.3365217,0.76419675,1.3410792,0.6522697,0.009702735,0.17121567
1.3860614,0.4752866,1.4081733,0.6648633,0.0048056333,0.16451567
1.4128306,0.64225227,1.4342368,0.67392087,0.0056781913,0.15991876
2.1212144,0.98630863,2.0927422,0.9493721,0.2334522,0.054084305
1.3068845,0.9540354,1.3046801,0.67949766,0.074727155,0.16562298
1.2146612,0.5437888,1.2508619,0.6896658,0.026985677,0.15077254
1.3108733,0.784453,1.405226,0.7726569,0.2753548,0.14569281
1.513118,0.51425153,1.5426719,0.7116625,0.0063515985,0.13919254
1.8043679,0.80593187,1.7198753,0.84566545,0.29056102,0.10503782
1.7804188,0.8506174,1.8063581,0.82482505,0.009528087,0.08965353
1.4816055,0.86314845,1.4992504,0.6863731,0.006151613,0.15272231
1.7110695,0.639985,1.754406,0.79521626,0.006433621,0.10083197
1.5194186,0.7229966,1.5283246,0.70114875,0.009540579,0.14583878
1.4621089,0.64174587,1.485631,0.68613374,0.015023182,0.15700062
1.2872535,0.8119966,1.3255394,0.6657124,0.015412937,0.16296542
1.6782522,0.68298864,1.7043986,0.7687012,0.007753808,0.11196001
1.6050429,0.6011273,1.5305791,0.7591655,0.2057651,0.1362303
1.645102,0.60651,1.6683071,0.761767,0.009033153,0.11657848
1.2058861,0.6732068,1.2023025,0.70823145,0.0076407483,0.1406709
2.0129764,0.8896788,2.1076708,0.9557732,0.04988608,0.04002607
1.5940946,0.55589867,1.6224368,0.74703443,0.01212047,0.1262872
2.01756,0.8782043,2.0881557,0.95114464,0.060112722,0.04308389
1.090412,0.8643653,1.1775789,0.8015414,0.13936682,0.12274866
1.7293366,0.71524984,1.7527738,0.793893,0.007320287,0.10204621
1.2462772,0.6543669,1.3686097,0.69027483,0.09918381,0.16809848
1.600315,0.79226005,1.6165977,0.7409835,0.01495243,0.12913875
1.6824911,0.71486723,1.708343,0.77757657,0.006392306,0.110511936
1.3223419,0.606195,1.3100266,0.6735505,0.04125786,0.16670272
1.5742761,0.58363295,1.5484824,0.7387277,0.09341443,0.14535911
1.3441468,0.50219893,1.3658061,0.6595029,0.014518709,0.17049399
1.2371925,0.70013297,1.2181458,0.71174836,0.056325737,0.15298244
1.2868716,0.6004062,1.4115949,0.76546097,0.407392,0.16828118
1.1573311,0.83821124,1.162195,0.7348372,0.03381368,0.13166139
1.081315,0.86129415,1.0707288,0.8101538,0.15240146,0.12170901
1.5801816,0.6733978,1.5889125,0.72076494,0.009192898,0.13821629
1.9341966,0.8413609,1.9605768,0.8856352,0.00948213,0.06030681
1.7976819,0.98890704,1.8562758,0.8377041,0.02155578,0.08029194
1.6383463,0.5790801,1.656034,0.75604546,0.010212318,0.12111565
1.7781768,0.73094237,1.8067274,0.81328166,0.007818343,0.093577035
1.7382967,0.706781,1.75348,0.7994648,0.015529306,0.099709675
1.6332685,0.9478242,1.532716,0.7394243,0.24793258,0.15039727
1.5873227,0.75365585,1.6103308,0.738343,0.0058308514,0.12806429
1.3553606,0.56147337,1.3163218,0.6992444,0.08527591,0.16731046
1.829792,0.90651244,1.674505,0.82591754,0.40432987,0.12184608
1.5672385,0.6794182,1.5979974,0.74731636,0.047295254,0.13739614
1.905939,0.7922342,1.9627304,0.88517636,0.010033621,0.06295589
1.196983,0.59654874,1.2032907,0.71286285,0.0054715145,0.13767856
1.344273,0.61465716,1.3621917,0.65386343,0.017765341,0.17464317
1.7264456,0.7599537,1.6057227,0.8154601,0.43114507,0.12133996
1.5435565,0.8327822,1.5724399,0.7199354,0.005213357,0.1355021
1.5797617,0.97356224,1.5995419,0.73033226,0.0055734273,0.13162626
1.6451592,0.8140213,1.4954681,0.7174574,0.22986877,0.15900868
1.2065321,0.9537767,1.3628552,0.7791804,0.33589965,0.14131327
1.3937732,0.85784197,1.4092414,0.66216147,0.015123169,0.16804254
1.8317771,0.7441571,1.8509982,0.83783597,0.016469311,0.08719727
1.9956131,0.93854207,1.8919218,0.8906892,0.3849711,0.084364295
1.3219879,0.85840577,1.3380198,0.65704155,0.005363577,0.1674604
1.441098,0.8384692,1.4619441,0.67513806,0.0051991343,0.15923226
1.4178457,0.7130933,1.4327304,0.6644569,0.00738589,0.16262138
1.5404685,0.6466431,1.5628672,0.7214561,0.009018142,0.13931982
1.7409787,0.80261606,1.3755147,0.7847371,0.37151298,0.13869135
1.4685094,0.90789014,1.4914069,0.6955795,0.005944597,0.14800471
1.4733068,0.66780025,1.4782393,0.7028079,0.054577734,0.15328892
1.6261954,0.5806851,1.6004863,0.7772167,0.23132972,0.12907964
1.7280705,0.7704494,1.752846,0.78927743,0.006514037,0.10231358
1.0939329,0.9685411,1.2724097,0.7554195,0.17180356,0.1379565
1.8847595,0.9378085,1.9221265,0.8654838,0.012372538,0.06954795
1.4796791,0.7147218,1.4468999,0.6983635,0.06528058,0.15863201
1.2906319,0.73253995,1.3337567,0.7083348,0.111845106,0.1741334
1.3826984,0.8858364,1.3948171,0.6580939,0.0061413078,0.16927333
1.6481835,0.7031339,1.3450198,0.7995741,0.44340923,0.1361481
1.6174557,0.66882265,1.5973403,0.7605928,0.18582912,0.1431884
1.8229061,0.7780584,1.8649027,0.8405769,0.007947002,0.08228057
1.0458925,0.81764615,1.0134232,0.84226656,0.11420353,0.103191815
1.2472174,0.9750395,1.2743211,0.693332,0.063629396,0.15941471
1.4762989,0.5750963,1.360712,0.7386675,0.17873886,0.14894146
1.4316587,0.6708605,1.4319239,0.6757846,0.017310264,0.16259573
1.6128855,0.6625987,1.4031711,0.77698165,0.3588615,0.148489
1.6092656,0.7625095,1.6314676,0.744854,0.0076614483,0.12616268
1.2845913,0.80026287,1.2793376,0.6806262,0.01592962,0.15936613
1.4899275,0.57174283,1.5211878,0.695487,0.008318607,0.15042712
1.9523798,0.92458624,1.8040624,0.8550171,0.4175784,0.109026976
1.3341275,0.5503083,1.2983809,0.84944177,0.6225306,0.13584343
1.3730447,0.5257591,1.3832133,0.6589322,0.006408307,0.16750011
1.107357,0.69223475,1.1356602,0.7826885,0.14641126,0.12544815
1.1270458,0.60917276,1.069957,0.7891412,0.054769874,0.114101596
1.4232147,0.51038295,1.4331231,0.6934881,0.03984641,0.16711012
1.543271,0.8103175,1.5662351,0.71635246,0.0046121846,0.13660446
1.5795125,0.63175553,1.5936484,0.7364353,0.063576415,0.14077084
1.3739554,0.88328636,1.3891761,0.66167355,0.004996436,0.16717468
1.0631536,0.8422374,1.0608495,0.8190363,0.16977353,0.11692126
1.3746101,0.95012695,1.3837042,0.6799963,0.04679969,0.17219192
1.7035671,0.7605311,1.6934004,0.7644088,0.015019858,0.11604247
1.2172529,0.8928017,1.2505932,0.73722637,0.18789758,0.15117195
1.4744699,0.9094058,1.4874635,0.6912151,0.005508866,0.14975426
1.2509185,0.6917695,1.263237,0.72406703,0.0743517,0.14711285
1.3390224,0.4636881,1.629004,0.79021776,0.44262964,0.16206014
1.5865691,0.79982525,1.6046677,0.7355367,0.0060353307,0.12846963
1.0260146,0.9137372,1.4928663,0.8457332,0.65901923,0.11599824
2.0192137,0.9768866,2.0790489,0.9387647,0.015354414,0.041402016
0.9755821,0.94987404,1.5778589,0.84813136,0.41350448,0.1051183
1.1530188,0.78401595,1.0983927,0.7761285,0.069239,0.122473694
1.529498,0.9017687,1.5508437,0.7179283,0.008675985,0.139622
2.1192641,0.95911187,1.6733074,0.8883528,0.7272459,0.10716763
1.914211,0.8822402,1.4939916,0.8028347,0.5906255,0.14187133
1.783953,0.7787403,1.8209422,0.8201756,0.009660103,0.09049245
1.4429096,0.47177878,1.4707198,0.68050003,0.005089462,0.15562195
1.7018576,0.78171843,1.379739,0.8004915,0.41135323,0.14238895
1.7263848,0.7669824,1.7577643,0.79807967,0.015203431,0.09926162
1.5522063,0.535686,1.5776823,0.72271085,0.009014101,0.13556318
1.4065064,0.67459023,1.4169409,0.6688632,0.006414491,0.16148731
1.1893904,0.5518794,1.1959157,0.7075147,0.0060274135,0.14057878
1.0867789,0.66240907,1.0622896,0.79003453,0.03699225,0.11077457
0.87642175,0.99464613,1.380661,0.6789577,0.09955042,0.17795356
1.7262164,0.69170034,1.7645075,0.7967871,0.006228827,0.10141138
1.492435,0.9234296,1.5200756,0.7202553,0.023884296,0.1461301
1.1681565,0.55261856,1.232878,0.74384815,0.12786965,0.14243186
1.5146348,0.51577795,1.5171859,0.7607374,0.29867813,0.14536832
1.2440727,0.51713854,1.2330339,0.7184564,0.12913084,0.15291075
1.9473317,0.9598118,1.8645108,0.87997764,0.44414374,0.082153015
1.6112998,0.5864785,1.6381869,0.74688584,0.0051457086,0.12352156
1.6920607,0.8110115,1.7026212,0.8053491,0.08554428,0.10910021
1.6576952,0.71605766,1.6720431,0.7628362,0.013861261,0.12161322
1.3024405,0.7667056,1.2885387,0.67844963,0.039728686,0.16563985
1.895606,0.8391804,1.9351077,0.8745554,0.007898191,0.06849121
1.4539534,0.8687035,1.4756703,0.6828023,0.0057165506,0.15355368
1.4183363,0.6413886,1.4081447,0.68972945,0.04777981,0.1643263
1.3309485,0.90497196,1.3442671,0.66594404,0.012691305,0.16568369
1.2877755,0.48723203,1.3158956,0.6656486,0.018325811,0.16382532
1.9256817,0.8967688,1.9748414,0.88933355,0.020764573,0.05758959
1.2412422,0.5200636,1.2224078,0.7021038,0.045236662,0.15222217
1.9665385,0.83592993,2.0010474,0.9037242,0.012563905,0.052002788
1.3465654,0.94902396,1.3309078,0.659262,0.04280368,0.17548636
1.0630735,0.8873757,1.2136419,0.7874253,0.23930934,0.13253139
1.4082739,0.54396003,1.321635,0.73083544,0.17362367,0.15520039
1.3664527,0.59662306,1.381305,0.6554353,0.0076863,0.16691227
1.5674475,0.8788838,1.59266,0.7323324,0.0064724307,0.12924604
1.5102941,0.9591198,1.530066,0.7088685,0.026514227,0.14798997
1.2437937,0.59992194,1.6528854,0.83913475,0.62116253,0.120098725
1.594169,0.86242867,1.5328071,0.7518272,0.2434103,0.13980244
2.1012669,0.94589144,2.175545,0.9887492,0.10868821,0.038460806
1.467307,0.6793269,1.4998662,0.6895357,0.006797071,0.14906627
1.635065,0.6924815,1.6712928,0.75988626,0.00807318,0.11811991
1.5380874,0.6828511,1.561033,0.7182897,0.005301487,0.13686933
1.66704,0.6185217,1.678246,0.77767926,0.046228424,0.120524496
1.2310967,0.7465814,1.2344594,0.69307387,0.010196072,0.14930165
1.4187926,0.92621535,1.4419138,0.6775919,0.004901006,0.1577547
1.1711364,0.8053257,1.1750681,0.72779053,0.012241641,0.13249832
1.6901942,0.95643485,1.7194569,0.77920234,0.006786824,0.108972564
1.3687946,0.41268766,1.3881385,0.6624465,0.004871205,0.16554841
1.8975885,0.9107219,1.9485724,0.87558043,0.0100493785,0.065468445
1.2107918,0.7929932,1.283237,0.724141,0.1361385,0.15229425
1.5133568,0.6474297,1.5362604,0.7071599,0.006659193,0.13933295
1.660495,0.9233609,1.662467,0.76566637,0.037834197,0.11951807
1.4913889,0.70366395,1.5203574,0.7026002,0.011123039,0.14827074
1.281698,0.5899809,1.2889755,0.66753054,0.008471256,0.16275434
1.1652951,0.6419618,1.1578729,0.738314,0.022025654,0.13129157
1.3159785,0.97501004,1.3206515,0.6605124,0.011549293,0.16819082
1.598724,0.68019235,1.6212668,0.75048363,0.022563616,0.127955
1.3501003,0.8035552,1.3591378,0.66156065,0.009838118,0.16537228
1.8315905,0.9735096,1.8542511,0.83387685,0.007892834,0.086819366
1.951906,0.86703074,1.928235,0.8964768,0.17849949,0.07161387
1.3508568,0.82552946,1.2890441,0.71048266,0.091045,0.15830705
1.3192271,0.5951676,1.3265145,0.6676065,0.02023999,0.17023845
2.0865033,0.9888464,2.1335003,0.969269,0.018720083,0.029126866
1.388742,0.5406391,1.401309,0.6688137,0.0109461695,0.1666672
1.1635163,0.7777832,1.1676083,0.73499703,0.009006565,0.12917612
1.7379977,0.9610728,1.7644703,0.7994414,0.011090723,0.09929694
2.0103285,0.94327813,2.065035,0.9350046,0.018895902,0.04140666
1.6799526,0.6892461,1.706913,0.7741617,0.0060473145,0.110597976
1.2357653,0.6854343,1.185221,0.74947584,0.10465239,0.1413182
1.0267272,0.9557982,1.0816805,0.82859755,0.12808415,0.10671176
1.5987273,0.6120939,1.6143751,0.7747178,0.058758684,0.12038936
1.7214488,0.94074297,1.7409558,0.8060759,0.052784365,0.10125481
1.5280457,0.77157354,1.5532248,0.7249832,0.01645792,0.14103565
1.9266269,0.8670836,1.997289,0.90066385,0.022571221,0.056472875
1.690881,0.6683489,1.637285,0.78710854,0.18849966,0.124898955
1.5890288,0.80258596,1.5483775,0.7613555,0.23912577,0.14198464
1.047557,0.9495575,1.3982823,0.824167,0.49329293,0.13128059
2.0292218,0.987928,2.068344,0.9377875,0.03603641,0.043839175
1.0316635,0.83443725,1.1879396,0.7948294,0.37968096,0.1344608
1.3971803,0.84934115,1.3575101,0.7254175,0.18990217,0.16481604
1.6706065,0.66581345,1.7239802,0.78335464,0.01263178,0.10775116
2.055016,0.9728807,2.104554,0.95249116,0.021534627,0.03378718
1.161316,0.9235154,1.1321983,0.79975706,0.11525307,0.12616909
1.257815,0.4683288,1.2935915,0.67115486,0.0077030533,0.15944916
1.8391193,0.9281579,1.8647015,0.84676737,0.0077995844,0.08131338
2.1138618,0.95357233,2.1412363,0.9776562,0.02339191,0.027584769
1.5540185,0.6268486,1.4814293,0.73959005,0.24126732,0.15186279
1.2552584,0.54410577,1.1104869,0.7674589,0.1420542,0.13412386
1.2258925,0.5717611,1.2439139,0.70143944,0.010374084,0.14369754
1.4154537,0.7921323,1.4217956,0.6645148,0.013604876,0.16980666
1.515018,0.52768254,1.506918,0.7189759,0.10256162,0.153102
1.3120637,0.47977132,1.3165536,0.6596112,0.004689372,0.1656749
1.6960793,0.6784249,1.7267871,0.7827228,0.0090588005,0.10682086
1.1993122,0.6860751,1.1897144,0.7114204,0.030192044,0.1450166
1.5438839,0.7274148,1.5573955,0.73224187,0.063446954,0.14178154
1.0580384,0.98592454,1.3826702,0.74199903,0.39243138,0.15789002
1.7459098,0.8997647,1.7668514,0.7936067,0.008859808,0.10029368
1.8099298,0.7287375,1.8558953,0.84015816,0.00947391,0.08284069
1.5569762,0.5622016,1.5500734,0.739745,0.13126987,0.1409446
1.0553826,0.94014543,1.1066445,0.80037856,0.11529329,0.11727255
1.4705583,0.48247975,1.4834647,0.68446994,0.009496274,0.15441443
1.6960713,0.6723004,1.7200379,0.77916205,0.006801211,0.109265454
1.3079038,0.5849545,1.3590069,0.673388,0.099472485,0.17714904
1.151397,0.68754786,1.3514411,0.7800286,0.31645525,0.13559604
1.1657238,0.6374921,1.1631335,0.7306597,0.010786325,0.12966722
1.2903118,0.49262252,1.2923596,0.67361474,0.0460638,0.1653992
1.7289413,0.83296996,1.7411237,0.79030246,0.012574795,0.10373757
1.7245597,0.922308,1.6553063,0.8048243,0.18742345,0.115426674
1.191567,0.55451995,1.2350647,0.70201224,0.018563744,0.14570644
1.4639478,0.8950828,1.4913425,0.68527377,0.0065780734,0.15248728
1.7427998,0.8658351,1.7633581,0.7961007,0.006147197,0.100124136
1.913491,0.83189124,1.9402542,0.8785184,0.009916265,0.06516063
1.6732236,0.631549,1.7113161,0.79320854,0.046950825,0.11233972
1.3563464,0.5048306,1.3682792,0.651512,0.0051236264,0.17012058
1.983505,0.8575745,2.0376093,0.91849107,0.018997684,0.044400144
1.5883718,0.57148665,1.557076,0.75359035,0.17830536,0.13980766
1.3390566,0.63144684,1.3697422,0.6601556,0.04038206,0.17405905
1.504948,0.8979225,1.5208178,0.7038736,0.006617922,0.14490736
1.3913704,0.5931025,1.4129944,0.77083147,0.41900668,0.16334131
1.6159283,0.9731887,1.6433713,0.7424528,0.009711389,0.12685588
1.1427033,0.57757753,1.0756329,0.78352034,0.025306214,0.11131424
1.3764173,0.487443,1.3991041,0.66005325,0.0049811313,0.16713758
1.24217,0.7555131,1.2505622,0.6974009,0.012788341,0.14957389
1.721471,0.91195625,1.7413676,0.8060973,0.055542845,0.10471283
1.8719704,0.99426323,1.9217856,0.8700479,0.017030595,0.06501222
1.3608097,0.6796549,1.3720021,0.6642895,0.005649925,0.16441189
1.2437434,0.53096354,1.2580225,0.6798781,0.005662674,0.15477401
1.8780184,0.84736115,1.899193,0.872675,0.12166,0.078434534
1.6006125,0.6586492,1.6204214,0.7440084,0.008876701,0.12598316
1.2897756,0.46023658,1.2841539,0.66710675,0.015761001,0.16352715
1.4471194,0.9828998,1.4646227,0.67924047,0.005797039,0.15394688
1.2357221,0.5817931,1.1240888,0.7708772,0.070776656,0.1274255
1.1148129,0.8692739,1.353616,0.81000817,0.4469867,0.13074553
1.1190654,0.718059,1.0359561,0.80832046,0.054051388,0.10718516
1.5417571,0.6484636,1.5848682,0.752994,0.2314512,0.14431617
1.3296,0.43058288,1.3420441,0.6556013,0.01619971,0.1718091
1.2938498,0.7075635,1.3061149,0.65397686,0.008821351,0.16853102
1.6360741,0.7617648,1.6502247,0.7532109,0.008971886,0.1223344
2.0812252,0.9689492,1.443702,0.7942863,0.50542825,0.14165482
2.0019245,0.8678032,1.603127,0.8750245,0.51464957,0.101124145
1.5646863,0.52813965,1.5945861,0.75168,0.018934047,0.1286157
1.418446,0.981494,1.4243286,0.68038315,0.036002792,0.17125234
1.9358666,0.8395493,1.899749,0.87583655,0.2956796,0.095832065
1.7063893,0.7845283,1.7259905,0.7831291,0.00988054,0.10775049
1.3056016,0.94307435,1.3088703,0.66027385,0.0050521125,0.1636243
1.5996946,0.72501427,1.6939988,0.8078185,0.42799985,0.1295974
1.2207981,0.6859336,1.1863649,0.7180789,0.046456404,0.1429223
1.6824511,0.9794521,1.7208135,0.78339565,0.008708192,0.10431668
1.4033446,0.97140294,1.4135253,0.66661876,0.0070710178,0.16674604
1.017121,0.72948843,1.0740924,0.86217517,0.23509587,0.10911319
1.7693243,0.67624074,1.8082595,0.82167596,0.02220681,0.08960715
1.3227686,0.45912528,1.3282144,0.65585953,0.00852519,0.16939907
1.2679697,0.6811125,1.2350569,0.704396,0.063436225,0.16009817
1.3202895,0.64367956,1.3480735,0.680392,0.075534955,0.16735531
1.4786394,0.59659016,1.431382,0.73446894,0.20886965,0.15792376
1.3162932,0.9510536,1.3069954,0.673311,0.03298368,0.16828729
1.5627657,0.595631,1.5729687,0.7255159,0.022908056,0.14075607
1.3428291,0.589111,1.3573239,0.65441406,0.0060649873,0.16962723
1.9865943,0.83794737,2.0245452,0.9163596,0.012339669,0.049904507
1.5253025,0.750548,1.5505955,0.7141231,0.0052882098,0.139066
1.2855911,0.5122569,1.3155448,0.72937024,0.2249916,0.17063223
1.511503,0.5776257,1.5367696,0.70795244,0.005152613,0.14047466
1.1157541,0.60754174,1.1483564,0.7770563,0.16615139,0.1340425
1.679558,0.8339098,1.3034887,0.78806174,0.32760713,0.14289787
0.9438076,0.9653266,1.5352132,0.8579181,0.65386915,0.11945686
1.7099912,0.65353924,1.6693721,0.81966287,0.46889803,0.13006642
1.3769819,0.49072358,1.3905923,0.6658708,0.01331901,0.16718884
1.6535277,0.61442095,1.6840277,0.7614961,0.0068763583,0.11737369
1.8666838,0.8725701,1.6252894,0.8510096,0.51620704,0.10559229
1.1859144,0.6383191,1.1941087,0.7149216,0.0076884413,0.13686018
1.497836,0.7061537,1.5194736,0.7009406,0.010289113,0.14682013
1.3876005,0.4805258,1.4067967,0.66086954,0.011591879,0.16789517
1.3484621,0.4929926,1.3679907,0.66416097,0.021210013,0.17003132
1.3461329,0.51402736,1.3539171,0.6584598,0.0057330006,0.16937725
1.4958123,0.95478326,1.5078778,0.69792813,0.006977096,0.14799717
2.1186624,0.9573657,2.1378393,0.9691561,0.029250344,0.02697875
1.3545575,0.65935147,1.3715098,0.65818334,0.0067893066,0.16801552
1.9309433,0.8170608,1.980423,0.89952445,0.07678433,0.062377833
1.0732017,0.69422406,1.072691,0.78118056,0.03901133,0.11329763
2.0740962,0.9308935,2.121904,0.9657576,0.017383091,0.029268306
1.2460384,0.79813445,1.2488484,0.6898102,0.008355533,0.15013689
1.6236025,0.7519443,1.7006648,0.7820815,0.079059266,0.12480052
1.6734303,0.67395735,1.7011466,0.77261937,0.019216122,0.117168956
1.7636095,0.81237894,1.8032598,0.812922,0.011127759,0.09130888
1.3856736,0.8670135,1.3930383,0.6594737,0.0056987056,0.16758901
1.3428698,0.5506446,1.3511426,0.6611694,0.0055026705,0.16744973
1.7174692,0.9296332,1.7511449,0.790384,0.0059972825,0.102589555
1.8930119,0.8596559,1.9264483,0.87206626,0.028808162,0.068037376
1.009476,0.7518631,1.0625796,0.8183741,0.13795178,0.11734373
1.1357079,0.84264195,1.1161628,0.73944294,0.03886726,0.12716587
1.2301936,0.53147876,1.2415955,0.70265234,0.011439909,0.14429036
1.6603218,0.6121445,1.6969955,0.7755246,0.008761666,0.11221857
1.37265,0.43670955,1.399106,0.6584456,0.006905628,0.1676538
1.7363414,0.68965304,1.7530737,0.7908351,0.0076595815,0.1024916
1.3281021,0.5953042,1.1906044,0.7476499,0.12821546,0.14182562
1.8578297,0.99878365,1.8679166,0.87786984,0.20148544,0.082023986
1.3983408,0.8950702,1.4025779,0.6589892,0.014805253,0.17202088
1.3588437,0.9500353,1.3764949,0.6673793,0.032148186,0.17909583
1.144448,0.84876776,1.0710589,0.79518145,0.13249522,0.12286871
1.3024089,0.6152628,1.4909029,0.6846024,0.028075807,0.1582698
1.6911478,0.68007296,1.7112994,0.7755264,0.0069592805,0.11080214
1.2143898,0.5389049,1.2222972,0.7049136,0.008575065,0.14121822
1.9314941,0.8204465,1.9547236,0.88297963,0.0089606205,0.06315631
1.2926538,0.55619717,1.401299,0.7407036,0.2547357,0.15549709
1.8955215,0.81863344,1.9133034,0.8670086,0.013008672,0.07079649
1.4188057,0.9662576,1.4162369,0.6815595,0.039082177,0.16897133
1.6483073,0.94751114,1.6818409,0.8046978,0.17873447,0.12117156
1.4755721,0.9304177,1.4822888,0.6842228,0.004732479,0.15243034
1.4705552,0.8471992,1.462462,0.70339483,0.08956458,0.16474372
1.1539547,0.6687688,1.3613615,0.7442167,0.31781384,0.16740268
1.6554065,0.8160336,1.676583,0.7683188,0.011126459,0.11633857
1.7660547,0.94325006,1.7787142,0.81012934,0.022656342,0.09760948
1.2842258,0.8937352,1.2968261,0.6647681,0.005381517,0.16342239
1.2024746,0.7341857,1.2530024,0.76080954,0.15207076,0.13874708
1.1226676,0.86739564,1.1379752,0.7865368,0.14890316,0.12767339
0.94131523,0.94786334,1.0734996,0.8689025,0.34315225,0.114956975
1.4547527,0.5325191,1.4157166,0.7219951,0.101023234,0.15888669
1.5985497,0.95863247,1.6247246,0.7408899,0.006454297,0.12717028
1.841656,0.9896156,1.4430673,0.78804594,0.39137414,0.14633155
1.6936406,0.6383456,1.7223604,0.7912979,0.062708974,0.11617157
1.3683728,0.46561503,1.3890114,0.65607655,0.0047559375,0.16821447
1.4139636,0.58966976,1.4323606,0.67006123,0.0047699776,0.16121213
1.4695286,0.53270626,1.330677,0.7450247,0.31521294,0.14940102
1.3470705,0.96721923,1.4789445,0.7852646,0.35147196,0.14126274
2.1322718,0.98835886,2.149435,0.97777814,0.02171899,0.027244361
0.9734234,0.86181885,1.1325582,0.8006096,0.27769962,0.12997918
1.3396457,0.46625254,1.3577645,0.65385395,0.005329779,0.16928495
1.3487935,0.5585958,1.3591502,0.66043097,0.015118663,0.17218101
1.3430009,0.9763798,1.3666456,0.66405857,0.005107625,0.16427979
1.6596048,0.5911528,1.6898465,0.7669692,0.011196153,0.11503694
1.2361543,0.9340543,1.426894,0.7208754,0.20522113,0.15713908
1.3983618,0.7003749,1.3742137,0.7278715,0.14617273,0.1559721
1.5090895,0.9054854,1.5181079,0.71240115,0.10070162,0.15594119
1.8868923,0.9458681,1.9316888,0.8726985,0.009634734,0.06918416
1.4549367,0.9408778,1.4704432,0.6809581,0.013581712,0.15543593
1.930423,0.915623,1.8341446,0.86955434,0.45789188,0.09761703
1.5358138,0.6992306,1.5539052,0.711575,0.009673157,0.1449544
1.6504512,0.8520553,1.6832836,0.7683717,0.027367111,0.121538155
1.4057286,0.72691053,1.4228623,0.66903,0.0114750145,0.16311102
1.892538,0.7739561,1.9484313,0.8794586,0.010101137,0.063748844
1.1155591,0.85843384,1.098979,0.7710962,0.028224455,0.116808854
1.9722553,0.9005955,2.0078628,0.90349525,0.01719478,0.050872974
1.1421921,0.6191329,1.3980739,0.7942637,0.40331978,0.13396835
1.4177216,0.7652911,1.4299212,0.6711439,0.006877817,0.15944351
1.8287026,0.77197593,1.8636148,0.8429545,0.007637579,0.08187414
1.3383543,0.466411,1.3622725,0.6568566,0.008710148,0.1690586
1.5049496,0.97458345,1.5259726,0.7069144,0.005282663,0.14245895
1.8656569,0.98727113,1.9005826,0.85659504,0.014498572,0.07459805
1.6126026,0.64643466,1.5689778,0.7772185,0.20104772,0.1327775
1.8613306,0.98865,1.8895323,0.8513712,0.008069894,0.07539094
1.1047928,0.6514557,1.1442673,0.77079064,0.05456277,0.12278532
1.5453686,0.8099565,1.5627275,0.71394193,0.00836002,0.14187795
1.4114747,0.4438877,1.4369824,0.69818985,0.10157807,0.17177108
1.8559464,0.82546675,1.8003595,0.8436441,0.2059842,0.10129604
1.1277019,0.8789433,1.097492,0.7809203,0.061549284,0.119864255
1.8395972,0.9129665,1.4785943,0.7990551,0.4358984,0.13539952
2.0451908,0.9672184,2.1004848,0.9493284,0.03979762,0.03865197
1.2601978,0.8996034,1.4156213,0.7321787,0.23041709,0.14866827
1.684808,0.76920253,1.7137778,0.77609986,0.01283459,0.11429132
1.3164744,0.4319334,1.2455204,0.7237612,0.077776566,0.14832248
1.8050607,0.7309699,1.8373122,0.82805383,0.008110375,0.08593334
1.4261298,0.6584903,1.4976575,0.7495724,0.23662663,0.15605602
1.3442314,0.81232077,1.3558283,0.656158,0.004646973,0.16889948
1.7094198,0.9437635,1.7369449,0.7850691,0.009208253,0.10562747
1.5122583,0.8503712,1.529479,0.7044217,0.026507644,0.149745
1.8011588,0.92955667,1.8403912,0.83111215,0.017823223,0.08998969
1.4005251,0.49067068,1.4088013,0.66676444,0.010536766,0.1680463
1.5195894,0.9175456,1.5249202,0.6987888,0.01721494,0.1518281
1.9217503,0.90522265,1.960067,0.89898574,0.16206902,0.07332037
1.6726732,0.8572723,1.7000012,0.77363527,0.006733345,0.110919036
1.3871546,0.79824024,1.4009542,0.65540683,0.008338737,0.1687517
1.5281279,0.9760154,1.5289905,0.7215098,0.05878673,0.15415329
1.6882473,0.73953426,1.7198296,0.7832337,0.0072611403,0.10780315
1.4337016,0.5196779,1.4527318,0.67617387,0.007254575,0.15789182
1.6086445,0.660985,1.631351,0.74541634,0.0068313302,0.12477713
1.7067798,0.6571978,1.7318077,0.78465164,0.010369702,0.109041415
1.7356677,0.7955931,1.76701,0.79378325,0.0058864714,0.1011872
1.3008901,0.43853885,1.3190243,0.64793926,0.008602837,0.17170644
2.0142345,0.9390225,2.0488625,0.9240236,0.016310161,0.0455874
1.7269838,0.7253379,1.7732401,0.80976456,0.027638348,0.100883596
1.1344247,0.8391801,1.2215259,0.77943957,0.26321056,0.13874023
1.3336885,0.76057994,1.3210225,0.65985876,0.018838955,0.17235994
1.7899384,0.9234589,1.7879977,0.8112162,0.009646953,0.096268244
1.9277319,0.9420699,1.9715514,0.89199513,0.009344255,0.05995512
1.2151395,0.615883,1.2190762,0.68519866,0.02333191,0.15518844
1.342298,0.4676986,1.3262775,0.6674148,0.032139298,0.16491407
1.1652727,0.7751294,1.145102,0.7852385,0.14024423,0.12312456
1.3652093,0.5225563,1.3819678,0.6629435,0.0055790353,0.16590385
1.3873888,0.75995713,1.4106288,0.6621511,0.005143476,0.16612114
1.6638361,0.942619,1.6947734,0.7733221,0.025084985,0.117690116
1.6329741,0.89504045,1.6403399,0.75096846,0.035335988,0.13038108
0.98618746,0.8483018,1.1935618,0.7743973,0.16033503,0.13607773
1.5131836,0.5502972,1.5340135,0.71041155,0.031167692,0.14617802
1.6383916,0.6188576,1.3176136,0.8019691,0.51442194,0.13946855
1.4393984,0.54390424,1.4817061,0.687915,0.015022587,0.15392585
1.9538102,0.97157705,2.003458,0.9024758,0.010039651,0.053259235
1.7514654,0.70848435,1.7834616,0.80401134,0.0066649616,0.0981137
1.2894762,0.6863932,1.6590409,0.819164,0.4206523,0.12515503
1.9742832,0.9866081,2.0382888,0.9199652,0.09525375,0.05718706
0.919103,0.93679327,1.10338,0.8535724,0.27131334,0.11876655
1.5979284,0.87498313,1.6192124,0.74319476,0.04001196,0.13322215
1.3363993,0.5908713,1.3560629,0.7313588,0.19799326,0.16213341
1.4148154,0.61808854,1.4075475,0.68042374,0.05528745,0.17525095
1.7312894,0.87293166,1.7368624,0.7969189,0.042075515,0.107088216
1.3702503,0.81090987,1.3758538,0.6692151,0.026285062,0.16726027
1.8038505,0.77053124,1.8265824,0.82434386,0.0077709374,0.08903483
1.861042,0.90319353,1.9136994,0.86561775,0.04320467,0.07676501
1.582871,0.6094213,1.6164007,0.73671585,0.005496765,0.12793595
1.5263126,0.5834031,1.5458274,0.7139163,0.007888097,0.13893683
1.3141395,0.629326,1.3255706,0.66377276,0.0055437074,0.1644951
1.630285,0.9302362,1.6642783,0.7588798,0.0062355697,0.117577694
1.3425426,0.83436203,1.3408935,0.66048265,0.016176092,0.17242934
1.3841064,0.8695522,1.3953445,0.6694164,0.0090058185,0.1665163
1.772382,0.69358957,1.7901671,0.8116321,0.024503963,0.0980806
1.5572237,0.73969644,1.6070259,0.74554265,0.04819128,0.13065282
1.8750085,0.79708976,1.9085484,0.8591096,0.008549476,0.07426592
1.634245,0.62939423,1.6684127,0.75958043,0.0058688177,0.119043015
1.0412521,0.7222822,1.347558,0.8368148,0.4952165,0.12041204
1.167715,0.9914406,1.1953874,0.7461192,0.090008736,0.1386543
1.5904188,0.7752688,1.6162953,0.7406324,0.006169708,0.1267588
1.0498947,0.786894,1.3551455,0.76638794,0.2500133,0.14184816
1.3175946,0.662439,1.3208752,0.67160946,0.015624769,0.16557299
1.7198533,0.806395,1.74683,0.7877257,0.02314001,0.10658277
1.6779639,0.8439142,1.7008262,0.7729077,0.0071914485,0.111250006
1.8144094,0.787803,1.5163605,0.90045625,0.47230473,0.083643325
1.1532102,0.69025755,1.2863042,0.82294077,0.3679195,0.13160756
1.3510925,0.47372994,1.3682263,0.66965795,0.033878624,0.16754022
1.8048801,0.9290415,1.8535514,0.8341378,0.0077520963,0.08586523
1.7998762,0.6918593,1.81988,0.82121515,0.010035535,0.09126212
1.539921,0.8518461,1.5605416,0.7204811,0.0050753965,0.13594805
1.6500038,0.82481354,1.6802502,0.76372176,0.008468546,0.11802162
1.3338176,0.42705557,1.3856719,0.68281305,0.08750958,0.17706326
0.96008277,0.85244787,1.0566726,0.8472623,0.16638196,0.106992885
1.490611,0.7419128,1.5023572,0.698104,0.0048545697,0.14750232
1.3173101,0.49155587,1.4240897,0.7217926,0.1735456,0.1599985
1.5410413,0.82062674,1.4182348,0.71802795,0.2268869,0.15533444
1.3742039,0.5378213,1.386133,0.6614334,0.0073196273,0.16795546
1.6333997,0.60979337,1.6674037,0.7585535,0.0068539903,0.11958902
1.1252351,0.90237933,1.1103959,0.7739717,0.044847038,0.12206953
1.8579729,0.80927444,1.8945467,0.8651841,0.1368599,0.08442532
1.2392197,0.49772257,1.2478721,0.6825061,0.0119043365,0.15482986
1.419136,0.46179804,1.443645,0.6805241,0.020510972,0.163956
1.404793,0.50949043,1.427741,0.68412477,0.08180116,0.16919306
1.8081267,0.95619494,1.8343852,0.8260831,0.007013213,0.08847649
1.383507,0.9901618,1.3798914,0.6784571,0.05546762,0.168031
1.8223679,0.7069363,1.8731453,0.8474909,0.023715014,0.080734156
1.274082,0.8179808,1.2765038,0.67627186,0.0056272596,0.15716127
1.8743058,0.801417,1.9216237,0.86849064,0.010858589,0.06880279
1.493788,0.6271793,1.504694,0.69927007,0.009965408,0.14792882
1.3238531,0.4727059,1.3388238,0.6606922,0.015121863,0.17202416
2.0800688,0.98499894,2.1399865,0.9679931,0.028608771,0.031062083
1.6009115,0.5567558,1.6406064,0.7535821,0.021841131,0.12867971
1.4015352,0.9141411,1.4129813,0.6601624,0.0060687307,0.1633387
1.5005991,0.50875586,1.515104,0.70320165,0.0055829682,0.14488992
0.9955497,0.88047737,0.954989,0.8727718,0.11054154,0.08847541
1.2566953,0.6733168,1.2603142,0.6865622,0.020435046,0.15886334
1.1497478,0.8207949,1.2599967,0.7705151,0.2710631,0.1342236
1.1790828,0.68644893,1.1145229,0.7566888,0.028067324,0.12176407
1.1608422,0.6368031,1.479315,0.7571111,0.30395114,0.14941138
1.2277333,0.7129656,1.2252288,0.7148224,0.038063128,0.14468013
1.6323546,0.9900717,1.5374508,0.75554645,0.2517618,0.14260931
1.9514288,0.8786251,2.011399,0.9059564,0.011722361,0.053867854
1.8683406,0.7776886,1.9077024,0.8562973,0.010012168,0.07421986
1.833134,0.9793961,1.8711224,0.8433414,0.008905988,0.079814024
1.5798619,0.9523844,1.590493,0.73563474,0.011256233,0.13032478
1.7440385,0.81198287,1.7816193,0.80815536,0.0088904165,0.098623246
1.6501622,0.7085308,1.4555593,0.7891041,0.27442706,0.1256873
1.9399798,0.87461966,1.9855742,0.8988119,0.0101372665,0.05785404
1.3915341,0.47705963,1.3944261,0.6607256,0.018059965,0.17292358
1.3758497,0.5727714,1.3964238,0.65531594,0.007942956,0.17141132
1.3571491,0.9249394,1.3628211,0.65838575,0.007758035,0.16856445
1.8455172,0.76427567,1.8649621,0.8490693,0.02328592,0.07783295
1.3810441,0.7296495,1.3897212,0.66021734,0.0051125763,0.16720024
1.6703054,0.62630415,1.6855056,0.7687727,0.006905486,0.11305746
1.2839162,0.7288478,1.3041945,0.6680116,0.011295427,0.16259573
1.461653,0.81177586,1.4619842,0.6815326,0.01657274,0.1629867
1.5497345,0.8646231,1.5712898,0.72166485,0.0101441415,0.1379332
1.5258358,0.88838243,1.514076,0.7004432,0.010377226,0.14590661
1.3579636,0.95947474,1.3661253,0.66030073,0.0073993234,0.16650693
1.1045517,0.6916206,1.0827763,0.7686746,0.018083755,0.116573565
1.0596102,0.9156354,1.0691719,0.7911625,0.07481005,0.11577601
1.6203815,0.9633975,1.6504045,0.7532491,0.008544871,0.1217036
1.3907484,0.9242124,1.4058173,0.6616341,0.00824794,0.16448265
1.5346717,0.5921129,1.5257089,0.6982203,0.009489303,0.14631876
1.6437352,0.9510144,1.6750796,0.7661841,0.017276328,0.1190896
1.3881967,0.63659614,1.3905172,0.67377764,0.026049295,0.16674955
1.9187618,0.94107753,1.9397357,0.8751875,0.010641054,0.06434106
1.9386009,0.8372274,1.9836638,0.89879245,0.020809107,0.05874748
1.2920866,0.44587025,1.300642,0.67537296,0.005695864,0.15680328
1.959902,0.8558723,1.9811478,0.89460427,0.009720785,0.058814455
1.4748541,0.930735,1.4779267,0.69400036,0.034504093,0.16045067
1.2420722,0.60024744,1.2564521,0.674444,0.0066335513,0.15549228
1.4113755,0.5129775,1.4166298,0.7425711,0.29527715,0.16406862
1.1305001,0.9321316,1.0892057,0.76791334,0.027777491,0.11788851
1.4177415,0.49225205,1.3913205,0.70527613,0.16550116,0.16396627
1.7044967,0.7375693,1.7501283,0.7911618,0.010498291,0.10032078
1.3537561,0.6280227,1.357162,0.6598404,0.019483425,0.17080493
1.6108366,0.7319818,1.631465,0.7437359,0.005926436,0.125241
1.566473,0.9839447,1.5927196,0.81041545,0.39311236,0.14243193
1.4292557,0.77850115,1.4498034,0.6737339,0.010818734,0.16204014
1.1352266,0.90211934,1.2308228,0.7704077,0.36660647,0.15537645
1.4316345,0.67771786,1.451669,0.67425305,0.018013246,0.16108948
1.8408879,0.9765199,1.8662059,0.84168273,0.012433325,0.08133045
1.0274768,0.75131917,0.92143875,0.8911454,0.12374012,0.08792121
1.2446562,0.9570981,1.2599034,0.6978954,0.0073534693,0.14709285
1.1196982,0.62320155,1.105608,0.80030197,0.102866985,0.11658499
1.1695187,0.71476793,1.4333544,0.78846854,0.40220922,0.1427796
1.5216237,0.57244754,1.5362554,0.71021557,0.02225803,0.15172361
1.7632042,0.92407304,1.7722912,0.8092979,0.02500946,0.09858832
1.9845238,0.96529174,2.0354931,0.91786885,0.011673829,0.047898818
1.6984186,0.71587926,1.729559,0.78074896,0.0063192598,0.10792933
1.6271461,0.69966996,1.6642005,0.7629322,0.014191217,0.118825115
1.3557178,0.43242562,1.3734066,0.6720756,0.015405406,0.16348827
1.081293,0.9334681,1.1024388,0.7942717,0.044076253,0.11115646
1.6829063,0.71167773,1.7053039,0.77166224,0.007232457,0.11149463
1.3136758,0.4406386,1.3357542,0.67641044,0.10768025,0.17836286
1.4973803,0.6472851,1.5155444,0.7035502,0.004679687,0.14519951
1.6395241,0.7890168,1.5663245,0.78988457,0.36221358,0.13843833
1.7046897,0.69508725,1.738358,0.78579223,0.006878617,0.10693547
1.4353161,0.6787673,1.4532282,0.67404485,0.005444913,0.15959801
1.0620644,0.72608703,1.0089146,0.849925,0.088797934,0.097651415
1.5588646,0.5540757,1.5750308,0.71691567,0.007069639,0.13918087
1.7957765,0.74485785,1.8418612,0.8333173,0.01606795,0.08590163
1.4038129,0.93837696,1.4251683,0.6736642,0.024358472,0.16587351
2.063606,0.95282197,2.1101518,0.95814234,0.017692827,0.033980653
1.3641593,0.60701096,1.3816717,0.660324,0.008626978,0.17065075
1.4060079,0.4852875,1.4322226,0.6811713,0.032919575,0.16427918
1.4714305,0.75311095,1.3978093,0.7221067,0.14934783,0.15702143
1.6736603,0.69293237,1.7023401,0.77135646,0.0066928146,0.112484306
1.206555,0.7721863,1.1946163,0.7176414,0.035741493,0.14427152
1.273921,0.5031347,1.3159058,0.72323096,0.12408848,0.15345679
1.5088121,0.5170453,1.5341098,0.71351475,0.024772761,0.14109923
1.2228215,0.59827507,1.227613,0.6927531,0.0259487,0.15033554
1.7980404,0.71738935,1.8284397,0.8314143,0.0078173885,0.08665992
1.4408431,0.7707413,1.4546952,0.68046737,0.015041393,0.16135988
1.6428624,0.7063125,1.6737998,0.7649715,0.009702452,0.11751268
1.5237755,0.6150594,1.5361257,0.70850134,0.005864806,0.14268778
1.3057283,0.8111349,1.2065556,0.72664857,0.10966172,0.1523848
1.4548126,0.50667834,1.406255,0.72379446,0.2318082,0.1691543
1.4422837,0.7677557,1.4627211,0.68013847,0.008875051,0.15521398
0.96601355,0.928054,0.95955414,0.89553696,0.17096846,0.097665384
1.2264779,0.9178588,1.2255809,0.7081018,0.036671717,0.14816579
2.120195,0.9905427,2.1486812,0.9746535,0.021613434,0.026106331
1.763625,0.75310093,1.79005,0.8156361,0.038344428,0.09463879
1.6398811,0.6698531,1.6752534,0.75913465,0.0062202793,0.115954265
1.9590702,0.86789495,1.9971547,0.9062063,0.0154693145,0.054609045
1.8032775,0.875194,1.8503759,0.85262,0.02808529,0.08130451
1.1544793,0.8736131,1.1378477,0.745999,0.012255979,0.1237566
1.6114283,0.6094471,1.6183672,0.7477135,0.05079016,0.13518675
1.6468298,0.93268985,1.6848934,0.7737514,0.023958823,0.114334695
1.6747497,0.86739624,1.7092538,0.7767397,0.012264625,0.113244146
1.660382,0.66945624,1.6992915,0.76201713,0.016388725,0.11734435
0.98914415,0.9154838,0.96593064,0.8689849,0.13920525,0.09803669
1.3178866,0.4266028,1.2784956,0.7031504,0.09148986,0.15604563
1.4395508,0.77045804,1.4484141,0.6858733,0.005091343,0.15303516
1.4820944,0.9264228,1.3787651,0.7375775,0.121001296,0.15182194
1.2921268,0.9936301,1.2359684,0.72260857,0.06775915,0.14611672
1.7925497,0.7700192,1.8065903,0.82035613,0.011551688,0.09112705
1.269592,0.7597936,1.8429348,0.8510769,0.14809872,0.08953111
1.4538662,0.7166705,1.7675602,0.83021396,0.15193456,0.09895617
1.2601877,0.66366076,1.2590127,0.6901114,0.060638476,0.15914968
1.8140085,0.8617137,1.8506088,0.8411667,0.008155631,0.08367849
1.2840691,0.9610853,1.2817886,0.66507936,0.021068757,0.1680135
1.5165626,0.54983205,1.5371573,0.7166243,0.00640498,0.13773534
2.1458921,0.9862122,2.167637,0.9833082,0.040081516,0.029412003
1.3123425,0.52186584,1.3138995,0.6631689,0.01213895,0.16582234
1.5787449,0.6302771,1.5931919,0.7479814,0.04812914,0.1354337
1.5833752,0.72624993,1.5339124,0.72993803,0.100347556,0.14133663
1.2994497,0.89940464,1.2993903,0.66171265,0.008002267,0.1647565
1.5016496,0.71157414,1.4808316,0.71684015,0.17827287,0.16332726
1.568362,0.99050355,1.3940163,0.7425956,0.2677386,0.14810935
1.2304776,0.72033024,1.2219207,0.74713004,0.18739538,0.15046313
1.886342,0.938078,1.9397466,0.8723367,0.015188775,0.06720252
1.0211295,0.7975842,1.1104968,0.8266868,0.18330438,0.11428953
1.070768,0.80862236,1.2594361,0.69611156,0.012665208,0.1464524
1.3100971,0.5911772,1.6749318,0.80389786,0.25383636,0.121294305
1.4398843,0.4678779,1.4497807,0.6779015,0.015510406,0.16016498
1.3322879,0.93587315,1.3472724,0.6623648,0.004305344,0.16507858
1.3530821,0.5646796,1.3673568,0.6645446,0.022379607,0.17028329
1.0778145,0.81780005,1.0428767,0.8465679,0.20753528,0.10777325
0.9019404,0.944342,1.4153206,0.7470568,0.2355861,0.14739749
1.085113,0.7923729,1.2942183,0.7306701,0.2054877,0.15379804
1.2184879,0.8671411,1.2242565,0.70630693,0.014077301,0.14625476
1.5451155,0.5996275,1.5579388,0.73076797,0.065641984,0.13914414
1.5113276,0.802732,1.5351565,0.71393996,0.0109933065,0.14380267
1.4628955,0.7764911,1.4659398,0.6801466,0.009553417,0.1557181
1.3710289,0.51981103,1.3763847,0.66539687,0.01561753,0.16888396
1.5285723,0.6168804,1.553937,0.719104,0.0053243022,0.13693073
1.3318267,0.6033747,1.3449354,0.6582102,0.006151736,0.16828498
1.3421904,0.48487395,1.3518286,0.6473901,0.013272745,0.17290606
1.2229959,0.93955094,1.2349203,0.72746336,0.103531644,0.14614405
1.4913887,0.51495785,1.2428899,0.7661602,0.16263941,0.13434055
1.502688,0.8755303,1.4828291,0.74601173,0.08630292,0.1476906
1.6021572,0.6506106,1.6315277,0.7451433,0.006230794,0.12503403
1.8273513,0.7592738,1.8614411,0.84158695,0.009908409,0.08036553
1.5985742,0.6398843,1.635391,0.75185454,0.0073510786,0.12405621
1.111026,0.98224056,1.1964452,0.80423695,0.26873633,0.12763943
1.370899,0.5573176,1.1686519,0.80237776,0.3100767,0.13545728
1.3169957,0.5562796,1.2977862,0.70348877,0.16209061,0.17133535
1.346878,0.7207085,1.3864436,0.7429464,0.24803606,0.15353131
1.9326994,0.842273,1.9607127,0.88556576,0.018681737,0.06320356
1.5789561,0.8455721,1.6121306,0.7341738,0.008708275,0.13100801
1.4995465,0.9693352,1.5248992,0.7052251,0.0056035626,0.14203314
1.8541055,0.9133959,1.6100085,0.79124385,0.36605057,0.14088978
1.3513621,0.53812146,1.4930665,0.74759805,0.23637785,0.1417742
1.6766381,0.8534672,1.7084737,0.7765816,0.017203365,0.11441255
1.6641505,0.82181495,1.684921,0.7630789,0.01211463,0.11450734
1.3752508,0.8720488,1.3862069,0.6612377,0.011584712,0.16845672
1.6881744,0.61234915,1.7185535,0.7790003,0.0072392537,0.11061073
1.1990584,0.73708403,1.188355,0.73482394,0.060704146,0.13969494
1.4776639,0.58995754,1.5139136,0.69112766,0.018620215,0.15291432
1.8148439,0.94385076,1.840848,0.8470015,0.06982936,0.08469964
1.6508344,0.73354167,1.5188453,0.74330187,0.29196787,0.14476773
1.54061,0.7503321,1.5539904,0.71609867,0.010587625,0.14124434
1.5472497,0.6467802,1.5813031,0.7261092,0.030058194,0.13839939
1.6196587,0.6073782,1.6495936,0.7539377,0.008679672,0.12301146
1.940836,0.92109966,1.9861195,0.89457005,0.010853076,0.056421336
1.8687762,0.7931249,1.9002335,0.8519425,0.019762384,0.07829945
1.3606077,0.45310283,1.3259723,0.68363976,0.079289675,0.17152949
1.1091766,0.67749786,1.1039667,0.7732624,0.02878153,0.1186906
1.3483958,0.52759635,1.3501406,0.6592233,0.011948504,0.17066495
1.3173074,0.9606965,1.2993166,0.6864172,0.058984105,0.1718972
0.9739423,0.948334,1.3659184,0.6807692,0.09073666,0.17343473
1.8836266,0.8197022,1.9085872,0.8623495,0.017267648,0.07210227
1.1589427,0.77374727,1.0922325,0.7761102,0.032142524,0.116143234
1.005196,0.77765596,0.8976606,0.89292353,0.1511726,0.09066445
1.5463817,0.9922864,1.2689984,0.823885,0.44525406,0.1267721
1.5231587,0.7333034,1.5368707,0.7075392,0.0068462687,0.14059146
1.7235979,0.7649848,1.7458618,0.79089445,0.007901087,0.10408456
1.1760018,0.9497243,1.1679227,0.7309152,0.009790854,0.13013661
1.6481206,0.6787528,1.4981313,0.782544,0.33662266,0.13096698
1.6656415,0.86526644,1.6936724,0.76991606,0.0071202833,0.11278217
1.5557424,0.71414953,1.5760036,0.7187378,0.005151534,0.13736211
1.8032025,0.75949633,1.8301094,0.82634073,0.007481703,0.088462435
1.4606225,0.71142507,1.46943,0.6901218,0.005960026,0.15149543
1.2529584,0.6179326,1.288538,0.719004,0.17282353,0.15705667
1.3972199,0.4880647,1.2295346,0.75016916,0.1517446,0.14368755
1.5314305,0.9409753,1.5522859,0.71572286,0.0063050655,0.13877949
1.1017569,0.7660689,1.0990164,0.77055275,0.020796334,0.11716551
2.027821,0.9657087,2.1000073,0.9464072,0.023107976,0.035083808
1.4963021,0.9043366,1.5089283,0.69550467,0.009096093,0.15035741
2.082134,0.9327557,2.15331,0.96645623,0.033221673,0.03167662
1.3836018,0.68045926,1.3308079,0.7113749,0.1642981,0.16159281
1.3239648,0.80884963,1.3378267,0.66940117,0.0059142658,0.1604681
1.3394575,0.77710086,1.3538299,0.6579408,0.005110797,0.1666093
1.634974,0.5943848,1.6527417,0.7561113,0.009119691,0.122246884
1.4846985,0.5398298,1.5124269,0.69798934,0.038795084,0.15939376
1.0806386,0.7784158,1.0528249,0.7922297,0.031827904,0.108582824
1.668696,0.7078256,1.3998587,0.79705775,0.40673125,0.13428904
1.1453165,0.6300214,1.4341826,0.787797,0.49334797,0.15019275
1.571063,0.7336028,1.5842671,0.72293866,0.017390735,0.14077276
1.3424885,0.51097846,1.1761949,0.7596613,0.13117121,0.13722098
2.0464108,0.96506137,2.06033,0.9326993,0.016669536,0.042320546
1.5819576,0.7739406,1.4470978,0.72587436,0.2391308,0.1529534
1.9962996,0.89218,2.042491,0.9220069,0.017545747,0.04488617
1.3955941,0.46517622,1.4105468,0.6664364,0.0071184807,0.16611105
1.2256949,0.857424,1.2420366,0.69633234,0.0117234,0.14817953
1.3383116,0.6053004,1.3470826,0.66086394,0.03911437,0.17378834
1.0290341,0.8070711,1.1148425,0.8090261,0.09829775,0.11654386
1.4701233,0.86547756,1.4820094,0.6920472,0.0052165175,0.15006962
1.7195901,0.7653493,1.7458999,0.7938884,0.009005985,0.101430245
1.1280434,0.90859836,1.1307373,0.8183916,0.37512702,0.13386597
1.7424413,0.8408637,1.757422,0.80740935,0.027431732,0.099051155
1.1349013,0.71296257,1.2814777,0.80205065,0.3568577,0.13545248
1.3112018,0.4405099,1.335408,0.66572297,0.007553404,0.16309744
1.5230868,0.642413,1.5393875,0.7065149,0.0053626643,0.14315498
1.2472795,0.8467106,1.2631354,0.6817583,0.006465176,0.15463455
1.6955485,0.8024311,1.727196,0.78049356,0.0073010484,0.10728013
1.1819949,0.61795604,1.6114123,0.8109412,0.41432068,0.12907736
1.1157532,0.62490535,1.2300801,0.74816835,0.18510658,0.14353229
1.2786752,0.50157136,1.2809443,0.678293,0.028654393,0.15914789
1.2662429,0.51886785,1.2434542,0.72138405,0.06263192,0.14715289
1.1834998,0.6975791,1.1823869,0.72247165,0.009007958,0.13340554
1.6958131,0.8344065,1.7248812,0.78467137,0.01025079,0.109105736
1.2419499,0.5234398,1.2424576,0.6985476,0.013095316,0.14684272
1.9200693,0.8058927,1.3784637,0.8085109,0.5004342,0.13366431
1.4385962,0.87117875,1.438616,0.70195913,0.04039526,0.1540738
1.2080003,0.54059875,1.2157667,0.7037246,0.007169878,0.1420711
1.3937937,0.79845005,1.3875215,0.66386676,0.040909294,0.17062153
1.9404298,0.8976184,1.9786122,0.8891702,0.09963904,0.06585278
1.3190953,0.7195767,1.2713816,0.7024032,0.074535206,0.1633981
1.1243273,0.7167856,1.1657927,0.7842591,0.22970563,0.13737151
1.8589072,0.8302907,1.9013441,0.85617685,0.008515033,0.0708648
1.2842844,0.8224488,1.3056755,0.67532134,0.006163448,0.15763919
1.3734066,0.9239231,1.3625538,0.654514,0.014201478,0.17153165
1.6157556,0.8793543,1.6200402,0.7628157,0.06911208,0.123872876
1.7518904,0.9163233,1.8027768,0.8159223,0.017563634,0.09491265
1.7134677,0.9920543,1.7295818,0.78425264,0.007889865,0.10752958
1.3813254,0.44336826,1.3881056,0.66223466,0.012570568,0.16577348
1.6083103,0.844537,1.5007119,0.74936783,0.279626,0.15180199
1.3677509,0.9279479,1.3806374,0.6579705,0.014326513,0.17147546
1.3113254,0.42743072,1.3520644,0.7246622,0.15062423,0.15561113
1.4277467,0.75396,1.43786,0.68110335,0.03941796,0.16766553
1.02952,0.8743688,1.5248351,0.74579006,0.28585437,0.14770374
1.7008907,0.63422257,1.7376096,0.785477,0.007241342,0.10733311
0.96766937,0.87124383,1.2449696,0.770649,0.37664664,0.14921248
1.3635037,0.87823796,1.3745525,0.66027594,0.004593886,0.1671265
1.2982544,0.9801911,1.2511704,0.73260605,0.15441091,0.15238562
1.9674845,0.88665897,1.997148,0.9021942,0.015202309,0.052779
1.5495261,0.755828,1.4975245,0.7047976,0.13762763,0.15801387
1.371572,0.6467011,1.3331692,0.7234019,0.23230283,0.159047
1.7675233,0.7432401,1.8038025,0.8149647,0.006646786,0.092778645
1.6293818,0.62848324,1.6505888,0.754374,0.0077087595,0.120274514
1.4724302,0.49968642,1.4981453,0.6978308,0.03745367,0.15827005
1.6386595,0.7997184,1.6626117,0.7704496,0.048552755,0.12238435
1.5038408,0.881353,1.4863977,0.71145856,0.02311965,0.14376986
1.6840969,0.8453263,1.7262435,0.7926102,0.022944132,0.10659687
1.6311734,0.5752397,1.6688175,0.7593974,0.016460016,0.11986967
1.0299727,0.82643104,1.3540473,0.74208677,0.24477257,0.15301305
1.4221989,0.96833456,1.4382212,0.66506374,0.006999188,0.16474497
1.6410127,0.9372285,1.6748688,0.76032555,0.01008691,0.11751895
1.5198629,0.758571,1.5011141,0.72304547,0.05498457,0.14877446
1.5737187,0.55041695,1.6342242,0.7478296,0.025609057,0.127202
1.1112678,0.63297486,1.0565362,0.8224621,0.11766704,0.11290751
1.5825348,0.8553037,1.6033986,0.7329796,0.006382277,0.13170587
1.3812548,0.6049363,1.3921499,0.6721637,0.010194113,0.16412055
1.4705853,0.5958914,1.4176211,0.7771708,0.33267552,0.13981646
1.477501,0.5673979,1.4602625,0.73575985,0.19820638,0.1554703
1.1302145,0.92073584,1.1370794,0.752252,0.0648736,0.13084191
1.5735826,0.65842146,1.5905766,0.73141944,0.0057497984,0.13113984
1.1446245,0.5964977,1.1685126,0.76648754,0.16887936,0.13221954
1.152292,0.8183598,1.1255352,0.751078,0.0176806,0.12351895
1.6556779,0.720257,1.6866772,0.7650306,0.0071671195,0.11510317
1.2418407,0.62545717,1.1950676,0.7289557,0.0830444,0.14506216
1.5852355,0.71593654,1.600697,0.7302618,0.0062954975,0.1296138
1.4539016,0.58768386,1.4320171,0.716614,0.12797855,0.15222532
1.3808115,0.6184254,1.3962691,0.6635066,0.024664603,0.17395373
1.322336,0.7817758,1.3428104,0.6770115,0.075577125,0.17576687
2.0026133,0.9631669,2.03743,0.9165984,0.0122995395,0.04856971
1.2783959,0.75215197,1.2609336,0.7775459,0.2778289,0.14216167
1.418657,0.8811885,1.4361625,0.6625366,0.011176014,0.16769777
1.2566475,0.58934265,1.2773383,0.67518973,0.008967528,0.15961514
1.4267883,0.64822006,1.4346862,0.6862101,0.008532567,0.15712653
1.6704081,0.7362303,1.7080572,0.7793738,0.0076803584,0.11046054
1.6512556,0.635729,1.6773043,0.76670945,0.012385021,0.11593963
1.2500151,0.8116006,1.2508769,0.67670304,0.0114253275,0.15750536
1.3782576,0.4390802,1.3990932,0.6636609,0.005362677,0.16615748
1.5916157,0.8769133,1.5743272,0.7318882,0.10648617,0.14163654
1.6576729,0.7963087,1.6749592,0.7719877,0.033661794,0.118210696
1.2127118,0.6880379,1.1976681,0.7222337,0.04161014,0.1445618
1.1188595,0.61740345,1.187341,0.79226625,0.21441276,0.13079089
1.3679559,0.49918497,1.3894634,0.65420485,0.008003328,0.17055249
1.6671625,0.8235922,1.6845338,0.7628206,0.0060729133,0.11547786
0.9792525,0.95720327,1.0868773,0.8158089,0.17303602,0.1172636
1.589737,0.54995537,1.2841861,0.7603294,0.22896853,0.14413147
1.3881685,0.44430134,1.3911364,0.67328596,0.04217984,0.17192517
1.5982246,0.70586777,1.5138087,0.7593963,0.23521975,0.14096232
1.1872594,0.84665823,1.2160659,0.7571491,0.16618304,0.14036135
1.6178379,0.9766177,1.6494222,0.75978214,0.016524116,0.12008349
1.5529294,0.7544295,1.5458117,0.77485347,0.2561629,0.13492277
1.6862925,0.9786087,1.4439642,0.76390636,0.29810387,0.13890535
1.5221002,0.7664884,1.5405188,0.72633624,0.07582377,0.14564784
1.4472035,0.96130466,1.4717987,0.68207556,0.015252199,0.15975897
1.1994818,0.90122455,1.2112484,0.70171845,0.008061141,0.14285262
1.869553,0.7595093,1.8700132,0.8778023,0.31271344,0.099061236
1.071867,0.71367794,1.3237348,0.7736397,0.28186408,0.14341186
1.4197876,0.98384213,1.4349053,0.6759215,0.011142907,0.16376817
1.3585488,0.7075469,1.35797,0.6554075,0.02127804,0.172824
1.3692677,0.60203,1.371016,0.6727755,0.03404452,0.16908938
1.1729631,0.75447106,1.3699968,0.8292575,0.54599977,0.12473585
1.3545251,0.81425524,1.3099926,0.69457275,0.06794078,0.16601633
1.35668,0.6941568,1.3555138,0.6600495,0.018231612,0.17443985
1.6928865,0.6854833,1.7184105,0.7767689,0.006080418,0.10854788
0.9737384,0.8492842,1.4659998,0.7014351,0.045351673,0.1580932
1.6685174,0.65416914,1.7019401,0.7723549,0.006270201,0.112876855
1.5288299,0.6392346,1.5333879,0.70100224,0.008085493,0.14572985
2.0444534,0.9885512,2.0928986,0.9492855,0.013663798,0.037660465
1.3408022,0.8792189,1.3159692,0.67221606,0.034859795,0.17259835
1.2652466,0.81150293,1.430896,0.74656975,0.22445858,0.14676844
1.3492873,0.86641264,1.3508296,0.655585,0.023882544,0.1782445
1.3685825,0.91803896,1.3901424,0.66901827,0.022699228,0.17738442
1.5071671,0.8382091,1.5219543,0.70613235,0.0056933793,0.14260855
1.6375438,0.62770295,1.6673336,0.7566509,0.0058462024,0.11807942
1.828663,0.85160506,1.8796711,0.84590405,0.022969862,0.08237128
1.2003517,0.6711383,1.2031178,0.7027035,0.00929692,0.1439339
1.2734432,0.918699,1.2814941,0.6763958,0.014333174,0.16275759
1.7898558,0.8410631,1.8263249,0.8490806,0.07579041,0.08360353
1.9820025,0.8745307,1.698746,0.8233068,0.40506732,0.13660342
1.3492798,0.4320466,1.2112443,0.7509944,0.18082632,0.14238651
1.7592332,0.78360134,1.7885151,0.8087581,0.01773896,0.09907654
1.1940827,0.59589064,1.2081966,0.71603173,0.0073005613,0.1352891
1.5868669,0.7707649,1.5970693,0.732105,0.0060444777,0.13197744
1.3949455,0.8920822,1.4077735,0.6689522,0.008944971,0.1657722
1.3952041,0.6908517,1.4017754,0.6674517,0.019985486,0.16833764
1.3432999,0.7067017,1.232321,0.7133202,0.083370596,0.15006134
1.0979431,0.7934089,1.0884583,0.74689424,0.012011387,0.12351027
1.4712613,0.858288,1.4815273,0.68669665,0.0052829725,0.15056138
1.7502114,0.8032245,1.771837,0.8011657,0.00695717,0.09892734
1.3403798,0.45935005,1.5996125,0.81341904,0.5349891,0.13814533
1.2354578,0.87374026,1.2191265,0.70725477,0.049275737,0.15033975
1.4347792,0.97349334,1.4337862,0.6796156,0.021162506,0.1659511
1.7981524,0.7177673,1.5934148,0.79251474,0.37479725,0.13216482
0.99247,0.93659455,0.9609929,0.88293207,0.17537856,0.0979936
1.2897084,0.8411006,1.2915835,0.6711535,0.0065219216,0.16087943
1.0481557,0.9386924,1.137917,0.81289417,0.21988855,0.122374356
2.0849457,0.9924965,2.1212068,0.9591717,0.040792912,0.03159604
1.1502557,0.774991,1.1392343,0.75272256,0.031204026,0.12407709
1.7071362,0.7772372,1.7389863,0.7897695,0.0062286397,0.10361317
1.2731119,0.7372678,1.2392204,0.7199757,0.06275725,0.14913009
1.0811952,0.9348836,1.2057877,0.77619314,0.22379929,0.1352088
1.7729431,0.73010844,1.8073885,0.81482357,0.010086251,0.09537459
1.2097293,0.5878864,1.1959677,0.75691557,0.13631885,0.14095029
1.4971998,0.7828377,1.4339273,0.70819426,0.1468598,0.16411336
1.2294534,0.5787232,1.224777,0.71601135,0.017181758,0.13825563
1.9742866,0.99336827,2.035741,0.92483824,0.02552021,0.0460657
1.6693708,0.7091214,1.6936672,0.7658968,0.006746879,0.113521956
1.8793187,0.88731945,1.9053729,0.86307305,0.029945036,0.07513292
1.4633492,0.99770784,1.4777639,0.6856153,0.012943954,0.15690075
1.988199,0.8996752,2.002303,0.90370435,0.016080787,0.05550512
1.122832,0.6086289,1.1331649,0.7599747,0.05418863,0.12564494
1.834258,0.74927115,1.6631637,0.85175586,0.5061296,0.115644775
1.2216676,0.4958292,1.2354176,0.69052863,0.016907735,0.15301315
1.3949214,0.74758613,1.1195874,0.85123456,0.36889222,0.11795373
2.0501025,0.95906454,2.0441382,0.9327362,0.282795,0.06451285
1.2466344,0.55692774,1.2491217,0.6753514,0.009311373,0.15732187
1.516892,0.6824312,1.5386889,0.7089709,0.0052740294,0.14037995
1.3281157,0.41405112,1.3467908,0.6618587,0.0058845184,0.16544476
1.4899015,0.72724354,1.287101,0.7078583,0.1698676,0.16271748
1.5765748,0.8015018,1.6018643,0.73419726,0.006914257,0.12969963
1.5159959,0.721014,1.5378671,0.7136497,0.006685472,0.13914324
1.4968288,0.7942694,1.517488,0.704555,0.005898351,0.14116257
1.5950093,0.85134566,1.4205766,0.74927413,0.30929363,0.14645985
1.2584323,0.59056,1.4413323,0.7150383,0.11125224,0.15701048
1.7415977,0.98044485,1.7780731,0.81120896,0.028019605,0.09567974
2.028125,0.89786106,2.086007,0.9493312,0.015828958,0.037527233
1.1227127,0.7124699,1.0434551,0.81057984,0.08436451,0.11181572
1.1554276,0.678878,1.1563277,0.7389977,0.008370227,0.1273551
1.329081,0.6739396,1.1640723,0.79199165,0.19033094,0.13110782
0.95921123,0.9530149,1.2420697,0.77279836,0.34654507,0.14161196
1.9568764,0.89891285,2.0089846,0.91054845,0.056286383,0.057478067
1.439701,0.5151608,1.2517068,0.78441226,0.34521848,0.13979247
1.2890795,0.9910736,1.1863506,0.7681289,0.1690102,0.1361461
1.7496395,0.66869605,1.778471,0.811322,0.025987325,0.09784276
1.2841196,0.9486153,1.2836597,0.6715277,0.019541608,0.16253236
1.7100248,0.69966745,1.7392275,0.78777593,0.0064951046,0.10529716
1.4840313,0.62138414,1.3038175,0.75547373,0.28160867,0.15117133
1.2633262,0.8337847,1.3478909,0.7863594,0.31133294,0.14706077
1.7223753,0.7838708,1.7315667,0.78431356,0.0075174235,0.1078995
1.2402819,0.7002581,1.2862651,0.7430397,0.27027112,0.15207195
1.2959446,0.97794086,1.2705357,0.67887205,0.030518653,0.1606131
1.0114615,0.74037224,0.98330367,0.87135774,0.09949681,0.08895076
1.2445831,0.53107196,1.237942,0.74369156,0.17821984,0.14567178
2.0657547,0.973315,2.0955107,0.9492634,0.015993353,0.0343053
1.6864109,0.94680375,1.702987,0.77441764,0.008714211,0.11238982
1.8809093,0.8626783,1.9119115,0.86241764,0.0130321495,0.06923961
1.5206721,0.7839585,1.5468259,0.7111972,0.011710148,0.14282739
1.1741616,0.75444937,1.1300399,0.7594942,0.044864975,0.1258354
1.9209719,0.902,1.9626887,0.8864601,0.011201365,0.059557684
1.4012356,0.9268253,1.428839,0.67246944,0.019559344,0.16663659
1.3586079,0.7077505,1.2964449,0.72486866,0.18142915,0.15814209
1.7634588,0.96452457,1.7909603,0.81448585,0.010097343,0.09323532
1.355302,0.43715343,1.3764405,0.65767634,0.0053394297,0.16737601
1.223236,0.6660439,1.1863339,0.7755821,0.20715794,0.13735254
1.1771998,0.90699536,1.1750052,0.82969314,0.39180323,0.12163829
1.1282725,0.9424795,1.1363432,0.7430925,0.010201796,0.12599365
2.0047686,0.96683156,2.0397606,0.9219779,0.015686357,0.047013436
1.1589358,0.6575194,1.169385,0.7265832,0.022744339,0.13473831
2.0042236,0.98149425,2.0414433,0.92569584,0.015508306,0.043090668
1.4701712,0.82877606,1.4766874,0.68566424,0.01866419,0.15636908
1.206736,0.9438069,1.2043526,0.7063153,0.013407254,0.14164478
1.6767589,0.667364,1.7002175,0.7740555,0.01029003,0.10593607
1.9869479,0.9433596,2.0175614,0.9127324,0.009932722,0.051196557
1.3596171,0.92603564,1.3653114,0.6587907,0.004422352,0.16744825
1.9435897,0.96253645,1.9397483,0.88454473,0.06843632,0.07132621
1.5351088,0.5547119,1.5707822,0.72485244,0.005335775,0.13411078
1.488787,0.62609935,1.5073664,0.6962351,0.007112716,0.1487442
1.4279994,0.5882483,1.4926779,0.7906898,0.41993877,0.13201876
1.6725454,0.66630214,1.6980801,0.7647778,0.006849217,0.117175646
1.9401132,0.93846124,1.9799547,0.89517504,0.009488372,0.05589006
1.1360615,0.65016633,1.4647119,0.7413942,0.21216659,0.14618734
1.795481,0.9286613,1.8175125,0.8296405,0.0358867,0.08906727
1.9697639,0.9331782,2.0505276,0.9298285,0.024126114,0.04554963
1.4839917,0.7700859,1.2171876,0.75266397,0.19953483,0.1440328
1.2925001,0.6580023,1.3067791,0.6707038,0.0061113015,0.16015612
1.7603546,0.6956127,1.775852,0.81392556,0.058572013,0.10369886
1.7311571,0.94361997,1.7720008,0.7986763,0.0077124913,0.10031621
1.5561414,0.920933,1.5778506,0.7266635,0.0052885246,0.13149522
1.5005898,0.63180774,1.5226703,0.7012495,0.0050274734,0.14436086
1.3932923,0.73190993,1.4034355,0.6639023,0.0068604057,0.16506581
1.5581182,0.83284265,1.5856421,0.72744006,0.005433478,0.13323437
1.1155752,0.9252089,1.3960316,0.7594516,0.31822708,0.15897623
1.4643934,0.8099267,1.4867444,0.68402004,0.012198012,0.1573766
1.6154312,0.92687494,1.6467099,0.7549206,0.016325751,0.124821365
1.4564261,0.48167282,1.4357753,0.68661183,0.05483721,0.1700462
1.1284297,0.61474854,1.2755749,0.7868972,0.26971182,0.13146548
0.9927427,0.83568907,1.0171399,0.8505786,0.1845408,0.10914657
1.288585,0.7424431,1.2946844,0.6664134,0.061053008,0.17410108
1.2482951,0.94706446,1.2617638,0.6749718,0.013287041,0.15792377
1.664925,0.662129,1.684015,0.7648022,0.0063904044,0.11619267
1.6446248,0.6166178,1.6733122,0.76355916,0.005800539,0.11653995
1.7419854,0.6851596,1.7961841,0.8166258,0.009271735,0.09169575
1.3449917,0.4118744,1.2092333,0.7428246,0.112040095,0.14312308
1.0031947,0.94714886,1.2207801,0.7601048,0.13845505,0.1376205
1.1421533,0.9210149,1.191689,0.7408416,0.113631435,0.13538063
1.1429518,0.69936,1.1079357,0.7584418,0.05014065,0.12544519
1.8551873,0.86813647,1.9074237,0.86082,0.015309508,0.071170375
1.7045665,0.7356226,1.3986111,0.72586787,0.25279522,0.15883847
1.451814,0.6174989,1.4421451,0.6924406,0.07346728,0.16100678
1.6036856,0.7796589,1.6317577,0.7458996,0.0060464144,0.123309374
1.4638923,0.7408489,1.4829893,0.69776726,0.021470256,0.1538386
1.6509031,0.90376115,1.6789062,0.76303345,0.007336966,0.118277825
1.1877124,0.67978317,1.2908866,0.8107514,0.50046647,0.13430047
1.5597255,0.7116987,1.5169549,0.7627373,0.1321228,0.13501483
0.97182995,0.9284314,0.97686565,0.88234836,0.10479698,0.09567647
1.4507784,0.6542657,1.465277,0.68321615,0.006804682,0.15234515
1.4698161,0.88992345,1.3615603,0.72018826,0.1654597,0.15637152
1.1188905,0.8770085,1.0864953,0.76013374,0.019217202,0.118056834
1.2453476,0.9527987,1.2516928,0.6952439,0.023800775,0.1530037
1.7735655,0.72710544,1.838434,0.8321667,0.014334438,0.08771369
1.7317057,0.72801447,1.7412934,0.7846824,0.0076388177,0.10620661
1.2132025,0.8852067,1.4334302,0.7779366,0.37535354,0.15354563
2.0058045,0.85668284,2.0378056,0.9233714,0.0145886885,0.043919675
1.1467614,0.67116463,1.1229293,0.7544088,0.04022822,0.124546506
1.3259771,0.8070137,1.3449011,0.65708184,0.023476694,0.17474505
1.2656469,0.89992684,1.2783208,0.7627295,0.25752342,0.15188783
1.7326418,0.9717372,1.7556884,0.8019275,0.02784156,0.10258376
1.2956464,0.96173626,1.2912338,0.6765702,0.015894411,0.16112596
1.894271,0.91686046,1.5842946,0.8038669,0.39519605,0.12590562
1.7740502,0.85281897,1.7917109,0.8117967,0.0068283733,0.09426415
1.2617991,0.4847986,1.2664545,0.67862546,0.033882286,0.15998322
1.7165703,0.8549451,1.7466273,0.7899709,0.0065691653,0.10338353
1.3952127,0.57922715,1.4088981,0.66706437,0.010566308,0.16627784
1.124426,0.78696054,1.4875505,0.84832984,0.5428249,0.10977197
1.2857705,0.47087786,1.3061953,0.66515785,0.006716741,0.16399091
1.5745554,0.53511167,1.6106074,0.73930913,0.0059767393,0.1289504
1.4395224,0.53415644,1.4459095,0.6719474,0.028550155,0.16611822
2.0311725,0.9004569,2.0976067,0.9560483,0.018078038,0.03657778
1.5629995,0.6280046,1.587877,0.73697966,0.033942748,0.13596565
1.4803377,0.6111727,1.4939964,0.6982855,0.010269953,0.1504644
1.1642854,0.9168781,1.1160443,0.76439667,0.04744115,0.12267357
1.1497619,0.93896145,1.2540097,0.7335928,0.21827783,0.15400867
1.2301115,0.57588357,1.248759,0.7015129,0.042692848,0.15232947
1.6043603,0.771302,1.6268225,0.7423941,0.010504675,0.1279338
1.4177448,0.7873927,1.43168,0.67924935,0.009244027,0.1593269
1.3613365,0.74860865,1.3733585,0.65823334,0.008723839,0.16893092
1.5674249,0.92774045,1.2778811,0.77085596,0.23729791,0.13843209
1.4547048,0.46920055,1.4700563,0.6715148,0.0068336795,0.15622161
1.8202611,0.7365407,1.8664548,0.8490284,0.052867286,0.085304014
1.7594557,0.7831373,1.7969103,0.8092341,0.008513011,0.095033064
2.1303678,0.99517095,2.1431413,0.97020406,0.021586467,0.03017823
1.8925494,0.89507407,1.9306793,0.8693009,0.013111379,0.06816301
1.3517425,0.4992053,1.398345,0.69716895,0.1455445,0.17187575
1.8552316,0.818023,1.4141138,0.7828178,0.4286386,0.14296545
1.2964779,0.7204122,1.3020463,0.70644903,0.19251731,0.17031984
1.0370806,0.7550212,1.057415,0.84944195,0.19500321,0.10998104
1.1088271,0.8111941,1.0781085,0.78967285,0.042357095,0.113904245
1.3453635,0.72311556,1.3084638,0.7295685,0.22317931,0.1610462
1.538681,0.7793503,1.5426354,0.7265748,0.020131018,0.14559363
1.3002748,0.7637172,1.3974793,0.7483186,0.25955483,0.15356767
1.3826263,0.4891788,1.4469402,0.7282657,0.12922794,0.15481551
1.4553216,0.6783868,1.2579801,0.7651006,0.24718939,0.1439893
1.3527565,0.7752435,1.4137304,0.7123084,0.16820534,0.15906407
1.273494,0.76711136,1.2852445,0.671328,0.0074621574,0.15796117
1.5729698,0.7255912,1.5942047,0.7352015,0.00857567,0.13119897
1.0586194,0.770912,1.1963737,0.7984981,0.27664015,0.12762709
1.0195663,0.8176463,1.4982088,0.7483553,0.4682371,0.18003222
1.5013243,0.7698541,1.5228026,0.7009456,0.019593311,0.15148425
1.4586796,0.5407973,1.4743731,0.68533236,0.022524614,0.15887178
0.9147519,0.9968859,1.2667458,0.8210842,0.5023699,0.13771033
1.4509957,0.6535026,1.462919,0.6871851,0.0069041103,0.1546042
1.1772652,0.8952228,1.1714897,0.72758645,0.013895975,0.13282607
1.4896517,0.6697939,1.5064373,0.70732546,0.01095256,0.14759333
1.358627,0.656118,1.3704712,0.6620499,0.005491897,0.16487083
2.0157528,0.92652774,1.493263,0.8073719,0.53348583,0.13254642
1.7470922,0.7049655,1.7722521,0.80454,0.006632381,0.09735203
1.9065409,0.8631003,1.9597473,0.888484,0.08054359,0.06837405
1.227203,0.91252434,1.3542049,0.7305186,0.17048353,0.1494617
1.0232855,0.78173256,1.2596228,0.7846973,0.27133584,0.13244595
1.4852399,0.65495855,1.5025256,0.69228595,0.00728829,0.15031101
1.0656812,0.90722233,1.0638397,0.8210493,0.16067186,0.117416
1.1677568,0.8598427,1.134347,0.7620561,0.061893985,0.12780324
1.4665194,0.5954666,1.4845247,0.691028,0.0060266634,0.15059836
1.3147202,0.42354223,1.3230405,0.6622342,0.025178904,0.17162082
1.4341918,0.6101857,1.4550459,0.67726666,0.0056588654,0.15602723
1.6753658,0.87058413,1.4989119,0.80284065,0.25069392,0.12593378
1.7641586,0.87019056,1.7806869,0.80510134,0.01012308,0.09765728
1.4064646,0.4597082,1.4366131,0.6875,0.020584617,0.1631975
1.534334,0.65960914,1.5543888,0.70948327,0.0060622892,0.14221278
1.5786812,0.8697259,1.5345547,0.7355079,0.24127506,0.14851153
1.4304894,0.54597604,1.4637976,0.66906905,0.008314875,0.16419595
1.642521,0.7675579,1.6638227,0.7548076,0.0062955185,0.11974497
1.0475842,0.6872365,1.1375458,0.79434675,0.22505292,0.1282029
1.3030477,0.6788985,1.3202598,0.6637329,0.007600248,0.1642452
1.1731393,0.711177,1.1845009,0.7622864,0.18253912,0.13719594
1.7193834,0.70782655,1.7537141,0.7951723,0.0072314013,0.1025571
1.2280428,0.6020676,1.2357767,0.6958473,0.0077211014,0.14730246
1.3735914,0.738389,1.3598449,0.6550586,0.013999764,0.16938166
1.3695748,0.43884414,1.3927937,0.6645075,0.010098426,0.1675907
1.5340631,0.6408087,1.5564072,0.7166188,0.0060254536,0.13813859
1.1778541,0.78633463,1.1999409,0.7464383,0.16968556,0.1432558
1.9035683,0.97105557,1.9422712,0.87884563,0.010280903,0.066485554
1.925539,0.791324,1.9734249,0.88918954,0.011040689,0.056980256
1.2548137,0.736983,1.258297,0.6755788,0.019837968,0.16037104
1.6365116,0.75781685,1.651264,0.7403773,0.01753828,0.12803304
1.9787068,0.914868,2.0520744,0.9169211,0.036243156,0.046097998
1.6742193,0.7458545,1.6831381,0.76276374,0.0072595095,0.11714368
1.6198068,0.59542257,1.6431,0.7518573,0.0069055813,0.121222265
1.2780269,0.67919976,1.2896872,0.67191875,0.0061955093,0.1609397
1.6452872,0.8431535,1.6605535,0.75087637,0.0059277527,0.11859162
1.470178,0.8429654,1.4604023,0.8003982,0.85203886,0.14741291
1.4580451,0.93315405,1.4764521,0.69471574,0.005143648,0.14865983
1.1046377,0.65198815,1.0944409,0.79854053,0.18156081,0.12600172
1.240343,0.9564229,1.0608279,0.8015985,0.106616564,0.11900235
1.7469573,0.8093666,1.7883258,0.8101607,0.01055387,0.09733036
1.8722179,0.86197263,1.9372478,0.86911577,0.022824463,0.0720333
1.9131209,0.91991246,1.4799294,0.78881115,0.42216527,0.14344873
1.7046361,0.70976865,1.7372472,0.7799866,0.0069890963,0.109452635
1.7352104,0.9082302,1.7876873,0.8112275,0.036809236,0.09948896
1.8202354,0.9981483,1.8583074,0.8515316,0.06348741,0.08681281
1.1827114,0.89559436,1.2733827,0.7123408,0.08288125,0.15131609
1.580886,0.8918879,1.5824883,0.74490035,0.038397193,0.13433678
1.7757477,0.9172064,1.8031642,0.8214095,0.06532268,0.10346185
1.5359801,0.6335359,1.5608661,0.7136995,0.007930978,0.1411385
1.4445524,0.6306599,1.4470532,0.67321074,0.009789682,0.16081074
1.8267347,0.7824757,1.8557615,0.84218735,0.01457609,0.08047542
1.4972572,0.8873714,1.4365292,0.7176721,0.16463003,0.15557414
1.2167062,0.759538,1.1847978,0.73247766,0.032610584,0.13594957
1.3014213,0.47859412,1.3196743,0.6729977,0.012228504,0.1617185
1.5322406,0.66349024,1.5505424,0.71122646,0.006318169,0.13902609
1.6521484,0.7748751,1.6900642,0.7722903,0.036271915,0.12560569
2.1085317,0.9563339,1.9178696,0.90326816,0.18578829,0.07263101
1.5723922,0.7318761,1.4378276,0.7705071,0.30157524,0.14644982
2.0308816,0.9937248,2.0982468,0.95446,0.0667949,0.03830034
1.0170292,0.8356572,1.0245143,0.86196923,0.2344446,0.11064487
2.0545995,0.921257,2.099443,0.9545869,0.021144219,0.03354402
1.7375646,0.69203687,1.7658479,0.8001334,0.006622373,0.09955165
1.2732238,0.47145084,1.2908978,0.65792036,0.03153481,0.16798562
1.1143072,0.87143564,1.0897415,0.78315175,0.02269163,0.111365
1.5992223,0.6088071,1.6215334,0.7420644,0.0059183845,0.12646309
1.304547,0.6481213,1.315469,0.65846,0.017522926,0.17035165
1.9453934,0.9621919,1.7283194,0.90442467,0.71151125,0.08655234
1.9687122,0.9131211,1.9940321,0.89916795,0.01933427,0.056643035
1.1964068,0.57352304,1.1926494,0.7223356,0.01964698,0.13754892
1.6820371,0.8929513,1.7400181,0.79348713,0.01910875,0.101108216
1.4199604,0.69162786,1.4411294,0.6719323,0.0073512117,0.16131511
1.6113529,0.6895877,1.6383283,0.74705344,0.005987436,0.12234662
1.5455571,0.856507,1.5585105,0.7160963,0.007244288,0.14000855
0.9004785,0.9521841,1.0600994,0.8167259,0.2239798,0.12402003
1.3713418,0.6181919,1.383209,0.6614498,0.0065175756,0.1664407
1.1398617,0.8544032,1.1450098,0.7462542,0.0168172,0.123939075
1.9179995,0.98240685,1.9550536,0.8861587,0.009189234,0.0638521
1.354332,0.53977865,1.3803155,0.6506176,0.0058012884,0.16984224
1.4813682,0.49831116,1.4339838,0.7028986,0.096344605,0.16039453
1.2148522,0.5387483,1.2307098,0.69845426,0.0073011843,0.14537328
1.8123468,0.82962304,1.4880128,0.7910136,0.39196703,0.1397109
1.836087,0.8809396,1.8402624,0.83996826,0.029610649,0.086633004
1.6764501,0.9616419,1.6724687,0.7873679,0.057599463,0.11688358
1.1475362,0.7633433,1.3805919,0.7854731,0.22412047,0.1476857
1.2213647,0.96512914,1.364111,0.7486354,0.26154864,0.15224558
1.4958214,0.97034585,1.5160491,0.7008474,0.00646681,0.1451749
1.6478915,0.72837436,1.6731026,0.75910795,0.0060861697,0.11782704
1.661521,0.5942527,1.6998734,0.7740722,0.04580725,0.12515572
1.6388811,0.6819463,1.6714635,0.76138735,0.007558084,0.11816967
1.0385674,0.70009434,1.1932669,0.80124146,0.32119653,0.1358872
1.9614841,0.85914046,1.3969162,0.799493,0.37098977,0.13489677
1.4797713,0.598793,1.493027,0.6921718,0.0061719855,0.14811958
1.6851504,0.8145314,1.7346802,0.7813693,0.024674552,0.10774268
1.562944,0.57502526,1.5650718,0.7302656,0.04462555,0.14282715
1.4880803,0.95371634,1.668524,0.82029337,0.42928243,0.12675865
1.3670549,0.814732,1.3778393,0.66246974,0.004910503,0.16436382
2.0090258,0.86857635,2.0702264,0.9320319,0.022856716,0.041678414
1.4596894,0.4736725,1.486054,0.69323754,0.0047040028,0.14899285
1.4041338,0.5605311,1.2687666,0.7712815,0.37759635,0.15164734
1.2967303,0.78134423,1.3068936,0.66636896,0.010308784,0.16311784
1.602221,0.66056865,1.4962833,0.78330016,0.09925236,0.1215647
1.1634973,0.56284267,1.1644366,0.81743556,0.30760938,0.13120852
1.5749707,0.7773149,1.5923121,0.7424832,0.046223626,0.1327578
1.1579539,0.6750963,1.1278294,0.76568633,0.05813301,0.12645938
1.6843368,0.6795097,1.702688,0.7680752,0.007180525,0.112465516
1.4637283,0.60463536,1.4465799,0.7035632,0.09189282,0.15927096
1.2492418,0.95834213,1.2432215,0.7222713,0.116652094,0.15566906
1.3109934,0.47741055,1.3031554,0.72910154,0.14501294,0.15426926
1.1179701,0.7811616,1.5820098,0.80709153,0.49940604,0.12406356
1.6617985,0.88125616,1.6533563,0.77004147,0.061901953,0.12432498
2.0257292,0.9170198,2.0735025,0.93686205,0.015219742,0.037793547
1.9280295,0.9832305,1.979207,0.89762694,0.010205255,0.059459887
1.4895738,0.57560885,1.5030961,0.69402844,0.007125925,0.14847738
1.872561,0.7524563,1.9239275,0.87604815,0.12238481,0.07891714
1.9117733,0.83354187,1.9335179,0.86925393,0.016580297,0.06812078
1.2965307,0.7738537,1.2412722,0.7193076,0.090894066,0.15316254
1.1147584,0.9638204,1.3203232,0.7724324,0.28702733,0.1383052
1.1316774,0.8852726,1.0725193,0.7936136,0.06928212,0.11461846
1.3247634,0.5346139,1.8050895,0.86318815,0.6311496,0.11968594
1.4867787,0.9539721,1.4529612,0.72880715,0.09972688,0.15276772
1.4231147,0.521017,1.4392579,0.6796261,0.03651404,0.16706863
1.1151558,0.6844437,1.0514536,0.81314,0.08422825,0.11176813
1.4186112,0.521497,1.4180965,0.6730226,0.037093196,0.16954075
1.4221597,0.81571645,1.4331443,0.67981887,0.019145377,0.16249165
1.0940965,0.8811132,1.2749727,0.778575,0.2983114,0.1337567
1.1081886,0.7021479,1.0183498,0.8480975,0.096119925,0.100499086
1.8035231,0.7672079,1.8309999,0.8204822,0.009123928,0.09010276
1.2868952,0.7084767,1.277014,0.6838056,0.027928196,0.15622687
2.0195796,0.86815894,1.6952538,0.8348598,0.5844531,0.11267984
1.6475594,0.6302163,1.6862872,0.7679908,0.0062939995,0.11548672
1.6842396,0.7282635,1.70995,0.7705664,0.005665934,0.11266895
1.6932322,0.93371284,1.6815622,0.7956683,0.070230044,0.11161606
1.902092,0.94302344,1.9183693,0.8778152,0.034534197,0.06705989
1.4253383,0.8716742,1.4335496,0.67210674,0.008725296,0.1613242
1.4312541,0.7081909,1.4414897,0.6757659,0.0047393437,0.15765256
1.5884545,0.693472,1.6044521,0.7319424,0.008717219,0.13256711
1.6935146,0.7683828,1.7068923,0.7736202,0.013598598,0.1136408
1.0425359,0.714132,1.1110889,0.82382387,0.11128135,0.10748973
1.7015942,0.6759416,1.7308464,0.77871716,0.0060472335,0.10484096
1.2360206,0.49695623,1.256428,0.7026311,0.08131854,0.15885614
1.4730569,0.54142016,1.4778559,0.7038255,0.026015894,0.15405677
2.0107734,0.89186215,2.0331328,0.9518606,0.3423327,0.05500105
1.871294,0.85739696,1.9070494,0.86207366,0.009539169,0.073338814
1.6916615,0.72387993,1.5870557,0.7684423,0.27869242,0.14003299
1.8426077,0.93732303,1.8731196,0.84441227,0.007832127,0.07935572
1.3470459,0.7012597,1.4634273,0.72064686,0.30561686,0.16033341
1.565525,0.99543595,1.5801542,0.72515607,0.0070650023,0.1320245
1.816599,0.78694206,1.8376586,0.82532924,0.007697685,0.08742025
1.8775485,0.94106954,1.9101295,0.8609387,0.009844776,0.0738354
1.7794014,0.74252707,1.813494,0.8169057,0.0068179397,0.09290743
1.5937991,0.7053629,1.6160035,0.73766226,0.0055090347,0.12755485
1.212357,0.55100626,1.1813314,0.74001825,0.07105453,0.13978748
1.3287611,0.6010182,1.3035247,0.7300477,0.17772676,0.15259923
1.6804067,0.62046415,1.4630096,0.7836546,0.39612207,0.14122698
1.6876493,0.78317475,1.4214811,0.7661383,0.3877398,0.14447935
1.0478694,0.78858423,1.1321969,0.80432606,0.1437207,0.119127415
1.332705,0.68947667,1.3938696,0.7395433,0.2797822,0.15655702
1.2848549,0.48219743,1.4127426,0.7448026,0.40069288,0.1590658
1.5379189,0.9777199,1.5624702,0.7197635,0.005683311,0.1365126
1.3403841,0.87983555,1.3515179,0.67356706,0.05676377,0.17567256
1.5448545,0.7232188,1.574055,0.7188639,0.011799904,0.13736102
1.4541409,0.59607863,1.4646113,0.6839048,0.018045695,0.16010384
1.2645541,0.9869114,1.3006747,0.72728634,0.14741577,0.15520163
1.7956895,0.903848,1.2683465,0.81175977,0.3791529,0.1261855
1.9515463,0.84247446,1.9921,0.90121156,0.009697961,0.05612396
1.723153,0.74255204,1.7559338,0.7956546,0.006535279,0.10269357
1.147516,0.66040576,1.0844462,0.7908733,0.024952803,0.10903491
1.0741947,0.9908312,1.1953506,0.7588823,0.1811371,0.1388227
1.5092379,0.9229811,1.5208828,0.70638514,0.007582598,0.14410685
2.0642686,0.9265285,2.1249273,0.96313983,0.021975342,0.031274606
1.740005,0.9659051,1.7881763,0.8036862,0.006853997,0.099794395
1.775096,0.9841666,1.87118,0.8551732,0.06919881,0.08412982
1.5536444,0.70128214,1.5803404,0.7201315,0.010289878,0.13778777
1.1398259,0.8564733,1.1193576,0.75556564,0.03276341,0.12435152
1.5406001,0.8900581,1.5583308,0.7138516,0.00637134,0.13985817
1.6356467,0.90247566,1.6444566,0.77933097,0.09606839,0.12388267
1.3297536,0.45565256,1.3440995,0.64873964,0.0210203,0.17905523
1.6724861,0.8148958,1.6233871,0.7970189,0.16965693,0.11563456
1.3078007,0.7290837,1.3164325,0.6637677,0.005213916,0.1632164
1.3932066,0.9246766,1.4053528,0.65687174,0.010535278,0.16883159
1.4996259,0.52345186,1.5166564,0.69394875,0.007995451,0.14765824
2.060023,0.9502546,2.0853934,0.94239265,0.013497248,0.04001781
1.1147864,0.6047588,1.2448242,0.82806665,0.44356358,0.12514502
1.9761372,0.9758477,1.7384734,0.8180694,0.30548003,0.11909837
1.5331744,0.8707427,1.4861364,0.7385988,0.15058963,0.14855786
1.3014536,0.6580039,1.3110154,0.66350096,0.01872567,0.167785
1.1915914,0.53725636,1.1071372,0.7849784,0.11700077,0.12537666
1.5944312,0.8254636,1.6083949,0.75320613,0.102585,0.13706693
2.0388718,0.8808759,2.1180177,0.95636755,0.037715483,0.036202013
1.3577642,0.5263107,1.3721504,0.6513416,0.005780022,0.17150626
1.163122,0.74563044,1.2440982,0.73959804,0.14182028,0.14644118
1.358464,0.88852686,1.3327343,0.6946937,0.048903108,0.15956266
2.1169782,0.9782779,1.8258252,0.92400783,0.7120565,0.08749308
1.3189143,0.70787704,1.4723337,0.7508816,0.27925146,0.15131359
1.6118448,0.5868953,1.6496983,0.7615,0.049615014,0.12422648
2.0427861,0.94038296,1.466938,0.8048825,0.5656096,0.13858128
1.167193,0.8695638,1.07623,0.7892071,0.07313649,0.118430294
1.7669706,0.79620177,1.5388281,0.760144,0.28195715,0.1421033
1.3154545,0.871874,1.2708399,0.7353022,0.19313303,0.16155958
1.8255535,0.75950617,1.8637815,0.84255403,0.013583085,0.07983234
1.5139102,0.8811515,1.4671354,0.6818663,0.052014813,0.1690642
1.7541258,0.6663754,1.3885882,0.7953852,0.43318442,0.15154353
1.6832926,0.96742517,1.3651619,0.72654116,0.20721835,0.16008933
1.49555,0.95718557,1.5174384,0.7052423,0.01213333,0.14719063
1.8935845,0.89633083,1.9213808,0.8699096,0.0143465465,0.06904585
1.3939756,0.86567295,1.4122357,0.65304685,0.0070936102,0.17062277
1.5865145,0.5797283,1.5916762,0.7311108,0.011115843,0.13550568
1.6545353,0.9281387,1.6452005,0.7751485,0.058932383,0.12023139
1.4734337,0.8570835,1.4696863,0.72523075,0.15307677,0.15751192
1.6448576,0.70441806,1.6742921,0.76177156,0.0056308405,0.11627258
1.1373104,0.61756206,1.1161914,0.77299297,0.07717159,0.12497965
1.767273,0.91296726,1.5498397,0.76916254,0.33342153,0.14091866
1.0302013,0.72364706,1.0030463,0.83744544,0.0626275,0.09293079
1.0086541,0.8429959,1.0419017,0.84263366,0.1234855,0.107402824
1.6719549,0.6725606,1.5774341,0.78061116,0.25064236,0.12862717
1.9311047,0.8422851,1.9948442,0.904275,0.048002806,0.059329018
1.2029657,0.60338813,1.4330332,0.7926913,0.45093378,0.14596352
1.8948436,0.85482144,1.9263365,0.86891025,0.01715001,0.06970647
1.4354025,0.5532974,1.4475989,0.678564,0.008182047,0.16126809
1.7931945,0.80146307,1.8296514,0.8233302,0.008241828,0.08993434
1.2828631,0.72699696,1.2920296,0.68716395,0.024403272,0.15482318
2.0929744,0.9617972,2.0518985,0.9499554,0.2547332,0.05435576
1.6193836,0.85733634,1.6502926,0.7476271,0.005379316,0.1223172
1.779153,0.9261709,1.8245792,0.83689463,0.07076044,0.09346237
1.7992835,0.8283849,1.8377562,0.8285963,0.009393887,0.08753246
1.63206,0.77874774,1.6683292,0.758351,0.016043209,0.12210227
1.5374477,0.96478766,1.5681067,0.7125121,0.0064454176,0.13823192
1.7919663,0.752654,1.8357856,0.8257625,0.007427309,0.088045105
1.2083088,0.8156526,1.1996646,0.71868575,0.04804178,0.14230989
1.4334903,0.5201319,1.4533165,0.6874892,0.005938523,0.15434226
1.4861075,0.63220316,1.6950629,0.7850616,0.1440345,0.123409785
1.471173,0.6666416,1.4923847,0.69686097,0.004899256,0.14744286
1.5335627,0.7243151,1.5648198,0.72202265,0.005563279,0.13496223
1.5800894,0.5699076,1.6060543,0.73549426,0.0056657125,0.12960939
1.7715706,0.81145036,1.8085427,0.8192053,0.008056269,0.089330316
1.4081937,0.7350851,1.4210923,0.6664617,0.009533053,0.16294095
1.6212094,0.7357337,1.6417778,0.74654746,0.007279701,0.12377233
1.22567,0.5723603,1.1994462,0.72285223,0.031964604,0.1416378
1.5200824,0.85924137,1.5445311,0.7089823,0.006222656,0.14205723
1.171834,0.61068153,1.134473,0.7744452,0.17004988,0.13341853
1.2528335,0.99180144,1.1786642,0.73402095,0.06733178,0.14151703
1.7615615,0.7922524,1.8013122,0.8189115,0.03449919,0.09204516
1.5650632,0.5834979,1.304611,0.7602129,0.2852,0.14914115
1.7415737,0.89613396,1.7741787,0.8085337,0.022775244,0.09896326
1.915198,0.8900341,1.9572549,0.8811951,0.008827827,0.06415054
1.6741775,0.67122346,1.6909862,0.7775035,0.08284516,0.12764646
1.1954798,0.63003767,1.1289358,0.83340496,0.32241863,0.12499023
1.3833373,0.7551037,1.4655561,0.76790893,0.3733365,0.15661535
1.3220589,0.47186768,1.3307099,0.6678207,0.0054548634,0.16258816
1.5522603,0.8220792,1.5706275,0.71769,0.006270171,0.13640273
1.8269975,0.74655265,1.8700433,0.84155816,0.009370969,0.08232226
1.6232612,0.66854733,1.4954922,0.7696659,0.2683261,0.13732958
1.6725591,0.63453686,1.7109435,0.77424693,0.015544031,0.11262195
1.3600684,0.42512378,1.3230994,0.72869563,0.23797725,0.16059975
1.2124324,0.9665078,1.1920855,0.7205541,0.052675515,0.14268439
1.3454473,0.74831444,1.3420007,0.661452,0.01892477,0.16900714
1.8617932,0.90002394,1.8508754,0.850764,0.22977237,0.092657216
1.6587037,0.7017571,1.6741741,0.7587173,0.008279083,0.11831107
1.1603078,0.6803309,1.2067738,0.72360533,0.073456585,0.14500664
1.107677,0.73403853,1.2649243,0.77391744,0.23998992,0.13637216
1.1311518,0.8075291,1.1729,0.7867844,0.15925169,0.12785599
1.3356851,0.99747187,1.3022313,0.6961171,0.042129613,0.16176383
1.4006506,0.63316697,1.1924021,0.7714603,0.31944555,0.14455375
1.2905422,0.51852536,1.2905166,0.72367454,0.18157704,0.1613432
1.9984361,0.93884534,2.034961,0.92289007,0.012287329,0.046235457
1.323373,0.57360864,1.3083918,0.6951095,0.04971902,0.16137646
1.2092565,0.7499807,1.2121477,0.71981305,0.016613927,0.13758332
1.4424784,0.9875714,1.4529505,0.6789005,0.011371323,0.15871699
1.195871,0.64440227,1.1858621,0.71438044,0.012298659,0.1370764
1.4617479,0.48442942,1.4768894,0.68806225,0.018683847,0.16049802
1.8170497,0.73886895,1.834501,0.8286874,0.014416687,0.08793021
1.602419,0.72225875,1.6215665,0.7373939,0.0055338247,0.12792306
1.4163669,0.99717575,1.4292989,0.6699182,0.008469229,0.16356835
1.9224997,0.92129314,1.9387329,0.8897142,0.03035854,0.062871
1.6104039,0.6389172,1.3411968,0.7853449,0.3860678,0.14018479
1.8804505,0.9772153,1.4801497,0.83885336,0.5576016,0.12745725
1.0253229,0.88411266,1.1443112,0.7635317,0.1263246,0.13668412
1.2366589,0.7081486,1.2496455,0.7012469,0.013873698,0.14658906
1.3526533,0.76017207,1.382726,0.66606534,0.0076862345,0.166163
1.1543053,0.5743412,1.1264687,0.76517165,0.028240502,0.12138502
1.9076456,0.7817586,1.9384658,0.8736134,0.010465575,0.06684123
1.3100379,0.8502456,1.3040726,0.68125117,0.026165491,0.1595182
1.5724965,0.80040056,1.5969079,0.73374474,0.0065334192,0.12908264
1.9491576,0.8828555,1.981905,0.89682555,0.009524807,0.057059877
1.848232,0.8248496,1.8915606,0.85090166,0.010878841,0.07694954
1.0857067,0.91142386,1.083513,0.8186535,0.11590636,0.11070571
1.2966034,0.5503177,1.3188179,0.73187494,0.21757858,0.16253304
1.1267827,0.88438994,1.11468,0.7489036,0.014482549,0.12364779
1.5030107,0.8740476,1.3282888,0.75069493,0.2813161,0.14820969
1.8067405,0.894573,1.3034623,0.8175166,0.3073089,0.12691557
1.593878,0.8948577,1.609019,0.73880506,0.016102115,0.13090597
1.9418882,0.97455657,1.9863975,0.8866957,0.010953892,0.0579573
1.8302861,0.77059513,1.8737316,0.84919816,0.0240828,0.07939695
1.3960345,0.68450075,1.4189372,0.69172573,0.044036373,0.16628356
1.9270339,0.83772975,1.9607699,0.8860542,0.017588789,0.06353103
1.1816008,0.6314706,1.1852493,0.7196683,0.015011783,0.13595438
1.3065578,0.8456556,1.3524632,0.7588389,0.24559657,0.15242079
1.4396026,0.75653195,1.4622943,0.6828896,0.0057981806,0.15368114
1.1252202,0.9820883,1.2542782,0.77627695,0.28827348,0.1441681
1.8668414,0.9312944,1.9094849,0.8605518,0.009184333,0.07143769
1.6261722,0.8740596,1.6400862,0.74783266,0.005398632,0.122361384
2.0201373,0.91620415,2.086267,0.9424835,0.017315926,0.038282596
1.405997,0.8046684,1.3964431,0.66832256,0.027009284,0.16988376
1.1390954,0.6279146,1.1521993,0.74155223,0.019886404,0.12761459
1.6971415,0.87719244,1.7393918,0.7967846,0.12722518,0.10791219
1.340909,0.7449881,1.3501027,0.6524389,0.01253072,0.17168848
1.3195045,0.57896966,1.3273697,0.6663036,0.0047844355,0.16278844
1.2283274,0.5643124,1.1925585,0.74952906,0.12748602,0.14069256
1.2820218,0.65649086,1.3025424,0.6758199,0.035193577,0.16239952
1.634945,0.924987,1.6672373,0.75736445,0.0054426105,0.11866357
1.2964749,0.5106784,1.3070953,0.6724903,0.0056578238,0.15883309
1.2694569,0.8441637,1.2760437,0.6754206,0.0228748,0.15895423
1.2849143,0.5038738,1.2867372,0.67414576,0.011072151,0.15807585
1.4901857,0.4917421,1.5078442,0.7135041,0.069963865,0.15312344
2.0105731,0.86799514,2.01577,0.92547554,0.07330138,0.057552293
1.7986314,0.85389817,1.8498781,0.841314,0.022260033,0.08194491
1.3163145,0.4927034,1.3214092,0.75627995,0.17740631,0.14993095
1.7745863,0.7702892,1.2359092,0.8373209,0.33378783,0.11697399
1.5050168,0.70617276,1.5252011,0.7100012,0.010535781,0.14551225
1.2175838,0.7719409,1.2121379,0.707773,0.019394383,0.14323944
2.1331766,0.9875939,2.0874135,0.97424394,0.44421083,0.057062864
1.1428077,0.60578835,1.1259851,0.73802876,0.011570166,0.12690371
1.548771,0.8581967,1.5718939,0.7237228,0.006361255,0.13598093
1.4109141,0.60399944,1.4259996,0.66845524,0.007427968,0.16167179
1.2627859,0.7439385,1.2626646,0.73994684,0.22952336,0.15230586
1.8492383,0.8282304,1.8900449,0.85315764,0.008326528,0.07627442
1.1925873,0.65567964,1.1981468,0.7175408,0.010781194,0.13697705
1.2427803,0.8747038,1.2647872,0.6933342,0.05215143,0.15868074
1.7228472,0.9958202,1.7667859,0.80462056,0.025532553,0.10005758
2.0269608,0.879056,2.0773215,0.9405096,0.019749241,0.039348688
1.2246102,0.58658206,1.2049534,0.7512246,0.1628619,0.14331649
1.9712881,0.88154566,2.0214732,0.9172924,0.011930668,0.047926422
1.1355023,0.6770262,1.1137438,0.756752,0.023828816,0.12077022
1.5095584,0.74325746,1.5319481,0.70920324,0.0059589315,0.14075398
1.5115352,0.77057064,1.5387082,0.7006103,0.024024814,0.15372011
1.3222902,0.9393569,1.4060993,0.70639205,0.15866847,0.16281694
2.0319052,0.9978319,1.2790945,0.8042147,0.41255948,0.13695477
1.3352531,0.41834342,1.331095,0.6697477,0.021495948,0.16400874
2.0562856,0.9093581,1.9535916,0.9068207,0.36972898,0.07601216
1.4660685,0.4779967,1.490488,0.6875833,0.013907913,0.15571518
1.4400932,0.9052072,1.4521692,0.6819966,0.012656648,0.15894035
1.4555768,0.90498143,1.4726176,0.68018734,0.0058867354,0.15388417
1.3954732,0.48896775,1.3982773,0.66571856,0.017321913,0.17109798
1.2267272,0.67434496,1.2061305,0.77804697,0.29396033,0.1417394
1.5703638,0.8317141,1.4057298,0.71483296,0.1477341,0.16194102
1.2912596,0.73199296,1.4021187,0.72979015,0.24706164,0.1572095
1.1479558,0.6725739,1.1084398,0.76344436,0.048378997,0.12457232
1.6224792,0.85199,1.6387789,0.7490008,0.005967277,0.12195908
1.697041,0.7025957,1.7171495,0.77747756,0.0062225815,0.10785785
1.5509723,0.84913856,1.1954641,0.7544316,0.17775092,0.14108156
1.7969964,0.7773076,1.826858,0.8250001,0.007504652,0.08969652
1.8088573,0.8370337,1.8351121,0.82765037,0.011023488,0.087374955
1.5347737,0.5663178,1.5531316,0.72382396,0.023072181,0.14106832
1.9059056,0.8775732,1.8339894,0.8467842,0.14854594,0.094061
1.5393064,0.53781986,1.5611796,0.7301333,0.028181063,0.14221883
1.6620364,0.63907063,1.5524826,0.7383981,0.21858105,0.15941589
1.3103614,0.44779563,1.3107238,0.65640855,0.007495565,0.16743253
2.0201929,0.9719094,2.046748,0.9234226,0.011926107,0.044284876
1.9894912,0.86859095,2.0162625,0.9082521,0.011019883,0.052606598
1.2789097,0.6201086,1.2822394,0.6857246,0.042485997,0.16314991
1.4637523,0.7674833,1.4795794,0.68316674,0.015425713,0.15769963
1.9683727,0.9101739,2.0140245,0.91196185,0.01757232,0.04972505
1.4249637,0.5923196,1.4235978,0.6642362,0.015555968,0.16662522
1.3964162,0.67132086,1.4197736,0.6614476,0.01208863,0.16990483
1.8248754,0.7113136,1.8589551,0.83917785,0.008424827,0.08102078
1.35048,0.46626982,1.3658931,0.65790945,0.0050502173,0.16775317
1.1309416,0.6872274,1.1132238,0.7613243,0.013541131,0.11915041
1.4177191,0.6343979,1.1710904,0.80577856,0.21633817,0.12392409
1.3098824,0.9444006,1.3073728,0.6547743,0.0070060035,0.16786735
1.4452875,0.616939,1.3914526,0.71153694,0.080532394,0.15770845
0.9724119,0.8719757,1.2650938,0.77357507,0.29240534,0.14475648
1.6806338,0.8663917,1.7057621,0.7745018,0.014774607,0.1121702
1.2803242,0.7332024,1.2768276,0.7165496,0.12275912,0.15497874
1.3209977,0.75914425,1.3340042,0.6615211,0.006060651,0.16424884
1.5692884,0.72392654,1.5917492,0.72757435,0.0085655935,0.1328112
1.5104017,0.66722345,1.5169652,0.6992723,0.0062926407,0.14397654
1.413246,0.75269955,1.421179,0.67224324,0.007946703,0.16500983
1.1438832,0.68485653,1.6342537,0.82235104,0.4644963,0.11552124
1.471456,0.4939609,1.4972134,0.6875104,0.008707241,0.15284933
1.1748809,0.5894197,1.1546807,0.7516334,0.029090896,0.12672289
1.4074334,0.55895334,1.42941,0.6661502,0.008708856,0.16635501
1.9679145,0.9158162,1.9130535,0.8876006,0.38164163,0.08724568
1.3195376,0.806469,1.3362644,0.66120386,0.006605916,0.1643876
1.3693413,0.47766507,1.3249745,0.69958615,0.082443,0.16181597
1.5469004,0.5622801,1.3195295,0.75260127,0.33128998,0.15161645
0.9874873,0.84911865,1.0088768,0.8629389,0.19164957,0.10303876
1.4414555,0.9757657,1.4596064,0.6851847,0.0051144683,0.15460286
0.9554165,0.8348157,1.3094275,0.7157133,0.22253667,0.16911478
1.3967154,0.5154904,1.3995261,0.6665852,0.01414218,0.16730027
1.7313651,0.85347617,1.7483282,0.79161274,0.0063984236,0.1023326
1.3794311,0.9553062,1.3887894,0.6774055,0.02140464,0.16766955
1.7131507,0.9445866,1.7220361,0.7962236,0.038045302,0.106390834
1.5720689,0.539269,1.5850396,0.7230222,0.005714763,0.13314486
1.722696,0.9451492,1.7488472,0.79482645,0.011238171,0.10147187
1.2515961,0.88444555,1.2558002,0.6986071,0.009778663,0.14635491
1.2250305,0.5703531,1.3803434,0.70555454,0.19538088,0.16797997
1.6831678,0.9962773,1.7248971,0.7824644,0.015429722,0.10927425
1.3425769,0.44824916,1.3554409,0.660224,0.0077043166,0.16620067
1.101003,0.6722648,1.6254904,0.85139585,0.52589697,0.108619094
1.980065,0.92844456,2.0423205,0.9204168,0.013274042,0.048196763
1.6960189,0.630541,1.7209475,0.78174,0.020321226,0.109503955
1.786969,0.6839424,1.7655954,0.83001703,0.21621412,0.11267159
1.1704856,0.54920685,1.401547,0.7466059,0.17245556,0.14430867
2.0730546,0.9198725,1.651654,0.874705,0.73957765,0.121244475
1.5758367,0.5474477,1.4831166,0.75830805,0.20109603,0.13507159
1.4632971,0.474364,1.497452,0.70075655,0.012152669,0.15035653
1.9443376,0.9955957,1.9499404,0.9010285,0.07166498,0.060441874
1.9198829,0.8143424,1.9654903,0.8902357,0.049557675,0.06226501
1.1318833,0.84621644,1.2169998,0.7903049,0.23823619,0.13487324
1.6007867,0.68037874,1.6018772,0.75273883,0.14885505,0.1384108
1.2938006,0.59468216,1.2921534,0.6637527,0.008991594,0.16667128
1.1774985,0.87665004,1.1596808,0.73511624,0.02396576,0.1324768
1.368913,0.55175716,1.2969029,0.73038816,0.2098384,0.15563448
1.3879476,0.87470496,1.2745898,0.7465488,0.29217598,0.15731852
1.5824353,0.86079854,1.6244454,0.73850465,0.008446109,0.12577753
1.0905241,0.9171981,1.3726666,0.80724853,0.5705353,0.14813614
1.3973212,0.51728255,1.4260554,0.664822,0.007291012,0.16353436
1.6027147,0.6930113,1.3561106,0.76690376,0.26430535,0.14615768
1.8037066,0.7796378,1.8355052,0.8229192,0.0069672125,0.08983606
1.2519604,0.754546,1.2486787,0.67996335,0.026928335,0.15911253
1.4581441,0.88458115,1.474215,0.6854646,0.0048472076,0.15023786
1.4553803,0.49209026,1.2911854,0.7659498,0.321329,0.15333724
1.1091886,0.8946605,1.0935965,0.8119673,0.17338747,0.120003134
1.5415674,0.84581804,1.5677228,0.72210777,0.012208661,0.13795833
1.567546,0.72476876,1.5903528,0.72222614,0.00753917,0.1341095
1.3801321,0.92663723,1.3829255,0.65868044,0.0054305797,0.16849563
1.780516,0.9128546,1.8095322,0.81880534,0.008167652,0.090635344
1.1048528,0.71849793,1.1435893,0.79886436,0.11725619,0.11992691
1.571643,0.900615,1.5845716,0.72545046,0.0050155134,0.1336353
1.5827979,0.55209154,1.5191123,0.7117387,0.13661502,0.15654795
1.5035489,0.7731605,1.4912951,0.7192406,0.07297015,0.15718019
1.4463005,0.7685719,1.4638338,0.70364296,0.039284408,0.15333827
2.0151424,0.9822173,1.3105271,0.90486985,0.5472686,0.09581081
1.1485391,0.93573135,1.349942,0.77294743,0.36765355,0.15076998
1.1728051,0.7445602,1.1677701,0.73915124,0.0280847,0.13219333
1.9747057,0.9958684,2.0202472,0.90660805,0.107313976,0.06514915
2.1079867,0.97893023,2.1875947,0.9892381,0.08507212,0.035160515
1.2071894,0.93282795,1.312046,0.7172893,0.14335756,0.15895647
1.5232681,0.93750954,1.5497618,0.7149347,0.006546804,0.13788205
1.4348528,0.7021431,1.4610381,0.6822288,0.011604309,0.15419605
1.2628675,0.54463255,1.2854893,0.66984797,0.008546247,0.15744454
1.6645153,0.6266463,1.6901348,0.77215755,0.006334471,0.113611005
1.1948283,0.71863425,1.235529,0.74311054,0.20902121,0.14991994
1.0798684,0.8959114,1.193677,0.7643714,0.16545506,0.14087373
1.502681,0.6256556,1.5175846,0.70700645,0.0132217035,0.14443941
1.846136,0.7587874,1.848887,0.84894025,0.09718933,0.088789254
1.6502727,0.8113477,1.6682224,0.75995123,0.005942925,0.117732786
1.857537,0.9537721,1.8909609,0.85330176,0.0077860737,0.07676458
1.2655663,0.5432146,1.2818573,0.6811162,0.006460695,0.15359993
1.0752048,0.6575993,1.3803334,0.7672156,0.28181425,0.15172568
1.7910087,0.8659545,1.8292196,0.83193016,0.019640222,0.08565457
1.5424795,0.8586714,1.5538886,0.7171627,0.010568898,0.13805546
1.6480389,0.82002944,1.6781406,0.76117563,0.013171517,0.1209084
2.0267465,0.9713248,1.5977509,0.85816556,0.67632055,0.116607465
1.1900542,0.66642475,1.1299433,0.7901567,0.090228826,0.122380435
1.7901576,0.91158384,1.8266237,0.82422805,0.0077536637,0.08898706
1.4344268,0.5439127,1.5214305,0.8125871,0.44073647,0.13314927
1.9803481,0.8747248,2.0549955,0.9283279,0.024463208,0.04645511
1.1275102,0.7261533,1.1385047,0.7593883,0.022902858,0.123019315
1.4867971,0.9253212,1.5086884,0.6919528,0.0067654285,0.14915605
1.37908,0.602188,1.3906169,0.66294867,0.0051207175,0.16528194
1.3030013,0.8487795,1.2973549,0.66172683,0.0113142915,0.16883814
1.8583481,0.9422864,1.8911319,0.85387236,0.009507868,0.078079864
1.3218101,0.74071115,1.2992525,0.69175017,0.13472797,0.16618976
0.97412455,0.9044978,1.2730758,0.71633255,0.088132404,0.15564634
1.2341706,0.7057698,1.2253044,0.7074534,0.019001642,0.14533547
1.4813187,0.50191534,1.4536135,0.7486619,0.22451666,0.16432427
1.7500424,0.9268645,1.7916133,0.82395816,0.028678631,0.09231198
1.9621502,0.92981964,2.0237014,0.92039555,0.012481001,0.047753025
1.2590181,0.5556189,1.2468624,0.6866424,0.018392583,0.15549697
1.2914127,0.51175326,1.3097472,0.6514622,0.0081282025,0.17006387
1.6993954,0.64748144,1.7141798,0.7827464,0.013328513,0.10737136
1.2601799,0.7907418,1.2738495,0.68924767,0.004856721,0.15085043
1.8889624,0.85996836,1.9252856,0.87152135,0.009425203,0.0706995
1.314164,0.56497,1.3347907,0.66701233,0.004514105,0.16263029
1.0027418,0.81934404,0.927118,0.88304275,0.1212708,0.092741296
1.8584447,0.97100776,1.9058053,0.86040235,0.017661728,0.07133533
1.3872852,0.50345504,1.3946319,0.6659497,0.014975596,0.16553383
1.6248307,0.69386333,1.6425564,0.7551832,0.011713108,0.122697406
2.0032563,0.96364695,2.0026076,0.9345239,0.31225938,0.055052925
1.5645548,0.5289019,1.5727093,0.7170634,0.007814687,0.1388137
1.2352375,0.9366755,1.2220919,0.7016399,0.04257304,0.15056013
1.4903978,0.69318146,1.5144911,0.7075942,0.004925265,0.14189301
0.9447671,0.8678244,1.400641,0.8882777,0.61718816,0.09914155
1.0790236,0.99940044,1.0616794,0.8314428,0.0870331,0.105402894
1.6822503,0.83022696,1.7078886,0.7713699,0.005450246,0.11120886
1.6639522,0.87619704,1.7985187,0.8420225,0.15218277,0.09820327
1.5284202,0.64963394,1.5456116,0.712795,0.006369262,0.14055568
2.1341035,0.98441374,2.1623588,0.976721,0.14177664,0.04018103
1.0620903,0.97086257,0.9511961,0.8409291,0.089172356,0.09901634
1.5600737,0.56434,1.5725722,0.7279915,0.021733422,0.14452715
1.1749249,0.64113283,1.1686244,0.75930107,0.037465986,0.12785423
1.48554,0.6876326,1.4953482,0.69205534,0.01013657,0.14921273
1.7143359,0.94547594,1.7173815,0.7949909,0.036672294,0.10779645
1.4466361,0.7641326,1.4761975,0.68333006,0.007485036,0.15340658
1.5262076,0.91016567,1.5396643,0.7084729,0.008310915,0.14273018
1.7162278,0.7876995,1.7475932,0.7831707,0.0071135843,0.10353103
1.466463,0.6805251,1.4734201,0.69419795,0.008662336,0.15214422
1.8418761,0.90305597,1.8685699,0.8475122,0.021028254,0.07848108
1.5110489,0.6112416,1.495455,0.7159729,0.09698148,0.15227026
1.3327615,0.6497108,1.2935367,0.7113926,0.08206017,0.15386097
1.339372,0.44024014,1.3570468,0.6607156,0.0051756534,0.16736686
1.4902681,0.49436975,1.5002995,0.6994385,0.004899854,0.14628054
1.3305908,0.8148772,1.3371682,0.6692316,0.026648903,0.16997261
1.4979872,0.5568642,1.5038116,0.6931461,0.00786245,0.15078521
1.5344621,0.9601695,1.2519627,0.81294036,0.3288883,0.12348111
1.5028586,0.6742686,1.4878762,0.7028815,0.10272136,0.15950328
1.4104941,0.5352524,1.4126523,0.66729,0.013871198,0.17135492
1.9287915,0.9398587,1.9704204,0.89174026,0.012401708,0.058314886
1.1209934,0.97362846,1.1420937,0.7996646,0.20177653,0.1235376
1.3801129,0.52324903,1.3995342,0.65734756,0.006866525,0.16683374
1.6370633,0.85783964,1.2026522,0.7615298,0.19890514,0.14434752
1.6666007,0.6967842,1.6959593,0.7716611,0.010924761,0.11285857
1.5393722,0.9104594,1.5573747,0.7198951,0.005973876,0.13640277
1.4267762,0.7218728,1.5527031,0.7637974,0.20581706,0.14778131
1.5723764,0.73013276,1.603374,0.7354515,0.023596557,0.13313566
1.6715387,0.6133885,1.6898317,0.7652195,0.0063044857,0.11522092
1.223506,0.8267016,1.2203999,0.69618,0.012846429,0.14618354
1.5918285,0.69576216,1.6125159,0.7353555,0.005729393,0.12942787
1.0190276,0.89497983,1.0242574,0.86926836,0.19564308,0.10324949
1.292985,0.65377194,1.2304204,0.714292,0.07030668,0.15176845
0.96499276,0.8788323,1.1291091,0.7713934,0.12912181,0.13167714
1.1479213,0.6666001,1.2095125,0.80961436,0.2529798,0.12584877
1.3985095,0.9230085,1.2774587,0.7582032,0.23193851,0.15564412
1.7500178,0.9139702,1.781946,0.8031657,0.00597896,0.0989177
1.8557389,0.7524043,1.8923705,0.85216236,0.008293797,0.07699887
1.4063988,0.8323927,1.4200692,0.6664864,0.012220367,0.16589835
1.5651492,0.7029994,1.5856402,0.72771204,0.0067681163,0.13428584
1.3607017,0.64082927,1.3783257,0.65573895,0.0077663627,0.16965781
1.27797,0.5639948,1.2825263,0.67455626,0.007162207,0.15898862
1.2954109,0.5456736,1.2657313,0.69271237,0.04429893,0.15675333
2.0561574,0.99452835,2.1022751,0.95923406,0.016381493,0.03464362
1.3175648,0.6255795,1.327945,0.66333795,0.004911208,0.16341516
1.3400631,0.44185522,1.3505082,0.6604345,0.008698063,0.17051528
1.6134676,0.56699914,1.6179316,0.8039214,0.4095648,0.14320655
1.6823806,0.6950346,1.5982902,0.76390755,0.16048464,0.12829623
1.8729433,0.84880066,1.914032,0.8600437,0.0090991855,0.06881834
1.5985987,0.59749204,1.6200941,0.74150836,0.0061175465,0.12572561
1.0351553,0.8428176,1.067882,0.84945804,0.13841742,0.09825089
1.2434465,0.795391,1.2266881,0.7190014,0.05714687,0.1503995
1.8669026,0.77674526,1.9044046,0.860295,0.008586555,0.073963456
1.3809838,0.6074084,1.3924265,0.661355,0.008342026,0.16307564
1.3899548,0.84863997,1.3918562,0.6596497,0.0067662317,0.1681435
1.4182911,0.538613,1.4533815,0.6817517,0.049688924,0.16759722
1.6226741,0.5691582,1.6534202,0.7566097,0.0091097085,0.1214623
1.6729084,0.6785247,1.475409,0.805643,0.34830466,0.12433721
1.5095232,0.6973266,1.5216253,0.69849503,0.005895806,0.1451859
1.5216309,0.51667243,1.5312319,0.7299856,0.0856478,0.14703636
1.08851,0.66469944,1.1037918,0.88307995,0.39616066,0.10804776
1.1902516,0.5957071,1.2350037,0.73223674,0.14329582,0.14696407
1.285248,0.61269146,1.2822039,0.67912227,0.019555582,0.15737969
1.8326613,0.72359663,1.8684342,0.84319884,0.010466454,0.08289452
1.7174252,0.73184294,1.7511535,0.8020031,0.011454075,0.09948554
1.1887192,0.68909997,1.1811807,0.72236466,0.03579035,0.13900073
1.4615519,0.4949194,1.461277,0.6821318,0.009977965,0.15609877
1.1245755,0.98404706,1.2009299,0.7556395,0.1748674,0.14557795
1.6997807,0.9068503,1.7145803,0.7803624,0.02146712,0.113070145
1.7763644,0.72516906,1.3157692,0.75873446,0.2812199,0.1468662
1.4855342,0.5566405,1.5028505,0.69179225,0.023860883,0.15297575
1.4192014,0.8513464,1.4372032,0.6721606,0.016457576,0.16733813
1.307666,0.9343173,1.2960331,0.6770617,0.040362667,0.16910207
1.410439,0.6495548,1.4225168,0.6686992,0.0050361226,0.1628729
1.0695062,0.9583281,1.1695321,0.7866361,0.12255145,0.12573908
1.2128373,0.5502247,1.161135,0.73340404,0.042438455,0.135655
1.3007026,0.6465601,1.315882,0.682634,0.08068755,0.16518568
1.2643647,0.6322075,1.267668,0.69202256,0.0074926023,0.15024078
1.7456201,0.7018944,1.77107,0.8029728,0.0066976864,0.09644047
1.4297161,0.49099225,1.444994,0.6897497,0.0077821985,0.1529731
1.2817671,0.50804484,1.2918966,0.67530715,0.015311108,0.16169654
1.5832423,0.66615206,1.5572832,0.7500771,0.16714202,0.1412756
1.2360277,0.8558012,1.2415853,0.68847597,0.0076604253,0.14958286
1.3018208,0.4809178,1.3197272,0.66109824,0.007172186,0.16477217
1.4347458,0.5671286,1.458947,0.6794952,0.007196299,0.15666565
1.4170846,0.5181951,1.4267557,0.67439073,0.053305004,0.17090143
0.8809862,0.9912881,1.0788984,0.8017624,0.15977025,0.12385717
1.1310796,0.6240419,1.1669669,0.7677378,0.1250818,0.13670829
1.3661402,0.624088,1.5527458,0.77065843,0.30649585,0.13718063
1.0612799,0.73028183,1.1135767,0.7938117,0.1014984,0.121923275
1.3475832,0.44793132,1.3638098,0.6816703,0.08299176,0.16868143
1.4498733,0.70258766,1.4650154,0.68501455,0.005130022,0.15268296
2.0667293,0.9796991,2.1413958,0.9757593,0.039605144,0.031313475
1.2719162,0.5613424,1.2751255,0.6759401,0.008478692,0.15779378
1.732517,0.7544919,1.7571173,0.80033726,0.0122611215,0.097782604
1.9035391,0.82846576,1.9106507,0.87857425,0.1544443,0.07549084
1.969592,0.82194084,2.0028188,0.90531677,0.01069015,0.052978292
1.3933296,0.676315,1.4154775,0.6598073,0.005418565,0.16496135
1.0756512,0.74392813,1.0563934,0.82857484,0.154983,0.11444242
1.6841218,0.92592937,1.9407165,0.89349574,0.30556628,0.07894589
1.5371556,0.59666836,1.5626981,0.71658033,0.005310745,0.13713601
1.6788958,0.88315207,1.699467,0.77218074,0.010138788,0.11320941
1.2969801,0.9616903,1.2816935,0.7170408,0.12260015,0.15518948
1.3314725,0.85938764,1.3296285,0.6570791,0.00760202,0.16972543
1.4643078,0.5426718,1.2807899,0.7455152,0.1538153,0.14617187
1.7073146,0.9695622,1.7407179,0.79572225,0.014259108,0.101883456
2.0029929,0.9684608,2.0349832,0.92063373,0.010780597,0.04928954
1.5001758,0.8963229,1.5243735,0.70273393,0.0072482442,0.14454907
1.5341672,0.63858217,1.5479145,0.712684,0.009188507,0.14204499
1.643789,0.8296551,1.6288316,0.77394915,0.10369692,0.124520525
1.4147913,0.45346346,1.4275854,0.6756555,0.020687088,0.16210125
1.1540173,0.6922762,1.1658038,0.7183698,0.011429197,0.13460055
1.4737068,0.5798251,1.3761096,0.7592131,0.24486987,0.1487332
1.9182034,0.79505444,1.9577682,0.88884985,0.009483225,0.060357653
1.5704964,0.8802276,1.5830462,0.72385746,0.00803038,0.13516644
1.0655751,0.70956826,1.3958666,0.69031024,0.034719802,0.16076647
1.3083131,0.9499319,1.3158846,0.655722,0.010346264,0.16862723
1.2840286,0.5167413,1.2905207,0.67776316,0.0072253663,0.1582534
1.1968195,0.70524675,1.1968606,0.8373762,0.40131062,0.1184746
1.4279119,0.4574915,1.438129,0.6719746,0.005306166,0.16046081
1.5346017,0.55789876,1.280993,0.7333945,0.2126935,0.1521049
1.3275212,0.67903286,1.3395693,0.6568936,0.008859022,0.1699319
1.7879312,0.8228276,1.8198819,0.82094914,0.0088772895,0.09179601
1.7447511,0.99378866,1.7712681,0.8035757,0.013282228,0.096366026
1.3685378,0.48915026,1.3726215,0.6839177,0.094754346,0.17767368
1.4545358,0.49902257,1.3844383,0.7266518,0.26970163,0.15827288
1.7238778,0.63806677,1.7618766,0.7933142,0.0067376103,0.10051473
1.6660408,0.77587384,1.6586778,0.78229064,0.07679076,0.11898754
1.0891622,0.94187725,1.0165509,0.8237048,0.12265996,0.10871947
1.0549349,0.9062586,1.0905714,0.81018776,0.09031924,0.111818634
1.3296288,0.99113196,1.3348672,0.6591691,0.015051315,0.17025407
1.681888,0.76088434,1.7303369,0.7847866,0.009430189,0.10615509
1.6517798,0.6981001,1.6799843,0.7610293,0.006050773,0.117640525
1.4023104,0.48942307,1.4215267,0.6709068,0.005412734,0.16207452
1.2883008,0.58765376,1.2844932,0.68256783,0.011465296,0.15488125
1.2520001,0.83080304,1.2643318,0.6737724,0.0074314326,0.15730661
1.3310448,0.5256918,1.3454082,0.6673461,0.0069040246,0.16328204
1.2338539,0.8023308,1.2344668,0.7008014,0.07554997,0.15671742
1.5294713,0.58333707,1.5580924,0.7154042,0.021693876,0.14263362
1.9030439,0.88250124,1.9328473,0.8699892,0.009695293,0.06962157
1.586706,0.5799421,1.6082602,0.731287,0.0054901536,0.13056394
1.5159757,0.51464915,1.3662479,0.7696225,0.27176255,0.14871658
1.6782197,0.8274987,1.7079794,0.772895,0.006073078,0.11084835
1.6377088,0.7098328,1.6744556,0.7613071,0.009334721,0.11726202
1.9115877,0.8740251,1.9526441,0.88786817,0.011606799,0.059893925
1.8710757,0.82172406,1.9042795,0.85442996,0.011116129,0.07148117
1.2550551,0.7446415,1.2272389,0.7168106,0.08136887,0.15117326
1.8157282,0.83636266,1.7458589,0.8452235,0.195698,0.09149068
1.1230818,0.61784637,1.0377233,0.8178847,0.091354005,0.10669914
1.2313889,0.5526219,1.2295768,0.69438624,0.0075326012,0.14784779
1.1617441,0.887781,1.4357905,0.7434912,0.25775576,0.15372223
1.8632782,0.75919974,1.9062529,0.86490947,0.009737434,0.07046489
1.5894209,0.64915633,1.4171426,0.68952435,0.10565763,0.16650116
1.4216647,0.76169795,1.4293158,0.68893886,0.06378673,0.1652801
1.4996802,0.78393483,1.5134201,0.77697015,0.3869205,0.14105028
1.993489,0.88006765,2.0317702,0.9192944,0.013776274,0.04744203
1.8153161,0.9669641,1.8647244,0.84971774,0.015008234,0.077808484
1.2971234,0.9972763,1.2514989,0.7574868,0.21555518,0.14669713
1.4889797,0.68738616,1.5045717,0.69638455,0.0057510873,0.14774922
1.3127668,0.5810096,1.3381255,0.66679096,0.006715367,0.16364764
1.7297527,0.7577353,1.7789533,0.8112959,0.014716808,0.09355531
1.5216428,0.918186,1.4483838,0.7144959,0.17837603,0.15840252
1.4514074,0.9016244,1.4639456,0.6861776,0.028262567,0.16209336
0.96324205,0.81835634,1.2431989,0.72434247,0.11201719,0.15029664
1.317321,0.5769158,1.3239431,0.6678995,0.0046796016,0.16163795
1.608648,0.58353317,1.6265681,0.74125123,0.016761946,0.13000156
1.4112798,0.59536064,1.4261148,0.6699822,0.007661715,0.16301
1.7640625,0.84310997,1.7928808,0.8129634,0.011079782,0.093978204
1.3697494,0.4943843,1.3431637,0.6783368,0.09459964,0.16853838
1.7908231,0.8429836,1.8247547,0.82455426,0.006894481,0.08897857
1.4875678,0.75253224,1.5084753,0.6972389,0.006856589,0.1451888
1.8218007,0.9829628,1.8532581,0.8399168,0.015256112,0.08324978
1.3276327,0.79991585,1.2090132,0.72010577,0.093547024,0.14843379
1.2711407,0.7582774,1.2688282,0.6814957,0.013603162,0.15779096
1.476306,0.51011074,1.4977539,0.6942371,0.005742034,0.14812024
1.2305466,0.94692236,1.2362218,0.6917319,0.010705074,0.1479791
1.4369292,0.45501187,1.3279777,0.71085733,0.17740348,0.16284767
1.9750419,0.94022626,1.3998246,0.7028097,0.15287167,0.16747633
1.4774029,0.60042256,1.488616,0.6917253,0.005812893,0.1496149
1.3463285,0.9573155,1.3597949,0.6598201,0.0052741254,0.16486983
1.673705,0.6386044,1.5959125,0.80645066,0.42733487,0.13546637
1.3392782,0.45596665,1.3802567,0.6630649,0.023983277,0.17011647
1.3782226,0.71071637,1.3888886,0.6642832,0.0056970236,0.16527219
1.7588103,0.88196766,1.7880421,0.8040773,0.0072833467,0.09713849
1.6445837,0.7023153,1.668592,0.757666,0.013999578,0.11816461
2.0307863,0.87801343,2.0710084,0.9416734,0.016807383,0.040336244
1.3873382,0.5543107,1.3754413,0.7195569,0.20709896,0.15894921
1.3585348,0.42529115,1.3849344,0.66284704,0.0054482915,0.16606349
2.0839558,0.9191316,1.3299224,0.73585135,0.19373766,0.14869864
1.3582927,0.93786645,1.2774236,0.7346411,0.20974396,0.15508094
2.0337884,0.9087057,2.077878,0.93773407,0.017286504,0.03828286
1.7169594,0.76808333,1.7360387,0.7811686,0.008522775,0.109561086
2.1184897,0.9582731,2.1545055,0.9805102,0.027719097,0.028122047
1.1427324,0.8501038,1.188225,0.7451807,0.09393068,0.13795772
1.3057696,0.9462042,1.3265331,0.6779118,0.03207635,0.16123998
1.4384631,0.7998373,1.4220395,0.6941354,0.057302978,0.1731152
1.7168974,0.96164,1.7372842,0.78905654,0.009225563,0.1053945
1.4283996,0.4617371,1.4791625,0.6840394,0.012463341,0.15939558
1.7168517,0.78288776,1.7495687,0.8314853,0.14790481,0.101644635
1.4021543,0.88381904,1.2347527,0.784935,0.27884358,0.14359353
0.98042357,0.90450704,1.2546992,0.80774295,0.438572,0.13952808
1.3447964,0.9097348,1.3606629,0.6671622,0.007327862,0.16579442
1.613849,0.99989,1.5829227,0.78776574,0.14456123,0.12533101
1.2252957,0.7354402,1.2196734,0.71163195,0.036649164,0.14406234
1.1948091,0.9583666,1.3463051,0.747199,0.25967243,0.14569804
1.471984,0.8508293,1.4867704,0.69151115,0.005716294,0.15005094
1.5541362,0.5640265,1.5945044,0.7262006,0.0072907824,0.13442881
1.4372476,0.7772318,1.4722524,0.6937325,0.038703047,0.16153221
1.8135469,0.85767215,1.4392996,0.7271265,0.2638884,0.16009824
1.257972,0.6729781,1.4363353,0.81489605,0.4363329,0.13066523
1.3574163,0.9625644,1.3764315,0.6648536,0.028175063,0.17338163
1.8492401,0.9238353,1.8914762,0.87296534,0.14220971,0.07882418
1.8863226,0.94408864,1.9377182,0.87582487,0.02812753,0.06905091
0.97677,0.8198642,1.2048259,0.8053089,0.25927582,0.1261124
1.6867297,0.7836863,1.7245626,0.78051543,0.0063392175,0.109398164
1.0225374,0.80895543,1.1802132,0.7978447,0.3007286,0.13645901
1.3179986,0.7919937,1.3327091,0.6669971,0.0046676905,0.16183494
1.3009868,0.9371894,1.3180499,0.6662048,0.012361329,0.16508833
1.0647506,0.70890564,1.2550995,0.73996246,0.15149614,0.14778002
1.1654075,0.6898261,1.1399865,0.741875,0.017013283,0.1273376
1.3577995,0.96395296,1.2653563,0.7142364,0.13306275,0.16302502
1.0756339,0.8289383,1.3412001,0.79966015,0.33177096,0.13267082
1.7400727,0.77491397,1.7698491,0.80175173,0.008839523,0.1001348
1.427557,0.82178736,1.4366267,0.6760484,0.0066343355,0.15810616
1.5710684,0.669573,1.5220056,0.7635617,0.21457678,0.13756412
1.2402036,0.6648312,1.4199078,0.7868161,0.3615264,0.14020172
1.813736,0.7839816,1.6429305,0.8608005,0.3073332,0.096034855
1.2860068,0.63980186,1.2021918,0.73379946,0.100118674,0.1450664
0.9286632,0.9820337,1.3645675,0.7826684,0.4412075,0.14690553
1.762989,0.77743644,1.786567,0.81182855,0.0067668185,0.09446554
1.9518995,0.91384614,1.9858632,0.8946429,0.011572881,0.056871343
1.3244108,0.59825927,1.3494449,0.6519239,0.038667914,0.18034849
1.506859,0.50170326,1.6710389,0.7782864,0.11932022,0.12695219
1.73325,0.973448,1.7598972,0.7981887,0.0064157303,0.10168139
1.2759415,0.799239,1.2917213,0.7016244,0.06788785,0.15592241
1.7469509,0.8583353,1.793756,0.8098377,0.007757598,0.095976844
1.792778,0.90099365,1.8134782,0.8200057,0.0074265087,0.09012309
1.3464211,0.47343075,1.3574057,0.6543546,0.011138859,0.17151618
1.6029198,0.81418055,1.4128442,0.726537,0.2356198,0.16456161
1.2498094,0.8119309,1.3709102,0.79095876,0.36152044,0.1388675
1.3906177,0.5840663,1.4077866,0.66752267,0.005667474,0.16449691
2.0139952,0.8971165,2.0448492,0.9245822,0.01936352,0.046334174
1.7662641,0.7148009,1.7926452,0.8082756,0.0067749517,0.09642917
0.95400995,0.8379362,1.3918061,0.8487858,0.53451425,0.12578273
1.2795684,0.5217639,1.2996554,0.66613877,0.0056798216,0.16335212
1.2116789,0.51903677,1.157443,0.7346201,0.055477776,0.140239
1.3185186,0.72538376,1.3141375,0.6697124,0.034384936,0.17234075
1.2813765,0.58344275,1.2827783,0.6732173,0.011307832,0.16166793
1.6068774,0.9597135,1.6264172,0.7431344,0.0074977777,0.12699775
1.2053283,0.8633694,1.2046292,0.7080228,0.008800216,0.13958554
1.6265507,0.5750793,1.3973053,0.78237176,0.33461723,0.14531095
1.7669544,0.83906955,1.7949674,0.80638087,0.008446008,0.097441636
1.629207,0.94856113,1.6658428,0.75980306,0.006900266,0.117758654
2.0207088,0.88723993,2.0660508,0.92883986,0.044552345,0.04615838
1.4538178,0.6119234,1.4516497,0.6870611,0.04671736,0.16198531
1.291062,0.7169844,1.1599419,0.76875615,0.18903998,0.13717736
1.1691902,0.6957444,1.1126199,0.78823936,0.06000048,0.11796457
1.2457439,0.7279767,1.1940618,0.75140697,0.15514508,0.14380898
1.4500883,0.9843742,1.397996,0.74366426,0.24408314,0.1657
1.9419738,0.9166786,1.9491477,0.900384,0.18954119,0.06833896
1.6001009,0.73164785,1.5577137,0.7600845,0.141564,0.1328712
1.1449664,0.76650584,1.3379827,0.7887839,0.3728613,0.14471687
1.4722058,0.6491894,1.4975874,0.69002545,0.004996937,0.15058842
0.9844732,0.8080872,1.5547788,0.8323521,0.44754818,0.12797987
1.6519697,0.8124654,1.6949902,0.7791847,0.02852877,0.114438735
1.8742971,0.80904305,1.9045031,0.86387616,0.007914198,0.0725627
1.217319,0.6536338,1.2208681,0.70907885,0.009778303,0.14173995
1.5652072,0.85539526,1.3797166,0.76969707,0.25891653,0.13805301
1.8118113,0.7145223,1.8452435,0.83851033,0.017919803,0.08078711
1.461274,0.83444,1.4502456,0.68292284,0.033214755,0.1601938
1.4994433,0.529796,1.5250044,0.702089,0.0051379777,0.14449464
1.4523686,0.54504126,1.4689479,0.6830027,0.014319171,0.15971223
1.9378529,0.9946911,1.7983885,0.9191459,0.6996811,0.07966172
1.2481784,0.9639977,1.2580559,0.72233075,0.13600461,0.15420157
2.044418,0.924198,2.097397,0.9559689,0.022893187,0.034713607
1.494297,0.5531148,1.4000163,0.7346642,0.19640481,0.15018944
1.4833791,0.5278731,1.5071409,0.69857454,0.0062279366,0.14578931
1.3611206,0.5865087,1.3681748,0.67044514,0.04055444,0.17217922
0.9939633,0.8497502,1.2093642,0.79236263,0.35338607,0.13441828
1.6528219,0.9921989,1.6842501,0.77007115,0.04802085,0.120657176
1.7418615,0.75919986,1.7648399,0.80751294,0.025246134,0.100272335
1.7052755,0.64278686,1.7286403,0.7802187,0.0064335903,0.107316956
1.6871784,0.7111447,1.7104235,0.77448547,0.0076975897,0.11087307
1.5169227,0.5362207,1.54053,0.70658123,0.005038866,0.14287527
1.5573428,0.59513074,1.5918446,0.73212516,0.02640102,0.13712262
1.6221429,0.63860554,1.6471438,0.7491637,0.005867077,0.12394529
1.4268703,0.517379,1.4433658,0.6639919,0.009813807,0.16651061
1.39864,0.7977597,1.4017708,0.6616122,0.01820243,0.17366964
1.6753185,0.7135284,1.6898208,0.7644203,0.006082654,0.11484515
1.9618644,0.98159295,2.0144691,0.90985566,0.026590548,0.04881458
1.6124697,0.91269416,1.6307926,0.74178255,0.006905954,0.1266558
1.750371,0.7430554,1.3687832,0.75432044,0.2724632,0.14469849
1.1659065,0.7338749,1.1002288,0.7667823,0.09839136,0.12894131
1.2770089,0.8222242,1.3065586,0.67999184,0.05435237,0.1683677
1.5229905,0.8745705,1.5350423,0.70915306,0.01404993,0.14742516
1.2980628,0.5203141,1.4310036,0.7612802,0.29346573,0.14892195
1.5989413,0.5660516,1.6193016,0.7408798,0.0076296334,0.12855552
1.3522416,0.5754469,1.374284,0.6540073,0.01100855,0.17401884
1.1637309,0.5500101,1.2173405,0.7977611,0.28585818,0.1346119
1.7381165,0.99697876,1.7675557,0.79748315,0.006058227,0.09910043
1.7006359,0.96290106,1.7448123,0.796523,0.02112944,0.10104228
2.1004288,0.9937379,2.152987,0.9802057,0.02169717,0.026171671
1.4249114,0.51281667,1.3751674,0.6816225,0.047420952,0.16533932
1.4928575,0.71202487,1.5234559,0.71520776,0.059103876,0.15135048
1.5480523,0.8685548,1.3372235,0.72458076,0.19148506,0.15574533
1.6523061,0.92186433,1.703939,0.7734999,0.014072335,0.11106621
1.7545688,0.9352214,1.7881255,0.8038387,0.006240615,0.09856703
1.196296,0.6997864,1.1110818,0.79190505,0.050560597,0.11552302
1.6062063,0.68855935,1.6338243,0.7459204,0.006834859,0.12511611
1.9137876,0.78911495,1.2499511,0.8014744,0.31813434,0.13837351
1.7311645,0.785135,1.3327568,0.7766978,0.25666896,0.14293353
1.395535,0.78627396,1.4100344,0.65794384,0.005080161,0.1663602
1.6233839,0.56862605,1.6580958,0.7654129,0.015672624,0.122011974
1.8225104,0.94027245,1.8548272,0.8375378,0.008829187,0.080166005
1.3178695,0.5584275,1.3201182,0.6557094,0.011448548,0.16994366
1.6801407,0.97045124,1.6740601,0.77726436,0.032978162,0.11644502
1.3620496,0.5348552,1.3741386,0.6707864,0.033599302,0.17036976
1.201965,0.5635369,1.2155995,0.7976073,0.27572185,0.13487746
1.4630512,0.81011486,1.373925,0.7006114,0.09527849,0.1609449
1.5438426,0.5809365,1.550112,0.7083266,0.010689584,0.14041744
1.6120315,0.84202576,1.6395183,0.75142825,0.011765718,0.12284626
1.7982284,0.7887234,1.8553364,0.84725153,0.09301081,0.090998255
1.9969369,0.8959466,1.9933443,0.9145489,0.077186435,0.053860854
1.1760805,0.6746444,1.06535,0.8231539,0.13143721,0.11106279
1.3457417,0.49781233,1.2661014,0.7194382,0.11622726,0.1549104
1.6068809,0.9617684,1.6274822,0.73888683,0.0050232825,0.12698556
1.5263985,0.93858093,1.4028704,0.67694646,0.068230644,0.17439157
0.93744564,0.8643947,1.0176886,0.8687018,0.19071834,0.10379439
1.20939,0.9495828,1.2905657,0.70811605,0.06675222,0.15158764
1.356914,0.8409715,1.3696821,0.6539045,0.008488319,0.16874193
1.4533086,0.7871002,1.4529824,0.6794285,0.011525446,0.15673304
1.7077684,0.8813411,1.7424064,0.78734016,0.008085319,0.1040173
1.6125079,0.6276359,1.6343408,0.7444928,0.007040785,0.12642899
1.506798,0.94119954,1.4379714,0.7363583,0.17972808,0.15115413
1.2751229,0.7918101,1.2737935,0.7096762,0.09076941,0.16581835
1.5692956,0.6066013,1.5967503,0.7313161,0.006511273,0.13162965
1.2528889,0.70198745,1.2312999,0.7352648,0.07166287,0.14359577
1.6361785,0.8714972,1.6572058,0.76264733,0.045036137,0.124912314
1.4427994,0.6103827,1.4543421,0.69001853,0.022355806,0.15619135
