grad_norm/model._orig_mod.s4_layers.2.kernel.log_dt,grad_norm/model._orig_mod.s4_layers.0.kernel.A_imag,grad_norm/model._orig_mod.s4_layers.0.kernel.log_A_real,grad_norm/model._orig_mod.norms.3.weight,grad_norm/model._orig_mod.s4_layers.3.D,ssm/A_real_mean/model._orig_mod.s4_layers.0.kernel.log_A_real,val/gaussnll,grad_norm/model._orig_mod.encoder.weight,grad_norm/model._orig_mod.s4_layers.0.output_linear.0.bias,val/mse/out_0,grad_norm/model._orig_mod.s4_layers.0.D,train/within_1pct/out_0,lr-AdamW/pg1,ssm/dt_mean/model._orig_mod.s4_layers.0.kernel.log_dt,grad_norm/model._orig_mod.s4_layers.2.output_linear.0.bias,grad_norm/model._orig_mod.s4_layers.2.output_linear.0.weight,train/within_5pct/out_0,grad_norm/model._orig_mod.decoder.bias,val/sigma_0,train/gaussnll,grad_norm/model._orig_mod.s4_layers.1.D,grad_norm/model._orig_mod.s4_layers.0.kernel.C,val/within_50pct/out_0,ssm/dt_mean/model._orig_mod.s4_layers.3.kernel.log_dt,ssm/A_real_mean/model._orig_mod.s4_layers.1.kernel.log_A_real,train/within_10pct/out_0,trainer/global_step,ssm/dt_mean/model._orig_mod.s4_layers.2.kernel.log_dt,train/within_50pct/out_0,grad_norm/model._orig_mod.s4_layers.1.kernel.log_dt,ssm/A_real_max/model._orig_mod.s4_layers.3.kernel.log_A_real,grad_norm/model._orig_mod.norms.1.weight,grad_norm/model._orig_mod.s4_layers.2.kernel.A_imag,ssm/dt_mean/model._orig_mod.s4_layers.1.kernel.log_dt,grad_norm/model._orig_mod.s4_layers.3.kernel.A_imag,grad_norm/model._orig_mod.norms.0.weight,grad_norm/model._orig_mod.s4_layers.3.output_linear.0.bias,ssm/dt_max/model._orig_mod.s4_layers.3.kernel.log_dt,grad_norm/model._orig_mod.s4_layers.1.kernel.log_A_real,train/spread_penalty,val/within_10pct/out_0,train/sigma_0,grad_norm/model._orig_mod.s4_layers.3.kernel.log_A_real,grad_norm/model._orig_mod.s4_layers.3.output_linear.0.weight,grad_norm/model._orig_mod.s4_layers.2.D,ssm/A_real_mean/model._orig_mod.s4_layers.3.kernel.log_A_real,grad_norm/model._orig_mod.s4_layers.1.output_linear.0.bias,ssm/dt_max/model._orig_mod.s4_layers.2.kernel.log_dt,grad_norm/model._orig_mod.s4_layers.1.output_linear.0.weight,train/mse/out_0,grad_norm/model._orig_mod.norms.1.bias,ssm/dt_max/model._orig_mod.s4_layers.1.kernel.log_dt,grad_norm/model._orig_mod.s4_layers.3.kernel.log_dt,ssm/A_real_max/model._orig_mod.s4_layers.0.kernel.log_A_real,grad_norm/model._orig_mod.s4_layers.2.kernel.C,ssm/dt_max/model._orig_mod.s4_layers.0.kernel.log_dt,val/within_5pct/out_0,grad_norm/model._orig_mod.norms.0.bias,ssm/A_real_mean/model._orig_mod.s4_layers.2.kernel.log_A_real,val/within_1pct/out_0,grad_norm/model._orig_mod.s4_layers.1.kernel.C,val/loss,grad_norm/model._orig_mod.norms.2.bias,ssm/A_real_max/model._orig_mod.s4_layers.2.kernel.log_A_real,grad_norm/model._orig_mod.s4_layers.1.kernel.A_imag,grad_norm/model._orig_mod.s4_layers.2.kernel.log_A_real,train/loss,ssm/A_real_max/model._orig_mod.s4_layers.1.kernel.log_A_real,lr-AdamW/pg2,grad_norm/model._orig_mod.s4_layers.3.kernel.C,val/spread_penalty,grad_norm/model._orig_mod.encoder.bias,epoch,grad_norm/model._orig_mod.decoder.weight,grad_norm/model._orig_mod.norms.2.weight,grad_norm/model._orig_mod.norms.3.bias,grad_norm/model._orig_mod.s4_layers.0.kernel.log_dt,grad_norm/model._orig_mod.s4_layers.0.output_linear.0.weight
,,,,,,,,,,,,5e-06,,,,,,,,,,,,,,0,,,,,,,,,,,,,,,,,,,,,,,,,,,,,,,,,,,,,,,,,,5e-06,,,,,,,,,
,,,,,,-0.3639204204082489,,,0.083910271525383,,,,,,,,,0.3102929890155792,,,,0.8669999837875366,,,,1249,,,,,,,,,,,,,,0.23819999396800995,,,,,,,,,,,,,,,,0.1143999993801117,,,0.025800000876188278,,-0.1431340128183365,,,,,,,,,0.7359544634819031,,0.0,,,,,
0.011331159621477127,0.08598721772432327,0.03756474703550339,0.14484785497188568,0.03482908010482788,-0.5,,0.005867530591785908,0.16185840964317322,,0.026512386277318,0.022600000724196434,,0.06861098110675812,0.07936867326498032,2.679858922958374,0.10762500017881393,0.26776108145713806,,-0.23814553022384644,0.03268159553408623,0.06388454884290695,,0.0726170688867569,-0.4999997019767761,0.21427500247955322,1249,0.07617870718240738,0.8226749897003174,0.011341266334056854,-0.5004439949989319,0.1371830701828003,0.12442778050899506,0.06388441473245621,0.10464567691087723,0.13265389204025269,0.08162494748830795,0.9755645394325256,0.04890086501836777,0.7049815058708191,,0.4085614085197449,0.049617841839790344,2.961456775665283,0.03451301530003548,-0.5,0.07926034182310104,0.997451663017273,2.9832067489624023,0.16190968453884125,0.13898617029190063,0.9786413908004761,0.01384954247623682,-0.500500500202179,0.08040992170572281,0.9737883806228638,,0.13054800033569336,-0.5000000596046448,,0.07943833619356155,,0.14132122695446014,-0.5005159974098206,0.09301557391881943,0.042049914598464966,-0.026650896295905113,-0.5005245804786682,,0.08463888615369797,,0.3166504502296448,0.0,6.104733943939209,0.13703761994838715,0.14890514314174652,0.010425776243209839,2.1261813640594482
,,,,,,,,,,,,5.45e-05,,,,,,,,,,,,,,1250,,,,,,,,,,,,,,,,,,,,,,,,,,,,,,,,,,,,,,,,,,5.45e-05,,,,,,,,,
,,,,,,-0.33867764472961426,,,0.08379890769720078,,,,,,,,,0.27394962310791016,,,,0.8921999931335449,,,,2499,,,,,,,,,,,,,,0.2345999926328659,,,,,,,,,,,,,,,,0.11940000206232071,,,0.02319999970495701,,-0.11789124459028244,,,,,,,,,0.735954761505127,,1.0,,,,,
0.005619386211037636,0.031225834041833878,0.013941914774477482,0.09194635599851608,0.01932416670024395,-0.49999532103538513,,0.0028977040201425552,0.07273543626070023,,0.01104195136576891,0.022324999794363976,,0.06860005110502243,0.04494528844952583,1.2404667139053345,0.11517500132322311,0.28882935643196106,,-0.33506160974502563,0.014417629688978195,0.025613756850361824,,0.0726132020354271,-0.4999815821647644,0.23194999992847443,2499,0.07618211954832077,0.8823500275611877,0.00497053936123848,-0.5028455853462219,0.06515253335237503,0.05808263644576073,0.06384491920471191,0.05161142721772194,0.059628620743751526,0.05993137136101723,0.9727821350097656,0.01735428161919117,0.7303897142410278,,0.3088783323764801,0.021253708750009537,1.5402380228042603,0.017430128529667854,-0.49997735023498535,0.03829064220190048,0.9964705109596252,1.2235522270202637,0.09366647154092789,0.07790682464838028,0.9741501212120056,0.006103313062340021,-0.5024985074996948,0.03913900628685951,0.9752849340438843,,0.06428247690200806,-0.49998170137405396,,0.0328146368265152,,0.10270702838897705,-0.5031855702400208,0.03991575539112091,0.018859613686800003,-0.11594488471746445,-0.5027977228164673,,0.04186862334609032,,0.14158187806606293,1.0,6.642491340637207,0.07252270728349686,0.15290330350399017,0.004805253818631172,0.9511417150497437
,,,,,,,,,,,,0.00010400000000000001,,,,,,,,,,,,,,2500,,,,,,,,,,,,,,,,,,,,,,,,,,,,,,,,,,,,,,,,,,0.00010400000000000001,,,,,,,,,
,,,,,,-0.34204211831092834,,,0.08542431145906448,,,,,,,,,0.28326109051704407,,,,0.8496000170707703,,,,3749,,,,,,,,,,,,,,0.2401999980211258,,,,,,,,,,,,,,,,0.11559999734163284,,,0.019200000911951065,,-0.12125611305236816,,,,,,,,,0.7359532117843628,,2.0,,,,,
0.0032378791365772486,0.01401875726878643,0.006430868525058031,0.06279762089252472,0.012461020611226559,-0.49997714161872864,,0.001502910046838224,0.03341243043541908,,0.005142014939337969,0.02302500046789646,,0.06854604184627533,0.026676807552576065,0.5688939690589905,0.11550000309944153,0.29252564907073975,,-0.34680870175361633,0.007026538718491793,0.011791737750172615,,0.07264029234647751,-0.4999599754810333,0.23270000517368317,3749,0.07615923136472702,0.8831250071525574,0.0022798781283199787,-0.5059540867805481,0.03209661692380905,0.03132645785808563,0.06380125880241394,0.029599182307720184,0.02854539267718792,0.045484110713005066,0.9727314710617065,0.007565773092210293,0.7344260215759277,,0.2958807349205017,0.012366295792162418,0.7831676006317139,0.010190563276410103,-0.4999846816062927,0.019316302612423897,0.9955791234970093,0.4996751844882965,0.0866338238120079,0.0490141399204731,0.9712325930595398,0.00322462385520339,-0.506661593914032,0.024175383150577545,0.9761093854904175,,0.03461655229330063,-0.4999627470970154,,0.015326918102800846,,0.08152809739112854,-0.5094478130340576,0.019007334485650063,0.010561708360910416,-0.1264810711145401,-0.507776141166687,,0.026451123878359795,,0.06665188074111938,2.0,6.741737365722656,0.03839978203177452,0.14629828929901123,0.0026377872563898563,0.43212392926216125
,,,,,,,,,,,,0.0001535,,,,,,,,,,,,,,3750,,,,,,,,,,,,,,,,,,,,,,,,,,,,,,,,,,,,,,,,,,0.0001535,,,,,,,,,
,,,,,,-0.334511935710907,,,0.08494456112384796,,,,,,,,,0.2732686698436737,,,,0.8525999784469604,,,,4999,,,,,,,,,,,,,,0.2401999980211258,,,,,,,,,,,,,,,,0.11420000344514847,,,0.021800000220537186,,-0.11372541636228561,,,,,,,,,0.7359550595283508,,3.0,,,,,
0.0025902697816491127,0.009098284877836704,0.004173761699348688,0.05390792340040207,0.009705605916678905,-0.49997276067733765,,0.0009935495909303427,0.018466705456376076,,0.003044962417334318,0.021649999544024467,,0.06848622113466263,0.018059203401207924,0.3234172463417053,0.11332499980926514,0.28312036395072937,,-0.3489307165145874,0.004276156425476074,0.007513083051890135,,0.072666235268116,-0.4999482035636902,0.2303999960422516,4999,0.07615867257118225,0.881850004196167,0.001486688619479537,-0.5131754279136658,0.01931845396757126,0.027512259781360626,0.06375878304243088,0.023002495989203453,0.01682177186012268,0.036329057067632675,0.9738732576370239,0.004494713619351387,0.735121488571167,,0.29320958256721497,0.008947963826358318,0.4814557731151581,0.008465932682156563,-0.49997562170028687,0.011753161437809467,0.9925738573074341,0.2516540586948395,0.08537055552005768,0.035615917295217514,0.9717180728912354,0.002197393449023366,-0.5122202634811401,0.022076042369008064,0.9754638671875,,0.022689932957291603,-0.4999455511569977,,0.00914505124092102,,0.06754180788993835,-0.5190109610557556,0.011025364510715008,0.009579197503626347,-0.12839418649673462,-0.5142796039581299,,0.020048508420586586,,0.03855544701218605,3.0,6.557038307189941,0.024565329775214195,0.13074874877929688,0.0015936262207105756,0.23717240989208221
,,,,,,,,,,,,0.00020300000000000003,,,,,,,,,,,,,,5000,,,,,,,,,,,,,,,,,,,,,,,,,,,,,,,,,,,,,,,,,,0.00020300000000000003,,,,,,,,,
,,,,,,-0.33608609437942505,,,0.08394786715507507,,,,,,,,,0.27171939611434937,,,,0.8952000141143799,,,,6249,,,,,,,,,,,,,,0.2337999939918518,,,,,,,,,,,,,,,,0.12039999663829803,,,0.023600000888109207,,-0.1153002679347992,,,,,,,,,0.7359528541564941,,4.0,,,,,
0.0020821397192776203,0.00463530421257019,0.0024688292760401964,0.05449022352695465,0.007777764927595854,-0.4999866783618927,,0.0006009738426655531,0.010179046541452408,,0.0017595207318663597,0.022949999198317528,,0.06845587491989136,0.011481686495244503,0.1904386579990387,0.11620000004768372,0.27614569664001465,,-0.3499988317489624,0.002668892964720726,0.004351137671619654,,0.07270503044128418,-0.49992987513542175,0.23135000467300415,6249,0.07617202401161194,0.8834750056266785,0.0009315444040112197,-0.5235438942909241,0.012565487995743752,0.01952061429619789,0.06375960260629654,0.018603699281811714,0.01040007546544075,0.027075206860899925,0.9757261872291565,0.003122845431789756,0.7353453040122986,,0.29161369800567627,0.007127790246158838,0.31461772322654724,0.006005429197102785,-0.49995747208595276,0.007268893998116255,0.9907313585281372,0.14412721991539001,0.08461125195026398,0.025156093761324883,0.9728218913078308,0.0016406771028414369,-0.523553192615509,0.015429530292749405,0.9756742119789124,,0.014839841052889824,-0.4999087452888489,,0.0060297348536551,,0.05245388671755791,-0.5360110402107239,0.006074100267142057,0.007240600418299437,-0.12939545512199402,-0.5240020751953125,,0.015272842720150948,,0.022279366850852966,4.0,6.395242214202881,0.017387740314006805,0.11270520091056824,0.0010153292678296566,0.12909244000911713
,,,,,,,,,,,,0.0002525,,,,,,,,,,,,,,6250,,,,,,,,,,,,,,,,,,,,,,,,,,,,,,,,,,,,,,,,,,0.0002525,,,,,,,,,
,,,,,,-0.34046420454978943,,,0.08343679457902908,,,,,,,,,0.2746826708316803,,,,0.8794000148773193,,,,7499,,,,,,,,,,,,,,0.23639999330043793,,,,,,,,,,,,,,,,0.11500000208616257,,,0.026200000196695328,,-0.11967778205871582,,,,,,,,,0.735954761505127,,5.0,,,,,
0.0015703995013609529,0.0028738395776599646,0.0015466039767488837,0.05384598299860954,0.0064004468731582165,-0.5000036358833313,,0.00038273955578915775,0.005489850416779518,,0.0010192157933488488,0.023250000551342964,,0.06835347414016724,0.007194828242063522,0.11054384708404541,0.11572500318288803,0.28248390555381775,,-0.35019683837890625,0.0017820640932768583,0.00257753930054605,,0.07265713065862656,-0.4998636245727539,0.23205000162124634,7499,0.07620310038328171,0.8823500275611877,0.0005775350728072226,-0.5346877574920654,0.008843895979225636,0.01258311327546835,0.06380833685398102,0.014137227088212967,0.006784520111978054,0.019128955900669098,0.9743856191635132,0.0018517576390877366,0.7353605628013611,,0.29131603240966797,0.0050904895178973675,0.1977616250514984,0.004651468712836504,-0.49994269013404846,0.004398133605718613,0.9902848601341248,0.07923579216003418,0.0845152735710144,0.01789538376033306,0.972383975982666,0.0011955099180340767,-0.5384888648986816,0.011132934130728245,0.9756416082382202,,0.009620174765586853,-0.4998612403869629,,0.0036079459823668003,,0.04087182506918907,-0.5543104410171509,0.004035565070807934,0.00453537330031395,-0.12958873808383942,-0.5345625281333923,,0.010152149014174938,,0.012920446693897247,5.0,6.482179164886475,0.01381701696664095,0.09410976618528366,0.0006561169284395874,0.06832276284694672
,,,,,,,,,,,,0.000302,,,,,,,,,,,,,,7500,,,,,,,,,,,,,,,,,,,,,,,,,,,,,,,,,,,,,,,,,,0.000302,,,,,,,,,
,,,,,,-0.34838587045669556,,,0.08372226357460022,,,,,,,,,0.2849823832511902,,,,0.8705999851226807,,,,8749,,,,,,,,,,,,,,0.2378000020980835,,,,,,,,,,,,,,,,0.1143999993801117,,,0.025200000032782555,,-0.1275993436574936,,,,,,,,,0.7359550595283508,,6.0,,,,,
0.0010567506542429328,0.001692855847068131,0.000839635671582073,0.058212775737047195,0.003667260054498911,-0.5000052452087402,,0.00025963387452065945,0.003060747869312763,,0.0005824822001159191,0.022974999621510506,,0.06827861815690994,0.004242687486112118,0.062978595495224,0.11569999903440475,0.2858315706253052,,-0.35073715448379517,0.0011336879106238484,0.0014317900640890002,,0.07266341894865036,-0.4997797906398773,0.23262499272823334,8749,0.0761774554848671,0.8828750252723694,0.0005132507067173719,-0.5496215224266052,0.0066870735026896,0.010425623506307602,0.06384126842021942,0.008260230533778667,0.004604775924235582,0.012797010131180286,0.9790874123573303,0.0009799078106880188,0.7353352308273315,,0.29084160923957825,0.003830383298918605,0.12049739807844162,0.0034632012248039246,-0.49988773465156555,0.0026929909363389015,0.9878113269805908,0.04344835504889488,0.08416374027729034,0.012468579225242138,0.9704431891441345,0.0008150164503604174,-0.5617420077323914,0.009364229626953602,0.9805936813354492,,0.006384857930243015,-0.4997982382774353,,0.002096087671816349,,0.029733600094914436,-0.5735865831375122,0.0021757695358246565,0.003757176920771599,-0.1301369071006775,-0.547489583492279,,0.007106509525328875,,0.007746176328510046,6.0,6.473372459411621,0.011172343976795673,0.0712205320596695,0.0003834086819551885,0.03750104457139969
,,,,,,,,,,,,0.0003515,,,,,,,,,,,,,,8750,,,,,,,,,,,,,,,,,,,,,,,,,,,,,,,,,,,,,,,,,,0.0003515,,,,,,,,,
,,,,,,-0.3404117226600647,,,0.08450911939144135,,,,,,,,,0.27821338176727295,,,,0.859000027179718,,,,9999,,,,,,,,,,,,,,0.24060000479221344,,,,,,,,,,,,,,,,0.11420000344514847,,,0.023399999365210533,,-0.11962530761957169,,,,,,,,,0.7359552979469299,,7.0,,,,,
0.0007654170622117817,0.0009005370084196329,0.0004597738152369857,0.06098473072052002,0.003932341933250427,-0.4999249577522278,,0.00016710329509805888,0.0016964166425168514,,0.00031942097120918334,0.02305000089108944,,0.06818673014640808,0.0026833792217075825,0.03770904615521431,0.11437500268220901,0.27672886848449707,,-0.35098814964294434,0.0006792826461605728,0.0007638602983206511,,0.07272341102361679,-0.4997100234031677,0.2319750040769577,9999,0.07617562264204025,0.8821499943733215,0.00045401128591038287,-0.5636566281318665,0.005833641160279512,0.005995696410536766,0.06386402249336243,0.004482647869735956,0.00334139633923769,0.007425295189023018,0.9814386963844299,0.0005730336415581405,0.7353134751319885,,0.2907646596431732,0.00265574106015265,0.0646151676774025,0.0028653235640376806,-0.4998466372489929,0.0015818898100405931,0.9894288182258606,0.024592960253357887,0.08404962718486786,0.008574211969971657,0.9702029228210449,0.00047741818707436323,-0.5855377316474915,0.005829653702676296,0.9922624230384827,,0.004122739192098379,-0.49972838163375854,,0.001225626445375383,,0.02011054940521717,-0.5955814719200134,0.0012146616354584694,0.0022056393790990114,-0.13039395213127136,-0.5600484609603882,,0.0044435253366827965,,0.004541402217000723,7.0,6.228993892669678,0.010416668839752674,0.04663325846195221,0.00019589586008805782,0.020511051639914513
,,,,,,,,,,,,0.00040100000000000004,,,,,,,,,,,,,,10000,,,,,,,,,,,,,,,,,,,,,,,,,,,,,,,,,,,,,,,,,,0.00040100000000000004,,,,,,,,,
,,,,,,-0.33922314643859863,,,0.08466482162475586,,,,,,,,,0.27740591764450073,,,,0.8561999797821045,,,,11249,,,,,,,,,,,,,,0.24040000140666962,,,,,,,,,,,,,,,,0.11420000344514847,,,0.02280000038444996,,-0.11843650788068771,,,,,,,,,0.7359552979469299,,8.0,,,,,
0.0005688526434823871,0.0007040780037641525,0.00033130947849713266,0.06248036399483681,0.002478303387761116,-0.49982017278671265,,0.0001234633382409811,0.0011596831027418375,,0.00023966662411112338,0.023749999701976776,,0.06807747483253479,0.0019047221867367625,0.02656524069607258,0.11569999903440475,0.2585972547531128,,-0.3516349494457245,0.00045319777564145625,0.0005830945447087288,,0.07267900556325912,-0.4996304214000702,0.23199999332427979,11249,0.07613791525363922,0.8833249807357788,0.00044845137745141983,-0.5714702606201172,0.005764600820839405,0.006127058994024992,0.06388291716575623,0.00376680213958025,0.0030528283677995205,0.005159398075193167,0.9836516380310059,0.0004807054647244513,0.7354423403739929,,0.2899121344089508,0.001962121110409498,0.03733159974217415,0.0020933346822857857,-0.4998140037059784,0.0011226566275581717,0.9903787970542908,0.01713247038424015,0.08363199234008789,0.006444423459470272,0.9716952443122864,0.00036016496596857905,-0.6157865524291992,0.005454834550619125,1.0017184019088745,,0.003032361390069127,-0.49965381622314453,,0.0009520678431726992,,0.014683130197227001,-0.6119891405105591,0.0010091172298416495,0.0023429635912179947,-0.13100259006023407,-0.5687830448150635,,0.003271223744377494,,0.0031723463907837868,8.0,5.80019474029541,0.010328256525099277,0.030659237876534462,0.00014484752318821847,0.013861061073839664
,,,,,,,,,,,,0.0004505,,,,,,,,,,,,,,11250,,,,,,,,,,,,,,,,,,,,,,,,,,,,,,,,,,,,,,,,,,0.0004505,,,,,,,,,
,,,,,,-0.3317396342754364,,,0.08381909877061844,,,,,,,,,0.26700618863105774,,,,0.8682000041007996,,,,12499,,,,,,,,,,,,,,0.23800000548362732,,,,,,,,,,,,,,,,0.11299999803304672,,,0.02459999918937683,,-0.11095301806926727,,,,,,,,,0.7359552979469299,,9.0,,,,,
0.0006505458732135594,0.00047621995327062905,0.00023670568771194667,0.0728938952088356,0.0022203465923666954,-0.49972695112228394,,0.00010406672663521022,0.0007598469965159893,,0.0001673529332038015,0.02202500030398369,,0.06794007867574692,0.0015633050352334976,0.019087379798293114,0.11497499793767929,0.2729886472225189,,-0.3511948585510254,0.0004400658654049039,0.00041358431917615235,,0.0726003423333168,-0.4995248019695282,0.23222500085830688,12499,0.07612355798482895,0.882224977016449,0.0004474753513932228,-0.5731927156448364,0.005709304939955473,0.004768916871398687,0.06384246051311493,0.0017608547350391746,0.0028187944553792477,0.0039297170005738735,0.9834073185920715,0.0003714001504704356,0.7353296279907227,,0.2903440296649933,0.0011925846338272095,0.02283184416592121,0.0020924080163240433,-0.4997606575489044,0.0008055427460931242,0.9928380846977234,0.012378521263599396,0.08390391618013382,0.005381322465837002,0.9708022475242615,0.00025693775387480855,-0.6372095346450806,0.0047648390755057335,1.0163549184799194,,0.002419918542727828,-0.49958536028862,,0.0006684327963739634,,0.011337359435856342,-0.614467203617096,0.0006696608033962548,0.0018087354255840182,-0.13059638440608978,-0.5896952152252197,,0.0019897562451660633,,0.0023273974657058716,9.0,6.006622314453125,0.009632233530282974,0.022817794233560562,0.00012631008576136082,0.008918802253901958
,,,,,,,,,,,,0.0005,,,,,,,,,,,,,,12500,,,,,,,,,,,,,,,,,,,,,,,,,,,,,,,,,,,,,,,,,,0.0005,,,,,,,,,
,,,,,,-0.3442174792289734,,,0.0857897400856018,,,,,,,,,0.287243127822876,,,,0.8453999757766724,,,,13749,,,,,,,,,,,,,,0.23980000615119934,,,,,,,,,,,,,,,,0.11800000071525574,,,0.01940000057220459,,-0.12343104183673859,,,,,,,,,0.7359545826911926,,10.0,,,,,
0.0009838821133598685,0.0005590360960923135,0.00027245725505053997,0.0776384025812149,0.0022980517242103815,-0.49943315982818604,,0.00035487249260768294,0.0006646566325798631,,0.00022848660591989756,0.02342499978840351,,0.06783448159694672,0.0014979999978095293,0.016875607892870903,0.11540000140666962,0.2749687135219574,,-0.35137656331062317,0.0007035425514914095,0.0005454940255731344,,0.07252062112092972,-0.49931800365448,0.23360000550746918,13749,0.07613762468099594,0.8824750185012817,0.0014327747048810124,-0.6016994118690491,0.006784530822187662,0.004888102877885103,0.06380968540906906,0.001566736726090312,0.003795362776145339,0.0037956153973937035,0.9795032143592834,0.0007231096387840807,0.7353157997131348,,0.29024457931518555,0.0009893578244373202,0.017278287559747696,0.002466903766617179,-0.49968841671943665,0.0007430354598909616,1.0254220962524414,0.012136075645685196,0.08378835022449493,0.005462733097374439,0.9785436391830444,0.0016302032163366675,-0.6739099621772766,0.005389465019106865,1.0115623474121094,,0.0024229809641838074,-0.4994541108608246,,0.0012227208353579044,,0.010754570364952087,-0.6288648247718811,0.0008592930971644819,0.0019012211123481393,-0.13078171014785767,-0.6233897805213928,,0.0017552797216922045,,0.0022957290057092905,10.0,5.939281463623047,0.010197662748396397,0.020688937976956367,0.000550959084648639,0.008069433271884918
,,,,,,,,,,,,0.0004877665762479737,,,,,,,,,,,,,,13750,,,,,,,,,,,,,,,,,,,,,,,,,,,,,,,,,,,,,,,,,,0.0004877665762479737,,,,,,,,,
,,,,,,-0.3453386723995209,,,0.08271979540586472,,,,,,,,,0.27770182490348816,,,,0.8754000067710876,,,,14999,,,,,,,,,,,,,,0.24060000479221344,,,,,,,,,,,,,,,,0.1143999993801117,,,0.02800000086426735,,-0.12456504255533218,,,,,,,,,0.7359122037887573,,11.0,,,,,
0.0050368402153253555,0.0026048091240227222,0.0010410337708890438,0.07828093320131302,0.003538165707141161,-0.49883076548576355,,0.002480300609022379,0.0014425957342609763,,0.0010502776131033897,0.022475000470876694,,0.06791016459465027,0.0015243333764374256,0.017431171610951424,0.1160999983549118,0.26505976915359497,,-0.3520365357398987,0.0027763652615249157,0.002417271723970771,,0.07236118614673615,-0.4989151954650879,0.23534999787807465,14999,0.07607144117355347,0.8839499950408936,0.01865602657198906,-0.6892067790031433,0.006992163136601448,0.005421904847025871,0.06373529881238937,0.002711129141971469,0.00883635226637125,0.004369449336081743,0.9766828417778015,0.005969729740172625,0.7353098392486572,,0.28935590386390686,0.0017377733020111918,0.019541408866643906,0.00256244745105505,-0.4993955194950104,0.0011069410247728229,1.010972261428833,0.017629146575927734,0.0833759605884552,0.0075549171306192875,0.9897248148918152,0.007242934312671423,-0.7106150984764099,0.005656702443957329,1.001666784286499,,0.004072009120136499,-0.49916478991508484,,0.01368015632033348,,0.01449468545615673,-0.6354706287384033,0.009118630550801754,0.002129065105691552,-0.13144350051879883,-0.643165647983551,,0.002814608858898282,,0.005219446960836649,11.0,5.635295867919922,0.010501942597329617,0.026654746383428574,0.006212297827005386,0.019825976341962814
,,,,,,,,,,,,0.0004522637977440182,,,,,,,,,,,,,,15000,,,,,,,,,,,,,,,,,,,,,,,,,,,,,,,,,,,,,,,,,,0.0004522637977440182,,,,,,,,,
,,,,,,-0.34419527649879456,,,0.08234325051307678,,,,,,,,,0.27514222264289856,,,,0.896399974822998,,,,16249,,,,,,,,,,,,,,0.23600000143051147,,,,,,,,,,,,,,,,0.11999999731779099,,,0.02539999969303608,,-0.12345083057880402,,,,,,,,,0.7358146905899048,,12.0,,,,,
0.029168548062443733,0.015345984138548374,0.006341802887618542,0.07799612730741501,0.003108021104708314,-0.49792054295539856,,0.010544301010668278,0.005396911408752203,,0.0046215481124818325,0.023749999701976776,,0.0679030790925026,0.0022364608012139797,0.024219896644353867,0.11762499809265137,0.26437777280807495,,-0.35411471128463745,0.01427797507494688,0.011696336790919304,,0.07229451835155487,-0.4987354874610901,0.2374500036239624,16249,0.0762171819806099,0.8865249752998352,0.14021827280521393,-0.732429563999176,0.012027925811707973,0.00877541396766901,0.06378607451915741,0.0077002402395009995,0.024450240656733513,0.005753234028816223,0.9475193619728088,0.030442016199231148,0.7347670197486877,,0.28725042939186096,0.003095598192885518,0.027844931930303574,0.004177472088485956,-0.49912163615226746,0.002792303217574954,1.0139890909194946,0.04125635698437691,0.08209056407213211,0.014803998172283173,1.0036240816116333,0.014896447770297527,-0.7222183346748352,0.009744918905198574,0.9942477345466614,,0.010293063707649708,-0.49892616271972656,,0.08134419471025467,,0.026128429919481277,-0.6650596261024475,0.05427180603146553,0.0038622519932687283,-0.13368450105190277,-0.6598575115203857,,0.006345391273498535,,0.02113274484872818,12.0,5.526177883148193,0.013486425392329693,0.04611238092184067,0.03687179833650589,0.06637510657310486
,,,,,,,,,,,,0.0003969669238105037,,,,,,,,,,,,,,16250,,,,,,,,,,,,,,,,,,,,,,,,,,,,,,,,,,,,,,,,,,0.0003969669238105037,,,,,,,,,
,,,,,,-0.3427044749259949,,,0.08443881571292877,,,,,,,,,0.2806917130947113,,,,0.9143999814987183,,,,17499,,,,,,,,,,,,,,0.2272000014781952,,,,,,,,,,,,,,,,0.11760000139474869,,,0.023600000888109207,,-0.1219574436545372,,,,,,,,,0.7358236312866211,,13.0,,,,,
0.0352802611887455,0.01899596117436886,0.0081715639680624,0.08270283043384552,0.004422804806381464,-0.49735867977142334,,0.014511738903820515,0.006223768461495638,,0.006081732921302319,0.023250000551342964,,0.06789802759885788,0.002700893208384514,0.027908742427825928,0.12004999816417694,0.27407804131507874,,-0.3550819158554077,0.020326554775238037,0.014470077119767666,,0.07223058491945267,-0.4986840784549713,0.24560000002384186,17499,0.07636818289756775,0.8863750100135803,0.15933610498905182,-0.7759304046630859,0.01413967926055193,0.008692066185176373,0.06393201649188995,0.020704973489046097,0.036007218062877655,0.005637343041598797,0.9346317648887634,0.04391355440020561,0.7341941595077515,,0.2858680486679077,0.005590660963207483,0.02705930545926094,0.00452433293685317,-0.4990917444229126,0.0036280627828091383,1.0140811204910278,0.05140776187181473,0.08147488534450531,0.01787925325334072,1.0052515268325806,0.03258358687162399,-0.7294790744781494,0.010150187648832798,0.9902483224868774,,0.013226835988461971,-0.4985867738723755,,0.11704741418361664,,0.029973650351166725,-0.7048639059066772,0.07659712433815002,0.004142052493989468,-0.1348235160112381,-0.7253972887992859,,0.016313742846250534,,0.025956017896533012,13.0,5.633256435394287,0.015896018594503403,0.05230018496513367,0.06046247109770775,0.0757879912853241
,,,,,,,,,,,,0.00032728879774401816,,,,,,,,,,,,,,17500,,,,,,,,,,,,,,,,,,,,,,,,,,,,,,,,,,,,,,,,,,0.00032728879774401816,,,,,,,,,
,,,,,,-0.3355948030948639,,,0.08105438947677612,,,,,,,,,0.26227325201034546,,,,0.8930000066757202,,,,18749,,,,,,,,,,,,,,0.23960000276565552,,,,,,,,,,,,,,,,0.12060000002384186,,,0.026000000536441803,,-0.114876389503479,,,,,,,,,0.7357279062271118,,14.0,,,,,
0.043638210743665695,0.022615376859903336,0.009530194103717804,0.08150273561477661,0.007017342373728752,-0.49705415964126587,,0.017041634768247604,0.006790298502892256,,0.007046074140816927,0.024524999782443047,,0.0678960457444191,0.003274995367974043,0.034949641674757004,0.11949999630451202,0.2662021815776825,,-0.3567074239253998,0.02459990791976452,0.016554372385144234,,0.07218419760465622,-0.4985136091709137,0.24764999747276306,18749,0.07645542919635773,0.8890249729156494,0.21761028468608856,-0.8419100642204285,0.01609095372259617,0.00946674682199955,0.0639699250459671,0.0464811772108078,0.043052494525909424,0.00593925267457962,0.9309970736503601,0.05198267847299576,0.7338349223136902,,0.2844597399234772,0.013235448859632015,0.027459722012281418,0.006068755406886339,-0.49882984161376953,0.0046055493876338005,1.0148210525512695,0.061795976012945175,0.0805499255657196,0.02070028893649578,1.0003902912139893,0.044986192137002945,-0.7533556818962097,0.014010888524353504,0.9884512424468994,,0.016269734129309654,-0.4982084333896637,,0.13598482310771942,,0.03309840336441994,-0.7171280384063721,0.08985377103090286,0.0062110647559165955,-0.136556938290596,-0.7981284856796265,,0.03573985770344734,,0.030163845047354698,14.0,5.398748397827148,0.018843233585357666,0.05644543468952179,0.08873073756694794,0.08091072738170624
,,,,,,,,,,,,0.00025005000000000003,,,,,,,,,,,,,,18750,,,,,,,,,,,,,,,,,,,,,,,,,,,,,,,,,,,,,,,,,,0.00025005000000000003,,,,,,,,,
,,,,,,-0.3545164167881012,,,0.08023765683174133,,,,,,,,,0.2798175513744354,,,,0.9034000039100647,,,,19999,,,,,,,,,,,,,,0.23839999735355377,,,,,,,,,,,,,,,,0.12160000205039978,,,0.024800000712275505,,-0.13387779891490936,,,,,,,,,0.7354622483253479,,15.0,,,,,
0.055669914931058884,0.02512642927467823,0.011030414141714573,0.08064528554677963,0.008907108567655087,-0.4967966675758362,,0.01976194977760315,0.008080619387328625,,0.008330187760293484,0.02539999969303608,,0.06800638139247894,0.004151348024606705,0.04283570125699043,0.12594999372959137,0.26175612211227417,,-0.35815733671188354,0.029981747269630432,0.01900632120668888,,0.07222623378038406,-0.4983486235141754,0.2547999918460846,19999,0.07634063065052032,0.8924000263214111,0.24473270773887634,-0.8516473770141602,0.016623716801404953,0.01484060101211071,0.06396742910146713,0.06288013607263565,0.04846183955669403,0.006052781827747822,0.9274146556854248,0.06032261252403259,0.7333921194076538,,0.282103568315506,0.01924600452184677,0.028140932321548462,0.008252367377281189,-0.4986189305782318,0.006173168774694204,1.0149365663528442,0.07105759531259537,0.07945810258388519,0.02503761649131775,1.0018457174301147,0.05932670831680298,-0.7625626921653748,0.022403663024306297,0.9932302832603455,,0.020826594904065132,-0.4980087876319885,,0.1535937786102295,,0.037060149013996124,-0.7451826930046082,0.10608558356761932,0.01012591551989317,-0.13813987374305725,-0.8720409274101257,,0.04808766022324562,,0.03620195761322975,15.0,5.244348526000977,0.019164519384503365,0.06375858187675476,0.07971064001321793,0.09488163888454437
,,,,,,,,,,,,0.00017281120225598194,,,,,,,,,,,,,,20000,,,,,,,,,,,,,,,,,,,,,,,,,,,,,,,,,,,,,,,,,,0.00017281120225598194,,,,,,,,,
,,,,,,-0.35324957966804504,,,0.07846035808324814,,,,,,,,,0.2717585563659668,,,,0.9124000072479248,,,,21249,,,,,,,,,,,,,,0.24799999594688416,,,,,,,,,,,,,,,,0.12160000205039978,,,0.02459999918937683,,-0.13280045986175537,,,,,,,,,0.7348302006721497,,16.0,,,,,
0.06600798666477203,0.028513824567198753,0.012657550163567066,0.07840092480182648,0.010486705228686333,-0.49652817845344543,,0.02254718728363514,0.010162011720240116,,0.009823950938880444,0.025675000622868538,,0.06797420978546143,0.0056605092249810696,0.05555800721049309,0.12872500717639923,0.2642243504524231,,-0.36022329330444336,0.034142520278692245,0.02224213071167469,,0.07220903038978577,-0.4981614649295807,0.2588750123977661,21249,0.07620180398225784,0.8939499855041504,0.2920343577861786,-0.8504912257194519,0.01781153492629528,0.02073655091226101,0.06403055787086487,0.07436598837375641,0.0510583259165287,0.006811733823269606,0.9300181865692139,0.06578771024942398,0.7327750325202942,,0.2802073061466217,0.02345985174179077,0.02986256033182144,0.010205106809735298,-0.4984053671360016,0.00800502859055996,1.014623999595642,0.0822765901684761,0.07831016182899475,0.030895743519067764,0.9961845874786377,0.1220991462469101,-0.773817241191864,0.03370460495352745,0.9846525192260742,,0.026369867846369743,-0.4978486895561218,,0.15963998436927795,,0.042921073734760284,-0.8075569868087769,0.1163586676120758,0.013545985333621502,-0.14039084315299988,-0.9307993054389954,,0.05894187465310097,,0.04291023313999176,16.0,5.219049453735352,0.01948675885796547,0.07467710971832275,0.08950790017843246,0.11225096136331558
,,,,,,,,,,,,0.00010313307618949638,,,,,,,,,,,,,,21250,,,,,,,,,,,,,,,,,,,,,,,,,,,,,,,,,,,,,,,,,,0.00010313307618949638,,,,,,,,,
,,,,,,-0.3410693407058716,,,0.07957396656274796,,,,,,,,,0.26250961422920227,,,,0.9264000058174133,,,,22499,,,,,,,,,,,,,,0.2401999980211258,,,,,,,,,,,,,,,,0.1225999966263771,,,0.026799999177455902,,-0.12074510753154755,,,,,,,,,0.734414279460907,,17.0,,,,,
0.08187457174062729,0.030594253912568092,0.014148362912237644,0.07406304031610489,0.01026962697505951,-0.49632781744003296,,0.024705832824110985,0.012279930524528027,,0.010894241742789745,0.025624999776482582,,0.06795808672904968,0.007348532322794199,0.07035032659769058,0.1298999935388565,0.2509346306324005,,-0.36259785294532776,0.0372951477766037,0.024677718058228493,,0.07216940075159073,-0.4980204105377197,0.26487499475479126,22499,0.07620368897914886,0.8967750072479248,0.35583406686782837,-0.8387744426727295,0.019174091517925262,0.035575445741415024,0.06405813246965408,0.07010570913553238,0.05083495378494263,0.006753365974873304,0.9302809834480286,0.06790701299905777,0.7322836518287659,,0.27777644991874695,0.022263219580054283,0.03219204023480415,0.013003351166844368,-0.4981984496116638,0.010302579961717129,1.0128116607666016,0.0944061130285263,0.07692985981702805,0.03684832900762558,0.9947913885116577,0.20916083455085754,-0.7825062870979309,0.05255117639899254,0.9755224585533142,,0.031147735193371773,-0.49770990014076233,,0.15907447040081024,,0.046433884650468826,-0.8608938455581665,0.12981978058815002,0.018347037956118584,-0.14291267096996307,-0.9601256847381592,,0.0574762262403965,,0.0492280088365078,17.0,4.935929298400879,0.019063210114836693,0.08153056353330612,0.09955877810716629,0.1291670948266983
,,,,,,,,,,,,4.783620225598192e-05,,,,,,,,,,,,,,22500,,,,,,,,,,,,,,,,,,,,,,,,,,,,,,,,,,,,,,,,,,4.783620225598192e-05,,,,,,,,,
,,,,,,-0.34893959760665894,,,0.07883254438638687,,,,,,,,,0.2678157389163971,,,,0.9315999746322632,,,,23749,,,,,,,,,,,,,,0.24320000410079956,,,,,,,,,,,,,,,,0.11940000206232071,,,0.022600000724196434,,-0.12876880168914795,,,,,,,,,0.7339027523994446,,18.0,,,,,
0.10396101325750351,0.035695672035217285,0.016230668872594833,0.07185827195644379,0.01069980300962925,-0.4962368607521057,,0.027187548577785492,0.013719223439693451,,0.01211621519178152,0.026650000363588333,,0.06794322282075882,0.008521141484379768,0.07941437512636185,0.13015000522136688,0.2535567283630371,,-0.364082932472229,0.040685102343559265,0.027762148529291153,,0.07216314971446991,-0.49789735674858093,0.26875001192092896,23749,0.0761827602982521,0.8974499702453613,0.3973498046398163,-0.8415212631225586,0.0202463511377573,0.047673892229795456,0.06407665461301804,0.0728975310921669,0.052857667207717896,0.007712077349424362,0.9298710227012634,0.07213959097862244,0.7316430807113647,,0.27526119351387024,0.02306538261473179,0.036718711256980896,0.014556368812918663,-0.49811500310897827,0.012213388457894325,1.0111398696899414,0.10629383474588394,0.07583755254745483,0.04174315929412842,0.9993491172790527,0.18552649021148682,-0.7863326072692871,0.06186036393046379,0.9716500043869019,,0.03570294752717018,-0.49762842059135437,,0.16996243596076965,,0.05128663405776024,-0.8857715129852295,0.1474093198776245,0.021077318117022514,-0.1445901244878769,-0.9737533330917358,,0.060942113399505615,,0.056617237627506256,18.0,4.9575958251953125,0.019581744447350502,0.08905105292797089,0.1163097620010376,0.14276862144470215
,,,,,,,,,,,,1.2333423752026377e-05,,,,,,,,,,,,,,23750,,,,,,,,,,,,,,,,,,,,,,,,,,,,,,,,,,,,,,,,,,1.2333423752026377e-05,,,,,,,,,
,,,,,,-0.34568384289741516,,,0.0789070799946785,,,,,,,,,0.26465702056884766,,,,0.9308000206947327,,,,24999,,,,,,,,,,,,,,0.24120000004768372,,,,,,,,,,,,,,,,0.12080000340938568,,,0.023000000044703484,,-0.12548209726810455,,,,,,,,,0.7340053915977478,,19.0,,,,,
0.11510264873504639,0.036328453570604324,0.01637181267142296,0.07133650034666061,0.011212950572371483,-0.4961856007575989,,0.02843713015317917,0.014220948331058025,,0.012585838325321674,0.02710000053048134,,0.06794939190149307,0.009506085887551308,0.08949369192123413,0.1350249946117401,0.25369805097579956,,-0.3653640151023865,0.04234303906559944,0.02833499200642109,,0.07216521352529526,-0.4978635609149933,0.27242499589920044,24999,0.0761818140745163,0.9000750184059143,0.42039501667022705,-0.8436577916145325,0.02107330784201622,0.05409619212150574,0.06407002359628677,0.07624106854200363,0.0552201122045517,0.008571099489927292,0.9298849701881409,0.07458814978599548,0.7311253547668457,,0.2748197615146637,0.02407987043261528,0.04089386761188507,0.01571621187031269,-0.49807754158973694,0.012886622920632362,1.0126512050628662,0.11253704875707626,0.07533825933933258,0.0446060448884964,0.9991986155509949,0.17668156325817108,-0.7876396179199219,0.06757204234600067,0.9704989194869995,,0.0379151925444603,-0.497600793838501,,0.17688901722431183,,0.05463273450732231,-0.893809974193573,0.15624463558197021,0.022686809301376343,-0.14602623879909515,-0.9784463047981262,,0.06426341831684113,,0.05862145870923996,19.0,4.937897682189941,0.020159335806965828,0.09182161837816238,0.11632557213306427,0.14807356894016266
,,,,,,,,,,,,0.0005,,,,,,,,,,,,,,25000,,,,,,,,,,,,,,,,,,,,,,,,,,,,,,,,,,,,,,,,,,0.0005,,,,,,,,,
,,,,,,-0.36289483308792114,,,0.07881128787994385,,,,,,,,,0.2834469974040985,,,,0.9259999990463257,,,,26249,,,,,,,,,,,,,,0.23720000684261322,,,,,,,,,,,,,,,,0.12300000339746475,,,0.02419999986886978,,-0.14255094528198242,,,,,,,,,0.7344793677330017,,20.0,,,,,
0.12534978985786438,0.03144611045718193,0.014364349655807018,0.07959271967411041,0.01137944683432579,-0.4959030747413635,,0.027577059343457222,0.012101223692297935,,0.011448896490037441,0.025550000369548798,,0.06797267496585846,0.008130033500492573,0.07544457912445068,0.13302500545978546,0.29936522245407104,,-0.3627113997936249,0.03800231218338013,0.025044530630111694,,0.07214201241731644,-0.4975992739200592,0.26877498626708984,26249,0.07617129385471344,0.8968750238418579,0.3853714168071747,-0.8575891852378845,0.02054300718009472,0.05988280475139618,0.06406965106725693,0.08134157955646515,0.05297035351395607,0.00738124456256628,0.9274114966392517,0.06842198222875595,0.7318821549415588,,0.27731430530548096,0.027420492842793465,0.03505086526274681,0.016523391008377075,-0.49784237146377563,0.011377898044884205,0.9869288802146912,0.1019003838300705,0.076738640666008,0.042114462703466415,0.9934314489364624,0.12982015311717987,-0.806034505367279,0.06711530685424805,0.9756766557693481,,0.03624594584107399,-0.49746987223625183,,0.16583500802516937,,0.0600045882165432,-0.9472519755363464,0.14766554534435272,0.02342962846159935,-0.1431468278169632,-1.0045583248138428,,0.06819639354944229,,0.05467435345053673,20.0,5.708345890045166,0.021182173863053322,0.11492455005645752,0.09092926979064941,0.12317033857107162
,,,,,,,,,,,,0.0004969227007317547,,,,,,,,,,,,,,26250,,,,,,,,,,,,,,,,,,,,,,,,,,,,,,,,,,,,,,,,,,0.0004969227007317547,,,,,,,,,
,,,,,,-0.34789857268333435,,,0.08071192353963852,,,,,,,,,0.2704000473022461,,,,0.9502000212669373,,,,27499,,,,,,,,,,,,,,0.23180000483989716,,,,,,,,,,,,,,,,0.11860000342130661,,,0.023399999365210533,,-0.1277826428413391,,,,,,,,,0.7337201833724976,,21.0,,,,,
0.17767253518104553,0.03394689783453941,0.016065271571278572,0.08003422617912292,0.012341134250164032,-0.49537599086761475,,0.030618591234087944,0.013239877298474312,,0.012589303776621819,0.026499999687075615,,0.06804556399583817,0.008798844181001186,0.07652387022972107,0.13692499697208405,0.3099997937679291,,-0.3654688596725464,0.04084228351712227,0.02758858911693096,,0.07217203825712204,-0.49699750542640686,0.27432501316070557,27499,0.076169453561306,0.901324987411499,0.34360271692276,-0.8874399662017822,0.022415878251194954,0.08714426308870316,0.06403443217277527,0.08454052358865738,0.053834155201911926,0.006716737989336252,0.9261442422866821,0.06991539895534515,0.7309908866882324,,0.2745250165462494,0.029177099466323853,0.03485969081521034,0.018762752413749695,-0.49724793434143066,0.011583726853132248,0.9702612161636353,0.10876020789146423,0.07515843957662582,0.04534291848540306,1.0125080347061157,0.12542492151260376,-0.8315085768699646,0.08032216131687164,0.9779311418533325,,0.03915425017476082,-0.4971523582935333,,0.16967140138149261,,0.06457149237394333,-1.0308822393417358,0.15570266544818878,0.02728676237165928,-0.14617201685905457,-1.0518299341201782,,0.07685080915689468,,0.06253787130117416,21.0,5.745212078094482,0.02359570376574993,0.13654647767543793,0.09521269798278809,0.12313060462474823
,,,,,,,,,,,,0.0004877665762479737,,,,,,,,,,,,,,27500,,,,,,,,,,,,,,,,,,,,,,,,,,,,,,,,,,,,,,,,,,0.0004877665762479737,,,,,,,,,
,,,,,,-0.3648194372653961,,,0.07131802290678024,,,,,,,,,0.25572872161865234,,,,0.9319999814033508,,,,28749,,,,,,,,,,,,,,0.26660001277923584,,,,,,,,,,,,,,,,0.12460000067949295,,,0.023800000548362732,,-0.1453423947095871,,,,,,,,,0.7315899729728699,,22.0,,,,,
0.2228417992591858,0.03914619982242584,0.01760183833539486,0.08278046548366547,0.015171455219388008,-0.49499019980430603,,0.03216053918004036,0.013663600198924541,,0.013384463265538216,0.02914999984204769,,0.06806880235671997,0.010744266211986542,0.09176310151815414,0.14452500641345978,0.30506062507629395,,-0.3697800636291504,0.04186919704079628,0.029735054820775986,,0.07216402143239975,-0.49658533930778503,0.2897000014781952,28749,0.07618046551942825,0.9062749743461609,0.3751395642757416,-0.9162227511405945,0.02528606355190277,0.09151606261730194,0.0641404390335083,0.09565641731023788,0.053678277879953384,0.00797000527381897,0.9182493090629578,0.0653672143816948,0.7300431728363037,,0.2695242166519165,0.03263155370950699,0.0438944436609745,0.021664505824446678,-0.4967765510082245,0.012843052856624126,0.9706165194511414,0.1181352436542511,0.07253863662481308,0.05099472776055336,1.0158692598342896,0.1819745898246765,-0.8549812436103821,0.08855348825454712,0.9700179696083069,,0.04351135343313217,-0.496898353099823,,0.17094722390174866,,0.07045169174671173,-1.1153538227081299,0.1657409369945526,0.026754120364785194,-0.15076704323291779,-1.0883018970489502,,0.08454146981239319,,0.06975743174552917,22.0,5.497622966766357,0.025303607806563377,0.1525852382183075,0.10814238339662552,0.1188439428806305
,,,,,,,,,,,,0.0004727570807208826,,,,,,,,,,,,,,28750,,,,,,,,,,,,,,,,,,,,,,,,,,,,,,,,,,,,,,,,,,0.0004727570807208826,,,,,,,,,
,,,,,,-0.37159180641174316,,,0.06855222582817078,,,,,,,,,0.25182241201400757,,,,0.9413999915122986,,,,29999,,,,,,,,,,,,,,0.30399999022483826,,,,,,,,,,,,,,,,0.15680000185966492,,,0.029400000348687172,,-0.15298371016979218,,,,,,,,,0.7286932468414307,,23.0,,,,,
0.25886717438697815,0.04044542834162712,0.01763228140771389,0.08741389960050583,0.019072888419032097,-0.49460479617118835,,0.03355826064944267,0.01432743202894926,,0.014347346499562263,0.03202499821782112,,0.06820106506347656,0.012956851162016392,0.10621961951255798,0.15600000321865082,0.3211900293827057,,-0.37423616647720337,0.04549524560570717,0.030858630314469337,,0.07229813188314438,-0.49616459012031555,0.31287500262260437,29999,0.0761963278055191,0.9090250134468079,0.43520990014076233,-0.9482147693634033,0.028828073292970657,0.09222345799207687,0.06420227885246277,0.0909319594502449,0.05305539444088936,0.009858482517302036,0.9156151413917542,0.06702448427677155,0.7287448048591614,,0.2643137574195862,0.03100680187344551,0.058324720710515976,0.025387316942214966,-0.496425062417984,0.013988788239657879,0.969168484210968,0.12495582550764084,0.06976431608200073,0.05690869688987732,0.9937701225280762,0.19117562472820282,-0.8950421810150146,0.09710437059402466,0.9780250191688538,,0.04971922188997269,-0.49670350551605225,,0.1739780157804489,,0.07934755831956863,-1.1916210651397705,0.17912130057811737,0.0288535188883543,-0.15561246871948242,-1.1279062032699585,,0.08552563190460205,,0.0744219645857811,23.0,5.5804924964904785,0.02840529754757881,0.17748551070690155,0.1258184313774109,0.12046292424201965
,,,,,,,,,,,,0.0004522637977440182,,,,,,,,,,,,,,30000,,,,,,,,,,,,,,,,,,,,,,,,,,,,,,,,,,,,,,,,,,0.0004522637977440182,,,,,,,,,
,,,,,,-0.39413201808929443,,,0.06180606037378311,,,,,,,,,0.2534695267677307,,,,0.9100000262260437,,,,31249,,,,,,,,,,,,,,0.3774000108242035,,,,,,,,,,,,,,,,0.19859999418258667,,,0.03759999945759773,,-0.17644059658050537,,,,,,,,,0.7256381511688232,,24.0,,,,,
0.3212287724018097,0.04534514993429184,0.019767358899116516,0.09399143606424332,0.024392038583755493,-0.49419769644737244,,0.03634026646614075,0.016539189964532852,,0.01626943051815033,0.037050001323223114,,0.06822345405817032,0.015908438712358475,0.1260925829410553,0.17239999771118164,0.3268052637577057,,-0.3802123963832855,0.04734950512647629,0.03534082695841789,,0.07237238436937332,-0.4956696331501007,0.3379000127315521,31249,0.07627100497484207,0.9149500131607056,0.44701650738716125,-0.9697117209434509,0.03301318734884262,0.09944982826709747,0.06425251811742783,0.09599126130342484,0.05300971120595932,0.013181480579078197,0.914113461971283,0.06495647877454758,0.7267813682556152,,0.25728893280029297,0.03488071262836456,0.07695717364549637,0.030778823420405388,-0.49638891220092773,0.016146985813975334,0.9656994342803955,0.143392875790596,0.06603991985321045,0.06818243116140366,1.0055354833602905,0.22754023969173431,-0.921425998210907,0.11163230240345001,0.9779444336891174,,0.057565271854400635,-0.49663305282592773,,0.180023193359375,,0.09212636947631836,-1.2476540803909302,0.1946450024843216,0.032159823924303055,-0.16217811405658722,-1.1600090265274048,,0.09344444423913956,,0.08762889355421066,24.0,5.495384216308594,0.03287265822291374,0.19305436313152313,0.13918733596801758,0.13128802180290222
,,,,,,,,,,,,0.0004267913399575776,,,,,,,,,,,,,,31250,,,,,,,,,,,,,,,,,,,,,,,,,,,,,,,,,,,,,,,,,,0.0004267913399575776,,,,,,,,,
,,,,,,-0.3800416588783264,,,0.058731257915496826,,,,,,,,,0.22906050086021423,,,,0.9563999772071838,,,,32499,,,,,,,,,,,,,,0.3741999864578247,,,,,,,,,,,,,,,,0.19339999556541443,,,0.03819999843835831,,-0.16351252794265747,,,,,,,,,0.7217637896537781,,25.0,,,,,
0.36821651458740234,0.04892410710453987,0.02040262147784233,0.09712723642587662,0.028761453926563263,-0.49395301938056946,,0.03738677501678467,0.018085218966007233,,0.016770435497164726,0.03709999844431877,,0.06826385855674744,0.017838772386312485,0.14251090586185455,0.1860249936580658,0.3461555540561676,,-0.3855138421058655,0.04850403591990471,0.03745430335402489,,0.0723034143447876,-0.49525630474090576,0.35762500762939453,32499,0.07625694572925568,0.9186000227928162,0.521361768245697,-0.98048996925354,0.03531765937805176,0.09742769598960876,0.06423656642436981,0.09354875981807709,0.0544390007853508,0.015172901563346386,0.9068638682365417,0.06557650119066238,0.725365936756134,,0.2512767016887665,0.0337713249027729,0.08819430321455002,0.033588483929634094,-0.4963121712207794,0.018744759261608124,0.9641743302345276,0.162154883146286,0.06277056783437729,0.07845472544431686,1.0194664001464844,0.2358681708574295,-0.9451133012771606,0.1164003536105156,0.9788844585418701,,0.0653706043958664,-0.4966731071472168,,0.18185365200042725,,0.10191238671541214,-1.3161203861236572,0.19413642585277557,0.034411124885082245,-0.16790418326854706,-1.1719297170639038,,0.09664236754179001,,0.09619884192943573,25.0,5.639919281005859,0.03502768650650978,0.20477379858493805,0.15041938424110413,0.14122731983661652
,,,,,,,,,,,,0.0003969669238105037,,,,,,,,,,,,,,32500,,,,,,,,,,,,,,,,,,,,,,,,,,,,,,,,,,,,,,,,,,0.0003969669238105037,,,,,,,,,
,,,,,,-0.41554248332977295,,,0.054216418415308,,,,,,,,,0.24874259531497955,,,,0.9563999772071838,,,,33749,,,,,,,,,,,,,,0.3919999897480011,,,,,,,,,,,,,,,,0.21040000021457672,,,0.041600000113248825,,-0.19972750544548035,,,,,,,,,0.7193830013275146,,26.0,,,,,
0.40921851992607117,0.04641861468553543,0.019644321873784065,0.09936807304620743,0.03170448914170265,-0.49362051486968994,,0.03707783669233322,0.018782302737236023,,0.017544185742735863,0.04129999876022339,,0.0682738795876503,0.019991647452116013,0.15592412650585175,0.19584999978542328,0.3297574818134308,,-0.390868604183197,0.04641737788915634,0.03764953464269638,,0.07225175201892853,-0.49500420689582825,0.37514999508857727,33749,0.07623095065355301,0.9245250225067139,0.5182783603668213,-0.9890744090080261,0.036239784210920334,0.10456053167581558,0.06418760120868683,0.08141682296991348,0.051967803388834,0.01541719026863575,0.9032280445098877,0.06383386254310608,0.7234827876091003,,0.24351608753204346,0.0324530191719532,0.09328338503837585,0.035841841250658035,-0.49625635147094727,0.019673530012369156,0.9680841565132141,0.17896167933940887,0.05917056277394295,0.08162893354892731,1.0184431076049805,0.24471169710159302,-0.9761176705360413,0.11773727089166641,0.9794020652770996,,0.06610473990440369,-0.49666523933410645,,0.1723863184452057,,0.1035107895731926,-1.3693201541900635,0.1942291557788849,0.03557659685611725,-0.17382362484931946,-1.1810334920883179,,0.08744180202484131,,0.09712834656238556,26.0,5.26368522644043,0.034625206142663956,0.195354625582695,0.17800161242485046,0.14082874357700348
,,,,,,,,,,,,0.00036352492540989975,,,,,,,,,,,,,,33750,,,,,,,,,,,,,,,,,,,,,,,,,,,,,,,,,,,,,,,,,,0.00036352492540989975,,,,,,,,,
,,,,,,-0.36773183941841125,,,0.05606955662369728,,,,,,,,,0.21524016559123993,,,,0.9052000045776367,,,,34999,,,,,,,,,,,,,,0.42640000581741333,,,,,,,,,,,,,,,,0.2248000055551529,,,0.043800000101327896,,-0.1522422730922699,,,,,,,,,0.718298614025116,,27.0,,,,,
0.4251307249069214,0.042836010456085205,0.018256066367030144,0.09781491756439209,0.0330672562122345,-0.49322882294654846,,0.03742368146777153,0.01851460337638855,,0.017520826309919357,0.043675001710653305,,0.06826353073120117,0.021081803366541862,0.1591765135526657,0.20270000398159027,0.3295414447784424,,-0.3948347568511963,0.0447503961622715,0.036749500781297684,,0.07223104685544968,-0.49479472637176514,0.38887500762939453,34999,0.07628989964723587,0.9287499785423279,0.5583859086036682,-0.9940594434738159,0.03678227216005325,0.10416723787784576,0.06415478885173798,0.07851335406303406,0.051132891327142715,0.015272393822669983,0.9042148590087891,0.06244710087776184,0.7227245569229126,,0.23908556997776031,0.031070511788129807,0.09406201541423798,0.0369567945599556,-0.4961134195327759,0.020939577370882034,0.9686340093612671,0.18253545463085175,0.05686664581298828,0.08495176583528519,1.0170217752456665,0.24468711018562317,-1.0112974643707275,0.12319323420524597,0.9790070056915283,,0.06943825632333755,-0.49661216139793396,,0.16600953042507172,,0.10344971716403961,-1.3830336332321167,0.1925516575574875,0.03721337765455246,-0.17801757156848907,-1.1915900707244873,,0.08325188606977463,,0.09824613481760025,27.0,5.137088775634766,0.03425564989447594,0.19276094436645508,0.18588000535964966,0.1345779299736023
,,,,,,,,,,,,0.00032728879774401816,,,,,,,,,,,,,,35000,,,,,,,,,,,,,,,,,,,,,,,,,,,,,,,,,,,,,,,,,,0.00032728879774401816,,,,,,,,,
,,,,,,-0.4028451442718506,,,0.05400150641798973,,,,,,,,,0.2403971403837204,,,,0.9115999937057495,,,,36249,,,,,,,,,,,,,,0.44020000100135803,,,,,,,,,,,,,,,,0.23819999396800995,,,0.04839999973773956,,-0.1884050816297531,,,,,,,,,0.7148001194000244,,28.0,,,,,
0.4490663707256317,0.04134094715118408,0.018156662583351135,0.09826412051916122,0.0347781628370285,-0.4927981495857239,,0.038097698241472244,0.019070414826273918,,0.018125314265489578,0.04405000060796738,,0.06826069205999374,0.022209445014595985,0.16274771094322205,0.21207499504089355,0.3295705020427704,,-0.3971031606197357,0.04633534699678421,0.03725030645728111,,0.07221833616495132,-0.4946233332157135,0.4054250121116638,36249,0.07630649954080582,0.9332749843597412,0.5784636735916138,-0.9939807653427124,0.038567058742046356,0.11225881427526474,0.064156673848629,0.07298096269369125,0.05363108590245247,0.014402758330106735,0.9153399467468262,0.06392502784729004,0.7218210697174072,,0.2353489249944687,0.028126336634159088,0.09242710471153259,0.038421593606472015,-0.495984822511673,0.02290388010442257,0.9641073346138,0.1873876452445984,0.055047862231731415,0.08676986396312714,1.0176516771316528,0.2259611338376999,-1.0251597166061401,0.1264656037092209,0.9789809584617615,,0.07362312078475952,-0.49659886956214905,,0.17661599814891815,,0.10308516770601273,-1.3936420679092407,0.20474182069301605,0.03803624212741852,-0.18055640161037445,-1.2026294469833374,,0.07910431921482086,,0.10329582542181015,28.0,5.006603717803955,0.03452892601490021,0.19112862646579742,0.20141825079917908,0.13659553229808807
,,,,,,,,,,,,0.00028915079453680577,,,,,,,,,,,,,,36250,,,,,,,,,,,,,,,,,,,,,,,,,,,,,,,,,,,,,,,,,,0.00028915079453680577,,,,,,,,,
,,,,,,-0.4268665909767151,,,0.049672070890665054,,,,,,,,,0.25363925099372864,,,,0.9656000137329102,,,,37499,,,,,,,,,,,,,,0.43459999561309814,,,,,,,,,,,,,,,,0.2272000014781952,,,0.04820000007748604,,-0.21264372766017914,,,,,,,,,0.7140764594078064,,29.0,,,,,
0.474400132894516,0.043263621628284454,0.0190427303314209,0.09674181044101715,0.03587447106838226,-0.49234238266944885,,0.04043831303715706,0.02027645707130432,,0.01965031959116459,0.04475000128149986,,0.06823650002479553,0.02465747483074665,0.17367368936538696,0.22232499718666077,0.3212820589542389,,-0.399583101272583,0.04876870661973953,0.03990853577852249,,0.07220345735549927,-0.4944596588611603,0.4216749966144562,37499,0.07631929218769073,0.9339249730110168,0.6276448965072632,-1.0103228092193604,0.040309060364961624,0.11503442376852036,0.06419984996318817,0.06831257045269012,0.05518963560461998,0.014370848424732685,0.9145030975341797,0.06687291711568832,0.7209857702255249,,0.23170004785060883,0.027378622442483902,0.09138908982276917,0.03842143341898918,-0.49594637751579285,0.026086000725626945,0.9604439735412598,0.19741305708885193,0.05345316603779793,0.09229519218206406,1.0166759490966797,0.22974906861782074,-1.028160572052002,0.13199803233146667,0.9816814661026001,,0.0803062841296196,-0.4965480864048004,,0.1847517490386963,,0.10578109323978424,-1.3986146450042725,0.2162436693906784,0.04027038440108299,-0.183286651968956,-1.2050577402114868,,0.07729418575763702,,0.11158153414726257,29.0,4.769444465637207,0.03579220548272133,0.18813778460025787,0.2253081053495407,0.14304447174072266
,,,,,,,,,,,,0.00025005000000000003,,,,,,,,,,,,,,37500,,,,,,,,,,,,,,,,,,,,,,,,,,,,,,,,,,,,,,,,,,0.00025005000000000003,,,,,,,,,
,,,,,,-0.4123596251010895,,,0.04857350513339043,,,,,,,,,0.23260001838207245,,,,0.95660001039505,,,,38749,,,,,,,,,,,,,,0.4487999975681305,,,,,,,,,,,,,,,,0.2362000048160553,,,0.04800000041723251,,-0.19863669574260712,,,,,,,,,0.7124097347259521,,30.0,,,,,
0.4752589464187622,0.047104910016059875,0.019843410700559616,0.09636005014181137,0.03580937162041664,-0.4919939339160919,,0.042177699506282806,0.020770329982042313,,0.02012338675558567,0.04704999923706055,,0.06827384978532791,0.02606196328997612,0.1747201830148697,0.22852499783039093,0.32918938994407654,,-0.4006291329860687,0.04971243441104889,0.04106834530830383,,0.07218905538320541,-0.4942680299282074,0.42467498779296875,38749,0.07630273699760437,0.9352499842643738,0.6647013425827026,-1.0032212734222412,0.040536168962717056,0.11464310437440872,0.06422652304172516,0.06632236391305923,0.05628137290477753,0.014730156399309635,0.9142855405807495,0.06681080907583237,0.7206132411956787,,0.23034939169883728,0.026653826236724854,0.08999180793762207,0.03949180245399475,-0.4958828091621399,0.02760065533220768,0.9575619101524353,0.2043468952178955,0.05268567055463791,0.09654588252305984,1.01491117477417,0.22631874680519104,-1.03707754611969,0.1333303153514862,0.9781292676925659,,0.08490002155303955,-0.4966258406639099,,0.19273391366004944,,0.11021289229393005,-1.3979098796844482,0.23295751214027405,0.03993925824761391,-0.18444493412971497,-1.2158163785934448,,0.07541756331920624,,0.11510223150253296,30.0,4.816080093383789,0.03654036670923233,0.19277985394001007,0.24252629280090332,0.14718402922153473
,,,,,,,,,,,,0.00021094920546319438,,,,,,,,,,,,,,38750,,,,,,,,,,,,,,,,,,,,,,,,,,,,,,,,,,,,,,,,,,0.00021094920546319438,,,,,,,,,
,,,,,,-0.3949911892414093,,,0.04898776859045029,,,,,,,,,0.21629661321640015,,,,0.9661999940872192,,,,39999,,,,,,,,,,,,,,0.44620001316070557,,,,,,,,,,,,,,,,0.2393999993801117,,,0.04520000144839287,,-0.18150724470615387,,,,,,,,,0.7116138339042664,,31.0,,,,,
0.4981321692466736,0.04814567044377327,0.020833931863307953,0.09813696891069412,0.03703241050243378,-0.491744726896286,,0.043547797948122025,0.022183295339345932,,0.02162153460085392,0.04684999957680702,,0.06831271946430206,0.027901403605937958,0.18137508630752563,0.23559999465942383,0.3340505063533783,,-0.40227171778678894,0.052387677133083344,0.04365108534693718,,0.07222258299589157,-0.49406129121780396,0.4368000030517578,39999,0.07632262259721756,0.9380000233650208,0.7006237506866455,-0.9986846446990967,0.042125403881073,0.11855583637952805,0.06423800438642502,0.0693386048078537,0.05868813395500183,0.01482424046844244,0.9152443408966064,0.06945863366127014,0.7199652194976807,,0.227555051445961,0.026314081624150276,0.09023270756006241,0.040667153894901276,-0.4958289563655853,0.02976306714117527,0.9598749279975891,0.2078046202659607,0.05142892897129059,0.10240396857261658,1.015217661857605,0.21646897494792938,-1.0428372621536255,0.13835208117961884,0.9797318577766418,,0.09106174111366272,-0.4966466724872589,,0.20426836609840393,,0.11333224922418594,-1.4114447832107544,0.2467089146375656,0.041427552700042725,-0.18628212809562683,-1.2249220609664917,,0.0766129121184349,,0.12347067892551422,31.0,4.800609588623047,0.037739094346761703,0.1982865184545517,0.26068487763404846,0.15379205346107483
,,,,,,,,,,,,0.00017281120225598194,,,,,,,,,,,,,,40000,,,,,,,,,,,,,,,,,,,,,,,,,,,,,,,,,,,,,,,,,,0.00017281120225598194,,,,,,,,,
,,,,,,-0.38725554943084717,,,0.04819487780332565,,,,,,,,,0.2160794883966446,,,,0.9631999731063843,,,,41249,,,,,,,,,,,,,,0.4611999988555908,,,,,,,,,,,,,,,,0.24459999799728394,,,0.05220000073313713,,-0.17467336356639862,,,,,,,,,0.7086068391799927,,32.0,,,,,
0.5367174744606018,0.05548888444900513,0.023434408009052277,0.09493698179721832,0.03679271414875984,-0.4915348291397095,,0.046659331768751144,0.023426836356520653,,0.02323778346180916,0.05130000039935112,,0.06836296617984772,0.03013392724096775,0.18625836074352264,0.2464500069618225,0.3140243887901306,,-0.40306946635246277,0.05626712739467621,0.047639213502407074,,0.07223954051733017,-0.4939284324645996,0.4468249976634979,41249,0.07635066658258438,0.9387750029563904,0.7533380389213562,-0.9994745850563049,0.04419556260108948,0.12773296236991882,0.06425854563713074,0.06654628366231918,0.05868193507194519,0.014424321241676807,0.9154057502746582,0.07198338210582733,0.7194998264312744,,0.22543174028396606,0.0261891670525074,0.08870765566825867,0.04195746034383774,-0.4958297312259674,0.03202158212661743,0.9647521376609802,0.21300366520881653,0.050659071654081345,0.10633108019828796,1.011781096458435,0.20650361478328705,-1.0532017946243286,0.14795422554016113,0.9816484451293945,,0.09708747267723083,-0.49663326144218445,,0.21574445068836212,,0.114467091858387,-1.426900029182434,0.2670365869998932,0.04366979002952576,-0.18721938133239746,-1.2279863357543945,,0.07570832222700119,,0.1347186416387558,32.0,4.501124382019043,0.038033757358789444,0.18831884860992432,0.28236448764801025,0.15963926911354065
,,,,,,,,,,,,0.00013657507459010032,,,,,,,,,,,,,,41250,,,,,,,,,,,,,,,,,,,,,,,,,,,,,,,,,,,,,,,,,,0.00013657507459010032,,,,,,,,,
,,,,,,-0.39491820335388184,,,0.04719360172748566,,,,,,,,,0.2177959531545639,,,,0.9643999934196472,,,,42499,,,,,,,,,,,,,,0.46880000829696655,,,,,,,,,,,,,,,,0.2596000134944916,,,0.053199999034404755,,-0.18196514248847961,,,,,,,,,0.7098435163497925,,33.0,,,,,
0.545861005783081,0.05738159269094467,0.024195684120059013,0.09720516949892044,0.0375099778175354,-0.49131709337234497,,0.048037219792604446,0.02456897497177124,,0.024086080491542816,0.05082499980926514,,0.06835591793060303,0.03101642243564129,0.19451475143432617,0.2514750063419342,0.3174557387828827,,-0.40428557991981506,0.05800680071115494,0.049435093998909,,0.07225767523050308,-0.4938197135925293,0.45820000767707825,42499,0.07636260986328125,0.9400249719619751,0.7658662796020508,-1.0049667358398438,0.045345477759838104,0.13012437522411346,0.0642499327659607,0.06743211299180984,0.061606135219335556,0.014842808246612549,0.9149509072303772,0.0750252902507782,0.7191540598869324,,0.22354331612586975,0.026582350954413414,0.09052609652280807,0.041828565299510956,-0.4958139657974243,0.03425421193242073,0.9680317640304565,0.22275614738464355,0.049715522676706314,0.10991473495960236,1.0121643543243408,0.2066851258277893,-1.0621463060379028,0.14717157185077667,0.980843186378479,,0.10004454851150513,-0.49659663438796997,,0.22399958968162537,,0.11749131977558136,-1.4325308799743652,0.2724894881248474,0.044273704290390015,-0.18853957951068878,-1.2334144115447998,,0.07690466940402985,,0.1399259716272354,33.0,4.498902797698975,0.03894585743546486,0.19149114191532135,0.31216681003570557,0.1662907749414444
,,,,,,,,,,,,0.00010313307618949638,,,,,,,,,,,,,,42500,,,,,,,,,,,,,,,,,,,,,,,,,,,,,,,,,,,,,,,,,,0.00010313307618949638,,,,,,,,,
,,,,,,-0.39933082461357117,,,0.045885276049375534,,,,,,,,,0.21848246455192566,,,,0.9553999900817871,,,,43749,,,,,,,,,,,,,,0.4880000054836273,,,,,,,,,,,,,,,,0.2671999931335449,,,0.05139999836683273,,-0.18595275282859802,,,,,,,,,0.7112604379653931,,34.0,,,,,
0.542274534702301,0.06025933101773262,0.02518346719443798,0.09354303032159805,0.03771044686436653,-0.49114057421684265,,0.04882670193910599,0.02567601576447487,,0.02475176379084587,0.05317499861121178,,0.06836860626935959,0.031969550997018814,0.1965647041797638,0.25747498869895935,0.3052206039428711,,-0.40518006682395935,0.06021880358457565,0.05151469632983208,,0.07222739607095718,-0.49371084570884705,0.4625749886035919,43749,0.07636518776416779,0.9409999847412109,0.8175017833709717,-1.0069680213928223,0.04556239768862724,0.13101650774478912,0.06425825506448746,0.06723186373710632,0.06229942664504051,0.014411062933504581,0.9139922857284546,0.07659363746643066,0.7187977433204651,,0.22211262583732605,0.026357680559158325,0.09217218309640884,0.04183405637741089,-0.495807945728302,0.036127977073192596,0.9687643647193909,0.22942912578582764,0.049178313463926315,0.11169923096895218,1.0126930475234985,0.20578762888908386,-1.0666165351867676,0.14818227291107178,0.9811397194862366,,0.10443072766065598,-0.49657905101776123,,0.23223303258419037,,0.11521783471107483,-1.4363847970962524,0.2872786521911621,0.04468369111418724,-0.18954052031040192,-1.2372114658355713,,0.07653769105672836,,0.1467062532901764,34.0,4.269567966461182,0.03847810626029968,0.18704137206077576,0.31651124358177185,0.17169257998466492
,,,,,,,,,,,,7.330866004242248e-05,,,,,,,,,,,,,,43750,,,,,,,,,,,,,,,,,,,,,,,,,,,,,,,,,,,,,,,,,,7.330866004242248e-05,,,,,,,,,
,,,,,,-0.3948310911655426,,,0.046225063502788544,,,,,,,,,0.21697022020816803,,,,0.9617999792098999,,,,44999,,,,,,,,,,,,,,0.48660001158714294,,,,,,,,,,,,,,,,0.27000001072883606,,,0.058400001376867294,,-0.18208302557468414,,,,,,,,,0.7091602087020874,,35.0,,,,,
0.5606812238693237,0.060129523277282715,0.025844741612672806,0.09059815108776093,0.038646746426820755,-0.49102169275283813,,0.05048205703496933,0.026265224441885948,,0.02563244290649891,0.057750001549720764,,0.06837938725948334,0.03419359773397446,0.20064665377140045,0.2621999979019165,0.30063968896865845,,-0.40610507130622864,0.06262660771608353,0.05317288637161255,,0.07221955806016922,-0.4936520457267761,0.468874990940094,44999,0.07635904848575592,0.9418749809265137,0.8320232629776001,-1.0100053548812866,0.046747658401727676,0.13330884277820587,0.06426273286342621,0.06460438668727875,0.0638817846775055,0.014542252756655216,0.9132487177848816,0.07905850559473038,0.7185284495353699,,0.2205251008272171,0.025881484150886536,0.09122931212186813,0.043776631355285645,-0.4958072304725647,0.03743946924805641,0.9686325192451477,0.2318207025527954,0.04842713102698326,0.11678919941186905,1.0135303735733032,0.20259404182434082,-1.0675300359725952,0.15322397649288177,0.9811410307884216,,0.10875556617975235,-0.49655547738075256,,0.2424778789281845,,0.1175599992275238,-1.4359326362609863,0.2977980375289917,0.04618653282523155,-0.19054622948169708,-1.236976981163025,,0.07750682532787323,,0.15051116049289703,35.0,4.209288120269775,0.038910478353500366,0.1852424293756485,0.32911548018455505,0.1763204038143158
,,,,,,,,,,,,4.783620225598192e-05,,,,,,,,,,,,,,45000,,,,,,,,,,,,,,,,,,,,,,,,,,,,,,,,,,,,,,,,,,4.783620225598192e-05,,,,,,,,,
,,,,,,-0.3847988545894623,,,0.045965489000082016,,,,,,,,,0.20775920152664185,,,,0.9625999927520752,,,,46249,,,,,,,,,,,,,,0.48840001225471497,,,,,,,,,,,,,,,,0.26899999380111694,,,0.058400001376867294,,-0.17197951674461365,,,,,,,,,0.7093979716300964,,36.0,,,,,
0.5730236768722534,0.05935932695865631,0.025089994072914124,0.08631063997745514,0.038901422172784805,-0.4909433126449585,,0.0500260628759861,0.026049813255667686,,0.025310903787612915,0.054249998182058334,,0.06838785111904144,0.034181926399469376,0.20078429579734802,0.2637749910354614,0.2767406105995178,,-0.40592944622039795,0.06165129318833351,0.0519348569214344,,0.0722280740737915,-0.4935990869998932,0.46950000524520874,46249,0.07635627686977386,0.9437999725341797,0.8493608236312866,-1.0115734338760376,0.04639898240566254,0.13285230100154877,0.06427635252475739,0.06257481127977371,0.06317038834095001,0.014270356856286526,0.9158211946487427,0.07693113386631012,0.7184410095214844,,0.22031629085540771,0.025377806276082993,0.09022624790668488,0.043932318687438965,-0.49579644203186035,0.03795789182186127,0.9659067392349243,0.23243224620819092,0.048158273100852966,0.11724413931369781,1.0123217105865479,0.2032637894153595,-1.0692678689956665,0.15366198122501373,0.9804418683052063,,0.10918168723583221,-0.4965454638004303,,0.24027380347251892,,0.11566079407930374,-1.4366916418075562,0.2904326617717743,0.04621496424078941,-0.19039739668369293,-1.23965322971344,,0.07622586935758591,,0.14983884990215302,36.0,3.9194226264953613,0.038388028740882874,0.17515893280506134,0.3354901373386383,0.17660562694072723
,,,,,,,,,,,,2.7342919279117476e-05,,,,,,,,,,,,,,46250,,,,,,,,,,,,,,,,,,,,,,,,,,,,,,,,,,,,,,,,,,2.7342919279117476e-05,,,,,,,,,
,,,,,,-0.39455899596214294,,,0.045161664485931396,,,,,,,,,0.21251076459884644,,,,0.9570000171661377,,,,47499,,,,,,,,,,,,,,0.4966000020503998,,,,,,,,,,,,,,,,0.27239999175071716,,,0.061000000685453415,,-0.18146152794361115,,,,,,,,,0.7103250026702881,,37.0,,,,,
0.592007577419281,0.05859074741601944,0.025039067491889,0.09014028310775757,0.03960459679365158,-0.49088090658187866,,0.05163021758198738,0.026283344253897667,,0.02588639222085476,0.05587499961256981,,0.06838929653167725,0.03502252697944641,0.20333342254161835,0.2644749879837036,0.2946299910545349,,-0.4063624143600464,0.06241428107023239,0.052784379571676254,,0.07224103063344955,-0.4935601055622101,0.4730750024318695,47499,0.07635001838207245,0.9435999989509583,0.8675446510314941,-1.0125983953475952,0.047281697392463684,0.1354064792394638,0.0642784833908081,0.0650273934006691,0.06443928182125092,0.01505220215767622,0.9163989424705505,0.07754505425691605,0.7182297110557556,,0.21909548342227936,0.026199163869023323,0.09209227561950684,0.04478498920798302,-0.4957904815673828,0.03835355490446091,0.9670076966285706,0.233664870262146,0.04785184562206268,0.12062636762857437,1.0117933750152588,0.20775961875915527,-1.0700567960739136,0.15812669694423676,0.9802612066268921,,0.11247330158948898,-0.4965287744998932,,0.2422991245985031,,0.1202952116727829,-1.4340007305145264,0.2899914085865021,0.047181516885757446,-0.1908935010433197,-1.2410541772842407,,0.07855256646871567,,0.15427067875862122,37.0,4.10489559173584,0.03915920853614807,0.1853230744600296,0.3337318003177643,0.17794668674468994
,,,,,,,,,,,,1.2333423752026377e-05,,,,,,,,,,,,,,47500,,,,,,,,,,,,,,,,,,,,,,,,,,,,,,,,,,,,,,,,,,1.2333423752026377e-05,,,,,,,,,
,,,,,,-0.37779927253723145,,,0.04544453322887421,,,,,,,,,0.20552058517932892,,,,0.9538000226020813,,,,48749,,,,,,,,,,,,,,0.49399998784065247,,,,,,,,,,,,,,,,0.27160000801086426,,,0.055399999022483826,,-0.165164515376091,,,,,,,,,0.7087821960449219,,38.0,,,,,
0.6091499924659729,0.059015508741140366,0.025380773469805717,0.09120243042707443,0.03972858190536499,-0.4908512234687805,,0.052028074860572815,0.026677649468183517,,0.02625626139342785,0.05714999884366989,,0.06838561594486237,0.03551379218697548,0.20362204313278198,0.2687250077724457,0.2892969846725464,,-0.40730440616607666,0.06409479677677155,0.05350608006119728,,0.07224300503730774,-0.4935370683670044,0.47554999589920044,48749,0.07634910196065903,0.9431250095367432,0.8787410855293274,-1.0129461288452148,0.04756114259362221,0.13778536021709442,0.06427959352731705,0.06436939537525177,0.0659089908003807,0.014963730238378048,0.9168724417686462,0.07966484129428864,0.7181929349899292,,0.2188906967639923,0.026249486953020096,0.09141599386930466,0.045273784548044205,-0.4957885146141052,0.039031483232975006,0.9664302468299866,0.23640595376491547,0.04762420803308487,0.12168215215206146,1.011749267578125,0.20348140597343445,-1.0694084167480469,0.15920236706733704,0.9800935387611389,,0.1134602501988411,-0.49652695655822754,,0.2510487139225006,,0.11988835781812668,-1.4349557161331177,0.29851582646369934,0.04807663708925247,-0.19184613227844238,-1.2412418127059937,,0.0781528502702713,,0.15565140545368195,38.0,4.032954216003418,0.03932658210396767,0.18294279277324677,0.34144625067710876,0.1808280199766159
,,,,,,,,,,,,3.177299268245342e-06,,,,,,,,,,,,,,48750,,,,,,,,,,,,,,,,,,,,,,,,,,,,,,,,,,,,,,,,,,3.177299268245342e-06,,,,,,,,,
,,,,,,-0.38900282979011536,,,0.0453079491853714,,,,,,,,,0.2111627757549286,,,,0.95660001039505,,,,49999,,,,,,,,,,,,,,0.49639999866485596,,,,,,,,,,,,,,,,0.27140000462532043,,,0.058400001376867294,,-0.17619165778160095,,,,,,,,,0.7093701362609863,,39.0,,,,,
0.6058356165885925,0.06062383949756622,0.025568561628460884,0.08623094111680984,0.040164995938539505,-0.49084463715553284,,0.051758985966444016,0.026763683184981346,,0.02613605000078678,0.05584999918937683,,0.06838283687829971,0.03580658137798309,0.2054959237575531,0.26887500286102295,0.28008830547332764,,-0.4045718312263489,0.063555508852005,0.05351419746875763,,0.07224059104919434,-0.49353066086769104,0.4764249920845032,49999,0.07634953409433365,0.942550003528595,0.8811561465263367,-1.0130596160888672,0.047367069870233536,0.13684377074241638,0.0642814114689827,0.06475374102592468,0.06485701352357864,0.01499177422374487,0.9171111583709717,0.07805326581001282,0.7179844975471497,,0.21789371967315674,0.026012148708105087,0.09208662062883377,0.04538441821932793,-0.49578848481178284,0.03918813541531563,0.9663590788841248,0.23943977057933807,0.04782360792160034,0.12119828164577484,1.011616826057434,0.20577988028526306,-1.0694645643234253,0.1582432985305786,0.9797393679618835,,0.11261668801307678,-0.4965257942676544,,0.2493831068277359,,0.11909472942352295,-1.435373067855835,0.301688551902771,0.04755774140357971,-0.1891762763261795,-1.2414456605911255,,0.07848276942968369,,0.1548215001821518,39.0,3.937633991241455,0.03947099670767784,0.17914922535419464,0.34752312302589417,0.18165093660354614
,,,,,,,,,,,,0.0005,,,,,,,,,,,,,,50000,,,,,,,,,,,,,,,,,,,,,,,,,,,,,,,,,,,,,,,,,,0.0005,,,,,,,,,
,,,,,,-0.42588329315185547,,,0.0451851487159729,,,,,,,,,0.24178864061832428,,,,0.9621999859809875,,,,51249,,,,,,,,,,,,,,0.510200023651123,,,,,,,,,,,,,,,,0.2800000011920929,,,0.05939999967813492,,-0.2130410373210907,,,,,,,,,0.7094740867614746,,40.0,,,,,
0.5167602300643921,0.05817745253443718,0.025077346712350845,0.10899636149406433,0.04003412649035454,-0.49062857031822205,,0.051087360829114914,0.02646300010383129,,0.025527501478791237,0.05184999853372574,,0.06841369718313217,0.033491551876068115,0.1934933066368103,0.2553749978542328,0.3899902403354645,,-0.4028259217739105,0.06329384446144104,0.05190987512469292,,0.07229387015104294,-0.49347352981567383,0.4600749909877777,51249,0.07626762986183167,0.9405999779701233,0.8412558436393738,-1.022140383720398,0.0479978509247303,0.1242896094918251,0.06429765373468399,0.0639653429389,0.0645517036318779,0.01600790210068226,0.9221765398979187,0.0758330449461937,0.7189030051231384,,0.22476382553577423,0.02671196684241295,0.09266293048858643,0.04261144623160362,-0.49584951996803284,0.03771420940756798,0.9586291909217834,0.2185976803302765,0.05010760948061943,0.11957276612520218,1.0143866539001465,0.19283099472522736,-1.0817588567733765,0.148249089717865,0.9705604314804077,,0.10967706143856049,-0.4966174364089966,,0.24725571274757385,,0.12792862951755524,-1.4500893354415894,0.2985035479068756,0.04403625801205635,-0.18715493381023407,-1.2439063787460327,,0.07839412987232208,,0.15058034658432007,40.0,5.258425235748291,0.04196580871939659,0.22885097563266754,0.328914612531662,0.1717505306005478
,,,,,,,,,,,,0.0004992294875665954,,,,,,,,,,,,,,51250,,,,,,,,,,,,,,,,,,,,,,,,,,,,,,,,,,,,,,,,,,0.0004992294875665954,,,,,,,,,
,,,,,,-0.3969300389289856,,,0.04911069944500923,,,,,,,,,0.24721162021160126,,,,0.9635999798774719,,,,52499,,,,,,,,,,,,,,0.45579999685287476,,,,,,,,,,,,,,,,0.24120000004768372,,,0.04399999976158142,,-0.1850624978542328,,,,,,,,,0.7062258124351501,,41.0,,,,,
0.5445687770843506,0.05786890909075737,0.025005904957652092,0.10724911838769913,0.03660877048969269,-0.49026307463645935,,0.05050843954086304,0.0266619510948658,,0.026100989431142807,0.05635000020265579,,0.06846193969249725,0.032523538917303085,0.18055754899978638,0.2650749981403351,0.3804076910018921,,-0.40387797355651855,0.06254265457391739,0.053031861782073975,,0.07235807180404663,-0.49334508180618286,0.470674991607666,52499,0.07633785158395767,0.9413750171661377,0.8796362280845642,-1.0369231700897217,0.04710277542471886,0.11822353303432465,0.06435425579547882,0.05746304988861084,0.06266769766807556,0.014884051866829395,0.929214358329773,0.07475754618644714,0.7184560894966125,,0.22295255959033966,0.02401946857571602,0.08866606652736664,0.04229174554347992,-0.4959198236465454,0.037953075021505356,0.9698414206504822,0.20532318949699402,0.049264561384916306,0.11502547562122345,1.0125066041946411,0.1700190007686615,-1.1105029582977295,0.1420290470123291,0.9781901240348816,,0.1076870709657669,-0.4968908131122589,,0.2399451732635498,,0.11971975117921829,-1.4841840267181396,0.2876981198787689,0.0434533953666687,-0.18834111094474792,-1.2521464824676514,,0.07162342220544815,,0.15142822265625,41.0,5.031609058380127,0.04084309563040733,0.215912327170372,0.34647005796432495,0.16789880394935608
,,,,,,,,,,,,0.0004969227007317547,,,,,,,,,,,,,,52500,,,,,,,,,,,,,,,,,,,,,,,,,,,,,,,,,,,,,,,,,,0.0004969227007317547,,,,,,,,,
,,,,,,-0.3908803462982178,,,0.04711784049868584,,,,,,,,,0.21070371568202972,,,,0.9729999899864197,,,,53749,,,,,,,,,,,,,,0.5058000087738037,,,,,,,,,,,,,,,,0.2808000147342682,,,0.054999999701976776,,-0.1793467253446579,,,,,,,,,0.705111563205719,,42.0,,,,,
0.5227184891700745,0.052820924669504166,0.022917484864592552,0.11425682157278061,0.03528682515025139,-0.4899473488330841,,0.05062650516629219,0.0245800893753767,,0.025322290137410164,0.058274999260902405,,0.06847035884857178,0.031978629529476166,0.17745961248874664,0.27904999256134033,0.38766050338745117,,-0.40575578808784485,0.06008434295654297,0.050195615738630295,,0.07245256006717682,-0.4932125508785248,0.4811500012874603,53749,0.07650209218263626,0.9441750049591064,0.947847843170166,-1.0499258041381836,0.04655403271317482,0.11338941752910614,0.06432178616523743,0.0544796921312809,0.05980775132775307,0.01421707309782505,0.9305923581123352,0.07145135849714279,0.7177373766899109,,0.21983705461025238,0.023958386853337288,0.08638115227222443,0.042062267661094666,-0.49606606364250183,0.03716084361076355,0.9822975397109985,0.1988493949174881,0.04794224351644516,0.11030395328998566,1.0109314918518066,0.15988749265670776,-1.1402250528335571,0.13994966447353363,0.9802455902099609,,0.10442017763853073,-0.4970630407333374,,0.22275815904140472,,0.1163771003484726,-1.4853721857070923,0.2665572166442871,0.04328837990760803,-0.190434530377388,-1.260340690612793,,0.07123766839504242,,0.14578068256378174,42.0,4.998106479644775,0.041410159319639206,0.21704109013080597,0.36279961466789246,0.15570902824401855
,,,,,,,,,,,,0.0004930938616033993,,,,,,,,,,,,,,53750,,,,,,,,,,,,,,,,,,,,,,,,,,,,,,,,,,,,,,,,,,0.0004930938616033993,,,,,,,,,
,,,,,,-0.37648698687553406,,,0.04189213365316391,,,,,,,,,0.19722312688827515,,,,0.9616000056266785,,,,54999,,,,,,,,,,,,,,0.5350000262260437,,,,,,,,,,,,,,,,0.2924000024795532,,,0.055399999022483826,,-0.1644493192434311,,,,,,,,,0.7067922353744507,,43.0,,,,,
0.5441007614135742,0.055404528975486755,0.02390461042523384,0.11795701831579208,0.033985815942287445,-0.4898033142089844,,0.0528867170214653,0.025165732949972153,,0.026099689304828644,0.059700001031160355,,0.06851444393396378,0.033723875880241394,0.17344243824481964,0.28790000081062317,0.38665032386779785,,-0.40732380747795105,0.06110453978180885,0.05198416858911514,,0.07238885760307312,-0.49309593439102173,0.49880000948905945,54999,0.07658910006284714,0.946025013923645,0.9904718995094299,-1.0518560409545898,0.04649859666824341,0.10633832961320877,0.06434527039527893,0.053782347589731216,0.06319531053304672,0.013773704878985882,0.9160641431808472,0.07425400614738464,0.7169674038887024,,0.21620973944664001,0.024242645129561424,0.08558329194784164,0.0421055443584919,-0.49629688262939453,0.03866145387291908,0.9804363250732422,0.1971903294324875,0.04637622833251953,0.11112312972545624,1.0091966390609741,0.15629294514656067,-1.159158706665039,0.1334528774023056,0.9805947542190552,,0.10572530329227448,-0.4971817433834076,,0.22817863523960114,,0.11447589099407196,-1.507071614265442,0.2629185616970062,0.04214964807033539,-0.19223318994045258,-1.2636111974716187,,0.07074721157550812,,0.14991819858551025,43.0,4.859851837158203,0.041321054100990295,0.21549436450004578,0.3906609117984772,0.15706276893615723
,,,,,,,,,,,,0.0004877665762479737,,,,,,,,,,,,,,55000,,,,,,,,,,,,,,,,,,,,,,,,,,,,,,,,,,,,,,,,,,0.0004877665762479737,,,,,,,,,
,,,,,,-0.4015754461288452,,,0.042391978204250336,,,,,,,,,0.2119075506925583,,,,0.97079998254776,,,,56249,,,,,,,,,,,,,,0.5410000085830688,,,,,,,,,,,,,,,,0.3034000098705292,,,0.06400000303983688,,-0.18979084491729736,,,,,,,,,0.7059488892555237,,44.0,,,,,
0.5796838402748108,0.05421631410717964,0.02363794483244419,0.11290512979030609,0.03325348347425461,-0.4894181191921234,,0.05527929589152336,0.02549726329743862,,0.026306912302970886,0.06449999660253525,,0.06846410781145096,0.03359619900584221,0.16679485142230988,0.3027249872684479,0.36421310901641846,,-0.40701982378959656,0.06154315918684006,0.05227268114686012,,0.07226639240980148,-0.49300912022590637,0.5128250122070312,56249,0.07648209482431412,0.9471250176429749,1.0239287614822388,-1.0594244003295898,0.04749593511223793,0.1079600602388382,0.06435391306877136,0.05316491052508354,0.06301552057266235,0.013137797825038433,0.914961040019989,0.0748157873749733,0.7164850234985352,,0.21454384922981262,0.022910380735993385,0.08294611424207687,0.04309872165322304,-0.4964230954647064,0.039021991193294525,0.9617825150489807,0.19056719541549683,0.045739125460386276,0.11173327267169952,1.0077340602874756,0.15072518587112427,-1.1821320056915283,0.1383243203163147,0.9799602627754211,,0.11013543605804443,-0.497303307056427,,0.22503449022769928,,0.11287254840135574,-1.5223639011383057,0.262092649936676,0.04286854714155197,-0.19207453727722168,-1.2732291221618652,,0.06778985261917114,,0.15626969933509827,44.0,4.539890766143799,0.04137137904763222,0.20755448937416077,0.40542465448379517,0.15751412510871887
,,,,,,,,,,,,0.00048097368915119617,,,,,,,,,,,,,,56250,,,,,,,,,,,,,,,,,,,,,,,,,,,,,,,,,,,,,,,,,,0.00048097368915119617,,,,,,,,,
,,,,,,-0.36963126063346863,,,0.04186457023024559,,,,,,,,,0.19269146025180817,,,,0.9706000089645386,,,,57499,,,,,,,,,,,,,,0.5490000247955322,,,,,,,,,,,,,,,,0.3019999861717224,,,0.062199998646974564,,-0.15923358500003815,,,,,,,,,0.7013248801231384,,45.0,,,,,
0.6172442436218262,0.053964000195264816,0.023401957005262375,0.11774291098117828,0.03382696211338043,-0.4891539514064789,,0.05685192346572876,0.02635257877409458,,0.02761566825211048,0.0681999996304512,,0.06846266239881516,0.033488865941762924,0.16729366779327393,0.313400000333786,0.39746519923210144,,-0.40839967131614685,0.06543182581663132,0.05387276038527489,,0.07227762788534164,-0.4928309917449951,0.5215250253677368,57499,0.0764605924487114,0.9482250213623047,1.076002836227417,-1.07081139087677,0.048476692289114,0.10689201951026917,0.06434232741594315,0.04944742098450661,0.06654295325279236,0.012740002013742924,0.9197816252708435,0.07672316581010818,0.7158812284469604,,0.21243178844451904,0.02296547032892704,0.08097584545612335,0.04248669371008873,-0.4965919852256775,0.04108326882123947,0.972267746925354,0.18885193765163422,0.044753141701221466,0.11198123544454575,1.0072156190872192,0.14699245989322662,-1.211692452430725,0.13580970466136932,0.9780352711677551,,0.11380087584257126,-0.4974827170372009,,0.23159809410572052,,0.11017479002475739,-1.5500479936599731,0.2565819323062897,0.043455809354782104,-0.19363519549369812,-1.2757859230041504,,0.06943818181753159,,0.1597042828798294,45.0,4.774769306182861,0.041552502661943436,0.22030818462371826,0.424663245677948,0.15765929222106934
,,,,,,,,,,,,0.0004727570807208826,,,,,,,,,,,,,,57500,,,,,,,,,,,,,,,,,,,,,,,,,,,,,,,,,,,,,,,,,,0.0004727570807208826,,,,,,,,,
,,,,,,-0.3931032121181488,,,0.03976726159453392,,,,,,,,,0.21094343066215515,,,,0.9556000232696533,,,,58749,,,,,,,,,,,,,,0.5655999779701233,,,,,,,,,,,,,,,,0.3019999861717224,,,0.0568000003695488,,-0.18164518475532532,,,,,,,,,0.7048596739768982,,46.0,,,,,
0.6074844002723694,0.05623319745063782,0.022904714569449425,0.11505108326673508,0.03478217497467995,-0.4890207052230835,,0.058090489357709885,0.027311187237501144,,0.027759313583374023,0.07249999791383743,,0.06850037723779678,0.03190159425139427,0.16276316344738007,0.3218249976634979,0.3867502212524414,,-0.40824395418167114,0.06406590342521667,0.05373096838593483,,0.07229845225811005,-0.49278369545936584,0.5306000113487244,58749,0.07653850317001343,0.9513499736785889,1.1374377012252808,-1.0897678136825562,0.04774073511362076,0.10486290603876114,0.06437280029058456,0.04755090922117233,0.066446952521801,0.012486109510064125,0.9194434285163879,0.07632067054510117,0.7153741121292114,,0.21023671329021454,0.022279098629951477,0.08023475855588913,0.042074669152498245,-0.49672451615333557,0.04069870710372925,0.9754810333251953,0.18090149760246277,0.043823014944791794,0.10938220471143723,1.002485990524292,0.15503571927547455,-1.2499306201934814,0.13323991000652313,0.9881361126899719,,0.11362729221582413,-0.49754422903060913,,0.2270946353673935,,0.1069948747754097,-1.557910680770874,0.24629762768745422,0.0429936908185482,-0.1936320662498474,-1.2792513370513916,,0.07081588357686996,,0.16088832914829254,46.0,4.5128493309021,0.04233965277671814,0.22083373367786407,0.44049981236457825,0.15698117017745972
,,,,,,,,,,,,0.0004631674090803054,,,,,,,,,,,,,,58750,,,,,,,,,,,,,,,,,,,,,,,,,,,,,,,,,,,,,,,,,,0.0004631674090803054,,,,,,,,,
,,,,,,-0.3403037190437317,,,0.03883378580212593,,,,,,,,,0.17984649538993835,,,,0.9595999717712402,,,,59999,,,,,,,,,,,,,,0.5885999798774719,,,,,,,,,,,,,,,,0.33660000562667847,,,0.06800000369548798,,-0.12941786646842957,,,,,,,,,0.7029528021812439,,47.0,,,,,
0.6167919635772705,0.05663366615772247,0.022810889407992363,0.12121989578008652,0.03556317836046219,-0.4888986349105835,,0.0594884529709816,0.02721543051302433,,0.027678759768605232,0.07604999840259552,,0.06853010505437851,0.03344755247235298,0.16692368686199188,0.33869999647140503,0.4038810431957245,,-0.40899962186813354,0.063245490193367,0.05389046669006348,,0.0723697766661644,-0.49264371395111084,0.5429999828338623,59999,0.07646695524454117,0.9517250061035156,1.1873149871826172,-1.1098015308380127,0.049362871795892715,0.10343074053525925,0.06439600139856339,0.04939296469092369,0.06742853671312332,0.012673159129917622,0.9451114535331726,0.0774507001042366,0.7150086760520935,,0.20824633538722992,0.023257482796907425,0.08135771751403809,0.044490423053503036,-0.49682408571243286,0.04161897301673889,0.9808337092399597,0.1798057109117508,0.04297216981649399,0.11112238466739655,1.007348656654358,0.16613318026065826,-1.2989591360092163,0.136061891913414,0.9900592565536499,,0.11419239640235901,-0.4975017011165619,,0.22466625273227692,,0.10995026677846909,-1.5672287940979004,0.24702322483062744,0.04354958236217499,-0.1944970041513443,-1.286935567855835,,0.07140462845563889,,0.1615656614303589,47.0,4.646292686462402,0.042909055948257446,0.23156359791755676,0.46902862191200256,0.15512079000473022
,,,,,,,,,,,,0.0004522637977440182,,,,,,,,,,,,,,60000,,,,,,,,,,,,,,,,,,,,,,,,,,,,,,,,,,,,,,,,,,0.0004522637977440182,,,,,,,,,
,,,,,,-0.3637838065624237,,,0.03713488206267357,,,,,,,,,0.17704720795154572,,,,0.9593999981880188,,,,61249,,,,,,,,,,,,,,0.6079999804496765,,,,,,,,,,,,,,,,0.39959999918937683,,,0.08879999816417694,,-0.1523463875055313,,,,,,,,,0.7047913074493408,,48.0,,,,,
0.6342520713806152,0.05373796448111534,0.02268497832119465,0.11480643600225449,0.03511689230799675,-0.48874926567077637,,0.06062188744544983,0.028118744492530823,,0.028567789122462273,0.0794999971985817,,0.068527452647686,0.031809963285923004,0.16309583187103271,0.34687501192092896,0.38247352838516235,,-0.4089943766593933,0.06415259093046188,0.05479467660188675,,0.0723503828048706,-0.49257680773735046,0.5503249764442444,61249,0.0764637216925621,0.9536250233650208,1.193654179573059,-1.1481720209121704,0.04943493381142616,0.10277322679758072,0.06440963596105576,0.04828820377588272,0.06850164383649826,0.012206418439745903,0.9522669911384583,0.08053987473249435,0.714484691619873,,0.20599234104156494,0.022368278354406357,0.0820142850279808,0.043961577117443085,-0.49698272347450256,0.04073568433523178,0.9724707007408142,0.1742676943540573,0.04211797937750816,0.10844014585018158,1.0072087049484253,0.16908764839172363,-1.3162039518356323,0.13732251524925232,0.9857886433601379,,0.11371222138404846,-0.49758750200271606,,0.22758670151233673,,0.10488612204790115,-1.5879294872283936,0.25554943084716797,0.043302271515131,-0.19464899599552155,-1.3003100156784058,,0.07154680043458939,,0.16798989474773407,48.0,4.298094749450684,0.04282691329717636,0.22754418849945068,0.4793102443218231,0.15432187914848328
,,,,,,,,,,,,0.00044011347110172784,,,,,,,,,,,,,,61250,,,,,,,,,,,,,,,,,,,,,,,,,,,,,,,,,,,,,,,,,,0.00044011347110172784,,,,,,,,,
,,,,,,-0.3354153633117676,,,0.039046868681907654,,,,,,,,,0.18929943442344666,,,,0.9567999839782715,,,,62499,,,,,,,,,,,,,,0.5771999955177307,,,,,,,,,,,,,,,,0.3041999936103821,,,0.06019999831914902,,-0.1255730837583542,,,,,,,,,0.6994738578796387,,49.0,,,,,
0.6543007493019104,0.05433882400393486,0.0235578715801239,0.118767648935318,0.03517386317253113,-0.4886414110660553,,0.061682820320129395,0.02879350818693638,,0.0283467136323452,0.08169999718666077,,0.06849902123212814,0.03210728242993355,0.16209439933300018,0.3538999855518341,0.3976180851459503,,-0.40928491950035095,0.06377098709344864,0.05563480779528618,,0.07232502102851868,-0.49258795380592346,0.5578250288963318,62499,0.07652901858091354,0.9535999894142151,1.2126940488815308,-1.1758915185928345,0.04982289299368858,0.10131816565990448,0.06435182690620422,0.04883154481649399,0.0687170922756195,0.012192017398774624,0.9568230509757996,0.08198529481887817,0.7142640948295593,,0.20491142570972443,0.021934427320957184,0.0827254056930542,0.04388695955276489,-0.4971868097782135,0.04070828855037689,0.9687206149101257,0.17108112573623657,0.04158324748277664,0.10803913325071335,1.0031415224075317,0.17100858688354492,-1.345229983329773,0.13114021718502045,0.9792044758796692,,0.11275436729192734,-0.4976417124271393,,0.22872711718082428,,0.10511435568332672,-1.6344974040985107,0.2530744969844818,0.04369937255978584,-0.19500602781772614,-1.303257942199707,,0.07214060425758362,,0.16958655416965485,49.0,4.30797815322876,0.04322528839111328,0.2376381903886795,0.5043058395385742,0.15466780960559845
,,,,,,,,,,,,0.0004267913399575776,,,,,,,,,,,,,,62500,,,,,,,,,,,,,,,,,,,,,,,,,,,,,,,,,,,,,,,,,,0.0004267913399575776,,,,,,,,,
,,,,,,-0.32799652218818665,,,0.03959212824702263,,,,,,,,,0.19336839020252228,,,,0.9585999846458435,,,,63749,,,,,,,,,,,,,,0.5493999719619751,,,,,,,,,,,,,,,,0.27160000801086426,,,0.05040000006556511,,-0.11734708398580551,,,,,,,,,0.7021645903587341,,50.0,,,,,
0.6801231503486633,0.055321160703897476,0.024115895852446556,0.11747913807630539,0.03576379641890526,-0.48847880959510803,,0.0645119920372963,0.02936595119535923,,0.029167070984840393,0.08577500283718109,,0.06845397502183914,0.03193056210875511,0.15876935422420502,0.3631249964237213,0.392969012260437,,-0.40977826714515686,0.06425492465496063,0.05685800686478615,,0.07224030792713165,-0.4924580454826355,0.5652499794960022,63749,0.07649769634008408,0.9547749757766724,1.25441312789917,-1.1934857368469238,0.051098063588142395,0.10098524391651154,0.06437358260154724,0.0501277819275856,0.07154840230941772,0.012309819459915161,0.9530513882637024,0.08377297967672348,0.7139293551445007,,0.20281308889389038,0.022332774475216866,0.08197125047445297,0.04427368938922882,-0.4972434639930725,0.04151226952672005,0.9670292139053345,0.17037461698055267,0.04090840369462967,0.10984154045581818,1.0072274208068848,0.18116560578346252,-1.369803786277771,0.1346258521080017,0.9807943105697632,,0.11619792133569717,-0.49766358733177185,,0.23256440460681915,,0.10619411617517471,-1.6425251960754395,0.2500753700733185,0.04457550868391991,-0.1955995261669159,-1.3034141063690186,,0.07226333767175674,,0.18082761764526367,50.0,4.163857460021973,0.04327895864844322,0.2432776391506195,0.5174002051353455,0.15613298118114471
,,,,,,,,,,,,0.0004123795396801295,,,,,,,,,,,,,,63750,,,,,,,,,,,,,,,,,,,,,,,,,,,,,,,,,,,,,,,,,,0.0004123795396801295,,,,,,,,,
,,,,,,-0.3188340961933136,,,0.03827853500843048,,,,,,,,,0.1892516016960144,,,,0.9666000008583069,,,,64999,,,,,,,,,,,,,,0.5812000036239624,,,,,,,,,,,,,,,,0.31439998745918274,,,0.05820000171661377,,-0.1091025173664093,,,,,,,,,0.6991046667098999,,51.0,,,,,
0.6739245057106018,0.05362248048186302,0.023964909836649895,0.1198715791106224,0.035842202603816986,-0.48831114172935486,,0.06581347435712814,0.029579883441329002,,0.029181037098169327,0.08945000171661377,,0.06839795410633087,0.032224949449300766,0.16002574563026428,0.37400001287460327,0.4052031934261322,,-0.4096828103065491,0.0638856366276741,0.056762006133794785,,0.07213360071182251,-0.49235799908638,0.569350004196167,64999,0.07640650868415833,0.9560750126838684,1.2765599489212036,-1.208873987197876,0.05075807496905327,0.09796492010354996,0.06439579278230667,0.05048743262887001,0.07084427028894424,0.012278630398213863,0.9494011998176575,0.0825740247964859,0.713369607925415,,0.20095215737819672,0.022816864773631096,0.08355360478162766,0.04527689144015312,-0.49726390838623047,0.042031873017549515,0.9726828932762146,0.1729571372270584,0.04001648724079132,0.11053792387247086,1.0050973892211914,0.18481136858463287,-1.4116789102554321,0.13398928940296173,0.9898181557655334,,0.11676730960607529,-0.49762046337127686,,0.22519086301326752,,0.10568851232528687,-1.6470736265182495,0.24855193495750427,0.044946566224098206,-0.19567178189754486,-1.3000437021255493,,0.07363045960664749,,0.18398310244083405,51.0,4.172349452972412,0.04378645122051239,0.25050103664398193,0.5166357755661011,0.15528452396392822
,,,,,,,,,,,,0.0003969669238105037,,,,,,,,,,,,,,65000,,,,,,,,,,,,,,,,,,,,,,,,,,,,,,,,,,,,,,,,,,0.0003969669238105037,,,,,,,,,
,,,,,,-0.39273372292518616,,,0.035873766988515854,,,,,,,,,0.1988196223974228,,,,0.9693999886512756,,,,66249,,,,,,,,,,,,,,0.621999979019165,,,,,,,,,,,,,,,,0.39879998564720154,,,0.08820000290870667,,-0.18136849999427795,,,,,,,,,0.7045504450798035,,52.0,,,,,
0.6881557106971741,0.05510242283344269,0.024689359590411186,0.1130741611123085,0.03601444140076637,-0.4880572259426117,,0.06637411564588547,0.029663249850273132,,0.029277069494128227,0.0917000025510788,,0.06839197129011154,0.031212881207466125,0.16133497655391693,0.38135001063346863,0.3926132023334503,,-0.4094061255455017,0.06528116762638092,0.05748904496431351,,0.07206589728593826,-0.49231263995170593,0.5736250281333923,66249,0.0765085369348526,0.956725001335144,1.3676787614822388,-1.2266285419464111,0.05135640874505043,0.0981697365641594,0.06445547193288803,0.0497652068734169,0.07207231223583221,0.012018467299640179,0.949332594871521,0.08411451429128647,0.713239312171936,,0.1998063623905182,0.02214125171303749,0.08432062715291977,0.04525386169552803,-0.49755415320396423,0.04279370605945587,0.9762880802154541,0.17859217524528503,0.039775244891643524,0.10958483815193176,1.0033268928527832,0.18786625564098358,-1.4214763641357422,0.13468050956726074,0.9799931645393372,,0.11690934002399445,-0.49760982394218445,,0.22650383412837982,,0.10306333005428314,-1.6652089357376099,0.25187331438064575,0.04507340118288994,-0.19543427228927612,-1.2998751401901245,,0.07457062602043152,,0.18732433021068573,52.0,3.932918071746826,0.044391315430402756,0.24993178248405457,0.5314178466796875,0.1541612148284912
,,,,,,,,,,,,0.00038064851625075144,,,,,,,,,,,,,,66250,,,,,,,,,,,,,,,,,,,,,,,,,,,,,,,,,,,,,,,,,,0.00038064851625075144,,,,,,,,,
,,,,,,-0.3459269106388092,,,0.03776296600699425,,,,,,,,,0.18814784288406372,,,,0.9666000008583069,,,,67499,,,,,,,,,,,,,,0.6132000088691711,,,,,,,,,,,,,,,,0.35519999265670776,,,0.07419999688863754,,-0.136572003364563,,,,,,,,,0.6978493928909302,,53.0,,,,,
0.6696058511734009,0.05873657390475273,0.025747599080204964,0.11258724331855774,0.03536411002278328,-0.4877692759037018,,0.06721815466880798,0.031657204031944275,,0.029694778844714165,0.0923750028014183,,0.06837733089923859,0.03112849034368992,0.15976408123970032,0.3890250027179718,0.40948522090911865,,-0.40937361121177673,0.0635923370718956,0.05876116827130318,,0.0720120221376419,-0.49221083521842957,0.5785750150680542,67499,0.07665705680847168,0.9575499892234802,1.3917946815490723,-1.2453835010528564,0.051159124821424484,0.09659436345100403,0.06445573270320892,0.051190681755542755,0.07205379009246826,0.011756124906241894,0.9375420808792114,0.08428889513015747,0.7131193280220032,,0.1990085244178772,0.022300690412521362,0.08238144218921661,0.04345529526472092,-0.497783362865448,0.04211276397109032,0.986107587814331,0.17370730638504028,0.039427220821380615,0.10897993296384811,1.0063817501068115,0.17882587015628815,-1.4358245134353638,0.1303478330373764,0.9762079119682312,,0.11758692562580109,-0.4975664019584656,,0.22248698770999908,,0.10351499170064926,-1.6783406734466553,0.2448224127292633,0.044098883867263794,-0.19543783366680145,-1.3066506385803223,,0.07505901157855988,,0.19445547461509705,53.0,4.027585506439209,0.04420261085033417,0.25475817918777466,0.5214762091636658,0.15476378798484802
,,,,,,,,,,,,0.00036352492540989975,,,,,,,,,,,,,,67500,,,,,,,,,,,,,,,,,,,,,,,,,,,,,,,,,,,,,,,,,,0.00036352492540989975,,,,,,,,,
,,,,,,-0.350590318441391,,,0.03609704226255417,,,,,,,,,0.18462049961090088,,,,0.9631999731063843,,,,68749,,,,,,,,,,,,,,0.6371999979019165,,,,,,,,,,,,,,,,0.39559999108314514,,,0.08060000091791153,,-0.1401766538619995,,,,,,,,,0.7013787627220154,,54.0,,,,,
0.6924678087234497,0.054933980107307434,0.024241777136921883,0.11449069529771805,0.03574681654572487,-0.48748138546943665,,0.06765425950288773,0.030768200755119324,,0.02925744280219078,0.09422499686479568,,0.06842464208602905,0.03151126205921173,0.1617533266544342,0.3894749879837036,0.422394335269928,,-0.4090021550655365,0.0629623681306839,0.056491218507289886,,0.07194701582193375,-0.49212396144866943,0.5806000232696533,68749,0.07661456614732742,0.9574499726295471,1.413004994392395,-1.2502163648605347,0.0518312081694603,0.09542139619588852,0.0644412487745285,0.052423033863306046,0.07284855097532272,0.012177327647805214,0.947506844997406,0.08455507457256317,0.7128561735153198,,0.1981813907623291,0.02325870841741562,0.08308929949998856,0.04313308373093605,-0.49802371859550476,0.04187777265906334,0.9805569052696228,0.1759130358695984,0.03900276497006416,0.10777390003204346,1.0039207935333252,0.18979085981845856,-1.4564117193222046,0.12960316240787506,0.9679780006408691,,0.11364532262086868,-0.49757227301597595,,0.22386272251605988,,0.10504641383886337,-1.683684229850769,0.23868003487586975,0.043910399079322815,-0.19514505565166473,-1.3133952617645264,,0.07756377756595612,,0.19157257676124573,54.0,4.026945114135742,0.044820789247751236,0.2677256762981415,0.5273874998092651,0.15406747162342072
,,,,,,,,,,,,0.00034570172391965427,,,,,,,,,,,,,,68750,,,,,,,,,,,,,,,,,,,,,,,,,,,,,,,,,,,,,,,,,,0.00034570172391965427,,,,,,,,,
,,,,,,-0.3733406066894531,,,0.03624626621603966,,,,,,,,,0.19944854080677032,,,,0.972000002861023,,,,69999,,,,,,,,,,,,,,0.6281999945640564,,,,,,,,,,,,,,,,0.36980000138282776,,,0.07479999959468842,,-0.1627400815486908,,,,,,,,,0.7020016312599182,,55.0,,,,,
0.7138200998306274,0.055650535970926285,0.02461664378643036,0.11573366820812225,0.03612922504544258,-0.48735371232032776,,0.06958998739719391,0.032135289162397385,,0.030545027926564217,0.096950002014637,,0.0684102326631546,0.03238581120967865,0.1583251655101776,0.39820000529289246,0.41505321860313416,,-0.4089414179325104,0.06523221731185913,0.058612409979104996,,0.07189811766147614,-0.49202659726142883,0.5858500003814697,69999,0.07660028338432312,0.9577249884605408,1.4063944816589355,-1.2763490676879883,0.053030967712402344,0.09989552944898605,0.06441180408000946,0.05195898935198784,0.07437217980623245,0.012288635596632957,0.9512154459953308,0.08529865741729736,0.7127984166145325,,0.197605162858963,0.024019187316298485,0.08400669693946838,0.04339975118637085,-0.49816128611564636,0.044268522411584854,0.9689674973487854,0.1767885982990265,0.038762547075748444,0.11186256259679794,1.0025702714920044,0.19193193316459656,-1.4599577188491821,0.13372702896595,0.9691652059555054,,0.11972115188837051,-0.49751728773117065,,0.22608767449855804,,0.10721723735332489,-1.6965020895004272,0.2391880601644516,0.04493746906518936,-0.1951020061969757,-1.3300597667694092,,0.07782071083784103,,0.19987446069717407,55.0,3.90484881401062,0.04513056203722954,0.26785677671432495,0.5235304832458496,0.15494094789028168
,,,,,,,,,,,,0.00032728879774401816,,,,,,,,,,,,,,70000,,,,,,,,,,,,,,,,,,,,,,,,,,,,,,,,,,,,,,,,,,0.00032728879774401816,,,,,,,,,
,,,,,,-0.2828267216682434,,,0.036527641117572784,,,,,,,,,0.17542485892772675,,,,0.9581999778747559,,,,71249,,,,,,,,,,,,,,0.6320000290870667,,,,,,,,,,,,,,,,0.36239999532699585,,,0.06800000369548798,,-0.07199542224407196,,,,,,,,,0.7027712464332581,,56.0,,,,,
0.7336545586585999,0.05426086485385895,0.024247409775853157,0.11221575736999512,0.03614619001746178,-0.48721763491630554,,0.07106971740722656,0.032869186252355576,,0.030673403292894363,0.09570000320672989,,0.06845418363809586,0.03188348188996315,0.1578368991613388,0.4034999907016754,0.4213183522224426,,-0.40883591771125793,0.06416672468185425,0.058690667152404785,,0.07185179740190506,-0.4919935464859009,0.590149998664856,71249,0.07662367820739746,0.9585999846458435,1.4188140630722046,-1.2860013246536255,0.05283716320991516,0.0974828228354454,0.0644550696015358,0.05162278562784195,0.07468771934509277,0.01229256484657526,0.9507822394371033,0.08517969399690628,0.7126505970954895,,0.19585242867469788,0.023171689361333847,0.08414702862501144,0.04320623353123665,-0.49835556745529175,0.043632425367832184,0.9733597636222839,0.17679525911808014,0.038135699927806854,0.11053795367479324,1.0039819478988647,0.19304928183555603,-1.4764059782028198,0.13230885565280914,0.9783831238746643,,0.11913490295410156,-0.49742642045021057,,0.22665530443191528,,0.10681899636983871,-1.701047658920288,0.24243856966495514,0.044492460787296295,-0.1950407475233078,-1.3439589738845825,,0.07669838517904282,,0.20588232576847076,56.0,3.8467776775360107,0.04476890712976456,0.27059105038642883,0.5402765274047852,0.15511056780815125
,,,,,,,,,,,,0.00030839966869578364,,,,,,,,,,,,,,71250,,,,,,,,,,,,,,,,,,,,,,,,,,,,,,,,,,,,,,,,,,0.00030839966869578364,,,,,,,,,
,,,,,,-0.3497178554534912,,,0.035844385623931885,,,,,,,,,0.18524429202079773,,,,0.9649999737739563,,,,72499,,,,,,,,,,,,,,0.6456000208854675,,,,,,,,,,,,,,,,0.42239999771118164,,,0.09080000221729279,,-0.13939012587070465,,,,,,,,,0.7010920643806458,,57.0,,,,,
0.7376719117164612,0.05327027663588524,0.023947246372699738,0.11339211463928223,0.03546975553035736,-0.48700863122940063,,0.07234787195920944,0.033180251717567444,,0.030973531305789948,0.09685000032186508,,0.06841674447059631,0.03195074945688248,0.16057758033275604,0.40689998865127563,0.4136832058429718,,-0.40884432196617126,0.06488700211048126,0.05871030315756798,,0.07187604904174805,-0.4919154644012451,0.5922999978065491,72499,0.07661465555429459,0.9596499800682068,1.4183311462402344,-1.2970082759857178,0.053341496735811234,0.09614863991737366,0.06449099630117416,0.0535736158490181,0.0773978903889656,0.012299470603466034,0.9557106494903564,0.08697880804538727,0.7125145792961121,,0.1951710432767868,0.02356758341193199,0.08601901680231094,0.04358925297856331,-0.4984607398509979,0.044319164007902145,0.9826126098632812,0.1827390193939209,0.03791067376732826,0.10960560292005539,1.0024497509002686,0.18791519105434418,-1.4911777973175049,0.13055816292762756,0.975348949432373,,0.11875468492507935,-0.4973337948322296,,0.23048435151576996,,0.10759760439395905,-1.7160509824752808,0.23898960649967194,0.04440276697278023,-0.1950898915529251,-1.3512063026428223,,0.07763474434614182,,0.20797233283519745,57.0,3.7162058353424072,0.04566005617380142,0.27609625458717346,0.5527572631835938,0.1561846137046814
,,,,,,,,,,,,0.00028915079453680577,,,,,,,,,,,,,,72500,,,,,,,,,,,,,,,,,,,,,,,,,,,,,,,,,,,,,,,,,,0.00028915079453680577,,,,,,,,,
,,,,,,-0.2828982472419739,,,0.036329831928014755,,,,,,,,,0.17127230763435364,,,,0.9666000008583069,,,,73749,,,,,,,,,,,,,,0.6338000297546387,,,,,,,,,,,,,,,,0.358599990606308,,,0.06499999761581421,,-0.07317952811717987,,,,,,,,,0.699062168598175,,58.0,,,,,
0.7781637907028198,0.054224152117967606,0.024281898513436317,0.11127255856990814,0.03714820742607117,-0.4868350625038147,,0.07395036518573761,0.033283207565546036,,0.031060684472322464,0.10272499918937683,,0.06845337897539139,0.03315027803182602,0.16231127083301544,0.4099000096321106,0.4162527322769165,,-0.4086509644985199,0.06478231400251389,0.059250786900520325,,0.07187387347221375,-0.4918385148048401,0.5957499742507935,73749,0.0765976533293724,0.9597499966621399,1.4691320657730103,-1.319593906402588,0.05498426407575607,0.09994896501302719,0.06447529792785645,0.05709315091371536,0.07840635627508163,0.012404542416334152,0.9531251788139343,0.08764195442199707,0.7123042345046997,,0.19420921802520752,0.024071812629699707,0.08630160242319107,0.046298641711473465,-0.4986056983470917,0.04524914175271988,0.9824827909469604,0.18279887735843658,0.03738044574856758,0.1111808568239212,1.0042052268981934,0.20013079047203064,-1.4963268041610718,0.13440635800361633,0.9803960919380188,,0.1212611049413681,-0.49731260538101196,,0.22899416089057922,,0.10958760976791382,-1.7250150442123413,0.2387324422597885,0.04658154025673866,-0.19495980441570282,-1.3501932621002197,,0.0812065452337265,,0.2114199995994568,58.0,3.6804304122924805,0.04635966569185257,0.2819562256336212,0.5439162254333496,0.15540717542171478
,,,,,,,,,,,,0.0002696608509771749,,,,,,,,,,,,,,73750,,,,,,,,,,,,,,,,,,,,,,,,,,,,,,,,,,,,,,,,,,0.0002696608509771749,,,,,,,,,
,,,,,,-0.23759323358535767,,,0.0377814956009388,,,,,,,,,0.1758902221918106,,,,0.9557999968528748,,,,74999,,,,,,,,,,,,,,0.6168000102043152,,,,,,,,,,,,,,,,0.29739999771118164,,,0.049400001764297485,,-0.027362890541553497,,,,,,,,,0.7007677555084229,,59.0,,,,,
0.7840403318405151,0.05339427664875984,0.023768259212374687,0.10992638021707535,0.03669699653983116,-0.4867245554924011,,0.07492630928754807,0.03350496664643288,,0.031005121767520905,0.10822500288486481,,0.06844675540924072,0.033085308969020844,0.1638859510421753,0.41679999232292175,0.41430455446243286,,-0.40797775983810425,0.06506720185279846,0.05900921672582626,,0.07184147834777832,-0.49172115325927734,0.5994499921798706,74999,0.07667722553014755,0.9603000283241272,1.480043649673462,-1.3357218503952026,0.055002760142087936,0.09790787845849991,0.06445827335119247,0.05729635804891586,0.07989432662725449,0.012363120913505554,0.9482710957527161,0.08811626583337784,0.7121029496192932,,0.19307003915309906,0.0240157600492239,0.08705191314220428,0.04498394578695297,-0.4987304210662842,0.045720260590314865,0.9788219928741455,0.18112564086914062,0.037020519375801086,0.11139240860939026,1.0035731792449951,0.20422272384166718,-1.5133720636367798,0.1316128373146057,0.9785338044166565,,0.12246740609407425,-0.49716508388519287,,0.23127135634422302,,0.10848542302846909,-1.734438419342041,0.23709025979042053,0.04506662115454674,-0.19434703886508942,-1.3581080436706543,,0.08071105927228928,,0.21733881533145905,59.0,3.6165149211883545,0.04640929400920868,0.27862548828125,0.5461339354515076,0.15461860597133636
,,,,,,,,,,,,0.00025005000000000003,,,,,,,,,,,,,,75000,,,,,,,,,,,,,,,,,,,,,,,,,,,,,,,,,,,,,,,,,,0.00025005000000000003,,,,,,,,,
,,,,,,-0.24843022227287292,,,0.03621920570731163,,,,,,,,,0.16654199361801147,,,,0.9625999927520752,,,,76249,,,,,,,,,,,,,,0.6358000040054321,,,,,,,,,,,,,,,,0.3481999933719635,,,0.05900000035762787,,-0.03823108971118927,,,,,,,,,0.7006639242172241,,60.0,,,,,
0.8147638440132141,0.05380849540233612,0.023903734982013702,0.10758481174707413,0.036442555487155914,-0.4864811599254608,,0.07567300647497177,0.03411382809281349,,0.03080533817410469,0.10752499848604202,,0.06844437122344971,0.03265304118394852,0.1633642017841339,0.4239499866962433,0.3916127681732178,,-0.4079972803592682,0.06724274158477783,0.05881970375776291,,0.07184027135372162,-0.4915678799152374,0.6038249731063843,76249,0.07662726193666458,0.9598249793052673,1.530442714691162,-1.353476643562317,0.055424489080905914,0.0986025407910347,0.06443857401609421,0.05635983124375343,0.08006732910871506,0.011976700276136398,0.9526734352111816,0.08900510519742966,0.7118464112281799,,0.1917724311351776,0.024981830269098282,0.08714796602725983,0.044896360486745834,-0.49885961413383484,0.04631032794713974,0.9744116067886353,0.1837129443883896,0.036777038127183914,0.11174661666154861,1.0047950744628906,0.20079222321510315,-1.5161010026931763,0.13119402527809143,0.9740554690361023,,0.12231382727622986,-0.49710574746131897,,0.23779450356960297,,0.10607878118753433,-1.742687702178955,0.2408277541399002,0.04499974846839905,-0.19444335997104645,-1.362455129623413,,0.08142409473657608,,0.21929851174354553,60.0,3.4642207622528076,0.046447742730379105,0.2713669240474701,0.5548912286758423,0.1573048084974289
,,,,,,,,,,,,0.00023043914902282523,,,,,,,,,,,,,,76250,,,,,,,,,,,,,,,,,,,,,,,,,,,,,,,,,,,,,,,,,,0.00023043914902282523,,,,,,,,,
,,,,,,-0.30852097272872925,,,0.03594809025526047,,,,,,,,,0.19185620546340942,,,,0.9638000130653381,,,,77499,,,,,,,,,,,,,,0.6421999931335449,,,,,,,,,,,,,,,,0.37560001015663147,,,0.06599999964237213,,-0.09890817105770111,,,,,,,,,0.6987094879150391,,61.0,,,,,
0.8023653030395508,0.054147154092788696,0.024404678493738174,0.11278164386749268,0.03758639097213745,-0.4862592816352844,,0.07751303166151047,0.03481756150722504,,0.031672097742557526,0.10887499898672104,,0.06849243491888046,0.03330517187714577,0.16576185822486877,0.4271250069141388,0.42174360156059265,,-0.4080442786216736,0.06764760613441467,0.06006870046257973,,0.07184626162052155,-0.49143680930137634,0.6059499979019165,77499,0.07655070722103119,0.9610750079154968,1.5500775575637817,-1.3560072183609009,0.05722683668136597,0.1005747839808464,0.06440948694944382,0.05777638405561447,0.08186495304107666,0.01251201517879963,0.9569732546806335,0.08987221866846085,0.7116175889968872,,0.1909564882516861,0.02529337629675865,0.08909961581230164,0.045387737452983856,-0.4989740252494812,0.04841823875904083,0.9709830284118652,0.1871398687362671,0.036439649760723114,0.11633187532424927,1.0034575462341309,0.20513220131397247,-1.5319281816482544,0.13536496460437775,0.9746269583702087,,0.12597133219242096,-0.49704399704933167,,0.2411756068468094,,0.11113337427377701,-1.74263596534729,0.23959097266197205,0.04644310846924782,-0.19455908238887787,-1.3711928129196167,,0.08343439549207687,,0.2265508472919464,61.0,3.6218769550323486,0.04703645035624504,0.292064368724823,0.5684272646903992,0.15828931331634521
,,,,,,,,,,,,0.00021094920546319438,,,,,,,,,,,,,,77500,,,,,,,,,,,,,,,,,,,,,,,,,,,,,,,,,,,,,,,,,,0.00021094920546319438,,,,,,,,,
,,,,,,-0.31551551818847656,,,0.036656808108091354,,,,,,,,,0.19421198964118958,,,,0.9733999967575073,,,,78749,,,,,,,,,,,,,,0.644599974155426,,,,,,,,,,,,,,,,0.37860000133514404,,,0.07240000367164612,,-0.10594098269939423,,,,,,,,,0.6985816359519958,,62.0,,,,,
0.8045946359634399,0.05328277498483658,0.02389882132411003,0.10649862140417099,0.03732946515083313,-0.48602479696273804,,0.0771927610039711,0.03490268439054489,,0.031134411692619324,0.11044999957084656,,0.06849972903728485,0.03451339900493622,0.16787095367908478,0.4309999942779541,0.41777870059013367,,-0.40755435824394226,0.06698166579008102,0.05940752476453781,,0.07184430211782455,-0.491336852312088,0.6073499917984009,78749,0.0765395238995552,0.9617000222206116,1.595638394355774,-1.3526164293289185,0.056595802307128906,0.1014447808265686,0.06440243124961853,0.057102806866168976,0.08064339309930801,0.012429988011717796,0.9664811491966248,0.08906563371419907,0.7115480899810791,,0.19003495573997498,0.02504989318549633,0.08890500664710999,0.04680423438549042,-0.49906283617019653,0.04786798730492592,0.9634705781936646,0.18933312594890594,0.03606173023581505,0.11450815200805664,1.0048576593399048,0.20904631912708282,-1.5384196043014526,0.1362389326095581,0.9688696265220642,,0.12406039983034134,-0.49702954292297363,,0.23729921877384186,,0.11044273525476456,-1.7524540424346924,0.23989684879779816,0.04677782207727432,-0.19409015774726868,-1.3774131536483765,,0.08297856152057648,,0.22480712831020355,62.0,3.544782876968384,0.04691314324736595,0.28778573870658875,0.5781594514846802,0.15717893838882446
,,,,,,,,,,,,0.0001917003313042165,,,,,,,,,,,,,,78750,,,,,,,,,,,,,,,,,,,,,,,,,,,,,,,,,,,,,,,,,,0.0001917003313042165,,,,,,,,,
,,,,,,-0.22684045135974884,,,0.03716437518596649,,,,,,,,,0.1742585450410843,,,,0.9643999934196472,,,,79999,,,,,,,,,,,,,,0.642799973487854,,,,,,,,,,,,,,,,0.35519999265670776,,,0.0674000009894371,,-0.018470320850610733,,,,,,,,,0.6945669054985046,,63.0,,,,,
0.8135420680046082,0.05562225356698036,0.025216689333319664,0.10850811749696732,0.03817242011427879,-0.48584863543510437,,0.07987998425960541,0.03591049462556839,,0.03232688829302788,0.1106249988079071,,0.06850913166999817,0.03429301828145981,0.16663476824760437,0.4308750033378601,0.4173421263694763,,-0.40735918283462524,0.06783009320497513,0.06186709553003311,,0.07180767506361008,-0.49121084809303284,0.6079750061035156,79999,0.07651067525148392,0.9621250033378601,1.5672094821929932,-1.35635507106781,0.05758601799607277,0.10330066829919815,0.06438083946704865,0.059003546833992004,0.08334419876337051,0.012859370559453964,0.961294949054718,0.0914992243051529,0.7115550637245178,,0.19044283032417297,0.02583475410938263,0.08962886780500412,0.04731364920735359,-0.49911820888519287,0.04877272993326187,0.9685972929000854,0.19199487566947937,0.03596857562661171,0.11846031248569489,1.003963828086853,0.2176780253648758,-1.5431337356567383,0.13752324879169464,0.9721722602844238,,0.12758991122245789,-0.49699482321739197,,0.24242985248565674,,0.1131916493177414,-1.7568724155426025,0.244340181350708,0.04754157364368439,-0.1938924938440323,-1.3828686475753784,,0.08498534560203552,,0.23500306904315948,63.0,3.5307488441467285,0.04768911376595497,0.2959606945514679,0.5809696912765503,0.1595413237810135
,,,,,,,,,,,,0.00017281120225598194,,,,,,,,,,,,,,80000,,,,,,,,,,,,,,,,,,,,,,,,,,,,,,,,,,,,,,,,,,0.00017281120225598194,,,,,,,,,
,,,,,,-0.2978867292404175,,,0.03634491190314293,,,,,,,,,0.206436425447464,,,,0.968999981880188,,,,81249,,,,,,,,,,,,,,0.6478000283241272,,,,,,,,,,,,,,,,0.3537999987602234,,,0.0681999996304512,,-0.08906407654285431,,,,,,,,,0.6960753798484802,,64.0,,,,,
0.8143047094345093,0.054658323526382446,0.024688102304935455,0.10659126192331314,0.03822597861289978,-0.4856974482536316,,0.0796169713139534,0.036271460354328156,,0.03231556713581085,0.11569999903440475,,0.06845741719007492,0.03429022058844566,0.1670921891927719,0.43720000982284546,0.4076542854309082,,-0.40667593479156494,0.06904902309179306,0.06153698265552521,,0.07179034501314163,-0.4911072850227356,0.6139500141143799,81249,0.07644984126091003,0.9612500071525574,1.551637053489685,-1.3655314445495605,0.057330500334501266,0.10219348967075348,0.06436466425657272,0.059200823307037354,0.08416388183832169,0.012942280620336533,0.9587758779525757,0.09275221824645996,0.7112524509429932,,0.18929341435432434,0.025962762534618378,0.09123236685991287,0.04669119417667389,-0.49914315342903137,0.04875042289495468,0.9710351824760437,0.19310833513736725,0.03577582538127899,0.11771026253700256,1.0049608945846558,0.22098183631896973,-1.547966480255127,0.13443124294281006,0.9712234139442444,,0.12584267556667328,-0.496904581785202,,0.24619948863983154,,0.11144579946994781,-1.7648437023162842,0.25003987550735474,0.04742354154586792,-0.19330021739006042,-1.3859962224960327,,0.08509521186351776,,0.23363833129405975,64.0,3.4232027530670166,0.047499798238277435,0.2954398989677429,0.5785125494003296,0.1599510759115219
,,,,,,,,,,,,0.00015439827608034585,,,,,,,,,,,,,,81250,,,,,,,,,,,,,,,,,,,,,,,,,,,,,,,,,,,,,,,,,,0.00015439827608034585,,,,,,,,,
,,,,,,-0.24373562633991241,,,0.03608429431915283,,,,,,,,,0.17723871767520905,,,,0.9682000279426575,,,,82499,,,,,,,,,,,,,,0.6502000093460083,,,,,,,,,,,,,,,,0.36559998989105225,,,0.07159999758005142,,-0.03483884409070015,,,,,,,,,0.6963227391242981,,65.0,,,,,
0.8289623856544495,0.05569365993142128,0.0250724945217371,0.10244698822498322,0.037342458963394165,-0.48554474115371704,,0.08109734207391739,0.03678106516599655,,0.032781459391117096,0.11437500268220901,,0.06842625141143799,0.03572915494441986,0.16765238344669342,0.4393500089645386,0.40436360239982605,,-0.40743958950042725,0.07055601477622986,0.06259264796972275,,0.07180804759263992,-0.4909845292568207,0.6149749755859375,82499,0.07648935914039612,0.9626749753952026,1.5676419734954834,-1.3733437061309814,0.05810723826289177,0.1037457138299942,0.06438383460044861,0.059677209705114365,0.08470818400382996,0.012808594852685928,0.9549875855445862,0.09441672265529633,0.7111279964447021,,0.18791836500167847,0.026235846802592278,0.09209055453538895,0.0475924052298069,-0.49919652938842773,0.0492134653031826,0.9733599424362183,0.1944396048784256,0.035157211124897,0.11993055790662766,1.0041203498840332,0.20626769959926605,-1.5506761074066162,0.13771407306194305,0.9695651531219482,,0.12729357182979584,-0.4968360960483551,,0.250860333442688,,0.11417938023805618,-1.7730110883712769,0.25647830963134766,0.04841340333223343,-0.1941012442111969,-1.391133189201355,,0.0843341127038002,,0.23956994712352753,65.0,3.344679355621338,0.047664910554885864,0.2897563576698303,0.5882062911987305,0.16181708872318268
,,,,,,,,,,,,0.00013657507459010032,,,,,,,,,,,,,,82500,,,,,,,,,,,,,,,,,,,,,,,,,,,,,,,,,,,,,,,,,,0.00013657507459010032,,,,,,,,,
,,,,,,-0.2868821918964386,,,0.03512195870280266,,,,,,,,,0.17252855002880096,,,,0.9724000096321106,,,,83749,,,,,,,,,,,,,,0.6579999923706055,,,,,,,,,,,,,,,,0.41780000925064087,,,0.0934000015258789,,-0.07737801223993301,,,,,,,,,0.6983470916748047,,66.0,,,,,
0.8509619235992432,0.057667266577482224,0.025311626493930817,0.1064193993806839,0.03808925300836563,-0.48535698652267456,,0.08144421130418777,0.036731332540512085,,0.03312349319458008,0.11797499656677246,,0.06840109080076218,0.035137828439474106,0.17048439383506775,0.4426000118255615,0.42015376687049866,,-0.40698790550231934,0.06996281445026398,0.06354917585849762,,0.0718279555439949,-0.49083656072616577,0.6189000010490417,83749,0.07649452984333038,0.9623000025749207,1.5884422063827515,-1.3823093175888062,0.05890314280986786,0.10382209718227386,0.06441550701856613,0.060406945645809174,0.08393111824989319,0.013044954277575016,0.9552057385444641,0.09304997324943542,0.7110487818717957,,0.18761271238327026,0.026375705376267433,0.0942620187997818,0.04719118773937225,-0.4992014169692993,0.049521833658218384,0.975493848323822,0.19484464824199677,0.03510601446032524,0.11964721977710724,1.003315806388855,0.21330177783966064,-1.56373929977417,0.1409752070903778,0.9726756811141968,,0.12743481993675232,-0.4967694878578186,,0.2475193291902542,,0.11635533720254898,-1.7714534997940063,0.25275301933288574,0.04870844632387161,-0.1936734914779663,-1.3938853740692139,,0.08570867031812668,,0.2424241155385971,66.0,3.4228034019470215,0.04848248511552811,0.30032026767730713,0.5894636511802673,0.16238285601139069
,,,,,,,,,,,,0.00011945148374924862,,,,,,,,,,,,,,83750,,,,,,,,,,,,,,,,,,,,,,,,,,,,,,,,,,,,,,,,,,0.00011945148374924862,,,,,,,,,
,,,,,,-0.21385647356510162,,,0.036281704902648926,,,,,,,,,0.1711977869272232,,,,0.9661999940872192,,,,84999,,,,,,,,,,,,,,0.640999972820282,,,,,,,,,,,,,,,,0.3424000144004822,,,0.05860000103712082,,-0.0048190997913479805,,,,,,,,,0.6967912316322327,,67.0,,,,,
0.8419429659843445,0.056838929653167725,0.025153791531920433,0.10644134879112244,0.03749001771211624,-0.48518115282058716,,0.08190304040908813,0.03673790022730827,,0.033120591193437576,0.12174999713897705,,0.06837759912014008,0.03556176275014877,0.1697503626346588,0.4442000091075897,0.41131240129470825,,-0.406791090965271,0.0703020915389061,0.06265241652727127,,0.07179569453001022,-0.49075981974601746,0.6175000071525574,84999,0.07649675011634827,0.9623749852180481,1.6132639646530151,-1.3831790685653687,0.05871536210179329,0.10319040715694427,0.06443221122026443,0.06113767623901367,0.08430637419223785,0.012923112139105797,0.9570170640945435,0.09444119036197662,0.7109857201576233,,0.1870371401309967,0.026625579223036766,0.09412606805562973,0.047480616718530655,-0.4991922974586487,0.05011158809065819,0.9743840098381042,0.1945704072713852,0.03488963469862938,0.12087936699390411,1.004227876663208,0.21821625530719757,-1.5701756477355957,0.139669269323349,0.9710291028022766,,0.12897475063800812,-0.4967338442802429,,0.249755397439003,,0.11551059782505035,-1.7725402116775513,0.2533756494522095,0.048459794372320175,-0.19349540770053864,-1.3946499824523926,,0.08534444868564606,,0.2430453598499298,67.0,3.3778793811798096,0.04811810329556465,0.2987484931945801,0.5855603218078613,0.16270381212234497
,,,,,,,,,,,,0.00010313307618949638,,,,,,,,,,,,,,85000,,,,,,,,,,,,,,,,,,,,,,,,,,,,,,,,,,,,,,,,,,0.00010313307618949638,,,,,,,,,
,,,,,,-0.27045944333076477,,,0.03489216789603233,,,,,,,,,0.1750425398349762,,,,0.9684000015258789,,,,86249,,,,,,,,,,,,,,0.6615999937057495,,,,,,,,,,,,,,,,0.4138000011444092,,,0.08219999819993973,,-0.06085118278861046,,,,,,,,,0.6986948251724243,,68.0,,,,,
0.8566529154777527,0.05883137881755829,0.02599031664431095,0.10141594707965851,0.03781566023826599,-0.4850649833679199,,0.08404731750488281,0.037919268012046814,,0.03410107269883156,0.12020000070333481,,0.06839431077241898,0.0366227962076664,0.17384907603263855,0.45182499289512634,0.41001278162002563,,-0.4066033363342285,0.07135352492332458,0.06488999724388123,,0.07177755981683731,-0.4906981587409973,0.6236500144004822,86249,0.07652415335178375,0.9622499942779541,1.612726092338562,-1.3869892358779907,0.06007308512926102,0.10350428521633148,0.06442742049694061,0.06275013089179993,0.08854112029075623,0.013047749176621437,0.9575766324996948,0.09717901051044464,0.7107378244400024,,0.18551288545131683,0.027024686336517334,0.09449897706508636,0.04811004176735878,-0.4992066025733948,0.05241473391652107,0.9708579182624817,0.19984892010688782,0.034558288753032684,0.125029057264328,1.0054305791854858,0.2179899364709854,-1.5693113803863525,0.14244338870048523,0.9736707210540771,,0.13407325744628906,-0.4966810643672943,,0.25744757056236267,,0.11695840954780579,-1.7745105028152466,0.25757163763046265,0.04929184168577194,-0.19338220357894897,-1.3922010660171509,,0.08645898848772049,,0.2509046494960785,68.0,3.3477883338928223,0.04891068860888481,0.2970413863658905,0.6037231683731079,0.16707459092140198
,,,,,,,,,,,,8.772046031987063e-05,,,,,,,,,,,,,,86250,,,,,,,,,,,,,,,,,,,,,,,,,,,,,,,,,,,,,,,,,,8.772046031987063e-05,,,,,,,,,
,,,,,,-0.24906505644321442,,,0.03515097126364708,,,,,,,,,0.16918794810771942,,,,0.9685999751091003,,,,87499,,,,,,,,,,,,,,0.6589999794960022,,,,,,,,,,,,,,,,0.39500001072883606,,,0.07419999688863754,,-0.03978564590215683,,,,,,,,,0.6975981593132019,,69.0,,,,,
0.8800120949745178,0.06045503541827202,0.02645050920546055,0.10224501043558121,0.03903408721089363,-0.48495155572891235,,0.08509659767150879,0.03829265758395195,,0.03417671099305153,0.12319999933242798,,0.06841004639863968,0.036809999495744705,0.17417213320732117,0.4478749930858612,0.39536023139953613,,-0.4058612287044525,0.0717289075255394,0.0655582994222641,,0.0717506930232048,-0.49059998989105225,0.620199978351593,87499,0.0765056237578392,0.9625250101089478,1.6216222047805786,-1.3872162103652954,0.06053435057401657,0.10575418919324875,0.0644286498427391,0.06267203390598297,0.08819951862096786,0.013356108218431473,0.9551178812980652,0.09701662510633469,0.7108819484710693,,0.18686160445213318,0.027808092534542084,0.09476911276578903,0.049180060625076294,-0.49922212958335876,0.05221091955900192,0.9684195518493652,0.20238523185253143,0.03468344733119011,0.12535439431667328,1.0050623416900635,0.2293599545955658,-1.5676225423812866,0.1451040357351303,0.9718664884567261,,0.13371089100837708,-0.4966273903846741,,0.25561490654945374,,0.11723823100328445,-1.7748582363128662,0.26036232709884644,0.050168171525001526,-0.19259710609912872,-1.3977421522140503,,0.08956748992204666,,0.25352632999420166,69.0,3.244234085083008,0.04943682998418808,0.29574525356292725,0.6190614700317383,0.16777303814888
,,,,,,,,,,,,7.330866004242248e-05,,,,,,,,,,,,,,87500,,,,,,,,,,,,,,,,,,,,,,,,,,,,,,,,,,,,,,,,,,7.330866004242248e-05,,,,,,,,,
,,,,,,-0.24334333837032318,,,0.035302210599184036,,,,,,,,,0.17498257756233215,,,,0.967199981212616,,,,88749,,,,,,,,,,,,,,0.6579999923706055,,,,,,,,,,,,,,,,0.37940001487731934,,,0.06780000030994415,,-0.03373488038778305,,,,,,,,,0.6986949443817139,,70.0,,,,,
0.8653714060783386,0.05855538323521614,0.025778142735362053,0.09986266493797302,0.0376717709004879,-0.48485785722732544,,0.08383876085281372,0.0380776971578598,,0.03365464136004448,0.12412499636411667,,0.06843835115432739,0.036452557891607285,0.1713620126247406,0.4516749978065491,0.3925030827522278,,-0.4053628742694855,0.0705282911658287,0.0644647628068924,,0.07173468917608261,-0.4905489683151245,0.6222249865531921,88749,0.07647465169429779,0.9627500176429749,1.5970125198364258,-1.3939576148986816,0.0595012865960598,0.10490497946739197,0.06443525105714798,0.06126241013407707,0.08661606162786484,0.013212068006396294,0.9524075388908386,0.09478487819433212,0.7105837464332581,,0.18500542640686035,0.027255164459347725,0.09368082880973816,0.048190370202064514,-0.4992164075374603,0.05124128237366676,0.9718727469444275,0.1985728144645691,0.03440101072192192,0.12330321967601776,1.0052543878555298,0.22404031455516815,-1.5693726539611816,0.14317744970321655,0.9739148616790771,,0.131966695189476,-0.49658897519111633,,0.2509464621543884,,0.11543424427509308,-1.7766168117523193,0.2528335750102997,0.049383848905563354,-0.19218774139881134,-1.398432731628418,,0.08757126331329346,,0.2526412308216095,70.0,3.2366549968719482,0.04856697469949722,0.2929045557975769,0.5972729325294495,0.16483427584171295
,,,,,,,,,,,,5.9986528898272277e-05,,,,,,,,,,,,,,88750,,,,,,,,,,,,,,,,,,,,,,,,,,,,,,,,,,,,,,,,,,5.9986528898272277e-05,,,,,,,,,
,,,,,,-0.23922860622406006,,,0.03539399802684784,,,,,,,,,0.1685965359210968,,,,0.9702000021934509,,,,89999,,,,,,,,,,,,,,0.6639999747276306,,,,,,,,,,,,,,,,0.4009999930858612,,,0.08299999684095383,,-0.029889315366744995,,,,,,,,,0.6977977752685547,,71.0,,,,,
0.8872959017753601,0.05900993570685387,0.025861095637083054,0.09918427467346191,0.038249675184488297,-0.48477381467819214,,0.08467800915241241,0.03891462832689285,,0.03412575274705887,0.12352500110864639,,0.06846132129430771,0.03680066391825676,0.17501625418663025,0.45602500438690186,0.3905428946018219,,-0.4055916368961334,0.07165269553661346,0.06529839336872101,,0.07173886150121689,-0.490482360124588,0.6256499886512756,89999,0.07646917551755905,0.9630249738693237,1.644963264465332,-1.3957544565200806,0.06071315333247185,0.10510129481554031,0.06444137543439865,0.06207631900906563,0.08834581077098846,0.013201791793107986,0.9512395262718201,0.09635300934314728,0.710564374923706,,0.1853252500295639,0.02759530022740364,0.094546377658844,0.04871763288974762,-0.49923768639564514,0.052050501108169556,0.972726047039032,0.20208889245986938,0.034426771104335785,0.12480369955301285,1.0045757293701172,0.2245427668094635,-1.573036551475525,0.14454378187656403,0.974433422088623,,0.13336090743541718,-0.4965343773365021,,0.2551563084125519,,0.11640883982181549,-1.7788517475128174,0.254216730594635,0.050090234726667404,-0.19242194294929504,-1.4020287990570068,,0.08883767575025558,,0.25608494877815247,71.0,3.195297956466675,0.04898345470428467,0.2933032512664795,0.6003018617630005,0.16765445470809937
,,,,,,,,,,,,4.783620225598192e-05,,,,,,,,,,,,,,90000,,,,,,,,,,,,,,,,,,,,,,,,,,,,,,,,,,,,,,,,,,4.783620225598192e-05,,,,,,,,,
,,,,,,-0.23827967047691345,,,0.03531536087393761,,,,,,,,,0.17156361043453217,,,,0.9679999947547913,,,,91249,,,,,,,,,,,,,,0.6639999747276306,,,,,,,,,,,,,,,,0.40220001339912415,,,0.07660000026226044,,-0.029179885983467102,,,,,,,,,0.6969993114471436,,72.0,,,,,
0.8989115357398987,0.05999985337257385,0.025973858311772346,0.09677479416131973,0.03850313648581505,-0.4846860468387604,,0.0848267674446106,0.038654159754514694,,0.03390588238835335,0.12735000252723694,,0.06845320761203766,0.036761574447155,0.17650295794010162,0.4582250118255615,0.3888103663921356,,-0.4053388237953186,0.07161826640367508,0.06529118120670319,,0.07175105810165405,-0.4904249906539917,0.6262000203132629,91249,0.07647482305765152,0.963325023651123,1.6402617692947388,-1.4004732370376587,0.06038671359419823,0.10550867021083832,0.0644330307841301,0.061980705708265305,0.08806222677230835,0.013186335563659668,0.952109158039093,0.0955277681350708,0.710532009601593,,0.184705451130867,0.027501123026013374,0.09595166891813278,0.048965271562337875,-0.499236524105072,0.05244683846831322,0.9737818241119385,0.20346404612064362,0.03417700529098511,0.12424267828464508,1.0031038522720337,0.23065705597400665,-1.5766388177871704,0.14379237592220306,0.9752654433250427,,0.13286186754703522,-0.49648794531822205,,0.25436607003211975,,0.11450011283159256,-1.7797728776931763,0.25445449352264404,0.050065722316503525,-0.19217917323112488,-1.4025530815124512,,0.08911405503749847,,0.2552807331085205,72.0,3.178386926651001,0.048992086201906204,0.28877130150794983,0.6106238961219788,0.1680806577205658
,,,,,,,,,,,,3.6932590919694664e-05,,,,,,,,,,,,,,91250,,,,,,,,,,,,,,,,,,,,,,,,,,,,,,,,,,,,,,,,,,3.6932590919694664e-05,,,,,,,,,
,,,,,,-0.2078535407781601,,,0.03522175922989845,,,,,,,,,0.16794520616531372,,,,0.9674000144004822,,,,92499,,,,,,,,,,,,,,0.6647999882698059,,,,,,,,,,,,,,,,0.3874000012874603,,,0.07119999825954437,,0.0015846092719584703,,,,,,,,,0.6981269121170044,,73.0,,,,,
0.896166980266571,0.05773424729704857,0.025317851454019547,0.09688205271959305,0.037758100777864456,-0.4846263527870178,,0.08385367691516876,0.038147829473018646,,0.03323690593242645,0.12985000014305115,,0.06844761222600937,0.036475758999586105,0.1758916825056076,0.4596000015735626,0.38403525948524475,,-0.40558815002441406,0.07058631628751755,0.06357389688491821,,0.07173417508602142,-0.4903830587863922,0.6267499923706055,92499,0.0764753594994545,0.9636499881744385,1.6400607824325562,-1.400186538696289,0.05982182174921036,0.10392682999372482,0.06442683190107346,0.06167908385396004,0.0870659202337265,0.013066306710243225,0.9528839588165283,0.09485404938459396,0.7105123400688171,,0.18451590836048126,0.027039101347327232,0.09541760385036469,0.04834803193807602,-0.49924448132514954,0.051472410559654236,0.973167896270752,0.20204095542430878,0.03400203585624695,0.121605783700943,1.0026538372039795,0.22829101979732513,-1.5781679153442383,0.14154784381389618,0.9754431843757629,,0.1307176649570465,-0.4964663088321686,,0.2498866468667984,,0.11396808177232742,-1.7809033393859863,0.25080934166908264,0.04945486783981323,-0.19243477284908295,-1.4051746129989624,,0.0871439278125763,,0.2516869902610779,73.0,3.1422412395477295,0.04864602908492088,0.28950798511505127,0.6038300395011902,0.16631324589252472
,,,,,,,,,,,,2.7342919279117476e-05,,,,,,,,,,,,,,92500,,,,,,,,,,,,,,,,,,,,,,,,,,,,,,,,,,,,,,,,,,2.7342919279117476e-05,,,,,,,,,
,,,,,,-0.23044714331626892,,,0.03516066074371338,,,,,,,,,0.1695924997329712,,,,0.9679999947547913,,,,93749,,,,,,,,,,,,,,0.6657999753952026,,,,,,,,,,,,,,,,0.39579999446868896,,,0.07000000029802322,,-0.021098216995596886,,,,,,,,,0.6978296637535095,,74.0,,,,,
0.9106993079185486,0.058552924543619156,0.025881851091980934,0.09737489372491837,0.03786369413137436,-0.48457133769989014,,0.0850435197353363,0.038458582013845444,,0.0335751511156559,0.12737500667572021,,0.06845206022262573,0.036926720291376114,0.17681635916233063,0.4598749876022339,0.38285011053085327,,-0.40472573041915894,0.07202402502298355,0.06466969102621078,,0.07173451781272888,-0.49035829305648804,0.6276000142097473,93749,0.07647498697042465,0.9624000191688538,1.657535195350647,-1.4017733335494995,0.06039227917790413,0.10592205822467804,0.06442701071500778,0.06217985227704048,0.08772274851799011,0.013135427609086037,0.9530826210975647,0.09509915858507156,0.7105061411857605,,0.1842959225177765,0.027416158467531204,0.09602023661136627,0.04917093366384506,-0.49924737215042114,0.051916662603616714,0.9723691344261169,0.20435017347335815,0.03398549556732178,0.12288407236337662,1.0037295818328857,0.22339662909507751,-1.581198811531067,0.14335237443447113,0.9756715893745422,,0.13175062835216522,-0.4964410662651062,,0.25382155179977417,,0.11420773714780807,-1.7802894115447998,0.25271230936050415,0.05026553198695183,-0.19157370924949646,-1.4059948921203613,,0.08824063092470169,,0.25592121481895447,74.0,3.126070022583008,0.04902207478880882,0.29064029455184937,0.6099339723587036,0.16821609437465668
,,,,,,,,,,,,1.912631084880388e-05,,,,,,,,,,,,,,93750,,,,,,,,,,,,,,,,,,,,,,,,,,,,,,,,,,,,,,,,,,1.912631084880388e-05,,,,,,,,,
,,,,,,-0.2077530473470688,,,0.03547019511461258,,,,,,,,,0.170573890209198,,,,0.9670000076293945,,,,94999,,,,,,,,,,,,,,0.6629999876022339,,,,,,,,,,,,,,,,0.3840000033378601,,,0.0706000030040741,,0.001448824186809361,,,,,,,,,0.6973394751548767,,75.0,,,,,
0.899285078048706,0.0582425519824028,0.025606323033571243,0.09426238387823105,0.03778862580657005,-0.48455557227134705,,0.08478016406297684,0.03885190933942795,,0.03368197754025459,0.1295499950647354,,0.06845247745513916,0.03695202246308327,0.17593491077423096,0.460999995470047,0.3688466548919678,,-0.4053868353366852,0.071009062230587,0.06468666344881058,,0.07174094766378403,-0.49032288789749146,0.626075029373169,94999,0.07647856324911118,0.9641749858856201,1.6644182205200195,-1.40206778049469,0.06029140576720238,0.1055419072508812,0.06443130970001221,0.062085557729005814,0.08794347196817398,0.013195283710956573,0.9530171751976013,0.09479638934135437,0.7102903127670288,,0.18370623886585236,0.02749052084982395,0.09509957581758499,0.04889918863773346,-0.4992475211620331,0.052477315068244934,0.9723637700080872,0.20371635258197784,0.03382499888539314,0.1240474134683609,1.004412055015564,0.22322744131088257,-1.5824227333068848,0.14353545010089874,0.9751304984092712,,0.13258132338523865,-0.49642646312713623,,0.2523593604564667,,0.11412262171506882,-1.7801626920700073,0.25187867879867554,0.05009809136390686,-0.1922992467880249,-1.4061362743377686,,0.0880161002278328,,0.2564559578895569,75.0,3.030942678451538,0.048623014241456985,0.2835327684879303,0.6119930148124695,0.16790497303009033
,,,,,,,,,,,,1.2333423752026377e-05,,,,,,,,,,,,,,95000,,,,,,,,,,,,,,,,,,,,,,,,,,,,,,,,,,,,,,,,,,1.2333423752026377e-05,,,,,,,,,
,,,,,,-0.21071365475654602,,,0.0354076586663723,,,,,,,,,0.17192614078521729,,,,0.967199981212616,,,,96249,,,,,,,,,,,,,,0.6646000146865845,,,,,,,,,,,,,,,,0.3774000108242035,,,0.066600002348423,,-0.001482720603235066,,,,,,,,,0.6974362730979919,,76.0,,,,,
0.9114740490913391,0.05794878676533699,0.025711948052048683,0.09341258555650711,0.03802916035056114,-0.4845258891582489,,0.084654800593853,0.0388939343392849,,0.03377518430352211,0.12747499346733093,,0.06845256686210632,0.03744315356016159,0.17728668451309204,0.46197500824928284,0.37560516595840454,,-0.40515998005867004,0.07180503755807877,0.06494736671447754,,0.07174085825681686,-0.4903078079223633,0.6287000179290771,96249,0.07647310942411423,0.9652000069618225,1.6691728830337524,-1.4023234844207764,0.06078217178583145,0.10556814819574356,0.06443221867084503,0.06325238943099976,0.08814436942338943,0.013204184360802174,0.9528060555458069,0.09566047042608261,0.7102783918380737,,0.1834823489189148,0.027823181822896004,0.09539780020713806,0.049025941640138626,-0.4992486834526062,0.05261306092143059,0.9723025560379028,0.20484741032123566,0.03370088338851929,0.12488770484924316,1.0045143365859985,0.22590415179729462,-1.5836145877838135,0.1442093551158905,0.9753260612487793,,0.13305418193340302,-0.4964233338832855,,0.2549891173839569,,0.11534621566534042,-1.780543565750122,0.2543894648551941,0.05012362822890282,-0.19207634031772614,-1.4072800874710083,,0.08902782946825027,,0.25793638825416565,76.0,3.072056293487549,0.04889244586229324,0.2833583354949951,0.6044391989707947,0.1679372638463974
,,,,,,,,,,,,7.006138396600745e-06,,,,,,,,,,,,,,96250,,,,,,,,,,,,,,,,,,,,,,,,,,,,,,,,,,,,,,,,,,7.006138396600745e-06,,,,,,,,,
,,,,,,-0.19639945030212402,,,0.03544995188713074,,,,,,,,,0.16636112332344055,,,,0.9678000211715698,,,,97499,,,,,,,,,,,,,,0.6638000011444092,,,,,,,,,,,,,,,,0.3837999999523163,,,0.066600002348423,,0.01265747006982565,,,,,,,,,0.6968562602996826,,77.0,,,,,
0.8937281966209412,0.057400330901145935,0.025264179334044456,0.09589662402868271,0.03743954375386238,-0.4845181107521057,,0.08347873389720917,0.038309838622808456,,0.03323018178343773,0.13015000522136688,,0.06845154613256454,0.03656962886452675,0.1736464649438858,0.462024986743927,0.3752107620239258,,-0.4061155915260315,0.06999817490577698,0.06362093240022659,,0.07174022495746613,-0.4902970790863037,0.628724992275238,97499,0.076473169028759,0.9635000228881836,1.6187770366668701,-1.4027869701385498,0.05974806472659111,0.10303743928670883,0.06443015486001968,0.06194855272769928,0.0861179456114769,0.013175063766539097,0.9527193307876587,0.09324269741773605,0.7104270458221436,,0.18486107885837555,0.02743425965309143,0.09477634727954865,0.04815487936139107,-0.4992486834526062,0.051191117614507675,0.9723085165023804,0.20005570352077484,0.03393237292766571,0.12170335650444031,1.004267930984497,0.22468847036361694,-1.5837113857269287,0.141470268368721,0.9750979542732239,,0.13009732961654663,-0.4964117705821991,,0.24727287888526917,,0.11333538591861725,-1.7803746461868286,0.2475249469280243,0.04929030314087868,-0.19298739731311798,-1.4075669050216675,,0.08786452561616898,,0.25299230217933655,77.0,3.051486015319824,0.04821345582604408,0.28732752799987793,0.5961984992027283,0.16454137861728668
,,,,,,,,,,,,3.177299268245342e-06,,,,,,,,,,,,,,97500,,,,,,,,,,,,,,,,,,,,,,,,,,,,,,,,,,,,,,,,,,3.177299268245342e-06,,,,,,,,,
,,,,,,-0.20756205916404724,,,0.0354592390358448,,,,,,,,,0.169479638338089,,,,0.9685999751091003,,,,98749,,,,,,,,,,,,,,0.6639999747276306,,,,,,,,,,,,,,,,0.3797999918460846,,,0.066600002348423,,0.0014735565055161715,,,,,,,,,0.6967853307723999,,78.0,,,,,
0.9396772384643555,0.059762950986623764,0.026094719767570496,0.09519241750240326,0.03839097172021866,-0.48450350761413574,,0.08660892397165298,0.039599403738975525,,0.034226588904857635,0.13022500276565552,,0.06845150142908096,0.037404268980026245,0.17982053756713867,0.46092501282691956,0.37221279740333557,,-0.4036451280117035,0.0727410688996315,0.0657399445772171,,0.07173919677734375,-0.49029549956321716,0.6291249990463257,98749,0.07647453248500824,0.9639250040054321,1.7058898210525513,-1.4028685092926025,0.061339423060417175,0.10720620304346085,0.06442981958389282,0.06362351030111313,0.08960877358913422,0.013362908735871315,0.9526035189628601,0.09728799015283585,0.7102875113487244,,0.1824539750814438,0.027950173243880272,0.0972708910703659,0.04955413565039635,-0.4992486834526062,0.05295099318027496,0.9721714854240417,0.2086564004421234,0.03351078927516937,0.12464788556098938,1.0042972564697266,0.23047032952308655,-1.5839157104492188,0.14518015086650848,0.9752199053764343,,0.13485677540302277,-0.4964052140712738,,0.25840967893600464,,0.11454939842224121,-1.7805848121643066,0.2587685286998749,0.050779763609170914,-0.1905590146780014,-1.407997727394104,,0.08967311680316925,,0.2609085738658905,78.0,3.0641965866088867,0.049535129219293594,0.2850485146045685,0.6235218644142151,0.17115053534507751
,,,,,,,,,,,,8.705124334046655e-07,,,,,,,,,,,,,,98750,,,,,,,,,,,,,,,,,,,,,,,,,,,,,,,,,,,,,,,,,,8.705124334046655e-07,,,,,,,,,
,,,,,,-0.20883801579475403,,,0.03541339933872223,,,,,,,,,0.16918699443340302,,,,0.9685999751091003,,,,99999,,,,,,,,,,,,,,0.6639999747276306,,,,,,,,,,,,,,,,0.38199999928474426,,,0.06560000032186508,,0.00023021927336230874,,,,,,,,,0.6968938708305359,,79.0,,,,,
0.9151469469070435,0.059308506548404694,0.026243234053254128,0.09725642949342728,0.03845031186938286,-0.4845031201839447,,0.08658302575349808,0.039818696677684784,,0.03462080657482147,0.13005000352859497,,0.06845147907733917,0.03755374625325203,0.17790982127189636,0.45752501487731934,0.37091338634490967,,-0.4053661525249481,0.07254631072282791,0.06626957654953003,,0.07173924148082733,-0.49029532074928284,0.6281750202178955,99999,0.0764750987291336,0.9644500017166138,1.6755200624465942,-1.403054118156433,0.0613316111266613,0.10715030878782272,0.06442947685718536,0.06366188824176788,0.08958251774311066,0.01345608476549387,0.9526835083961487,0.09738943725824356,0.7103659510612488,,0.18460257351398468,0.02827340178191662,0.0968853235244751,0.04978945851325989,-0.4992484748363495,0.05292117968201637,0.9721462726593018,0.20624512434005737,0.03386906534433365,0.12590131163597107,1.0043224096298218,0.22735485434532166,-1.5841054916381836,0.146623894572258,0.9752187728881836,,0.13482879102230072,-0.4964049458503723,,0.25822335481643677,,0.11610680818557739,-1.7807472944259644,0.2580733001232147,0.050923530012369156,-0.19225658476352692,-1.4080899953842163,,0.08994781225919724,,0.26280638575553894,79.0,3.0644867420196533,0.04935728758573532,0.28852659463882446,0.6098436713218689,0.17057867348194122
,,,,,,,,,,,,0.0005,,,,,,,,,,,,,,100000,,,,,,,,,,,,,,,,,,,,,,,,,,,,,,,,,,,,,,,,,,0.0005,,,,,,,,,
,,,,,,-0.2789650857448578,,,0.035864900797605515,,,,,,,,,0.16977262496948242,,,,0.9675999879837036,,,,101249,,,,,,,,,,,,,,0.6308000087738037,,,,,,,,,,,,,,,,0.31619998812675476,,,0.04800000041723251,,-0.06830161064863205,,,,,,,,,0.7022114396095276,,80.0,,,,,
0.9004814624786377,0.05663638934493065,0.025014344602823257,0.11674566566944122,0.03929726406931877,-0.4844496548175812,,0.08366591483354568,0.03902244567871094,,0.03288551792502403,0.11150000244379044,,0.06837327033281326,0.03764922544360161,0.17562463879585266,0.43402498960494995,0.4820774495601654,,-0.406216561794281,0.07027851045131683,0.06332995742559433,,0.07162296772003174,-0.49034741520881653,0.6084750294685364,101249,0.07648532837629318,0.9615749716758728,1.6542021036148071,-1.4076666831970215,0.06148208677768707,0.10306040942668915,0.06438702344894409,0.06301015615463257,0.08771182596683502,0.013750353828072548,0.9535704851150513,0.09353092312812805,0.7113910913467407,,0.19156843423843384,0.027987850829958916,0.1005542203783989,0.048179566860198975,-0.49938467144966125,0.05222819373011589,0.9725591540336609,0.19969899952411652,0.036176204681396484,0.12671035528182983,1.004697322845459,0.2323574423789978,-1.584126591682434,0.1387847363948822,0.976936399936676,,0.1325771063566208,-0.4964887201786041,,0.24772673845291138,,0.124543197453022,-1.7935771942138672,0.2484440952539444,0.04875323548913002,-0.1927994191646576,-1.4160789251327515,,0.08933085948228836,,0.2562902867794037,80.0,3.6773977279663086,0.05168772116303444,0.3561389148235321,0.5973021388053894,0.1616804003715515
,,,,,,,,,,,,0.0004998072976083687,,,,,,,,,,,,,,101250,,,,,,,,,,,,,,,,,,,,,,,,,,,,,,,,,,,,,,,,,,0.0004998072976083687,,,,,,,,,
,,,,,,-0.31007322669029236,,,0.03441740572452545,,,,,,,,,0.16891513764858246,,,,0.9679999947547913,,,,102499,,,,,,,,,,,,,,0.6549999713897705,,,,,,,,,,,,,,,,0.45579999685287476,,,0.10740000009536743,,-0.1004069447517395,,,,,,,,,0.6988874673843384,,81.0,,,,,
0.8756640553474426,0.05395001173019409,0.023705068975687027,0.11721723526716232,0.03818289935588837,-0.4843202531337738,,0.08128746598958969,0.03658660128712654,,0.031543027609586716,0.11169999837875366,,0.0683855414390564,0.03467419743537903,0.16915908455848694,0.43482500314712524,0.4656226933002472,,-0.40725404024124146,0.06672656536102295,0.06024295091629028,,0.0715947151184082,-0.49039995670318604,0.6116499900817871,102499,0.07662395387887955,0.9624500274658203,1.6232693195343018,-1.4330462217330933,0.05950332060456276,0.09862179309129715,0.06439556926488876,0.06038757786154747,0.08490512520074844,0.013168703764677048,0.9511904120445251,0.08942065387964249,0.7112492322921753,,0.19025379419326782,0.026400402188301086,0.09667077660560608,0.04596436023712158,-0.49969637393951416,0.0479540079832077,0.9789238572120667,0.19231747090816498,0.03585543856024742,0.11589882522821426,1.0043234825134277,0.21080082654953003,-1.5926157236099243,0.13339103758335114,0.9749622344970703,,0.12176838517189026,-0.49657684564590454,,0.23349706828594208,,0.11939419060945511,-1.8019050359725952,0.23355278372764587,0.047099217772483826,-0.19387879967689514,-1.42643404006958,,0.08571576327085495,,0.24081119894981384,81.0,3.5187082290649414,0.05089351162314415,0.3451900780200958,0.6133438944816589,0.15387387573719025
,,,,,,,,,,,,0.0004992294875665954,,,,,,,,,,,,,,102500,,,,,,,,,,,,,,,,,,,,,,,,,,,,,,,,,,,,,,,,,,0.0004992294875665954,,,,,,,,,
,,,,,,-0.2962370216846466,,,0.035845864564180374,,,,,,,,,0.18420015275478363,,,,0.9670000076293945,,,,103749,,,,,,,,,,,,,,0.6574000120162964,,,,,,,,,,,,,,,,0.4341999888420105,,,0.08820000290870667,,-0.08731027692556381,,,,,,,,,0.6964226961135864,,82.0,,,,,
0.9369316697120667,0.05164385959506035,0.022807125002145767,0.11528448760509491,0.03768419101834297,-0.4841980040073395,,0.0803990289568901,0.03589403256773949,,0.0308678038418293,0.11402499675750732,,0.0684085562825203,0.0348300077021122,0.16764618456363678,0.4408999979496002,0.4778796434402466,,-0.4067609906196594,0.06672447174787521,0.05851099267601967,,0.07175630331039429,-0.49032890796661377,0.6133999824523926,103749,0.07666124403476715,0.9619749784469604,1.6493746042251587,-1.45200777053833,0.05991004779934883,0.09842251241207123,0.0643208771944046,0.06292105466127396,0.08519124984741211,0.013201911933720112,0.9636979699134827,0.08813455700874329,0.7113351821899414,,0.19003495573997498,0.027784934267401695,0.09303373098373413,0.04563207924365997,-0.49987655878067017,0.048395369201898575,0.9851449131965637,0.19457148015499115,0.03572302311658859,0.11599251627922058,1.0020365715026855,0.22343020141124725,-1.6082496643066406,0.1321910172700882,0.9715641736984253,,0.1206296905875206,-0.4966483414173126,,0.2276635468006134,,0.11749822646379471,-1.8019202947616577,0.2261621356010437,0.046782899647951126,-0.19336022436618805,-1.4392441511154175,,0.08753091841936111,,0.23376469314098358,82.0,3.4998795986175537,0.05174429342150688,0.35463398694992065,0.605894148349762,0.14964275062084198
,,,,,,,,,,,,0.0004982674608158839,,,,,,,,,,,,,,103750,,,,,,,,,,,,,,,,,,,,,,,,,,,,,,,,,,,,,,,,,,0.0004982674608158839,,,,,,,,,
,,,,,,-0.30843085050582886,,,0.03545411303639412,,,,,,,,,0.17690837383270264,,,,0.9688000082969666,,,,104999,,,,,,,,,,,,,,0.6561999917030334,,,,,,,,,,,,,,,,0.4113999903202057,,,0.07599999755620956,,-0.09952525049448013,,,,,,,,,0.6963518261909485,,83.0,,,,,
0.9168829321861267,0.05360490828752518,0.023484328761696815,0.1183304563164711,0.03782723471522331,-0.48413971066474915,,0.08219694346189499,0.03703450411558151,,0.03132205829024315,0.11517500132322311,,0.06841911375522614,0.03434573486447334,0.1677674651145935,0.4396499991416931,0.47416582703590393,,-0.4064340591430664,0.06546806544065475,0.05949091911315918,,0.07175781577825546,-0.4902228116989136,0.6126999855041504,104999,0.07669198513031006,0.9621000289916992,1.6499595642089844,-1.4753161668777466,0.060778770595788956,0.09803734719753265,0.06427663564682007,0.06435419619083405,0.08507497608661652,0.013012782670557499,0.9560549855232239,0.08740556985139847,0.7111482620239258,,0.19053852558135986,0.027302706614136696,0.0926533192396164,0.0462510846555233,-0.5001201033592224,0.04772955924272537,0.9820832014083862,0.19080565869808197,0.03572698310017586,0.11286673694849014,1.0049182176589966,0.22859902679920197,-1.605224847793579,0.1324993222951889,0.9742905497550964,,0.12088291347026825,-0.4965740144252777,,0.22337162494659424,,0.1166740134358406,-1.7810579538345337,0.22333820164203644,0.047485195100307465,-0.19308961927890778,-1.4504790306091309,,0.089188352227211,,0.23985393345355988,83.0,3.3448379039764404,0.05270233005285263,0.362588107585907,0.618695855140686,0.14870314300060272
,,,,,,,,,,,,0.0004969227007317547,,,,,,,,,,,,,,105000,,,,,,,,,,,,,,,,,,,,,,,,,,,,,,,,,,,,,,,,,,0.0004969227007317547,,,,,,,,,
,,,,,,-0.2564152479171753,,,0.036437153816223145,,,,,,,,,0.19218102097511292,,,,0.9718000292778015,,,,106249,,,,,,,,,,,,,,0.6388000249862671,,,,,,,,,,,,,,,,0.3034000098705292,,,0.05559999868273735,,-0.04776165634393692,,,,,,,,,0.6955119967460632,,84.0,,,,,
0.9198783040046692,0.05499464273452759,0.023741571232676506,0.11656057089567184,0.03737447410821915,-0.4840242564678192,,0.08344899863004684,0.036946363747119904,,0.03186006098985672,0.11717499792575836,,0.06839872151613235,0.034192755818367004,0.16862493753433228,0.4420500099658966,0.48646295070648193,,-0.40656203031539917,0.06547161191701889,0.06010544300079346,,0.0716656893491745,-0.49029114842414856,0.6168749928474426,106249,0.07656162977218628,0.9624500274658203,1.6738277673721313,-1.4867697954177856,0.061737462878227234,0.09707667678594589,0.06434808671474457,0.06500155478715897,0.08566965907812119,0.012908633798360825,0.9519076347351074,0.08885039389133453,0.711113691329956,,0.18830788135528564,0.027673611417412758,0.09365987032651901,0.046767108142375946,-0.5003998279571533,0.046056926250457764,0.9853224754333496,0.18903681635856628,0.03520757332444191,0.11136434227228165,1.0047903060913086,0.24512919783592224,-1.635667324066162,0.1329834908246994,0.990135908126831,,0.1157783716917038,-0.4963930547237396,,0.22638800740242004,,0.11629555374383926,-1.7733052968978882,0.2239532768726349,0.04708313196897507,-0.19322802126407623,-1.4661555290222168,,0.08806612342596054,,0.23982158303260803,84.0,3.357445001602173,0.05246281251311302,0.3610570728778839,0.6321754455566406,0.1477094292640686
,,,,,,,,,,,,0.0004951972808367875,,,,,,,,,,,,,,106250,,,,,,,,,,,,,,,,,,,,,,,,,,,,,,,,,,,,,,,,,,0.0004951972808367875,,,,,,,,,
,,,,,,-0.30354830622673035,,,0.03523533046245575,,,,,,,,,0.18873557448387146,,,,0.9611999988555908,,,,107499,,,,,,,,,,,,,,0.6444000005722046,,,,,,,,,,,,,,,,0.3472000062465668,,,0.05420000106096268,,-0.09289359301328659,,,,,,,,,0.7021823525428772,,85.0,,,,,
0.8872321248054504,0.05602974072098732,0.02382959984242916,0.11382568627595901,0.03707876428961754,-0.48395678400993347,,0.08195511996746063,0.035187430679798126,,0.03014947474002838,0.11972499638795853,,0.06846954673528671,0.03299260511994362,0.16279856860637665,0.4487000107765198,0.4728776812553406,,-0.4059288799762726,0.06317013502120972,0.058520764112472534,,0.07163810729980469,-0.4901962876319885,0.6185500025749207,107499,0.07649975270032883,0.9628999829292297,1.698181390762329,-1.5305087566375732,0.06053803116083145,0.09234302490949631,0.06438685953617096,0.06294550746679306,0.08366230130195618,0.012784949503839016,0.9550013542175293,0.08437879383563995,0.7107951641082764,,0.18782851099967957,0.026480862870812416,0.09231230616569519,0.0457918681204319,-0.5006945133209229,0.04560915753245354,0.9727799892425537,0.18419452011585236,0.034918494522571564,0.1078406348824501,1.0045392513275146,0.2408737987279892,-1.6669105291366577,0.12664739787578583,0.977495014667511,,0.11504697054624557,-0.4963734447956085,,0.21657943725585938,,0.11133779585361481,-1.7952467203140259,0.2118459790945053,0.044687531888484955,-0.19268974661827087,-1.4644091129302979,,0.08804583549499512,,0.23704184591770172,85.0,3.18599009513855,0.05114122852683067,0.3649221360683441,0.6358869075775146,0.1408909112215042
,,,,,,,,,,,,0.0004930938616033993,,,,,,,,,,,,,,107500,,,,,,,,,,,,,,,,,,,,,,,,,,,,,,,,,,,,,,,,,,0.0004930938616033993,,,,,,,,,
,,,,,,-0.1379932463169098,,,0.038169633597135544,,,,,,,,,0.17756034433841705,,,,0.965399980545044,,,,108749,,,,,,,,,,,,,,0.6398000121116638,,,,,,,,,,,,,,,,0.31119999289512634,,,0.052799999713897705,,0.0695476233959198,,,,,,,,,0.691802978515625,,86.0,,,,,
0.9045987129211426,0.055112700909376144,0.02402903325855732,0.11418287456035614,0.03642194718122482,-0.4836500585079193,,0.08389223366975784,0.03558240830898285,,0.030487461015582085,0.12304999679327011,,0.06846114248037338,0.03310630843043327,0.1613147109746933,0.45407500863075256,0.48527875542640686,,-0.4061417579650879,0.0636763870716095,0.05903967469930649,,0.07151035964488983,-0.4902016222476959,0.6251999735832214,108749,0.07652024179697037,0.9630249738693237,1.704325795173645,-1.55972421169281,0.06127594783902168,0.09340618550777435,0.0643412321805954,0.06264512240886688,0.0857006087899208,0.01236022636294365,0.9524428844451904,0.08586027473211288,0.7108151912689209,,0.18713437020778656,0.026361173018813133,0.09024053812026978,0.0462506003677845,-0.5008842349052429,0.046035006642341614,0.9773103594779968,0.18464016914367676,0.034662164747714996,0.10742684453725815,1.006469488143921,0.23419901728630066,-1.689473271369934,0.12494536489248276,0.9715331196784973,,0.11588109284639359,-0.49624937772750854,,0.21858520805835724,,0.11186908185482025,-1.8016234636306763,0.2137434333562851,0.044351957738399506,-0.1928972452878952,-1.4663879871368408,,0.08731511980295181,,0.2422771453857422,86.0,3.118934154510498,0.05109696090221405,0.37305569648742676,0.629055380821228,0.14132224023342133
,,,,,,,,,,,,0.0004906156863515891,,,,,,,,,,,,,,108750,,,,,,,,,,,,,,,,,,,,,,,,,,,,,,,,,,,,,,,,,,0.0004906156863515891,,,,,,,,,
,,,,,,-0.19473789632320404,,,0.0356876514852047,,,,,,,,,0.16471169888973236,,,,0.9631999731063843,,,,109999,,,,,,,,,,,,,,0.6499999761581421,,,,,,,,,,,,,,,,0.33959999680519104,,,0.05400000140070915,,0.014955233782529831,,,,,,,,,0.6989771723747253,,87.0,,,,,
0.9194241166114807,0.054345957934856415,0.024154532700777054,0.11850887537002563,0.03603753820061684,-0.48357880115509033,,0.08551579713821411,0.03581247851252556,,0.03097032755613327,0.12292499840259552,,0.06848680227994919,0.03416607156395912,0.15932227671146393,0.4540500044822693,0.4949686527252197,,-0.40580621361732483,0.06496606767177582,0.05957750976085663,,0.07158613204956055,-0.4902380406856537,0.6197999715805054,109999,0.07643860578536987,0.9640250205993652,1.714043378829956,-1.5543864965438843,0.06198885664343834,0.09505166113376617,0.06430376321077347,0.06296636909246445,0.0865328386425972,0.01256561279296875,0.9506234526634216,0.08698701113462448,0.7107763290405273,,0.18686829507350922,0.02696722187101841,0.09189490973949432,0.04687116667628288,-0.501104474067688,0.04731350764632225,0.9780312776565552,0.18527668714523315,0.03458898887038231,0.10938963294029236,1.0031185150146484,0.24355222284793854,-1.695448637008667,0.1303582638502121,0.9691411256790161,,0.11721345037221909,-0.4962064325809479,,0.2208791971206665,,0.11545503884553909,-1.7882148027420044,0.21425515413284302,0.04522281140089035,-0.19257348775863647,-1.4821586608886719,,0.08760063350200653,,0.24559900164604187,87.0,3.1408543586730957,0.0522160530090332,0.38230863213539124,0.6333672404289246,0.14081165194511414
,,,,,,,,,,,,0.0004877665762479737,,,,,,,,,,,,,,110000,,,,,,,,,,,,,,,,,,,,,,,,,,,,,,,,,,,,,,,,,,0.0004877665762479737,,,,,,,,,
,,,,,,-0.25694143772125244,,,0.03551673889160156,,,,,,,,,0.17401085793972015,,,,0.9526000022888184,,,,111249,,,,,,,,,,,,,,0.6746000051498413,,,,,,,,,,,,,,,,0.4327999949455261,,,0.07180000096559525,,-0.04674924165010452,,,,,,,,,0.7006405591964722,,88.0,,,,,
0.9466714859008789,0.056357141584157944,0.025170287117362022,0.11748246103525162,0.03649166598916054,-0.4834597110748291,,0.08813245594501495,0.036354612559080124,,0.031549323350191116,0.12290000170469284,,0.0683518722653389,0.032919254153966904,0.1603471338748932,0.45502498745918274,0.47916966676712036,,-0.40499594807624817,0.06577171385288239,0.06095772609114647,,0.07162030786275864,-0.49020859599113464,0.6230499744415283,111249,0.07643139362335205,0.9620749950408936,1.7905898094177246,-1.5967849493026733,0.06252354383468628,0.09672018140554428,0.06423967331647873,0.0642867311835289,0.08856945484876633,0.012251644395291805,0.9673956036567688,0.0875033587217331,0.7107534408569336,,0.18747150897979736,0.02670367993414402,0.09140142053365707,0.0478743240237236,-0.5013594627380371,0.048553965985774994,0.989785373210907,0.1906973421573639,0.034796059131622314,0.10786474496126175,1.0016242265701294,0.23123130202293396,-1.694167137145996,0.12813135981559753,0.9699263572692871,,0.11812702566385269,-0.496076762676239,,0.22707177698612213,,0.11237935721874237,-1.8131476640701294,0.217933788895607,0.04518073424696922,-0.19176988303661346,-1.4887382984161377,,0.08781667053699493,,0.25135985016822815,88.0,2.9639251232147217,0.05143574997782707,0.37314850091934204,0.64311683177948,0.14349040389060974
,,,,,,,,,,,,0.000484550924413825,,,,,,,,,,,,,,111250,,,,,,,,,,,,,,,,,,,,,,,,,,,,,,,,,,,,,,,,,,0.000484550924413825,,,,,,,,,
,,,,,,-0.2510915696620941,,,0.034975357353687286,,,,,,,,,0.16634303331375122,,,,0.9729999899864197,,,,112499,,,,,,,,,,,,,,0.6686000227928162,,,,,,,,,,,,,,,,0.4146000146865845,,,0.08380000293254852,,-0.04203366860747337,,,,,,,,,0.6968598365783691,,89.0,,,,,
0.9041987061500549,0.0537964291870594,0.024241188541054726,0.12001784890890121,0.03613458201289177,-0.48325151205062866,,0.08835458755493164,0.036373838782310486,,0.03104618564248085,0.1292250007390976,,0.06825508177280426,0.03284774720668793,0.16248689591884613,0.46459999680519104,0.48984697461128235,,-0.40527257323265076,0.0653194710612297,0.05942916125059128,,0.07157231122255325,-0.49017730355262756,0.628974974155426,112499,0.07626498490571976,0.9634749889373779,1.7828537225723267,-1.5945782661437988,0.06296887993812561,0.09512975811958313,0.06426863372325897,0.06514444202184677,0.08844218403100967,0.0122657036408782,0.9769040942192078,0.08721011877059937,0.7102808356285095,,0.1844758838415146,0.027264660224318504,0.09208964556455612,0.04700690507888794,-0.5014531016349792,0.04836410656571388,0.9835821390151978,0.18914999067783356,0.03384963423013687,0.10935268551111221,1.0029844045639038,0.24065706133842468,-1.7150771617889404,0.12787732481956482,0.9755369424819946,,0.11819790303707123,-0.4958878457546234,,0.22226765751838684,,0.11205446720123291,-1.812676191329956,0.2130471020936966,0.04532058537006378,-0.1921888142824173,-1.490463137626648,,0.08787376433610916,,0.2524285316467285,89.0,2.9418387413024902,0.05277863144874573,0.39222896099090576,0.6594294905662537,0.14138904213905334
,,,,,,,,,,,,0.00048097368915119617,,,,,,,,,,,,,,112500,,,,,,,,,,,,,,,,,,,,,,,,,,,,,,,,,,,,,,,,,,0.00048097368915119617,,,,,,,,,
,,,,,,-0.19144566357135773,,,0.03441303223371506,,,,,,,,,0.14963743090629578,,,,0.9652000069618225,,,,113749,,,,,,,,,,,,,,0.6732000112533569,,,,,,,,,,,,,,,,0.44339999556541443,,,0.08340000361204147,,0.018221799284219742,,,,,,,,,0.6988914012908936,,90.0,,,,,
0.9375782012939453,0.05424405634403229,0.0240081325173378,0.11671052128076553,0.03525523468852043,-0.4831029772758484,,0.08849413692951202,0.036823730915784836,,0.031035706400871277,0.1297750025987625,,0.06830626726150513,0.032909270375967026,0.16135801374912262,0.46377500891685486,0.4706355929374695,,-0.4052303433418274,0.06340547651052475,0.058842841535806656,,0.071445032954216,-0.49019360542297363,0.627174973487854,113749,0.07631750404834747,0.9661499857902527,1.783557415008545,-1.6285651922225952,0.06350716948509216,0.09417608380317688,0.06430311501026154,0.06689565628767014,0.08876067399978638,0.012284738011658192,0.9820113182067871,0.08642818033695221,0.7103818655014038,,0.18446184694766998,0.027345990762114525,0.09071452170610428,0.0463920421898365,-0.5016935467720032,0.04799557849764824,0.9805251955986023,0.18627217411994934,0.033744197338819504,0.10798250883817673,1.0077108144760132,0.2393469661474228,-1.747065782546997,0.12725749611854553,0.9745810627937317,,0.11808370053768158,-0.4957742691040039,,0.21581725776195526,,0.1111786887049675,-1.815553069114685,0.2034895420074463,0.04554576054215431,-0.19211605191230774,-1.4945807456970215,,0.08803758770227432,,0.25348198413848877,90.0,2.7693469524383545,0.053042005747556686,0.3805793821811676,0.6687531471252441,0.13927751779556274
,,,,,,,,,,,,0.00047704038629757913,,,,,,,,,,,,,,113750,,,,,,,,,,,,,,,,,,,,,,,,,,,,,,,,,,,,,,,,,,0.00047704038629757913,,,,,,,,,
,,,,,,-0.04706351086497307,,,0.036744311451911926,,,,,,,,,0.16720259189605713,,,,0.9592000246047974,,,,114999,,,,,,,,,,,,,,0.6618000268936157,,,,,,,,,,,,,,,,0.3192000091075897,,,0.055399999022483826,,0.16174982488155365,,,,,,,,,0.6960444450378418,,91.0,,,,,
0.9469281435012817,0.052642323076725006,0.023871488869190216,0.11881190538406372,0.03517599031329155,-0.4830562472343445,,0.09140478819608688,0.037717171013355255,,0.03140251711010933,0.12992499768733978,,0.06836149841547012,0.033556219190359116,0.1648048609495163,0.46947500109672546,0.4865093231201172,,-0.40452638268470764,0.06668504327535629,0.059160009026527405,,0.07123400270938873,-0.490168958902359,0.6329249739646912,114999,0.07644133269786835,0.9644250273704529,1.7932937145233154,-1.6481355428695679,0.0651964545249939,0.09378161281347275,0.06443329155445099,0.06914260983467102,0.09161421656608582,0.012546150013804436,0.972602367401123,0.08966559916734695,0.7101413011550903,,0.18386754393577576,0.028575347736477852,0.09152556955814362,0.04690563306212425,-0.5019227266311646,0.04975789785385132,0.9762882590293884,0.19035932421684265,0.03357894718647003,0.11129657179117203,1.0058722496032715,0.2415933609008789,-1.762374758720398,0.12678514420986176,0.976752758026123,,0.12131533026695251,-0.4956657588481903,,0.22543522715568542,,0.11465796083211899,-1.8268439769744873,0.21056538820266724,0.04582412168383598,-0.19148419797420502,-1.5009936094284058,,0.08996926248073578,,0.26162081956863403,91.0,2.764284610748291,0.05419071018695831,0.39459750056266785,0.662364661693573,0.14020656049251556
,,,,,,,,,,,,0.0004727570807208826,,,,,,,,,,,,,,115000,,,,,,,,,,,,,,,,,,,,,,,,,,,,,,,,,,,,,,,,,,0.0004727570807208826,,,,,,,,,
,,,,,,-0.19810283184051514,,,0.033860694617033005,,,,,,,,,0.15798218548297882,,,,0.9711999893188477,,,,116249,,,,,,,,,,,,,,0.6682000160217285,,,,,,,,,,,,,,,,0.4007999897003174,,,0.06939999759197235,,0.011318427510559559,,,,,,,,,0.6980709433555603,,92.0,,,,,
0.9575952887535095,0.052250709384679794,0.023520976305007935,0.12044825404882431,0.03482629731297493,-0.4828340411186218,,0.0902392789721489,0.036625031381845474,,0.030690085142850876,0.13455000519752502,,0.06838270276784897,0.03306441009044647,0.1623256802558899,0.4745999872684479,0.4932434558868408,,-0.4038831889629364,0.06319057941436768,0.05783027783036232,,0.07116863131523132,-0.49011552333831787,0.6366000175476074,116249,0.0764845609664917,0.9654750227928162,1.6999279260635376,-1.6760667562484741,0.06489726155996323,0.09474488347768784,0.06441705673933029,0.06805948168039322,0.08986850827932358,0.012549021281301975,0.9645147323608398,0.08539191633462906,0.7099114656448364,,0.18242399394512177,0.027188805863261223,0.09109192341566086,0.04540589079260826,-0.5021989345550537,0.048097625374794006,0.9826726317405701,0.18783439695835114,0.0329284593462944,0.10897194594144821,1.0065075159072876,0.24632373452186584,-1.777840256690979,0.12538304924964905,0.9760397672653198,,0.11768548935651779,-0.4956353008747101,,0.2125450223684311,,0.11357040703296661,-1.8295685052871704,0.19877132773399353,0.0458577461540699,-0.19090965390205383,-1.4921870231628418,,0.08660422265529633,,0.2575577199459076,92.0,2.7335965633392334,0.05329326167702675,0.3908534646034241,0.6757859587669373,0.13608980178833008
,,,,,,,,,,,,0.0004681303769678457,,,,,,,,,,,,,,116250,,,,,,,,,,,,,,,,,,,,,,,,,,,,,,,,,,,,,,,,,,0.0004681303769678457,,,,,,,,,
,,,,,,-0.16825944185256958,,,0.03790982440114021,,,,,,,,,0.17352022230625153,,,,0.9660000205039978,,,,117499,,,,,,,,,,,,,,0.6521999835968018,,,,,,,,,,,,,,,,0.33899998664855957,,,0.06360000371932983,,0.039085160940885544,,,,,,,,,0.6911488175392151,,93.0,,,,,
1.0012396574020386,0.05125274509191513,0.022867435589432716,0.1165938749909401,0.03503894433379173,-0.4826698303222656,,0.09084431827068329,0.03736087307333946,,0.03086482174694538,0.13474999368190765,,0.0683845654129982,0.03274074196815491,0.16384749114513397,0.4728749990463257,0.4768766462802887,,-0.40441644191741943,0.06453457474708557,0.05688362568616867,,0.07112972438335419,-0.49009019136428833,0.6365749835968018,117499,0.07654175162315369,0.9658250212669373,1.8224372863769531,-1.6881660223007202,0.06533646583557129,0.09656887501478195,0.06437969207763672,0.07175671309232712,0.09159720689058304,0.012546544894576073,0.9604103565216064,0.08570962399244308,0.7099599838256836,,0.18160854279994965,0.026994293555617332,0.09186087548732758,0.04663586616516113,-0.502467691898346,0.04828526824712753,0.9813307523727417,0.1895378679037094,0.0326574444770813,0.10801168531179428,1.005785584449768,0.27276331186294556,-1.778051733970642,0.1282775104045868,0.972710132598877,,0.11694764345884323,-0.4955237805843353,,0.2152770757675171,,0.11183935403823853,-1.833858609199524,0.19925735890865326,0.04658684507012367,-0.19142837822437286,-1.4930294752120972,,0.08840253949165344,,0.25744909048080444,93.0,2.59464693069458,0.0536886528134346,0.3929365575313568,0.6618331074714661,0.13720294833183289
,,,,,,,,,,,,0.0004631674090803054,,,,,,,,,,,,,,117500,,,,,,,,,,,,,,,,,,,,,,,,,,,,,,,,,,,,,,,,,,0.0004631674090803054,,,,,,,,,
,,,,,,-0.2732466459274292,,,0.0354255847632885,,,,,,,,,0.18767406046390533,,,,0.9750000238418579,,,,118749,,,,,,,,,,,,,,0.6636000275611877,,,,,,,,,,,,,,,,0.35679998993873596,,,0.06780000030994415,,-0.0640127956867218,,,,,,,,,0.6974462270736694,,94.0,,,,,
0.9738893508911133,0.052714910358190536,0.023600105196237564,0.12056098878383636,0.034473106265068054,-0.4825153946876526,,0.09355515986680984,0.038977690041065216,,0.03201786056160927,0.13547499477863312,,0.06837843358516693,0.033461280167102814,0.1619226634502411,0.4747749865055084,0.5080532431602478,,-0.40344375371932983,0.06526902318000793,0.05894903466105461,,0.07123924791812897,-0.4899808168411255,0.6384249925613403,118749,0.07641812413930893,0.964775025844574,1.8209455013275146,-1.7266279458999634,0.06656692922115326,0.09482483565807343,0.06444164365530014,0.07147519290447235,0.0948360338807106,0.012554089538753033,0.9631354212760925,0.08860145509243011,0.7097504734992981,,0.18244589865207672,0.027749886736273766,0.0904928669333458,0.04656357318162918,-0.502632737159729,0.050035618245601654,0.9796670079231262,0.1916835457086563,0.033073101192712784,0.11165445297956467,1.0095731019973755,0.2593874931335449,-1.783327579498291,0.12649068236351013,0.9739476442337036,,0.11966221034526825,-0.49537020921707153,,0.22143539786338806,,0.11433225125074387,-1.8391770124435425,0.20332245528697968,0.0463060699403286,-0.19051851332187653,-1.4954652786254883,,0.0881827175617218,,0.2633628845214844,94.0,2.6621809005737305,0.05453428253531456,0.4186811149120331,0.6748476028442383,0.1396438181400299
,,,,,,,,,,,,0.00045787582959502126,,,,,,,,,,,,,,118750,,,,,,,,,,,,,,,,,,,,,,,,,,,,,,,,,,,,,,,,,,0.00045787582959502126,,,,,,,,,
,,,,,,-0.19624821841716766,,,0.03634931519627571,,,,,,,,,0.19466739892959595,,,,0.972599983215332,,,,119999,,,,,,,,,,,,,,0.631600022315979,,,,,,,,,,,,,,,,0.2777999937534332,,,0.04259999841451645,,0.013246058486402035,,,,,,,,,0.6983140707015991,,95.0,,,,,
0.9749926924705505,0.05305561423301697,0.02374732866883278,0.12355643510818481,0.03380616009235382,-0.48242685198783875,,0.09400635957717896,0.03906842693686485,,0.03194814547896385,0.1377750039100647,,0.06823140382766724,0.03369203209877014,0.1591418981552124,0.48335000872612,0.5428862571716309,,-0.40309613943099976,0.06471985578536987,0.059564173221588135,,0.07121717184782028,-0.4898327589035034,0.64267498254776,119999,0.07642359286546707,0.9664999842643738,1.8235676288604736,-1.7439337968826294,0.06688020378351212,0.09262756258249283,0.06438777595758438,0.06942171603441238,0.09468181431293488,0.013060376048088074,0.9521713852882385,0.08859127759933472,0.7095611691474915,,0.1809655874967575,0.027665741741657257,0.09117773175239563,0.04671082645654678,-0.5027689933776855,0.04899207875132561,0.9888692498207092,0.1913405954837799,0.03248853608965874,0.11008159071207047,1.0087518692016602,0.25766539573669434,-1.7891234159469604,0.12634307146072388,0.9796770215034485,,0.11762178689241409,-0.49524185061454773,,0.2201169729232788,,0.11727484315633774,-1.8556697368621826,0.20369073748588562,0.04659207910299301,-0.19022810459136963,-1.4964916706085205,,0.08698219060897827,,0.26990455389022827,95.0,2.7064716815948486,0.05442243069410324,0.439922958612442,0.6812443137168884,0.13801047205924988
,,,,,,,,,,,,0.0004522637977440182,,,,,,,,,,,,,,120000,,,,,,,,,,,,,,,,,,,,,,,,,,,,,,,,,,,,,,,,,,0.0004522637977440182,,,,,,,,,
,,,,,,-0.14903995394706726,,,0.03530276194214821,,,,,,,,,0.1805335134267807,,,,0.972599983215332,,,,121249,,,,,,,,,,,,,,0.6611999869346619,,,,,,,,,,,,,,,,0.3400000035762787,,,0.066600002348423,,0.05921107158064842,,,,,,,,,0.6941699981689453,,96.0,,,,,
0.9445273280143738,0.05291975662112236,0.023316940292716026,0.11929778754711151,0.03394274041056633,-0.48232489824295044,,0.09380899369716644,0.038377005606889725,,0.031186431646347046,0.13899999856948853,,0.06810378283262253,0.03249627724289894,0.16107136011123657,0.4817500114440918,0.5015054941177368,,-0.40350568294525146,0.06323127448558807,0.0584704726934433,,0.07113201171159744,-0.4898049235343933,0.6428250074386597,121249,0.07649905234575272,0.9667500257492065,1.844714879989624,-1.7361449003219604,0.06622721999883652,0.09319186955690384,0.06431595236063004,0.07069236040115356,0.09302221238613129,0.012578099966049194,0.9520210027694702,0.08540381491184235,0.7094277143478394,,0.17911997437477112,0.027540063485503197,0.08930791914463043,0.045586783438920975,-0.503004252910614,0.047627780586481094,1.001112699508667,0.1892804503440857,0.03189082816243172,0.10614798218011856,1.0048933029174805,0.25841715931892395,-1.803114414215088,0.12450423836708069,0.9706405997276306,,0.11419375985860825,-0.4952985346317291,,0.21352963149547577,,0.11441091448068619,-1.854539394378662,0.19612838327884674,0.04577277973294258,-0.19067759811878204,-1.5098514556884766,,0.08842098712921143,,0.26740869879722595,96.0,2.483013868331909,0.0542733334004879,0.40906214714050293,0.6579462289810181,0.13612259924411774
,,,,,,,,,,,,0.0004463399668736422,,,,,,,,,,,,,,121250,,,,,,,,,,,,,,,,,,,,,,,,,,,,,,,,,,,,,,,,,,0.0004463399668736422,,,,,,,,,
,,,,,,-0.19051319360733032,,,0.03493092209100723,,,,,,,,,0.16399680078029633,,,,0.9697999954223633,,,,122499,,,,,,,,,,,,,,0.6759999990463257,,,,,,,,,,,,,,,,0.39959999918937683,,,0.07559999823570251,,0.017842458561062813,,,,,,,,,0.6945189237594604,,97.0,,,,,
0.9652816653251648,0.05413367226719856,0.02354123443365097,0.11935683339834213,0.03440863639116287,-0.48211097717285156,,0.09720353782176971,0.03938817232847214,,0.03131064400076866,0.13965000212192535,,0.06818448752164841,0.03424641117453575,0.163156658411026,0.48717498779296875,0.49780088663101196,,-0.40408068895339966,0.06442365795373917,0.05891851335763931,,0.07110462337732315,-0.489717572927475,0.6466500163078308,122499,0.07651952654123306,0.9670000076293945,1.8953126668930054,-1.7215806245803833,0.0683048740029335,0.09540358185768127,0.06444863975048065,0.07073798775672913,0.09598731994628906,0.01272739376872778,0.9578198194503784,0.08661697804927826,0.7093010544776917,,0.178462415933609,0.02730870433151722,0.09200721234083176,0.04812789708375931,-0.5032674074172974,0.04948669672012329,1.0070053339004517,0.19415853917598724,0.03159283101558685,0.1120099276304245,1.0032405853271484,0.25818130373954773,-1.786948800086975,0.1283426433801651,0.98233962059021,,0.11810281127691269,-0.4951876997947693,,0.2155744582414627,,0.11697003245353699,-1.8711738586425781,0.19928118586540222,0.04752913489937782,-0.19129019975662231,-1.5193244218826294,,0.08815395832061768,,0.27585864067077637,97.0,2.403723955154419,0.05516104772686958,0.4175506830215454,0.6903242468833923,0.13934850692749023
,,,,,,,,,,,,0.00044011347110172784,,,,,,,,,,,,,,122500,,,,,,,,,,,,,,,,,,,,,,,,,,,,,,,,,,,,,,,,,,0.00044011347110172784,,,,,,,,,
,,,,,,-0.19851911067962646,,,0.03842015564441681,,,,,,,,,0.18463754653930664,,,,0.9811999797821045,,,,123749,,,,,,,,,,,,,,0.6632000207901001,,,,,,,,,,,,,,,,0.3555999994277954,,,0.06800000369548798,,0.010335983708500862,,,,,,,,,0.6961836218833923,,98.0,,,,,
0.9675537943840027,0.05428536236286163,0.023704927414655685,0.11572355777025223,0.033721260726451874,-0.4819332957267761,,0.09601711481809616,0.04005691409111023,,0.03125397488474846,0.14412499964237213,,0.06818181276321411,0.03299200162291527,0.1632031947374344,0.48852500319480896,0.48907509446144104,,-0.40289002656936646,0.0639854371547699,0.05892358347773552,,0.07121535390615463,-0.48960044980049133,0.6482499837875366,123749,0.07648448646068573,0.9682000279426575,1.885820746421814,-1.732222080230713,0.06847681105136871,0.09660951048135757,0.0644594207406044,0.06984729319810867,0.09556262940168381,0.012601853348314762,0.9568768739700317,0.08530964702367783,0.7090836763381958,,0.17806267738342285,0.026471832767128944,0.091883085668087,0.04688987508416176,-0.503466010093689,0.04820414260029793,1.002577781677246,0.1941806674003601,0.03148634731769562,0.10933639854192734,1.0036413669586182,0.2630045711994171,-1.7872923612594604,0.12747198343276978,0.985402524471283,,0.11432081460952759,-0.4950787127017975,,0.21401569247245789,,0.11469878256320953,-1.8687227964401245,0.19798430800437927,0.046754706650972366,-0.19016505777835846,-1.5224312543869019,,0.08648882061243057,,0.2726745009422302,98.0,2.2955868244171143,0.05503050982952118,0.4192313551902771,0.717632532119751,0.13844040036201477
,,,,,,,,,,,,0.00043359391123344967,,,,,,,,,,,,,,123750,,,,,,,,,,,,,,,,,,,,,,,,,,,,,,,,,,,,,,,,,,0.00043359391123344967,,,,,,,,,
,,,,,,-0.08904021233320236,,,0.036982353776693344,,,,,,,,,0.17788302898406982,,,,0.9628000259399414,,,,124999,,,,,,,,,,,,,,0.6705999970436096,,,,,,,,,,,,,,,,0.33399999141693115,,,0.05739999935030937,,0.11841212213039398,,,,,,,,,0.6915075778961182,,99.0,,,,,
1.0071258544921875,0.05621949955821037,0.02491053193807602,0.118080273270607,0.03412069007754326,-0.4816172420978546,,0.10005305707454681,0.0405125729739666,,0.03204534575343132,0.14727500081062317,,0.06814998388290405,0.03463256359100342,0.16426393389701843,0.4946500062942505,0.4904182255268097,,-0.40236696600914,0.06590157747268677,0.06123565509915352,,0.07123009115457535,-0.4894523024559021,0.6521499752998352,124999,0.0765785202383995,0.966825008392334,1.9747607707977295,-1.7465465068817139,0.07038486003875732,0.09847445040941238,0.06444384902715683,0.06987732648849487,0.0975719466805458,0.01279666181653738,0.9524015784263611,0.08741507679224014,0.7090555429458618,,0.17783035337924957,0.026919648051261902,0.09032214432954788,0.048139870166778564,-0.503715991973877,0.049780845642089844,1.0045799016952515,0.1965738981962204,0.0315159410238266,0.11250171065330505,1.0065172910690308,0.2680049240589142,-1.7851722240447998,0.13088898360729218,0.9860659241676331,,0.11920993775129318,-0.49504634737968445,,0.2176883965730667,,0.1157202273607254,-1.8873984813690186,0.20069590210914612,0.04807964712381363,-0.18964986503124237,-1.5194607973098755,,0.08837686479091644,,0.282846063375473,99.0,2.2447798252105713,0.05613348260521889,0.4219837784767151,0.717739999294281,0.13950879871845245
,,,,,,,,,,,,0.0004267913399575776,,,,,,,,,,,,,,125000,,,,,,,,,,,,,,,,,,,,,,,,,,,,,,,,,,,,,,,,,,0.0004267913399575776,,,,,,,,,
,,,,,,-0.16603922843933105,,,0.0353362075984478,,,,,,,,,0.18776899576187134,,,,0.9631999731063843,,,,126249,,,,,,,,,,,,,,0.6725999712944031,,,,,,,,,,,,,,,,0.3736000061035156,,,0.06880000233650208,,0.04304909706115723,,,,,,,,,0.6969611048698425,,100.0,,,,,
1.008190631866455,0.054230425506830215,0.023753562942147255,0.1188419833779335,0.034174058586359024,-0.4813649356365204,,0.0999499037861824,0.04018794372677803,,0.031933579593896866,0.1459749937057495,,0.0681765004992485,0.03498509153723717,0.16438740491867065,0.49584999680519104,0.5151662826538086,,-0.4032348394393921,0.06656598299741745,0.05981259047985077,,0.0712658166885376,-0.48945853114128113,0.6537250280380249,126249,0.0764685571193695,0.9676499962806702,1.9861124753952026,-1.7762659788131714,0.07058762013912201,0.09881953150033951,0.06446060538291931,0.07072531431913376,0.0976400300860405,0.012971174903213978,0.9554859399795532,0.08741684257984161,0.7086760997772217,,0.17641189694404602,0.02686236798763275,0.09173741191625595,0.04784189909696579,-0.5039551258087158,0.04964608699083328,0.991713285446167,0.19542774558067322,0.030872398987412453,0.11315237730741501,1.0039433240890503,0.28338441252708435,-1.812023401260376,0.13166354596614838,0.9867221713066101,,0.11916940659284592,-0.49495023488998413,,0.21667158603668213,,0.11916592717170715,-1.8735731840133667,0.1976556032896042,0.04843766614794731,-0.19063210487365723,-1.526599407196045,,0.0878140926361084,,0.28264519572257996,100.0,2.2625014781951904,0.056501153856515884,0.4427899420261383,0.6873577237129211,0.13687732815742493
,,,,,,,,,,,,0.00041971624634595887,,,,,,,,,,,,,,126250,,,,,,,,,,,,,,,,,,,,,,,,,,,,,,,,,,,,,,,,,,0.00041971624634595887,,,,,,,,,
,,,,,,-0.09993023425340652,,,0.03417288511991501,,,,,,,,,0.15461358428001404,,,,0.9693999886512756,,,,127499,,,,,,,,,,,,,,0.6850000023841858,,,,,,,,,,,,,,,,0.4253999888896942,,,0.08160000294446945,,0.10868896543979645,,,,,,,,,0.6953974366188049,,101.0,,,,,
1.015098214149475,0.05336154252290726,0.023642055690288544,0.11988531798124313,0.033993881195783615,-0.48126718401908875,,0.1002652496099472,0.0414985828101635,,0.0319269634783268,0.1447249948978424,,0.06824326515197754,0.03431148827075958,0.16651828587055206,0.4979499876499176,0.49237367510795593,,-0.40224024653434753,0.06624142080545425,0.059766754508018494,,0.07129434496164322,-0.48940789699554443,0.6527000069618225,127499,0.07635164260864258,0.9679250121116638,1.987365484237671,-1.7855771780014038,0.07172897458076477,0.10062839090824127,0.06442974507808685,0.07079597562551498,0.098145492374897,0.01260230503976345,0.963097095489502,0.08856139332056046,0.7090792655944824,,0.17715688049793243,0.027079766616225243,0.09145555645227432,0.04871559888124466,-0.5042240023612976,0.04865976423025131,0.9820654988288879,0.1990777552127838,0.03112153895199299,0.11143618077039719,1.0057708024978638,0.2706623375415802,-1.8341872692108154,0.13232608139514923,0.9799343943595886,,0.11578676849603653,-0.494844913482666,,0.21693599224090576,,0.1166972741484642,-1.8957715034484863,0.19752760231494904,0.04863522946834564,-0.18951624631881714,-1.5385818481445312,,0.08937527984380722,,0.28266292810440063,101.0,2.1558759212493896,0.05693276971578598,0.42801156640052795,0.7115110158920288,0.13973082602024078
,,,,,,,,,,,,0.0004123795396801295,,,,,,,,,,,,,,127500,,,,,,,,,,,,,,,,,,,,,,,,,,,,,,,,,,,,,,,,,,0.0004123795396801295,,,,,,,,,
,,,,,,-0.22111763060092926,,,0.03441960737109184,,,,,,,,,0.17780975997447968,,,,0.9721999764442444,,,,128749,,,,,,,,,,,,,,0.6855999827384949,,,,,,,,,,,,,,,,0.4456000030040741,,,0.07900000363588333,,-0.012575037777423859,,,,,,,,,0.6951421499252319,,102.0,,,,,
0.990247368812561,0.05329263210296631,0.023877743631601334,0.11697181314229965,0.03419677913188934,-0.4810216724872589,,0.10262486338615417,0.042102500796318054,,0.03246793523430824,0.14970000088214874,,0.06829328835010529,0.034514956176280975,0.16784575581550598,0.5005249977111816,0.4838806986808777,,-0.40223315358161926,0.06678593903779984,0.060251835733652115,,0.07128249108791351,-0.48926842212677,0.6551250219345093,128749,0.07628145813941956,0.9692249894142151,2.050886631011963,-1.8157368898391724,0.07264849543571472,0.09962739050388336,0.06440581381320953,0.0726897194981575,0.10152923315763474,0.012867617420852184,0.9553334712982178,0.09016551822423935,0.7087793350219727,,0.17449773848056793,0.027193771675229073,0.09115007519721985,0.049181148409843445,-0.5044217109680176,0.05035286769270897,0.9841133952140808,0.20265059173107147,0.03030264936387539,0.11311689764261246,1.0051757097244263,0.27855435013771057,-1.8353984355926514,0.13295745849609375,0.9856469035148621,,0.1196889877319336,-0.4948182702064514,,0.21972720324993134,,0.11701104789972305,-1.9037158489227295,0.20006802678108215,0.04937528818845749,-0.18959952890872955,-1.550005316734314,,0.09000664204359055,,0.2928202748298645,102.0,2.069391965866089,0.05704959109425545,0.42749154567718506,0.6997150778770447,0.1401785910129547
,,,,,,,,,,,,0.00040479253262999307,,,,,,,,,,,,,,128750,,,,,,,,,,,,,,,,,,,,,,,,,,,,,,,,,,,,,,,,,,0.00040479253262999307,,,,,,,,,
,,,,,,-0.08165252208709717,,,0.03561686724424362,,,,,,,,,0.1541234701871872,,,,0.9718000292778015,,,,129999,,,,,,,,,,,,,,0.6782000064849854,,,,,,,,,,,,,,,,0.39800000190734863,,,0.07919999957084656,,0.12607668340206146,,,,,,,,,0.6924304366111755,,103.0,,,,,
0.9916531443595886,0.053109247237443924,0.02377273701131344,0.12412906438112259,0.03397034853696823,-0.48075616359710693,,0.10184791684150696,0.04130549356341362,,0.03280942514538765,0.15047499537467957,,0.06814627349376678,0.035000041127204895,0.16498029232025146,0.5051000118255615,0.5306904911994934,,-0.40167301893234253,0.06548100709915161,0.06077495217323303,,0.07125389575958252,-0.48914945125579834,0.6597999930381775,129999,0.07639726996421814,0.9690250158309937,1.9274039268493652,-1.8362308740615845,0.07212785631418228,0.09857150167226791,0.06440091878175735,0.07204149663448334,0.10012337565422058,0.013185612857341766,0.955252468585968,0.08851476013660431,0.7084840536117554,,0.1740056574344635,0.027256997302174568,0.09146403521299362,0.04883632808923721,-0.5046112537384033,0.05025804415345192,0.9808953404426575,0.20015771687030792,0.030145367607474327,0.11423852294683456,1.003530740737915,0.2794801890850067,-1.8268404006958008,0.13216905295848846,0.9940020442008972,,0.11973420530557632,-0.49479570984840393,,0.21702350676059723,,0.11902379244565964,-1.9110374450683594,0.19644290208816528,0.04939398914575577,-0.1891280859708786,-1.5565147399902344,,0.09027321636676788,,0.2899972200393677,103.0,2.190072536468506,0.05715728923678398,0.4528380334377289,0.7071649432182312,0.13881666958332062
,,,,,,,,,,,,0.0003969669238105037,,,,,,,,,,,,,,130000,,,,,,,,,,,,,,,,,,,,,,,,,,,,,,,,,,,,,,,,,,0.0003969669238105037,,,,,,,,,
,,,,,,-0.18119437992572784,,,0.0380517803132534,,,,,,,,,0.16923312842845917,,,,0.980400025844574,,,,131249,,,,,,,,,,,,,,0.6801999807357788,,,,,,,,,,,,,,,,0.41620001196861267,,,0.07940000295639038,,0.027814770117402077,,,,,,,,,0.6966971755027771,,104.0,,,,,
1.0207107067108154,0.052454255521297455,0.02346545085310936,0.1273776739835739,0.033595405519008636,-0.4806080460548401,,0.10248521715402603,0.041384290903806686,,0.032300181686878204,0.15080000460147858,,0.06825678795576096,0.035427361726760864,0.16532671451568604,0.5077000260353088,0.5383812189102173,,-0.40160560607910156,0.06485993415117264,0.05965052545070648,,0.07112912833690643,-0.4889867603778839,0.6601250171661377,131249,0.07650552690029144,0.9700000286102295,1.9678900241851807,-1.8577871322631836,0.07269246876239777,0.10030147433280945,0.06437640637159348,0.07320301234722137,0.10103365778923035,0.01340226549655199,0.9550492167472839,0.08757317811250687,0.7086470127105713,,0.17423802614212036,0.027599187567830086,0.09186606109142303,0.049641311168670654,-0.504897952079773,0.05029071122407913,1.0000900030136108,0.2018328309059143,0.03007633052766323,0.11518791317939758,1.0051194429397583,0.26979494094848633,-1.8134523630142212,0.13131137192249298,0.9915776252746582,,0.11951369792222977,-0.49479931592941284,,0.21346667408943176,,0.1213725209236145,-1.9170277118682861,0.19373087584972382,0.04947277903556824,-0.18901173770427704,-1.5577902793884277,,0.09023350477218628,,0.2925252616405487,104.0,2.1652719974517822,0.05799882858991623,0.4647715389728546,0.6935832500457764,0.13734999299049377
,,,,,,,,,,,,0.0003889147797432496,,,,,,,,,,,,,,131250,,,,,,,,,,,,,,,,,,,,,,,,,,,,,,,,,,,,,,,,,,0.0003889147797432496,,,,,,,,,
,,,,,,-0.16781707108020782,,,0.03553036227822304,,,,,,,,,0.17317837476730347,,,,0.9648000001907349,,,,132499,,,,,,,,,,,,,,0.6877999901771545,,,,,,,,,,,,,,,,0.40619999170303345,,,0.07079999893903732,,0.04035928472876549,,,,,,,,,0.6939211487770081,,105.0,,,,,
1.0615901947021484,0.05182461068034172,0.023563770577311516,0.1224951520562172,0.03350977599620819,-0.480434775352478,,0.10470042377710342,0.04155722260475159,,0.0321311391890049,0.15530000627040863,,0.06829126179218292,0.03585321828722954,0.16754132509231567,0.5073750019073486,0.5185056924819946,,-0.40184393525123596,0.0655318945646286,0.05895727500319481,,0.07109257578849792,-0.4888532757759094,0.6596500277519226,132499,0.07638270407915115,0.970425009727478,2.039287805557251,-1.8606008291244507,0.07390513271093369,0.10303965210914612,0.06437969952821732,0.07342943549156189,0.1034192368388176,0.013241562992334366,0.9506513476371765,0.08766786754131317,0.708411693572998,,0.1730068176984787,0.027574319392442703,0.09196585416793823,0.049687888473272324,-0.5050460696220398,0.05163373425602913,1.0052951574325562,0.20433807373046875,0.02999422326683998,0.11681060492992401,0.9974188208580017,0.2691934108734131,-1.8243136405944824,0.13460634648799896,0.9920839071273804,,0.12169809639453888,-0.49469253420829773,,0.2151859849691391,,0.12277189642190933,-1.924315094947815,0.1958336979150772,0.0502890981733799,-0.1893206238746643,-1.5668379068374634,,0.08922454714775085,,0.29773348569869995,105.0,2.0443835258483887,0.058204375207424164,0.4559197723865509,0.7161594033241272,0.1376047134399414
,,,,,,,,,,,,0.00038064851625075144,,,,,,,,,,,,,,132500,,,,,,,,,,,,,,,,,,,,,,,,,,,,,,,,,,,,,,,,,,0.00038064851625075144,,,,,,,,,
,,,,,,-0.16310055553913116,,,0.03570247069001198,,,,,,,,,0.17034737765789032,,,,0.9779999852180481,,,,133749,,,,,,,,,,,,,,0.682200014591217,,,,,,,,,,,,,,,,0.397599995136261,,,0.07180000096559525,,0.04513977840542793,,,,,,,,,0.6941344738006592,,106.0,,,,,
1.0480035543441772,0.05208040028810501,0.023737018927931786,0.12400839477777481,0.0340019166469574,-0.48017650842666626,,0.10638733208179474,0.04289766773581505,,0.03227967768907547,0.1585250049829483,,0.06832198053598404,0.03618566319346428,0.16871732473373413,0.5162000060081482,0.5273163914680481,,-0.4016526937484741,0.06626623123884201,0.0597061961889267,,0.07109276950359344,-0.48871585726737976,0.6667249798774719,133749,0.0764581561088562,0.9702749848365784,2.0454390048980713,-1.857308030128479,0.07505536824464798,0.1030399277806282,0.064364492893219,0.0737973153591156,0.10596923530101776,0.013558322563767433,0.9575262665748596,0.08845362067222595,0.7079485058784485,,0.17137159407138824,0.02760343626141548,0.09228190779685974,0.050252314656972885,-0.5052485466003418,0.05169827118515968,1.002897024154663,0.2090415060520172,0.029205428436398506,0.11790545284748077,1.004441738128662,0.27170640230178833,-1.8217209577560425,0.13713786005973816,0.9824766516685486,,0.12191644310951233,-0.4945601522922516,,0.2168707549571991,,0.12465997040271759,-1.9181452989578247,0.19374491274356842,0.05149025097489357,-0.18926796317100525,-1.5630218982696533,,0.09126986563205719,,0.3037697672843933,106.0,2.0247323513031006,0.0585654117166996,0.46251821517944336,0.7062327861785889,0.13974203169345856
,,,,,,,,,,,,0.000372180879312164,,,,,,,,,,,,,,133750,,,,,,,,,,,,,,,,,,,,,,,,,,,,,,,,,,,,,,,,,,0.000372180879312164,,,,,,,,,
,,,,,,-0.19688832759857178,,,0.03420776128768921,,,,,,,,,0.17243891954421997,,,,0.9607999920845032,,,,134999,,,,,,,,,,,,,,0.6985999941825867,,,,,,,,,,,,,,,,0.49559998512268066,,,0.10000000149011612,,0.012714941054582596,,,,,,,,,0.698677659034729,,107.0,,,,,
1.0763791799545288,0.05146607756614685,0.023644020780920982,0.12260661274194717,0.03387591615319252,-0.4799629747867584,,0.1064482182264328,0.043809663504362106,,0.0325145460665226,0.1597750037908554,,0.06827938556671143,0.03684234991669655,0.16904866695404053,0.5155500173568726,0.5114585161209106,,-0.40052586793899536,0.06554360687732697,0.05984346941113472,,0.07102537900209427,-0.4885803163051605,0.666824996471405,134999,0.07658512890338898,0.9704499840736389,1.9828652143478394,-1.8596199750900269,0.07569120824337006,0.10284211486577988,0.06434646248817444,0.07345119118690491,0.10473121702671051,0.013663305900990963,0.963063657283783,0.08824491500854492,0.7080407738685608,,0.17104096710681915,0.027832448482513428,0.0935407280921936,0.050241004675626755,-0.5054188966751099,0.05173875018954277,1.006691813468933,0.20971500873565674,0.02918059378862381,0.11761551350355148,1.0056732892990112,0.2731688618659973,-1.832055687904358,0.13516850769519806,0.9776504635810852,,0.12148674577474594,-0.4943911135196686,,0.21339474618434906,,0.12408121675252914,-1.9126496315002441,0.19264434278011322,0.05064234510064125,-0.18811360001564026,-1.5633070468902588,,0.0902412161231041,,0.3023112416267395,107.0,1.951677680015564,0.0586678646504879,0.4568237364292145,0.6961538791656494,0.13996505737304688
,,,,,,,,,,,,0.00036352492540989975,,,,,,,,,,,,,,135000,,,,,,,,,,,,,,,,,,,,,,,,,,,,,,,,,,,,,,,,,,0.00036352492540989975,,,,,,,,,
,,,,,,-0.02031615376472473,,,0.036321040242910385,,,,,,,,,0.15382377803325653,,,,0.9571999907493591,,,,136249,,,,,,,,,,,,,,0.6944000124931335,,,,,,,,,,,,,,,,0.40540000796318054,,,0.06239999830722809,,0.1887381672859192,,,,,,,,,0.6968476176261902,,108.0,,,,,
1.0601025819778442,0.05091381072998047,0.02375502698123455,0.12081076949834824,0.03347065672278404,-0.4797840714454651,,0.10728424042463303,0.0433659590780735,,0.03252527862787247,0.16220000386238098,,0.06826287508010864,0.03600859269499779,0.17013762891292572,0.5171499848365784,0.5220953822135925,,-0.400082528591156,0.0649755597114563,0.060014758259058,,0.07099577784538269,-0.48841986060142517,0.6663249731063843,136249,0.07658971846103668,0.9707750082015991,2.035254955291748,-1.8486900329589844,0.07527713477611542,0.10048355907201767,0.0643237829208374,0.07458234578371048,0.10433215647935867,0.013532846234738827,0.9533814191818237,0.0876835361123085,0.7080814242362976,,0.17123261094093323,0.027181308716535568,0.09026092290878296,0.04926474019885063,-0.5056194067001343,0.05084315314888954,1.008497714996338,0.20796911418437958,0.029327895492315292,0.11660899966955185,1.0052093267440796,0.27709078788757324,-1.8274592161178589,0.12991908192634583,0.9743692278862,,0.12096641957759857,-0.49426695704460144,,0.21056915819644928,,0.12402220815420151,-1.917510986328125,0.19286471605300903,0.048845719546079636,-0.18765825033187866,-1.569870948791504,,0.08860564231872559,,0.3053143620491028,108.0,1.9475526809692383,0.058288153260946274,0.4686490595340729,0.698806881904602,0.13861095905303955
,,,,,,,,,,,,0.0003546940013974802,,,,,,,,,,,,,,136250,,,,,,,,,,,,,,,,,,,,,,,,,,,,,,,,,,,,,,,,,,0.0003546940013974802,,,,,,,,,
,,,,,,-0.27709051966667175,,,0.034425802528858185,,,,,,,,,0.1914978176355362,,,,0.974399983882904,,,,137499,,,,,,,,,,,,,,0.6872000098228455,,,,,,,,,,,,,,,,0.48559999465942383,,,0.08879999816417694,,-0.06849081069231033,,,,,,,,,0.6953323483467102,,109.0,,,,,
1.073301911354065,0.05296739563345909,0.024175744503736496,0.12183956056833267,0.03416284918785095,-0.479625403881073,,0.10972358286380768,0.044514499604701996,,0.0335649736225605,0.1607999950647354,,0.06824910640716553,0.03710148110985756,0.17278942465782166,0.5187000036239624,0.5157037377357483,,-0.4013798236846924,0.06639273464679718,0.06176423281431198,,0.07095225155353546,-0.48829227685928345,0.6672750115394592,137499,0.07660214602947235,0.9710749983787537,2.0846309661865234,-1.864337682723999,0.07740283012390137,0.10413838177919388,0.06434404104948044,0.07575985044240952,0.10770555585622787,0.01375092938542366,0.9531770348548889,0.09040553122758865,0.7078180313110352,,0.1690485030412674,0.02795942686498165,0.09281598776578903,0.050365790724754333,-0.5057535767555237,0.052786003798246384,1.0025362968444824,0.21262089908123016,0.02862854301929474,0.1197342798113823,1.0120729207992554,0.29511696100234985,-1.8259164094924927,0.13493219017982483,0.9716252088546753,,0.12396825850009918,-0.4941776394844055,,0.21820393204689026,,0.12423431128263474,-1.9113857746124268,0.197770357131958,0.05011700093746185,-0.18903453648090363,-1.5693950653076172,,0.09044762700796127,,0.31136026978492737,109.0,1.8711580038070679,0.05903209373354912,0.4740302264690399,0.7138414978981018,0.14234353601932526
,,,,,,,,,,,,0.00034570172391965427,,,,,,,,,,,,,,137500,,,,,,,,,,,,,,,,,,,,,,,,,,,,,,,,,,,,,,,,,,0.00034570172391965427,,,,,,,,,
,,,,,,-0.10058694332838058,,,0.03567754477262497,,,,,,,,,0.1707846075296402,,,,0.9624000191688538,,,,138749,,,,,,,,,,,,,,0.7003999948501587,,,,,,,,,,,,,,,,0.39719998836517334,,,0.06679999828338623,,0.10786157101392746,,,,,,,,,0.6948285698890686,,110.0,,,,,
1.0246896743774414,0.05227586627006531,0.023898832499980927,0.13353334367275238,0.03272693604230881,-0.4794348180294037,,0.10837627947330475,0.04367294907569885,,0.03246757388114929,0.1594499945640564,,0.06823410838842392,0.03697845712304115,0.1716669350862503,0.5212000012397766,0.5612136721611023,,-0.4007872939109802,0.06518203765153885,0.06072891876101494,,0.07097144424915314,-0.48814067244529724,0.6724749803543091,138749,0.07657116651535034,0.9717249870300293,2.0622429847717285,-1.8977469205856323,0.07696723192930222,0.10236015915870667,0.06432988494634628,0.07514320313930511,0.1061738058924675,0.013719970360398293,0.950549304485321,0.08804545551538467,0.7075977325439453,,0.16879068315029144,0.027875609695911407,0.0929802730679512,0.049909330904483795,-0.5059870481491089,0.05229978635907173,1.0043178796768188,0.21004296839237213,0.02835274115204811,0.11962421983480453,1.0066407918930054,0.28922274708747864,-1.825845718383789,0.13423745334148407,0.9726383090019226,,0.12364514172077179,-0.4939984977245331,,0.2135520577430725,,0.1258380115032196,-1.9091622829437256,0.19392292201519012,0.04979098588228226,-0.18850791454315186,-1.5624275207519531,,0.08867987245321274,,0.3119049370288849,110.0,1.981539249420166,0.0593433640897274,0.5016435980796814,0.69776850938797,0.13990238308906555
,,,,,,,,,,,,0.0003365619584165194,,,,,,,,,,,,,,138750,,,,,,,,,,,,,,,,,,,,,,,,,,,,,,,,,,,,,,,,,,0.0003365619584165194,,,,,,,,,
,,,,,,-0.11257345974445343,,,0.03469565883278847,,,,,,,,,0.1687743216753006,,,,0.9660000205039978,,,,139999,,,,,,,,,,,,,,0.6953999996185303,,,,,,,,,,,,,,,,0.4262000024318695,,,0.0828000009059906,,0.09605216979980469,,,,,,,,,0.695418655872345,,111.0,,,,,
1.0836676359176636,0.05184266343712807,0.02360459417104721,0.12054594606161118,0.03346199542284012,-0.4792534112930298,,0.10946672409772873,0.045293740928173065,,0.0325096920132637,0.16307500004768372,,0.0682188868522644,0.03746374696493149,0.174551323056221,0.5249249935150146,0.5286028981208801,,-0.4007323980331421,0.06615804135799408,0.06015948951244354,,0.07093692570924759,-0.48795410990715027,0.67392498254776,139999,0.0766582116484642,0.9726750254631042,2.0666298866271973,-1.9001872539520264,0.07831523567438126,0.10550425946712494,0.06438736617565155,0.0791148915886879,0.10726957768201828,0.01395229622721672,0.9556820392608643,0.08844991773366928,0.7075715661048889,,0.16795989871025085,0.028426827862858772,0.09255479276180267,0.05015547201037407,-0.5061967968940735,0.05277348682284355,1.0098751783370972,0.2148088812828064,0.028127260506153107,0.12184473872184753,1.0050240755081177,0.29437363147735596,-1.8491504192352295,0.13584138453006744,0.9713273644447327,,0.12389997392892838,-0.4939323365688324,,0.21552158892154694,,0.1267019361257553,-1.9009718894958496,0.19300232827663422,0.05042316019535065,-0.18846118450164795,-1.5683705806732178,,0.0918956771492958,,0.3142569363117218,111.0,1.8504523038864136,0.05998857319355011,0.4796678125858307,0.7014763355255127,0.14204925298690796
,,,,,,,,,,,,0.00032728879774401816,,,,,,,,,,,,,,140000,,,,,,,,,,,,,,,,,,,,,,,,,,,,,,,,,,,,,,,,,,0.00032728879774401816,,,,,,,,,
,,,,,,-0.09921599924564362,,,0.035050585865974426,,,,,,,,,0.15990163385868073,,,,0.9631999731063843,,,,141249,,,,,,,,,,,,,,0.7003999948501587,,,,,,,,,,,,,,,,0.4429999887943268,,,0.08160000294446945,,0.10920396447181702,,,,,,,,,0.6947333216667175,,112.0,,,,,
1.0605961084365845,0.0527162030339241,0.02427000179886818,0.12172605097293854,0.03293761610984802,-0.4790726602077484,,0.11143704503774643,0.04571148008108139,,0.03240125626325607,0.16997499763965607,,0.0682164654135704,0.038146067410707474,0.17424467206001282,0.5234749913215637,0.5203782916069031,,-0.39950528740882874,0.06693951040506363,0.06079680845141411,,0.07089527696371078,-0.48776450753211975,0.6743749976158142,141249,0.07670985907316208,0.9728999733924866,2.0632872581481934,-1.9236595630645752,0.07810166478157043,0.10540488362312317,0.06437661498785019,0.0779075175523758,0.10946106165647507,0.013805941678583622,0.9604004621505737,0.08930888772010803,0.7074716091156006,,0.1670456975698471,0.02790268510580063,0.09358581900596619,0.05098648741841316,-0.5062856674194336,0.05323629826307297,1.009971022605896,0.21728505194187164,0.027723733335733414,0.12251771241426468,1.004707932472229,0.2914881110191345,-1.873481273651123,0.13685989379882812,0.9716827273368835,,0.12544865906238556,-0.4938719868659973,,0.21798163652420044,,0.12716729938983917,-1.9043376445770264,0.19517868757247925,0.050817426294088364,-0.18726395070552826,-1.5752595663070679,,0.09042644500732422,,0.322879821062088,112.0,1.8150084018707275,0.0598347969353199,0.47535252571105957,0.718117892742157,0.14281399548053741
,,,,,,,,,,,,0.00031789654044377536,,,,,,,,,,,,,,141250,,,,,,,,,,,,,,,,,,,,,,,,,,,,,,,,,,,,,,,,,,0.00031789654044377536,,,,,,,,,
,,,,,,0.02950676903128624,,,0.03624727949500084,,,,,,,,,0.15577054023742676,,,,0.9631999731063843,,,,142499,,,,,,,,,,,,,,0.7013999819755554,,,,,,,,,,,,,,,,0.4146000146865845,,,0.07779999822378159,,0.23742105066776276,,,,,,,,,0.6930478811264038,,113.0,,,,,
1.0591890811920166,0.05286913365125656,0.024002088233828545,0.1203518658876419,0.033318351954221725,-0.4788942337036133,,0.11127913743257523,0.044212955981492996,,0.032352570444345474,0.16727499663829803,,0.06827644258737564,0.03768118470907211,0.17250408232212067,0.5266500115394592,0.5197264552116394,,-0.3999914824962616,0.06657139956951141,0.06052270531654358,,0.07095548510551453,-0.4876437485218048,0.6749500036239624,142499,0.0766480565071106,0.9732249975204468,2.051259994506836,-1.92611563205719,0.0780586525797844,0.10406308621168137,0.06438396126031876,0.07779082655906677,0.10881535708904266,0.013757530599832535,0.9702960252761841,0.08771543949842453,0.7073615193367004,,0.16643169522285461,0.02759135141968727,0.09181338548660278,0.05056781694293022,-0.5064087510108948,0.05243578925728798,1.002364993095398,0.21646228432655334,0.027623670175671577,0.11976607888936996,1.0048320293426514,0.3051426410675049,-1.8886122703552246,0.1353042870759964,0.9727944135665894,,0.12311700731515884,-0.4937897026538849,,0.21448305249214172,,0.12372418493032455,-1.895271897315979,0.1931273490190506,0.05080612003803253,-0.18778285384178162,-1.571410894393921,,0.09096309542655945,,0.31876832246780396,113.0,1.7896091938018799,0.05950849503278732,0.4787491261959076,0.7059211134910583,0.14080888032913208
,,,,,,,,,,,,0.00030839966869578364,,,,,,,,,,,,,,142500,,,,,,,,,,,,,,,,,,,,,,,,,,,,,,,,,,,,,,,,,,0.00030839966869578364,,,,,,,,,
,,,,,,-0.14659099280834198,,,0.03438665717840195,,,,,,,,,0.15455040335655212,,,,0.9692000150680542,,,,143749,,,,,,,,,,,,,,0.7027999758720398,,,,,,,,,,,,,,,,0.5238000154495239,,,0.09939999878406525,,0.061947815120220184,,,,,,,,,0.6951292753219604,,114.0,,,,,
1.0809080600738525,0.053815148770809174,0.02436763234436512,0.12173685431480408,0.033652305603027344,-0.47860845923423767,,0.11258519440889359,0.044955264776945114,,0.03270093724131584,0.1670749932527542,,0.0683017373085022,0.037952013313770294,0.17497491836547852,0.5298500061035156,0.5326422452926636,,-0.3998018801212311,0.06740248203277588,0.061759404838085175,,0.07088939845561981,-0.4875347316265106,0.6780750155448914,143749,0.07661177963018417,0.9742500185966492,2.0824131965637207,-1.9406335353851318,0.07985010743141174,0.10539980232715607,0.06440377235412598,0.07901406288146973,0.1103394404053688,0.014031410217285156,0.9875580072402954,0.08832646161317825,0.7072770595550537,,0.16466735303401947,0.028306975960731506,0.09296433627605438,0.05129390209913254,-0.506514847278595,0.05404201149940491,1.0082427263259888,0.2177352011203766,0.027111511677503586,0.12185303866863251,1.0032095909118652,0.3058986961841583,-1.8809152841567993,0.1381331980228424,0.9779794812202454,,0.12593205273151398,-0.49373018741607666,,0.21811433136463165,,0.12610501050949097,-1.9016101360321045,0.19485458731651306,0.051823295652866364,-0.18761901557445526,-1.5740429162979126,,0.09281011670827866,,0.32448241114616394,114.0,1.8166123628616333,0.06056060642004013,0.4974038004875183,0.7109472155570984,0.14228412508964539
,,,,,,,,,,,,0.00029881282598793134,,,,,,,,,,,,,,143750,,,,,,,,,,,,,,,,,,,,,,,,,,,,,,,,,,,,,,,,,,0.00029881282598793134,,,,,,,,,
,,,,,,-0.10945934057235718,,,0.03631630912423134,,,,,,,,,0.1690172553062439,,,,0.9703999757766724,,,,144999,,,,,,,,,,,,,,0.694599986076355,,,,,,,,,,,,,,,,0.4359999895095825,,,0.07000000029802322,,0.09762949496507645,,,,,,,,,0.6902961134910583,,115.0,,,,,
1.0846773386001587,0.05521630868315697,0.025045091286301613,0.11275175958871841,0.0325358547270298,-0.47840625047683716,,0.1153554692864418,0.04619389772415161,,0.033207543194293976,0.17069999873638153,,0.06826172024011612,0.03946009650826454,0.17497587203979492,0.5310999751091003,0.4795078635215759,,-0.39923086762428284,0.0676945298910141,0.06303925067186356,,0.07077113538980484,-0.487332284450531,0.6796000003814697,144999,0.07653670012950897,0.973924994468689,2.1160478591918945,-1.940934419631958,0.08144339919090271,0.1096436157822609,0.06441529840230942,0.08059176802635193,0.11247006803750992,0.013866759836673737,0.9829228520393372,0.08901409804821014,0.707215428352356,,0.1655118316411972,0.029347876086831093,0.09310092777013779,0.05230472981929779,-0.5066264867782593,0.054162945598363876,1.007249355316162,0.2234642505645752,0.027366021648049355,0.12443342059850693,1.0016911029815674,0.3082144856452942,-1.8946855068206787,0.14252544939517975,0.9736496210098267,,0.12690651416778564,-0.49370336532592773,,0.22122938930988312,,0.1263059824705124,-1.9132992029190063,0.19724811613559723,0.05309465155005455,-0.18706609308719635,-1.5846164226531982,,0.0926009863615036,,0.3342689573764801,115.0,1.6541929244995117,0.06125149503350258,0.4568665027618408,0.7190519571304321,0.14522580802440643
,,,,,,,,,,,,0.00028915079453680577,,,,,,,,,,,,,,145000,,,,,,,,,,,,,,,,,,,,,,,,,,,,,,,,,,,,,,,,,,0.00028915079453680577,,,,,,,,,
,,,,,,-0.06529366225004196,,,0.03732575848698616,,,,,,,,,0.171330988407135,,,,0.973800003528595,,,,146249,,,,,,,,,,,,,,0.6922000050544739,,,,,,,,,,,,,,,,0.41019999980926514,,,0.07680000364780426,,0.1420661062002182,,,,,,,,,0.6911990642547607,,116.0,,,,,
1.0557475090026855,0.05360514670610428,0.024158068001270294,0.12233512848615646,0.03246311470866203,-0.4782028794288635,,0.11316994577646255,0.04576430097222328,,0.0324704684317112,0.1703750044107437,,0.06826512515544891,0.03885580599308014,0.17580774426460266,0.5356249809265137,0.5232365727424622,,-0.3993527591228485,0.06591741740703583,0.061036352068185806,,0.07067413628101349,-0.4871836006641388,0.6809999942779541,146249,0.07658170163631439,0.9740750193595886,2.095752716064453,-1.9288562536239624,0.08071068674325943,0.10706581920385361,0.06443627178668976,0.08096442371606827,0.11043022572994232,0.013980880379676819,0.9816185832023621,0.08663840591907501,0.7070629596710205,,0.16402290761470795,0.028860479593276978,0.09323850274085999,0.05139701068401337,-0.5067901611328125,0.05370944365859032,1.017590045928955,0.22178153693675995,0.026915548369288445,0.1218237578868866,1.0048179626464844,0.3063753843307495,-1.8789613246917725,0.13812822103500366,0.9725760817527771,,0.1242542490363121,-0.49354711174964905,,0.21440571546554565,,0.12688152492046356,-1.919129490852356,0.1935926079750061,0.05143589526414871,-0.18723414838314056,-1.5905920267105103,,0.09206762909889221,,0.32794323563575745,116.0,1.7068933248519897,0.06131919100880623,0.4854661226272583,0.7170193195343018,0.1428379863500595
,,,,,,,,,,,,0.0002794284724945866,,,,,,,,,,,,,,146250,,,,,,,,,,,,,,,,,,,,,,,,,,,,,,,,,,,,,,,,,,0.0002794284724945866,,,,,,,,,
,,,,,,0.0352528914809227,,,0.036073196679353714,,,,,,,,,0.14954474568367004,,,,0.9649999737739563,,,,147499,,,,,,,,,,,,,,0.6998000144958496,,,,,,,,,,,,,,,,0.4041999876499176,,,0.061799999326467514,,0.24332775175571442,,,,,,,,,0.693583071231842,,117.0,,,,,
1.1108887195587158,0.054938312619924545,0.024284226819872856,0.11896762996912003,0.03214910626411438,-0.4779756963253021,,0.11409097909927368,0.04645458608865738,,0.03268527612090111,0.17505000531673431,,0.06827876716852188,0.03868310526013374,0.17758424580097198,0.5368000268936157,0.5492992401123047,,-0.39885076880455017,0.06625586003065109,0.06172824278473854,,0.07059793919324875,-0.487011581659317,0.6819000244140625,147499,0.07653152197599411,0.9745749831199646,2.127065896987915,-1.9358177185058594,0.0821613073348999,0.10835254192352295,0.06442096829414368,0.08077143877744675,0.11132116615772247,0.013800088316202164,0.9758709073066711,0.08659867197275162,0.7070013880729675,,0.1640201359987259,0.028949547559022903,0.09482618421316147,0.05199868232011795,-0.5069434642791748,0.053607966750860214,1.019179344177246,0.2244473099708557,0.02684086561203003,0.12218855321407318,1.0042898654937744,0.3013082444667816,-1.883118748664856,0.13819672167301178,0.9743340611457825,,0.1240631714463234,-0.49337080121040344,,0.21330223977565765,,0.12812060117721558,-1.9118146896362305,0.19241316616535187,0.051498353481292725,-0.1867506504058838,-1.5844136476516724,,0.09224783629179001,,0.33064910769462585,117.0,1.7698172330856323,0.06165685877203941,0.5025935769081116,0.7237353324890137,0.14517302811145782
,,,,,,,,,,,,0.0002696608509771749,,,,,,,,,,,,,,147500,,,,,,,,,,,,,,,,,,,,,,,,,,,,,,,,,,,,,,,,,,0.0002696608509771749,,,,,,,,,
,,,,,,-0.010625402443110943,,,0.03690078854560852,,,,,,,,,0.16372618079185486,,,,0.9706000089645386,,,,148749,,,,,,,,,,,,,,0.6944000124931335,,,,,,,,,,,,,,,,0.39899998903274536,,,0.06960000097751617,,0.19626984000205994,,,,,,,,,0.6896507740020752,,118.0,,,,,
1.1328874826431274,0.05504570156335831,0.02429630048573017,0.11579017341136932,0.032676756381988525,-0.4777783155441284,,0.11462964862585068,0.046695783734321594,,0.032806843519210815,0.1746000051498413,,0.06829588860273361,0.03917384147644043,0.178785040974617,0.543150007724762,0.5151711106300354,,-0.3989342749118805,0.06770724803209305,0.06199519708752632,,0.07062464952468872,-0.4869151711463928,0.6862499713897705,148749,0.07649314403533936,0.9734749794006348,2.1549248695373535,-1.940313458442688,0.0837690457701683,0.10945174843072891,0.06442134082317352,0.08269241452217102,0.11355087906122208,0.014112971723079681,0.9790152311325073,0.08870047330856323,0.7067888379096985,,0.1627558320760727,0.02951393462717533,0.09519656747579575,0.05195752531290054,-0.5070632100105286,0.054295994341373444,1.0209553241729736,0.22687441110610962,0.026547888293862343,0.12448198348283768,1.0047355890274048,0.31102505326271057,-1.887125015258789,0.1384490728378296,0.9754914045333862,,0.1251830756664276,-0.49327945709228516,,0.2183704823255539,,0.12927697598934174,-1.9070531129837036,0.19349625706672668,0.05228368565440178,-0.18689778447151184,-1.5889027118682861,,0.09375879168510437,,0.33299529552459717,118.0,1.6982296705245972,0.06227432191371918,0.484620600938797,0.7378653883934021,0.146170511841774
,,,,,,,,,,,,0.00025986299094897926,,,,,,,,,,,,,,148750,,,,,,,,,,,,,,,,,,,,,,,,,,,,,,,,,,,,,,,,,,0.00025986299094897926,,,,,,,,,
,,,,,,-0.1153252050280571,,,0.03604360297322273,,,,,,,,,0.17428742349147797,,,,0.9670000076293945,,,,149999,,,,,,,,,,,,,,0.6958000063896179,,,,,,,,,,,,,,,,0.4334000051021576,,,0.0737999975681305,,0.09215522557497025,,,,,,,,,0.6916013956069946,,119.0,,,,,
1.1451772451400757,0.05540403351187706,0.024371590465307236,0.11846304684877396,0.032820384949445724,-0.4775822162628174,,0.11867775022983551,0.0474817156791687,,0.03329908475279808,0.17777499556541443,,0.06829828768968582,0.04067808389663696,0.18078014254570007,0.5406249761581421,0.5231589078903198,,-0.3986266851425171,0.0684286504983902,0.06238151341676712,,0.0705852136015892,-0.48673418164253235,0.6872000098228455,149999,0.07651742547750473,0.9741250276565552,2.1571667194366455,-1.9349998235702515,0.08465423434972763,0.11064156144857407,0.06440971791744232,0.08387580513954163,0.11613592505455017,0.014523681253194809,0.9768057465553284,0.08950647711753845,0.706653892993927,,0.16245858371257782,0.029325585812330246,0.09806998819112778,0.05313118174672127,-0.5071970224380493,0.056160859763622284,1.0162473917007446,0.22972236573696136,0.026274511590600014,0.1305217146873474,1.0048671960830688,0.32872459292411804,-1.8859502077102661,0.14257606863975525,0.97271728515625,,0.13108350336551666,-0.49315741658210754,,0.22268442809581757,,0.13361458480358124,-1.90885591506958,0.19440171122550964,0.05336770787835121,-0.18663035333156586,-1.5941413640975952,,0.09390021115541458,,0.34622612595558167,119.0,1.6757540702819824,0.06276918202638626,0.4990878999233246,0.7276574969291687,0.1462453007698059
,,,,,,,,,,,,0.00025005000000000003,,,,,,,,,,,,,,150000,,,,,,,,,,,,,,,,,,,,,,,,,,,,,,,,,,,,,,,,,,0.00025005000000000003,,,,,,,,,
,,,,,,-0.13937975466251373,,,0.03503314033150673,,,,,,,,,0.1737329065799713,,,,0.9667999744415283,,,,151249,,,,,,,,,,,,,,0.7044000029563904,,,,,,,,,,,,,,,,0.49000000953674316,,,0.08980000019073486,,0.06896910816431046,,,,,,,,,0.694496214389801,,120.0,,,,,
1.1419481039047241,0.05458403751254082,0.023843593895435333,0.11819668859243393,0.03201483190059662,-0.47745776176452637,,0.11618110537528992,0.04704924672842026,,0.03245256468653679,0.1808750033378601,,0.06826113164424896,0.04016302525997162,0.17957636713981628,0.5459750294685364,0.5019886493682861,,-0.39855727553367615,0.06635545194149017,0.06127125769853592,,0.07054893672466278,-0.48655620217323303,0.6902750134468079,151249,0.0765702873468399,0.9744750261306763,2.1094372272491455,-1.9250750541687012,0.08291677385568619,0.11120790988206863,0.06442945450544357,0.08027910441160202,0.11385586112737656,0.014134480617940426,0.9698100686073303,0.08745985478162766,0.7065394520759583,,0.16105787456035614,0.02803615666925907,0.0960041806101799,0.05229655280709267,-0.5073120594024658,0.055382952094078064,1.0093187093734741,0.22879020869731903,0.02607535384595394,0.12665295600891113,1.0045264959335327,0.3066806495189667,-1.8702468872070312,0.14083264768123627,0.9706401228904724,,0.12848934531211853,-0.4930383265018463,,0.21553023159503937,,0.13035114109516144,-1.8997007608413696,0.1920389086008072,0.052783574908971786,-0.18659555912017822,-1.5962170362472534,,0.09149125963449478,,0.33754754066467285,120.0,1.615936040878296,0.06146639585494995,0.48390811681747437,0.7298476696014404,0.14502301812171936
,,,,,,,,,,,,0.0002402370090510209,,,,,,,,,,,,,,151250,,,,,,,,,,,,,,,,,,,,,,,,,,,,,,,,,,,,,,,,,,0.0002402370090510209,,,,,,,,,
,,,,,,-0.04502865672111511,,,0.035627610981464386,,,,,,,,,0.15873292088508606,,,,0.9703999757766724,,,,152499,,,,,,,,,,,,,,0.7071999907493591,,,,,,,,,,,,,,,,0.47839999198913574,,,0.08139999955892563,,0.16309285163879395,,,,,,,,,0.6937380433082581,,121.0,,,,,
1.1190959215164185,0.05664333328604698,0.024988146498799324,0.1234348863363266,0.0319083072245121,-0.47727763652801514,,0.11784433573484421,0.04904753714799881,,0.03283653035759926,0.18080000579357147,,0.0682147741317749,0.04030844196677208,0.18104206025600433,0.5480999946594238,0.5363460779190063,,-0.3983539938926697,0.06714783608913422,0.06266549974679947,,0.0705299824476242,-0.486344575881958,0.6938999891281128,152499,0.07652774453163147,0.9761999845504761,2.183901309967041,-1.9400978088378906,0.08328317105770111,0.11083061248064041,0.0644175186753273,0.08139801770448685,0.11537371575832367,0.014279852621257305,0.9714899659156799,0.08860418945550919,0.7063413858413696,,0.16022273898124695,0.027888745069503784,0.09767638891935349,0.05261284112930298,-0.5074315667152405,0.05535073205828667,1.012872338294983,0.23412419855594635,0.02564467489719391,0.12680014967918396,1.0045675039291382,0.3011488914489746,-1.8666168451309204,0.13942299783229828,0.9687186479568481,,0.12801748514175415,-0.49289149045944214,,0.21788521111011505,,0.1318281590938568,-1.9001171588897705,0.19447550177574158,0.05273173376917839,-0.18645130097866058,-1.5978498458862305,,0.08992067724466324,,0.3463575839996338,121.0,1.6962380409240723,0.061669062823057175,0.5075979828834534,0.787026584148407,0.15032869577407837
,,,,,,,,,,,,0.00023043914902282523,,,,,,,,,,,,,,152500,,,,,,,,,,,,,,,,,,,,,,,,,,,,,,,,,,,,,,,,,,0.00023043914902282523,,,,,,,,,
,,,,,,-0.073641836643219,,,0.034761108458042145,,,,,,,,,0.15432210266590118,,,,0.9639999866485596,,,,153749,,,,,,,,,,,,,,0.7080000042915344,,,,,,,,,,,,,,,,0.51419997215271,,,0.10119999945163727,,0.13549062609672546,,,,,,,,,0.6971080303192139,,122.0,,,,,
1.1563243865966797,0.05740741640329361,0.024998165667057037,0.11897420883178711,0.03268035501241684,-0.4771740138530731,,0.11925196647644043,0.049484312534332275,,0.03331107646226883,0.18140000104904175,,0.06826196610927582,0.04074578732252121,0.1842065304517746,0.5459499955177307,0.5224748253822327,,-0.39883002638816833,0.0683801993727684,0.06370937824249268,,0.0704963207244873,-0.48620492219924927,0.6895999908447266,153749,0.07645031809806824,0.974174976348877,2.182743549346924,-1.9510927200317383,0.08516143262386322,0.11202335357666016,0.06444146484136581,0.08487902581691742,0.11595985293388367,0.014539897441864014,0.9799189567565918,0.08849190920591354,0.7064560651779175,,0.16079533100128174,0.029256151989102364,0.09884113818407059,0.05315440148115158,-0.5076092481613159,0.05640736222267151,1.009131908416748,0.2365507334470749,0.025891955941915512,0.12853358685970306,1.003862738609314,0.3060177266597748,-1.8692048788070679,0.14219924807548523,0.9738393425941467,,0.12983232736587524,-0.49268245697021484,,0.21825513243675232,,0.13473190367221832,-1.898543357849121,0.19322876632213593,0.05336173623800278,-0.18689262866973877,-1.589383840560913,,0.09282105416059494,,0.35211098194122314,122.0,1.622876524925232,0.0632941722869873,0.5081440210342407,0.7537002563476562,0.15094922482967377
,,,,,,,,,,,,0.00022067152750541354,,,,,,,,,,,,,,153750,,,,,,,,,,,,,,,,,,,,,,,,,,,,,,,,,,,,,,,,,,0.00022067152750541354,,,,,,,,,
,,,,,,-0.08496361970901489,,,0.03540284186601639,,,,,,,,,0.1536092460155487,,,,0.968999981880188,,,,154999,,,,,,,,,,,,,,0.7020000219345093,,,,,,,,,,,,,,,,0.4973999857902527,,,0.09600000083446503,,0.12260687351226807,,,,,,,,,0.6919012069702148,,123.0,,,,,
1.1705775260925293,0.05670873448252678,0.02496078982949257,0.12146556377410889,0.03255979344248772,-0.4770071804523468,,0.12033471465110779,0.04994220286607742,,0.03371811658143997,0.17955000698566437,,0.06822273135185242,0.04030226543545723,0.18286257982254028,0.5485249757766724,0.5088441371917725,,-0.398216187953949,0.06780549138784409,0.06348767131567001,,0.07046791166067123,-0.4861055612564087,0.6925749778747559,154999,0.07644092291593552,0.9757999777793884,2.2430078983306885,-1.9567381143569946,0.08499213308095932,0.11241374164819717,0.06444703787565231,0.08361892402172089,0.11731217056512833,0.014665469527244568,0.9807361364364624,0.08832338452339172,0.7063813805580139,,0.1600525677204132,0.02877737767994404,0.09772992134094238,0.05266016349196434,-0.5077686309814453,0.057133812457323074,1.0082526206970215,0.2358666956424713,0.02555224485695362,0.1295766830444336,1.0046848058700562,0.3059510886669159,-1.8834859132766724,0.14253385365009308,0.9722906351089478,,0.13185273110866547,-0.49266156554222107,,0.21767812967300415,,0.1317787915468216,-1.9011154174804688,0.19373279809951782,0.054201092571020126,-0.186302050948143,-1.5883454084396362,,0.09346479177474976,,0.3563843071460724,123.0,1.58829927444458,0.0626373440027237,0.49174779653549194,0.7500672340393066,0.1499117761850357
,,,,,,,,,,,,0.00021094920546319438,,,,,,,,,,,,,,155000,,,,,,,,,,,,,,,,,,,,,,,,,,,,,,,,,,,,,,,,,,0.00021094920546319438,,,,,,,,,
,,,,,,-0.04444412142038345,,,0.03506354242563248,,,,,,,,,0.16431377828121185,,,,0.9660000205039978,,,,156249,,,,,,,,,,,,,,0.7102000117301941,,,,,,,,,,,,,,,,0.47099998593330383,,,0.08160000294446945,,0.1636512577533722,,,,,,,,,0.6936511993408203,,124.0,,,,,
1.128522276878357,0.0567963607609272,0.024851933121681213,0.12149880081415176,0.032002296298742294,-0.4768584370613098,,0.12091364711523056,0.04958416894078255,,0.03333962336182594,0.18365000188350677,,0.06820498406887054,0.041133638471364975,0.18219764530658722,0.551800012588501,0.5168399810791016,,-0.3974088728427887,0.0676390677690506,0.06285890191793442,,0.07047029584646225,-0.48596835136413574,0.6963000297546387,156249,0.07642131298780441,0.9756749868392944,2.1565001010894775,-1.9566048383712769,0.08404415100812912,0.10991822183132172,0.06441296637058258,0.08437366038560867,0.1163732036948204,0.014531338587403297,0.9772725701332092,0.08841774612665176,0.7061774134635925,,0.15918409824371338,0.028955254703760147,0.09820788353681564,0.052494537085294724,-0.5078845024108887,0.05699329823255539,1.0085084438323975,0.23631073534488678,0.02544935792684555,0.1297094076871872,1.0063952207565308,0.3074932098388672,-1.8854150772094727,0.1417199969291687,0.9661054611206055,,0.1315620094537735,-0.492550790309906,,0.21854528784751892,,0.1335836946964264,-1.9033674001693726,0.19316816329956055,0.052852045744657516,-0.18555569648742676,-1.5913509130477905,,0.09294375777244568,,0.3595317006111145,124.0,1.598337173461914,0.06303158402442932,0.49363696575164795,0.7504642605781555,0.14941522479057312
,,,,,,,,,,,,0.00020128717401206878,,,,,,,,,,,,,,156250,,,,,,,,,,,,,,,,,,,,,,,,,,,,,,,,,,,,,,,,,,0.00020128717401206878,,,,,,,,,
,,,,,,-0.09509939700365067,,,0.03567435219883919,,,,,,,,,0.16548167169094086,,,,0.9714000225067139,,,,157499,,,,,,,,,,,,,,0.7044000029563904,,,,,,,,,,,,,,,,0.4684000015258789,,,0.0803999975323677,,0.11265399307012558,,,,,,,,,0.6925112009048462,,125.0,,,,,
1.1796914339065552,0.057445891201496124,0.025502009317278862,0.12756918370723724,0.03182973712682724,-0.4766920804977417,,0.124472975730896,0.051729246973991394,,0.03434281423687935,0.18469999730587006,,0.06822438538074493,0.041986290365457535,0.18710094690322876,0.5548250079154968,0.539656400680542,,-0.3976248502731323,0.07010465860366821,0.06488845497369766,,0.07048419862985611,-0.4858223497867584,0.6981250047683716,157499,0.07641956210136414,0.9766749739646912,2.2573719024658203,-1.957441806793213,0.08707411587238312,0.11429638415575027,0.06445927917957306,0.08539082854986191,0.12007848173379898,0.014723356813192368,0.9677919149398804,0.09176508337259293,0.7060545682907104,,0.15767841041088104,0.029283346608281136,0.09966932237148285,0.054016340523958206,-0.507926881313324,0.059284910559654236,1.0108153820037842,0.24191585183143616,0.02488694339990616,0.13449399173259735,1.0042344331741333,0.3177766799926758,-1.8657817840576172,0.14664708077907562,0.9735121130943298,,0.1369379609823227,-0.4924699664115906,,0.22540581226348877,,0.13607805967330933,-1.9034383296966553,0.19750277698040009,0.05500558391213417,-0.18580849468708038,-1.590275526046753,,0.09357460588216782,,0.3710458278656006,125.0,1.6568037271499634,0.06348517537117004,0.5188406705856323,0.7477010488510132,0.15400706231594086
,,,,,,,,,,,,0.0001917003313042165,,,,,,,,,,,,,,157500,,,,,,,,,,,,,,,,,,,,,,,,,,,,,,,,,,,,,,,,,,0.0001917003313042165,,,,,,,,,
,,,,,,0.007274178322404623,,,0.035991474986076355,,,,,,,,,0.14685717225074768,,,,0.9692000150680542,,,,158749,,,,,,,,,,,,,,0.7038000226020813,,,,,,,,,,,,,,,,0.4742000102996826,,,0.09120000153779984,,0.21454426646232605,,,,,,,,,0.6909001469612122,,126.0,,,,,
1.1336129903793335,0.056434571743011475,0.024785121902823448,0.12850823998451233,0.03181365132331848,-0.47652050852775574,,0.12090884894132614,0.05102153494954109,,0.033469922840595245,0.18709999322891235,,0.06824545562267303,0.04170272499322891,0.1832050234079361,0.5527250170707703,0.5337966084480286,,-0.39785170555114746,0.06887918710708618,0.06344032287597656,,0.07044888287782669,-0.4857023060321808,0.697475016117096,158749,0.0764419212937355,0.9764000177383423,2.245384454727173,-1.965271234512329,0.08521857857704163,0.11226344853639603,0.06446606665849686,0.08576775342226028,0.11757908016443253,0.014677549712359905,0.9620205760002136,0.088512122631073,0.7061139941215515,,0.1581159085035324,0.02902088686823845,0.09758699685335159,0.053067564964294434,-0.5080546140670776,0.057618286460638046,1.0158770084381104,0.23791366815567017,0.025008203461766243,0.13193106651306152,1.0057958364486694,0.3237779438495636,-1.8467243909835815,0.1437615305185318,0.9732275605201721,,0.13322007656097412,-0.49229249358177185,,0.21952411532402039,,0.13511018455028534,-1.9094467163085938,0.19354507327079773,0.05390021950006485,-0.18601803481578827,-1.5900481939315796,,0.09341605752706528,,0.3620830774307251,126.0,1.6340259313583374,0.06268604099750519,0.5146973729133606,0.7573364973068237,0.15126553177833557
,,,,,,,,,,,,0.00018220345955622468,,,,,,,,,,,,,,158750,,,,,,,,,,,,,,,,,,,,,,,,,,,,,,,,,,,,,,,,,,0.00018220345955622468,,,,,,,,,
,,,,,,0.01702030561864376,,,0.03574909269809723,,,,,,,,,0.15552733838558197,,,,0.9628000259399414,,,,159999,,,,,,,,,,,,,,0.7095999717712402,,,,,,,,,,,,,,,,0.44179999828338623,,,0.07840000092983246,,0.225250706076622,,,,,,,,,0.6941012740135193,,127.0,,,,,
1.1307311058044434,0.05626942589879036,0.024665968492627144,0.12366386502981186,0.030836233869194984,-0.47631675004959106,,0.1220536008477211,0.05131931230425835,,0.03356004133820534,0.18549999594688416,,0.06825542449951172,0.041949912905693054,0.18295349180698395,0.5577250123023987,0.5011598467826843,,-0.39676880836486816,0.0686461329460144,0.06333574652671814,,0.07041188329458237,-0.4855639636516571,0.6972000002861023,159999,0.07645036280155182,0.9767500162124634,2.2318851947784424,-1.9540878534317017,0.08512542396783829,0.1130918487906456,0.06445718556642532,0.08485578745603561,0.11756780743598938,0.014196955598890781,0.9553383588790894,0.08908073604106903,0.706017255783081,,0.15680645406246185,0.02834610641002655,0.09600098431110382,0.052885156124830246,-0.508141279220581,0.05749596655368805,1.0163346529006958,0.2390727549791336,0.02475874498486519,0.1309708207845688,1.0051891803741455,0.31128543615341187,-1.8492681980133057,0.14383798837661743,0.9760704040527344,,0.13328833878040314,-0.4921928346157074,,0.22045381367206573,,0.13272590935230255,-1.913266658782959,0.19183877110481262,0.05371376872062683,-0.1849638819694519,-1.5911036729812622,,0.09129803627729416,,0.363593190908432,127.0,1.5599365234375,0.06206294521689415,0.49149423837661743,0.7434462904930115,0.15235695242881775
,,,,,,,,,,,,0.00017281120225598194,,,,,,,,,,,,,,160000,,,,,,,,,,,,,,,,,,,,,,,,,,,,,,,,,,,,,,,,,,0.00017281120225598194,,,,,,,,,
,,,,,,-0.029111584648489952,,,0.034772418439388275,,,,,,,,,0.15111328661441803,,,,0.9667999744415283,,,,161249,,,,,,,,,,,,,,0.7107999920845032,,,,,,,,,,,,,,,,0.48660001158714294,,,0.0957999974489212,,0.179191455245018,,,,,,,,,0.6943431496620178,,128.0,,,,,
1.1448532342910767,0.05661093816161156,0.02450832538306713,0.12374244630336761,0.03163459151983261,-0.4762193262577057,,0.12370873987674713,0.05198592692613602,,0.033522363752126694,0.18847499787807465,,0.06819407641887665,0.043017879128456116,0.18613706529140472,0.5597500205039978,0.517043948173523,,-0.3970560133457184,0.06960902363061905,0.06318218261003494,,0.07040657103061676,-0.48542895913124084,0.7017499804496765,161249,0.07640926539897919,0.9771999716758728,2.277308225631714,-1.9632107019424438,0.08720550686120987,0.11353933066129684,0.0644710585474968,0.08775348216295242,0.11970288306474686,0.01467599906027317,0.9507942199707031,0.08889509737491608,0.7058466672897339,,0.15622037649154663,0.028841597959399223,0.09842594712972641,0.05412720516324043,-0.5082688927650452,0.05870255082845688,1.011957049369812,0.2424856275320053,0.024493306875228882,0.13490673899650574,1.0049980878829956,0.3177658021450043,-1.8575708866119385,0.14650379121303558,0.973686695098877,,0.13541769981384277,-0.4921092391014099,,0.22173872590065002,,0.1371852308511734,-1.910123586654663,0.19436848163604736,0.05483672395348549,-0.18530213832855225,-1.5988233089447021,,0.09265498071908951,,0.36906668543815613,128.0,1.5743012428283691,0.06341591477394104,0.5052791237831116,0.7428296208381653,0.153459370136261
,,,,,,,,,,,,0.0001635380415834807,,,,,,,,,,,,,,161250,,,,,,,,,,,,,,,,,,,,,,,,,,,,,,,,,,,,,,,,,,0.0001635380415834807,,,,,,,,,
,,,,,,-0.0466589517891407,,,0.034949302673339844,,,,,,,,,0.14260083436965942,,,,0.9679999947547913,,,,162499,,,,,,,,,,,,,,0.7117999792098999,,,,,,,,,,,,,,,,0.51419997215271,,,0.10140000283718109,,0.1615416407585144,,,,,,,,,0.6940016746520996,,129.0,,,,,
1.1576180458068848,0.05979180335998535,0.02550077810883522,0.13033345341682434,0.03219107165932655,-0.47610536217689514,,0.12714336812496185,0.05397343263030052,,0.03471960499882698,0.1889999955892563,,0.06814996898174286,0.04331975802779198,0.1913868635892868,0.5585749745368958,0.5088123083114624,,-0.39757803082466125,0.0715525671839714,0.06566428393125534,,0.07044302672147751,-0.48530450463294983,0.7019249796867371,162499,0.07635817676782608,0.9779499769210815,2.324899673461914,-1.9642645120620728,0.08950450271368027,0.1171615719795227,0.0644843801856041,0.0895555391907692,0.12431664019823074,0.015010871924459934,0.9580942392349243,0.09273465722799301,0.705884575843811,,0.15616236627101898,0.029619408771395683,0.09939562529325485,0.055335406213998795,-0.5083630681037903,0.059677354991436005,1.0038979053497314,0.25214338302612305,0.02434900589287281,0.13652722537517548,1.003144383430481,0.3484298884868622,-1.856057047843933,0.15002836287021637,0.9745777249336243,,0.13689440488815308,-0.49206626415252686,,0.22936901450157166,,0.13872608542442322,-1.91385817527771,0.20043544471263885,0.055997759103775024,-0.18581269681453705,-1.5922054052352905,,0.09512650221586227,,0.3763173520565033,129.0,1.54818594455719,0.06469175964593887,0.505843997001648,0.8068786859512329,0.15981525182724
,,,,,,,,,,,,0.00015439827608034585,,,,,,,,,,,,,,162500,,,,,,,,,,,,,,,,,,,,,,,,,,,,,,,,,,,,,,,,,,0.00015439827608034585,,,,,,,,,
,,,,,,-0.07686721533536911,,,0.03473937511444092,,,,,,,,,0.15008799731731415,,,,0.9649999737739563,,,,163749,,,,,,,,,,,,,,0.7142000198364258,,,,,,,,,,,,,,,,0.5045999884605408,,,0.08900000154972076,,0.1317548155784607,,,,,,,,,0.6954069137573242,,130.0,,,,,
1.1372871398925781,0.05503992736339569,0.024462923407554626,0.13097888231277466,0.031141549348831177,-0.4759441316127777,,0.12214616686105728,0.052478838711977005,,0.03351222351193428,0.19165000319480896,,0.06818920373916626,0.04179317504167557,0.18475601077079773,0.5639500021934509,0.5164706707000732,,-0.3974757194519043,0.06837733834981918,0.06329445540904999,,0.07043696939945221,-0.48519161343574524,0.7041500210762024,163749,0.07634967565536499,0.9769750237464905,2.231060743331909,-1.9600276947021484,0.08579225838184357,0.11204660683870316,0.06443950533866882,0.08676440268754959,0.11916068196296692,0.01473680417984724,0.9591467976570129,0.089068204164505,0.7055681943893433,,0.153583362698555,0.0285878237336874,0.09794547408819199,0.053015489131212234,-0.5084009766578674,0.058130644261837006,1.0075989961624146,0.240921288728714,0.023781925439834595,0.13228894770145416,1.0033345222473145,0.3356615900993347,-1.863399624824524,0.14394983649253845,0.9757508635520935,,0.13376712799072266,-0.4920186400413513,,0.222152978181839,,0.13350020349025726,-1.917528510093689,0.19347120821475983,0.05371464416384697,-0.18580509722232819,-1.594344973564148,,0.09251436591148376,,0.365311861038208,130.0,1.5791361331939697,0.06267606467008591,0.5091670155525208,0.7410520315170288,0.1535024344921112
,,,,,,,,,,,,0.00014540599860251994,,,,,,,,,,,,,,163750,,,,,,,,,,,,,,,,,,,,,,,,,,,,,,,,,,,,,,,,,,0.00014540599860251994,,,,,,,,,
,,,,,,-0.04784071817994118,,,0.03543711081147194,,,,,,,,,0.1564866155385971,,,,0.9661999940872192,,,,164999,,,,,,,,,,,,,,0.7129999995231628,,,,,,,,,,,,,,,,0.5059999823570251,,,0.08720000088214874,,0.16000255942344666,,,,,,,,,0.6928106546401978,,131.0,,,,,
1.16098153591156,0.056619103997945786,0.024676073342561722,0.12640033662319183,0.03137776255607605,-0.4757777750492096,,0.12570443749427795,0.05356923118233681,,0.03394492343068123,0.18950000405311584,,0.06822264939546585,0.042946409434080124,0.18763850629329681,0.5635250210762024,0.4972618520259857,,-0.39753469824790955,0.06973263621330261,0.06391356885433197,,0.07038915157318115,-0.4850747585296631,0.7041000127792358,164999,0.07640622556209564,0.9781749844551086,2.226484537124634,-1.962053656578064,0.08784490823745728,0.11502465605735779,0.06442593038082123,0.0873153954744339,0.1222739890217781,0.014687523245811462,0.9563562273979187,0.09066220372915268,0.7056211233139038,,0.1539829522371292,0.02918883040547371,0.09700211137533188,0.05389401316642761,-0.50847989320755,0.059624504297971725,1.0131688117980957,0.24687092006206512,0.024018649011850357,0.13567455112934113,1.004487156867981,0.3429505527019501,-1.8653713464736938,0.14729690551757812,0.976547360420227,,0.13731825351715088,-0.49191439151763916,,0.22484679520130157,,0.13530786335468292,-1.9201509952545166,0.19752076268196106,0.055360835045576096,-0.1858481466770172,-1.5965081453323364,,0.09353814274072647,,0.37525132298469543,131.0,1.5050334930419922,0.06361167877912521,0.49488183856010437,0.7683618068695068,0.15636561810970306
,,,,,,,,,,,,0.00013657507459010032,,,,,,,,,,,,,,165000,,,,,,,,,,,,,,,,,,,,,,,,,,,,,,,,,,,,,,,,,,0.00013657507459010032,,,,,,,,,
,,,,,,-0.054183587431907654,,,0.03561565652489662,,,,,,,,,0.1712474226951599,,,,0.9679999947547913,,,,166249,,,,,,,,,,,,,,0.7107999920845032,,,,,,,,,,,,,,,,0.4607999920845032,,,0.0803999975323677,,0.15348923206329346,,,,,,,,,0.6922426223754883,,132.0,,,,,
1.1591912508010864,0.05685143917798996,0.024944156408309937,0.1318725198507309,0.031185012310743332,-0.47559717297554016,,0.1255882978439331,0.0532539077103138,,0.03425340726971626,0.1905750036239624,,0.06821433454751968,0.042953819036483765,0.1866425722837448,0.5617750287055969,0.5161806344985962,,-0.39604976773262024,0.06941110640764236,0.06472289562225342,,0.07037524878978729,-0.48496586084365845,0.701574981212616,166249,0.07639938592910767,0.9779999852180481,2.252699136734009,-1.9596712589263916,0.08799385279417038,0.11295108497142792,0.0644187405705452,0.08844860643148422,0.12062720954418182,0.014823025092482567,0.9583705067634583,0.08942745625972748,0.7056635022163391,,0.15506048500537872,0.029320990666747093,0.09874417632818222,0.053291596472263336,-0.5085448026657104,0.05975732579827309,1.0118184089660645,0.24551981687545776,0.02422662265598774,0.13695961236953735,1.0041909217834473,0.3446453809738159,-1.8665189743041992,0.14518249034881592,0.9755147695541382,,0.1376343071460724,-0.4918159246444702,,0.22255004942417145,,0.13640478253364563,-1.9223250150680542,0.19360756874084473,0.05408252030611038,-0.18435102701187134,-1.5968258380889893,,0.0943063274025917,,0.3761608302593231,132.0,1.5633305311203003,0.06339490413665771,0.5115032196044922,0.7616089582443237,0.15598027408123016
,,,,,,,,,,,,0.0001279191206878361,,,,,,,,,,,,,,166250,,,,,,,,,,,,,,,,,,,,,,,,,,,,,,,,,,,,,,,,,,0.0001279191206878361,,,,,,,,,
,,,,,,-0.041253529489040375,,,0.036136046051979065,,,,,,,,,0.16382649540901184,,,,0.968999981880188,,,,167499,,,,,,,,,,,,,,0.7117999792098999,,,,,,,,,,,,,,,,0.4650000035762787,,,0.07980000227689743,,0.16624855995178223,,,,,,,,,0.6916735172271729,,133.0,,,,,
1.1591923236846924,0.05737658217549324,0.02510547637939453,0.13012906908988953,0.031127111986279488,-0.4754738211631775,,0.12521496415138245,0.05384063720703125,,0.034102149307727814,0.19052499532699585,,0.06823433935642242,0.043043628334999084,0.1868014931678772,0.5631750226020813,0.5134297013282776,,-0.39720141887664795,0.07010271400213242,0.06472759693861008,,0.07038702070713043,-0.48484107851982117,0.7056499719619751,167499,0.07639601826667786,0.9783750176429749,2.2393977642059326,-1.9618289470672607,0.08852306753396988,0.11479192972183228,0.06440108269453049,0.08956407755613327,0.12195447832345963,0.014920840039849281,0.95522540807724,0.09006079286336899,0.7054623365402222,,0.15306326746940613,0.02898719161748886,0.09887988120317459,0.05336538702249527,-0.5086050033569336,0.05965139716863632,1.0110671520233154,0.245248481631279,0.02349604107439518,0.13746653497219086,1.004027009010315,0.3386179804801941,-1.8654117584228516,0.1474008709192276,0.9764168858528137,,0.13713939487934113,-0.49171602725982666,,0.2268608957529068,,0.1374628245830536,-1.9149032831192017,0.19484664499759674,0.054452043026685715,-0.1855628788471222,-1.600852608680725,,0.09381221234798431,,0.37868988513946533,133.0,1.5585533380508423,0.06337427347898483,0.5111809372901917,0.7480441927909851,0.15624162554740906
,,,,,,,,,,,,0.00011945148374924862,,,,,,,,,,,,,,167500,,,,,,,,,,,,,,,,,,,,,,,,,,,,,,,,,,,,,,,,,,0.00011945148374924862,,,,,,,,,
,,,,,,-0.008174649439752102,,,0.03583766892552376,,,,,,,,,0.15687572956085205,,,,0.9628000259399414,,,,168749,,,,,,,,,,,,,,0.7182000279426575,,,,,,,,,,,,,,,,0.5044000148773193,,,0.08640000224113464,,0.199968621134758,,,,,,,,,0.6938106417655945,,134.0,,,,,
1.1681052446365356,0.05876932293176651,0.025521785020828247,0.1257162094116211,0.03132210299372673,-0.4753546416759491,,0.12610819935798645,0.0546066053211689,,0.03433762490749359,0.19417500495910645,,0.06824413686990738,0.04380826652050018,0.19011718034744263,0.5648000240325928,0.49298468232154846,,-0.3969218134880066,0.07014264911413193,0.06546908617019653,,0.07036902755498886,-0.48473694920539856,0.7063999772071838,168749,0.07634987682104111,0.9788749814033508,2.3055496215820312,-1.960903525352478,0.08955972641706467,0.1162591278553009,0.06440064311027527,0.08816033601760864,0.12301331758499146,0.014803353697061539,0.9517993927001953,0.09020977467298508,0.7054996490478516,,0.15285181999206543,0.029306568205356598,0.09850909560918808,0.053961381316185,-0.5086556673049927,0.05999217554926872,1.0078455209732056,0.24989092350006104,0.02357480861246586,0.13734117150306702,1.0044833421707153,0.344694048166275,-1.8626997470855713,0.1493769735097885,0.9750652313232422,,0.13754667341709137,-0.4916374087333679,,0.2261086404323578,,0.1361677497625351,-1.91350257396698,0.1972406953573227,0.055282264947891235,-0.18527191877365112,-1.6035475730895996,,0.094388946890831,,0.3803921341896057,134.0,1.5052621364593506,0.06379380822181702,0.49033114314079285,0.7846846580505371,0.15972775220870972
,,,,,,,,,,,,0.00011118522025675042,,,,,,,,,,,,,,168750,,,,,,,,,,,,,,,,,,,,,,,,,,,,,,,,,,,,,,,,,,0.00011118522025675042,,,,,,,,,
,,,,,,-0.014230186119675636,,,0.03568887710571289,,,,,,,,,0.1538144052028656,,,,0.9664000272750854,,,,169999,,,,,,,,,,,,,,0.7142000198364258,,,,,,,,,,,,,,,,0.47699999809265137,,,0.08560000360012054,,0.1936466544866562,,,,,,,,,0.6929226517677307,,135.0,,,,,
1.178762674331665,0.056879010051488876,0.024661554023623466,0.13211430609226227,0.03126443549990654,-0.4752435088157654,,0.12685537338256836,0.05538566783070564,,0.03408149257302284,0.1941249966621399,,0.06821466237306595,0.043931346386671066,0.19251450896263123,0.5678499937057495,0.5188693404197693,,-0.39646461606025696,0.07060355693101883,0.06462514400482178,,0.07033813744783401,-0.48462870717048645,0.7090749740600586,169999,0.0763319656252861,0.9779250025749207,2.303123712539673,-1.952729344367981,0.08981051295995712,0.11763197183609009,0.06439197808504105,0.08816901594400406,0.12400873005390167,0.014972718432545662,0.9482253789901733,0.09039590507745743,0.7053389549255371,,0.15261779725551605,0.02923586405813694,0.09952571243047714,0.054523881524801254,-0.5086963176727295,0.06047737970948219,1.0054970979690552,0.25311902165412903,0.023324640467762947,0.13960397243499756,1.0020824670791626,0.33964911103248596,-1.861136555671692,0.14987297356128693,0.9728128910064697,,0.13858310878276825,-0.49155253171920776,,0.2281588315963745,,0.1383056640625,-1.9124079942703247,0.19780926406383514,0.05591708421707153,-0.1848628968000412,-1.6038854122161865,,0.09397630393505096,,0.3858928978443146,135.0,1.5515782833099365,0.06386873126029968,0.5143915414810181,0.7620638012886047,0.15996010601520538
,,,,,,,,,,,,0.00010313307618949638,,,,,,,,,,,,,,170000,,,,,,,,,,,,,,,,,,,,,,,,,,,,,,,,,,,,,,,,,,0.00010313307618949638,,,,,,,,,
,,,,,,0.010535011067986488,,,0.035220179706811905,,,,,,,,,0.14511212706565857,,,,0.9646000266075134,,,,171249,,,,,,,,,,,,,,0.7192000150680542,,,,,,,,,,,,,,,,0.5120000243186951,,,0.09359999746084213,,0.21870985627174377,,,,,,,,,0.6939161419868469,,136.0,,,,,
1.181289792060852,0.058762867003679276,0.025411352515220642,0.127020001411438,0.03089315816760063,-0.47512850165367126,,0.1283383071422577,0.055158428847789764,,0.034658290445804596,0.19772499799728394,,0.06819551438093185,0.04388546571135521,0.1916407197713852,0.5669999718666077,0.4788506329059601,,-0.3966047167778015,0.07126792520284653,0.06524337083101273,,0.0703321173787117,-0.4845570921897888,0.7085750102996826,171249,0.07630574703216553,0.9781749844551086,2.2562928199768066,-1.957621693611145,0.08967641741037369,0.11695674806833267,0.06439078599214554,0.08809877187013626,0.1244574561715126,0.01482667401432991,0.9453420639038086,0.0908864215016365,0.7053336501121521,,0.1519237607717514,0.029506703838706017,0.09876604378223419,0.05429045855998993,-0.5087444186210632,0.06044025346636772,1.0033955574035645,0.2532147169113159,0.023316936567425728,0.13944174349308014,1.0019218921661377,0.3395620882511139,-1.8531891107559204,0.15135343372821808,0.9696183800697327,,0.13986791670322418,-0.49148163199424744,,0.2279977798461914,,0.13771453499794006,-1.916103482246399,0.1965019702911377,0.056294940412044525,-0.18500511348247528,-1.6041455268859863,,0.09410985559225082,,0.389455646276474,136.0,1.4622864723205566,0.06378334015607834,0.4831126928329468,0.8109778761863708,0.16097640991210938
,,,,,,,,,,,,9.530746737000706e-05,,,,,,,,,,,,,,171250,,,,,,,,,,,,,,,,,,,,,,,,,,,,,,,,,,,,,,,,,,9.530746737000706e-05,,,,,,,,,
,,,,,,0.009337562136352062,,,0.03567223995923996,,,,,,,,,0.15280823409557343,,,,0.9643999934196472,,,,172499,,,,,,,,,,,,,,0.715399980545044,,,,,,,,,,,,,,,,0.5013999938964844,,,0.09239999949932098,,0.21754230558872223,,,,,,,,,0.6940160393714905,,137.0,,,,,
1.189624309539795,0.05798128619790077,0.024984946474432945,0.13730421662330627,0.031092612072825432,-0.47499769926071167,,0.1271650195121765,0.0548877939581871,,0.03381207212805748,0.19582499563694,,0.0682084932923317,0.04405539482831955,0.1909036487340927,0.5705500245094299,0.5183517336845398,,-0.39582884311676025,0.07007956504821777,0.06473539769649506,,0.07033758610486984,-0.48447275161743164,0.7105000019073486,172499,0.0763031467795372,0.9786750078201294,2.2948408126831055,-1.9504601955413818,0.08967152237892151,0.11749323457479477,0.0643831342458725,0.08829817175865173,0.12404181063175201,0.014961224049329758,0.9431042671203613,0.08938748389482498,0.7051606178283691,,0.15134966373443604,0.02962406352162361,0.09951911866664886,0.05395485833287239,-0.5087831020355225,0.0606408454477787,1.0062202215194702,0.2527689039707184,0.023004725575447083,0.13822175562381744,1.0004080533981323,0.3441126346588135,-1.8482403755187988,0.14893269538879395,0.9663627743721008,,0.1391696035861969,-0.49142250418663025,,0.2234540730714798,,0.13793618977069855,-1.9149837493896484,0.1940857172012329,0.05564992129802704,-0.1842806488275528,-1.604183316230774,,0.0949193462729454,,0.3863706886768341,137.0,1.5699881315231323,0.06402014195919037,0.5163170099258423,0.7553775310516357,0.1597631424665451
,,,,,,,,,,,,8.772046031987063e-05,,,,,,,,,,,,,,172500,,,,,,,,,,,,,,,,,,,,,,,,,,,,,,,,,,,,,,,,,,8.772046031987063e-05,,,,,,,,,
,,,,,,0.05201074853539467,,,0.03652006760239601,,,,,,,,,0.1549306958913803,,,,0.9646000266075134,,,,173749,,,,,,,,,,,,,,0.7103999853134155,,,,,,,,,,,,,,,,0.45660001039505005,,,0.08100000023841858,,0.2593338191509247,,,,,,,,,0.6910766363143921,,138.0,,,,,
1.1924645900726318,0.05797017738223076,0.02529621124267578,0.1340683549642563,0.031480781733989716,-0.47489896416664124,,0.12984174489974976,0.05577513948082924,,0.03419695049524307,0.19609999656677246,,0.06820492446422577,0.04480750858783722,0.19278709590435028,0.5713000297546387,0.500177264213562,,-0.3969247043132782,0.07102057337760925,0.06546630710363388,,0.07034876942634583,-0.48436978459358215,0.7118750214576721,173749,0.07629039138555527,0.9793750047683716,2.281426191329956,-1.948380470275879,0.09092218428850174,0.11741133034229279,0.06437726318836212,0.08949509263038635,0.12534484267234802,0.015208277851343155,0.9418903589248657,0.09044305980205536,0.7051286101341248,,0.15123671293258667,0.029742497950792313,0.09928804636001587,0.0549430176615715,-0.5088380575180054,0.06187307834625244,1.0079799890518188,0.25427746772766113,0.023133883252739906,0.14172494411468506,1.0017025470733643,0.3485420346260071,-1.8422150611877441,0.15237285196781158,0.9681997895240784,,0.14278005063533783,-0.4913552701473236,,0.22730398178100586,,0.1401674896478653,-1.9159797430038452,0.1970432996749878,0.05609874799847603,-0.18538594245910645,-1.6029587984085083,,0.09591784328222275,,0.3957389295101166,138.0,1.4966593980789185,0.06449280679225922,0.5139974355697632,0.7610227465629578,0.16137917339801788
,,,,,,,,,,,,8.038375365404127e-05,,,,,,,,,,,,,,173750,,,,,,,,,,,,,,,,,,,,,,,,,,,,,,,,,,,,,,,,,,8.038375365404127e-05,,,,,,,,,
,,,,,,0.03999466449022293,,,0.03627563640475273,,,,,,,,,0.15500783920288086,,,,0.9648000001907349,,,,174999,,,,,,,,,,,,,,0.7113999724388123,,,,,,,,,,,,,,,,0.4846000075340271,,,0.09139999747276306,,0.24759511649608612,,,,,,,,,0.6920016407966614,,139.0,,,,,
1.191389560699463,0.05756090208888054,0.024885520339012146,0.13216815888881683,0.030890677124261856,-0.474810928106308,,0.12726689875125885,0.05504228547215462,,0.033911626785993576,0.19687500596046448,,0.06820359826087952,0.04407510906457901,0.18929560482501984,0.5734750032424927,0.480329304933548,,-0.3961401581764221,0.069291852414608,0.06447549164295197,,0.07034550607204437,-0.48428353667259216,0.7141749858856201,174999,0.07628484815359116,0.9792249798774719,2.2255287170410156,-1.9445351362228394,0.08913082629442215,0.11659957468509674,0.06440436840057373,0.08884894847869873,0.12260588258504868,0.014847035519778728,0.9398159980773926,0.08856562525033951,0.7051790356636047,,0.15044145286083221,0.02940046600997448,0.09787185490131378,0.053975146263837814,-0.5088682770729065,0.060499608516693115,1.0061875581741333,0.2508774399757385,0.022905685007572174,0.1383228302001953,1.002738118171692,0.3448549211025238,-1.8388724327087402,0.1509103924036026,0.9702377915382385,,0.13911402225494385,-0.4912770092487335,,0.22165751457214355,,0.13678647577762604,-1.9173327684402466,0.19151343405246735,0.05598264932632446,-0.1845862865447998,-1.6003143787384033,,0.09376068413257599,,0.38548699021339417,139.0,1.4652042388916016,0.06304848194122314,0.4952552318572998,0.7551375031471252,0.15901342034339905
,,,,,,,,,,,,7.330866004242248e-05,,,,,,,,,,,,,,175000,,,,,,,,,,,,,,,,,,,,,,,,,,,,,,,,,,,,,,,,,,7.330866004242248e-05,,,,,,,,,
,,,,,,0.0494609996676445,,,0.036258574575185776,,,,,,,,,0.15003469586372375,,,,0.9629999995231628,,,,176249,,,,,,,,,,,,,,0.7148000001907349,,,,,,,,,,,,,,,,0.49939998984336853,,,0.08619999885559082,,0.25722554326057434,,,,,,,,,0.6925487518310547,,140.0,,,,,
1.1917850971221924,0.05743672326207161,0.024694912135601044,0.13597320020198822,0.031272053718566895,-0.47475308179855347,,0.12647879123687744,0.055135004222393036,,0.033578913658857346,0.19699999690055847,,0.06822308897972107,0.04341622069478035,0.1913512647151947,0.5713499784469604,0.47990381717681885,,-0.3962140381336212,0.06917239725589752,0.06417053192853928,,0.07034865766763687,-0.4842146337032318,0.7134249806404114,176249,0.07628010213375092,0.9795500040054321,2.2583508491516113,-1.9480371475219727,0.0890345573425293,0.11572390049695969,0.0644029751420021,0.08806414157152176,0.1223420649766922,0.014976376667618752,0.9402171969413757,0.0880693569779396,0.7050623297691345,,0.14970320463180542,0.029267461970448494,0.09835145622491837,0.053783807903528214,-0.5089045166969299,0.060017701238393784,1.0038279294967651,0.2520884871482849,0.02274443581700325,0.136100634932518,1.0027854442596436,0.350700318813324,-1.8373607397079468,0.14828616380691528,0.9719141721725464,,0.13735897839069366,-0.4912177324295044,,0.2202698439359665,,0.13559824228286743,-1.9170502424240112,0.19291061162948608,0.054717835038900375,-0.184695765376091,-1.5993189811706543,,0.09461664408445358,,0.3830590844154358,140.0,1.4839897155761719,0.06294265389442444,0.4878864884376526,0.7657194137573242,0.15919680893421173
,,,,,,,,,,,,6.650608876655037e-05,,,,,,,,,,,,,,176250,,,,,,,,,,,,,,,,,,,,,,,,,,,,,,,,,,,,,,,,,,6.650608876655037e-05,,,,,,,,,
,,,,,,0.09249252080917358,,,0.03675375506281853,,,,,,,,,0.14956139028072357,,,,0.9635999798774719,,,,177499,,,,,,,,,,,,,,0.715399980545044,,,,,,,,,,,,,,,,0.4713999927043915,,,0.07739999890327454,,0.30004066228866577,,,,,,,,,0.6918269991874695,,141.0,,,,,
1.1787354946136475,0.05819639936089516,0.02512836828827858,0.13770705461502075,0.031415775418281555,-0.47466805577278137,,0.12928733229637146,0.05593175068497658,,0.03415483236312866,0.1976500004529953,,0.06822476536035538,0.04487244412302971,0.1943957507610321,0.574524998664856,0.48911747336387634,,-0.39617156982421875,0.07054359465837479,0.06549409031867981,,0.0703473910689354,-0.48415884375572205,0.7168999910354614,177499,0.07629568129777908,0.9796000123023987,2.2999136447906494,-1.948236346244812,0.09008823335170746,0.11794969439506531,0.06439720839262009,0.09048211574554443,0.12462519854307175,0.015226907096803188,0.9432652592658997,0.09005122631788254,0.7050045728683472,,0.1490446776151657,0.02979494258761406,0.09923220425844193,0.05487087368965149,-0.5089485049247742,0.061083972454071045,1.0032917261123657,0.25542643666267395,0.02239615097641945,0.14090630412101746,1.0040090084075928,0.3460744619369507,-1.8354363441467285,0.15289923548698425,0.9732861518859863,,0.14079833030700684,-0.49116405844688416,,0.22606809437274933,,0.14134442806243896,-1.9155843257904053,0.19491718709468842,0.056349873542785645,-0.18467074632644653,-1.5985431671142578,,0.09573550522327423,,0.3938145041465759,141.0,1.48896324634552,0.0639064759016037,0.49808526039123535,0.7688317894935608,0.16127461194992065
,,,,,,,,,,,,5.9986528898272277e-05,,,,,,,,,,,,,,177500,,,,,,,,,,,,,,,,,,,,,,,,,,,,,,,,,,,,,,,,,,5.9986528898272277e-05,,,,,,,,,
,,,,,,0.009271170943975449,,,0.03582804650068283,,,,,,,,,0.15483787655830383,,,,0.9661999940872192,,,,178749,,,,,,,,,,,,,,0.7164000272750854,,,,,,,,,,,,,,,,0.49619999527931213,,,0.08240000158548355,,0.2169390320777893,,,,,,,,,0.6922260522842407,,142.0,,,,,
1.1880697011947632,0.05829089507460594,0.025104433298110962,0.1377384513616562,0.030741717666387558,-0.4746094346046448,,0.12810641527175903,0.05582870915532112,,0.034066248685121536,0.20170000195503235,,0.06823357939720154,0.04393374174833298,0.1919722557067871,0.5762249827384949,0.488189697265625,,-0.3959517478942871,0.06922928243875504,0.06513328105211258,,0.07035045325756073,-0.48410654067993164,0.7149249911308289,178749,0.07627708464860916,0.9799749851226807,2.2965614795684814,-1.945392370223999,0.08893908560276031,0.11689659208059311,0.0644020289182663,0.0891513079404831,0.12293120473623276,0.01483249943703413,0.9448040723800659,0.08880677074193954,0.7047942280769348,,0.14777883887290955,0.029403386637568474,0.09863774478435516,0.05395269766449928,-0.5089702606201172,0.06030002981424332,1.0032132863998413,0.25373780727386475,0.022266991436481476,0.13792309165000916,1.0049418210983276,0.34413382411003113,-1.8376963138580322,0.14953941106796265,0.9727391600608826,,0.13854123651981354,-0.4911379814147949,,0.22145844995975494,,0.1369915008544922,-1.9160493612289429,0.19431334733963013,0.055212341248989105,-0.18451353907585144,-1.5978367328643799,,0.0939953401684761,,0.38798072934150696,142.0,1.4623701572418213,0.06280414760112762,0.4947337806224823,0.7632123827934265,0.1609271764755249
