dec_true,phi_true,dec_pred,phi_pred,dec_residual,phi_residual,cos_theta_true,cos_theta_pred,ring_distance,angular_error_deg,snr
1.2220209,3.093559,0.77322763,2.3830884,-0.44879323,-0.7104707,-0.6772516754637462,-0.9538594108929512,0.276607735429205,32.669556,36.099514
-0.31984735,2.6498435,-0.087750554,1.9124112,0.23209679,-0.73743224,-0.6857964678095438,-0.7114028853363452,0.025606417526801373,43.322025,33.921227
-0.66017115,-0.7873199,-0.7548956,-0.43388894,-0.09472448,0.35343096,0.978496000103565,0.9431026385095187,0.03539336159404627,16.268879,46.341625
-1.0696414,-1.1618099,-0.8888931,-0.7464541,0.18074822,0.4153558,0.7789038493061993,0.914516801338257,0.1356129520320577,16.672035,47.638554
-0.12895292,-1.305254,-0.12673992,-0.9943304,0.0022130013,0.31092358,0.7696055425259569,0.8942482626489578,0.12464272012300093,17.668503,47.50975
1.0463725,-3.0084996,0.80299026,2.5581064,-0.24338228,5.566606,-0.7051084255033144,-0.9446488766406969,0.23954045113738243,27.749027,31.30099
-0.75403124,-2.1861923,-0.3757792,3.0631251,0.37825203,5.249317,0.3507159309244532,-0.5169155980083331,0.8676315289327863,53.267982,43.940285
0.834813,-1.3219398,0.21136771,-1.326417,-0.6234453,-0.0044771433,0.13534050918646567,0.593445890226115,0.4581053810396494,35.721428,38.50191
-1.4430971,-1.9323852,-1.0131769,0.005642745,0.4299202,1.938028,0.48930432081172404,0.7552551016889509,0.2659507808772269,35.17337,44.579567
-1.2255144,0.96383643,-0.24298683,0.01499799,0.9825276,-0.9488384,0.41171058591911613,0.7770411074738928,0.36533052155477663,65.3038,44.673046
0.58211267,-2.4484007,0.46733323,1.9273685,-0.11477944,4.375769,-0.40333362440360787,-0.8863011888933308,0.4829675644897229,89.92157,43.324387
-0.3824821,-1.0414603,-0.3580772,-0.8651435,0.024404913,0.1763168,0.9400814255518988,0.9776096990170124,0.03752827346511367,9.518865,33.108345
0.8869686,-2.0093412,-0.34593484,1.8420568,-1.2329035,3.851398,-0.22526482513102586,-0.5215265675500174,0.2962617424189915,135.53163,44.96881
-0.679666,2.5140297,-0.17312913,1.7689103,0.50653684,-0.74511945,-0.40241092092228037,-0.5904272868487457,0.1880163659264653,47.82448,42.97711
0.19153595,-0.72821236,-0.067517795,-0.87724626,-0.25905374,-0.1490339,0.7838506010428468,0.8990903227211033,0.11523972167825658,17.103447,40.43677
0.07599203,-0.24947596,-0.9281348,0.12929347,-1.0041268,0.37876943,0.7732998434217748,0.7374338535292768,0.03586598989249801,60.36536,45.963142
-0.259523,2.428408,0.012895648,2.2753131,0.27241865,-0.15309477,-0.7406142142438199,-0.8779140186168476,0.1372998043730277,17.858017,47.34012
-0.8120414,-2.5305037,0.8515747,-0.22189336,1.6636162,2.3086104,0.15938414037286996,0.1822059507755318,0.022821810402661846,148.30446,43.83533
-0.0029306454,-2.0426784,-0.49149036,-0.1783143,-0.48855972,1.864364,0.17832580160459166,0.9061886131755177,0.727862811570926,104.69849,36.417015
0.9760739,-1.5382925,-0.795924,2.319681,-1.7719979,3.8579736,-0.05708614675448953,-0.287288947457327,0.2302028007028375,152.55603,46.304955
0.11986615,-0.22883654,-0.38867852,-0.9511675,-0.5085447,-0.722331,0.7421638061922025,0.9644119648793961,0.2222481586871936,49.908775,41.738274
0.8338757,-2.8146238,0.90729594,2.905095,0.07342023,5.719719,-0.6625081515637419,-0.8573436960896288,0.19483554452588692,21.040934,43.63771
-0.7993076,1.0068481,-0.23644197,-0.70070255,0.5628656,-1.7075506,0.26158829848991694,0.971042906306872,0.709454607816955,85.6689,32.62001
-0.6433414,-0.6537039,-0.50183994,-0.5618732,0.14150149,0.09183073,0.9859445446022441,0.9949208092107522,0.008976264608508089,9.230884,30.50736
-0.58067936,-2.446829,0.124328524,-1.4573325,0.7050079,0.9894966,0.10119453509747345,0.5669967761510151,0.4658022410535416,67.19896,30.920494
-0.10575062,-0.5731571,0.007180139,2.9922154,0.11293076,3.5653725,0.9278108161678844,-0.7732086669944962,1.7010194831623806,155.119,30.771318
0.43736827,2.6923811,0.818103,3.112165,0.38073474,0.41978383,-0.9792832267810905,-0.8208236543462203,0.1584595724348702,28.999256,44.868896
0.71115816,1.4552906,-0.009543804,2.1316562,-0.72070193,0.6763656,-0.6550784763896256,-0.834160207231941,0.17908173084231538,54.22771,42.520744
1.1631645,-2.2177615,0.5310589,2.919873,-0.6321056,5.1376343,-0.4119164490440559,-0.9219920953976528,0.5100756463535969,52.70117,38.18154
-0.1841022,-1.5007995,0.024326315,-1.1298523,0.20842852,0.37094724,0.6745770900338202,0.7859525354500689,0.11137544541624878,24.285011,33.6675
-0.5897509,-0.7874501,-0.57985795,-0.7687152,0.0098929405,0.018734872,0.988676700074226,0.9911864516295026,0.0025097515552765515,1.0594327,43.77563
0.08692694,1.2586997,0.44025227,0.97308505,0.35332534,-0.2856146,-0.3519158064422321,-0.25532996173690137,0.09658584470533071,25.615263,39.048428
0.76212656,-3.048491,0.6103884,3.1308546,-0.15173817,6.1793456,-0.780082179639987,-0.8373488604298698,0.05726668078988273,9.830533,30.357937
-0.9929086,-2.6545901,-0.73053867,0.79021245,0.26236993,3.4448025,0.1898346568980962,0.3773905156614603,0.18755585876336411,80.17621,43.957882
0.8355046,-0.32812142,0.09436029,-1.4895622,-0.7411443,-1.1614407,0.22120372410776135,0.5622315803423712,0.34102785623460985,70.386024,37.574142
-1.2745789,0.92908263,-0.9403337,0.76865286,0.3342452,-0.16042978,0.4305106932615397,0.43810035773549316,0.0075896644739534835,19.533108,39.00399
-0.4242401,-2.959591,-0.22543235,2.027936,0.19880776,4.987527,-0.3431894620363316,-0.6807880322791267,0.33759857024279505,70.52829,37.0844
0.58824795,1.0833719,0.17346476,1.2005509,-0.41478318,0.117179036,-0.3903390933931554,-0.33959010234103815,0.050748991052117276,24.55201,35.381588
0.81055737,-0.37649155,-1.2846668,-0.7010747,-2.0952241,-0.32458317,0.2536015211054554,0.6905219992458704,0.436920478140415,120.72203,33.071346
0.3193535,2.416911,0.33951318,2.0212002,0.020159692,-0.3957107,-0.9865665282612355,-0.9079612108898178,0.07860531737141763,21.469093,41.69854
-0.48417914,-2.9312606,1.0171382,-2.68443,1.5013174,0.2468307,-0.28614468670239734,-0.5895178614613288,0.30337317475893144,86.82886,49.7297
-0.9162144,1.4814332,0.022542022,2.7353282,0.9387564,1.253895,0.06578682743116748,-0.8675678720368982,0.9333546994680657,80.10775,34.359463
0.11287995,0.05333209,-0.4182667,-1.1954933,-0.53114665,-1.2488254,0.6089374479328584,0.8897080295887427,0.2807705816558843,76.02102,47.234528
0.8114499,3.0058663,0.7029387,2.9031382,-0.10851121,-0.10272813,-0.8583305800456511,-0.9115743396724305,0.05324375962677941,7.5417886,43.65416
1.2015706,1.545769,0.86446625,2.9726055,-0.33710438,1.4268365,-0.620956850957014,-0.8540254624231012,0.23306861146608715,42.00519,31.597473
0.52685577,2.6739314,0.60738003,3.0551274,0.080524266,0.38119602,-0.9826794635977567,-0.8696957892772748,0.11298367432048195,18.948462,37.064083
-0.56221884,0.23682547,-0.93849504,-0.7393005,-0.3762762,-0.97612596,0.7063485320591907,0.8938656655464463,0.18751713348725563,44.753437,45.19223
-0.10884281,2.533459,-0.10337813,2.3090742,0.0054646805,-0.22438478,-0.8318536337524485,-0.8253680869571633,0.006485546795285124,12.787513,37.620655
0.40782455,1.8479393,0.07457786,2.257717,-0.33324668,0.40977764,-0.845203513599067,-0.9006680535281939,0.05546453992912692,29.634653,39.323593
-0.92532384,0.8538315,-1.1305169,0.33585167,-0.20519304,-0.51797986,0.3900359335129906,0.6167330768404113,0.22669714332742075,19.022785,47.549927
0.5461368,-1.1718644,0.16005656,-0.56992924,-0.38608024,0.60193515,0.42856415512097,0.7997126127487508,0.3711484576277808,38.911266,32.15907
0.59618884,2.0388901,0.17762858,2.1241918,-0.41856027,0.08530164,-0.9257613337033916,-0.9041954917188573,0.021565841984534373,24.395828,43.97068
-0.65349615,3.0279267,0.91209894,-2.7238142,1.5655951,-5.751741,-0.3196209085750388,-0.6140343132559227,0.29441340468088395,93.54465,36.586662
0.29517946,-2.210826,0.008428763,2.4596932,-0.2867507,4.670519,-0.10587310808665862,-0.8925243394880589,0.7866512314014003,92.15448,31.79721
-0.16731288,-0.7541897,0.029024342,-1.0325966,0.19633722,-0.27840686,0.9497332156175382,0.818034871295396,0.13169834432214222,19.466599,33.360962
0.24384524,0.82740283,-0.16064164,1.2503687,-0.4044869,0.42296588,-0.0494727803604782,-0.22908940096790253,0.17961662060742434,33.39581,37.546177
0.6207309,0.89845777,-0.124001324,-0.88292134,-0.7447322,-1.7813791,-0.26665240276878066,0.9191309865498338,1.1857833893186145,103.92601,34.586143
-1.3377949,0.6542773,-0.8406341,1.2054694,0.4971608,0.55119205,0.4956448626997041,0.16240034133933623,0.33324452136036786,31.114996,33.287624
1.1648073,1.456497,0.86769754,-3.1214838,-0.29710978,-4.577981,-0.6070242114527449,-0.7919907891006126,0.18496657764786772,48.193726,40.87427
0.8160993,3.1231706,0.81682515,2.9058852,0.00072586536,-0.2172854,-0.8171874364913456,-0.885471026982434,0.06828359049108834,8.516683,32.939526
-1.1368113,-2.488178,-0.48450765,0.36202753,0.6523036,2.8502054,0.32527831456564726,0.615433992761977,0.2901556781963297,86.20503,44.57394
-0.84208524,-1.2904553,-0.21144585,-1.1469235,0.6306394,0.1435318,0.8243216893783689,0.8691275583070741,0.044805868928705195,36.778545,38.447968
-0.1366068,-1.3596991,-0.11527274,-0.9957428,0.02133406,0.36395633,0.7429660281633614,0.8898014194995731,0.1468353913362117,20.72185,48.454292
0.5604454,-2.914638,0.9593246,2.6168787,0.39887917,5.531517,-0.7120158562271035,-0.8800077133109667,0.16799185708386322,37.769897,47.571068
0.22853643,-2.3733294,0.039043207,1.6594999,-0.18949322,4.0328293,-0.2162176731053833,-0.6303804850232533,0.41416281191786997,127.07075,31.368526
-0.042025417,-0.24673057,-0.65687656,-0.8390548,-0.6148511,-0.59232426,0.8279828673006477,0.9739715539356659,0.14598868663501818,46.99408,47.509098
-1.2640678,1.1735809,0.2564437,-1.129086,1.5205115,-2.302667,0.36412347120828414,0.6552791957128843,0.29115572450460014,115.911446,36.447826
1.1416999,-0.90977955,-0.46090415,1.5013422,-1.602604,2.4111218,-0.05748190458805702,-0.24747242754136445,0.18999052295330743,132.99997,35.137947
1.459634,1.5458868,-1.0849807,-2.3140285,-2.5446148,-3.8599153,-0.5150623204094789,0.3759996649744206,0.8910619853838995,156.61172,37.54656
0.7165521,1.8351505,0.9830976,-3.1228905,0.26654553,-4.958041,-0.8409906011737371,-0.7612121089589428,0.07977849221479438,49.58887,31.334835
0.7521112,-1.6807412,-0.91852,1.3449508,-1.6706312,3.025692,0.03287748686246017,0.13136055564045268,0.09848306877799251,169.48659,36.781113
-0.13255808,2.7735202,0.31179288,2.0173504,0.44435096,-0.7561698,-0.7798748047630379,-0.9016089929759694,0.12173418821293147,49.7762,32.294926
-0.8203485,0.74339676,-0.110425286,-0.5768917,0.7099232,-1.3202884,0.428874721141673,0.929815894057362,0.500941172915689,75.60377,40.028492
0.22103442,-2.0933084,-0.39726192,-0.9775659,-0.6182963,1.1157426,0.028946887307849778,0.95901089869907,0.9300640113912202,71.904564,33.1571
0.24062176,1.4740617,0.0016353613,1.9261577,-0.2389864,0.452096,-0.5791003743865177,-0.7616151025242792,0.18251472813776148,29.072397,38.344597
0.7732653,-2.8893747,0.8255065,-3.017371,0.052241206,-0.1279962,-0.7031832866630179,-0.7582900904769496,0.05510680381393174,5.9207287,30.44783
0.025613964,-0.82208896,-0.02052485,-0.8528089,-0.046138816,-0.030719936,0.8667602246513297,0.8835271452817828,0.01676692063045304,3.175888,36.90787
-0.9482332,2.8754194,-0.5477636,1.7408093,0.4004696,-1.13461,-0.10365019061019076,-0.32742597238564564,0.22377578177545487,50.69938,42.262123
0.3137703,-2.6823156,0.9628807,2.9948614,0.6491104,5.677177,-0.500910547299652,-0.8153779946522057,0.3144674473525537,45.582592,32.324383
-0.81140316,0.31521177,-0.5344168,0.006802776,0.27698636,-0.308409,0.6694450181035787,0.8285928738334263,0.15914785572984758,20.944166,32.371548
0.8456045,2.1009,0.23842873,2.1081574,-0.60717577,0.0072574615,-0.8930149575415864,-0.9161743457618936,0.023159388220307164,34.790314,48.556835
-0.1548032,-0.650897,-0.08252263,1.8349907,0.07228057,2.4858878,0.9485853172151408,-0.6756706445179335,1.6242559617330743,140.15367,44.58554
0.45338872,-2.62564,0.9736717,-2.6956778,0.520283,-0.07003784,-0.49898056969365534,-0.5975850300732679,0.09860446037961257,29.95253,47.262695
0.35799062,-0.26443458,-0.15154542,-1.2290527,-0.509536,-0.9646181,0.6034577094937896,0.8151008489149927,0.21164313942120305,61.666798,34.51508
0.37418014,0.89100623,-0.44552985,-1.5916835,-0.81971,-2.4826899,-0.16141558280939705,0.6838397086669812,0.8452552914763782,145.24783,48.560513
-0.20831066,-1.1292639,-0.11207281,-0.9217014,0.09623785,0.2075625,0.875133797497158,0.9071157935061889,0.031981996009030844,12.965692,35.821857
0.41060796,2.2700393,0.24933784,2.5303721,-0.16127013,0.26033282,-0.98173601080547,-0.9727623353987891,0.008973675406680925,16.846466,45.306076
-1.2825942,-1.4996176,-1.079435,-0.43166324,0.20315921,1.0679543,0.6105063953266172,0.8114295684829536,0.20092317315633634,24.50077,34.205353
0.0011204483,2.9406521,0.93995756,2.1911137,0.9388371,-0.7495384,-0.7923052900825942,-0.8742463383304777,0.08194104824788351,64.36374,45.513847
0.3354588,-2.40349,0.8681683,-3.1364233,0.5327095,-0.7329333,-0.28488766446272606,-0.7973129071118148,0.5124252426490887,45.191223,43.9171
-1.0348862,1.9557202,1.1155922,0.97502315,2.1504784,-0.98069704,-0.0011215522510790166,-0.44164200265410525,0.44052045040302623,130.34087,30.416792
0.39396,3.076958,0.55717254,3.0632408,0.16321254,-0.0137171745,-0.8496781600434793,-0.8675130705280338,0.017834910484554545,9.377312,44.623737
1.0042189,2.406263,0.10762279,2.5013475,-0.89659613,0.09508443,-0.8628735005284884,-0.9323766281371801,0.0695031276086917,51.54775,32.321217
0.8643199,-0.67167544,0.7330037,2.0266275,-0.13131624,2.698303,0.22822342206486468,-0.9035694690202618,1.1317928910851265,85.80487,42.704292
-0.4244435,3.039076,0.078420915,2.0198746,0.5028644,-1.0192015,-0.49311395041767714,-0.8339589367363924,0.3408449863187153,63.652313,30.78552
-1.0324913,0.06733155,-1.021321,-0.23277815,0.011170268,-0.30010968,0.7301622306208215,0.8109510834175153,0.08078885279669379,8.896028,32.36423
0.75348943,-2.6472292,0.7582644,2.9667668,0.0047749877,5.613996,-0.5684815970843307,-0.8822601291220966,0.31377853203776596,27.651236,34.624138
0.3065091,-2.3148766,-0.77738684,-0.3835329,-1.0838959,1.9313437,-0.19903650658210026,0.9287534043163177,1.127789910898418,116.8316,40.399742
0.2730215,-0.33418489,-0.07163263,2.725673,-0.3446541,3.0598578,0.6837303797564083,-0.8246543663547916,1.5083847461111999,167.57626,36.080505
-0.040771216,-0.050498247,0.088110276,-1.182977,0.12888148,-1.1324787,0.7404409513380517,0.7320223511802881,0.008418600157763523,65.239105,46.258755
-1.1801544,0.5260143,-0.745404,-0.617307,0.43475044,-1.1433213,0.5470289651623297,0.962999737851419,0.41597077268908933,41.997776,48.401554
-0.93850434,0.2166779,-0.82219386,0.07194645,0.11631048,-0.14473146,0.7007824976870358,0.7807885238428511,0.08000602615581531,8.491418,41.67829
0.40889913,-0.9751415,0.06469695,-1.1434963,-0.34420216,-0.16835475,0.5961004237903609,0.7606143061617692,0.1645138823714083,21.813313,38.37776
0.7288571,2.3537796,0.6414388,2.8905792,-0.08741832,0.53679967,-0.9638444676323452,-0.9241024657441113,0.03974200188823396,24.200174,42.13588
-0.08185859,-2.0692368,0.49029297,-1.0116436,0.57215154,1.0575931,0.19076210959760687,0.5234751043980719,0.332712994800465,66.84759,49.146286
-0.581407,-2.9954474,0.2635472,2.9999123,0.84495425,5.9953594,-0.2557308332516959,-0.8594553150624895,0.6037244818107936,50.907448,47.736805
-0.105739474,0.5823188,0.015233162,-0.34454218,0.12097263,-0.9268609,0.32312562889361374,0.8343233375264021,0.5111977086327884,53.46474,32.114822
0.6133252,0.9576514,0.22292775,1.3779957,-0.39039743,0.42034435,-0.30687741340959107,-0.5012578935234826,0.19438048011389153,31.203342,42.96205
0.9492405,2.7555578,0.75178665,2.7005043,-0.19745386,-0.055053473,-0.8691287477309846,-0.9449874179546054,0.0758586702236208,11.499971,39.48926
0.8592393,1.805516,0.41253498,2.025464,-0.4467043,0.21994805,-0.8043385071086195,-0.9191127926906955,0.11477428558207592,27.443752,47.338093
0.08273596,3.0173614,0.5625241,2.6288722,0.47978812,-0.38848925,-0.7938229737330613,-0.9867188207014781,0.19289584696841677,34.48514,39.73958
0.72829485,-2.0042853,-0.36479282,2.3658664,-1.0930877,4.3701515,-0.14819193162597344,-0.6622742901896537,0.5140823585636802,118.12739,44.01459
0.91798884,-1.5247012,-0.87330395,2.2009401,-1.7912928,3.7256413,-0.008833963975130033,-0.1990465238035437,0.19021255982841367,159.12022,46.064205
-0.38736406,-1.8007838,-0.40486634,-1.0210072,-0.017502278,0.7797766,0.5254370369984791,0.9483089954841493,0.42287195848567016,41.066048,45.13618
-0.8257372,2.6682632,0.4898396,3.0170605,1.3155768,0.34879732,-0.253712882867557,-0.8851408298925083,0.6314279470249513,77.500465,47.89925
-0.29540387,0.8044958,0.07855031,-1.2239698,0.37395418,-2.0284657,0.21321136164814902,0.7186125186563705,0.5054011570082215,116.37602,31.115536
0.13331902,-0.5011556,-0.5453441,0.03916694,-0.67866313,0.54032254,0.8070316800349069,0.8132519409016938,0.006220260866786953,48.875317,49.02093
0.09253865,1.3801758,-0.09346588,1.9744698,-0.18600452,0.59429395,-0.45237118995068215,-0.7359594410011097,0.2835882510504275,35.63217,31.679941
-1.1456909,0.20093799,-1.0206428,-0.3035835,0.12504816,-0.5045215,0.6530451824442496,0.8241893005702359,0.1711441181259863,15.132044,47.605293
-1.2500068,2.7340252,-0.81562036,0.813024,0.43438643,-1.9210012,0.1645762679712517,0.3857674008683052,0.2211911328970535,51.913094,41.872818
-0.05646881,-0.5052662,-0.03947419,-0.85985446,0.016994622,-0.35458827,0.900830104520665,0.8905685158486385,0.010261588672026534,20.315903,44.430138
0.37321493,0.078891754,-0.13252206,-0.6785748,-0.505737,-0.75746655,0.4376548773533666,0.9414968278968328,0.5038419505434661,51.504635,47.584866
-0.85850465,1.3954041,0.7566031,0.37320045,1.6151078,-1.0222037,0.07003882958332763,0.009355369955926562,0.06068345962740107,105.76628,42.80684
-0.6142595,2.907727,0.04277311,2.0671582,0.6570326,-0.8405688,-0.39334465850139555,-0.8367124972575253,0.44336783875612973,58.670338,38.145325
-0.3715174,-0.10431075,-0.5487597,-0.31518406,-0.17724231,-0.2108733,0.8644702732099736,0.9495153409382038,0.08504506772823017,14.82228,42.184147
0.9741252,-1.8781217,-0.4967934,2.2224813,-1.4709187,4.100603,-0.20094714094603638,-0.5391441525138099,0.3381970115677735,132.68419,47.643898
-0.66536725,-0.6374345,-0.36688724,-0.3713431,0.29848,0.26609138,0.9817391663344015,0.9567260414172889,0.025013124917112606,21.574463,44.045795
0.92005664,-1.4382752,-0.34744945,-1.3067491,-1.2675061,0.13152611,0.023291378494138648,0.8291373469022929,0.8058459684081543,72.91786,46.57501
0.04997629,2.4936435,-0.12857147,2.3074446,-0.17854775,-0.18619895,-0.9102591924735499,-0.8111087675466582,0.09915042492689174,14.764447,34.51613
-0.7778679,1.5929787,-0.4228918,1.6702632,0.35497612,0.077284455,-0.08352840051932164,-0.377102244909024,0.29357384438970235,20.655962,43.15719
0.20362224,-0.6588638,-0.13869113,-1.0266707,-0.34231335,-0.3678069,0.7775902163571828,0.8889029029093649,0.11131268655218207,28.704378,32.728374
1.1384826,2.6213753,0.9223376,2.792607,-0.21614498,0.17123175,-0.7843039271221457,-0.8743091859575731,0.09000525883542743,13.336797,35.207718
-1.2290084,0.031559706,-0.97350496,-0.1570077,0.25550348,-0.1885674,0.658984899244839,0.813964000317565,0.15497910107272594,15.378558,49.54678
0.7067873,-0.8874974,0.046023123,-1.336694,-0.66076416,-0.44919658,0.36255950440773965,0.6778936983735178,0.3153341939657781,44.425304,35.486168
0.09520494,-2.728013,-0.097038314,2.004588,-0.19224325,4.732601,-0.45592193588529284,-0.7463581315317471,0.2904361956464543,89.38037,48.297504
-0.18635118,3.0394251,-0.11849089,2.023271,0.06786029,-1.016154,-0.6502435327066811,-0.7419978626826369,0.09175432997595578,57.60218,31.582045
1.1096578,3.0234234,0.92524797,2.7027419,-0.1844098,-0.32068157,-0.746809442891821,-0.8863593974088619,0.1395499545170409,14.211271,42.688637
0.10869435,1.2299063,-0.086574115,2.418906,-0.19526847,1.1889997,-0.33724944762892584,-0.8446447771458123,0.5073953295168865,68.92298,40.069256
-0.2843349,-1.204694,-0.16310497,-1.0050839,0.12122993,0.19961011,0.8636065058463718,0.9032839530521795,0.03967744720580768,13.130585,47.73584
-0.85092694,1.8521044,-0.6724434,0.7588344,0.17848355,-1.0932701,-0.13316498631004947,0.3822953937831812,0.5154603800932307,45.139076,40.513863
-0.69964176,2.7167366,-0.1968314,1.8635988,0.50281036,-0.85313773,-0.3640238084616012,-0.626905895251415,0.26288208678981384,51.731613,37.672344
-0.37099624,1.3989499,-0.5377022,2.0329208,-0.16670597,0.633971,-0.2312691667063138,-0.4570225472464138,0.22575338054009997,33.84023,49.84722
0.4205529,-0.4487126,0.058695342,-0.8978625,-0.36185756,-0.4491499,0.6039259198177813,0.8378483579310947,0.23392243811331337,32.343506,37.630283
-0.12434493,1.9651601,0.06759121,2.0866446,0.19193614,0.12148452,-0.7153312515475676,-0.8535589288447367,0.13822767729716912,13.007605,45.746212
0.7913223,2.6765316,0.60181916,2.5956335,-0.18950313,-0.08089805,-0.9373909542487819,-0.9862784397989461,0.0488874855501642,11.419735,40.72582
0.95836425,-0.82529473,-0.6082121,-2.737977,-1.5665764,-1.9126823,0.1298248007144256,-0.08440497801637825,0.21422977873080384,128.73491,39.76104
0.768388,0.14159775,-0.8601422,0.45281866,-1.6285301,0.3112209,0.12017549751602452,0.597335447385154,0.47715994986912946,94.60205,37.994026
-1.1268961,3.0001771,0.6685895,-0.605319,1.7954856,-3.6054962,0.08486465435430968,0.4116495322329481,0.3267848778786384,149.45004,42.429657
-0.3559525,-2.7269793,-0.23546281,0.043791458,0.12048969,2.7707708,-0.22773779944809647,0.7588514406231557,0.9865892400712521,140.1926,39.77419
0.7482127,-2.5423272,0.9095649,-2.8209186,0.16135222,-0.2785914,-0.5038522813258517,-0.6598730142955516,0.15602073296969987,14.1502695,41.976788
0.060503196,-2.291308,0.16832437,2.6511307,0.10782117,4.9424386,-0.07041546569963941,-0.9385168359771523,0.8681013702775129,76.43657,43.24053
0.5731156,0.7264552,0.18656832,1.509052,-0.38654727,0.7825968,-0.12079447965594525,-0.5857662883556705,0.4649718086997252,46.683617,42.184135
-1.152356,2.607404,0.504118,-0.3016516,1.6564741,-2.9090557,0.06119312696340273,0.5038770734739622,0.4426839465105594,141.95926,33.99001
0.09062614,1.6229241,-0.02217503,2.017267,-0.11280117,0.3943429,-0.6280828250360317,-0.7891350726381428,0.161052247602111,23.475895,35.962227
1.1535832,-0.322582,-0.31365114,-0.24311872,-1.4672344,0.07946329,-0.08078283891860405,0.9101222046185429,0.9909050435371469,84.13639,40.57322
-0.514418,-0.6284857,-0.5207582,-0.31632018,-0.0063402057,0.3121655,0.9985260432348575,0.9506588296505374,0.04786721358432011,15.531637,42.299606
1.3617742,-0.32577133,0.701469,2.9659107,-0.6603052,3.291682,-0.2749994612889384,-0.8927073199727902,0.6177078586838518,61.66894,45.696445
0.5603864,-0.114792824,0.054858476,-1.2945489,-0.505528,-1.179756,0.39512393463286477,0.6959674866177266,0.3008435519848618,69.420235,39.052746
0.119395,-1.2837596,0.0804687,-1.0799992,-0.038926303,0.20376039,0.6679515034721621,0.7764208911177413,0.10846938764557912,11.8276,34.60195
1.2522457,0.7491853,0.84196967,-2.9495032,-0.410276,-3.6986885,-0.3939751619585419,-0.726136880204173,0.3321617182456311,57.901035,33.036743
1.283714,2.1211736,0.7734486,2.201077,-0.51026547,0.079903364,-0.67622454233251,-0.9334274702260323,0.2572029278935224,29.3118,48.200207
-0.4853823,2.6289904,-0.0797118,1.7718483,0.4056705,-0.8571421,-0.562193087798045,-0.6425707519853807,0.08037766418733572,52.09867,47.51357
-0.8675852,1.3644226,0.4113658,-1.5971804,1.2789509,-2.961603,0.09144931717770532,0.30706063022455266,0.21561131304684733,152.64159,40.023438
1.3287629,-0.5447819,1.0122018,-2.567533,-0.3165611,-2.022751,-0.23378666543394955,-0.5388680550948255,0.30508138966087595,39.84258,40.127544
-0.9158006,0.64544606,-0.8866142,-0.07989392,0.029186368,-0.72534,0.4990601538892889,0.8212290785349696,0.3221689246456807,25.490465,43.21072
1.3283465,-1.9208016,0.98959553,-2.6413178,-0.33875096,-0.7205162,-0.37742271155360907,-0.5723388780746497,0.1949161665210406,24.43782,42.041172
-0.20538001,-1.1922915,-0.024404058,-0.8491057,0.18097594,0.34318578,0.8485720868783169,0.8858133053510266,0.03724121847270978,22.08936,36.37036
0.6251269,-0.9530785,0.36457828,-1.1637977,-0.26054862,-0.21071923,0.4241834901835091,0.5686028113693826,0.14441932118587353,18.287958,33.461834
0.938224,-0.7649455,0.06696994,-2.0034258,-0.8712541,-1.2384803,0.15346208809982542,0.17987346513463365,0.026411377034808226,75.73452,41.974926
0.8681144,0.7241299,0.7100862,-3.129992,-0.15802819,-3.854122,-0.25022430799089257,-0.8211940880950366,0.570969780104144,82.72497,34.387386
-1.2224481,-0.6978123,-0.7890987,-0.89059037,0.43334943,-0.19277805,0.734159049830982,0.9366033239955875,0.20244427416460553,25.430096,45.52192
0.07353948,-0.33477306,-0.26618558,-0.7818918,-0.33972508,-0.44711876,0.8026198122987758,0.9728850264219702,0.1702652141231944,31.976933,31.173029
0.060203794,-1.9430695,0.19100088,-1.1322104,0.13079709,0.8108591,0.23465668574266374,0.6948998884243398,0.46024320268167607,46.64272,30.801506
0.5002985,-2.340111,-0.32313776,1.752093,-0.82343626,4.092204,-0.29538653283944427,-0.48959134832213724,0.19420481548269297,129.48555,38.363014
-0.54920995,-2.7551892,0.051245525,2.5543838,0.60045546,5.309573,-0.13209155024913066,-0.9078317553388686,0.775740205089738,63.11177,34.496723
-0.60087633,-1.6258242,0.21605769,1.6494938,0.816934,3.2753181,0.6835223014255676,-0.6906610778445414,1.374183379270109,156.87842,33.610146
-0.14771597,2.1072876,-0.35028142,2.0338993,-0.20256545,-0.07338834,-0.7546300810067805,-0.5995928583698564,0.1550372226369241,12.298022,32.196995
-0.30252945,3.0403912,0.08771389,2.0626857,0.39024335,-0.9777055,-0.5771307163175132,-0.8533152162457744,0.2761844999282612,59.642567,37.614906
0.96014285,1.6978567,0.89962995,2.6098897,-0.0605129,0.9120331,-0.7409378415294352,-0.9062360825191327,0.16529824098969748,30.69926,42.30092
-0.027654953,3.0923812,0.7117466,2.4283528,0.7394015,-0.6640284,-0.7087368949033708,-0.971830390288984,0.2630934953856132,54.68749,36.496994
0.91300625,-2.4216173,0.5590203,2.1356282,-0.35398597,4.5572453,-0.45922350103169407,-0.9550363920338025,0.49581289100210846,70.14716,36.888542
1.157796,-2.0473342,0.7986583,-2.8882804,-0.3591377,-0.8409462,-0.35047665872408196,-0.701253444884113,0.35077678616003105,32.553726,46.899837
0.9145558,-0.635607,0.09374898,-1.5613033,-0.8208068,-0.92569625,0.17867984685313232,0.5147370327517438,0.33605718589861144,63.932972,39.999424
-0.112939455,-1.7586079,-0.06509439,-1.6495699,0.047845066,0.109037995,0.4630090606122321,0.5258710331335057,0.06286197252127357,6.7991576,48.193504
-0.891408,1.0914047,-0.38433042,-0.21662259,0.5070776,-1.3080273,0.24954709521987972,0.9116897728310898,0.66214267761121,63.70526,34.189766
0.45571357,0.56624484,-0.18743241,2.265901,-0.643146,1.6996562,0.058494079552740885,-0.769758050927992,0.8282521304807329,101.266685,35.93193
-0.46314222,2.6484354,0.10300274,2.6031504,0.56614494,-0.045284986,-0.5775667262735045,-0.9232422771508046,0.3456755508773002,32.535038,45.53938
-1.1549374,2.4139497,0.52766776,-1.5125551,1.6826051,-3.9265049,0.06087653087685929,0.281575296993791,0.22069876611693173,135.03389,36.74599
1.2966838,-0.6475806,-0.76631266,2.109665,-2.0629964,2.7572455,-0.20081184532812557,-0.28144892658522025,0.08063708125709468,148.03708,30.308817
-0.37169626,-0.9211929,-0.08285832,-0.9182135,0.28883794,0.0029793978,0.9690393949602054,0.8969925842242379,0.07204681073596753,16.55003,43.940594
-0.23201989,3.1060126,0.39912507,1.8973587,0.63114494,-1.2086539,-0.5899926282420953,-0.8667375342107508,0.27674490596865553,76.80143,37.75286
0.8694598,-2.7918525,0.9409899,-3.0643694,0.0715301,-0.27251697,-0.6493219192220723,-0.7536255656581168,0.1043036464360445,10.448565,41.7878
0.38485074,-2.72161,0.9934176,-3.0177717,0.6085669,-0.29616165,-0.5513494635408573,-0.7234089943881612,0.17205953084730385,37.018326,37.19529
-0.35865,-2.607731,-0.057969727,-1.3036469,0.30068028,1.3040842,-0.13580174821585267,0.7428024289963329,0.8786041772121855,74.53121,38.555584
-0.622182,-2.6187372,0.37561822,-2.8647141,0.99780023,-0.24597692,0.0022682943866669802,-0.649600989150315,0.6518692835369819,58.708138,45.975883
-0.8655157,1.3751695,0.45613265,-1.5256683,1.3216484,-2.900838,0.08468892876326173,0.32267003725126076,0.23798110848799903,154.2346,41.988537
1.1397799,-2.213327,0.6695737,-3.0632093,-0.4702062,-0.84988236,-0.40542390716035115,-0.794040579142631,0.3886166719822799,38.728558,33.741573
0.9145079,2.354912,0.72513384,2.6570747,-0.18937409,0.30216265,-0.9019416018918065,-0.9574810395243691,0.05553943763256264,15.964342,40.00031
-1.381714,1.1596706,-0.46930522,-0.03182813,0.91240877,-1.1914988,0.40711234469004465,0.8428547828698933,0.4357424381798487,59.583878,36.379704
0.15456504,2.6807916,-0.0439189,2.1594515,-0.19848394,-0.52134013,-0.9291334711464021,-0.8254866550247648,0.10364681612163729,31.87203,44.80591
-0.007719951,-1.3202459,-0.06348424,-1.0394691,-0.055764284,0.28077674,0.7121606910608325,0.856928487146309,0.14476779608547652,16.389408,40.100075
0.29049504,-1.832184,-0.62345564,0.57296765,-0.9139507,2.4051516,0.2088708015562588,0.4983590087361147,0.2894882071798559,138.03123,43.93825
1.284124,0.5240536,0.9912117,-2.3215487,-0.2929123,-2.8456023,-0.34781899470928845,-0.4216765888171654,0.07385759410787696,49.12451,38.67605
0.748961,2.2987025,0.14336775,1.6169847,-0.6055932,-0.68171775,-0.9535961563059612,-0.6445445020907288,0.3090516542152324,48.6889,34.046856
-0.15878114,0.104260445,-0.94725436,0.027305,-0.78847325,-0.076955445,0.6984282695486264,0.7691783435855086,0.07075007403688227,45.313866,44.42872
-0.34836632,-0.4860487,-0.16025233,-0.2340619,0.18811399,0.2519868,0.9773804771274541,0.8675629492749808,0.10981752785247334,17.625683,48.735073
0.55694675,-0.75145626,0.14914994,-0.9281285,-0.4077968,-0.17667222,0.5097397306352143,0.7821549811318107,0.27241525049659643,25.18615,41.25216
-0.19606073,-2.1248384,0.17480798,-1.7138162,0.3708687,0.4110222,0.1922055766976669,0.36221193213044867,0.17000635543278175,31.617544,31.26681
-0.021471243,1.6987326,0.3119068,1.962606,0.33337805,0.26387334,-0.6277339095040491,-0.8802812331259648,0.2525473236219158,24.215807,49.721687
0.5393549,-1.2246654,-0.0879383,-1.2299756,-0.6272932,-0.005310178,0.41374890602601333,0.7914555347021048,0.3777066286760915,35.942432,34.40899
0.21731065,2.439832,-0.25892997,2.5856938,-0.47624063,0.14586186,-0.9662939427444748,-0.7359078824021488,0.230386060342326,28.513922,36.78511
-0.02244029,-0.85049653,-0.35826582,-1.0660084,-0.33582553,-0.21551192,0.8847354353382961,0.9293940214670169,0.044658586128720756,22.708624,31.406637
-0.7596177,2.7532232,-0.74658895,-2.1517,0.013028741,-4.9049234,-0.3029137587473869,0.37091462834603384,0.6738283870934207,55.282837,31.170443
-0.7970597,1.3632705,0.87219936,-0.7772912,1.6692591,-2.1405616,0.04950820263844946,0.21740145547802925,0.1678932528395798,142.20262,45.76516
0.55171406,2.8188593,0.43421027,2.612156,-0.11750379,-0.20670342,-0.9513610300635236,-0.9908965191046573,0.03953548904113369,12.403845,46.654297
-0.80045336,1.9501956,-0.76647663,-2.3895228,0.033976734,-4.3397183,-0.2083876150661652,0.22459688489542273,0.43298449996158794,71.63149,32.736126
-0.09910718,0.72807026,0.34175736,-1.0352561,0.44086453,-1.7633264,0.19529515474487624,0.6291636566523575,0.4338685019074813,102.27201,36.675137
0.5973635,1.8703921,0.71396697,2.1739774,0.11660349,0.3035853,-0.8648062006476804,-0.9428077258142302,0.07800152516654979,15.283387,39.294197
0.71878135,-2.0097852,-0.88676864,2.6499298,-1.60555,4.6597147,-0.14717548339437236,-0.19716767427413373,0.04999219087976137,122.36931,46.002777
0.171793,-1.0337424,-0.038277775,-1.0656911,-0.21007077,-0.031948686,0.7407244059108766,0.8378097677117364,0.0970853618008598,12.1734295,48.396088
1.0224639,0.4831376,1.3026532,0.0056338278,0.28018928,-0.47750378,-0.2043097617064351,-0.2586592885430352,0.054349526836600104,18.99351,45.818626
0.39018542,1.6488612,0.69548863,2.1207595,0.30530322,0.47189832,-0.7348865226703154,-0.935047958541313,0.20016143587099755,28.818172,37.52319
-0.19281015,0.6371162,-1.119832,0.33599257,-0.92702186,-0.30112362,0.3131944799455084,0.6191459154958459,0.30595143555033744,54.481113,43.34861
0.48069355,0.8880446,0.443313,-1.3207576,-0.037380546,-2.2088022,-0.2037876446660256,0.4432593048445419,0.6470469495105675,106.183426,35.32826
-0.35160336,-2.2321768,-0.26605073,3.0041833,0.08555263,5.23636,0.16704717614851106,-0.6171385842517667,0.7841857604002778,57.06145,37.20825
0.91509503,2.309358,0.87631845,2.534601,-0.038776577,0.22524309,-0.8983217355830657,-0.9198093101315159,0.021487574548450183,8.353105,40.810116
0.35648623,-2.976731,0.8233253,2.3963358,0.46683905,5.373067,-0.7176030804526494,-0.9387583009709779,0.22115522051832848,49.693703,43.282253
-0.39904493,-3.0210423,-0.31987673,1.5865711,0.0791682,4.6076136,-0.39657015527853856,-0.3916507095623954,0.004919445716143167,88.24091,45.550617
-0.05151619,1.3579619,0.4247951,2.980345,0.47631127,1.6223831,-0.37004699817293574,-0.8951919669254425,0.5251449687525067,93.90721,31.98375
-0.57498634,0.20562768,-0.70710385,0.024443645,-0.13211751,-0.18118404,0.7256594314977507,0.8159668450173863,0.09030741351963556,11.233383,46.8531
-0.6028274,-2.281632,-0.59498703,-1.450093,0.007840395,0.8315389,0.2317578791856505,0.7813595825253423,0.5496017033396918,38.976837,41.531334
0.10154164,-0.43131113,-0.34883752,-0.9194196,-0.45037916,-0.48810846,0.81212194754319,0.9665376418190448,0.15441569427585478,37.71135,37.757942
-0.14556356,0.86097836,0.13890915,-1.6732633,0.2844727,-2.5342417,0.09942212726048894,0.411417176918651,0.31199504965816205,145.56175,38.65734
0.09926436,-0.96741486,-0.053144373,-1.0076104,-0.15240873,-0.040195584,0.8007111808656404,0.8624222649294921,0.06171108406385173,9.030264,42.939682
-0.32485205,-2.196768,0.18430153,-1.529736,0.5091536,0.667032,0.18537458531625717,0.4877489169659823,0.30237433164972516,47.664623,45.502483
0.8987086,-1.3088725,-0.659358,0.90207046,-1.5580666,2.210943,0.08625597453859335,0.27828130551056063,0.19202533097196728,140.65346,46.40615
-0.0110286325,-2.79933,0.57500416,2.9697895,0.5860328,5.7691193,-0.46411103582727975,-0.9036240254015295,0.4395129895742498,43.557365,44.68768
0.03490179,-2.0474854,0.33523905,-1.1071573,0.30033726,0.940328,0.156692611925898,0.610351030471147,0.453658418545249,55.399807,41.903534
0.2498092,1.7942088,0.30673063,2.009184,0.056921422,0.21497512,-0.7856232439599848,-0.8975837163334663,0.1119604723734815,12.280598,44.092804
0.92559433,2.7505634,0.8899519,2.6458337,-0.035642445,-0.10472965,-0.8797093927325914,-0.9069272528290018,0.027217860096410362,4.2183976,41.9653
0.07567713,0.12158704,0.032930955,-1.0579269,-0.04274617,-1.1795139,0.5865888446761556,0.8079474503316559,0.22135860565550036,67.5073,46.08413
1.1885077,-1.3795199,-0.6691558,-1.8570911,-1.8576634,-0.47757113,-0.1732955048071978,0.5468554489300859,0.7201509537372837,108.40224,32.774155
-0.31234488,0.36264038,-1.2658582,0.33840087,-0.95351326,-0.02423951,0.5726354845040671,0.579019663384039,0.006384178879971891,54.63818,43.714302
0.15489344,0.24233603,-0.09119603,-1.2203336,-0.24608947,-1.4626696,0.46493805336387517,0.7972038981156393,0.33226584475176413,84.71377,35.0019
-1.0723122,-2.9962664,-0.77586496,1.2110214,0.29644728,4.207288,0.11204812856026436,0.12596187032012196,0.0139137417598576,63.2583,39.70242
-0.3105563,0.967468,-0.4177409,-0.86041194,-0.10718462,-1.8278799,0.08171733649410484,0.9839701399677203,0.9022528034736155,95.583916,33.415897
-0.25748613,1.2575676,-0.21991687,1.3417753,0.03756927,0.084207654,-0.18532176661804378,-0.2720447953441125,0.08672302872606874,5.158144,48.57256
0.39768752,0.40783715,-0.98077375,1.3388107,-1.3784612,0.93097353,0.20850699781691873,0.1701348845259103,0.038372113291008425,90.89063,38.737938
-0.41530794,-2.2918525,0.38032612,-1.4862901,0.79563403,0.8055624,0.14538157987153255,0.3964626850173203,0.25108110514578774,63.975742,38.123375
-0.74224645,-1.9055072,0.065728255,-1.1333055,0.8079747,0.77220166,0.5268393823069619,0.7641502003590119,0.23731081805205,61.157852,39.989765
0.048571967,2.0623896,0.023240674,2.185683,-0.025331292,0.1232934,-0.8374857940123892,-0.8636675297494885,0.026181735737099254,7.2070985,39.91741
0.7002716,1.2457035,0.08822643,1.9651442,-0.61204517,0.7194407,-0.5267062778575751,-0.8155550936592304,0.28884881580165533,50.971443,30.543655
1.0961645,-1.8570747,-0.27421492,3.0976253,-1.3703794,4.9547,-0.25480677899238113,-0.567959751822837,0.31315297283045584,97.775795,47.069294
0.5209182,1.2713258,-0.026060743,2.1482239,-0.54697895,0.87689805,-0.5089784617918625,-0.8311028257504771,0.32212436395861466,57.21041,35.068493
-0.6934839,-2.919898,-0.5652144,1.6193486,0.1282695,4.5392466,-0.13498149142951554,-0.2498603460841422,0.11487885465462666,76.67448,38.811954
-1.1728706,0.4140265,-1.0010531,-0.2412274,0.17181754,-0.6552539,0.5829846588044072,0.821540638268897,0.2385559794644898,19.612429,42.510956
0.4003364,-1.50889,-0.038347997,-1.386299,-0.4386844,0.12259102,0.36974367987832735,0.6887772497158644,0.31903356983753706,26.050833,34.875145
0.8244007,-1.0798168,0.424914,-2.5384626,-0.39948672,-1.4586458,0.21749468208207823,-0.42462977710377814,0.6421244591858564,68.16859,48.251823
-0.69298714,2.879172,-0.19824398,1.8354651,0.49474317,-1.043707,-0.33422612109208494,-0.6118315940616643,0.2776054729695794,59.653236,42.85526
0.10260348,-1.9928609,-0.46685454,-0.3781361,-0.569458,1.6147249,0.17202183191947285,0.965851195336171,0.7938293634166982,94.88221,38.871002
-1.4556059,-1.709377,-0.61285377,-0.10193887,0.8427521,1.6074382,0.507360175851539,0.8755773760700762,0.3682172002185372,55.392742,48.02243
0.634357,-0.3729465,0.24692255,-0.7003679,-0.38743442,-0.32742143,0.41229297789409536,0.7493895067253984,0.33709652883130303,27.823532,31.933998
-0.024488512,-0.53344226,-0.051138043,2.4575946,-0.026649531,2.991037,0.89113153368206,-0.8640777568685047,1.7552092905505647,170.34918,36.88199
-0.5865552,1.332916,-0.6723189,1.941864,-0.08576369,0.608948,-0.05783687625186307,-0.3153476176137904,0.2575107413619273,28.454178,35.036846
0.6310407,1.9896066,-0.29014763,-0.14816701,-0.92118835,-2.1377735,-0.9070751509723962,0.868392434581045,1.7754675855534412,125.75461,31.164799
0.3404041,-2.270359,-0.40593117,2.039178,-0.74633527,4.309537,-0.1758370269471783,-0.5611410269737842,0.3853040000266059,118.12213,46.254948
1.1448785,2.2049935,0.8498232,2.5264387,-0.29505533,0.32144523,-0.771912163613627,-0.9300600031242343,0.1581478395106073,19.469917,30.806828
0.48828545,2.1291935,0.26951274,2.4463382,-0.21877271,0.31714463,-0.9549875359062003,-0.978486902515602,0.023499366609401662,20.978943,34.358013
1.1074975,0.08057904,-0.16986054,1.797573,-1.277358,1.7169939,-0.12028908911710467,-0.6081858057548679,0.48789671663776324,102.43848,30.45645
0.53282833,2.3864949,0.44538456,2.4632385,-0.08744377,0.0767436,-0.9957798637907267,-0.9995101651677523,0.003730301377025569,6.3362656,45.48485
0.5177871,0.6474714,0.40592703,-2.0105193,-0.11186007,-2.6579907,-0.03512880526751516,0.007225654680917515,0.04235445994843268,120.75153,49.476715
-1.5334351,0.517498,-1.0113125,0.30982637,0.5221226,-0.20767164,0.4704484845649488,0.6504153593067574,0.1799668747418086,29.964321,48.398685
0.57241,1.3090508,0.45156276,2.0128767,-0.120847225,0.70382595,-0.5465219839675202,-0.9178642663222849,0.37134228235476474,35.612007,34.69417
0.12568133,-1.7737623,0.02119136,-1.2579453,-0.10448997,0.51581705,0.3413821201510272,0.7307810305878786,0.3893989104368514,30.061167,33.004715
0.9497337,-2.3503375,0.8624897,2.594445,-0.087243974,4.9447823,-0.4281413635559872,-0.9217957083285722,0.49365434477258496,45.18448,33.40925
0.6553199,1.3627126,0.108665936,1.940961,-0.546654,0.5782484,-0.5948911915733186,-0.8127713585073391,0.21788016693402046,43.43724,35.700924
1.28215,-1.4388167,-0.27789414,1.6936673,-1.5600442,3.132484,-0.2572193998153358,-0.48447344783542956,0.22725404802009375,122.4596,45.883877
0.68380976,1.268554,0.00225992,1.9215844,-0.68154985,0.6530304,-0.5388130542077567,-0.7597921282100271,0.22097907400227035,51.8951,49.617954
1.0020077,-1.9249883,-0.5983567,3.0184,-1.6003644,4.943388,-0.23650285345434696,-0.36812438910299194,0.13162153564864498,111.8827,38.775196
0.6094404,0.0447011,0.20804723,-1.4670405,-0.40139318,-1.5117416,0.2868663038215393,0.5144577970311102,0.22759149320957084,80.46895,44.06532
-0.79207116,-1.711526,-1.08993,-0.79715544,-0.2978589,0.9143706,0.6427563685415945,0.8143225221973527,0.17156615365575822,33.967186,33.528767
0.10701879,0.16608071,-0.8484248,0.11935239,-0.95544356,-0.04672832,0.5418586290823724,0.7567920731184237,0.2149334440360513,54.793217,39.21496
-0.13387604,-2.8938484,-0.3305123,1.9630277,-0.19663624,4.8568764,-0.4723297787616456,-0.5864373975715811,0.11410761880993547,79.72982,43.906513
-0.62882936,2.705005,-0.098713376,1.4262567,0.53011596,-1.2787483,-0.42920220313934365,-0.40025558677214956,0.02894661636719409,73.16142,44.499844
-0.7459253,0.107121706,-0.83931386,-0.10495461,-0.09338856,-0.2120763,0.7753888476838191,0.841776767060225,0.06638791937640587,10.051579,41.096382
-1.3317231,-1.2849141,-0.99947757,-0.13609354,0.33224553,1.1488206,0.6175777659097035,0.7987350381401743,0.18115727223047084,29.575321,49.568676
-0.6035489,2.079826,0.045679424,-1.1531975,0.64922833,-3.2330236,-0.41674950692811485,0.7662032264530976,1.1829527333812124,147.66652,30.77823
0.6470313,1.6711137,0.50466454,2.0565526,-0.14236677,0.38543892,-0.7713405120543979,-0.9342879963576589,0.162947484303261,20.175102,46.305
-0.032143645,2.5574396,-0.057850048,2.5880911,-0.025706403,0.03065157,-0.8700868119036045,-0.8544803861452621,0.015606425758342368,2.2905512,30.404448
-0.8466533,-1.1627283,-0.7312422,-0.52852005,0.1154111,0.63420826,0.8627907644730701,0.9608267108379298,0.09803594636485968,26.174458,30.52376
0.5919543,0.68101263,-0.26128307,1.712447,-0.8532374,1.0314344,-0.0967038412212986,-0.5058004011352155,0.4090965599139169,74.4786,45.74196
-0.034919444,1.0358393,0.84579235,-3.0168934,0.8807118,-4.0527325,-0.10565460642583346,-0.7549767229933879,0.6493221165675545,115.61266,36.639523
-0.0057055065,3.0458229,0.5829902,2.9348478,0.58869576,-0.11097503,-0.7424185945807307,-0.9153228508582174,0.17290425627748673,34.25603,36.696384
-0.8077843,-2.2744727,0.24261326,2.8902984,1.0503976,5.164771,0.31210171961061306,-0.8974819217882457,1.2095836413988588,83.13073,39.941036
0.75159615,-3.0771015,0.7640096,2.9115272,0.012413442,5.9886284,-0.7938843829537294,-0.8971219038723417,0.10323752091861227,12.257825,32.090225
-0.34985125,0.91737294,0.31929374,-2.8538544,0.669145,-3.7712274,0.1413173484909933,-0.6277719256048861,0.7690892740958795,145.94461,38.256268
-0.1304571,-1.529499,-0.012248815,-0.87866724,0.11820829,0.6508318,0.6364610477686607,0.8754363944974317,0.23897534672877097,37.7814,46.119843
0.96984696,-0.72243,0.6108165,-1.47773,-0.3590305,-0.75530005,0.12377283083889523,0.24149043387150426,0.11771760303260903,35.876507,45.830822
-1.0017245,-2.87856,-0.7435811,-0.1563752,0.25814337,2.722185,0.10195569561497209,0.8793056839240867,0.7773499883091146,77.99483,36.242558
-0.1361066,-0.61463237,-0.37625986,-1.2963431,-0.24015327,-0.6817107,0.9412486795412178,0.8392502774231652,0.10199840211805267,40.061413,42.705154
-0.88908905,0.07562375,-0.85919434,-0.12523718,0.02989471,-0.20086093,0.7664861518434423,0.8428359102824601,0.07634975843901781,7.57199,44.39515
0.96329623,-3.065281,0.78826207,-3.0474224,-0.17503417,0.017858505,-0.7480495896577459,-0.7764545295616512,0.028404939903905246,10.049819,44.29342
0.14280407,-2.1693215,1.4201647,2.4758606,1.2773607,4.645182,-0.0003475065952684986,-0.5865979328562307,0.5862504262609622,82.488075,38.025734
-0.97312033,-1.061481,-0.705171,-0.89194924,0.26794934,0.16953176,0.8416800356160206,0.9576551668419384,0.11597513122591785,16.630058,41.661514
-0.9207112,2.2771738,-0.36352527,0.52449393,0.55718595,-1.7526798,-0.16309672831267008,0.46642843014622315,0.6295251584588932,79.588234,42.0231
-0.35994315,-0.33190846,-0.4298453,-1.879557,-0.06990215,-1.5476485,0.9455052882899473,0.4783592400786141,0.4671460482113332,80.41718,38.42209
0.3993601,-1.7087457,0.2738483,-1.053119,-0.1255118,0.6556268,0.23879456869207072,0.6703641616367122,0.4315695929446415,36.076378,32.41185
1.3354272,0.14071345,0.3346489,2.826474,-1.0007782,2.6857605,-0.3033478934043854,-0.9369967207996872,0.6336488273953018,83.015144,39.809288
0.73294693,-0.47373867,0.0066249776,-0.598068,-0.72632194,-0.12432933,0.3408088626963526,0.8832242617421522,0.5424153990457996,42.107716,48.175743
0.9171407,-1.0492568,0.18077347,-1.3263311,-0.7363672,-0.27707434,0.138570776130992,0.6114512234927254,0.4728804473617334,44.102295,43.68846
1.368727,-0.94446826,1.1526878,-2.1498337,-0.21603918,-1.2053654,-0.27729554151121727,-0.3853085239532046,0.10801298244198732,22.424189,48.05282
0.6668765,2.0631635,0.5294968,2.3800979,-0.1373797,0.31693435,-0.925094054105438,-0.9955365928179951,0.07044253871255712,16.902115,39.34688
-0.019825922,1.5463474,0.045074593,2.0228248,0.06490052,0.47647738,-0.5271785036871368,-0.8214833694796129,0.29430486579247606,27.54526,39.730644
-0.31819594,1.5912259,-0.04953102,1.7565784,0.26866493,0.16535258,-0.395709130026508,-0.6489210502015039,0.25321192017499594,17.975765,48.617012
-0.38238037,1.4753149,-0.41215807,1.7721909,-0.029777706,0.29687607,-0.2786663023480549,-0.44072856763444257,0.16206226528638767,15.768047,49.604187
0.65708685,-1.1033711,0.010968636,-1.4563721,-0.6461182,-0.353001,0.35930879980627317,0.6242352182671412,0.26492641846086806,41.44351,47.0846
0.17796284,0.74352384,0.77336127,-1.3812,0.5953984,-2.124724,0.05380425083843576,0.16252895184686444,0.10872470100842868,104.28858,44.85502
-0.60017574,-2.530389,1.3201731,0.095589854,1.9203489,2.625979,0.05113997340293075,-0.2855540486932474,0.33669402209617816,136.4854,33.99762
0.7430658,-2.168207,0.854419,-2.3983278,0.11135322,-0.2301209,-0.26114007237451276,-0.43593227036131843,0.17479219798680568,11.169197,49.8164
0.36232898,1.6382787,0.78472507,2.8258502,0.4223961,1.1875715,-0.7227496897465495,-0.9132235797492942,0.19047389000274473,60.141212,37.133045
-1.2472125,1.0653422,-0.8765964,0.4293532,0.37061614,-0.63598895,0.387687248848148,0.6093685878604784,0.22168133901233045,26.832285,37.545578
0.38762465,-1.2657267,-0.8047167,0.20545784,-1.1923413,1.4711845,0.5088711661572152,0.7239861586636609,0.21511499250644572,102.037964,32.565647
-0.3963003,-0.12991309,0.04754124,-0.06764227,0.44384152,0.06227082,0.8791151701233981,0.7085132151460587,0.17060195497733943,25.66751,46.113487
0.886561,-2.7033513,0.82819325,-3.0979037,-0.05836773,-0.39455247,-0.6047203352946191,-0.7910996388801398,0.18637930358552068,15.103209,42.92944
0.05193422,2.0310276,0.24672817,2.2497542,0.19479394,0.21872663,-0.8274738519215248,-0.9531078805416531,0.1256340286201283,16.661592,45.408546
0.15454742,0.08297849,-0.629401,0.111523874,-0.7839484,0.028545387,0.5687516161200246,0.7786339315964197,0.20988231547639513,44.943333,46.46981
-0.037651613,-2.214146,0.73427165,-2.0701995,0.77192324,0.14394641,0.04301997720228812,-0.19362916768870697,0.2366491448909951,44.854633,49.197514
-0.20455535,-0.4176941,-0.50920635,0.07376502,-0.30465102,0.4914591,0.9352576470977905,0.7932955609774193,0.1419620861203712,31.486095,42.400307
0.08965326,1.2648613,-0.12591463,1.713493,-0.21556789,0.44863164,-0.3581834692759358,-0.5840992454685665,0.2259157761926307,28.46911,35.47092
0.19589908,2.1951754,-0.92605674,1.0087459,-1.1219559,-1.1864295,-0.9284340918637781,0.3075992677394854,1.2360333596032635,86.24615,30.925625
-1.0366979,-1.5316668,-0.2085697,-1.2638184,0.82812816,0.26784837,0.6899967355739809,0.816697128129773,0.12670039255579213,48.81463,44.518993
0.3771626,0.12504983,0.23070343,-1.4810566,-0.14645918,-1.6061064,0.40836560908384234,0.4925380544728486,0.08417244538900626,87.00431,44.724876
-0.6629822,-3.0211427,-0.21969809,1.8852555,0.44328415,4.9063983,-0.2094685417594535,-0.6237209891460953,0.4142524473866418,73.594536,47.297066
1.182039,-2.43508,0.97066474,-2.9607823,-0.21137428,-0.52570224,-0.48847386476716625,-0.7083769608746855,0.21990309610751924,18.406704,42.92585
1.2264066,-2.2165997,0.9788473,-2.7772865,-0.24755925,-0.5606868,-0.4235397957747802,-0.6328819602871061,0.2093421645123259,19.8357,43.53643
0.73865324,2.3615487,0.6323756,2.423121,-0.106277645,0.061572313,-0.9619565780269532,-0.9870712203143093,0.025114642287356048,6.6719437,49.790596
0.2189053,-1.0989497,0.01637775,-1.1096072,-0.20252755,-0.010657549,0.6902266702756101,0.7975067737905273,0.10728010351491712,11.619761,49.655796
0.5087601,3.1227567,0.73204136,2.9877257,0.22328126,-0.13503098,-0.8395356083630736,-0.880571907760249,0.041036299397175346,14.2425375,37.50168
-0.1509916,1.6582496,-0.08365781,1.8940846,0.067333795,0.23583496,-0.5362280893135085,-0.704833168110973,0.16860507879746445,13.960064,34.149025
0.18375482,-2.4511385,-0.15293995,1.7487948,-0.33669478,4.199933,-0.26418317808660063,-0.5902646082061018,0.3260814301195012,120.28317,38.137077
-0.2003829,2.0350106,-0.030836929,2.0881886,0.16954598,0.053178072,-0.6988769741910819,-0.8104644131582206,0.11158743896713874,10.173705,44.976524
1.5354489,-3.0014212,0.99715656,3.0593448,-0.53829235,6.060766,-0.47973793205744697,-0.7857855676603032,0.3060476356028562,30.894625,45.494595
0.20132853,0.36028814,0.27602667,-1.2189441,0.074698135,-1.5792322,0.3546417609379997,0.6055722256251279,0.2509304646871282,87.332115,36.486904
-0.82675064,-2.5839114,0.7493737,3.1067567,1.5761243,5.690668,0.13612382042376048,-0.8351178112037217,0.9712416316274822,95.15498,46.48131
-0.49529096,1.678973,0.14141998,1.6278416,0.63671094,-0.051131368,-0.33233370509554216,-0.6509789010595064,0.31864519596396423,36.590405,39.03196
0.39195025,1.5212066,0.87138635,-3.0285838,0.4794361,-4.5497904,-0.6541923884027976,-0.7553697338072594,0.10117734540446177,78.69705,30.617712
0.66110927,1.6267893,0.34007356,1.910627,-0.3210357,0.28383768,-0.7484109714225233,-0.8633922664197691,0.11498129499724574,23.19993,38.32226
0.015409007,-1.9894458,-0.42697072,-1.4622407,-0.4423797,0.5272051,0.21598235667804033,0.7592847189018537,0.5433023622238133,38.725067,48.664757
0.7781199,2.418144,0.5222346,2.508701,-0.2558853,0.0905571,-0.9539486399031301,-0.9983417850156542,0.044393145112524124,15.223221,48.976357
0.7058185,-2.0895553,-0.13285151,2.3814297,-0.83867,4.470985,-0.19387194548028042,-0.8167843308291705,0.62291238534889,105.44225,32.081936
0.6788963,2.2389243,0.6699668,2.2213564,-0.008929491,-0.017567873,-0.9612698424815456,-0.959999130033987,0.0012707124475586085,0.93795204,43.848576
-0.11686623,-0.16382623,-0.77869654,0.15751635,-0.6618303,0.3213426,0.8244278648179009,0.74897690182455,0.07545096299335086,41.176914,44.992695
-0.7307137,-1.4602984,-0.33102998,-1.070346,0.39968374,0.38995242,0.7727553808284457,0.923789871495071,0.15103449066662522,29.736832,46.288715
-0.21091151,2.5643713,0.20264387,2.2296102,0.41355538,-0.33476114,-0.7691360518207659,-0.9379370026568825,0.16880095083611657,30.398438,35.093822
-0.028845256,1.797807,0.55358756,2.1049316,0.5824328,0.3071246,-0.6823110089232989,-0.947396190980081,0.2650851820567821,37.312695,39.073242
0.13752052,-0.7174649,-0.16284397,-1.0395014,-0.3003645,-0.3220365,0.8166020743921969,0.8928541596441821,0.07625208525198524,25.17933,41.970013
0.38487378,-1.3192838,0.049430057,-1.2186308,-0.33544374,0.10065305,0.48516796491640424,0.7358164351923322,0.25064847027592796,20.019012,44.30497
-0.32503507,1.6069558,-0.2825916,1.8365352,0.042443454,0.22957945,-0.40163419185528415,-0.5604494603426886,0.15881526848740446,12.781293,33.45065
-0.59094507,2.3750417,-0.066583395,1.9154782,0.52436167,-0.4595635,-0.47933473952217653,-0.7237423489913564,0.24440760946917983,38.769073,46.00811
1.0804325,1.9950116,0.25029594,2.1343696,-0.8301366,0.13935804,-0.7767654424373429,-0.9267615341454984,0.14999609170815553,47.90579,38.270817
0.5323183,-2.2584882,0.43836084,3.0825853,-0.093957454,5.3410735,-0.24440369678060136,-0.8526030463401781,0.6081993495595768,47.606,37.43175
-0.9004164,-3.0023165,0.42443392,2.4401486,1.3248503,5.442465,-0.02083749868172058,-0.9983168518370036,0.977479353155283,86.8528,38.331055
-0.049269103,1.8467414,-0.019441595,2.2265506,0.029827507,0.37980914,-0.6985799405088251,-0.8536155430410306,0.1550356025322055,21.814701,44.014133
0.5496792,1.2445152,-0.08635803,2.0911913,-0.63603723,0.8466761,-0.4965504283951727,-0.7833619382317405,0.2868115098365678,58.82023,45.421646
1.1697007,-2.7729824,0.9380157,-2.9369192,-0.23168504,-0.16393685,-0.5974023633346413,-0.7057458599019832,0.10834349656734199,14.02616,33.841324
0.09022372,0.42065716,0.071765125,-1.4159931,-0.018458597,-1.8366503,0.36567679385006535,0.6195670204928936,0.25389022664282823,104.745766,45.862682
-0.8754557,-1.7722324,0.04226867,-1.0051613,0.9177244,0.7670711,0.6103236893220121,0.8198479302128128,0.20952424089080068,64.63559,30.640163
-0.45579734,-0.13160896,-0.5245775,-0.25369528,-0.068780154,-0.12208632,0.8859329410397256,0.9323938490127075,0.04646090797298186,7.319629,39.827343
-1.1243469,-3.0466447,0.22453195,-1.3238543,1.3488789,1.7227904,0.13729709193569217,0.5868947760154599,0.44959768407976775,105.34079,41.34325
0.3285005,1.2662194,-0.08656266,1.64746,-0.41506317,0.3812406,-0.4503568362660335,-0.5632624926998786,0.11290565643384509,32.07127,44.61846
0.14735092,0.9381411,0.56401014,-2.9728775,0.41665924,-3.9110186,-0.10220369740675395,-0.7457824338762533,0.6435787364694994,121.466,32.55293
0.9479687,0.7577512,1.4443425,1.9361901,0.49637377,1.1784389,-0.2996556616762369,-0.5513005088379996,0.2516448471617627,33.50091,34.920944
0.1551146,1.4562814,-0.22459394,1.88626,-0.37970853,0.4299786,-0.5356366010422722,-0.621211432944893,0.08557483190262083,32.743664,33.41516
-0.37148875,1.8204839,-0.1917402,1.9274187,0.17974855,0.106934786,-0.4934631661085884,-0.6601296215657335,0.1666664554571451,11.856922,42.681885
-0.01806262,2.0619032,0.5020551,1.9807894,0.5201177,-0.081113815,-0.8076062736329277,-0.9085679828437545,0.10096170921082681,30.131123,38.60396
-0.24205863,0.9867165,0.03525002,-1.5187258,0.27730864,-2.5054421,0.033811422671742974,0.5724512829338004,0.5386398602620575,142.0829,30.410234
-0.103676945,-2.4358275,0.8826509,-2.734199,0.9863279,-0.29837155,-0.1218157950327381,-0.6202571954701082,0.49844140043737006,58.40944,38.154236
0.7539318,-2.1008234,-0.37816706,-1.1639277,-1.1320989,0.9368957,-0.22189058225024816,0.8974017414890234,1.1192923237392716,81.45762,43.27274
0.4699554,-0.31591272,-0.304103,-1.490499,-0.7740584,-1.1745863,0.5349785492356638,0.7169169125779242,0.18193836334226043,78.88968,31.783058
-0.69116014,-2.5843709,0.41202095,1.8701744,1.1031811,4.454545,0.063070202033364,-0.8561347531080514,0.9192049551414154,115.80444,39.084896
-0.25554025,-0.588506,-0.25847358,-0.73906267,-0.0029333234,-0.15055668,0.9727265125015307,0.9744754928017514,0.0017489803002206372,8.34412,49.984955
-1.117956,1.2979224,0.53304005,-0.6990467,1.6509961,-1.996969,0.2609823647294265,0.532211672195281,0.2712293074658545,127.78573,44.939415
0.7789119,-0.8591049,0.14475131,-1.4623718,-0.6341606,-0.60326695,0.2994483383309028,0.5528566515397899,0.2534083132088871,47.057632,38.70432
-1.4885808,1.4081285,0.05720203,-1.334499,1.5457828,-2.7426276,0.42126752160803255,0.6735713767926401,0.2523038551846076,97.615654,45.475338
1.3489444,2.141485,0.9891348,2.2899096,-0.35980964,0.14842463,-0.6323355141022176,-0.863490338394783,0.2311548242925654,20.830793,37.464146
-0.2743389,-1.1308835,-0.16064489,-0.8899779,0.11369401,0.24090558,0.8913247988598325,0.9299262736043925,0.038601474744559994,14.960512,40.036106
0.017697066,2.0349314,0.22639154,2.1049666,0.20869447,0.07003522,-0.8142136962164308,-0.9121292447750466,0.09791554855861584,12.600819,41.431225
0.10370295,-0.50335765,0.10939515,2.4403281,0.005692199,2.9436858,0.8239086252840799,-0.9331005956362013,1.7570092209202812,163.35173,32.422325
-0.036325812,-0.025681019,-0.42646098,-0.11368392,-0.39013517,-0.0880029,0.7254671377916033,0.8757381570914133,0.15027101929981002,22.877684,48.580772
-0.45462778,-2.2234895,0.25145406,-1.5555348,0.70608187,0.6679547,0.21701257741693425,0.4322799511751504,0.21526737375821614,54.977238,39.42746
-0.045417544,-1.4502752,-0.22890148,-1.0170985,-0.18348393,0.43317664,0.6532762340917464,0.9186468058635704,0.265370571771824,26.70236,32.552208
1.0181364,-2.227102,-0.43685555,-0.36304224,-1.4549919,1.8640598,-0.3826897143719261,0.9610075237129028,1.3436972380848289,119.841866,43.37896
0.86205465,0.6897061,0.5012087,2.8032975,-0.36084592,2.1135914,-0.22816403883917502,-0.9565986310042085,0.7284345921650335,85.99012,34.866394
0.306028,-1.6769272,-0.020740425,-1.638922,-0.32676843,0.038005233,0.31650274982731297,0.5143186410080591,0.19781589118074616,18.844946,47.126713
-0.6176429,-1.5591743,-0.22380684,-1.1814867,0.39383602,0.37768757,0.7233060514115845,0.8584068062955321,0.13510075488394757,29.839998,43.390797
0.11924228,1.0300915,-0.46239847,2.843233,-0.5816407,1.8131416,-0.17037737820901455,-0.5359156828567553,0.36553830464774073,105.44545,44.582363
1.326055,1.8296092,0.9484553,2.5907404,-0.37759978,0.7611313,-0.6175410940291921,-0.8867354804496141,0.26919438642042204,27.054358,32.303795
-0.94654775,-2.2687669,-1.5027437,-1.1326694,-0.556196,1.1360974,0.35866801681691385,0.511508996624518,0.15284097980760414,34.28329,32.918907
1.1413702,2.274947,0.67750114,2.1304047,-0.46386904,-0.14454222,-0.7798650001258434,-0.9404436028970817,0.16057860277123837,27.007708,45.773563
-0.29575914,-1.8907359,0.101091206,-1.161106,0.39685035,0.7296299,0.4270633018954584,0.7344130236981847,0.30734972180272635,47.156284,32.05399
-1.2901112,-1.6751909,-0.9472013,0.23391336,0.34290987,1.9091043,0.5729176912612164,0.6921896253936515,0.11927193413243509,43.420593,33.380043
-0.79805833,-2.85856,-0.3784862,0.52811414,0.41957214,3.3866742,-0.029926757874449095,0.46827436564229075,0.49820112351673984,111.39115,47.31923
-0.2270752,0.49168015,-0.25967744,-1.7764348,-0.032602236,-2.268115,0.44578729986079146,0.5041997306984509,0.05841243083765946,123.15434,32.153214
1.2998521,-1.6676255,0.3721476,2.6623197,-0.9277046,4.329945,-0.3122383599265397,-0.9792033067901009,0.6669649468635612,75.08962,48.158947
-0.14431208,1.7169001,-0.042840157,2.1518736,0.10147193,0.43497348,-0.5761908615441858,-0.8239447723354001,0.24775391079121434,25.472763,34.993572
-0.58101064,-1.613834,-0.35200644,-1.1700895,0.2290042,0.44374454,0.6888860918419568,0.8910773057285493,0.20219121388659245,26.116667,44.00138
-1.0780461,-0.2761941,-0.99751157,-0.56690264,0.08053452,-0.29070854,0.7917424153608064,0.8645004281318514,0.07275801277104499,9.601033,49.582306
0.4651531,1.9372389,0.18688521,2.216816,-0.2782679,0.27957702,-0.8901648105254232,-0.9307614794407932,0.04059666891537006,21.96163,48.776375
-0.12412929,0.6972842,-0.15892458,-0.6892161,-0.03479529,-1.3865004,0.23295625679031673,0.949956977435571,0.7170007206452542,78.512924,37.34558
-1.3087276,2.2965586,0.4212958,-1.0558356,1.7300234,-3.352394,0.21594579696549498,0.5646475233263661,0.34870172636087116,128.76826,41.069763
0.7149687,0.39700627,-0.9320207,0.3598638,-1.6469893,-0.037142485,0.02203811792652388,0.6398134064637988,0.6177752885372749,94.38338,48.042862
0.45957437,-1.127986,0.10942481,-1.050287,-0.35014957,0.077698946,0.5119210545148363,0.7710135965268003,0.2590925420119641,20.506313,49.565407
0.16121174,2.0371492,-0.32655782,2.6546817,-0.48776954,0.6175325,-0.8701742295777333,-0.6802748772043294,0.18989935237340383,44.706573,33.082188
0.15469076,-0.87123895,-0.22282884,-1.01146,-0.3775196,-0.140221,0.79018008849091,0.9187098819732498,0.12852979348233973,23.0558,39.118084
-0.49340427,1.3782389,-0.6696667,2.5993412,-0.17626244,1.2211022,-0.14419035999630836,-0.40634539951525106,0.2621550395189427,57.956078,47.70183
-0.62791705,0.57071686,-0.9820134,0.2896583,-0.35409635,-0.28105855,0.5008075192149697,0.66348201060742,0.16267449139245027,23.026196,39.241653
-0.28499037,1.6786144,-0.10619673,1.8660504,0.17879364,0.18743598,-0.4710405835724396,-0.6791884183232266,0.20814783475078702,14.682454,42.422905
-0.32539538,-0.87364936,0.16046701,-0.70350474,0.48586237,0.17014462,0.9716453058315864,0.803642312343408,0.16800299348817838,29.452185,43.766663
-0.43717048,2.68308,-0.018825147,2.1193485,0.41834533,-0.56373143,-0.5927219349660433,-0.826109935442511,0.23338800047646768,39.321136,49.87013
-0.045672677,2.753473,0.33418104,1.9200166,0.37985373,-0.8334564,-0.8312512389939268,-0.8664586586116894,0.035207419617762525,51.721077,41.378155
-0.7566178,-1.9095013,0.043813705,-1.2682269,0.8004315,0.64127445,0.5263429398758213,0.7147871537445742,0.18844421386875299,56.490623,41.326042
-0.40119505,-1.2207462,-0.33878115,-0.9901671,0.0624139,0.23057908,0.8772184565354557,0.9485951112234687,0.07137665468801302,12.8196125,48.286293
0.21026823,-0.8947487,0.066084005,-1.0333427,-0.14418423,-0.13859403,0.7520704660046746,0.7993673488581257,0.04729688285345102,11.40142,37.405643
0.34174216,-1.4669107,-0.03540072,-1.4385432,-0.37714288,0.02836752,0.43301429543581627,0.6562132780507484,0.2231989826149321,21.667545,35.178062
-0.499052,-2.8754182,0.55018926,3.066762,1.0492413,5.94218,-0.24175608916690194,-0.8659974201381142,0.6242413309712123,62.92658,39.856422
-0.37379134,-2.668354,-0.082813464,1.5503485,0.29097787,4.2187023,-0.17389307044727254,-0.4994346891908542,0.3255416187435817,114.16951,40.40919
-0.7180156,-2.8170738,-0.2758182,2.3921213,0.4421974,5.209195,-0.06179225458040527,-0.7277546197873903,0.665962365206985,58.362186,30.643822
-0.77469707,0.88900733,-0.5610596,0.5536789,0.21363747,-0.33532846,0.3266553466996456,0.49823415022160233,0.17157880352195676,19.340878,43.278053
0.9224425,3.0842369,0.87572914,2.448066,-0.046713352,-0.63617086,-0.8037483981828528,-0.9211260736289297,0.11737767544607691,22.59363,45.281593
0.28411385,0.4586854,-0.068513304,-1.7068505,-0.35262716,-2.165536,0.23467552182628815,0.4844311881436143,0.24975566631732615,123.76302,48.266003
-0.89390737,-1.2836457,-0.17362466,-1.0076002,0.7202827,0.27604556,0.8132240215057189,0.9058354295312991,0.09261140802558021,43.259125,32.303684
-0.18431854,-2.2263956,0.19046685,-1.6679401,0.3747854,0.55845547,0.09866456794374834,0.38795589442533096,0.2892913264815826,38.377716,42.40691
-0.48716852,2.4582684,-0.121175334,1.8294297,0.3659932,-0.62883866,-0.5706906097727398,-0.652312855344575,0.08162224557183517,40.00631,46.8416
0.54787046,0.06765771,0.3217883,-1.465506,-0.22608215,-1.5331637,0.3214503145847556,0.4465539338800224,0.1251036192952668,78.74354,30.710323
0.7379189,2.248709,0.42673936,2.092548,-0.31117955,-0.15616107,-0.9500294700941119,-0.9420551484547168,0.007974321639395043,19.304085,48.561466
-1.060401,0.1417439,-0.9967522,0.018656781,0.06364876,-0.123087116,0.6980629498696458,0.7568439021080686,0.058780952238422834,5.14685,39.562023
0.37265027,-1.4238417,0.04410776,-1.4220489,-0.3285425,0.0017927885,0.43790339141627754,0.6296198891342772,0.1917164977179997,18.824368,31.199722
-1.0732695,1.6186202,0.3969089,1.7839634,1.4701784,0.16534328,0.12311106817691508,-0.8118225974640394,0.9349336656409545,84.5806,41.749435
-0.3746329,-0.7955334,-0.0135251405,-0.9161657,0.36110777,-0.12063229,0.9885781644683611,0.8685712667350065,0.1200068977333546,21.760221,38.252937
-0.37681875,-2.1460786,-0.05635085,-0.082464285,0.3204679,2.0636144,0.24878431536770051,0.7631806092210032,0.5143962938533027,114.73958,48.468952
0.58353835,-1.8860388,-0.5601139,0.78043205,-1.1436522,2.6664708,0.006685582566259285,0.33219429773899023,0.32550871517273094,157.13403,46.49918
-0.48596773,3.0529354,-0.000976604,1.9085617,0.48499113,-1.1443737,-0.4416090366195622,-0.7522196852980061,0.3106106486784439,68.51945,30.969864
-0.835057,-2.4960055,-0.93768144,0.72799206,-0.10262442,3.2239976,0.19063682329868392,0.4587670690351384,0.2681302457364545,78.350746,42.177773
-0.795237,2.8166592,-0.28779438,2.048921,0.5074426,-0.7677381,-0.257708586251721,-0.6478909349914979,0.39018234873977686,46.711414,46.85874
-0.13028505,-0.7429526,-0.2117038,-0.78377986,-0.08141875,-0.040827274,0.9385630532534321,0.9598307069501626,0.02126765369673045,5.203114,41.955658
0.81100535,-1.381216,0.20293823,-1.6806127,-0.60806715,-0.29939663,0.13232522008481418,0.3718767006503523,0.2395514805655381,37.745064,49.580906
-0.15139785,-0.3857124,-0.20114687,-1.1433605,-0.049749017,-0.7576481,0.9118574743441457,0.8675869014958497,0.04427057284829594,42.794235,44.752815
-0.32094097,-0.43562698,0.09306442,-1.2794368,0.4140054,-0.84380984,0.9644455752484671,0.6841743729243,0.28027120232416713,53.227444,37.702675
0.23663385,2.8582418,0.50552624,2.644877,0.2688924,-0.21336484,-0.9068833669496801,-0.9876067645347391,0.08072339758505898,19.129753,39.05446
-1.3006005,1.9022658,0.3646508,-1.7316557,1.6652513,-3.6339216,0.24169000500169657,0.2429359874739836,0.0012459824722870216,124.293846,31.084227
0.93173933,1.8902724,0.5660647,2.1348896,-0.36567461,0.24461722,-0.8116500918371701,-0.9544315932590592,0.14278150142188917,23.23473,42.152103
-0.58695817,-0.92509794,0.067808636,-1.1572555,0.6547668,-0.23215759,0.970367599218946,0.7534156036904953,0.21695199552845068,39.564888,43.614716
0.5052162,-2.7633424,0.734249,-3.0559866,0.22903281,-0.29264426,-0.6084252592861041,-0.7862819899053068,0.1778567306192027,18.867567,31.555979
0.36996126,-0.48922276,-0.21361563,-1.0900947,-0.5835769,-0.6008719,0.6489874242068847,0.8910325917286599,0.24204516752177518,47.5534,48.772026
0.16509373,2.5598795,-0.46324697,2.3936899,-0.6283407,-0.16618967,-0.9483888387212538,-0.5879480936692403,0.3604407450520135,37.170048,38.072006
-1.4084057,-2.501799,-0.43729118,0.20762256,0.9711145,2.7094216,0.4156445851053232,0.7071197168701122,0.291475131764789,73.44609,32.12003
0.1030421,1.6128099,0.61203897,2.7817285,0.50899684,1.1689186,-0.626315539301129,-0.9555616561872977,0.32924611688616867,67.81835,38.914745
0.67092973,0.90752816,0.0820412,1.655912,-0.5888885,0.7483839,-0.29134135597885447,-0.6461547411339641,0.35481338515510963,51.466545,46.02745
-0.8673111,0.1786058,-0.9697908,-0.46078536,-0.102479696,-0.6393912,0.7285997333265257,0.8694419803101106,0.14084224698358483,22.706448,41.380585
-0.28196037,0.68447566,0.15037294,-0.7027777,0.4323333,-1.3872533,0.3088039069267232,0.8096215334770225,0.5008176265502993,82.43525,36.34201
0.41857627,-2.7148457,-1.0418303,0.1293792,-1.4604065,2.844225,-0.5552988267495831,0.7076783746431401,1.2629772013927232,142.3491,37.546444
-1.1253304,-0.82101417,-0.059311267,-0.8630922,1.0660192,-0.04207802,0.7924010122511884,0.8982559645389889,0.10585495228780051,61.10332,34.522537
-0.21193884,3.0621235,0.69440323,2.9661343,0.9063421,-0.09598923,-0.6241255826746119,-0.8937006770892459,0.269575094414634,52.180836,31.095007
-1.2918797,0.87832665,-0.90853584,0.38383237,0.38334382,-0.4944943,0.445629424635098,0.6304887289333889,0.1848593042982909,24.886997,42.099747
0.6326276,0.34104753,0.6866819,1.7283015,0.05405432,1.387254,0.10808252163869803,-0.7977533549174463,0.9058358765561443,60.746155,49.71486
0.15605195,-0.8149955,-0.01996872,-0.97673017,-0.17602067,-0.16173464,0.7977695310057662,0.8568680905925452,0.05909855958677901,13.67342,38.431206
-0.7082852,0.47764444,-0.87731814,0.19064452,-0.16903293,-0.28699994,0.5739344295915583,0.7218901981863657,0.1479557685948074,15.007745,36.411682
-0.6193116,0.22467017,-0.8931773,-0.34238255,-0.2738657,-0.5670527,0.7176284613727661,0.8842662674949198,0.16663780612215362,28.01404,49.442123
0.9666082,2.1669605,-0.08232497,-2.443379,-1.0489331,-4.610339,-0.8592621830756286,-0.13845883477445842,0.7208033483011702,97.201035,37.615997
-1.4516232,0.3252735,0.021408733,-1.1485875,1.4730319,-1.473861,0.5124745110234388,0.7798506104546874,0.2673760994312486,90.55871,31.062847
-0.9417279,1.9306667,-0.6262061,2.51524,0.31552178,0.58457327,-0.07822889001279876,-0.4506672034314416,0.37243831341864286,29.370157,39.703644
-0.6754344,2.981624,0.8251056,3.051766,1.50054,0.07014203,-0.3178966555225107,-0.8403049069782205,0.5224082514557098,86.04939,35.41532
-1.3630875,2.3528216,0.28040096,-0.5770006,1.6434885,-2.9298222,0.26654022412254186,0.7232769355196638,0.4567367113971219,117.679825,47.37765
0.32780552,-1.9523512,0.84444165,2.0363047,0.51663613,3.988656,0.093656596345296,-0.8785154054301731,0.9721720017754691,100.11765,43.682438
-1.3588523,2.609718,-0.60640115,0.5392006,0.7524511,-2.0705175,0.26305594795928,0.5179960667710457,0.2549401188117657,61.68407,48.056686
-0.029185027,-2.7896063,-0.6153859,-2.3282554,-0.58620083,0.46135092,-0.44825996214232333,0.2029584211766995,0.6512183833190228,41.607094,41.095676
0.25118452,2.7519085,0.8390812,-3.0334535,0.5878967,-5.7853622,-0.9406198925742935,-0.7630159028337435,0.17760398974054992,41.100555,47.25724
-0.4691536,1.7632816,-0.24369326,0.6339425,0.22546035,-1.1293391,-0.3959779378232371,0.33607864348639716,0.7320565813096342,61.384655,37.30383
-0.95308405,0.32140827,-0.12382232,-1.136876,0.8292617,-1.4582843,0.6545131143673748,0.8450975021309235,0.1905843877635487,80.490486,31.654222
-1.4085577,2.188666,0.4725023,2.083106,1.8810599,-0.105560064,0.31446435166428355,-0.9417303320647505,1.256194683729034,107.82497,33.24568
0.3147395,0.058903694,-0.0023428723,-0.97907954,-0.31708238,-1.0379832,0.4870994235809263,0.8483272006075615,0.3612277770266352,61.16561,43.77191
0.44034535,2.9183223,-0.6982544,-0.008811392,-1.1385998,-2.9271338,-0.9196376160061304,0.8310060991032892,1.7506437151094194,161.9992,35.632282
-0.15698665,2.722369,0.0020383396,2.2217367,0.159025,-0.5006323,-0.7781571612913254,-0.8625851381631352,0.0844279768718098,29.983347,30.974442
-0.37617868,-2.2134426,0.17272688,-1.6102382,0.54890555,0.60320437,0.19297185738492928,0.43907609314115126,0.24610423575622198,46.25891,41.96188
0.55879426,1.839494,0.53523517,2.1193728,-0.023559093,0.27987885,-0.8520493046535407,-0.9519509865385096,0.09990168188496895,13.749521,35.78843
0.6350932,0.61708546,0.3086457,2.007897,-0.32644752,1.3908114,-0.07331919501024942,-0.8974740020526024,0.824154807042353,71.4875,31.065083
0.47573823,-2.7058754,1.020208,3.0332928,0.5444698,5.739168,-0.5626162193682109,-0.7836241967746187,0.22100797740640776,37.976814,49.095272
0.7269188,-0.08966446,0.6590104,1.8581966,-0.067908406,1.9478611,0.24984030909724675,-0.8562041782674319,1.1060444873646786,79.08062,47.622395
0.46667168,-1.0528378,0.09051614,-1.1164252,-0.37615553,-0.06358731,0.5306886331837006,0.757814212234635,0.22712557905093433,21.830761,42.699932
0.5999797,1.1234462,-0.052028477,1.7951337,-0.6520082,0.6716875,-0.4225001297445594,-0.6695615201934499,0.24706139044889053,51.988365,30.865643
-0.1265923,-1.0989194,-0.079672895,-0.953412,0.046919398,0.1455074,0.8605023597711892,0.8876400272079037,0.02713766743671453,8.716701,35.99283
-1.3456074,-0.8899965,-0.9902917,-0.67295355,0.3553157,0.21704298,0.6406164227472182,0.8707514359041184,0.23013501315690021,20.826145,49.67077
-0.6818286,2.074004,0.37330553,1.8076954,1.0551342,-0.26630855,-0.3479297885001582,-0.8201433757239585,0.47221358722380025,62.119667,35.54176
1.0215458,-1.257564,-0.8071377,1.6378942,-1.8286835,2.8954582,-0.004240551824445937,-0.08305963648517678,0.07881908466073084,165.06561,38.06733
-0.5695586,-1.8608903,0.0725466,-1.2076159,0.6421052,0.6532744,0.5263981564396367,0.7291953902144934,0.2027972337748567,51.105026,35.258003
0.39752358,-0.23391104,0.051853668,-1.1746275,-0.34566993,-0.9407165,0.564447673713107,0.7541619218720337,0.18971424815892668,55.76424,42.271805
0.64833,1.3356302,-0.087225,1.9971582,-0.735555,0.661528,-0.5767626631923797,-0.7485856254871734,0.17182296229479377,54.973553,44.824245
-0.841755,3.070351,1.2667701,3.0622973,2.108525,-0.008053541,-0.1463506073655063,-0.6580229545577196,0.5116723471922133,120.81003,48.577755
-0.16857325,2.6831958,-0.033934616,2.188001,0.13463864,-0.4951949,-0.77924273282194,-0.8377737061525012,0.05853097333056123,29.238176,44.433746
0.55832475,-0.80272055,-0.0055726073,-1.3960571,-0.5638974,-0.5933366,0.5045187841928076,0.6685292362987603,0.16401045210595266,45.555683,44.176785
0.16303645,-0.873487,-0.13159405,-0.9937497,-0.2946305,-0.12026268,0.7848605786997283,0.8960895837941347,0.11122900509440647,18.223442,39.65911
-0.7474407,-0.48752427,-0.53081214,-0.5290014,0.21662855,-0.041477144,0.9523422711320162,0.9906477572267764,0.038305486094760255,12.556095,41.21451
-0.25801426,0.81986785,-0.5035294,-0.29412684,-0.24551517,-1.1139947,0.1844152311564322,0.9446058883329442,0.760190657176512,60.220245,33.948795
-0.23879302,0.73483825,0.3918204,-1.2990861,0.63061345,-2.0339243,0.24906863468095253,0.49022024137775233,0.2411516066967998,119.439224,35.301243
-0.80584544,1.41797,0.706589,-0.14273077,1.5124345,-1.5607007,0.025159423631456512,0.2857123087238964,0.2605528850924399,117.58457,41.98416
0.3785261,-0.5975263,0.04465167,-1.0188891,-0.33387443,-0.42136276,0.6540958115958446,0.8146088576304518,0.16051304603460714,30.278477,40.20394
0.6844991,-1.2524608,0.19340645,-1.2410736,-0.49109262,0.011387229,0.28603915543270375,0.6467697505462677,0.360730595113564,28.143522,42.16564
0.82395697,0.6884444,1.4877992,1.174765,0.6638422,0.4863206,-0.21056337246923107,-0.47694973592227563,0.26638636345304456,38.638493,44.83924
0.6977204,-2.5580752,0.641953,2.4410934,-0.055767417,4.9991684,-0.5054700929428666,-0.98601654149277,0.48054644854990336,56.061832,41.87858
0.077093296,2.4920561,0.11378457,2.360255,0.03669127,-0.13180113,-0.9211684699491833,-0.9297970653359284,0.008628595386745097,7.8052444,48.31558
0.43192613,3.1207535,0.67721325,3.0703695,0.24528712,-0.050384045,-0.8336905304313263,-0.8584492670883626,0.024758736657036207,14.264273,47.91019
1.1036091,1.117347,0.95341456,-2.9224434,-0.15019453,-4.03979,-0.49622604627478406,-0.6970200222331808,0.20079397595839676,55.557327,46.2025
-1.3690974,-2.061549,-0.98080504,0.1260211,0.3882923,2.18757,0.48129011136793487,0.7259863566217608,0.24469624525382594,41.44139,41.052765
-0.44518512,1.9988964,-0.16860145,2.0806427,0.27658367,0.08174634,-0.517603722386685,-0.7338853770356888,0.21628165464900384,16.458992,42.073376
-0.91552097,0.16699195,-0.81188476,-0.022980774,0.103636205,-0.18997273,0.7252173391173087,0.8197131497296627,0.09449581061235401,9.216353,39.26737
-0.42829838,-2.745509,0.40031475,-3.0967066,0.82861316,-0.35119772,-0.19886521387207878,-0.7954634387168242,0.5965982248447455,51.335186,31.441149
0.37115434,-0.28473067,0.07544344,-1.0845215,-0.2957109,-0.79979086,0.600502359123297,0.7774398264736426,0.17693746735034566,47.55386,48.567326
-0.0007821322,-2.7079754,0.43416953,-2.7519357,0.43495166,-0.043960333,-0.398022791700944,-0.5855840613603522,0.18756126965940823,25.03982,42.784897
0.7441966,-1.117975,0.3316749,-1.3836515,-0.4125217,-0.2656765,0.2794075318528879,0.4872655939666162,0.20785806211372826,26.911098,31.116968
-0.011553902,-1.0196254,-0.09542432,-0.87901384,-0.08387041,0.14061159,0.8409229397044982,0.9095449577371095,0.06862201803261136,9.368777,48.975662
-0.90188444,0.94075465,0.356046,-0.86550397,1.2579304,-1.8062587,0.33631620287341946,0.657710706372356,0.3213945034989365,114.14527,43.68815
0.8090972,1.5063441,0.49528375,1.9533393,-0.31381342,0.44699526,-0.6820701855217521,-0.8980524427666801,0.21598225724492792,26.937134,34.26307
0.14807224,-2.1554067,0.029279057,-2.0351155,-0.11879319,0.12029123,0.009404102247454915,0.17006572790891195,0.16066162566145703,9.664342,49.682026
-1.3621042,-2.0353513,1.0062194,-2.9945683,2.3683236,-0.9592171,0.486468315698215,-0.7119107145813439,1.198379030279559,139.71492,31.18834
0.37007225,2.9248626,0.2560014,2.8966541,-0.11407083,-0.028208494,-0.9098429910913968,-0.8985009307958061,0.011342060295590706,6.7139626,31.012796
0.34864828,-2.8354137,0.60351384,-3.113763,0.25486556,-0.2783494,-0.6228817337684269,-0.8197454501917996,0.19686371642337264,20.295937,37.890717
-0.5564611,0.6339216,1.0566047,2.9497523,1.6130658,2.3158307,0.43942741312111266,-0.7867530703518777,1.2261804834729904,137.99069,42.48515
0.8337088,-0.19617844,0.40885127,-1.8154075,-0.42485756,-1.6192291,0.1914604014474124,0.15603342275289922,0.03542697869451317,74.66256,33.077457
-0.19775975,3.0147512,-0.105352946,2.023255,0.0924068,-0.9914961,-0.6548623473403108,-0.7491534144859937,0.09429106714568292,56.326946,33.045567
0.52029115,0.33245802,-0.04050916,2.3671522,-0.5608003,2.0346942,0.18561144026792853,-0.8648155559939608,1.0504269962618893,114.08205,33.769512
-1.3438698,-0.4289236,-0.92261195,-0.4835912,0.42125785,-0.054667592,0.6407283114477131,0.8924804348092827,0.2517521233615696,24.164703,49.23824
1.1540129,-1.5835007,-0.64560586,2.9858744,-1.7996187,4.569375,-0.198694226955343,-0.34138474011270237,0.14269051315735937,126.6026,38.614773
-0.88456535,-1.26452,-0.6424646,-1.230162,0.24210078,0.034358025,0.8219024813618416,0.8783605419489042,0.0564580605870626,13.942727,31.088799
-0.085626654,1.8363397,-0.015756762,1.9967992,0.06986989,0.16045952,-0.6747732370254607,-0.7840639871101207,0.10929075008466005,10.014884,34.316555
-0.26704285,-1.5862153,-0.009921267,-1.2204432,0.2571216,0.365772,0.6444811696370369,0.7630675317196971,0.11858636208266016,25.401808,33.959476
1.0637921,-1.8844756,0.83700997,-2.7942834,-0.22678214,-0.9098078,-0.24927123177396648,-0.6521063535751921,0.4028351218012256,31.913757,30.652529
-0.32970983,-2.7608514,-0.26026088,1.9027804,0.06944895,4.663632,-0.2676981174151134,-0.6066997600894091,0.33900164267429567,87.77886,49.54006
0.121380016,-0.18734312,-0.6166024,-0.9617411,-0.73798245,-0.77439797,0.724938925626283,0.9600158574417339,0.23507693181545086,59.40983,43.62296
-0.4626009,1.7455366,-0.21996456,1.7338889,0.24263632,-0.011647701,-0.3914017998367507,-0.543179221794019,0.1517774219572683,13.9161825,38.65335
0.92929876,-0.9006183,-0.8858714,0.62129927,-1.8151702,1.5219176,0.1507286495725424,0.508860639045599,0.3581319894730566,127.01378,35.114838
-0.5213022,-2.8662665,1.1732619,-2.3241792,1.6945641,0.5420873,-0.22143988803912418,-0.4505233654142078,0.2290834773750836,99.87988,46.091198
0.6083798,-1.4937528,-0.18082598,-1.0609372,-0.7892058,0.43281567,0.2347748710899782,0.8915120140465511,0.6567371429565729,50.951614,41.27455
-1.0562158,-2.4109397,-1.3915225,1.1329664,-0.33530676,3.5439062,0.3260154461447424,0.4142515739631407,0.08823612781839829,39.12293,48.138283
0.8253391,-0.7889111,0.34415704,-1.2968554,-0.48118204,-0.50794435,0.26190301903790747,0.52403982665607,0.2621368076181625,36.309383,34.177742
0.5293658,2.9839842,-0.2742246,-3.052435,-0.8035904,-6.036419,-0.8991838051558005,-0.4950761450836789,0.4041076600721216,48.01337,33.450302
-0.60384184,1.3909633,0.76374835,1.1601995,1.3675902,-0.2307638,-0.08562891632949299,-0.4831748683440278,0.3975459520145348,79.27759,44.034706
-1.1564579,-0.4100752,-0.8788877,-0.6537777,0.2775702,-0.24370253,0.7651887654368137,0.9199224848804697,0.154733719443656,17.42027,39.36501
-1.2576636,-1.9833634,-0.13529736,-0.7998751,1.1223662,1.1834884,0.5064604815889533,0.9352960556199541,0.4288355740310008,75.90037,33.640438
1.0179191,1.7655642,0.7017799,2.220468,-0.31613916,0.45490384,-0.7459816178369745,-0.9537776441964194,0.20779602635944494,24.54188,44.279068
-0.55164266,-2.0823383,0.06365912,-1.7335852,0.6153018,0.3487531,0.36145724544235946,0.4034874293915589,0.04203018394919944,40.054516,36.958965
0.8067415,-2.6032934,0.9704558,-2.875596,0.16371435,-0.27230263,-0.5476817411012487,-0.6750443825389532,0.12736264143770448,13.534863,46.333862
0.0018413077,-1.120949,-0.039989397,-0.9530107,-0.041830704,0.16793835,0.7999570570361492,0.871606570562165,0.07164951352601578,9.913754,39.66889
-0.8755995,2.3916314,-0.48882887,2.2027383,0.38677064,-0.18889308,-0.21551431771140805,-0.5416762801658805,0.3261619624544725,23.641434,41.816895
0.506474,-1.0798752,-0.39679298,2.486362,-0.903267,3.5662372,0.49113817706567886,-0.6423976123239541,1.133535789389633,157.27359,30.65263
-0.19138575,-0.17137337,-0.71599895,-0.5200326,-0.5246132,-0.34865922,0.8524828571188685,0.9636271353288528,0.11114427820998429,34.819668,30.832582
-1.0049936,-0.9014149,-0.75859374,-0.91345704,0.24639982,-0.012042165,0.8509846562533063,0.9417414370813475,0.09075678082804117,14.12429,43.943573
-0.06193078,0.75501704,0.2886861,2.6842155,0.35061687,1.9291985,0.15515094586001865,-0.9628537410411262,1.1180046869011449,110.6855,32.86387
-0.73259896,-3.0501478,1.0613444,-2.3414795,1.7939434,0.70866823,-0.1705779367110578,-0.44275814900699295,0.27218021229593514,107.9747,46.55479
0.5602284,0.06370807,-0.5463617,0.25092882,-1.10659,0.18722075,0.3143663235065517,0.6962290025018802,0.38186267899532855,64.21058,36.23659
-0.33526966,-0.30340314,-0.7001204,-0.014763902,-0.36485073,0.28863925,0.9336033561749186,0.83330234077393,0.10030101540098868,25.270584,42.410583
-0.8918599,-1.6849322,-0.057640098,-1.2107524,0.8342198,0.47417986,0.6523791268661672,0.7881506369368854,0.1357715100707182,52.944668,40.2362
0.39752164,-0.9580591,0.043042634,-1.1398807,-0.354479,-0.18182158,0.6087443474271055,0.7729018937602037,0.1641575463330982,22.684433,47.926025
0.71343976,1.8074319,0.7706828,2.1916308,0.05724305,0.3841989,-0.8301327302014769,-0.9325493060026879,0.102416575801211,16.500767,39.488224
1.0878202,1.1956899,0.99537456,3.1306427,-0.09244561,1.9349527,-0.5268816699377927,-0.766253571037639,0.2393719010998463,49.232826,30.623217
0.52627194,3.057081,0.70449525,2.7964087,0.17822331,-0.26067233,-0.8697471399260412,-0.9381375606354521,0.06839042070941082,15.866216,44.54484
-0.5643938,-1.8721157,0.08291952,-1.2321396,0.64731336,0.63997614,0.5174823064489136,0.7125323113023585,0.19505000485344492,50.87004,48.47748
-0.5635802,2.9435823,-0.10022497,1.962009,0.46335524,-0.98157334,-0.423438456497232,-0.727071956479838,0.303633499982606,58.609535,46.47326
0.7655074,-0.58152056,-0.17333108,0.1634368,-0.9388385,0.7449573,0.32051631802729474,0.6661021474301734,0.34558582940287863,66.25927,49.24724
-0.9044942,-1.9767166,-0.008116936,-0.9193132,0.89637727,1.0574034,0.5050091534846288,0.8654631720491548,0.36045401856452597,71.944786,38.29248
0.24189876,-0.8438208,0.04202519,-1.0006973,-0.19987357,-0.15687644,0.740390448597104,0.8212545933762114,0.08086414477910742,14.492633,37.808136
-0.54476297,2.5162103,0.027288087,2.2519827,0.57205105,-0.26422763,-0.5216862565660065,-0.8800273503503298,0.3583410937843232,35.79434,32.30594
0.31306717,-0.51130366,-0.25636587,-0.8816312,-0.56943303,-0.37032753,0.6934058690345601,0.9571729801531248,0.26376711111856466,38.756035,43.874615
0.59173584,-2.4857366,0.9345784,3.0799398,0.34284258,5.5656767,-0.4328923603103334,-0.8013324484471627,0.36844008813682927,34.893333,32.342102
0.43346956,-0.4452989,-0.21962497,-1.168987,-0.65309453,-0.7236881,0.5932852563551965,0.8624755289320127,0.26919027257681627,55.09486,44.047894
-0.05168068,-2.8382616,0.9489849,-2.82901,1.0006655,0.009251595,-0.47387088758109464,-0.6588574503387461,0.18498656275765146,57.3356,46.516964
0.55281496,1.7028611,-0.13480778,2.1835442,-0.6876227,0.4806831,-0.7856171388123045,-0.7833620859345665,0.002255052877738084,47.375515,48.635757
-0.012846227,0.14702702,-0.560668,-0.12818728,-0.54782176,-0.2752143,0.612546955350175,0.8877170276342112,0.2751700722840362,34.735394,40.60112
-0.4043281,0.8277459,0.29375046,-1.6317271,0.6980786,-2.4594731,0.23805370269905524,0.35558104858197837,0.11752734588292313,142.84319,41.35279
-0.43623078,-0.4624641,-0.47735378,-0.27100757,-0.041123003,0.19145653,0.9815211258774426,0.9372687655931342,0.044252360284308345,10.118999,44.580338
-0.16648091,0.076203585,-1.0179214,0.007529717,-0.85144055,-0.068673864,0.7181075973467741,0.7530580617912082,0.03495046444443406,48.87686,47.56805
-0.7379105,-2.5072114,-1.040673,2.2559574,-0.3027625,4.763169,0.13678629543875154,-0.043692322202455,0.18047861764120654,53.173416,44.893353
-1.4778777,-2.2606695,-0.60046005,0.33897713,0.8774177,2.5996466,0.45500498615056384,0.648186640550696,0.19318165440013213,60.19829,47.98922
0.23807338,-2.9799514,0.98055184,2.9176338,0.7424785,5.897585,-0.6884206853918222,-0.8265996802437079,0.13817899485188567,45.806732,40.936203
0.36865038,1.2256644,0.46175358,0.44325292,0.0931032,-0.78241146,-0.4316635871706431,0.14555277109634268,0.5772163582669858,41.16404,45.28773
-1.2947929,1.9507177,0.35814485,-0.93747544,1.6529378,-2.8881931,0.23071929292401894,0.6425662690217884,0.41184697609776943,125.75647,33.118633
-0.09561665,-1.9078168,0.15896547,-1.3316777,0.2545821,0.5761391,0.3349060812759479,0.621040813846311,0.28613473257036315,35.991486,41.140064
-0.8693704,1.239815,0.38645884,-1.0970455,1.2558292,-2.3368607,0.1581985039647824,0.5772781958019699,0.4190796918371875,134.61423,43.0464
-0.4910029,0.05344057,-0.6032866,-0.15581211,-0.11228374,-0.20925269,0.8023622852828625,0.8964522498538976,0.09408996457103513,12.078453,44.27715
-0.0067984387,-1.668843,-0.047534425,-1.0133408,-0.040735986,0.6555022,0.485919250195737,0.8584032978786702,0.3724840476829332,37.612995,38.062984
-0.94268113,-3.03358,-0.44139335,-1.2926047,0.5012878,1.7409754,-0.0001981809058277939,0.8497221778983066,0.8499203588041344,75.18598,33.88601
-0.47285092,-1.534049,-0.07228555,-1.161638,0.4005654,0.372411,0.7239861687750493,0.8155211234459676,0.09153495467091832,30.686304,39.83404
0.10622727,0.43309593,0.025803417,-1.2858367,-0.080423854,-1.7189326,0.3479418416469926,0.7146055360356891,0.3666636943886965,98.27814,49.837368
-0.66395104,0.67637444,0.3696086,1.8923426,1.0335597,1.2159681,0.4366495609568837,-0.8602066127929344,1.296856173749818,88.13583,34.794945
-0.4026063,2.3296735,-0.02481932,2.0037117,0.377787,-0.32596183,-0.6301030005578703,-0.7825405708744853,0.15243757031661498,28.230513,38.329197
-0.48991758,-2.154002,-0.5694814,0.5086684,-0.0795638,2.6626704,0.2855381510321564,0.5315792682375822,0.24604111720542576,113.94063,40.1029
-0.6459257,-1.1110911,0.20383957,-0.8400535,0.8497653,0.27103764,0.9184223270565202,0.7653247637357179,0.15309756332080227,50.830906,39.77169
1.493948,-2.5441964,0.04310028,1.8693818,-1.4508477,4.413578,-0.4773043928322198,-0.7526499274501908,0.27534553461797096,88.83222,31.940647
-0.26038033,-0.7407117,-0.49082828,-1.2813509,-0.23044795,-0.54063916,0.9747910962798265,0.8589858565506105,0.11580523972921597,31.567797,42.14121
0.98169994,-1.7971069,-0.39331064,2.5074108,-1.3750106,4.3045177,-0.16813110752183347,-0.6445841336753695,0.476453026153536,121.48045,30.22513
-0.72044015,0.38212562,-0.88930833,0.16894454,-0.16886818,-0.21318108,0.632152752606796,0.7291683038318864,0.09701555122509031,12.8234,45.252995
1.0603573,1.7623284,0.68071353,2.160668,-0.3796438,0.3983395,-0.7301465926758142,-0.9465461088986729,0.2163995162228587,25.963812,47.516556
0.5418869,0.78740406,-0.3450769,1.4116043,-0.88696384,0.6242002,-0.15207007063013478,-0.2555239732028012,0.1034539025726664,61.331707,49.04962
0.8605693,2.7554872,0.7287541,2.8085992,-0.1318152,0.05311203,-0.9034642286276542,-0.9304689520762501,0.027004723448595946,7.845777,42.126717
0.5258926,1.0334814,-0.13545094,1.7219481,-0.6613436,0.6884668,-0.3336120926004611,-0.5840444386212038,0.2504323460207427,53.56064,49.443424
-0.1229666,2.1650536,0.0032297238,2.1823096,0.12619632,0.017256021,-0.7853026040815081,-0.8538773656505318,0.06857476156902376,7.297508,37.488483
-0.9096067,-2.9905765,0.88718265,-1.8818767,1.7967894,1.1086998,-0.009140500118385742,-0.15700255897329551,0.14786205885490977,116.04033,34.540894
0.57642746,0.38980532,-0.3720083,0.057904106,-0.9484358,-0.33190122,0.11300406756755343,0.7834459007734571,0.6704418332059037,57.29404,31.65222
0.7815741,-1.7165722,0.55368364,-1.427527,-0.22789043,0.2890452,-0.005869377724249336,0.3094004734266931,0.3152698511509424,18.359446,30.348104
-0.6681605,0.13580298,-0.75091106,-0.29409274,-0.08275056,-0.42989573,0.765949699366637,0.9165777037004244,0.1506280043337873,19.202475,30.786541
0.40743306,-2.6498656,0.85340494,-3.105469,0.44597188,-0.45560336,-0.5044442541099023,-0.789099882163554,0.28465562805365163,32.79418,36.205463
0.3990954,-3.0475626,0.8097505,3.1061695,0.4106551,6.1537323,-0.7680792071437668,-0.8247079594119153,0.05662875226814856,24.280651,46.21538
-0.014728125,2.3178108,-0.063859895,2.3213367,-0.04913177,0.0035259724,-0.8717167969333772,-0.8479839358536143,0.023732861079762912,2.822304,33.938297
0.24052419,-1.1546527,0.027004493,-1.0283405,-0.21351969,0.12631226,0.6554914689114675,0.8203327985525164,0.16484132964104892,14.174012,41.01551
-0.25731158,0.95233417,-0.22294039,0.98096085,0.034371197,0.02862668,0.07035683395675463,0.029908407913154633,0.040448426043599994,2.533041,38.241493
0.7805756,0.2083404,-1.0144308,0.021002354,-1.7950063,-0.18733805,0.07939846117120108,0.7502575755742666,0.6708591144030656,103.23239,37.079285
0.22397864,-2.9706056,0.8362279,-3.0027235,0.61224926,-0.032117844,-0.6780349617564791,-0.7504012341654258,0.07236627240894666,35.11289,47.02068
0.7410409,-1.7878094,0.47783312,0.472673,-0.26320776,2.2604823,-0.021111998918056152,0.11513508783629689,0.13624708675435304,96.10946,39.018543
-1.1827813,0.36475968,-0.8655772,-0.7055665,0.31720412,-1.0703262,0.5953996969620015,0.9248371146184553,0.32943741765645385,34.659863,49.528584
-0.6878201,-0.34908247,-0.536657,-0.3971421,0.1511631,-0.048059642,0.9421266095768086,0.9694290519025088,0.027302442325700227,8.948039,48.663773
-1.2833767,-0.4493115,-1.0211699,-0.24725841,0.2622068,0.20205308,0.6853164804726886,0.8138352742099606,0.12851879373727204,15.675401,39.14019
0.5424743,-1.143807,-0.26302126,-1.172164,-0.8054956,-0.02835691,0.44144480728902025,0.8723856917319743,0.4309408844429541,46.177895,46.252205
-0.5311691,2.1602361,-0.1379671,1.9637245,0.393202,-0.19651163,-0.49777596119665013,-0.7071426396903266,0.20936667849367652,24.871931,39.724743
-0.37945765,-1.7887819,0.5111816,1.9413381,0.89063925,3.73012,0.532129253120301,-0.8938724350496976,1.4260016881699986,148.76424,34.27515
0.76260734,1.839649,0.67648494,1.8920466,-0.08612239,0.05239761,-0.8360715751685834,-0.867748624216369,0.031677049047785566,5.4255276,30.790827
-0.0825679,-2.436059,-0.5974667,1.7373806,-0.5148988,4.1734395,-0.1319858803053542,-0.2887383565241164,0.1567524762187622,112.115944,38.017338
0.7310605,1.5807602,0.43265605,2.0212376,-0.29840446,0.44047737,-0.7232983312941302,-0.9194311485241258,0.19613281722999554,26.963688,41.26396
-0.5583544,2.752144,-0.15100548,2.2303236,0.4073489,-0.52182055,-0.48092358445303773,-0.784701843385486,0.30377825893244825,36.236477,33.58483
0.19968411,-0.11416888,-0.36528024,-0.7931732,-0.56496435,-0.6790043,0.6479216632737481,0.9878018878044905,0.3398802245307424,50.092026,34.45336
0.1900932,-0.45715952,-0.13164808,-0.9103597,-0.32174128,-0.45320016,0.7659722838145413,0.9163844261476868,0.15041214233314548,31.743385,43.255733
0.24504744,-2.535964,0.18811312,3.114237,-0.056934312,5.650201,-0.3600741170500683,-0.7833816428677098,0.42330752581764153,35.53618,45.256847
-0.7684604,-1.8990784,-1.0846151,0.031848975,-0.31615472,1.9309274,0.5341688149995205,0.7217864964836671,0.1876176814841466,60.25734,33.067295
-0.17863609,-1.8391535,-0.04452813,-1.635074,0.13410796,0.20407951,0.4252624528500917,0.5276333290617332,0.10237087621164154,13.923153,36.360348
-0.11359249,1.2321537,-0.06556017,2.074214,0.04803232,0.8420603,-0.23727577693090396,-0.7884964461917638,0.5512206692608599,48.114826,48.03461
0.046687514,3.0482056,0.7545547,2.899356,0.70786715,-0.14884973,-0.7644740867163504,-0.902535642600987,0.13806155588463653,41.26191,40.990326
0.25234058,0.50187135,0.40427014,1.9065301,0.15192956,1.4046588,0.21794508176867744,-0.8714318638515817,1.089376945620259,75.7924,33.473583
-0.025413984,-2.9339,-0.38511354,-1.200118,-0.35969955,1.7337822,-0.5543865351348485,0.8837882523518168,1.4381747874866653,98.0933,37.131664
0.62069017,-1.660901,-0.78426784,0.5373786,-1.404958,2.1982796,0.130947016607458,0.5460398384043419,0.4150928217968839,138.49358,47.571774
0.694798,-2.8071837,0.46629408,1.9573325,-0.22850391,4.7645164,-0.6584688326027788,-0.8981923941640364,0.23972356156125763,71.12005,41.030174
-0.51911175,0.3401618,-0.8635455,-0.4520369,-0.34443372,-0.79219866,0.6361889349496348,0.9119648158604825,0.2757758809108477,39.347996,31.322933
-0.33608088,1.7702248,-0.084566616,1.8072693,0.25151426,0.037044525,-0.4910650365696654,-0.659795787626761,0.16873075105709567,14.558522,30.073639
-1.3761009,-0.6773062,-0.86050886,-0.013390504,0.51559204,0.6639157,0.6217040748922789,0.8057320425734358,0.18402796768115692,32.519913,45.685658
1.383938,0.23531103,1.1608102,-2.783773,-0.22312772,-3.019084,-0.3488126451820479,-0.6027515895860276,0.2539389444039797,34.140053,34.738426
-0.82849467,1.6794794,0.85266244,0.4518958,1.6811571,-1.2275835,-0.08513512035886128,-0.09268166985757453,0.007546549498713251,113.906525,36.725048
0.45476788,-1.8111343,0.39309534,-0.4350325,-0.06167254,1.3761019,0.1329350619801435,0.6223349447726978,0.4893998827925543,70.80386,39.75505
-0.35113966,-0.2610104,0.53857636,3.0904915,0.889716,3.351502,0.9225735189508484,-0.855500277026505,1.7780737959773534,164.75099,40.32162
-0.73552835,2.0261905,-0.29988316,1.701431,0.4356452,-0.32475948,-0.2877577471108115,-0.4754326466085015,0.18767489949769,29.591413,45.373253
0.6441006,2.282606,0.31625873,2.0162559,-0.32784188,-0.26635003,-0.97360201502336,-0.9020490837994739,0.07155293122388606,23.082531,32.616787
0.22073044,-2.9056156,0.4904227,1.9758092,0.26969224,4.881425,-0.6337262180897669,-0.9063845327450952,0.2726583146553283,75.64529,41.462223
-1.4527677,-1.4602396,-0.22684471,-0.9041806,1.2259231,0.55605906,0.5290538054347769,0.9459018146111209,0.416848009176344,71.289215,39.634506
1.4614301,1.9014485,-0.14162543,2.0811882,-1.6030555,0.17973971,-0.5374709373254223,-0.7497123828862637,0.21224144556084146,91.948105,31.166088
-0.64392304,-2.2895095,-0.21265021,-1.783532,0.43127283,0.5059775,0.24227863083126167,0.4821254020312775,0.23984677120001585,35.856724,41.854416
-0.20737682,1.0186121,-0.9926438,2.853889,-0.78526694,1.8352768,-0.009880216079594106,-0.06626263828584733,0.056382422206253224,88.12967,49.974102
0.8866104,-2.1708307,0.08561123,2.4965398,-0.80099916,4.667371,-0.31465714518320276,-0.924345837308282,0.6096886921250793,87.82669,38.45285
0.60950685,0.31905413,-1.0956094,-0.3760846,-1.7051163,-0.6951387,0.13653349165065798,0.7965196463224311,0.6599861546717731,102.7653,44.94587
-0.541329,-1.9210395,-0.22072959,-1.1796536,0.32059944,0.7413858,0.47734274169296675,0.8583307773682112,0.3809880356752444,43.150158,34.5979
-0.5867288,-2.515431,-0.076707,-1.5476036,0.5100218,0.9678273,0.0547763498404894,0.6029661886461707,0.5481898388056813,59.117054,39.886635
0.9125361,-1.774117,-0.5619539,1.644545,-1.4744899,3.418662,-0.1168830885703036,-0.26622117158370506,0.14933808301340146,156.84285,47.108547
-0.8324499,0.671417,-0.3344347,-0.5076348,0.49801522,-1.1790519,0.4736761090957913,0.9786004742924721,0.5049243651966808,60.954967,40.634937
0.2662911,1.282685,0.5989714,2.7416499,0.3326803,1.4589648,-0.4420501373402459,-0.9654072499591599,0.523357112618914,76.273506,36.026466
1.5410382,-0.92635036,0.9979775,-2.854226,-0.54306066,-1.9278758,-0.4326285819278959,-0.6616193991369288,0.22899081720903292,33.449955,41.83949
-0.71743804,2.1725447,-0.14765121,1.9502258,0.56978685,-0.22231889,-0.3390014912268864,-0.6958605374707041,0.3568590462438177,34.545773,48.470528
0.6185019,2.2940543,0.54651415,2.5131724,-0.07198775,0.21911812,-0.9788140296030186,-0.9967977611231547,0.017983731520136104,11.255521,31.846806
0.045700006,-0.79551506,-0.07280512,-0.616494,-0.11850513,0.17902106,0.8601378779813516,0.9183414008297852,0.058203522848433664,12.29504,39.79072
0.60737264,-0.37515354,0.038605183,-1.3411653,-0.5687674,-0.96601176,0.43615787832666797,0.6790556275547512,0.24289774922808327,60.753185,48.05141
1.0684454,-1.6923276,-0.42836756,1.5525342,-1.496813,3.2448618,-0.17782087569293248,-0.30146275668273714,0.12364188098980466,143.10297,43.395542
1.2010028,-0.29436207,-0.6335732,2.2251506,-1.834576,2.5195127,-0.1289053762941479,-0.4236142583227682,0.29470888202862033,142.06602,31.58514
0.84527135,2.2484076,0.7265116,2.4939904,-0.11875975,0.24558282,-0.9183521145191538,-0.9686375597272203,0.05028544520806655,12.020064,44.81438
-0.883476,-0.30394006,-0.85330904,-0.26444924,0.030166984,0.03949082,0.8803747324783338,0.8817973231912308,0.001422590712897076,2.2634752,34.106377
0.10761792,0.7261951,-0.8707376,0.72499776,-0.9783555,-0.0011973381,0.10219677850125208,0.44941438902328557,0.3472176105220335,56.05568,41.696987
-1.0246806,2.2420533,-0.5268426,0.9015992,0.49783802,-1.3404541,-0.05797532448272591,0.2280673900917023,0.2860427145744282,57.84771,48.46914
0.0765928,0.026790619,0.08839664,-1.1718475,0.011803836,-1.1986381,0.6431521197968532,0.7366391624014677,0.09348704260461449,68.41382,33.739086
-0.12271196,2.7380822,0.36358327,2.2292418,0.48629522,-0.5088403,-0.794249605656475,-0.9698576185480405,0.17560801289156558,39.954666,45.636135
-0.4514594,0.49279666,-0.87183994,0.17687182,-0.42038053,-0.31592482,0.5155629291582002,0.728656754215637,0.2130938250574368,27.836853,39.48371
-1.4565494,-2.1094403,-0.6646432,0.6022178,0.7919062,2.711658,0.4689451702046825,0.4869488590729887,0.018003688868306167,57.91401,31.36308
0.61942214,-2.928941,0.82461166,3.1368918,0.20518953,6.065833,-0.7243977645804724,-0.8103764074073914,0.08597864282691892,14.979629,46.141914
-0.14720257,2.8011596,0.6529593,2.1790655,0.80016184,-0.62209415,-0.763896150848236,-0.954913706638358,0.19101755579012192,56.674305,35.844482
0.04003605,-1.5022463,0.047208957,-1.280125,0.0071729086,0.22212124,0.5810313917760692,0.7071389494702838,0.12610755769421456,12.721059,43.25571
1.4739778,0.6259227,-0.010172606,2.0155907,-1.4841504,1.389668,-0.4331563800022664,-0.7941399993315678,0.36098361932930134,89.58243,39.50121
-0.5870506,-1.8472968,0.06808876,-1.2044704,0.6551394,0.64282644,0.5392497786492383,0.7328921039329712,0.19364232528373293,51.15841,30.649965
1.1090307,0.8332062,0.9993468,-2.6874297,-0.10968393,-3.5206358,-0.3846054533549754,-0.5921830904168814,0.20757763706190602,58.051018,49.82586
-0.37787113,-0.6565304,-0.13308524,-0.55876595,0.24478589,0.09776443,0.9950637509956408,0.9360259745900095,0.05903777640563135,15.029991,38.40212
0.19700225,1.039078,1.0082155,-2.472467,0.8112133,-3.511545,-0.21190240794574322,-0.49552140901317365,0.28361900106743043,108.7901,47.30001
-0.3871317,-1.97947,0.036940984,-1.417759,0.42407268,0.5617111,0.3875721237156693,0.6356816832705605,0.24810955955489122,39.714855,38.70368
-0.770496,0.89139247,-0.47683874,0.10495147,0.29365727,-0.78644097,0.32377978834628074,0.7732278404054953,0.44944805205921456,39.646496,39.249588
-0.2189025,0.9386704,0.3481333,-1.7436668,0.5670358,-2.6823373,0.0646536087920957,0.24375991371864547,0.17910630492654978,153.71266,49.74991
-0.13185276,0.97839475,-0.2539762,-1.1295916,-0.122123435,-2.1079865,-0.010102920106339397,0.8870421531040229,0.8971450732103623,117.256584,34.271473
-0.28773773,1.1539848,-0.31879556,1.1625903,-0.031057835,0.00860548,-0.085323394488233,-0.07667111033102536,0.008652284157207646,1.8405812,46.416077
-0.30066377,-1.3214628,-0.40395555,-0.97879595,-0.10329178,0.3426668,0.8119941628354956,0.9593211227990857,0.14732695996359002,19.333145,31.875721
-0.29764256,-0.16414118,-0.59133804,-0.22502893,-0.29369548,-0.060887754,0.876709634617157,0.9207825188854644,0.044072884268307355,17.116217,31.449738
-0.4375125,2.1575954,0.48298556,1.6907281,0.920498,-0.46686733,-0.5720169585791552,-0.7732741608209857,0.2012572022418304,58.696243,42.73184
-0.5872643,-3.0952454,0.990493,-2.6231437,1.5777574,0.4721017,-0.30283235189690316,-0.5641122175284288,0.2612798656315256,93.261116,48.835552
-0.3731947,2.0266612,-0.12219055,2.0026636,0.25100416,-0.023997545,-0.5806887030743919,-0.7319490086817257,0.15126030560733383,14.442726,48.593826
-0.16513361,1.8070452,-0.05784219,2.1663039,0.107291415,0.35925865,-0.6160071515101082,-0.820346347056744,0.20433919554663582,21.348822,46.446663
-1.3684361,-2.6640396,-1.0517957,0.6501946,0.31664038,3.3142343,0.37609482218321855,0.506367289386148,0.1302724672029294,41.202194,38.626534
0.101524144,1.8500993,-0.13895786,2.3821738,-0.240482,0.53207445,-0.7665037923355538,-0.8133355476210049,0.04683175528545114,33.382362,32.58749
-0.1132737,0.9496405,0.0055376277,2.2644289,0.11881133,1.3147883,0.006618288672502359,-0.8726846318604125,0.8793029205329148,75.465195,48.34855
-0.9337028,0.657928,-0.53993034,-0.7714629,0.39377248,-1.4293909,0.49442220735431697,0.994231314384578,0.49980910703026105,60.978397,42.962994
-0.79762506,-0.0054888725,-0.7342652,-0.20739555,0.06335986,-0.20190668,0.8158145076285093,0.8968524901816499,0.08103798255314065,9.082616,48.01933
0.30119637,1.6840327,0.2904365,1.9880668,-0.01075986,0.3040341,-0.7362573277608009,-0.8861084442554237,0.1498511164946228,16.669025,32.81086
-0.07784418,0.10304403,-0.43559018,-1.2097327,-0.357746,-1.3127767,0.6684035135606998,0.8856116969426502,0.21720818338195036,74.725044,47.294178
-0.727436,-0.46616578,-0.3491871,-0.48308122,0.3782489,-0.01691544,0.9545507089956686,0.9770264965614128,0.0224757875657442,21.687635,31.70074
1.020179,1.6473057,0.70949346,2.2255306,-0.31068558,0.5782249,-0.7072477809248903,-0.9529924995477792,0.24574471862288894,27.427744,31.127522
-0.035794154,-3.0456216,0.80798644,2.8021767,0.8437806,5.8477983,-0.6222452511251917,-0.9117467013655443,0.28950145024035256,53.114143,37.24929
-0.1702502,-3.0020034,0.8689592,-2.776703,1.0392094,0.22530055,-0.5250097548758452,-0.641900399107608,0.11689064423176276,60.60544,46.212208
-0.3544119,0.9423821,-1.0717382,1.1051248,-0.71732634,0.16274273,0.12247203787055483,0.31522285972922504,0.1927508218586702,41.614063,31.790865
-0.7147412,3.1256945,0.055152703,1.2185345,0.7698939,-1.90716,-0.2312525265075579,-0.3044965384243987,0.07324401191684082,106.56067,42.0196
0.5537442,3.1176646,0.6582511,2.9616659,0.10450691,-0.1559987,-0.8435672284018065,-0.8999455842481563,0.05637835584634976,9.46938,46.473877
0.30337912,1.9584568,0.01625382,2.181021,-0.2871253,0.22256422,-0.8768481745086536,-0.8594146772288334,0.017433497279820243,20.686697,38.192215
1.2060131,-2.4898546,-0.13571519,1.9020264,-1.3417282,4.391881,-0.5056867007335644,-0.6806462809631135,0.17495958022954916,103.754105,34.433125
0.10062573,1.8712299,0.78261703,2.2229128,0.6819913,0.3516829,-0.7768411182814248,-0.9344072261298084,0.15756610784838365,42.84977,31.253098
0.64057034,2.2699087,0.68764204,2.3105493,0.047071695,0.040640593,-0.9724179853665831,-0.9691063659897416,0.003311619376841435,3.2611074,32.9091
-0.4785055,-1.9881676,-0.18544896,-1.5476128,0.29305655,0.44055486,0.4100775772371392,0.6442678379780421,0.23419026074090288,29.066261,45.028683
0.41450384,1.5297925,0.025458228,2.0112133,-0.38904563,0.48142076,-0.6647702453144928,-0.8085432878360233,0.14377304252153045,34.788025,41.17363
-1.270931,2.0533893,-0.85982144,0.81168914,0.41110957,-1.2417002,0.1978186073179602,0.39760671369192124,0.19978810637396105,38.167027,41.909355
-0.5562905,-2.309363,-0.16351116,-1.9103248,0.39277935,0.39903808,0.19213829717443787,0.3611211507513481,0.16898285357691023,30.905012,46.54756
-0.44944373,-0.070367575,-0.53926015,-0.19302313,-0.08981642,-0.122655556,0.8589242366251342,0.9120671497821418,0.05314291315700759,8.043202,42.54358
-0.5599488,-0.17198038,-0.5372231,-0.17845614,0.022725701,-0.0064757615,0.9041775968274912,0.9068875508881744,0.002709954060683195,1.339983,40.34068
0.4510592,-1.281484,-0.002408039,-1.4823596,-0.45346722,-0.20087564,0.4561586030548721,0.6138841659290555,0.15772556287418338,28.256514,45.78029
0.77590996,1.2472527,-0.14989154,1.9210913,-0.9258015,0.6738386,-0.5378843900251296,-0.6815674429167,0.14368305289157046,63.452896,46.461124
1.2235789,0.7044542,0.9704545,-2.8110888,-0.25312442,-3.515543,-0.37277305566489005,-0.6483224269055858,0.2755493712406958,53.348106,47.3539
-1.3118697,1.0335019,-0.8043801,0.5531606,0.5074896,-0.48034126,0.4125028194883251,0.5388688754276618,0.1263660559393367,31.364685,43.7406
-0.9944791,-0.048526764,-0.86249036,-0.39398208,0.13198876,-0.34545532,0.7774624923546923,0.9040636682992043,0.12660117594451192,13.985212,33.16098
0.7944197,1.1125906,-0.12296899,1.8006729,-0.9173887,0.68808234,-0.45941361980944784,-0.6359071827748686,0.17649356296542074,63.27773,47.461536
-0.820587,-1.4392444,-0.15292333,-1.1620297,0.66766363,0.27721465,0.7716775401973575,0.844975737533316,0.07329819733595855,40.57595,31.46051
-0.99961835,3.0920298,-0.66686237,1.2186241,0.33275598,-1.8734057,-0.004602560119083443,0.06374766688166389,0.06835022700074733,66.81224,45.961273
-0.06201582,2.617387,-0.9041703,2.7447257,-0.84215444,0.12733865,-0.8488948962203366,-0.1685312238454486,0.680363672374888,48.634487,44.679676
-0.17988054,2.4970753,-0.36603492,2.699024,-0.18615438,0.20194864,-0.7920358268358036,-0.6439650190680499,0.14807080776775372,15.409073,31.518162
-1.1216712,1.830118,0.004697769,-1.5803375,1.126369,-3.4104555,0.10325546298862331,0.5447165343073952,0.4414610713187719,115.01188,31.02074
0.5719265,-2.1292138,-0.58688426,-0.7790983,-1.1588107,1.3501155,-0.16315709708861093,0.9896721331708349,1.1528292302594458,98.42235,32.763233
0.46558863,-0.16739798,0.17061518,-1.4468254,-0.29497343,-1.2794274,0.48920869987053006,0.5482043562429206,0.05899565637239057,70.78062,47.02847
0.15102452,-1.6857109,0.009558913,-1.6621017,-0.1414656,0.023609161,0.3958374959360347,0.48342862204871795,0.08759112611268327,8.216567,47.028786
1.3035942,-1.4808843,0.5443945,-3.0038424,-0.75919974,-1.522958,-0.28011260015547146,-0.7615532731668355,0.48144067301136406,59.31468,38.014786
-0.38930443,-0.10136819,-0.45652166,-0.07592602,-0.06721723,0.025442168,0.8657890238344685,0.8620734902083207,0.003715533626147849,4.0740986,39.013348
-1.3324748,-1.9106649,-1.0240638,-0.0014818249,0.308411,1.9091831,0.5139499359682267,0.7535130915578927,0.239563155589666,37.876095,46.043552
-0.6081632,2.2977016,-0.081317045,1.8333238,0.5268461,-0.46437776,-0.4567512474752071,-0.6754161687474474,0.21866492127224024,38.942905,33.45817
-0.9706308,-2.8405833,-0.111943804,0.6274564,0.85868704,3.4680398,0.09596581355175982,0.2876111400062218,0.19164532645446197,116.06659,41.784126
-0.32907438,2.8442829,0.21409307,2.0809503,0.5431675,-0.7633326,-0.634433659103161,-0.9011949527588659,0.2667612936557049,53.166267,45.82813
0.70184875,2.9461381,0.639691,2.693724,-0.06215775,-0.25241423,-0.898926027467021,-0.9687771932661491,0.06985116579912809,11.8593645,31.742832
-0.5062311,-3.1227703,0.91520554,-2.8086195,1.4214367,0.3141508,-0.37659239394085176,-0.65368553018416,0.2770931362433082,82.95139,49.17458
-0.6865436,0.49312234,-0.6308754,-0.068969235,0.055668175,-0.5620916,0.5616195268044688,0.8613365806634339,0.2997170538589651,25.530352,44.373436
-0.28790095,-0.5491111,-0.526507,-0.011451218,-0.23860607,0.5376599,0.9758552510489373,0.8369426392497286,0.13891261179920877,31.272657,45.233818
-0.51677036,1.7354667,-0.1948149,1.6613289,0.32195544,-0.07413781,-0.3473424877762392,-0.5137681807236651,0.16642569294742593,18.866352,37.738834
-0.42940956,-1.9868082,0.059927367,-1.4042965,0.48933694,0.58251166,0.3957409723251448,0.6324710776565223,0.2367301053313775,42.86404,43.785595
-0.6277023,2.295756,-0.090947986,1.8153644,0.5367543,-0.48039174,-0.4392976264968702,-0.6608704787773894,0.22157285228051915,39.812744,37.438557
0.40631193,1.2189629,-0.08713241,1.8511972,-0.49344432,0.63223433,-0.43839640530056734,-0.6816938733318292,0.24329746803126184,45.265205,43.42458
-0.032446593,1.6548293,-0.05370092,2.0099418,-0.021254327,0.35511255,-0.5947485583342389,-0.7708773358477838,0.17612877751354494,20.363438,36.40528
-0.038595363,0.08745146,-1.0000226,-0.6735902,-0.9614273,-0.76104164,0.6615075864777107,0.8659249331850241,0.20441734670731337,64.950134,36.391346
-0.025625173,-2.7363849,0.004305068,1.9769481,0.029930241,4.713333,-0.408903283749801,-0.7851679407763686,0.37626465702656764,89.95225,34.620773
-1.0269035,1.9149191,-0.6516491,2.8385317,0.3752544,0.9236126,0.0012452875070643188,-0.38094215010931265,0.38218743761637697,39.91015,39.490234
-0.98840696,-2.3632653,-0.48830882,-0.3864928,0.5000981,1.9767725,0.32428601703315074,0.9680744897693749,0.6437884727362242,78.46474,36.429493
-0.2386518,1.3699868,-0.035357453,-1.1646129,0.20329434,-2.5345998,-0.2839141411163748,0.7989308745855737,1.0828450157019485,142.1138,34.38009
0.7071633,-2.7259653,0.29743615,1.8858322,-0.40972713,4.6117973,-0.6114983588565117,-0.8435148908524575,0.23201653199594574,83.257225,34.9437
-0.98809516,2.6873167,-0.5853449,2.475765,0.40275025,-0.21155167,-0.09469217749534486,-0.4874873236537347,0.39279514615838984,24.52766,37.849846
-1.139912,1.7770989,0.23456508,-1.6752853,1.3744771,-3.4523842,0.1307415568565502,0.3583598458825432,0.22761828902599301,126.72327,37.654
-1.0180831,-2.4431818,-1.3347539,0.61081916,-0.31667078,3.0540009,0.29746235125447384,0.5046705023315301,0.20720815107705626,45.154346,48.40249
1.3049313,-1.552398,0.93456155,-2.729546,-0.37036973,-1.1771481,-0.2935454143157783,-0.6155629977835133,0.322017583467735,33.28426,39.982285
0.04942844,-2.5039792,0.50613797,-2.6890354,0.45670953,-0.18505621,-0.251549765203098,-0.5574584337362989,0.30590866853320087,28.04321,45.90927
0.63473487,-2.3308527,0.5611204,-2.7295034,-0.07361448,-0.39865065,-0.3345060210139863,-0.5956390946917249,0.26113307367773864,19.294546,43.835907
0.42972502,-0.26976824,0.23536311,-0.23588401,-0.19436191,0.033884227,0.5523430751493672,0.6763012811452036,0.1239582059958364,11.285646,44.78225
-0.31417564,0.42949486,-0.9282134,0.186775,-0.61403775,-0.24271986,0.5236614501018106,0.7148204822580952,0.1911590321562846,36.81043,35.799313
-0.1124964,-0.328727,-0.14820127,-0.42959243,-0.035704874,-0.10086542,0.8829466944780595,0.920905474247462,0.03795877976940254,6.0840216,31.024605
0.62307733,-1.0133247,0.021412464,-1.3706634,-0.60166484,-0.35733867,0.4126717037270655,0.670741036560299,0.2580693328332335,39.36623,40.48793
-0.5245758,2.8631346,-0.18399052,1.7419709,0.3405853,-1.1211637,-0.4807195715468886,-0.5688065570213601,0.08808698547447147,62.517708,46.571056
0.03793792,-0.87846017,-0.18407229,-0.92031056,-0.22201021,-0.041850388,0.8519107394138139,0.9309067078315465,0.0789959684177326,12.942169,41.9255
-0.12805454,-3.021324,-0.0574028,2.0761938,0.07065174,5.097518,-0.5602149740755666,-0.7933144830007839,0.23309950892521725,67.70871,43.519897
-0.36641964,-1.7889931,-1.040984,-0.17047393,-0.67456436,1.6185192,0.5282586274378716,0.7893268932770381,0.26106826583916654,73.342606,44.06891
0.42572,-2.4226313,-0.38781044,-3.1342902,-0.81353045,-0.71165895,-0.3338060953572146,-0.4665491150204797,0.13274301966326507,61.164455,37.018593
-0.70646805,-2.4712102,0.10539591,-1.5782586,0.81186396,0.8929516,0.14475354423962195,0.4970617727290823,0.35230822848946036,66.04097,42.641132
0.53505754,2.1435173,0.30488732,2.2112496,-0.23017022,0.067732334,-0.9580735925097876,-0.9573037166020306,0.0007698759077570116,13.652267,38.070385
0.8699612,1.0604455,0.257649,1.2394367,-0.6123122,0.1789912,-0.44282155479807805,-0.40422145527035447,0.038600099527723586,36.06409,38.137604
0.5174746,-1.2019365,0.098032266,-1.0591922,-0.41944233,0.1427443,0.43979693516134866,0.7742437029111189,0.3344467677497702,25.241339,49.849857
-0.2727333,-2.5360343,0.61393243,-2.6169517,0.8866657,-0.08091736,-0.12361446907679863,-0.5293513984798714,0.4057369294030728,50.992374,44.777184
-0.7002702,0.9959018,-0.65116745,-0.056172792,0.049102724,-1.0520747,0.2292875019104148,0.8547317724057804,0.6254442704953656,46.201622,35.77041
0.4173752,2.1557882,0.6226721,2.7400453,0.20529687,0.5842571,-0.9586853975524967,-0.9629831130876507,0.004297715535154012,31.149422,33.317955
-0.4540073,0.2469163,-0.8297628,0.0023115098,-0.37575552,-0.24460478,0.6853790035209579,0.8067126785759791,0.12133367505502113,24.19275,45.123592
0.26707795,0.9876592,-0.2805109,1.6558496,-0.5475888,0.66819036,-0.19737060037122944,-0.4598209455771234,0.26245034520589394,49.121387,39.968822
0.82014227,1.2017872,0.5833953,2.214212,-0.23674697,1.0124247,-0.516312747078187,-0.9702742067872201,0.4539614597090331,45.216663,32.40498
1.1156888,0.22328305,0.4242962,3.0239303,-0.6913926,2.8006473,-0.16760282939948112,-0.8772100269521586,0.7096071975526774,90.44396,43.92444
0.3533759,-1.9599144,0.14697126,-1.8436589,-0.20640466,0.11625552,0.07438320975712465,0.2748200642425278,0.20043685448540316,13.465742,48.36496
1.0661006,2.661165,0.4709155,2.1726618,-0.5951851,-0.48850322,-0.8231177863639756,-0.9654115613115337,0.14229377494755813,38.95464,39.720894
0.67964065,-2.655642,0.6522501,1.8123559,-0.02739054,4.467998,-0.5652407143180493,-0.8375713685978994,0.27233065427985004,76.5895,32.410473
0.3959527,1.0946214,-0.22001271,2.027434,-0.6159654,0.9328127,-0.3366480305468844,-0.6839871532051163,0.34733912265823186,63.122925,45.61501
-0.68817824,0.964803,-0.70895606,0.45490158,-0.020777822,-0.5099014,0.2456338517765424,0.5879406707701307,0.3423068189935883,22.300838,31.167547
-0.9732252,0.6218169,-0.67045665,0.0010528172,0.30276853,-0.6207641,0.515543198211672,0.8291786400491135,0.3136354418374414,29.276754,32.365005
1.1172602,0.54431486,0.6141737,3.1092505,-0.5030865,2.5649357,-0.2770529652669138,-0.8467497582790616,0.5696967930121478,77.4171,30.376213
1.2713405,-1.3650646,0.40063533,-2.8735847,-0.8707051,-1.5085201,-0.23627414953653947,-0.6611993363788464,0.42492518684230696,67.07331,47.938793
-0.8155731,-1.178986,-0.41059685,-1.1024891,0.40497625,0.07649684,0.8664509547175339,0.9236241617068224,0.057173206989288516,23.469276,40.14376
1.3186164,2.342963,0.8279071,2.4930534,-0.4907093,0.15009046,-0.6639138691214841,-0.9386235461287669,0.27470967700728277,28.34541,42.866135
1.1769673,2.0623958,0.31287172,2.0796843,-0.86409557,0.017288446,-0.7365275273880432,-0.9233378556420497,0.18681032825400656,49.51313,33.971947
1.448895,0.81541824,-0.014368791,2.4273193,-1.4632638,1.611901,-0.44606340737516126,-0.881273546294648,0.4352101389194868,91.10347,37.99199
-0.46143377,3.0835187,-0.13161126,2.0241132,0.3298225,-1.0594056,-0.4461953981326401,-0.7350377595178692,0.2888423613852291,60.472157,32.42772
0.7275844,-2.9173055,0.8636369,2.8630023,0.13605249,5.780308,-0.7191801242787976,-0.8817008461816691,0.16252072190287148,21.456587,30.287035
0.42120123,-2.3019934,-0.16985303,1.6836386,-0.59105426,3.985632,-0.2351207098446828,-0.5417748455706386,0.3066541357259558,131.81763,48.587414
-0.07977158,0.39953995,-0.14325304,-1.1198285,-0.063481465,-1.5193684,0.46039576419799744,0.8584732848927992,0.39807752069480173,86.440025,34.68936
-0.4603968,-2.6187289,0.43963504,1.9832866,0.9000318,4.6020155,-0.08836523566540677,-0.9062302242071159,0.8178649885417091,106.16451,42.15164
-0.11960944,-2.259396,0.5338335,-1.9077895,0.6534429,0.3516066,0.04037539859695727,0.01853680233638677,0.021838596260570498,42.123165,40.75186
-0.14111121,1.7941439,0.09131194,2.07654,0.23242316,0.28239608,-0.6224214572339068,-0.8594659961644657,0.23704453893055888,20.923405,46.73456
0.28667518,2.5178316,0.30504507,0.81529194,0.018369883,-1.7025397,-0.9810827715643242,-0.0672843253776243,0.9137984461866999,92.02066,38.46158
0.871795,1.900706,0.7729093,2.4507203,-0.098885715,0.55001426,-0.8328216031839313,-0.956201811638099,0.12338020845416775,22.00078,43.967884
-0.95836234,-2.1707177,-1.0528982,0.41919103,-0.09453583,2.5899088,0.4120859783164228,0.6011828847779439,0.1890969064615211,62.05784,40.924244
0.89017516,0.7417426,-0.45044592,-0.0865109,-1.3406211,-0.8282535,-0.26900852686186916,0.8662466211924831,1.1352551480543522,87.43846,32.8704
0.68442506,-2.2216973,0.38991195,2.5144672,-0.2945131,4.7361646,-0.2750525394917691,-0.9954365179709797,0.7203839784792105,75.08707,41.62735
0.71379316,-1.463533,-0.10611069,1.4322674,-0.81990385,2.8958006,0.17213535705083016,-0.40112463216796357,0.5732599892187937,142.97595,36.60838
1.1523446,2.1681159,0.34611693,1.9949176,-0.8062277,-0.17319822,-0.7637575615100172,-0.899256705528737,0.13549914401871987,46.645767,42.152573
-0.8253995,2.6966393,-0.38542518,2.0860715,0.43997434,-0.6105678,-0.250414593774158,-0.5914715148674414,0.34105692109328345,37.70165,38.214447
-0.5371225,-0.641098,-0.18768077,-0.41995597,0.3494417,0.22114205,0.9977730646192953,0.9309936650557127,0.06677939956358259,23.218485,33.991135
0.31696257,-2.8346868,-0.5632607,-2.97335,-0.8802233,-0.13866329,-0.6137796530044586,-0.256444065270081,0.35733558773437757,51.003883,35.229374
0.53973716,-0.5585668,0.02258945,-1.2041637,-0.5171477,-0.64559686,0.5218723885973073,0.7554443922534348,0.2335720036561275,45.842915,49.47454
0.4802205,-1.2190597,0.027129477,-1.3177392,-0.45309103,-0.09867954,0.46154488988707776,0.6972884074024375,0.2357435175153597,26.519144,37.155502
0.9661035,2.9521587,0.63861597,2.7664979,-0.32748753,-0.18566084,-0.8246079158540809,-0.9555457970097638,0.13093788115568294,20.114227,30.361506
0.3238375,-3.0520072,0.61777174,-3.1205554,0.29393426,-0.0685482,-0.7554434609316982,-0.8227022000894979,0.06725873915779967,17.196468,41.854298
-0.30908054,-2.938252,0.39969513,3.1177106,0.70877564,6.0559626,-0.4027767898633794,-0.830882310393032,0.42810552052965256,42.55714,46.030766
-0.83027613,1.8531716,1.2128272,-2.9077053,2.0431032,-4.7608767,-0.15100086877329577,-0.6214001469326051,0.4703992781593094,132.83357,31.586506
0.7468008,-0.45135617,-0.1503775,-0.9108615,-0.8971783,-0.45950532,0.3249402087243016,0.9225075127271847,0.597567304002883,56.732105,37.022507
-0.3011844,-1.7030704,0.053394165,-1.2495912,0.35457855,0.45347917,0.5724188494897291,0.7192118061273218,0.14679295663759273,32.710854,47.96487
0.671933,-0.45477962,0.18791267,-1.1991372,-0.48402032,-0.7443576,0.3937697389692012,0.6690880456407875,0.2753183066715863,47.0163,46.985104
1.0836354,-1.2181362,-0.16501628,2.900429,-1.2486517,4.118565,-0.04950157274153444,-0.7211095837633064,0.6716080110217719,113.798965,31.27862
-0.3532468,-0.9254186,-0.84704024,-0.4735882,-0.49379343,0.45183042,0.9658912280113086,0.9204433342366336,0.04544789377467495,35.0958,34.147495
0.99643445,0.98682904,0.66439795,2.9284813,-0.3320365,1.9416523,-0.42749315851428626,-0.909848783985443,0.48235562547115673,68.73812,39.053493
-0.8051339,0.49024463,-0.9270513,0.1394203,-0.12191743,-0.35082433,0.5749719013053678,0.7337716249000148,0.158799723594647,14.705813,43.884823
-0.15281467,-0.5122597,-0.8744598,-2.154696,-0.7216451,-1.6424363,0.9369237645080943,0.402065730717025,0.5348580337910693,85.9052,44.174957
1.0003065,-2.9124687,0.62250566,2.9859273,-0.37780082,5.898396,-0.6836136359693192,-0.8950633744852219,0.21144973851590265,26.18212,40.33152
1.3888583,-2.007465,0.09134945,2.1698856,-1.2975088,4.1773505,-0.4133093307515949,-0.8874888184671166,0.47417948771552165,90.12336,49.535213
-0.16396217,-3.0071564,-0.09737379,1.8967946,0.06658838,4.9039507,-0.5317622739565673,-0.6989477129037507,0.1671854389471834,78.29818,45.36703
0.2163175,2.2314618,0.035609473,2.1719303,-0.18070804,-0.05953145,-0.9419934144610629,-0.8655269808591828,0.0764664336018801,10.891262,47.1954
0.21650706,-2.9034376,0.8844805,-2.9974487,0.6679734,-0.09401107,-0.6308450208670493,-0.7402827404397327,0.10943771957268345,38.52416,49.467175
-0.26249644,2.3306248,0.08939976,2.1295304,0.3518962,-0.20109439,-0.7310997286798724,-0.875528093602771,0.14442836492289857,23.170603,37.42309
0.45114025,1.0572007,-0.14269,1.645673,-0.5938302,0.58847237,-0.3263222299376629,-0.5326678989574067,0.20634566901974383,47.23749,38.73627
-0.4323348,0.68568945,-0.83007723,0.08460577,-0.39774242,-0.6010837,0.36246042675232104,0.7742696563195162,0.4118092295671951,35.458023,38.666008
-0.6587682,0.290555,-1.0144551,-0.30947903,-0.3556869,-0.600034,0.681989053678155,0.8280528687252895,0.1460638150471345,30.178541,35.393364
0.8500616,2.9618876,0.72534436,2.9891527,-0.124717236,0.027265072,-0.8611844310709258,-0.8812530420777542,0.02006861100682844,7.22982,43.513046
-0.04773701,-0.29076433,-0.58909756,-0.85646266,-0.54136056,-0.5656983,0.8457421361599309,0.981149816756286,0.1354076805963551,43.311985,40.444935
-0.39517346,0.26052308,-0.8011081,-0.19369274,-0.40593466,-0.45421582,0.6649456541833816,0.8781755646350584,0.21322991045167683,31.393457,33.305542
-0.43606612,0.6542387,-0.40905187,-0.92595667,0.027014256,-1.5801954,0.38839392340829093,0.9716657831695947,0.5832718597613038,80.78268,41.517326
-0.89517605,0.90056634,-0.5934241,0.18128112,0.30175197,-0.71928525,0.35653317684236185,0.7405995229118947,0.3840663460695328,34.271076,42.54415
-0.41161555,-1.2044266,-0.54757404,-1.0429978,-0.1359585,0.16142881,0.8853187053005627,0.9459320438959011,0.06061333859533846,11.304687,46.01925
-0.17397837,2.2071326,0.016937733,2.2063167,0.1909161,-0.0008158684,-0.7660684024702,-0.865834239741466,0.09976583727126598,10.938806,49.28522
-1.0552703,-0.5921409,-0.7640781,-0.7196114,0.29119223,-0.1274705,0.8355756701688097,0.9581392455275335,0.12256357535872375,17.251104,33.02521
0.6142777,-1.759136,0.19204354,2.1930156,-0.42223418,3.9521515,0.07374003446862432,-0.9268236790916493,1.0005637135602736,116.28006,34.73874
1.0679259,0.49019194,0.88378096,-2.7813516,-0.18414497,-3.2715435,-0.23163415184784686,-0.6433536209688846,0.41171946912103774,68.01627,31.76389
0.5082643,0.41469193,-0.18837568,0.02272344,-0.69664,-0.3919685,0.13799512194350605,0.756316986087384,0.6183218641438779,45.41872,31.626701
0.38622028,-1.5510093,-0.8339772,0.34669644,-1.2201974,1.8977058,0.35272025118072114,0.6525322229680128,0.2998119717872917,118.61076,41.72153
0.79779935,-2.5180786,0.73032236,2.512797,-0.06747699,5.0308757,-0.4966214010314225,-0.967262074639228,0.4706406736078055,50.176914,39.341858
-0.5201889,-2.8469987,-0.39536825,-1.5226474,0.12482068,1.3243513,-0.21002063636690416,0.7176860687779449,0.9277067051448491,67.24489,32.58122
-1.3331859,-1.0735648,-0.8839696,0.06491121,0.4492163,1.138476,0.6381253389729595,0.7716694121281287,0.13354407315516914,35.504566,31.426846
1.1778808,-1.6246778,-0.19855858,1.9195803,-1.3764393,3.544258,-0.22619821988912026,-0.6525117293339804,0.42631350944486013,121.841,35.567696
1.0587689,0.4620099,0.41233543,-3.0684702,-0.6464335,-3.5304801,-0.21557779493528528,-0.7819881495589502,0.566410354623665,93.78482,33.557224
-0.65554076,1.2929819,-0.7401452,1.4246081,-0.08460444,0.13162625,0.008641625808353481,-0.02040954503808612,0.0290511708464396,7.537129,44.32509
0.083782785,-1.9515955,0.16333677,-0.9678096,0.079553984,0.9837859,0.21620735412269987,0.764363979246319,0.5481566251236192,56.069035,40.793983
-0.5821227,1.9227827,-0.055393625,1.6563317,0.52672905,-0.266451,-0.3822093791030774,-0.5845938544231482,0.20238447532007076,33.381577,45.351948
-0.8984735,2.9098122,0.099595465,2.9759946,0.998069,0.066182375,-0.14198658312908563,-0.8187668962720664,0.6767803131429808,57.277584,46.191936
-0.6868329,1.5808012,-0.0015566165,2.2776473,0.68527627,0.696846,-0.14269892934542683,-0.8717576794834994,0.7290587501380725,53.560406,45.789448
0.7681658,2.186488,0.39804307,2.296668,-0.37012276,0.11018014,-0.9323082624146455,-0.9847781173329011,0.05246985491825562,21.83436,35.74432
-0.23233886,-2.5930388,0.91685605,2.8806562,1.149195,5.473695,-0.19090324821442195,-0.8593669913058601,0.6684637430914382,76.95996,39.07532
0.32554772,-2.551989,0.7731322,2.9281826,0.44758448,5.4801717,-0.4025539299145571,-0.8904209309814561,0.48786700106689906,46.02427,45.888985
-0.530523,0.97301936,0.28230628,-1.7759243,0.81282926,-2.7489438,0.17483396852974487,0.2567523940056926,0.08191842547594774,155.00027,44.447334
0.39715075,-2.3264048,-0.0770284,2.6642625,-0.47417915,4.9906673,-0.24546144685349702,-0.8340209553550366,0.5885595085015396,77.12621,30.959244
-0.14360683,-3.0718277,1.26399,-2.6015139,1.4075968,0.4703138,-0.582674283383501,-0.5311599697204237,0.05151431366307735,82.529106,42.341057
0.13455293,-1.2628887,-0.11077427,-1.1133975,-0.2453272,0.14949119,0.6700549654106922,0.8494423088918097,0.1793873434811175,16.44873,49.387768
-1.0673922,0.8798015,0.06907145,-1.1617144,1.1364636,-2.0415158,0.40954394931805105,0.7509196195399577,0.3413756702219066,106.183784,34.71612
-1.1090419,-0.056849718,-0.9482047,-0.58101654,0.16083723,-0.5241668,0.7336984973069086,0.888508748757685,0.15481025145077643,17.784336,30.721828
-0.004770178,1.2145488,-0.24448153,1.4193995,-0.23971136,0.20485067,-0.2740967178791518,-0.3182212528033137,0.04412453492416191,17.988234,44.096684
0.15225843,0.5138271,1.0113535,1.7005346,0.8590951,1.1867075,0.26005942381896396,-0.7275796924899023,0.9876391163088662,71.027504,34.80559
-1.2527748,-2.034892,0.043833997,-1.2534537,1.2966088,0.78143835,0.4928981944172275,0.7220582191469425,0.22916002472971497,79.62199,42.73544
-1.280397,-3.0195847,-0.5775912,0.16660531,0.7028059,3.18619,0.26091272733633186,0.747843568279495,0.4869308409431632,73.53086,30.083675
-0.9902442,2.7982018,-0.8468287,-0.92875314,0.14341551,-3.726955,-0.07799921931465637,0.9128661379959269,0.9908653573105832,71.11767,32.61129
0.0898237,-2.751428,0.7875115,2.3329015,0.6976878,5.0843296,-0.47189359869974545,-0.9461215799178095,0.4742279812180641,71.39963,39.10746
-0.8683615,-0.8113811,-0.68749607,-0.74714893,0.1808654,0.06423217,0.9185547463889296,0.9758451486803388,0.05729040229140914,10.685829,30.727274
-1.0085983,1.9719565,-0.7256783,2.4829035,0.28292,0.510947,-0.02849263585384243,-0.3605222321961765,0.3320295963423341,24.588818,45.89253
-0.25003067,-0.78933835,-0.2731723,-0.6740144,-0.023141623,0.11532396,0.9686427688602759,0.9794546988499455,0.010811929989669622,6.518576,46.80396
0.07216003,-0.6837454,-0.07762563,-0.9710914,-0.14978567,-0.287346,0.8533108104321983,0.8823640696241455,0.029053259191947234,18.552532,39.69025
0.28834742,2.1544278,-0.31278282,-1.081367,-0.60113025,-3.2357948,-0.9405320141148721,0.9169251134529528,1.8574571275678249,174.65819,30.708784
0.7760725,-1.1719973,0.6893297,2.0325737,-0.08674282,3.204571,0.23560901203505935,-0.9130299426566335,1.1486389546916929,95.97574,34.414948
-0.46492225,-2.9565945,-0.029524181,1.9494597,0.43539807,4.906054,-0.31434540047593984,-0.7574918299443343,0.44314642946839444,79.32784,35.280087
-0.7446587,0.13251185,-0.8768063,-0.07636055,-0.13214761,-0.20887241,0.763693540923891,0.8228267027111871,0.05913316178729611,11.169304,37.23127
0.17344704,-1.5220947,0.039620966,-1.2979943,-0.13382608,0.22410047,0.4988096756618088,0.7016771737377345,0.20286749807592575,14.884069,47.086544
-0.8326768,2.3869607,-0.34716785,1.6795831,0.48550898,-0.7073777,-0.256889519524373,-0.43244784611507336,0.17555832659070036,42.893486,48.1808
-1.1508384,0.9814851,-0.9392505,0.14131595,0.21158785,-0.8401692,0.3885320446870688,0.7303833574475149,0.3418513127604461,26.15286,37.237556
-0.6358332,1.6261494,-0.26917022,1.5654564,0.36666298,-0.060693026,-0.20339404659565208,-0.4081065391593319,0.20471249256367985,21.2353,45.558857
-0.19208606,2.4364288,0.0472066,-1.0446521,0.23929265,-3.481081,-0.7844009550564621,0.8052968661435549,1.589697821200017,158.99686,35.21751
-0.005381968,-0.54345465,-0.08878014,-0.7084186,-0.08339818,-0.16496396,0.8838128435951376,0.9253026923311634,0.04148984873602579,10.579124,47.02208
-0.17727104,-1.6267043,-0.083212025,-1.2386754,0.09405901,0.38802898,0.5866061413791457,0.7854958685002096,0.1988897271210639,22.6827,36.67237
-0.82589525,2.3078263,-0.5883644,2.5058491,0.23753083,0.19802284,-0.2576260125631844,-0.48436889432216645,0.22674288175898205,16.074654,41.940205
-0.438943,3.1012928,0.5427232,2.0354624,0.9816662,-1.0658305,-0.4542406370263128,-0.9273102936770847,0.47306965665077194,81.05425,46.878983
0.10361726,1.6727984,0.10073239,1.8905748,-0.0028848648,0.21777642,-0.6655400937926781,-0.7863746772987081,0.12083458350603005,12.413443,30.996502
0.035194986,2.4458673,-0.00707895,2.3724163,-0.042273935,-0.07345104,-0.904070664104065,-0.8813034062979931,0.022767257806071917,4.855065,43.377438
-0.20490721,-1.9951892,0.064619236,-1.6415464,0.26952645,0.35364282,0.30684349418188184,0.47234648708114424,0.1655029928992624,25.386606,39.843273
0.51802146,2.9034374,0.12102886,2.6862123,-0.3969926,-0.21722507,-0.9274755286043455,-0.9168917133265104,0.01058381527783503,25.583097,30.976158
1.1016699,2.8200028,0.846396,2.9477396,-0.25527388,0.1277368,-0.7862351299279169,-0.8661152729936381,0.07988014306572122,15.170094,48.38566
-0.27105752,-0.9232333,-0.24123928,-0.8695504,0.029818237,0.053682864,0.9522227553256357,0.9557944892226651,0.003571733897029361,3.4309094,33.264812
-0.38724393,1.7027099,-0.15612592,1.7916563,0.23111801,0.08894634,-0.4196576899480857,-0.6127047475830567,0.193047057634971,14.11809,42.894638
0.25783327,1.1045768,0.9663117,2.801454,0.70847845,1.6968772,-0.29279111876126684,-0.8546721750605686,0.5618810562993017,81.911835,38.22096
-0.24616052,-1.7333373,0.16807032,-1.0611405,0.41423082,0.67219675,0.5323569934271362,0.7341354069827641,0.20177841355562798,44.975212,49.645554
-0.38626093,1.5825388,-0.2696082,1.8581312,0.11665273,0.27559233,-0.34757869340121855,-0.5794899521589549,0.23191125875773638,16.359999,42.80374
-0.11158278,-0.25991917,0.7372337,0.7820446,0.84881645,1.0419638,0.8601896613319573,-0.231767938600548,1.0919575999325053,72.76221,32.022976
0.0014517312,-2.8552754,0.03913473,1.9901605,0.037683,4.845436,-0.511330899645495,-0.8060148668001368,0.29468396715464173,82.37957,48.439857
-0.07159853,2.3029602,0.061003193,2.2068987,0.13260172,-0.09606147,-0.8414357506697208,-0.8846788389760358,0.04324308830631507,9.37926,34.395554
0.27161026,2.2251813,0.08588658,2.0222158,-0.18572368,-0.2029655,-0.9537700246623544,-0.837777799787836,0.11599222487451843,15.6130295,38.180264
-0.3644363,-0.31718397,-0.48283696,-0.26159918,-0.11840066,0.05558479,0.9419303372796861,0.9345012341965964,0.00742910308308975,7.3779135,49.20402
0.22239,-0.2799778,0.0013701251,-1.107989,-0.22101986,-0.82801116,0.6998538065817783,0.8051015153254096,0.10524770874363132,48.701084,48.294395
-1.1674674,0.74829316,-0.24267519,-0.8732728,0.9247922,-1.6215659,0.47381602396972333,0.9554987489220981,0.48168272495237474,78.36452,32.943535
0.028411277,-1.4682417,-0.8308452,-1.4000216,-0.85925645,0.06822014,0.6085346420145052,0.7860135557228691,0.17747891370836388,49.350266,42.472115
-0.1419181,0.81178594,-0.11256039,-0.19644731,0.029357702,-1.0082333,0.1409772930465678,0.8364632804217971,0.6954859873752293,57.279602,31.348797
0.002625826,0.531816,-0.20398727,0.085672654,-0.2066131,-0.44614336,0.31736949446357343,0.7248714566521026,0.4075019621885292,28.008368,39.666615
0.5459324,-0.0940032,-0.89477855,-0.14651135,-1.440711,-0.052508146,0.3979945405961969,0.838550005589433,0.44055546499323617,82.58923,44.54792
0.23545153,0.116262436,0.9613395,-0.4622067,0.72588795,-0.57846916,0.5021716120196063,0.12164636363567105,0.3805252483839352,48.90213,30.945852
0.26294628,1.0644147,-0.26247585,1.6134957,-0.5254221,0.54908097,-0.26094719048958837,-0.4438040457194401,0.18285685522985173,43.278435,43.30307
-1.3600217,1.8845899,-0.417636,-0.5972984,0.9423857,-2.4818883,0.29322496347493,0.995996677244186,0.702771713769256,75.7877,34.914562
1.4455544,0.48152018,1.1042216,1.7969258,-0.3413328,1.3154056,-0.4098810106852342,-0.7222094754510993,0.31232846476586507,25.80063,32.138176
-0.33599967,2.1876938,-0.7582655,-2.950558,-0.42226583,-5.138252,-0.6548534955516949,-0.1040758732496938,0.5507776223020011,59.343643,32.17066
-0.13402785,2.28876,-0.25370452,2.5449317,-0.119676664,0.2561717,-0.8051999496754387,-0.7427584362340127,0.06244151344142601,15.941565,47.38077
-0.1425166,-1.7889448,0.25006992,-0.85070014,0.39258653,0.9382447,0.4510965784833312,0.7339841691780027,0.2828875906946715,57.868896,49.835796
-0.81862324,-2.968151,0.6284911,-2.491909,1.4471143,0.47624207,-0.06791038459219445,-0.44650996762351625,0.3785995830313218,86.45298,47.580917
-0.02112522,-2.6758378,-0.34319052,1.9693185,-0.3220653,4.6451564,-0.3628819324514705,-0.5802332001871022,0.21735126773563174,93.21841,45.85965
-0.0108659025,1.9931581,0.057573013,2.097693,0.06843892,0.104534864,-0.7848796915689746,-0.8531012148160544,0.06822152324707975,7.1565075,46.922688
0.31813157,-0.31261683,0.04059838,-1.3437197,-0.27753317,-1.0311029,0.6467083726198712,0.6766788796732679,0.029970507053396656,59.974796,38.950954
1.0018104,-1.8690122,0.054671727,-3.067761,-0.9471387,-1.1987487,-0.21119811614336825,-0.6766513433268555,0.46545322718348725,76.01894,38.16567
0.5216465,2.4084733,0.15850705,2.3252103,-0.36313945,-0.08326292,-0.9975468548375162,-0.9408657069467043,0.0566811478908118,21.279634,36.16541
1.0632104,-0.9758241,0.11843547,-2.95241,-0.94477487,-1.9765859,0.011618825564774227,-0.6289126999139567,0.6405315254787309,95.006424,32.66406
-0.8025281,-2.1082048,-1.019399,-0.95962507,-0.21687096,1.1485798,0.41275290039452806,0.836993569826074,0.4242406694315459,40.384445,45.991196
-0.62088716,-0.46166492,-0.39032388,-0.43247014,0.23056328,0.029194772,0.9735684453487536,0.9727768388545446,0.0007916064942090628,13.290439,43.282707
-0.10159496,0.6132777,0.3071302,-0.9404302,0.40872514,-1.5537078,0.29521080954071977,0.6782948489608032,0.3830840394200834,90.82841,33.78733
-0.65146106,2.5504854,-0.16386592,1.8946704,0.48759514,-0.655815,-0.4264207854156048,-0.6612520053515176,0.23483121993591283,43.88695,36.602497
0.86625457,-0.5113163,0.28854707,2.3525484,-0.5777075,2.8638647,0.21889100444199983,-0.9766472911279678,1.1955382955699676,112.352715,38.890038
-0.6846685,-1.0114038,-0.38790587,-1.0899276,0.29676262,-0.078523755,0.9391641264553172,0.9254154586775485,0.01374866777776873,17.430946,35.717407
0.41108063,-2.5255234,0.8362849,2.990148,0.42520425,5.5156717,-0.4101819431431615,-0.8568695844283436,0.4466876412851821,42.378853,36.93207
0.7631168,0.029853106,0.20192291,0.47869906,-0.5611939,0.44884595,0.1734659782344825,0.2628766345081388,0.0894106562736563,39.059536,33.896397
-0.4613668,-2.7241602,-0.39310172,-2.9583054,0.06826508,-0.23414516,-0.16411618604985456,-0.3627131512120867,0.19859696516223213,12.812623,47.115112
-0.43499202,2.0374506,-0.11400002,1.9655192,0.320992,-0.07193136,-0.5388160246760059,-0.7211501786535379,0.18233415397753205,18.810001,39.08065
0.9160897,-2.21187,0.541888,2.857367,-0.37420171,5.0692368,-0.3467055959350187,-0.9412078821555943,0.5945022862205755,53.74727,42.31592
-0.51938653,1.6533267,0.24344647,-2.9839997,0.762833,-4.6373262,-0.3011220746749368,-0.6926289945620105,0.39150691988707376,100.53445,39.833633
1.0527552,1.8503702,0.77605975,-2.456376,-0.2766955,-4.3067465,-0.756741224126606,-0.45532947145151326,0.3014117526750928,62.023476,32.651215
1.3686088,1.0954607,0.332391,2.0818346,-1.0362178,0.9863739,-0.48402427650725555,-0.9274204424124388,0.44339616590518327,64.88826,47.428047
-0.034166783,0.07995319,-0.8891506,0.15549478,-0.8549838,0.075541586,0.6641517035743285,0.7347761859446504,0.07062448237032193,49.123188,34.528286
-0.4401254,-2.4240305,-0.34393722,2.4514027,0.09618819,4.875433,0.05067907625203105,-0.6819706238794332,0.7326497001314642,73.625404,31.423111
0.0004159212,0.73522997,0.44364175,-0.09967775,0.44322583,-0.8349077,0.14421011274549755,0.47785566423225356,0.333645551486756,52.66716,37.37672
-1.2304157,-1.8492551,-0.89326864,0.16803998,0.33714706,2.0172951,0.5459977888775307,0.7288599779770522,0.18286218909952145,49.90502,40.6705
0.7133813,-0.19328833,-0.13822466,-1.3633333,-0.85160595,-1.170045,0.2963718907121198,0.7415142542019986,0.4451423634898788,78.345825,35.28612
0.1477866,1.9034245,0.002413714,2.3409815,-0.14537288,0.43755698,-0.8095550484747207,-0.8825377155355055,0.07298266706078482,26.328138,36.431755
0.21138662,-2.4681458,0.8070946,-3.1061893,0.59570795,-0.6380434,-0.2900417058627234,-0.798131170162961,0.5080894643002376,45.995354,30.332302
0.745006,-1.7386392,-0.47874483,2.7883754,-1.2237508,4.5270147,0.004991514048396706,-0.5378022202719652,0.5427937343203619,115.63105,45.293022
-0.032133505,0.4068327,-0.76385534,0.5033616,-0.7317218,0.09652889,0.4340265397602252,0.564118356562,0.13009181680177484,42.211914,46.611366
0.7440524,0.27766395,0.050610848,-0.779921,-0.69344157,-1.057585,0.0698482293314866,0.8592738392176833,0.7894256098861967,66.73233,34.324768
-0.045501553,0.93488955,0.274683,-0.2605138,0.32018456,-1.1954033,-0.011507494306417954,0.6595424742539819,0.6710499685603999,70.11152,32.526752
-0.9247086,2.5369933,-0.05688528,3.038997,0.8678233,0.50200367,-0.16782030977630846,-0.7210620285393725,0.553241718763064,55.087418,30.623457
0.681334,-0.77397203,-0.091089845,-1.7340392,-0.77242386,-0.96006715,0.398016964955616,0.47308106811431916,0.07506410315870315,67.27609,49.32649
0.30476558,1.3697469,-0.21719459,2.143965,-0.52196014,0.7742181,-0.5224993133462075,-0.7235609464723574,0.20106163312614989,53.034462,45.935787
-1.2521996,1.9910228,0.06413677,-1.8893646,1.3163364,-3.8803873,0.18820343818445906,0.2778956851863166,0.08969224700185752,106.97529,35.05717
-0.11275625,-2.829277,-0.11801431,1.8680108,-0.005258061,4.6972876,-0.43688243876683863,-0.6738173868677508,0.2369349481009122,90.09468,35.062016
-0.8209399,0.9536426,0.2227129,-1.0395988,1.0436528,-1.9932414,0.3020467698871432,0.7077328350288568,0.40568606514171357,115.73162,38.451393
-0.0735549,0.5299015,-0.5958508,-0.32344833,-0.52229595,-0.8533498,0.3529856101211024,0.9485304433427046,0.5955448332216022,54.272247,32.944126
1.2807816,-2.5765939,0.53000784,2.0973268,-0.7507738,4.6739206,-0.522462269196911,-0.9461337033083712,0.42367143411146024,61.644585,38.826218
0.18237613,-2.0627182,0.14494768,-0.96634334,-0.037428454,1.0963748,0.0737069545504081,0.7754689143777682,0.7017619598273601,61.91808,32.14205
0.71135736,0.97556996,0.057816733,2.0658612,-0.6535406,1.0902913,-0.3511660671927519,-0.842530569522328,0.49136450232957607,67.21548,47.635563
0.83702564,0.6640632,0.57439786,0.4788857,-0.26262778,-0.1851775,-0.20223802107461353,0.054848476781911515,0.25708649785652504,17.0402,30.61663
0.2508691,1.1688201,-0.22854249,1.7191182,-0.4794116,0.5502981,-0.3437561122562762,-0.529441142389242,0.18568503013296578,41.58473,38.608418
-0.5551821,1.521723,-0.51359993,2.354163,0.041582167,0.8324399,-0.19921039902900595,-0.5437185501128852,0.3445081510838792,40.785866,37.309757
-0.74740154,1.6570837,0.0109309545,-2.9367983,0.7583325,-4.593882,-0.13682533494329574,-0.5731784692112182,0.43635313426792244,95.4019,47.16665
-0.65771306,-2.2656338,-0.18656904,2.7654002,0.47114402,5.031034,0.26443440214559644,-0.750253983184578,1.0146883853301745,69.08296,33.098087
-0.0697752,-1.3157649,-0.69381815,-0.11550413,-0.6240429,1.2002608,0.7412696746000833,0.873191246068941,0.13192157146885775,71.19771,46.431202
0.177397,1.8032434,0.5182331,2.2544847,0.3408361,0.45124125,-0.7687480732447955,-0.981384731148534,0.21263665790373842,31.030916,30.572008
-0.6250177,-0.549031,-0.62031627,-0.19460244,0.0047014356,0.3544286,0.9834761947921322,0.9086623798389288,0.07481381495320338,16.468681,37.399357
0.1690838,-2.2887447,0.43095464,-3.0471294,0.26187083,-0.7583847,-0.11706498003976407,-0.7729768615969643,0.6559118815572003,43.90725,49.879177
1.3100163,0.22010183,-0.378984,2.0797257,-1.6890002,1.8596239,-0.2991388927958021,-0.5942172951808811,0.295078402385079,115.19466,48.423203
-0.45842642,-2.8305569,-0.2680309,1.8603241,0.1903955,4.690881,-0.23880740677668477,-0.581568516005385,0.3427611092287002,84.341354,38.21782
-0.18760106,1.8569124,0.5933797,2.2787685,0.7809807,0.42185616,-0.6290082286096474,-0.9798214735078332,0.35081324489818577,50.296425,30.03301
-0.112719424,3.0178392,0.9666687,2.7405758,1.0793881,-0.2772634,-0.7019346639409032,-0.86365182504057,0.16171716109966683,63.236366,32.76663
0.14578488,-0.686641,0.07410814,-0.9910701,-0.071676746,-0.3044291,0.8126201568747504,0.8077185954018482,0.004901561472902216,17.812399,42.09545
-0.817995,2.6036413,0.92083424,-2.7556345,1.7388293,-5.359276,-0.26758442783374825,-0.628669655302887,0.36108522746913874,109.36706,36.548283
0.25482202,2.7849782,0.55674636,2.5930247,0.30192435,-0.19195342,-0.9330740859664921,-0.9909856980420866,0.057911612075594476,20.002665,49.484707
0.3655985,0.70180416,-0.5266216,1.9595698,-0.8922201,1.2577657,-0.001739696350394837,-0.44026083819998085,0.438521141849586,86.0471,43.67141
-0.48580742,-1.9279888,0.03260369,-1.4017957,0.5184111,0.526193,0.45766346510430544,0.6473010725926631,0.18963760748835767,41.49202,30.4066
-0.8475041,0.07017183,-0.808411,-0.07923886,0.039093077,-0.1494107,0.7770205087022586,0.8404929423257157,0.06347243362345711,6.2040606,41.021633
-0.13554351,-1.3037777,-0.20013133,-1.1551832,-0.06458782,0.1485945,0.7727458281074426,0.8625641333193403,0.08981830521189771,9.17209,48.157993
0.78504527,-0.5696702,-1.0372789,0.6153443,-1.8223242,1.1850145,0.30129659921424157,0.5209637007972727,0.21966710158303115,118.245964,44.20232
0.601465,1.602648,-0.12048554,2.1822925,-0.72195053,0.57964444,-0.7338202916281015,-0.7911171708014786,0.05729687917337711,51.9159,34.922874
0.65309113,-2.2897787,-0.09442623,0.38351986,-0.74751735,2.6732986,-0.31145380173405357,0.47893797560915896,0.7903917773432125,139.71518,45.09737
1.2785538,0.5902643,0.4906653,-2.8373635,-0.7878885,-3.4276278,-0.3613274096710697,-0.6548705916395914,0.2935431819685217,78.02717,48.286373
0.78646326,1.9463346,0.41778696,2.1148849,-0.3686763,0.16855025,-0.8683775513065228,-0.9478287728423851,0.07945122153586226,22.53339,49.515923
0.6550944,-2.2367635,-0.48501268,2.071105,-1.140107,4.3078685,-0.2747812609494975,-0.511015272528315,0.23623401157881752,124.06584,44.53334
0.99959654,-2.864328,0.8143725,3.1339836,-0.18522406,5.9983115,-0.665288305676091,-0.8134908647681629,0.14820255909207192,14.547363,36.581993
1.3711517,0.9854028,0.331399,1.5785908,-1.0397527,0.5931879,-0.4646301880646435,-0.6776813575405115,0.213051169475868,61.67994,36.54798
-0.3123187,-1.5148076,-0.01833805,-1.1064371,0.29398066,0.4083705,0.7038170655523281,0.8145819920627511,0.11076492651042291,28.49504,41.07727
-0.32563114,-2.7315168,-0.5628983,2.7307434,-0.23726714,5.4622602,-0.24840569306037175,-0.48142217745339266,0.23301648439302092,44.207817,48.134624
0.50296885,2.3005774,1.0359085,2.577049,0.5329396,0.2764716,-0.988594660261171,-0.8447919696446107,0.14380269061656037,32.3969,40.894245
0.42974642,1.8331697,0.82215405,2.7315123,0.39240763,0.8983426,-0.8409252497980138,-0.9200728190868812,0.07914756928886746,46.317364,35.011223
1.0403173,-1.9863602,-0.6391769,-1.7922909,-1.6794941,0.19406927,-0.2812172137602884,0.5842796843929658,0.8654968981532543,96.667465,42.902073
0.3233328,2.0024455,0.27704006,2.2905145,-0.046292722,0.288069,-0.8981852318693981,-0.9666132790056601,0.06842804713626194,15.982049,30.605938
-0.44953015,-0.6295185,-0.23656721,-0.6360882,0.21296294,-0.0065696836,0.9989092350436799,0.9708512314263089,0.028058003617370986,12.206987,36.964123
-0.83496505,-2.7484705,0.42594188,0.4802762,1.2609069,3.2287467,0.051055841478504504,0.13923574715788334,0.08817990567937883,156.23268,42.12254
-0.5720833,-2.0846663,0.118138894,-1.0546398,0.6902222,1.0300264,0.3661199677626623,0.7648021516384507,0.39868218387578835,68.53081,35.658417
-0.29460412,-1.3297116,-0.55525744,-1.0609958,-0.26065332,0.26871574,0.8063330932164465,0.9405608332137572,0.13422773999731064,20.43975,31.691166
-0.276213,0.76951694,0.2868463,-0.84337384,0.56305933,-1.6128907,0.2349433153028393,0.7102836309917429,0.47534031568890356,96.660805,38.46134
0.41273355,-2.3929424,0.77830106,-2.5382454,0.3655675,-0.14530301,-0.30536484670587427,-0.5059008936049239,0.20053604689904958,22.02091,41.866825
0.032716986,-2.3927372,0.8301028,-2.4841287,0.7973858,-0.09139156,-0.1473639899624466,-0.4814375581763741,0.33407356821392753,45.911793,37.87022
-0.36226386,-0.64733815,0.062201124,-1.3736402,0.42446497,-0.726302,0.9932533972644748,0.6491991032978399,0.3440542939666349,47.48912,45.185616
0.7470757,2.6399028,0.5109555,2.61858,-0.23612016,-0.021322727,-0.9540695022642414,-0.9907671134158598,0.0366976111516184,13.564264,44.944595
-0.06727142,-2.0305543,-0.13766262,-2.0724504,-0.0703912,-0.041896105,0.21792064695964797,0.21245980706727607,0.005460839892371894,4.686757,30.994228
0.44313988,2.523575,0.4718724,-1.7742683,0.028732508,-4.2978435,-0.9982674152284154,0.14934710959476583,1.1476145248231813,97.423515,44.717247
-0.0254971,1.2253783,-0.46419036,2.2253077,-0.43869326,0.9999294,-0.27363783188256185,-0.5659294339356435,0.2922916020530817,60.367188,38.336906
0.42495704,-2.8513978,0.99376637,2.8258142,0.56880933,5.6772118,-0.65167315840635,-0.8385387400125301,0.18686558160618016,41.057705,47.606644
0.2900138,-0.36766338,0.026808959,-1.101432,-0.26320484,-0.7337686,0.681296654755549,0.7955932000348214,0.11429654527927235,44.023697,43.483562
-1.3195262,-0.52861667,-0.8347198,0.047860175,0.48480642,0.5764768,0.6627210202067602,0.7882446657348341,0.12552364552807393,30.930937,41.965054
-0.16215253,2.4306395,-0.09336362,2.192399,0.06878891,-0.23824048,-0.802411355681862,-0.8084339320958307,0.00602257641396875,14.09776,42.087414
0.8934306,1.142719,0.06564405,1.8687581,-0.82778656,0.72603905,-0.4919375290971324,-0.7617579894827022,0.26982046038556984,58.748894,32.101185
0.5602585,0.38468623,-0.38234958,-1.2505867,-0.9426081,-1.635273,0.12637871037512305,0.8615529179179671,0.735174207542844,104.41291,36.716873
-0.730979,-2.7557936,-0.16928838,1.2338787,0.5616906,3.9896722,-0.01849217754068988,-0.21114354872197794,0.19265137118128806,111.89626,41.68577
-0.34922963,-1.0243692,-0.2676754,-0.7645925,0.081554234,0.2597767,0.9407421384267103,0.9746898552808041,0.03394771685409381,14.923242,45.792553
-0.2552506,-1.75581,0.12359195,-1.1995708,0.37884256,0.55623925,0.5184436251054381,0.7056840889531273,0.18724046384768922,38.34058,49.242085
-0.12134796,-2.043048,0.22933389,-0.8793605,0.35068184,1.1636875,0.2308548381168336,0.7427746057848186,0.511919767667985,69.192116,36.575897
1.0942457,1.6645911,0.7957872,2.5751925,-0.29845846,0.9106014,-0.6900211431657057,-0.9458847571685425,0.25586361400283675,33.73028,32.36572
0.37690964,0.053034306,-0.26794067,-1.2657567,-0.6448503,-1.318791,0.449580638469663,0.8318779649695482,0.38229732649988524,82.753876,30.281744
-0.09073232,3.0899704,0.2558915,1.9830238,0.34662384,-1.1069466,-0.6784265370474571,-0.8761853954697951,0.19775885842233798,65.91369,49.875072
1.1148694,0.6733947,1.0721385,-2.4804533,-0.04273081,-3.153848,-0.3242825042164572,-0.5025155033239699,0.17823299910751267,54.692566,38.52926
1.3514698,0.97149205,0.3618313,2.4579906,-0.98963845,1.4864986,-0.46155877862755146,-0.9934119005821422,0.5318531219545908,68.73756,47.854584
-0.24617565,-2.256882,-0.059875235,-1.8282329,0.18630041,0.42864907,0.09988957962209355,0.3850584013389424,0.2851688217168489,26.477541,44.25311
0.7632758,1.845381,0.6324056,2.2471426,-0.13087022,0.40176153,-0.8381201045115425,-0.9702222621963976,0.13210215768485511,19.084108,38.905445
-1.4423532,0.8429134,-0.9396132,0.30055907,0.50274,-0.54235435,0.460967065659144,0.665302234806556,0.204335169147412,30.069445,49.773663
-1.038642,-2.9655476,-0.045848656,-0.7869257,0.9927934,2.1786218,0.09688522815971634,0.9029897487877117,0.8061045206279953,104.47535,46.537483
1.3238739,2.5324814,0.7937365,2.4773166,-0.53013736,-0.055164814,-0.6613123230229192,-0.949994534251358,0.28868221122843885,30.404156,44.74798
-1.3030255,0.052401304,-0.95219815,-0.9081717,0.35082734,-0.960573,0.6181305215779893,0.8745843219195812,0.25645380034159193,29.122402,46.553715
-0.91111,-2.9629805,0.81323075,-2.3296196,1.7243407,0.63336086,0.003163394821483312,-0.38578679896354906,0.38895019378503237,103.56946,46.859016
0.6161891,-2.005825,0.53941965,-2.5352414,-0.07676947,-0.5294163,-0.09441475411172817,-0.4550354515524724,0.3606206974407442,25.684063,39.064415
0.8503767,0.068220854,0.28481326,-1.2274573,-0.56556344,-1.2956781,0.08821006457153158,0.5960548102516388,0.5078447456801072,67.470566,44.868343
-0.25919002,-0.5039296,-0.25483498,-2.5271277,0.004355043,-2.0231981,0.9643837915213975,-0.12538941426560513,1.0897732057870027,110.13733,41.111187
1.1533661,-2.8689547,0.841931,3.0520706,-0.3114351,5.9210253,-0.6301077910222945,-0.8361469962756023,0.20603920525330777,20.87179,48.95123
-0.15578103,-2.5026636,-0.53563046,2.10788,-0.37984943,4.6105437,-0.15416254787713513,-0.48093412624732856,0.32677157837019344,90.41165,45.420628
0.6418606,-0.7427082,0.085601635,-1.2839073,-0.556259,-0.5411991,0.43564542347588997,0.6858023262827269,0.2501569028068369,42.67687,49.225487
0.68649113,2.767062,0.5405172,2.06191,-0.14597392,-0.70515203,-0.947711666342995,-0.9355886614984108,0.012123004844584173,33.778027,37.69816
-0.4651767,-1.1668328,-0.54523027,-0.8163537,-0.08005357,0.35047913,0.9047985247606256,0.9897563312418391,0.08495780648121354,18.131826,43.966476
-0.32965717,3.014696,0.6879613,3.0816543,1.0176184,0.06695843,-0.5704523990051551,-0.8528851922622522,0.28243279325709714,58.41547,37.85646
-0.02814593,0.94014907,1.0692179,-1.6173863,1.0973638,-2.5575354,-0.024147883984333873,-0.1516727997946017,0.1275249158102678,115.19018,35.05596
-0.55052006,-2.8247721,0.23700103,-2.8156068,0.7875211,0.009165287,-0.176290961049121,-0.5755940381289033,0.3993030770797823,45.124447,38.221634
-0.41820797,2.1082737,-0.043097664,2.010288,0.3751103,-0.097985744,-0.5736276468613326,-0.7762773451170872,0.20264969825575463,22.167028,47.93283
0.077567734,-0.754668,-0.06020858,-0.8586082,-0.13777632,-0.10394019,0.8475372067556961,0.8993651387408002,0.05182793198510405,9.885488,41.60687
-0.9887809,-1.299423,-0.8810133,-0.64421517,0.10776764,0.6552078,0.7785508904934568,0.9189612988911762,0.14041040839771934,22.81541,45.152073
-0.15728405,0.15047026,-0.7676747,-0.59239835,-0.61039066,-0.7428686,0.6688133057593957,0.9557846090166464,0.28697130325725073,50.78802,30.70584
0.95822966,-0.26714897,-0.95380557,1.6990426,-1.9120352,1.9661915,0.09453953421480765,0.0048161782214934945,0.08972335599331416,142.69846,37.296265
0.22269787,2.2974737,-0.09067304,2.3157659,-0.3133709,0.018292189,-0.9552804445530612,-0.8331696896547705,0.12211075489829071,17.985014,43.077454
1.506408,0.07715225,-0.576085,0.5682843,-2.0824928,0.49113202,-0.4156162705143993,0.4913371101405435,0.9069533806549428,119.73803,33.501305
0.12932666,-0.6855738,-0.23326468,-0.9105779,-0.36259133,-0.22500408,0.8221120604615741,0.9462130266844486,0.12410096622287448,24.403078,31.09391
0.42600563,1.9041321,0.35515124,2.0060627,-0.070854396,0.10193062,-0.8729226722305032,-0.904888160805891,0.031965488575387724,6.754444,35.51568
-0.6048493,-1.3542193,-0.33257475,-0.9904646,0.27227452,0.3637547,0.8282771838830598,0.94755658475313,0.11927940087007016,24.176662,43.486626
-0.08992496,1.1186006,-0.5293641,-0.48358893,-0.43943915,-1.6021895,-0.15214043728798288,0.9849610539469786,1.1371014912349615,88.94758,42.22575
1.0286071,1.3367326,0.8094721,2.5864124,-0.21913505,1.2496798,-0.5873081343420328,-0.9407799454289432,0.3534718110869104,42.90717,34.10808
-0.5378579,2.6206949,-0.05335798,2.1004863,0.4844999,-0.5202086,-0.5196613975504771,-0.8033639126284706,0.2837025150779935,39.51458,36.312454
-0.7668938,0.7629936,1.0468912,2.3327298,1.8137851,1.5697362,0.40451248302936094,-0.8374051511429386,1.2419176341722995,126.90202,30.260172
0.10011161,-2.005783,-0.7542639,-0.6647434,-0.8543755,1.3410397,0.16212505038813063,0.9615764194325234,0.7994513690443927,84.45062,35.579613
-0.35813305,-0.5344186,0.085965835,-1.1225556,0.4440989,-0.58813703,0.9851286993471113,0.7578668633574202,0.22726183598969119,41.736378,33.832394
1.059273,1.8275149,0.630604,2.1245992,-0.42866898,0.29708433,-0.7482454883399852,-0.9459005594003855,0.19765507106040037,26.848902,41.54039
-0.5839984,-2.1698031,0.083542876,-0.9600387,0.66754127,1.2097645,0.30710037601249773,0.8109849096728645,0.5038845336603668,75.66099,31.221964
-0.5601032,-2.8349128,0.29328236,0.9886427,0.85338557,3.8235555,-0.17644969224852325,-0.20917412572918437,0.03272443348066112,141.55612,42.10156
-0.41115007,-1.0685427,-0.29304215,-0.9622195,0.118107915,0.10632324,0.9347810819226545,0.9477761497097639,0.012995067787109349,8.856254,34.85437
-1.0804595,2.9907625,-0.60795224,0.58208716,0.47250724,-2.4086752,0.04152748790198624,0.4887884433679517,0.44726095546596545,77.49066,38.77886
0.99540097,-0.47443628,0.93955195,2.041531,-0.055849016,2.5159674,0.08956713346188838,-0.8473258469124314,0.9368929803743198,65.355545,31.35663
-0.8656117,-2.9127653,0.57009363,-0.75632596,1.4357053,2.1564393,-0.00845516526433876,0.49812647556335676,0.5065816408276955,135.44638,38.672337
0.72576547,1.8861458,0.73504704,2.4019928,0.009281576,0.51584697,-0.8591859723985671,-0.9652021854709414,0.1060162130723743,21.912333,39.067543
0.33254838,-1.9866856,0.83310443,-0.8603654,0.50055605,1.1263202,0.06344011907142821,0.2479666813855026,0.18452656231407438,59.006664,41.853897
0.13448483,-0.86618304,0.0839602,-0.91289085,-0.05052463,-0.04670781,0.802751284290256,0.8216631404767973,0.018911856186541343,3.9313884,37.778625
-0.04975142,2.227132,-0.027070677,2.3294256,0.022680743,0.10229349,-0.8389490588624007,-0.8673305353909209,0.02838147652852019,5.9989424,46.04564
-0.24575739,-0.24409509,-0.7054902,0.1602187,-0.45973277,0.4043138,0.8957069643010023,0.7525680593926367,0.14313890490836556,33.21361,36.33577
-0.05938515,1.8105938,0.0113033345,2.1609325,0.070688486,0.3503387,-0.6743878907403085,-0.8519578095460391,0.1775699188057306,20.467615,42.26246
1.0545309,0.5092044,1.0803173,-2.2208054,0.0257864,-2.7300098,-0.23219962168525576,-0.3950236576498316,0.16282403596457584,56.35584,42.109802
-0.5818594,0.9349301,-0.62300354,0.5498715,-0.041144133,-0.38505858,0.22484865194621229,0.5139976411169567,0.2891489891707444,18.29143,47.96078
-0.19298299,0.36608243,-0.6831503,0.32091746,-0.49016732,-0.045164973,0.5306317076986353,0.665690725387436,0.1350590176888007,28.17884,41.299603
-1.0556535,0.33321285,-0.72598195,-1.4592192,0.3296715,-1.7924321,0.6334418705214082,0.7736190931605509,0.14017722263914267,60.21655,30.508621
0.53861856,2.6661417,0.9056438,2.5914655,0.36702526,-0.074676275,-0.9833112494368823,-0.9051147149612273,0.078196534475655,21.2635,41.06105
-0.5277905,2.7444518,0.21886213,2.0074944,0.7466526,-0.7369573,-0.5080239590158762,-0.8762178228084654,0.3681938637925892,58.993126,43.810146
0.23862076,-0.6780176,0.021460041,-0.9201727,-0.21716072,-0.24215508,0.7551814166011717,0.8515480125692187,0.09636659596804709,18.527767,48.72143
0.50644416,-2.785232,0.79353505,-3.0554352,0.2870909,-0.2702031,-0.6233230628752633,-0.7792042072413177,0.15588114436605438,20.475916,36.497894
0.9652441,0.6556165,1.4352657,-2.612976,0.47002155,-3.2685926,-0.25527991854770526,-0.4976255768846918,0.2423456583369865,42.40832,43.15889
0.18507369,-2.1437986,-0.27189788,-0.17790376,-0.4569716,1.9658948,0.0022954733052742426,0.8766609499911997,0.8743654766859255,114.44677,44.706184
0.05404898,1.4460042,-0.09272648,2.0543678,-0.14677545,0.6083636,-0.4867772435507862,-0.7674016380400879,0.28062439448930165,35.819588,42.740902
-0.16727105,0.76675105,0.35128045,-1.3118824,0.51855147,-2.0786333,0.19138772713386132,0.5118119052441275,0.32042417811026613,120.498085,43.21984
-0.4280312,-1.89839,0.07883718,-1.1796005,0.50686836,0.7187896,0.46355920920340843,0.7383156379641855,0.2747564287607771,49.466656,37.516994
0.28332373,-1.9817871,1.5229739,-2.9737227,1.2396501,-0.9919356,0.09234617510518106,-0.4862525160534523,0.5785986911586334,72.28163,49.20885
0.13168176,-0.05008197,-0.5886754,-0.18510453,-0.7203571,-0.13502257,0.6556961946450581,0.9076628514519918,0.25196665680693364,41.92106,35.748657
0.7369492,0.87696147,0.111976795,-0.31887475,-0.6249724,-1.1958362,-0.293947223753932,0.7773350710419749,1.0712822947959069,69.842514,35.51125
1.2425115,-1.074754,-0.43110943,2.0528297,-1.6736209,3.1275837,-0.17028693954227503,-0.5468562806350548,0.37656934109277973,133.50781,37.38227
-0.3307002,-1.0553622,-0.39351454,1.8672613,-0.062814355,2.9226236,0.9285287728738645,-0.5007479593428901,1.4292767322167546,136.73251,34.20899
-0.58292526,2.2679603,-0.11396348,2.1069765,0.46896178,-0.1609838,-0.4746368405930568,-0.7735327543255108,0.29889591373245405,28.198795,39.09615
-0.20818138,1.301502,0.5863986,-2.9260237,0.79458,-4.2275257,-0.24632449859987737,-0.7207938884152343,0.4744693898153569,119.61767,42.621674
-0.0657989,0.5797212,0.2188831,-1.244178,0.284682,-1.8238993,0.3080180965244317,0.6299793204628852,0.3219612239384535,104.962265,35.192154
0.91308075,2.2249982,0.8685609,2.8988976,-0.04451984,0.6738994,-0.8899629129233322,-0.8718387093431552,0.018124203580176967,24.1202,40.979313
-0.7900489,1.0462968,0.018853547,-0.77035135,0.80890244,-1.8166482,0.23350833602646048,0.8756695751420056,0.6421612391155451,100.64115,34.63858
-1.0160713,-1.664234,-0.19855554,-1.0803959,0.8175158,0.5838381,0.6457944765070656,0.8901688469583853,0.2443743704513197,53.237328,38.592987
-0.34652388,-2.4765563,0.014895325,-2.788649,0.3614192,-0.31209278,-0.03763545650141609,-0.4678838890514314,0.4302484325500153,27.13109,43.343826
-1.2177137,-1.2133324,-0.8866226,-0.8229885,0.3310911,0.3903439,0.693581358175186,0.9106018137003673,0.21702045552518134,21.682043,41.499157
-0.68824446,-1.2257267,-0.43777528,-0.9923229,0.25046918,0.2334038,0.875167033271504,0.9584096863224651,0.08324265305096112,18.226336,42.24926
-0.8922505,0.24519491,-0.8673539,-0.2048921,0.024896562,-0.450087,0.695901848868484,0.8628009688159901,0.16689911994750606,16.411724,34.13486
-0.60752,-2.296628,-0.14422774,2.3254645,0.46329224,4.6220922,0.22268717135686344,-0.8045427930932263,1.0272299644500897,89.49723,35.86806
-0.49838698,-0.7752557,-0.20673826,0.15230484,0.29164872,0.9275605,0.9956258575797072,0.6845264491913152,0.311099408388392,52.140427,30.086372
0.3787238,-1.8440675,0.3648936,-1.6455132,-0.013830215,0.19855428,0.15137706266842343,0.30357409528482826,0.15219703261640483,10.626176,49.44094
0.066924095,1.4264514,-0.044540096,1.9609109,-0.11146419,0.5344595,-0.477418072664304,-0.7551832345754086,0.27776516191110456,31.263615,33.084156
-0.13395266,0.61716104,-0.06543782,-0.7426816,0.06851484,-1.3598427,0.305706439448727,0.914615643224411,0.608909203775684,77.5372,41.79259
-0.12649266,0.77958465,0.39402992,1.4305179,0.5205226,0.65093327,0.16236704681590197,-0.5923259989877945,0.7546930458036964,47.136333,46.446514
0.504895,1.197768,-0.38146716,1.2762506,-0.88636214,0.07848263,-0.45112147972857386,-0.13361711954131472,0.31750436018725914,50.969475,31.579765
0.6049075,1.9504712,0.008403662,2.183401,-0.59650385,0.23292994,-0.8955540038777556,-0.8564975178399584,0.03905648603779721,36.380882,44.099056
0.3379636,-0.69347954,0.1990536,-0.8762084,-0.13891001,-0.18272889,0.6862726644754353,0.7624962302787299,0.07622356580329459,12.84606,42.333923
-0.1652518,1.1635568,-0.29261097,-0.76883584,-0.12735917,-1.9323926,-0.15428954939196693,0.979233674624993,1.13352322401696,106.65841,41.433056
-0.29306796,-1.4031962,-0.8269441,-0.913611,-0.5338762,0.48958522,0.7659855399223545,0.9216981770453714,0.15571263712301686,38.308067,38.362446
0.39860445,-2.7161071,0.85124654,-3.038961,0.45264208,-0.3228538,-0.5510215280360367,-0.7632332159651294,0.21221168792909273,29.782888,49.31188
0.9022355,2.0788648,-0.029924985,2.1628323,-0.9321605,0.08396745,-0.8691780638947151,-0.833245274071647,0.035932789823068134,53.564476,44.226135
-0.90289855,1.6821029,-0.35007697,2.472674,0.5528216,0.790571,-0.028613672106476695,-0.6775960779806383,0.6489824058741616,47.272224,35.078304
0.120649524,0.7944088,0.85287243,0.6136128,0.7322229,-0.18079603,0.036437361065488005,-0.18100268010202747,0.21744004116751547,42.857628,44.515488
1.3615192,1.0418732,0.9059726,3.010774,-0.45554662,1.9689007,-0.4748177289614146,-0.8306194990359295,0.35580177007451486,43.93172,37.444355
0.12481384,0.055798292,-0.80591124,-1.0002083,-0.9307251,-1.0560066,0.6011192719340768,0.9133662188658196,0.3122469469317428,75.61335,33.052635
-1.3249383,-1.314683,-1.0346134,-0.37122548,0.29032493,0.9434575,0.6178400700331901,0.8276785848525181,0.20983851481932803,24.93336,37.583515
-0.36668512,-1.3418853,-0.3536926,-1.0518212,0.012992531,0.2900641,0.8149004416861407,0.9331963303500981,0.11829588866395735,15.563823,31.907772
-0.42351463,0.36795926,-0.77369994,-0.14478457,-0.3501853,-0.51274383,0.5983190095283693,0.8696372061291533,0.27131819660078405,31.190924,47.502262
0.030068876,-2.2371173,0.20968722,-1.6115856,0.17961834,0.6255317,-0.008414678123182417,0.4178050233868871,0.4262197015100695,36.984806,41.660698
-0.030998426,2.935046,0.5355693,2.9756854,0.5665677,0.0406394,-0.7794527951304175,-0.9022975440838703,0.12284474895345276,32.537617,39.313663
0.2987237,1.7496364,0.17533821,2.1092,-0.12338549,0.3595636,-0.7737066337744194,-0.898968344268491,0.12526171049407164,21.216866,35.80951
0.3364284,-0.6030059,0.021433728,-1.1524659,-0.31499466,-0.54946005,0.6855581845773955,0.7782529673033238,0.09269478272592835,35.719162,42.562057
1.2718532,1.9144351,0.5863626,2.0535378,-0.6854906,0.1391027,-0.6605764688020632,-0.930896812564626,0.27032034376256275,39.489693,34.43547
-0.51664025,-0.7383721,-0.5119794,-0.6977973,0.004660845,0.04057479,0.9975004799497995,0.9991102559373104,0.0016097759875108864,2.0415266,38.58246
-0.24867898,1.0605166,1.3503234,1.6215473,1.5990024,0.56103075,-0.026177662137964575,-0.5759408420811687,0.5497631799432041,93.4797,47.999664
0.40401396,-2.5286164,-0.21211553,1.3391427,-0.6161295,3.8677592,-0.4103277344501386,-0.2741080401333482,0.13621969431679037,139.01477,33.70129
-0.34776357,-1.360304,-0.6486436,-1.0954953,-0.30088004,0.26480865,0.8017232995451717,0.9227114446886837,0.12098814514351197,21.726591,42.00776
-0.8862483,2.3917673,0.92350006,-3.0983682,1.8097484,-5.490135,-0.20513555317722165,-0.7701679349880155,0.5650323818107938,110.51416,39.62248
0.91760683,-2.330288,0.9491574,-3.0486927,0.031550586,-0.71840477,-0.41105773969583304,-0.7459374258718883,0.33487968617605524,24.21207,31.120657
1.3550985,-0.2814064,-0.09131776,1.9054466,-1.4464163,2.186853,-0.2719414032913132,-0.7062577429797292,0.434316339688416,102.25325,31.292795
-1.3018597,-2.8237877,-1.209256,0.7962702,0.09260368,3.6200578,0.3124123066058697,0.4608504324931406,0.1484381258872709,35.084957,46.978954
0.04987925,0.9652417,0.96104294,0.43261322,0.9111637,-0.5326284,-0.08211360172297333,-0.1472170146478904,0.06510341292491706,57.751186,37.557526
-0.17388143,-2.296313,0.93881226,2.625264,1.1126937,4.921577,0.0328058878712163,-0.8885220909022298,0.9213279787734461,91.075134,34.596825
-0.6744741,2.4193742,0.22517169,2.1598675,0.8996458,-0.2595067,-0.40698793280199297,-0.9275268587333496,0.5205389259313566,53.387794,35.19699
-0.41422722,1.6339171,-0.06615352,1.7069646,0.3480737,0.07304752,-0.36135321500732065,-0.6110865922932573,0.2497333772859367,20.348396,47.92007
0.3656359,1.9175475,0.2794781,2.1490817,-0.0861578,0.23153424,-0.8707585121426877,-0.9373026390849581,0.06654412694227041,13.508046,39.693943
0.89825994,-0.5916128,0.806531,0.6077911,-0.091728926,1.199404,0.1932500677139597,-0.15469249961792464,0.34794256733188433,43.85072,37.440136
0.63432306,-1.6307849,0.18919288,-1.7546422,-0.44513017,-0.12385738,0.13980109502276772,0.3234404614202697,0.183639366397502,26.298977,49.229073
0.061227065,-2.9150455,0.06038782,2.0791197,-0.0008392446,4.9941654,-0.58021706660851,-0.8481279304915197,0.26791086388300966,73.69633,47.82616
0.65532273,2.6725652,0.8387136,2.9583342,0.18339086,0.285769,-0.9694880151610423,-0.8653671547439714,0.10412086041707092,15.900569,33.678318
1.3510482,1.4277236,0.8113104,-2.9393964,-0.5397378,-4.36712,-0.5452203068294523,-0.7249018045383746,0.17968149770892228,48.93215,49.6283
-0.35110995,0.10552645,-0.64520586,-0.17311776,-0.2940959,-0.2786442,0.7521744974284683,0.899087491902125,0.1469129944736567,21.855192,35.014046
-0.3284135,-0.11612296,-0.5103586,-0.28215104,-0.18194509,-0.16602808,0.8622767045467254,0.9411233539876545,0.078846649440929,13.557243,47.10719
-0.41136453,2.2660253,-0.03288311,1.9660102,0.37848142,-0.3000151,-0.6145240519810322,-0.7630677813953008,0.14854372941426863,27.338696,40.654655
0.42592406,1.2391293,0.050282657,2.0357995,-0.3756414,0.7966702,-0.4598371312014269,-0.8285736275332414,0.3687364963318145,48.959347,45.76396
-0.32222423,-0.41063285,-0.54066384,-0.27149898,-0.21843961,0.13913387,0.959456284791953,0.9375186158025963,0.021937668989356673,14.447188,42.690987
0.8492419,1.9998767,0.43298957,2.0704222,-0.41625234,0.070545435,-0.8677484223393765,-0.9357584250621898,0.06801000272281321,24.05995,45.009705
-0.44231373,-0.4124956,-0.4107002,-0.24681544,0.03161353,0.16568017,0.9724567461217983,0.9251819481972321,0.047274797924566236,8.827905,46.277363
-0.4174704,2.8811948,0.07482101,1.9918014,0.4922914,-0.88939345,-0.5585676967188844,-0.8214136360353885,0.26284593931650413,57.052624,45.00018
-0.9072469,-1.0702045,-0.958676,-0.7785324,-0.051429093,0.2916721,0.8657877107842218,0.8829845877366758,0.017196876952453977,10.349481,40.55878
-1.2273014,2.491627,-0.7058327,1.2311825,0.52146864,-1.2604445,0.13241445108501892,0.07642874546807832,0.055985705616940606,46.44493,43.55486
-0.4688508,2.6471655,0.12625384,1.93596,0.59510463,-0.7112055,-0.5731645798567317,-0.816964570730871,0.24379999087413928,52.15357,49.281128
-1.2579218,0.64131904,-0.4061522,-0.7682856,0.8517696,-1.4096045,0.5057314612304538,0.9937928766135578,0.488061415383104,65.084694,30.151745
0.36148262,1.0961478,-0.05546999,2.329014,-0.4169526,1.2328663,-0.3254186171473048,-0.8532409615310272,0.5278223443837224,73.14058,31.86681
0.18945603,-1.1962975,-0.017439967,-1.144042,-0.20689599,0.05225551,0.6694136525433585,0.7995630887654723,0.13014943622211383,12.222499,39.10363
-1.0609459,-3.0693874,0.7149365,-2.7127204,1.7758824,0.35666704,0.0811565376394463,-0.6042052425971125,0.6853617802365588,103.111404,46.684727
0.067438565,0.15145516,-1.0278763,-0.44436148,-1.0953149,-0.5958166,0.5715616958793976,0.8397767715296469,0.26821507565024927,68.34929,48.55334
-0.37851274,-2.1283035,-0.604414,0.5136186,-0.22590125,2.641922,0.2640488752050807,0.535027728088421,0.27097885288334034,117.45881,31.292517
-0.99057853,3.071181,0.7228549,-1.9917425,1.7134335,-5.0629234,-0.018171047585798572,-0.13745753217411405,0.11928648458831548,114.33615,33.472622
1.0881827,-0.9179144,1.3713685,0.9466252,0.28318584,1.8645396,-0.005982368652519554,-0.45782207530408536,0.4518397066515658,32.68965,47.84465
-0.9680429,1.5790589,0.07728754,1.2102545,1.0453304,-0.36880434,0.060589130155279614,-0.3072381896034564,0.367827319758736,62.379692,40.545193
1.1787509,-1.048182,-0.7249651,1.9167604,-1.903716,2.9649425,-0.1077780844412688,-0.2622832784442046,0.15450519400293583,153.4242,30.754587
-1.1379505,-1.4542506,-0.8919975,-0.64051807,0.24595302,0.8137325,0.6806702885122706,0.9145212707769748,0.23385098226470413,27.449295,36.364223
-0.3247918,-0.90639496,-0.11417653,-0.8551728,0.21061526,0.051222146,0.9655953704847526,0.9204610353320604,0.04513433515269227,12.401252,30.33962
0.51470786,-2.484324,0.3661898,2.3821337,-0.14851806,4.866458,-0.4104323316937908,-0.9908070403395186,0.5803747086457278,72.48311,49.97441
-0.31868848,0.94638133,0.87631744,-0.32164785,1.1950059,-1.2680292,0.10318265922685299,0.1819035648589784,0.07872090563212542,93.41346,39.309357
-0.5338532,-2.2637236,0.30803317,-1.6895293,0.84188634,0.5741943,0.21754047210034244,0.3062947388986941,0.08875426679835163,57.689976,40.92907
0.40187952,-2.3922746,0.2877625,2.867361,-0.11411703,5.259636,-0.3008262037988736,-0.915641397755687,0.6148151939568134,55.235733,45.68425
-0.7959086,2.3086598,-0.12308156,2.0384665,0.672827,-0.27019334,-0.28624517649647174,-0.7451538575399281,0.4589086810434564,40.81081,40.998825
-0.6474105,-0.6641593,-0.42315435,-0.6950382,0.22425616,-0.030878901,0.9853594934562224,0.9983839090041045,0.013024415547882029,12.937944,47.294697
1.105072,1.1720555,-0.083686404,1.9140922,-1.1887584,0.7420367,-0.5174483732858874,-0.714307377280341,0.19685900399445355,75.21681,46.04078
-0.10687552,3.0593493,0.8086871,2.718177,0.9155626,-0.34117222,-0.6853099980915314,-0.9263246561919711,0.24101465810043976,55.265366,44.06995
-0.6645691,-2.816812,0.52065074,0.14600751,1.1852198,2.9628196,-0.09695173436722726,0.29884894877908064,0.3958006831463079,168.17508,44.575462
0.45735165,1.0160344,-0.097836904,1.5346675,-0.55518854,0.5186331,-0.29598749003055325,-0.48075418143348836,0.1847666914029351,42.91387,35.089497
0.15064386,-0.12131071,0.8766758,0.003348571,0.7260319,0.124659285,0.6798032530665337,0.09124879731567206,0.5885544557508616,42.020374,47.106674
0.2384122,-1.9433099,-0.16275652,-2.1578355,-0.4011687,-0.21452558,0.14682349487571678,0.1490204827454722,0.002196987869755418,26.022013,40.19539
0.6528318,1.9583628,0.06399658,2.1803293,-0.58883524,0.2219665,-0.8943066537475612,-0.8794752165343329,0.014831437213228327,35.694515,33.331013
0.22401507,-2.5411572,1.2932991,1.371277,1.069284,3.912434,-0.35625539876588164,-0.551768959366264,0.19551356060038239,88.73669,38.414505
-0.05600268,-2.157825,0.31591535,-0.7915032,0.37191802,1.3663218,0.1012885746179677,0.6963359933851159,0.5950474187671482,79.90323,49.03503
0.84704834,-2.928924,0.8636983,2.9256256,0.016649961,5.8545494,-0.7161990660534725,-0.866772802658013,0.15057373660454054,16.065868,42.222942
1.3627796,0.2866094,0.90566576,-3.1036947,-0.45711386,-3.390304,-0.34312507823918015,-0.7765682764251526,0.43344319818597243,49.733814,39.940674
1.1208178,-0.54402566,0.40442866,-1.5326964,-0.7163891,-0.9886707,-0.029421104863062375,0.3524708882986394,0.38189199316170175,54.958748,31.595587
0.54127187,2.0831463,0.26352865,2.0558465,-0.27774322,-0.027299881,-0.9418178969396642,-0.9051894819766613,0.03662841496300295,15.977821,43.6208
1.2512614,-1.7751547,0.9541845,-2.6445985,-0.29707688,-0.8694438,-0.30928464660105837,-0.5748187038844552,0.26553405728339685,26.90525,47.79652
-0.057574127,-0.18552136,-0.73016006,-0.9602268,-0.6725859,-0.7747054,0.8105522190964285,0.9406847087686199,0.13013248967219138,55.253716,32.36574
-0.17186679,-1.6415985,-0.8511919,-0.408068,-0.6793251,1.2335305,0.5739515628219523,0.910180108213213,0.3362285453912608,69.90949,36.85682
-0.46113545,2.8694484,-0.23881067,1.8256202,0.22232477,-1.0438282,-0.5290229738542651,-0.5823126782877175,0.05328970443345238,57.121597,36.785595
0.32656866,-0.29964375,0.098467276,-0.878791,-0.22810139,-0.5791472,0.63690590981364,0.8205833762643948,0.18367746645075478,34.875763,40.435295
-1.2172382,0.3763399,-0.6652019,0.13675024,0.5520363,-0.23958968,0.5835262688256524,0.7655279676690068,0.18200169884335438,32.469536,39.7788
-1.363283,-1.318797,-0.8768147,-0.94568247,0.48646832,0.37311453,0.5947510273777004,0.8997305996711713,0.30497957229347095,28.964146,40.254173
-0.15633096,-2.101325,0.17253442,1.1612917,0.32886538,3.2626166,0.19547347111188174,-0.30620395276189427,0.501677423873776,173.09683,38.061634
-0.7543346,-0.114457846,-0.66699225,-0.32780564,0.08734238,-0.2133478,0.8633708758090073,0.940818339728553,0.07744746391954571,10.515055,40.385017
-0.9723027,-0.20451498,-0.7376202,-0.5148572,0.2346825,-0.3103422,0.8256496526624204,0.9578884050499301,0.1322387523875097,17.69841,32.120094
0.3866272,-2.7358367,0.90028644,-2.9717996,0.51365924,-0.23596287,-0.5621872664411001,-0.7268950231067279,0.16470775666562787,31.239761,45.243076
0.51817226,2.364918,0.013251742,-1.3084761,-0.50492054,-3.6733942,-0.9949237786340177,0.7087687513695815,1.7036925300035992,137.91245,41.599495
-0.4808838,-0.06643462,-0.55914485,-0.14454746,-0.07826105,-0.07811284,0.8597152680616842,0.8940350825804755,0.03431981451879129,5.9307847,40.695942
0.67833704,2.3163517,0.32664475,2.3060184,-0.3516923,-0.0103333,-0.9715739520145021,-0.9776477193302995,0.00607376731579734,20.157024,37.13246
-0.3966081,-0.76369524,0.13866827,-1.0759275,0.5352764,-0.31223226,0.9934157966538528,0.7461267706777974,0.2472890259760554,35.317696,38.116833
-0.165984,-2.5966704,-0.048839927,2.1911364,0.11714408,4.7878065,-0.2277023287581752,-0.8311882830369317,0.6034859542787565,85.27988,31.436531
0.3626383,-1.5930009,0.13254584,-1.6172146,-0.23009245,-0.024213672,0.34035120658101636,0.4555241530236931,0.11517294644267673,13.251387,43.0804
-1.0333197,0.3024354,-0.64371777,0.109533116,0.38960195,-0.19290228,0.6491994621064876,0.7795536154413223,0.1303541533348347,23.441788,39.45784
-0.36439508,1.4396918,-0.19898035,1.5709589,0.16541474,0.13126707,-0.2644474628387141,-0.4521068264695124,0.18765936363079827,11.91067,36.806046
1.0594983,-2.3106852,-0.090817444,1.944413,-1.1503158,4.2550983,-0.4291404548840294,-0.7243777179431472,0.2952372630591178,107.11215,34.490982
1.2680316,0.4336028,0.82564664,-2.5909653,-0.44238496,-3.024568,-0.31879021975966015,-0.5423360672525437,0.22354584749288353,59.949577,39.892178
0.59258,0.6506202,-0.16997774,2.1237092,-0.76255774,1.473089,-0.07520765741579538,-0.7466092296343287,0.6714015722185334,90.843605,45.782394
-1.10789,2.0996683,-1.3044493,2.5517073,-0.19655931,0.452039,0.04011086401319819,0.209134555372688,0.1690236913594898,14.317827,48.264465
-0.25203368,2.344979,-0.059133474,2.2505488,0.19290021,-0.09443021,-0.7397004487980379,-0.8389579874149184,0.09925753861688058,12.273112,40.970234
-0.8614717,-3.0199177,1.0939587,2.423567,1.9554305,5.443485,-0.057902557802259835,-0.8147673557573771,0.7568647979551173,118.330795,48.54105
-0.95742047,2.4920685,1.0276808,3.1015346,1.9851012,0.6094661,-0.13658911934704143,-0.762963993510551,0.6263748741635096,117.13674,41.938892
-0.830736,-2.1297655,-0.4621645,2.9368572,0.3685715,5.0666227,0.4063265009841004,-0.5056846685328118,0.9120111695169122,57.410065,47.57686
0.45588097,3.0838997,0.8503097,2.737591,0.39442876,-0.3463087,-0.8537356361274433,-0.9098548029878994,0.05611916686045615,27.370987,30.92663
-0.48532987,-2.184925,-0.32010052,-2.8904452,0.16522935,-0.70552015,0.25960845234536123,-0.364453935960932,0.6240623883062932,38.191483,34.51116
0.030922094,0.33941674,-0.44675925,-1.4667026,-0.47768134,-1.8061193,0.45694284388427775,0.7597206472108704,0.30277780332659265,102.916466,49.81568
0.11926221,-1.826179,0.24496287,-1.3830038,0.12570065,0.4431752,0.30283791263038395,0.5423222371869683,0.2394843245565843,25.965933,42.220078
-0.3823792,1.4901311,-0.24002609,1.6350185,0.14235312,0.14488733,-0.2888569337887086,-0.47092084243373256,0.18206390864502398,11.35024,43.06209
-0.027692758,-0.6783266,-0.100986354,2.2747002,-0.0732936,2.9530268,0.9010692721186437,-0.8213112538116514,1.7223805259302951,166.93225,41.1296
0.8060393,2.3179867,0.8138097,2.2686024,0.007770419,-0.049384356,-0.9390779332497612,-0.9313149945252093,0.0077629387245519155,2.0011516,48.064716
-0.5254611,-0.12644958,-0.5802846,-0.25751156,-0.054823518,-0.13106197,0.8870402851819548,0.9315449523558703,0.044504667173915546,7.118137,43.009693
-0.6690345,-0.24677062,-0.45746255,-0.21682498,0.21157193,0.029945642,0.9192805730078355,0.9185138000829811,0.0007667729248543864,12.2079735,48.083767
-0.7105712,2.3745387,0.007542566,2.5918915,0.7181138,0.21735287,-0.371615646166628,-0.8854874601695926,0.5138718140029646,42.67465,33.2319
-0.24787198,-2.9007154,0.13219221,2.423346,0.3800642,5.3240614,-0.4141066871714951,-0.9404754072379156,0.5263687200664204,58.701805,38.520226
0.30125615,-1.4045224,0.09304543,-0.96598667,-0.20821072,0.43853575,0.4951877026197291,0.8044233411715549,0.3092356385518258,27.323484,44.36157
-0.51353335,1.9555595,0.22840574,2.3156927,0.74193907,0.36013317,-0.4489932953524747,-0.9592668248712783,0.5102735295188037,46.94225,31.10697
0.29833493,1.3695114,-0.04898816,1.8014662,-0.3473231,0.43195486,-0.5202767632145662,-0.6745548443496734,0.15427808113510721,31.504515,36.231956
0.80490255,-1.5755305,0.88886535,1.436523,0.0839628,3.0120535,0.0509974896834241,-0.642983830771434,0.693981320454858,82.74286,48.412514
0.36226562,-0.491369,0.36532676,1.7464176,0.0030611455,2.2377868,0.655011975669888,-0.786294121585783,1.441306097255671,114.4368,44.416428
-0.6089624,-1.0411465,-0.81483334,-0.7648582,-0.20587093,0.27628833,0.9421917165865885,0.9406114460989059,0.0015802704876826112,16.755527,38.506927
-0.23839748,-1.890376,0.064640775,-1.2576222,0.30303824,0.63275373,0.4066380550352058,0.7096603191642492,0.30302226412904343,39.94112,35.398197
-0.3742001,-2.1655655,-0.26740143,0.1482787,0.10679868,2.3138442,0.23169175871760217,0.7054899897043443,0.4737982309867421,120.714325,49.5838
-1.0840851,-0.053005934,-0.40839127,-1.2009871,0.67569387,-1.1479812,0.7436595502938989,0.8863665336395812,0.14270698334568233,58.186687,36.45496
-1.0636292,1.2839959,0.5633056,-0.47234628,1.6269348,-1.7563422,0.2383824488445141,0.49164521201340783,0.25326276316889373,122.85589,36.28123
-0.34627774,-0.67876816,-0.3110461,-0.64931947,0.03523165,0.029448688,0.9915517504081812,0.9861645783942627,0.005387172013918473,2.573898,31.463932
-1.0455235,-0.4803157,-0.7587945,-0.18025146,0.28672904,0.3000642,0.8340854735033192,0.8838134211159323,0.04972794761261312,19.453026,47.930416
0.012860891,0.3738203,-0.9621933,0.1594792,-0.9750542,-0.2143411,0.43921395086456627,0.7183329609396023,0.27911901007503603,56.767242,42.680553
-0.33801767,-0.49600863,-0.6805367,-0.11850966,-0.34251902,0.37749898,0.9774603431314031,0.8759356593307497,0.10152468380065338,27.0912,48.967648
-0.20674425,-1.905769,0.029086022,-1.0497421,0.23583028,0.8560269,0.38203181759449656,0.8125142799114287,0.4304824623169321,50.561897,31.24637
-0.20161043,-2.6275916,1.2648952,-2.5399392,1.4665056,0.087652445,-0.23475397996956282,-0.5154147581589115,0.28066077818934865,84.08983,38.9387
-0.5628079,1.0608499,-0.2117823,0.05643045,0.3510256,-1.0044194,0.12305401585105535,0.7445252273947551,0.6214712115436998,56.231842,38.760273
-0.54713523,2.5242488,-0.037144937,1.8207817,0.5099903,-0.70346713,-0.5193523152529753,-0.6908266788091875,0.17147436355621215,47.921467,44.19703
-0.8959488,2.014767,-0.41558272,1.3124111,0.4803661,-0.70235586,-0.14095984482999313,-0.14198963261833164,0.0010297877883385098,41.275925,34.582005
1.0812719,2.597863,0.6392379,2.979881,-0.442034,0.3820181,-0.8190221788017427,-0.8957502187002548,0.07672803989851218,28.755474,45.90344
0.36724934,-2.6080751,1.0148538,-3.0919356,0.64760447,-0.4838605,-0.46061110076525225,-0.7413778162964567,0.28076671553120447,42.184277,41.33774
0.09642013,2.9378917,0.7968233,-2.806687,0.7004032,-5.744579,-0.8333534661850459,-0.65967026797024,0.17368319821480593,48.234516,45.903164
0.78282636,0.75963354,-0.1571281,-1.6683083,-0.93995446,-2.4279418,-0.23615259428570745,0.5489956243287972,0.7851482186145047,129.76886,31.975355
-1.3590775,-2.3826745,-0.04113003,-1.0987008,1.3179474,1.2839737,0.4222190436552591,0.8273443388986936,0.40512529524343455,84.28385,31.056185
0.8585769,1.621165,0.59160894,1.9992689,-0.26696795,0.37810385,-0.7311512938609059,-0.9133750242586629,0.18222373039775697,22.140837,42.88073
-0.08944596,0.7901015,0.0919166,-1.1022471,0.18136257,-1.8923486,0.13665508036544338,0.7623824082094446,0.6257273278440012,108.76253,35.06674
0.27474365,0.3273697,0.39574385,-1.1614819,0.1210002,-1.4888515,0.33799577371825507,0.547169355784817,0.2091735820665619,79.788704,38.172157
0.8643952,3.0177476,0.68689394,2.9941924,-0.17750126,-0.023555279,-0.840973812972988,-0.8853563594881213,0.04438254651513329,10.215152,41.368057
1.0595844,1.5031683,0.7808155,2.5884748,-0.2787689,1.0853064,-0.6470198964890348,-0.9494864739466298,0.302466577457595,39.10051,37.586784
0.5045353,2.2325413,0.18658918,1.9499631,-0.31794614,-0.28257823,-0.9779086540688091,-0.8432322052050303,0.13467644886377883,23.685604,30.44338
0.9553148,-1.8441561,0.19316638,-3.0104625,-0.76214844,-1.1663064,-0.17495918060215843,-0.6934830929094762,0.5185239123073178,67.68296,44.32209
0.32196963,-1.6143433,0.1772458,-1.1425465,-0.14472383,0.47179675,0.3508176716863993,0.6990497282764156,0.3482320565900163,27.434725,44.98116
-0.3255061,0.080826044,-0.9364068,-0.11727406,-0.6109007,-0.1981001,0.7608946063286686,0.8168831948548858,0.05598858852621724,36.08454,49.39321
-0.47508204,3.0792844,-0.008960994,1.5083492,0.46612105,-1.5709352,-0.4380615891954778,-0.5049364465624028,0.066874857366925,89.77223,31.12451
1.1435771,-0.11076617,-0.39570048,1.8858912,-1.5392776,1.9966574,-0.10554427899586205,-0.5077406637121946,0.40219638471633257,120.58064,32.235363
-0.4879854,0.087393045,-0.7353653,-0.04418579,-0.24737987,-0.13157883,0.7840591406324178,0.8407935710500005,0.05673443041758275,15.4431095,30.191034
-0.4226012,0.14016461,-0.6904496,-0.19090086,-0.2678484,-0.33106548,0.7454009107052517,0.8992494524632164,0.1538485417579647,22.156073,42.01499
-0.79205245,0.22054768,-0.6449451,-0.06718274,0.14710736,-0.28773043,0.7177923309530527,0.8596656604960755,0.14187332954302279,14.955973,47.72316
-0.12770335,2.4771292,0.006466299,2.3313923,0.13416965,-0.14573693,-0.823084399196059,-0.883249190802018,0.060164791605959,11.333917,41.044132
0.50389564,1.0983746,-0.043626964,2.0833945,-0.5475226,0.9850199,-0.37592078260781747,-0.8026200273668533,0.42669924475903587,62.444126,37.154026
0.6261459,1.5914714,0.11775971,2.0979314,-0.5083862,0.50645995,-0.7287266264552562,-0.8762955022367418,0.1475688757814856,39.419506,38.06082
0.4651427,2.600314,-0.040611763,2.0570917,-0.5057545,-0.5432222,-0.9931240440563478,-0.7950320192026585,0.19809202485368926,41.732845,43.38346
0.6659182,-2.7165017,0.85821474,2.556426,0.19229656,5.2729278,-0.6017895556882564,-0.9257167959973138,0.3239272403090574,42.201927,49.681824
0.22456995,0.67656684,0.5124097,-1.3225185,0.28783974,-1.9990853,0.08856960692219218,0.39180804615399545,0.30323843923180327,104.10539,42.07989
0.22087999,-0.20493698,-0.07625556,-0.9136134,-0.29713553,-0.7086764,0.6736874524109249,0.8954105971735089,0.22172314476258403,43.785496,48.78015
-0.3412847,2.5481107,-0.00557591,2.1161516,0.3357088,-0.43195915,-0.681436704518898,-0.8313399952561432,0.14990329073724518,30.949228,47.93481
-1.4028554,-1.7031783,-0.91551816,-0.22801103,0.48733723,1.4751673,0.5283513266071701,0.8524592192572396,0.32410789265006945,37.678833,49.27021
-1.3436512,1.9018123,0.15137413,2.1858094,1.4950253,0.28399706,0.2778745672893419,-0.9126480158499515,1.1905225831392934,86.170876,36.60938
0.57500297,-2.1072469,-0.117987804,-2.3630538,-0.6929908,-0.25580692,-0.14825520386296986,-0.05159641892190869,0.09665878494106117,42.079044,38.913193
-0.38763276,-1.2028409,-0.1611529,-1.0751754,0.22647986,0.12766552,0.8829981314242961,0.880564051721425,0.002434079702871017,14.754461,33.57871
-0.40433434,0.3672626,-0.99924535,-0.0789211,-0.594911,-0.4461837,0.5942285036195045,0.7841158527060312,0.1898873490865267,38.78417,30.316214
0.21901082,-2.6880767,0.9729067,-2.863566,0.7538959,-0.17548919,-0.4729582504759513,-0.6697391070664924,0.19678085659054112,43.89688,46.01576
0.058718443,-2.6712575,0.9931805,-3.0668483,0.9344621,-0.39559078,-0.3952160657222752,-0.7400784219186158,0.34486235619634065,56.48511,33.58445
-0.049189135,-0.99878335,-0.17386085,-0.8511506,-0.12467171,0.14763278,0.8633263857858005,0.9406828882238969,0.07735650243809644,11.026891,48.764957
-0.14120945,-3.0951397,0.10348634,2.01832,0.24469578,5.1134596,-0.5976707675703248,-0.842981617042506,0.24531084947218118,68.28981,37.141068
0.9150776,0.14588141,0.98617,-2.328962,0.07109237,-2.4748435,0.00702766185281023,-0.4243229654388898,0.43135062729170004,66.63816,33.36074
-0.7723319,3.0806096,1.0078684,0.05281742,1.7802002,-3.0277922,-0.20137933241951278,-0.032744204655177356,0.16863512776433542,165.91049,33.229866
0.9729604,0.5090041,-0.4614983,0.0321005,-1.4344587,-0.47690362,-0.18899843956092433,0.8104682827983535,0.9994667223592778,85.42967,47.019146
0.681228,0.31822133,-0.33557418,-0.828438,-1.0168022,-1.1466594,0.08976719766115782,0.9799252440908326,0.8901580464296748,84.57944,30.273392
-0.55167764,-1.345308,-0.22243914,-1.0447834,0.3292385,0.3005246,0.8321457950564,0.908547218083946,0.07640142302754604,24.624292,38.805508
0.83249384,-1.8393587,-0.6047233,-3.0124106,-1.4372171,-1.173052,-0.10403605143071726,-0.24793675840000118,0.14390070696928392,101.890015,48.997196
0.57688576,-1.0244434,0.04944301,-1.3589368,-0.52744275,-0.3344934,0.4491770735027476,0.6638690931490121,0.2146920196462645,35.144787,32.539284
0.14435075,-0.47983384,-0.249245,-0.8867262,-0.39359576,-0.40689236,0.7972945902802646,0.9546381140825098,0.15734352380224514,32.302673,33.43605
-0.6078783,-1.8821027,-0.20176895,-0.8122859,0.4061094,1.0698168,0.5195345725199978,0.9540635786432254,0.43452900612322765,59.953342,41.44068
-0.63893384,-0.82966256,-0.68751764,-0.8645473,-0.048583806,-0.03488475,0.9779840547335326,0.9651154455057878,0.012868609227744798,3.1981862,35.916595
0.94717234,2.7893722,0.681187,2.468608,-0.26598537,-0.3207643,-0.8647679566285671,-0.9790684016115172,0.11430044498295011,19.661757,33.315376
-1.1757454,-0.7955766,-0.8037797,-0.29621136,0.37196565,0.4993652,0.7625572954368973,0.9037099472836694,0.14115265184677206,25.97307,47.487694
0.13216819,-0.24648404,-0.6363881,0.022978486,-0.7685563,0.26946253,0.7418752208513988,0.8212585144532817,0.0793832936018829,46.358337,43.351562
1.4241481,-1.6969408,0.06917127,2.1251512,-1.3549768,3.822092,-0.3860464157364777,-0.8663249142682075,0.48027849853172977,92.57514,30.382315
-0.08989731,-0.5700221,0.52264076,2.957747,0.6125381,3.527769,0.9216681702386218,-0.9088451259876376,1.8305132962262594,147.59311,44.427254
-1.3008633,0.7738974,-0.895466,0.16187876,0.40539724,-0.61201864,0.4712643118783477,0.7310175173916265,0.25975320551327874,27.29133,36.586098
-0.2675742,1.3312442,-0.17083105,2.829755,0.09674314,1.4985108,-0.238287043917361,-0.7415591564662769,0.5032721125489159,83.477936,44.48216
-1.0781754,-1.0671024,0.20561993,2.8050783,1.2837954,3.8721807,0.7919085755058877,-0.9150029538698963,1.706911529375784,121.64884,32.300137
-0.7186377,0.674021,-0.9002398,0.13093883,-0.18160212,-0.5430822,0.4506734763013025,0.742631503486431,0.29195802718512853,23.615242,43.674057
0.9747607,1.3870676,1.0062335,3.031205,0.031472743,1.6441374,-0.6135747712866544,-0.7896701886611741,0.17609541737451972,47.37952,35.86048
1.0589132,-1.0480754,0.08179598,-1.2346063,-0.97711724,-0.18653083,0.005286846302451131,0.7119527265836405,0.7066658802811894,56.568058,44.77857
-1.0378621,1.0029933,-0.55698705,0.49667108,0.48087502,-0.50632226,0.34772543115646926,0.537340188728475,0.18961475757200574,33.645576,44.800034
-0.18099609,0.031513214,-0.86514604,-0.52322173,-0.68415,-0.55473495,0.7489692524751467,0.9189200982513892,0.16995084577624253,47.211662,31.284952
-0.4148004,-2.9550872,0.7513778,-2.2678425,1.1661782,0.68724465,-0.3466175928084656,-0.3289714108171822,0.017646181991283427,76.00408,44.82473
0.22724135,1.6802361,0.81909186,2.860715,0.5918505,1.1804788,-0.7133468907556524,-0.8958780566805729,0.18253116592492047,65.30887,31.36435
-0.47182763,-2.2492461,-0.49625528,-2.4808166,-0.024427652,-0.23157048,0.20354344422290538,0.034281659114153484,0.1692617851087519,11.820717,49.30751
-0.5524455,2.4960263,0.072728105,1.9710398,0.62517357,-0.5249865,-0.5156877276696079,-0.8119534420500063,0.2962657143803984,45.850876,30.680334
0.3252337,-2.3891659,-0.27107346,2.8252087,-0.59630716,5.2143745,-0.2690025705605308,-0.6798447000860737,0.4108421295255429,69.284134,49.609962
0.39666978,2.000468,0.46416312,2.360736,0.06749335,0.36026788,-0.9084123993573634,-0.9952547297949259,0.08684233043756251,19.130388,43.79253
0.12453271,-0.64693236,-0.02689472,-0.745786,-0.15142743,-0.09885365,0.8246231294269641,0.8983452277965851,0.07372209836962096,10.354592,48.646465
0.3210446,2.4752805,0.0030197147,2.091282,-0.31802487,-0.38399863,-0.987968437581209,-0.8273898055171504,0.16057863206405865,28.267,40.850883
-0.9031492,1.8027532,-0.85465497,-1.4595842,0.04849422,-3.2623374,-0.07250581207816875,0.7576089287679126,0.8301147408460814,79.112625,49.69444
-0.5701103,2.8965676,0.12801777,1.9568397,0.6981281,-0.9397279,-0.4334661533374282,-0.8267852587868578,0.3933191054494296,64.93016,34.40707
1.0558882,-1.6361988,-0.53464293,1.9111223,-1.5905311,3.547321,-0.14935569069132382,-0.41508884051622097,0.26573314982489715,146.38736,36.659443
0.38920212,1.0129559,-0.9052291,-0.7596039,-1.2944312,-1.7725599,-0.26791264469717824,0.9072929328329682,1.1752055775301464,114.39057,49.165813
0.39462832,-2.570794,0.9368056,-2.5188315,0.5421773,0.051962614,-0.4402648271298304,-0.5126376155888863,0.07237278845905593,31.146326,41.683743
-1.339865,1.3237026,-0.02899654,-0.29726326,1.3108684,-1.6209658,0.36233385206279567,0.8398830277330673,0.47754917567027166,89.04028,39.704845
-0.44474745,-2.63901,0.3692912,-2.4141583,0.81403863,0.22485161,-0.11212312968329563,-0.30650791022788937,0.19438478054459374,48.28884,49.69151
1.1576467,-1.643475,-0.16486263,3.041758,-1.3225093,4.685233,-0.21847046066164943,-0.6616453849765329,0.4431749243148835,99.26854,34.733555
-0.15561403,-1.7838032,0.021697402,-1.3857548,0.17731144,0.3980484,0.46032718415498586,0.6619081887384808,0.20158100458349493,24.89189,35.062046
0.89973015,-2.204523,-0.2858836,2.6859453,-1.1856138,4.8904686,-0.33767427688950846,-0.7034378932734704,0.36576361638396193,96.6138,36.672756
0.59402907,2.193886,0.41125035,2.2787297,-0.18277872,0.084843636,-0.965326962913629,-0.9831531581038355,0.017826195190206562,11.30134,30.065279
-0.9107704,0.32501936,-0.9068013,0.17209722,0.003969133,-0.15292214,0.6577639036102356,0.7247722675958497,0.06700836398561405,5.3874335,35.52258
-0.06809047,1.9236133,0.0064619863,2.1085305,0.074552454,0.18491721,-0.7267446636873593,-0.8344878581553954,0.10774319446803604,11.416665,44.820557
-0.74616194,-1.104388,-0.28383955,-0.54691607,0.46232238,0.55747193,0.9038268157545417,0.9748468691559449,0.07102005340140316,37.973885,30.762781
0.51806647,1.1074665,-0.15686949,2.0355208,-0.67493594,0.92805433,-0.3872376220937763,-0.7249271060747553,0.337689483980979,64.088554,42.404186
1.1551948,1.894274,0.85390186,2.8165243,-0.3012929,0.9222503,-0.7205274812084657,-0.8946604579639166,0.17413297675545092,31.797926,30.942392
-0.6579357,-0.86854434,-0.3542916,-0.9264601,0.3036441,-0.057915747,0.9700468486122951,0.9658113563580066,0.004235492254288431,17.63439,45.269413
-1.1393338,1.2596676,-0.0390266,-0.77327585,1.1003072,-2.0329435,0.2850556349018065,0.9014240979032593,0.6163684630014528,98.67794,31.689
-0.010923603,1.2566159,-0.27044138,1.6420931,-0.2595178,0.3854772,-0.3065394723107264,-0.45731939119473086,0.15077991888400444,26.388065,48.36843
0.025583316,-3.046705,0.4324104,2.0012789,0.40682706,5.047984,-0.6512462689946457,-0.9122908084485406,0.26104453945389494,71.96242,34.851044
-0.44330642,2.451423,-0.1078934,2.01506,0.335413,-0.43636298,-0.6060666585305903,-0.744628634793826,0.13856197626323574,30.670034,47.167873
-0.10912607,1.1743143,0.50197834,-2.4700685,0.6111044,-3.6443827,-0.19071919122365877,-0.3958462155416882,0.20512702431802943,144.68394,48.9734
-0.044517677,0.13232446,-0.6577996,-0.9810484,-0.6132819,-1.1133728,0.6359812383559351,0.9503186118264075,0.3143373734704724,67.89239,31.010458
-0.11437085,1.7014501,0.47008103,1.9526012,0.5844519,0.25115108,-0.5829091569083369,-0.8965735209077312,0.31366436399939435,36.27104,43.33486
-0.067938365,0.20552492,-1.376108,-0.75071174,-1.3081697,-0.95623666,0.597513276408109,0.6211731623532124,0.023659885945103376,79.75279,37.185642
1.265469,2.7738216,0.72789717,-3.1081386,-0.5375718,-5.88196,-0.6920838447817621,-0.809973248548916,0.11788940376715384,32.740196,30.490635
-0.11609713,-3.0506902,0.89753556,-2.951029,1.0136327,0.09966111,-0.5847567638377908,-0.7187176103518262,0.1339608465140354,58.2841,35.9865
-0.86868054,-0.63391757,-0.67777365,-1.3678905,0.19090688,-0.7339729,0.9235480871922945,0.8189481409250847,0.10459994626720981,31.537563,30.121767
-0.098579496,-2.6541164,-0.116290316,1.8801639,-0.01771082,4.5342803,-0.30819468670848327,-0.6807643401042487,0.3725696533957654,99.42161,32.876366
0.9012083,-0.47864723,-0.69492483,-2.8925607,-1.5961331,-2.4139135,0.18184423889662504,-0.11925399118215463,0.30109823007877967,149.09859,31.06615
0.11343436,-2.6939406,1.0785537,-2.5291991,0.9651193,0.16474152,-0.4365942588214633,-0.5225099140594143,0.08591565523795097,55.739162,38.677788
-0.050792836,2.9674165,0.42907563,2.0915747,0.47986847,-0.87584186,-0.7564255676560157,-0.9419386799009555,0.18551311224493983,55.914463,46.39103
0.18397889,1.9678819,0.19501442,2.3638425,0.011035532,0.39596057,-0.8500742146930715,-0.9558832919748337,0.10580907728176214,22.284353,30.84771
-1.0604767,2.6299417,0.75099736,-2.2916682,1.8114741,-4.92161,-0.028495235179767597,-0.34431775013320554,0.31582251495343794,121.41712,45.97323
0.15413892,1.5192659,0.48756927,-0.32886893,0.33343035,-1.8481348,-0.5812395924955829,0.5245417411094433,1.1057813336050262,99.6192,39.52564
1.0568417,0.7133808,-0.92006016,0.29464945,-1.9769019,-0.41873136,-0.31880810068166987,0.670406735108279,0.9892148357899488,114.882835,32.766052
-0.12648474,-2.453967,0.58024573,1.2128452,0.7067305,3.6668124,-0.12665171064360692,-0.4811852585365415,0.35453354789293456,141.90416,37.492844
0.95890194,2.0829937,0.8628429,2.7836006,-0.096059024,0.7006068,-0.8481479941908354,-0.897865664847199,0.049717670656363566,24.8509,39.31117
-0.39792636,-2.54795,-0.638894,2.001596,-0.24096766,4.5495462,-0.06822044166905883,-0.3634757411473526,0.29525529947829376,83.621475,46.660583
-0.0741937,-2.6225128,-0.23881488,1.7977283,-0.16462117,4.4202414,-0.2942284952859566,-0.5675903031209097,0.2733618078349531,105.16095,30.264053
-0.22250207,-0.7392278,-0.23855919,-0.8814477,-0.016057119,-0.1422199,0.9660479595335616,0.9530832717808213,0.01296468775274029,7.985786,32.631874
-0.74249834,1.3884618,1.1381958,0.38939556,1.8806942,-0.99906623,0.0017728471888096564,-0.2346204359477193,0.23639328313652896,116.5329,32.933754
0.67730606,-2.8046732,0.8932878,-3.0435321,0.21598172,-0.23885894,-0.6560583860411295,-0.7569643195170492,0.1009059334759197,15.656342,40.86803
-0.020477057,0.12469411,0.24474294,1.0865514,0.26522,0.9618573,0.6303155143299204,-0.27232964416312555,0.9026451584930459,56.641624,32.321762
0.11633885,0.7417164,-0.69204587,0.6665566,-0.8083847,-0.07515979,0.08455955015859118,0.44977681906009437,0.3652172689015032,46.487846,30.09764
0.7391051,-0.2559545,0.12843303,-1.5138942,-0.61067206,-1.2579397,0.2919002459529567,0.5285894438467467,0.23668919789378995,71.82775,38.37926
0.3857115,-1.7370003,0.3547075,-0.73526996,-0.031003982,1.0017304,0.22675225294039514,0.6725398473517146,0.44578759441131943,53.212845,48.724987
-0.1762358,0.46822548,-0.020848379,-1.2937293,0.15538742,-1.7619548,0.4452865758084439,0.7320138903393889,0.286727314530945,100.5654,35.931976
-0.20892175,2.0204031,-0.1481374,2.2608998,0.06078434,0.24049664,-0.6882183616772846,-0.7923308501098187,0.10411248843253418,13.997302,48.117653
0.27565706,1.3721955,0.53536785,2.0680175,0.2597108,0.695822,-0.5149392868868148,-0.9375507291054461,0.42261144221863134,39.27945,33.10414
1.1063087,1.7437027,0.2188935,2.0046155,-0.8874152,0.2609129,-0.7077107567829026,-0.875110587408523,0.16739983062562036,51.930347,45.929874
-0.23382726,1.6199658,0.028558247,1.8844907,0.26238552,0.26452494,-0.4648462571347134,-0.7538631485675324,0.28901689143281906,21.25896,36.476696
0.9808896,-2.9567418,0.89052683,2.9682047,-0.09036279,5.924947,-0.7045481076987508,-0.8472382630336504,0.1426901553348996,13.167906,30.103405
0.2062556,-2.4220395,0.12451601,2.3002992,-0.08173959,4.7223387,-0.24866222731562715,-0.9262327972400151,0.6775705699243879,87.98863,44.268875
-0.08676492,-1.3995134,0.072591156,-1.0136284,0.15935607,0.385885,0.7011749249101635,0.8020270037140103,0.10085207880384672,23.89844,49.336903
0.67560536,-3.086106,0.84867305,2.64171,0.17306769,5.727816,-0.8044600166553866,-0.9227226178199928,0.11826260116460618,24.832113,39.49793
0.24436502,-0.3588252,0.056134265,-1.2494956,-0.18823075,-0.8906704,0.7093773761157998,0.717892131803747,0.00851475568794724,51.477627,36.762814
0.63042635,0.77935624,-0.035162423,2.160119,-0.6655888,1.3807628,-0.1849544658720852,-0.8299713086966705,0.6450168428245853,82.42844,33.034233
0.60668164,-1.5192016,-0.0025581063,-0.59592956,-0.60923976,0.9232721,0.22223826195019059,0.8873074711804282,0.6650692092302376,60.389133,31.806597
0.4821613,1.8859217,0.4816027,1.9969999,-0.00055861473,0.11107814,-0.8697801668495693,-0.9137831179790776,0.04400295112950836,5.6390276,37.14104
-0.8425909,0.39001942,-0.8639757,-0.89417523,-0.021384776,-1.2841947,0.6300830562789272,0.9116212721647052,0.281538215885778,46.39004,33.629078
0.33525768,0.34686732,-0.046316464,-1.766531,-0.38157415,-2.1133983,0.2889583374145772,0.4285260869282892,0.13956774951371198,120.15414,41.640213
-0.57566357,-2.7950494,1.3059952,-2.0243921,1.8816588,0.7706573,-0.14129842215231214,-0.3919679616966567,0.25066953954434457,111.58673,46.963432
-0.08103582,0.76815104,-0.89169204,0.7574069,-0.8106562,-0.010744154,0.15218794034272776,0.4351793200306062,0.28299137968787846,46.450035,48.061356
-0.23661584,-1.0449069,-0.16152647,-1.027792,0.075089365,0.017114878,0.9121667740512951,0.8960651949946215,0.016101579056673643,4.4082894,35.807022
0.89589465,-1.2252399,0.55286705,-1.4656801,-0.3430276,-0.24044025,0.11464369776259975,0.2898222497381946,0.17517855197559484,22.112839,41.77718
0.36849818,-1.8722413,0.6266755,-1.5548321,0.2581773,0.31740916,0.13538278866346865,0.1884401160478032,0.05305732738433455,21.703146,31.77502
0.28708896,-1.989951,-0.022343554,-1.3376672,-0.3094325,0.6522838,0.08371700091931444,0.7092593056834873,0.6255423047641728,40.91712,31.385735
1.0731606,-2.1923347,0.1762851,3.0698037,-0.89687556,5.2621384,-0.38127297278319894,-0.8022466359635332,0.42097366318033425,66.444305,33.565853
0.8731526,2.1938965,0.7159806,2.8088908,-0.15717202,0.6149943,-0.9007482627608763,-0.9330882396598499,0.03233997689897361,25.989906,44.223644
0.28967196,2.904246,0.6285162,2.7674453,0.33884424,-0.13680077,-0.9033243154032,-0.9566954215208003,0.05337110611760032,20.626453,36.013897
-0.49277037,1.1372693,-0.49787948,-2.1602116,-0.0051091015,-3.2974808,0.03163202152711264,0.2836225400051191,0.25199051847800646,122.599266,47.720177
0.5430726,1.5197308,0.342348,1.9300625,-0.20072457,0.41033173,-0.6797937200968049,-0.8722900724979414,0.1924963524011365,24.07976,35.66402
-0.43998984,-2.8684514,-0.65547955,2.1931558,-0.21548972,5.0616074,-0.27540103477586797,-0.39843980326038597,0.123038768484518,59.66612,36.391624
0.31158346,-0.88754845,0.08176385,-1.0034701,-0.22981961,-0.11592162,0.6858913298361742,0.800210601907315,0.11431927207114079,14.683532,30.035288
-0.16105293,2.1223872,-0.08127382,2.187893,0.07977911,0.06550574,-0.7514807891378048,-0.8137568284309413,0.06227603929313652,5.8963447,33.031765
-0.08643753,-1.2341516,-0.08459845,-1.0405014,0.001839079,0.19365025,0.7889055711936095,0.8649570213547788,0.07605145016116932,11.055191,39.892017
-0.8790973,0.70066404,-1.0799172,0.34382063,-0.20081991,-0.3568434,0.4644440964103218,0.624919598395163,0.16047550198484117,16.06224,38.6922
-1.0204507,-1.5865586,-0.3496357,-1.2293612,0.670815,0.3571974,0.6744583359025222,0.8657906362798897,0.19133230037736748,41.209816,32.85046
0.78004134,3.1236012,0.87363505,2.871614,0.09359372,-0.25198722,-0.823693569009506,-0.8764917380298902,0.052798169020384256,11.12486,36.19465
-0.38917983,-2.586043,0.5902403,2.129498,0.9794201,4.715541,-0.102510892693358,-0.9513053566217788,0.8487944639284208,102.04928,33.77774
-1.028182,1.70701,0.37355155,-1.5959928,1.4017336,-3.3030028,0.060639060771551456,0.3315980599161872,0.2709589991446357,141.90823,49.342342
-0.393735,0.7693014,-0.71269566,0.4642004,-0.31896067,-0.305101,0.2815585397303053,0.5826492181947174,0.30109067846441206,23.466497,38.65583
-0.13635507,-0.14629078,-0.8716117,0.014045367,-0.7352567,0.16033615,0.8237446812804006,0.7933085914758504,0.030436089804550148,42.821037,40.38847
-1.1784087,1.28596,0.3514038,-1.142602,1.5298126,-2.428562,0.29515705256571145,0.5860566205224149,0.29089956795670346,126.129875,39.018433
-0.73346454,0.65358186,0.033354416,-1.238598,0.76681894,-1.8921798,0.46693347845933886,0.7343203242484009,0.267386845789062,104.88313,33.07729
1.0588434,0.3757658,0.99808687,-2.460727,-0.060756505,-2.8364928,-0.18231615851458116,-0.4892366113560662,0.30692045284148506,61.34911,42.379578
1.2346333,1.0199835,-1.0266857,-0.3334972,-2.2613192,-1.3534807,-0.4683135396022733,0.8261205383438552,1.2944340779461285,140.4331,32.46134
-0.6217439,0.5361233,-0.77830344,0.07425676,-0.15655953,-0.4618665,0.5230624226154639,0.7863688193062794,0.26330639669081557,22.009842,44.177513
-0.40752783,-0.22643209,-0.40618575,-0.38534063,0.001342088,-0.15890855,0.9178493145138429,0.9641494327962672,0.04630011828242431,8.360553,34.87565
1.0346853,-0.6433706,0.83225936,2.403845,-0.2024259,3.0472157,0.05966077037177975,-0.9360075886777697,0.9956683590495494,72.940254,48.973434
0.01572948,2.0361001,-0.052135773,2.1675475,-0.06786525,0.13144732,-0.8137748065523898,-0.8235529454699484,0.009778138917558632,8.473498,34.153873
0.2940097,-2.0013232,0.03570626,-1.5639763,-0.25830343,0.43734694,0.07085763460022498,0.5415432619751794,0.47068562737495445,28.741331,35.999893
0.014673282,-1.8049359,0.3918538,2.6597545,0.37718052,4.46469,0.3703503729533084,-0.981580231356979,1.3519306043102874,102.76554,34.13177
-0.8452595,1.001293,0.16702764,-1.145097,1.0122871,-2.14639,0.282418265712181,0.7040363152442524,0.4216180495320714,118.720604,38.853653
-1.3649344,0.63124275,-0.7066368,-0.04604346,0.65829766,-0.6772862,0.4967108205466535,0.845274921290059,0.3485641007434055,40.824104,34.99718
0.64256525,-2.9938133,0.7428525,3.125534,0.10028726,6.1193476,-0.7600281795519961,-0.8286753859468616,0.06864720639486555,9.220406,36.86499
-0.2774856,1.9967539,-0.109034136,2.3512447,0.16845147,0.35449076,-0.635514414536166,-0.8274278053232775,0.19191339078711156,22.119207,43.758842
0.71356386,1.1249726,-0.16151187,1.7906041,-0.8750757,0.66563153,-0.4509709059961722,-0.60909802365118,0.15812711765500786,61.207016,42.35138
0.07246696,1.0258777,-0.41052806,1.9392191,-0.48299503,0.9133414,-0.14585313122464427,-0.5201317616988508,0.3742786304742065,57.997154,40.648518
-1.1596017,-0.2533393,-0.43840843,-1.1273538,0.72119325,-0.8740145,0.7447120337364272,0.9174208919328173,0.17270885819639004,51.583946,43.03963
-0.5985769,-1.2167134,-0.49299172,-0.91714925,0.10558519,0.29956418,0.8864035976677318,0.9765205168952313,0.09011691922749954,15.841551,35.580208
-0.13235724,-0.98936486,-0.21936828,-0.949128,-0.08701104,0.04023689,0.8975638921748388,0.9341830159235389,0.03661912374870013,5.4774356,40.692444
-0.3682724,-1.407809,-0.4070865,-1.1174538,-0.038814098,0.2903552,0.7798716984268079,0.9180994489145125,0.13822775048770453,15.552118,47.36366
-0.12675524,-2.8368642,0.4498439,1.9650465,0.5765991,4.801911,-0.4352471947867329,-0.900068301888707,0.4648211071019741,88.57357,36.704086
0.32812864,3.132766,0.52395546,2.9137545,0.19582683,-0.21901155,-0.8105426058549579,-0.9240765842414724,0.11353397838651458,15.990408,45.74001
-0.8893672,-2.37325,0.4219184,3.0531085,1.3112856,5.426358,0.2834261580002657,-0.8642019090847759,1.1476280670850416,86.660286,40.82199
0.06628252,0.9721811,-0.17044795,2.8770034,-0.23673046,1.9048223,-0.09570257556588402,-0.7262788217690925,0.6305762462032085,109.48885,30.408884
0.23593801,2.6489952,0.39718497,2.0624666,0.16124696,-0.58652854,-0.9573454381308757,-0.9300082148447668,0.02733722328610888,33.156944,34.211044
1.2296884,3.0933425,0.91651654,2.903092,-0.31317186,-0.19025064,-0.6732746479354988,-0.8545145947075179,0.18123994677201904,18.614485,43.006493
0.35227323,2.026593,0.09776209,2.1859498,-0.25451112,0.15935683,-0.9119367256880668,-0.8939819649099379,0.017954760778128964,17.069218,43.969334
-0.51227754,1.1394341,0.21599244,-2.0450854,0.72827,-3.1845195,0.0398153195706783,0.0725741175157193,0.032758797945040996,162.87088,41.826847
-0.043316558,1.2961423,-0.30819565,1.9823314,-0.2648791,0.68618906,-0.3240386232087449,-0.6093839686831242,0.2853453454743793,41.439312,44.60077
-0.6857599,2.9905503,0.56789887,1.732149,1.2536588,-1.2584013,-0.3061510927942521,-0.8013260020285546,0.4951749092343025,98.05261,34.476307
0.31076425,-0.7671373,-0.11053535,-1.0137407,-0.4212996,-0.24660337,0.7021844199837481,0.8829060840280718,0.18072166404432366,27.879827,32.234825
-0.08337055,1.7982414,-0.13743469,2.0672877,-0.05406414,0.2690463,-0.6554694880321055,-0.7473854694776758,0.09191598144557034,15.62892,44.65076
-0.3837031,-1.6777769,-0.5892051,-1.0179747,-0.20550197,0.6598022,0.6131218525710476,0.9499335342792357,0.3368116817081881,35.19938,31.582838
-1.3758312,-2.7173672,-0.82828015,0.1360712,0.5475511,2.8534384,0.37111980112265286,0.7527626884464778,0.3816428873238249,53.328873,36.39233
-0.34234563,2.4418457,-0.071195364,2.169941,0.27115026,-0.2719047,-0.6829526372361734,-0.8144635805507869,0.13151094331461355,21.729176,31.29145
0.08525575,-0.4143734,-0.20903485,-0.9177412,-0.2942906,-0.5033678,0.817162359153933,0.9384750225510832,0.12131266339715019,33.268204,39.58131
-0.116113216,0.076397896,-0.6908774,-0.10235874,-0.57476413,-0.17875664,0.6997516803638866,0.8687610338203569,0.16900935345647028,34.195694,42.057495
1.217137,-2.5926538,0.9447249,3.087447,-0.27241206,5.6801004,-0.5354518555861656,-0.7958589023704936,0.260407046784328,21.978527,46.868904
0.24975961,-0.8281584,0.007558919,-0.95824337,-0.2422007,-0.13008499,0.7374170632991763,0.8491727050916726,0.11175564179249631,15.713956,45.958088
-1.3588767,-2.1391935,-0.6759539,-0.4971132,0.6829228,1.6420803,0.4675706057594029,0.9695007914600247,0.5019301857006218,53.133057,38.097946
0.08494229,2.3661683,-0.21829116,-3.0555298,-0.30323344,-5.421698,-0.919722468645265,-0.5305603551570686,0.3891621134881964,52.034435,37.878323
1.0369433,-2.5834386,1.0153396,-2.8832805,-0.021603703,-0.29984188,-0.5455711009137207,-0.6694313513628618,0.12386025044914106,8.96107,49.69691
0.114595845,2.1474798,-0.07878651,2.2097123,-0.19338235,0.062232494,-0.8900147856860379,-0.8202273776266695,0.06978740805936834,11.63772,31.142105
0.13293776,-1.8396528,0.02527551,-1.4599897,-0.107662246,0.3796631,0.2851154831433309,0.6152409782280313,0.33012549508470035,22.534283,36.767982
0.6240897,1.121073,-0.09152753,1.8412484,-0.71561724,0.7201754,-0.4271307106195845,-0.67426566176748,0.24713495114789552,56.356106,37.957764
-0.13089548,0.5417409,0.10312975,-1.4071681,0.23402524,-1.948909,0.3675044569695807,0.6087081857386849,0.24120372876910423,112.17899,48.91722
0.39710498,0.9637263,-0.24341205,-1.2904735,-0.640517,-2.2541997,-0.2307712474630108,0.8134313957942148,1.0442026432572256,131.17397,38.145317
0.31344447,0.7701602,0.573349,-1.4750712,0.25990453,-2.2452314,-0.03320122615352261,0.27004635434105184,0.30324758049457445,109.37696,36.247982
-0.28176278,-2.9058068,0.37859505,-2.7307708,0.66035783,0.17503595,-0.3977280277673634,-0.5563409648118309,0.15861293704446755,39.09195,36.044205
-0.8644867,-2.534165,-0.11276245,-2.9684794,0.75172424,-0.4343145,0.1832565212817947,-0.5342344773683365,0.7174909986501312,47.883648,48.00738
0.85401076,-0.6383128,-0.63953716,0.66213655,-1.4935479,1.3004494,0.23790983908965124,0.4405378198125742,0.20262798072292298,108.00982,43.074562
0.4378185,0.9226835,0.59653425,-3.0403388,0.15871575,-3.9630222,-0.21387409458426276,-0.7835139758466094,0.5696398812623467,105.79526,30.678713
0.9293191,1.8017347,1.059289,2.8698926,0.1299699,1.0681579,-0.7849589719324443,-0.800325776414275,0.015366804481830698,32.884567,30.20011
0.33506706,0.52402854,0.27626783,-1.6220175,-0.058799237,-2.1460462,0.15620498066192567,0.37255458331552926,0.2163496026536036,113.86679,43.02951
-0.44966966,-2.7669168,1.2839049,2.443316,1.7335746,5.2102327,-0.2010384952857791,-0.6910917523014612,0.49005325701568214,107.16995,43.278996
1.4884589,2.8144395,0.9318507,2.4629204,-0.5566082,-0.3515191,-0.5256544169619567,-0.8979747967457019,0.3723203797837452,32.21509,33.24639
-0.9469637,-1.542759,-0.7772327,-0.6082921,0.16973102,0.93446684,0.7066864836890786,0.9537380079776447,0.24705152428856614,35.247314,30.395302
-0.6076572,2.4613621,-0.0934556,2.059023,0.5142016,-0.40233922,-0.4678794677580633,-0.7686652069105415,0.3007857391524782,36.349754,42.401188
-0.8279496,-1.2720746,-0.5553118,-1.173417,0.27263778,0.09865761,0.8338819639516659,0.904044221296699,0.07016225734503312,16.205048,43.045017
-0.37793884,-1.479453,-0.6406736,-0.98412037,-0.26273474,0.4953326,0.7404346765309016,0.9521637443123669,0.21172906778146539,28.821198,33.246326
0.6451986,-1.1449908,-0.9016777,0.13735299,-1.5468763,1.2823437,0.35655951816329434,0.7397926336703242,0.3832331155070299,109.31138,34.808533
0.41353336,1.765466,0.10526669,2.0006776,-0.30826667,0.23521161,-0.8046825117492817,-0.8367262911804749,0.03204377943119319,21.907625,34.38963
0.03289983,-2.2625422,-0.26709262,1.4579198,-0.29999244,3.720462,-0.03229497917319435,-0.33397898464094666,0.3016840054677523,144.65123,41.725388
-0.41483974,2.1094067,-0.09639014,2.1132412,0.31844962,0.003834486,-0.5764977380026792,-0.7850249664068638,0.20852722840418458,18.247038,44.13728
1.3293281,1.6166322,0.9403657,2.8759544,-0.3889624,1.2593222,-0.5849717880374061,-0.8514669112025244,0.26649512316511825,34.153255,49.06042
-0.686602,0.44093633,-0.79532653,0.15863359,-0.108724535,-0.28230274,0.5942071649442013,0.7467805480259706,0.15257338308176926,13.427661,49.75502
-0.095170334,2.8754933,0.44407254,2.2019691,0.53924286,-0.67352414,-0.7691356467576753,-0.9709917598793503,0.20185611312167495,48.562824,33.66885
0.06350541,2.2906368,0.055992488,2.1104379,-0.0075129233,-0.18019891,-0.9019268706137282,-0.8564905134706517,0.04543635714307648,10.315111,37.39159
-0.50117373,1.4332297,-0.46312848,1.5629659,0.038045257,0.12973619,-0.17699849943358759,-0.2855376282331925,0.10853912879960492,6.935651,46.970028
-1.1694733,2.0800564,0.39962727,-1.3811296,1.5691006,-3.461186,0.10079102210430602,0.44317094182736216,0.34237991972305615,134.41063,45.14637
-1.0320395,0.1464951,-0.8504348,-0.15966484,0.18160474,-0.30615994,0.7049494519240809,0.8554176277824941,0.1504681758584132,14.575589,33.396328
-0.28701946,1.9310105,-0.018847778,2.1383739,0.26817167,0.20736337,-0.6020915768670001,-0.8317428466422874,0.22965126977528727,19.315062,32.40705
-1.1434171,0.28555036,-1.080015,-0.51128876,0.063402176,-0.7968391,0.6290889064004768,0.8177670302403106,0.18867812383983384,20.085117,44.76517
-0.5143524,-2.6435726,-0.17274381,2.2572224,0.34160858,4.900795,-0.07607049477435623,-0.7771062086491369,0.7010357138747807,75.806595,40.648872
0.018343642,2.4362104,-0.10688149,2.6727636,-0.12522513,0.23655319,-0.8965072982136171,-0.8165166719649211,0.07999062624869602,15.315797,42.513332
0.54410493,-0.6999855,0.062356412,-1.1324093,-0.48174852,-0.43242383,0.5227957939801371,0.7662178162033149,0.24342202222317777,36.13942,38.111008
-0.075428344,1.5763519,-0.09719675,1.9584922,-0.021768406,0.38214028,-0.5212589601730913,-0.7271694622643601,0.20591050209126882,21.847717,44.769722
-0.35400212,0.5731077,0.011297527,-1.2259874,0.36529964,-1.7990952,0.42535620702384236,0.7507505814124481,0.32539437438860574,102.48535,35.906128
-0.8820369,2.295213,-0.116515994,1.8530076,0.76552093,-0.44220543,-0.20240828327061067,-0.6670553045203844,0.46464702124977375,48.677265,35.21163
-0.6279421,-0.3936293,-0.3973064,-0.60257274,0.23063567,-0.20894343,0.9607551252382134,0.9948927295170549,0.034137604278841494,16.805494,30.181738
-0.8795501,2.4108403,-0.54768205,2.1206102,0.33186805,-0.29023004,-0.21240390836322653,-0.4743920909665693,0.2619881826033428,22.679874,49.203896
-0.72863895,1.9279087,-0.46945438,2.1574893,0.25918457,0.22958064,-0.26302192264940594,-0.5469915878375637,0.2839696651881578,18.35179,46.862427
-0.8121435,1.1125433,-1.0817057,0.89688843,-0.26956218,-0.21565491,0.20280030790938142,0.4053255817741288,0.2025252738647474,16.981153,37.541397
0.3896213,-0.57853055,0.0991583,-1.1528276,-0.29046297,-0.5742971,0.6443802091111728,0.7388568946402119,0.0944766855290391,35.861233,44.937515
0.9642919,2.6996458,0.81451774,2.9536939,-0.14977413,0.2540481,-0.8698522869209757,-0.8731416551115938,0.0032893681906180916,12.512095,36.191727
1.2226385,-2.7522373,-0.039772972,1.9219772,-1.2624115,4.6742144,-0.578696167029511,-0.740111456740332,0.16141528971082097,92.8882,44.715458
-0.38565937,-1.4649899,-0.19370225,-1.3156694,0.19195712,0.14932048,0.7504932707941081,0.7860352996920117,0.03554202889790359,13.7081785,39.499943
0.74048215,1.1471102,-0.5993752,0.33597198,-1.3398573,-0.8111383,-0.47073354260166056,0.6499322965660514,1.120665839167712,87.756546,30.118645
0.30576923,0.30076694,0.22673559,-0.40040657,-0.07903364,-0.70117354,0.3389071678550213,0.7311049394573033,0.392197771602282,38.952724,49.91388
0.37505,-0.64143515,0.14790322,-0.8819075,-0.22714679,-0.24047238,0.6586302199302487,0.7922456379807574,0.1336154180505087,18.58878,39.58335
0.42994586,1.3731964,-0.12036516,2.0857272,-0.550311,0.71253085,-0.5603716673672077,-0.7631664257641928,0.20279475839698513,50.74196,38.392365
-0.46843737,-1.0967281,-0.44056574,-0.8666166,0.027871639,0.23011148,0.9296315997898361,0.9842452800745782,0.05461368028474212,11.947399,37.060184
-1.3039168,-2.1431274,-0.7571728,-0.3026634,0.546744,1.8404641,0.46560375204260485,0.9171521319541887,0.4515483799115838,52.302635,44.528767
-1.3417327,-0.5113013,-0.9210216,0.2177376,0.42071116,0.7290389,0.645640828320174,0.7033942744289643,0.057753446108790296,28.612352,38.808083
-1.18285,0.9714911,-0.7882338,0.67541957,0.3946162,-0.29607153,0.39981967034969035,0.4636688148135626,0.06384914446387224,24.281124,48.147343
0.38744015,-2.7648494,0.9619548,3.0282223,0.5745146,5.7930717,-0.5832707448925554,-0.8069681681110832,0.2236974232185278,39.00236,43.424248
0.28327072,2.1653178,0.20125365,2.481995,-0.082017064,0.31667733,-0.9423377353827611,-0.9623624326168123,0.020024697234051203,18.220688,49.015606
0.39932233,2.448355,0.53221405,3.1235719,0.13289171,0.6752169,-0.9968661741553184,-0.8402540086017903,0.15661216555352808,35.216362,48.867847
0.58798736,2.5320795,-0.012500782,2.2174222,-0.6004881,-0.3146572,-0.9923009105568124,-0.8549073646016232,0.13739354595518916,38.352222,47.789383
-0.74090856,1.2356298,-0.119093575,-1.7876639,0.62181497,-3.0232937,0.09246641597968974,0.44265755895862746,0.3501911429789377,130.3395,43.985966
0.005452183,0.62451625,-0.80192983,-0.1909057,-0.807382,-0.81542194,0.2379028893438644,0.8771765473608335,0.6392736580169691,61.78642,38.72716
-0.42554042,-0.65370655,-0.84789795,-0.3719894,-0.42235753,0.28171715,0.9985750113590619,0.9053956953075417,0.09317931605152019,27.330631,33.47401
-0.0007734299,1.1310627,-0.37144002,1.9274131,-0.3706666,0.79635036,-0.20453125552440277,-0.5431269498811542,0.3385956943567514,49.31416,33.469814
-0.075129956,1.2924974,-0.27938753,2.1180696,-0.20425758,0.82557225,-0.30585216902722756,-0.6757201632884957,0.36986799426126815,47.87877,36.588127
0.28345186,-2.4815383,0.8302036,-2.5717373,0.54675174,-0.09019899,-0.32968873749717886,-0.5318555725562817,0.20216683505910282,31.615574,45.66831
0.6028218,1.1645505,-0.06479941,1.7697713,-0.66762125,0.6052208,-0.4524425321950538,-0.6489380501444986,0.19649551794944475,50.261223,37.815826
-0.6473047,1.2387159,0.7243132,-0.17523469,1.3716179,-1.4139506,0.03983317221539551,0.2812876329443883,0.2414544607289928,107.83412,37.86277
-0.56061035,1.2109625,-0.61693364,1.2445512,-0.05632329,0.033588648,0.01231824382775315,0.01929500147834773,0.006976757650594578,3.6019573,39.01913
-0.8399546,-0.6027181,-0.896717,-0.65846884,-0.056762397,-0.055750728,0.9331379622410161,0.9128341735475498,0.020303788693466274,3.850919,33.65412
-0.32384905,0.7638252,-1.2753004,1.0639976,-0.9514513,0.30017245,0.25894892794896407,0.39590260129728705,0.13695367334832298,55.378166,30.41817
0.92679065,-0.45035744,1.0044835,2.8284378,0.07769281,3.2787952,0.15390013286275916,-0.8332523056879566,0.9871524385507158,69.16067,35.404186
0.030478785,1.8887861,0.11433139,2.0926256,0.083852604,0.20383954,-0.7568005094190724,-0.8733519455756893,0.1165514361566169,12.597108,40.872078
0.8155167,-1.2717304,0.52463865,-1.4593164,-0.29087806,-0.18758595,0.16925690998689547,0.31343595636228905,0.14417904637539358,18.633038,47.600807
0.5206252,-0.55772567,-0.96151084,0.1517164,-1.482136,0.7094421,0.537890692792665,0.7213971959826289,0.18350650318996387,91.79014,42.436707
-0.45664403,1.3999765,-0.4130235,1.4885249,0.043620527,0.08854842,-0.18136584325413185,-0.26893679788554614,0.08757095463141429,5.235475,46.65985
0.5408761,2.6468174,0.58296233,2.6806555,0.042086244,0.033838034,-0.9859284844737655,-0.977787772178834,0.008140712294931518,2.9164493,40.925316
0.4630724,1.7123659,0.23904908,1.9541988,-0.22402331,0.24183297,-0.7828363686080779,-0.8599956508880027,0.07715928227992475,18.24671,37.130486
-0.2653824,2.5023158,0.047982205,2.0131617,0.31336462,-0.4891541,-0.7369152683345064,-0.81896584069912,0.08205057236461366,33.04232,42.888554
-0.78525174,-2.064406,0.45279187,-0.9248292,1.2380435,1.1395767,0.4358619966557331,0.5732885903434521,0.13742659368771903,92.49239,47.445385
0.3124455,-1.9372238,-0.13082498,-1.349291,-0.44327047,0.5879328,0.11379990442112486,0.7466504756908892,0.6328505712697643,41.846252,33.166924
-0.68632364,0.5437813,-0.94541675,-0.02469523,-0.2590931,-0.5684765,0.5292497259675581,0.7865754602625763,0.25732573429501815,26.440384,37.285057
-1.0383614,-0.6687217,-0.6465649,-0.4520091,0.39179653,0.21671256,0.8461146675742945,0.9683750711437806,0.12226040356948609,23.830116,37.641613
-1.1899444,-1.7488718,-0.51790863,-1.2467726,0.67203575,0.50209916,0.582299972437677,0.8752067283351384,0.2929067558974614,42.038605,39.87068
0.2447636,-0.4215126,-0.34273422,-0.76739085,-0.58749783,-0.34587824,0.7241675103787966,0.9873269764743142,0.26315946609551766,38.902554,38.425278
-0.76123405,-3.1085858,-0.5139147,1.1014382,0.24731934,4.210024,-0.17365918094304,0.06932252794454818,0.2429817088875882,87.963425,30.739048
0.22442052,2.3311818,0.19181204,2.3751032,-0.03260848,0.04392147,-0.9602219068381501,-0.9559650047314499,0.004256902106700267,3.090665,38.06978
0.7817768,0.04792452,0.9038514,-2.888016,0.122074604,-2.9359405,0.15106406792221239,-0.6906440449958673,0.8417081129180797,82.8868,39.46395
0.5707324,0.6457577,-0.47758865,-1.2138339,-1.048321,-1.8595916,-0.06069943299001679,0.8870927790693628,0.9477922120593796,117.462074,46.12664
0.63507336,2.029298,0.3756819,2.2730613,-0.25939146,0.24376321,-0.9192850030619173,-0.9790934402285245,0.05980843716660722,19.194717,48.755775
-0.5637547,-0.79742813,-0.6417471,-1.0651093,-0.07799244,-0.26768112,0.9903044190755246,0.9321278404903826,0.058176578585142025,13.382482,31.964897
-0.2979704,0.4806776,0.12037198,-1.2183417,0.4183424,-1.6990193,0.47926394154563745,0.6989838223463751,0.21971988080073768,99.009964,41.439888
-0.7694124,0.37724853,-1.0185258,-0.6641651,-0.24911344,-1.0414135,0.6367945440245908,0.8565071298444469,0.2197125858198561,38.501404,40.039795
0.47055796,0.5580704,0.11604002,-1.8055766,-0.35451794,-2.363647,0.056596521107298514,0.3209925951302681,0.2643960740229696,125.32207,42.217022
1.0590203,-0.7744217,-0.41681936,1.3035947,-1.4758396,2.0780163,0.03328009140913224,-0.13472046837576812,0.16800055978490036,124.78508,36.946964
1.3487267,0.8545251,1.0380528,-2.7250552,-0.31067395,-3.5795803,-0.4385772484049131,-0.6040953609299251,0.16551811252501203,42.357204,34.629093
-0.74771297,1.3342273,0.027850788,-1.1485251,0.7755638,-2.4827523,0.03662786142599117,0.7767983969665517,0.7401705355405606,126.7618,31.657272
0.6025563,-2.768405,1.0056901,2.6222243,0.4031338,5.3906293,-0.6269655576537101,-0.8575174840899304,0.23055192643622036,40.934727,36.15898
0.9415395,-1.9696288,-0.8283213,-0.80937356,-1.7698607,1.1602552,-0.22932658481070423,0.9330204879089834,1.1623470727196876,115.903824,49.643867
-0.4628102,-0.16115403,-0.50780785,-0.20730884,-0.044997662,-0.046154812,0.8982415543739695,0.917025667470794,0.018784113096824484,3.480878,44.922783
-0.54730093,2.0008342,-0.28062898,1.5997753,0.26667196,-0.4010589,-0.4386193876880373,-0.42405075206516607,0.014568635622871251,25.901945,34.63602
0.64743507,2.8250868,0.8577373,2.899342,0.21030223,0.07425523,-0.9409662691101266,-0.8751508060644664,0.06581546304566022,12.437884,42.347885
-0.7045459,2.1379163,0.122834295,2.2332387,0.8273802,0.09532237,-0.34338813034262294,-0.9137578872358105,0.5703697568931876,47.671993,44.718132
-0.52877355,-1.3071816,-0.26064616,-1.1421006,0.26812738,0.16508102,0.8491231032497257,0.8838433295689931,0.03472022631926741,17.649904,46.75905
0.14954996,-2.7496505,0.093806595,1.5202099,-0.055743366,4.2698603,-0.4946245921850121,-0.5583336067279379,0.06370901454292577,114.05593,32.83305
-0.014165637,0.9212587,-0.105704166,1.8469579,-0.091538526,0.92569923,-0.013788509472252741,-0.6697472945503442,0.6559587850780915,53.176308,42.99035
-0.92999554,-0.7477498,-0.89653456,-0.37539405,0.033460975,0.37235576,0.8972910441390987,0.888674998607442,0.008616045531656624,13.128525,41.089085
0.90035784,2.020726,0.3173084,2.1260757,-0.5830494,0.10534978,-0.8567816642597919,-0.9381715501748822,0.08138988591509033,33.74534,40.031265
0.854095,1.7600634,0.7464052,2.2516208,-0.1076898,0.49155736,-0.7886988202877245,-0.94833550347985,0.15963668319212543,20.428633,45.45956
0.17050822,0.57276726,-0.87870646,1.4115784,-1.0492147,0.83881116,0.2024300599521034,0.07452728397739161,0.12790277597471178,73.161316,43.12731
0.2948675,-0.018329859,-0.036989514,-1.5276434,-0.331857,-1.5093136,0.5416640605767752,0.5995691387192579,0.05790507814248269,87.24847,41.088257
0.7107288,-1.1734201,0.24809594,-1.2462066,-0.4626329,-0.07278657,0.2916904435537173,0.6109527069818803,0.319262263428163,26.755556,35.352783
0.14869034,3.0430353,0.7772876,2.6208174,0.62859726,-0.42221785,-0.8060708927748093,-0.9477568902301989,0.14168599745538968,41.673496,31.058413
0.30274,0.62294483,-0.038675275,-0.89591014,-0.3414153,-1.518855,0.09408229211093655,0.8836957057113097,0.7896134136003732,87.82268,48.78151
0.957294,0.8474195,1.3840599,2.7356036,0.42676592,1.8881841,-0.3487352514688098,-0.6096335847512067,0.26089833328239687,39.640327,43.357574
-0.03908282,-1.2754493,-0.041345645,-0.90101206,-0.0022628233,0.3744372,0.7493035416113543,0.8838107169773068,0.13450717536595258,21.436495,46.711655
0.24798794,2.8035266,0.46063185,2.9749017,0.2126439,0.17137504,-0.926372984018407,-0.9002456185095058,0.026127365508901157,15.256844,34.737507
-0.93413705,0.7574086,-0.88333833,-0.0021832378,0.050798714,-0.7595919,0.44287961115345276,0.7962866219769121,0.3534070108234594,26.49067,32.84086
0.56692845,-0.51296186,0.058547657,-1.1929331,-0.5083808,-0.6799712,0.4939950472991228,0.7428618194206296,0.24886677212150676,46.66671,45.271866
-0.19631888,0.13559222,-0.17787063,-1.1045105,0.018448249,-1.2401028,0.6917190987306414,0.87540851985184,0.18368942112119857,69.63799,47.88482
0.1911043,0.68984723,0.32666934,2.61715,0.13556504,1.9273028,0.09361025463827488,-0.9796455981694532,1.073255852807728,105.28243,33.983948
-0.33952466,-2.7630677,0.562673,2.621066,0.9021976,5.384134,-0.26364358231053764,-0.987617062329381,0.7239734800188433,71.41593,30.372591
-0.14798124,-1.4644064,0.051395424,-1.0636048,0.19937667,0.40080154,0.6850077482400012,0.7969410498782126,0.11193330163821136,25.589937,46.5434
-0.8365889,-0.23188996,-0.9888182,-0.5864703,-0.15222931,-0.35458034,0.8789323574721575,0.869674194559023,0.009258162913134527,15.088405,30.995316
-0.3894517,2.9154384,-0.16384262,2.1496682,0.2256091,-0.7657702,-0.5676257201326207,-0.757665156005519,0.1900394358728983,43.956345,45.20394
-0.21185483,2.447271,0.4773387,2.1350837,0.68919355,-0.31218743,-0.7722582341853048,-0.9563388802705397,0.1840806460852349,43.13154,44.00347
0.14817324,-2.3478112,0.89721316,3.1365213,0.7490399,5.4843326,-0.15949852175783974,-0.7937701689597328,0.6342716472018931,56.925293,35.312057
-0.0030010983,0.6918633,-0.6120317,-2.9054916,-0.6090306,-3.597355,0.1836572595938719,-0.18394690125374602,0.36760416084761793,137.15608,33.92061
0.24382374,1.8929932,0.06946491,2.184442,-0.17435883,0.29144883,-0.8338482621327064,-0.8826974608397737,0.04884919870706739,19.263288,47.006977
1.2509222,-0.767962,0.9632008,-2.3719535,-0.2877214,-1.6039915,-0.15698940079527368,-0.44154450563224223,0.28455510483696855,39.338108,45.86683
0.20495214,1.2241423,0.25732735,1.7041901,0.052375212,0.48004782,-0.3717246377082226,-0.7366509376278225,0.3649262999195999,26.923628,42.15646
0.19054967,-1.6893455,0.10802568,-0.5925963,-0.082523994,1.0967492,0.3721301390424565,0.8313169454442342,0.45918680640177767,62.22272,38.372253
0.8905085,-2.9638884,0.96305764,2.7880526,0.072549164,5.7519407,-0.725297257534637,-0.8582441775382268,0.13294692000358976,18.582315,43.462868
0.7460889,2.779485,0.5335046,2.5285378,-0.21258432,-0.25094724,-0.9326469335561658,-0.9970144690077625,0.06436753545159668,16.727608,30.941782
0.38065675,2.5304525,0.192427,2.4749928,-0.18822975,-0.055459738,-0.9938910730888075,-0.9599848490910574,0.03390622399775012,11.205634,30.673023
-0.10953861,-1.1316025,-0.12902445,-0.9648981,-0.019485839,0.16670442,0.8419912805457113,0.9028863655669923,0.06089508502128105,9.548761,48.967472
0.6219847,-2.109545,0.6590932,-2.4256465,0.03710848,-0.31610155,-0.17087963488273772,-0.4082425030139696,0.23736286813123186,14.652282,40.992832
-0.51366585,1.1907094,-0.50826037,2.693593,0.0054054856,1.5028837,0.002231954377799994,-0.5338334174428354,0.5360653718206354,73.09637,33.49755
-1.1677316,0.82483816,-0.9538276,0.2650579,0.21390402,-0.55978024,0.4473212293491251,0.6782418490211786,0.23092061967205346,19.51178,46.49881
0.50382024,2.994654,0.6603275,2.757192,0.15650725,-0.23746204,-0.8946347875609142,-0.9541991772429164,0.05956438968200217,14.449364,32.678413
0.4690022,-0.6004,-0.009344757,-1.094095,-0.47834694,-0.49369502,0.5835079156701326,0.8151114449078654,0.23160352923773275,38.62542,31.396837
0.914819,-2.0389614,0.20383964,-3.0482392,-0.71097934,-1.0092778,-0.2533592407875016,-0.7202099655056631,0.46685072471816147,61.41475,49.66785
-0.6920267,-2.1586828,-0.22824718,-0.93168515,0.4637795,1.2269976,0.35025878602847804,0.9404662250557809,0.5902074390273029,66.59815,35.416702
-0.4311648,2.8863242,-1.0038908,0.48747954,-0.57272595,-2.3988447,-0.5465871989141489,0.5773751345849689,1.1239623334991178,90.39099,41.76103
-0.19432206,1.9262745,-0.010923986,2.0936248,0.18339808,0.16735029,-0.6580758802403626,-0.8217182763041282,0.16364239606376563,14.181835,44.72709
0.6525422,-1.8032147,-0.71178526,1.0926414,-1.3643274,2.895856,0.02237573906596957,0.16956628169952914,0.14719054263355957,168.57123,34.29813
0.42646214,-2.5229554,0.21881348,2.3493328,-0.20764866,4.872288,-0.4130787615860392,-0.9608244799159902,0.547745718329951,76.62673,45.10164
0.5501587,1.598489,0.1814927,2.0299082,-0.368666,0.43141913,-0.727762534672416,-0.873872976973141,0.146110442300725,31.131243,45.493774
-0.18047343,-2.441745,-0.5839713,1.9471503,-0.40349787,4.3888955,-0.0901985365411413,-0.38992905089118324,0.29973051435004194,99.31901,45.783173
0.40435523,2.892142,0.44689766,2.8744726,0.042542428,-0.01766944,-0.9254333176140097,-0.934657660144171,0.009224342530161245,2.6060176,35.21547
0.37118325,-2.4443824,-0.22618121,2.1735446,-0.5973644,4.617927,-0.3318117076483418,-0.7257045789857024,0.3938928713373606,99.61353,46.90398
-1.2383226,0.7615442,-0.7550801,0.2511907,0.4832425,-0.51035357,0.4729048968314604,0.7044293099131114,0.23152441308165095,31.21747,43.91741
-1.3996906,-1.834835,-1.1417518,0.052862156,0.25793886,1.8876972,0.5118194581770343,0.6935521972777913,0.18173273910075693,29.071861,43.39838
1.3238573,2.9326165,0.7048857,2.8461976,-0.6189716,-0.08641887,-0.638849895043871,-0.9264395896034303,0.2875896945595593,35.533012,43.15764
0.040906988,-0.20421004,-0.82242996,-0.110965036,-0.8633369,0.09324501,0.7736964896429894,0.8478475365840872,0.07415104694109775,49.687847,39.82231
-0.11323027,2.8514335,0.07828701,1.957877,0.1915173,-0.8935565,-0.7675283435100493,-0.8085272936888659,0.04099895017881661,52.27385,44.401512
1.499799,2.4900615,0.864827,3.1183226,-0.63497204,0.6282611,-0.5203024070700293,-0.8081805271504745,0.2878781200804452,37.221745,34.173256
0.072256126,0.16018105,-0.037131406,-1.1556665,-0.10938753,-1.3158475,0.563457370615315,0.8034169842158718,0.23995961360055684,75.60032,49.93778
-0.8151396,1.9979188,-0.4648944,1.811665,0.35024518,-0.18625379,-0.20936342867852176,-0.4232368886055591,0.21387345992703732,21.768944,37.867912
-0.4917568,2.5921462,-0.07845349,1.8162977,0.41330332,-0.7758485,-0.561053517628352,-0.667826049263538,0.10677253163518596,48.370415,30.07882
0.904012,0.7189386,0.6226699,2.6523056,-0.28134215,1.933367,-0.26210837754288363,-0.9772311042315085,0.7151227266886249,73.73359,36.245068
-0.45974675,0.47298598,-0.8724753,-0.49051714,-0.41272858,-0.9635031,0.5321310078102481,0.9130928225300146,0.3809618147197664,48.037212,30.28289
-0.31189734,1.2295907,0.30982894,-2.5015855,0.6217263,-3.7311761,-0.13434420716700224,-0.35608148021920627,0.22173727305220403,147.88322,36.413403
-0.99954385,-2.8275094,-0.93451536,0.7710462,0.06502849,3.5985556,0.12055425856386304,0.4358076109844955,0.31525335242063246,67.151825,44.356384
0.09247376,2.2755115,0.15943909,2.2998974,0.06696533,0.02438593,-0.9107147687099655,-0.9376921658480608,0.026977397138095327,4.0793834,45.694702
1.1967483,-2.2072928,0.42712376,2.7170641,-0.7696245,4.924357,-0.4150842756786979,-0.9740799464725924,0.5589956707938946,62.897938,46.65483
-0.25875914,-0.24031329,-0.43438601,0.018010838,-0.17562687,0.25832412,0.8975001722495808,0.8145126903062272,0.08298748194335359,17.153053,46.61075
0.50596654,-2.8909633,0.72989285,-3.1404965,0.2239263,-0.24953318,-0.6912771973014431,-0.8233920555142347,0.13211485821279156,17.2841,39.239536
-0.6292209,0.037528276,-0.5959799,-0.11428722,0.033240974,-0.1518155,0.814745763381042,0.8812423463422188,0.06649658296117678,7.3640976,36.00209
1.1624932,-1.2504445,0.037804153,-2.9497325,-1.1246891,-1.699288,-0.1252058611595439,-0.5939065991229118,0.46870073796336786,90.925545,37.25477
0.015877198,2.2902477,0.08994328,2.4597409,0.07406609,0.1694932,-0.8817033242671961,-0.9262769782998488,0.044573654032652676,10.583458,30.7061
0.41067308,-0.3269813,-0.6594348,0.16098815,-1.0701079,0.48796946,0.583701210023337,0.7531568258717556,0.16945561584841862,66.70556,36.371643
0.49560833,2.5831745,0.80767345,2.6328607,0.31206512,0.049686193,-0.9947423715509558,-0.9373663069266147,0.05737606462434108,18.019512,38.067104
0.3698908,-1.1381621,-0.0014523332,-1.1588761,-0.37134314,-0.020713925,0.5746181554199499,0.7862766730682151,0.21165851764826527,21.307953,48.09949
0.10572245,-1.0546699,-0.17935818,-1.0102732,-0.28508064,0.04439664,0.7715921793785885,0.9068062280169595,0.13521404863837105,16.529202,34.20761
0.39088812,-3.0031996,0.8003107,2.9147701,0.40942255,5.9179697,-0.7407727990897603,-0.8875150147702522,0.14674221568049184,28.96919,31.77341
1.0027142,-1.4880629,-0.16492057,0.9732221,-1.1676347,2.4612849,-0.058717040040961344,0.00975716368830426,0.0684742037292656,123.4326,47.65545
-0.49107033,-0.16161132,-0.5773577,-0.1516191,-0.08628738,0.009992212,0.8998705515083598,0.8961829379573123,0.0036876135510475194,4.9683027,32.894524
-0.53584987,-0.29684854,-0.7275981,-2.8925347,-0.1917482,-2.5956862,0.9449752064066814,-0.09643188787677826,1.0414070942834597,102.0759,35.92119
-0.0768238,-0.3109603,-0.2667328,-0.7145142,-0.18990901,-0.4035539,0.8640532177343747,0.9773755206036583,0.11332230286928358,25.208775,42.553238
1.0150967,2.1980307,0.07723546,2.3689928,-0.9378612,0.1709621,-0.8411517351849227,-0.9170068449931312,0.07585510980820853,54.27848,32.415943
1.1940784,-1.2367136,-0.43148968,1.6442178,-1.6255682,2.8809314,-0.15003798951668657,-0.3560498568326409,0.20601186731595433,135.3785,43.96919
-0.1742357,-2.5178745,-0.2749343,1.9359651,-0.10069859,4.4538393,-0.1579676170086728,-0.6121350619200712,0.4541674449113984,101.2615,43.796387
0.60087156,-0.38093352,0.10461459,-1.137028,-0.49625698,-0.75609446,0.44297781053720975,0.7422875736691301,0.29930976313192037,49.016068,44.241432
0.5545926,-1.8927672,-1.0691451,1.6298239,-1.6237377,3.522591,0.017940429674908387,0.11650180381324693,0.09856137413833854,147.26703,47.9926
-0.63910955,-2.65973,-0.11730456,2.8407297,0.521805,5.5004597,-0.015185853756873868,-0.7687632109382418,0.753577357181368,50.58323,33.9135
1.0704734,3.1234357,0.44164962,2.0723505,-0.6288238,-1.0510852,-0.7405443713668892,-0.9369513061232837,0.19640693475639448,53.8133,34.59254
0.14605093,3.043803,0.62126356,2.942647,0.47521263,-0.101156,-0.8047966353984921,-0.9100178391149809,0.1052212037164888,27.738274,49.704445
-0.8812413,-0.1378212,-0.7120944,-0.23955427,0.1691469,-0.10173307,0.8402224474898712,0.9102763259791233,0.07005387848925215,10.505057,40.643536
0.035080116,-1.409528,0.20925637,-0.8739492,0.17417625,0.5355788,0.641514236721977,0.7565112681199455,0.11499703139796846,32.007156,43.00645
0.039478064,1.7060449,-0.07777171,2.099262,-0.11724977,0.3932171,-0.6598249854483607,-0.7904787624133816,0.1306537769650209,23.493498,46.129368
-0.32591778,-2.0292568,-0.33764946,-1.8317118,-0.011731684,0.19754505,0.32550292193263886,0.48723044507735214,0.16172752314471328,10.720381,30.86378
0.96974725,-0.26455665,-0.17534032,-0.97100556,-1.1450876,-0.7064489,0.08328591320641099,0.9163402210793397,0.8330543078729287,73.75772,31.388994
0.73776555,2.9302638,0.729305,2.3865373,-0.008460522,-0.54372644,-0.8973302811886237,-0.9658812163773085,0.06855093518868483,23.016205,32.322365
-0.014071095,-1.9723687,-1.0803578,0.95765626,-1.0662867,2.930025,0.24415709494257243,0.37961333846970646,0.13545624352713403,116.618835,33.09862
0.6260955,0.9227712,-0.22629876,2.3322892,-0.8523942,1.409518,-0.2861568209345329,-0.755106850189911,0.4689500292553781,90.26785,35.481144
0.16387965,-2.7384715,1.0850168,-2.7286181,0.9211372,0.009853363,-0.49155115783810466,-0.5990117473364993,0.10746058949839465,52.778877,49.90701
0.8324508,3.018912,0.8010696,2.988115,-0.03138119,-0.030797005,-0.8491022885240231,-0.8662877240351854,0.01718543551116225,2.1660013,45.373062
-0.8295509,-3.065826,0.39326447,-2.7419555,1.2228154,0.32387042,-0.1016865664876534,-0.5683590689341358,0.4666725024464824,72.02653,36.867844
0.3780707,1.8433836,0.21365201,2.2192225,-0.1644187,0.375839,-0.838639348997047,-0.938723923966446,0.10008457496939904,22.613754,49.089924
0.5397073,0.14570785,0.13490587,-0.86399204,-0.40480143,-1.0096998,0.28562618841568144,0.8028802933654653,0.5172541049497839,58.570564,32.883354
0.114695325,2.3026474,-0.41010883,-0.57808477,-0.5248042,-2.880732,-0.9231356664627164,0.9941957650112805,1.9173314314739969,157.79831,45.766754
-1.1911337,-2.530808,-0.9911113,0.3795054,0.20002246,2.9103134,0.3323399463251482,0.6249699233985622,0.292629977073414,54.587456,37.919254
0.1299768,2.8946044,0.20446125,2.8401906,0.07448445,-0.054413795,-0.8621208314961226,-0.9041062577133161,0.04198542621719348,5.2591496,41.07936
-0.71835345,-0.96709514,-0.59099865,-0.8649222,0.1273548,0.10217291,0.9419772067798284,0.9797809096711383,0.037803702891309854,8.644134,41.63198
-0.34336117,-1.9389106,-0.045636415,-1.3736376,0.29772475,0.56527305,0.40503362065991055,0.6992167415839585,0.29418312092404797,35.935192,41.90222
0.01211804,-0.801821,-0.1607839,-0.9430156,-0.17290194,-0.14119458,0.8756757495081864,0.9187245618638347,0.04304881235564828,12.769448,40.349594
0.5527956,0.4667833,0.34502655,-1.6395929,-0.20776904,-2.1063762,0.07573478141927303,0.3196516034775785,0.24391682205830545,103.36441,41.03378
0.32656062,-0.5455804,-0.12509204,-0.9784379,-0.45165265,-0.4328575,0.6879504827191028,0.8980018668093841,0.21005138409028135,35.604546,45.801643
0.7023131,2.0216467,0.22323895,2.2122972,-0.47907418,0.19065046,-0.9077240046344333,-0.939720228352865,0.03199622371843169,29.080889,36.756973
-0.93849605,-2.3398867,-0.41484883,0.17441261,0.5236472,2.5142994,0.3190729189631192,0.7235324874613758,0.4044595684982566,96.47503,30.701221
-0.6747304,3.1087015,-0.23653904,2.3069043,0.43819138,-0.80179715,-0.2704916174038635,-0.7452003390393749,0.47470872163551137,47.600063,35.924625
1.0091228,-0.8103471,1.1262887,-1.8421422,0.117165804,-1.0317951,0.08084686953817766,-0.2646967316653237,0.34554360120350136,28.155285,45.91562
1.4388357,-0.9475639,1.0800537,-2.1853683,-0.35878205,-1.2378044,-0.3419034154257572,-0.3801322195122019,0.03822880408644469,26.544905,48.030624
-0.9524442,1.0441692,-0.8141999,0.3567753,0.13824427,-0.6873939,0.2987250971551898,0.6478832484430752,0.3491581512878854,25.830055,38.143555
0.3709622,-1.0121181,-0.24586642,-1.1172187,-0.6168286,-0.10510063,0.6147472309051754,0.8896884749946246,0.2749412440894492,35.83278,44.772785
0.8890389,-0.2664652,0.19858435,-1.8245586,-0.6904546,-1.5580934,0.15858513610197722,0.263715439122973,0.1051303030209958,80.733315,35.9482
-0.91863126,-2.4321856,-1.2246006,-1.4276627,-0.3059693,1.0045229,0.2629936977883389,0.6507884498239578,0.38779475203561886,30.895905,38.907413
-0.48003918,-0.7905431,0.018206675,-0.667865,0.49824587,0.1226781,0.9944944009096552,0.8802301862892743,0.11426421462038094,29.336515,34.242702
0.16438812,2.7107518,-0.09492936,2.068336,-0.2593175,-0.64241576,-0.9263242514174479,-0.7711302812423435,0.1551939701751044,39.57522,38.34688
0.92017275,-1.9464169,-0.22449194,2.823183,-1.1446646,4.7696,-0.20737304115130772,-0.7106706109622731,0.5032975698109654,98.24285,36.05035
0.67684156,1.2838948,0.18118916,2.0075116,-0.49565238,0.72361684,-0.5476177086069791,-0.8652550885173973,0.3176373799104182,46.566494,39.689976
-0.42609882,1.7030108,-0.0260045,1.6902875,0.40009433,-0.012723327,-0.3936297238877673,-0.6203392230753584,0.2267094991875911,22.934547,40.653915
0.9923456,0.83533597,1.0188233,-2.49414,0.026477695,-3.3294759,-0.35320714973125966,-0.5060846250325692,0.15287747530130957,64.44853,38.95911
0.84369355,-1.2492188,0.08014077,1.9115528,-0.7635528,3.1607716,0.15266191643592464,-0.7883569916610504,0.9410189080969751,127.05943,39.83038
-0.7184347,2.9077418,0.34711263,-0.5953303,1.0655473,-3.503072,-0.3040265045045265,0.6772997020956701,0.9813262066001966,152.38692,34.315517
-1.1775268,-2.635809,-0.71719885,0.80860597,0.46032798,3.4444149,0.29311521745896396,0.36139732828876703,0.06828211082980307,70.6441,33.00785
-0.10988545,-1.5792857,0.07169464,-0.64480186,0.1815801,0.9344839,0.5945828179361783,0.8532741202056382,0.2586913022694599,54.459614,36.19464
0.6763286,-1.5114164,0.5849232,-1.0440202,-0.09140539,0.46739626,0.17616308042320727,0.4372820241030233,0.26111894367981603,22.167446,46.605724
0.47952852,0.9448092,-0.09893585,1.5082128,-0.5784644,0.5634036,-0.24805430603887757,-0.4611957041607675,0.21314139812188992,45.5049,47.537865
0.09129972,2.30986,0.00952063,2.1196842,-0.08177909,-0.19017577,-0.9156114780081595,-0.8393161784658901,0.07629529954226932,11.845448,44.515312
0.62503576,0.3476436,-0.76973265,0.88628906,-1.3947685,0.53864545,0.10895379146404238,0.326788708783063,0.2178349173190206,84.683105,34.280453
-0.49321303,2.9617536,-0.23707508,1.7532008,0.25613797,-1.2085528,-0.4727208655425166,-0.5440560474135339,0.07133518187101728,65.50565,41.737488
-1.4283429,-2.275911,-0.075274915,-0.34721914,1.353068,1.928692,0.44965112572710453,0.8742575314873813,0.42460640576027675,88.57608,39.432392
0.15279454,-1.6007442,-0.09672543,-1.1725659,-0.24951997,0.4281783,0.4564909871002033,0.8204769143895598,0.3639859272893565,28.330654,49.0676
-0.14486755,2.7218778,0.7236164,2.4885602,0.86848396,-0.23331761,-0.7853255446082876,-0.9694297837972563,0.18410423918896868,51.25234,34.2104
0.6589022,-1.4988966,0.36488146,-1.41881,-0.29402077,0.08008659,0.19535164856899834,0.4458882987103001,0.2505366501413018,17.308073,46.47497
1.0811601,1.9337475,0.9057856,3.0925548,-0.17537445,1.1588073,-0.7640313637109255,-0.8060156916043546,0.041984327893429096,35.83944,45.629673
-1.1167631,0.99633145,0.31253925,-1.1105849,1.4293023,-2.1069164,0.37388194614103476,0.6248134709158251,0.2509315247747903,119.308136,44.31745
-0.46573007,-0.56327724,-0.8297723,-0.3758292,-0.36404222,0.18744805,0.995224960061238,0.9119659054245748,0.08325905463666317,22.49696,46.03978
-0.6737768,-1.5670202,-0.09552133,-1.1717031,0.5782555,0.39531708,0.7206516248629659,0.820383369549397,0.09973174468643109,38.97497,36.85042
-0.36176175,0.8683307,0.27729014,-1.6535776,0.6390519,-2.5219083,0.1872649178778083,0.34977708031749666,0.16251216243968836,146.014,45.015713
0.96330106,1.0137298,0.8119885,-2.8016734,-0.15131259,-3.8154032,-0.43476541544765723,-0.6567093191385451,0.2219439036908879,73.20747,36.089294
0.71716356,1.6570714,0.44607005,2.6070955,-0.27109352,0.9500241,-0.7620880013035185,-0.9919379005688942,0.2298498992653757,47.23126,39.49515
-0.024675608,1.8517053,0.011599379,2.0844045,0.036274984,0.23269916,-0.7130651443049079,-0.8289961614812086,0.11593101717630072,13.492701,40.72973
0.56170636,2.6683595,0.75481063,2.7493153,0.19310427,0.080955744,-0.9814848724626479,-0.9362187429172373,0.04526612954541065,11.651477,31.92229
1.2573035,-1.033865,-0.65789694,-2.9085693,-1.9152005,-1.8747044,-0.1797276281676261,-0.15385822477598232,0.025869403391643786,130.89507,47.784096
-0.8723812,-1.2105056,-0.8476754,-0.84808254,0.024705827,0.36242306,0.841781862207128,0.922745368660312,0.08096350645318395,13.577086,46.522476
0.8739256,-1.8080226,-0.43254346,1.357658,-1.3064691,3.1656806,-0.1110998251519284,-0.16548973879404727,0.05438991364211887,154.688,41.3351
0.8536153,-0.728194,0.13580588,-1.0109056,-0.71780944,-0.28271163,0.23772224265837316,0.7685035394288899,0.5307812967705168,43.33139,31.525555
0.455183,2.4337375,0.2437233,1.997871,-0.2114597,-0.43586648,-0.9992760147059236,-0.8790432941556237,0.12023272055029999,26.332918,37.064945
0.05621461,-0.58608294,-0.11787992,-1.2165375,-0.17409453,-0.63045454,0.8582711421706364,0.8089970651116563,0.049274077058980126,37.41278,38.50186
0.13541032,-1.226852,-0.029800916,-1.0931282,-0.16521125,0.13372386,0.6867707844592275,0.824513684761407,0.1377429003021795,12.165864,44.08457
-0.104566894,-2.6916747,-0.1259885,1.7557591,-0.021421604,4.447434,-0.3354253040579458,-0.6090366065541151,0.2736113024961693,104.19695,37.995235
-0.34766543,-1.1266925,-0.20095535,-1.0117025,0.14671008,0.114989996,0.9069848874969537,0.9126920845585413,0.005707197061587621,10.525604,49.53171
-0.98989826,-2.0688353,0.70999634,2.1366348,1.6998947,4.20547,0.4678212750421107,-0.9358640940831595,1.4036853691252702,138.32742,39.210316
-0.28555462,-0.90546465,-0.29611537,-0.7983333,-0.010560751,0.10713136,0.9588149271974444,0.9770887682059417,0.01827384100849727,5.911153,39.319504
-0.8174203,-1.8270191,-0.35113877,-0.8300852,0.46628153,0.9969339,0.5801370067104052,0.9818290085835386,0.40169200187313336,53.158066,33.232048
0.868076,-2.859629,0.9220046,3.0327196,0.053928554,5.8923483,-0.6819038968739441,-0.8192529005446878,0.13734900367074365,14.280854,44.319927
-0.094147466,0.13436007,-0.012883198,-0.9677921,0.081264265,-1.1021521,0.6552583018823723,0.8560655474519694,0.20080724556959706,63.201733,40.97802
0.87578285,-0.47123313,-0.036354654,-0.96489954,-0.9121375,-0.4936664,0.20557530671841917,0.8670751303260644,0.6614998236076453,57.612335,38.90447
0.7826537,2.6059906,0.58951426,2.6076283,-0.19313943,0.0016376972,-0.9475327121817703,-0.9865259291122737,0.038993216930503394,11.066317,34.222553
-0.0036455474,-1.9730798,0.4649296,-1.1698284,0.46857515,0.8032514,0.23879094093222974,0.4925715633917882,0.25378062245955846,51.754906,47.757706
-1.357223,-1.8076054,-0.9228209,-0.8011346,0.4344021,1.0064708,0.5274864845965954,0.8974807108571046,0.36999422626050915,32.046795,31.328829
-0.23259465,-1.006587,-0.09379499,-1.8883017,0.13879967,-0.8817147,0.9226154319255855,0.3503742306224913,0.5722412013030942,50.38873,48.81349
0.20889433,2.1796587,0.4857406,2.264536,0.2768463,0.08487725,-0.9282831717228284,-0.9835470945555294,0.055263922832700985,16.50239,40.656982
-0.31446946,0.720907,0.30147406,-1.0509496,0.61594355,-1.7718565,0.29104602038847105,0.6524362587081907,0.3613902383197196,105.85435,37.736973
-0.547272,2.8501298,0.29524392,2.540512,0.84251595,-0.30961776,-0.4659916497035095,-0.9815085317031063,0.5155168819995968,51.19005,42.45376
0.01085553,-1.3071026,0.00876791,-1.2104123,-0.00208762,0.0966903,0.7106122157046677,0.7591148551550607,0.048502639450393015,5.5410028,47.774506
-0.05523247,-0.155334,-0.32585987,-1.2877562,-0.2706274,-1.1324222,0.7966965028964328,0.8342556869760216,0.0375591840795888,65.21656,31.259224
1.074468,2.5700462,0.72265476,2.2811103,-0.35181326,-0.2889359,-0.8241767315253217,-0.9580290212166975,0.13385228969137586,22.4904,37.708878
0.009235037,2.3093078,-0.060941875,2.3103588,-0.070176914,0.0010509491,-0.881588166269303,-0.8479911411863146,0.03359702508298845,4.0212665,33.91209
-0.2685606,1.8370607,-0.26955643,2.3667939,-0.0009958446,0.5297332,-0.569641352035525,-0.7300683505991188,0.16042699856359377,29.234718,30.0892
-0.28705525,0.40035248,-0.805428,-0.9886592,-0.5183728,-1.3890116,0.5370038105007211,0.9157568066122419,0.3787529961115208,71.077095,36.62679
1.0235196,-1.2473848,-0.22599958,1.2533945,-1.2495192,2.5007792,-0.0033799850475872972,-0.1983035937698645,0.1949236087222772,126.71776,41.102898
0.44784817,1.1963165,0.89444464,2.7468307,0.44659647,1.5505142,-0.4336279011001203,-0.8925151956629218,0.45888729456280153,69.56503,39.855385
0.05213966,2.622154,-0.020368291,-0.9228456,-0.07250795,-3.5449996,-0.9010583974315072,0.8701559364592424,1.7712143338907496,156.83122,47.997417
0.92486876,-0.09796286,0.35520846,-1.5304021,-0.5696603,-1.4324392,0.08303861270236279,0.385448462838766,0.3024098501364032,69.172455,48.914658
1.3199115,0.7423887,0.8682385,-2.7884383,-0.45167297,-3.530827,-0.40978476406724695,-0.6477180198078534,0.23793325574060642,53.780605,42.125195
0.43176416,-1.6965555,0.060223,-0.30484164,-0.37154114,1.3917139,0.22772016323687083,0.8002888225180351,0.5725686592811643,79.2413,36.80804
-0.6668487,0.17032576,-0.76678735,-0.09831162,-0.09993863,-0.26863736,0.7482607913939789,0.8554931337214642,0.10723234232748524,12.911988,41.633484
0.17636971,-0.31485748,-0.22924136,-0.96857464,-0.40561107,-0.65371716,0.7391910100290389,0.9319622782956305,0.19277126826659163,43.846485,38.92692
1.1308111,2.5311453,0.8514087,2.561645,-0.27940238,0.030499697,-0.7925739070163411,-0.9279409299359127,0.1353670229195716,16.03567,46.014675
0.2998037,2.901065,0.7918786,3.1135094,0.49207488,0.2124443,-0.9065309557147891,-0.8254327671816986,0.08109818853309059,29.97248,38.554855
-0.6171689,0.36096478,-0.9468749,-0.54578567,-0.329706,-0.90675044,0.6363644681962821,0.8871193712595282,0.2507549030632461,40.2414,32.257618
-1.0062735,-1.7999197,0.12543082,-1.1537368,1.1317043,0.6461829,0.5912185173511828,0.7241980682045934,0.13297955085341062,71.45193,39.676575
-0.23666316,1.1585066,-0.629987,-1.6080872,-0.39332384,-2.766594,-0.11468601987985672,0.6960934191538947,0.8107794390337514,126.355705,34.399315
-0.25741684,-1.6039275,-0.54553306,-1.0657839,-0.28811622,0.53814363,0.6294375467366009,0.9395578769064485,0.31012033016984764,32.654587,31.49907
0.75524586,2.222685,0.7108823,2.5027432,-0.04436356,0.28005815,-0.9417583127338229,-0.9722156908100956,0.03045737807627269,12.171825,37.58412
-0.1882835,-2.234971,-0.95732653,-1.0529845,-0.769043,1.1819866,0.09295381122781166,0.84986846384664,0.7569146526188284,68.442825,32.731018
0.29053545,-1.6569041,0.30271387,-0.95221955,0.012178421,0.70468456,0.3397578718093097,0.6786565425689624,0.33889867075965263,38.546745,40.428017
-0.2913931,1.5313857,-0.08608696,1.669222,0.20530614,0.13783634,-0.3718487301949698,-0.5774724242284837,0.20562369403351388,14.082189,40.73414
0.12842055,-2.6176083,0.9535425,-3.0515392,0.82512194,-0.43393087,-0.38109516902476415,-0.7458289455501232,0.3647337765253591,51.29827,47.927036
0.7150361,1.7099192,0.7205516,2.2878795,0.005515516,0.57796025,-0.7872883320576056,-0.9593485747598596,0.17206024270225395,24.793036,44.0477
0.5516388,-2.5568528,0.9424613,-2.7570865,0.39082253,-0.2002337,-0.47381433609098345,-0.6276802964573713,0.1538659603663879,23.85188,45.970158
0.10713485,2.1969473,0.008166475,2.3002539,-0.09896837,0.10330653,-0.9001030176106504,-0.8797892115050073,0.02031380610564304,8.188034,42.84734
0.15933686,-0.40183115,0.09974677,-1.0444661,-0.059590094,-0.642635,0.7728242384393251,0.7781459405279474,0.00532170208862226,36.654476,45.946495
-0.6187211,-2.0977092,0.0113394195,0.99409795,0.63006055,3.0918071,0.3708168015953426,-0.09008363511004225,0.46090043670538483,145.09839,40.43891
-0.4387788,1.3980615,0.36748618,2.3579218,0.806265,0.9598603,-0.19070133208153273,-0.9889613297739466,0.7982599976924138,70.61022,38.45945
1.2049866,-1.3753018,0.4681491,-2.578643,-0.7368375,-1.2033412,-0.18555035042536483,-0.4679700167735472,0.2824196663481824,57.584476,39.263584
-0.11470877,2.8271854,0.81596786,2.7738886,0.93067664,-0.053296804,-0.7744593227838132,-0.9147984547850658,0.1403391320012526,53.392857,46.758442
-0.17369696,-2.8326657,-0.12475261,2.081831,0.048944354,4.9144964,-0.40742895546298286,-0.7594363743824939,0.35200741891951104,77.42708,44.797176
-0.1149562,3.1041658,0.8526791,2.5085874,0.9676353,-0.59557843,-0.6582212434192811,-0.9295208825927048,0.2712996391734237,62.953712,48.788517
0.044507176,-2.8621182,-0.061380878,2.004522,-0.105888054,4.86664,-0.5355171391663305,-0.7648677279759362,0.22935058880960568,81.34584,40.57853
-0.90777916,-1.2633182,-0.6498223,-0.9736298,0.25795686,0.2896884,0.8155478372904712,0.9531002601083554,0.13755242281788416,18.827574,44.428265
1.057593,0.16441917,0.9805737,3.0448,-0.077019274,2.8803809,-0.10708460886024085,-0.7957965324596219,0.688711923599381,62.625187,49.611923
-0.123473145,2.7339795,0.21331437,2.2216942,0.33678752,-0.51228523,-0.7947772062354552,-0.9391627879616902,0.14438558172623495,34.983967,48.636417
0.547453,-0.28496957,0.1761896,-1.1150352,-0.37126338,-0.8300656,0.46399646998371846,0.7102826949893863,0.24628622500566788,48.81302,36.99364
0.0804999,-0.7863498,-0.023800176,-0.9420944,-0.10430008,-0.15574461,0.8432422486453106,0.8672652072124123,0.024022958567101682,10.733354,38.67316
-1.0771171,2.5938718,-0.6315771,0.97556555,0.44554,-1.6183063,-0.014187491850804257,0.21539146942030207,0.22957896127110633,59.883762,42.023067
1.1752225,-1.3092481,-0.49403134,1.6128293,-1.6692538,2.9220774,-0.1477014260088283,-0.2952649603189015,0.14756353431007319,140.23567,46.415478
0.212407,-1.0055425,-0.03831834,-1.0381299,-0.25072533,-0.03258741,0.7243415413724641,0.8468952821813627,0.12255374080889858,14.484798,47.908566
0.46645892,-1.9275334,0.5391623,-1.1980591,0.07270336,0.7294743,0.04023418219568775,0.42431449431059143,0.3840803121149037,36.648445,34.8185
0.23536621,0.08690143,-0.90661377,0.071805365,-1.1419799,-0.015096061,0.5199573763839642,0.7639853560377059,0.24402797965374168,65.43494,36.113205
1.1351037,0.42817044,0.59231436,-2.3335166,-0.54278934,-2.761687,-0.24564319630286757,-0.32246435359589043,0.07682115729302286,79.57504,36.3363
0.12677436,-0.98084927,-0.121785186,-0.9858234,-0.24855953,-0.004974127,0.7820226058446806,0.8948564507064534,0.11283384486177273,14.24423,35.312103
1.046964,0.7523248,0.1843904,2.4652889,-0.8625736,1.712964,-0.3322344199923428,-0.9577112560811667,0.6254768360888239,84.888725,44.676933
-0.08017927,2.6190026,0.098457284,2.1662984,0.17863655,-0.4527042,-0.8392428654355815,-0.8892194592074771,0.04997659377189567,27.85114,35.683376
0.46145946,-0.38187408,0.045596354,-0.7798986,-0.4158631,-0.3980245,0.5583175546179451,0.8617851844759792,0.3034676298580341,32.344593,46.78834
-0.32973275,-0.48864603,-1.1759251,-0.3886274,-0.84619236,0.10001862,0.9751389437162779,0.7513645811667473,0.22377436254953054,48.622295,46.226315
-0.47282627,-0.9748788,-0.46290085,-1.1042838,0.009925425,-0.12940502,0.9640648382605175,0.9268826411203559,0.03718219714016158,6.64095,37.397137
0.39699316,-2.5832653,1.0563574,-2.9264796,0.6593642,-0.34321427,-0.4506614001031668,-0.6751888767555982,0.22452747665243145,40.1893,36.003876
-0.25158048,-0.9991081,-0.13979241,-1.037121,0.111788064,-0.03801298,0.9293329951562459,0.8860397107485927,0.04329328440765323,6.7515106,49.573273
-0.75517714,-2.0654182,-0.076260515,-1.6712612,0.67891663,0.39415705,0.4286307630804078,0.5145360874548972,0.08590532437448939,43.73196,41.774334
-0.15734294,-1.2891903,-0.5800166,-1.0644654,-0.42267367,0.22472489,0.787832645829079,0.9382014776529939,0.15036883182391492,26.972672,40.946484
0.6250547,-2.0852406,0.11924205,-2.8974867,-0.50581264,-0.8122461,-0.1549044353471114,-0.5915983971713903,0.4366939618242789,51.43058,38.938442
0.21773759,3.0943606,0.8576325,2.3235142,0.63989496,-0.77084637,-0.8026750237915801,-0.9219794066940938,0.11930438290251377,51.567787,44.02547
1.4916364,-3.0305502,0.1968793,1.2555313,-1.2947571,4.2860813,-0.5067841361618777,-0.39433395206878785,0.11245018409308982,80.62302,34.471897
0.7801767,-0.3992319,-0.8999176,0.7934132,-1.6800942,1.1926451,0.285825467574778,0.41699130817838714,0.13116584060360914,112.818726,36.89577
0.83401483,0.27739477,0.81175464,-2.502102,-0.022260189,-2.7794967,0.007940671821584644,-0.4892041969718637,0.4971448687934483,83.97927,39.10572
0.07646476,-2.1321554,-0.7577034,1.7605313,-0.8341682,3.8926868,0.06314363233925491,-0.1750823433860873,0.2382259757253422,125.585464,37.805416
-0.60530406,1.821162,-0.18450305,2.087749,0.420801,0.26658702,-0.3218058630739664,-0.7267438138934121,0.4049379508194457,27.845942,42.335285
0.055544324,-2.5802767,-0.25546482,1.9550354,-0.31100914,4.535312,-0.31896055748370955,-0.6328546003775752,0.3138940428938657,100.61459,34.788406
-0.7585841,0.13231182,-0.72321314,-0.008840567,0.035370946,-0.14115238,0.7625924197776954,0.8282891461627736,0.06569672638507817,6.2989926,38.801903
-0.78200054,2.478851,-0.12492383,1.7420597,0.6570767,-0.7367914,-0.30747789326716735,-0.6016419681280496,0.29416407486088225,52.469063,33.711563
-0.64643615,1.9615066,-0.34955,2.110126,0.29688615,0.14861941,-0.343796529143118,-0.6247265245050926,0.2809299953619746,18.561098,47.044792
-0.42632952,0.40520024,-0.9629841,0.05760264,-0.5366546,-0.3475976,0.572701748090406,0.7545325451817089,0.1818307970913029,34.072712,48.454235
-1.0451984,-0.34007263,-0.89478195,-0.73766065,0.1504165,-0.397588,0.8180617880304153,0.9124909288851697,0.0944291408547544,15.372723,37.586872
0.34700072,-0.7010813,0.05069951,-1.1407102,-0.29630122,-0.43962896,0.6795154922321736,0.7687789205017239,0.08926342826955036,29.874891,43.24334
-0.49841574,1.3325818,-0.7443316,2.5944703,-0.24591586,1.2618885,-0.10921084574769324,-0.33800418940202803,0.2287933436543348,58.649513,49.745827
-0.92134434,-0.95885944,-0.8335592,-0.47372028,0.087785125,0.48513916,0.8806518244658417,0.9250835771370589,0.04443175267121724,18.33405,32.329426
-0.54957014,1.4909089,-0.63307905,1.8571217,-0.08350891,0.36621284,-0.1837592676598243,-0.31519655021774273,0.13143728255791842,18.023907,47.662075
-0.52763265,-0.17496061,-0.59096074,-0.18192764,-0.06332809,-0.006967023,0.9056325038760216,0.9064342438171069,0.0008017399410853443,3.6442187,41.60721
-1.2614088,1.6494076,0.38537154,-1.2144175,1.6467804,-2.863825,0.25201805730841287,0.5331721998333663,0.2811541425249534,129.0048,41.233196
-1.122538,-2.806989,0.26424608,-1.5770066,1.3867841,1.2299824,0.20728826705460612,0.41041094456563,0.20312267751102386,95.482475,47.529243
-0.058513768,1.6001647,0.12542717,1.9314427,0.18394095,0.3312781,-0.5459225315383643,-0.8146354091840546,0.2687128776456903,21.677542,35.23563
-1.3558527,-1.7217059,-0.9748488,0.24337894,0.38100392,1.9650848,0.5423048027434367,0.6832954862878742,0.14099068354443745,40.307655,32.87825
-1.2537339,1.7967246,0.09803915,1.9746724,1.351773,0.17794788,0.21882180599294498,-0.8233591442652459,1.042180950258191,77.73833,48.852474
-0.50502247,-0.48397136,-0.5549725,-0.92170817,-0.049950063,-0.4377368,0.985823742692407,0.973541414668329,0.012282328024078026,21.779142,49.867065
0.48552516,-2.311878,0.20665029,2.9470901,-0.27887487,5.2589684,-0.2679066849335072,-0.8664476366416274,0.5985409517081202,56.929485,43.45025
0.7683404,1.8668845,0.6939462,2.1736546,-0.074394226,0.3067701,-0.8451685148246328,-0.9467652023819024,0.10159668755726958,13.729362,30.433714
0.7510128,-1.7875438,-0.3170812,0.9538761,-1.068094,2.7414198,-0.026959552820867927,0.0961410815247099,0.12310063434557783,148.47864,33.582325
-0.56344557,3.0912774,0.9452049,2.6863766,1.5086505,-0.4049008,-0.36576725833120416,-0.8798077485832767,0.5140404902520725,88.73502,32.348484
-0.073744364,-2.0321016,-0.1983286,-2.7247403,-0.124584235,-0.69263864,0.21945431946962835,-0.3132500241970302,0.5327043436666585,39.919716,33.927303
-0.02410216,-1.3981303,-0.37123555,-1.2795883,-0.3471334,0.118541956,0.6756183889815892,0.8464418110815171,0.17082342209992785,20.962654,39.348125
-0.8477725,2.6895378,-0.47107166,1.9784706,0.37670082,-0.7110672,-0.23008955690194455,-0.4904133927515453,0.2603238358496007,38.093437,41.48285
-0.2937215,-0.13232493,-0.5111718,-0.3095991,-0.21745032,-0.17727417,0.8623327802594947,0.9489437284896454,0.0866109482301507,15.556284,45.590908
-0.86977524,0.10248375,-0.9078349,-0.3545689,-0.03805965,-0.45705265,0.7599116219331887,0.8809042097438784,0.12099258781068967,16.558361,48.17209
0.51782715,-1.3231199,0.22798918,-1.2410492,-0.28983796,0.08207071,0.3874775315234684,0.6258629350609635,0.23838540353749504,17.168413,45.939976
-0.014994468,1.7449243,0.2732586,2.0259104,0.28825307,0.28098607,-0.6586767328272769,-0.8967497839575476,0.23807305113027066,22.929674,30.529612
0.79873586,2.4479134,0.3956291,2.23871,-0.40310675,-0.20920348,-0.9483013679045662,-0.9750611537861893,0.026759785881623088,25.067207,39.16764
0.8373532,-0.77543545,-0.21388271,-1.1022134,-1.0512359,-0.32677794,0.2512348865527798,0.8867782340072168,0.635543347454437,62.49148,32.37449
-0.36909232,1.1311123,-0.8723635,-1.357261,-0.5032712,-2.4883733,-0.025741860109574688,0.7936813976511878,0.8194232577607625,101.534424,39.36325
0.3136174,-1.9375886,0.19948167,-1.2937796,-0.11413574,0.64380896,0.11289809539060514,0.6174164412979408,0.5045183459073357,36.21077,33.095047
0.53875786,-0.2524252,-0.0029565936,-1.3069836,-0.54171443,-1.0545584,0.46135554953130775,0.7170458282717058,0.25569027874039807,65.02825,38.902893
0.17723459,0.94546914,-0.57697356,1.8347924,-0.75420815,0.88932323,-0.12195687387878706,-0.3498491135198538,0.22789223964106675,64.94317,48.62543
0.59242725,-2.5138268,0.15574671,2.3136907,-0.43668056,4.8275175,-0.45310459245012424,-0.9384865361455184,0.4853819436953941,79.58603,35.906227
-0.7997085,1.5377929,-0.6250397,3.0006335,0.17466879,1.4628406,-0.04080604876878857,-0.35308158603044637,0.3122755372616578,61.28058,47.669525
0.49289554,-2.5765276,-0.041498,1.942336,-0.53439355,4.5188637,-0.4731181155373001,-0.7485169863567807,0.27539887081948056,100.88928,48.309772
-0.33551812,1.7900589,0.26988387,2.3264844,0.605402,0.5364256,-0.5020175758549161,-0.9700755025819205,0.4680579267270044,46.01681,48.296898
-0.24136542,2.417226,-0.14606047,2.2137778,0.09530495,-0.2034483,-0.7522266626982095,-0.7840162633569054,0.03178960065869596,12.670198,38.560066
-0.16044366,3.0859993,0.9183542,2.890479,1.0787978,-0.19552016,-0.6424365920167434,-0.8566719013100714,0.214235309293328,62.550335,37.922432
-0.88455296,-0.88525605,-0.6960234,-0.3587023,0.18852955,0.52655375,0.9050721667157386,0.9426661363039308,0.037593969588192166,23.592451,30.953363
0.047120124,3.1249592,0.8743748,-3.0502288,0.82725465,-6.175188,-0.7252233081420922,-0.7634414317459985,0.03821812360390631,47.688114,47.516808
-0.35261136,1.7872627,-0.16068782,2.0385873,0.19192354,0.25132465,-0.48918631728252393,-0.7238385917160954,0.2346522744335715,17.723679,45.36385
1.181063,0.22857475,-0.5381483,2.70821,-1.7192113,2.4796352,-0.2144005158442437,-0.5064653572529227,0.29206484140867905,137.00781,46.841953
-0.08811607,2.1303427,-0.049680978,2.2791452,0.038435094,0.14880252,-0.7945917396385553,-0.8488824132074888,0.05429067356893347,8.785434,45.393147
0.10512056,0.4202025,0.3016623,-1.2973963,0.19654173,-1.7175988,0.35864352456185067,0.551965528378549,0.19332200381669828,96.18417,40.823887
0.57803255,-0.7963455,0.09571921,0.111559294,-0.48231333,0.90790474,0.48816101269606804,0.5826611652121643,0.09450015251609623,55.57826,34.616135
0.5520047,2.4732625,0.17159069,2.4559538,-0.380414,-0.017308712,-0.997123849892283,-0.953879996332601,0.043243853559681966,21.815502,42.749237
-0.39211667,0.094367266,-1.0175719,-0.32256973,-0.62545526,-0.416937,0.766656909013602,0.8287368177987631,0.06207990878516112,39.726772,32.77212
-0.3084016,-1.2073126,-0.20877057,-0.8718092,0.09963104,0.3355034,0.8676480136374458,0.9472119502965128,0.07956393665906702,19.426376,44.27339
0.9281412,1.7563689,0.10744442,2.0131106,-0.8206968,0.25674176,-0.7699110921650223,-0.8424358166207915,0.07252472445576919,48.533615,39.64986
-0.36851147,0.3347478,-0.6033809,0.22246309,-0.23486945,-0.112284705,0.6081121942832333,0.717979560070888,0.10986736578765477,14.600348,41.961597
-0.5961671,1.6867473,-0.2318535,1.7113112,0.3643136,0.024563909,-0.2641402398740995,-0.522849396541428,0.2587091566673285,20.912655,42.635033
-0.85260797,-0.18260956,-0.76161325,-0.54769695,0.090994716,-0.3650874,0.8612551450390669,0.9545603855253333,0.09330524048626643,15.317658,36.04853
0.8862321,-0.9278207,0.35905886,-0.8944157,-0.5271732,0.033405006,0.1885992055013208,0.6505392083094108,0.46194000280809,30.2424,36.257248
-0.4838788,1.3307288,-0.4003187,1.3934174,0.08356008,0.06268859,-0.11632714800195476,-0.21013195327991774,0.09380480527796298,5.783605,42.67243
0.038714185,-1.4212078,-0.0609172,-1.1849025,-0.099631384,0.23630524,0.632744261802296,0.801004354946647,0.16826009314435098,14.687573,39.429775
0.4285905,0.4336021,0.5153269,-1.5794305,0.08673641,-2.0130324,0.17184275522751058,0.25048560004372256,0.07864284481621198,97.69452,39.396736
0.2896197,0.21197033,-0.31392822,0.007117834,-0.60354793,-0.20485249,0.408902834291319,0.7991172864212839,0.39021445212996486,36.460346,43.02843
0.837375,-0.9980669,0.62091815,-1.5144981,-0.21645683,-0.5164312,0.22309335714765233,0.2146183634202008,0.00847499372745153,25.087786,33.30586
0.7155504,0.97007155,-0.10028981,1.8187692,-0.81584024,0.84869766,-0.34875361939298344,-0.6578056312158926,0.3090520118229092,64.49062,32.859108
0.21414913,0.039613485,-0.96006095,-0.20025702,-1.1742101,-0.2398705,0.5600421679859764,0.8294658335989467,0.26942366561297026,68.27034,36.610474
0.29515105,-1.539592,-0.100418516,-1.4587435,-0.39556956,0.080848575,0.4167472695090204,0.6706057784721167,0.25385850896309625,23.122437,47.355846
-0.2157301,-2.8744807,-0.13970019,1.8244187,0.07602991,4.6988993,-0.414250544195097,-0.6395331385117027,0.2252825943166057,89.039734,36.442577
-0.3173864,0.5208087,-0.83220166,0.16938964,-0.5148153,-0.35141906,0.4543886064442688,0.737554644415499,0.2831660379712302,33.76818,38.475166
0.18106104,-1.8098049,0.42431742,-0.9167384,0.24325638,0.8930665,0.28454364977452773,0.5971223461322843,0.3125786963577566,50.489727,45.52354
0.52635014,-0.88538,-0.047378305,-1.28738,-0.57372844,-0.40199995,0.5207661219487321,0.7467813015280709,0.2260151795793388,39.553417,30.674469
0.3351413,-2.0386212,-1.1415159,2.6301484,-1.4766572,4.66877,0.019694389739065343,0.051704974297112294,0.03201058455804695,108.433235,44.891815
0.95377517,2.257634,0.65087134,2.3610294,-0.30290383,0.10339546,-0.8766541672467891,-0.980653185392935,0.10399901814614587,17.82124,45.011906
-1.0952054,-2.8494906,-0.92188483,0.6588806,0.17332059,3.5083714,0.1756661941526394,0.4926789762070598,0.3170127820544204,63.254448,35.27183
-1.3878347,2.8962653,-0.4937763,-0.41612893,0.89405835,-3.3123941,0.30359748416934185,0.974295905432518,0.6706984212631761,72.051285,41.03891
-0.8314947,-1.3574401,-0.64120644,-1.3472799,0.19028825,0.010160208,0.8024446455181522,0.8302762129723558,0.027831567454203565,10.911162,32.980938
-0.72257966,1.6443231,-0.5995462,-1.8987896,0.123033464,-3.5431128,-0.1492318827217729,0.5063853576137536,0.6556172403355265,101.353584,30.630953
-0.03844135,2.5531547,0.15328626,2.476345,0.19172761,-0.076809645,-0.8673319489015547,-0.9482851370794521,0.08095318817789732,11.828699,40.887947
-0.7536313,-1.1941483,-0.72848994,-0.93981874,0.025141358,0.25432956,0.8755303542984603,0.9447718694255443,0.06924151512708399,10.83249,34.478207
-0.74409163,3.031091,-0.14930648,1.8553054,0.59478515,-1.1757855,-0.24283075335398419,-0.6501703485340062,0.40733959518002205,67.62216,44.41153
1.0456768,2.4359276,0.7583184,2.5941184,-0.2873584,0.15819073,-0.8419489223169556,-0.9554492811912851,0.11350035887432952,17.35948,47.257133
-0.5422745,-2.4333246,0.04979261,2.1380587,0.59206706,4.5713835,0.09269846677945281,-0.8622160046995493,0.9549144714790021,98.39022,37.471195
1.1648912,0.69546413,0.9503211,-2.810419,-0.21457016,-3.5058832,-0.3504400269084691,-0.6506266567541514,0.30018662984568234,57.7927,43.245148
-0.05454216,1.303632,-0.29390615,1.7728232,-0.239364,0.4691912,-0.3248276444260316,-0.5197547558479059,0.19492711142187424,29.748596,36.73156
1.2178826,1.7502558,0.86378074,-3.0458622,-0.3541019,-4.796118,-0.6613175571976788,-0.7637525157418565,0.10243495854417772,42.926983,33.243214
0.5866995,1.9595087,0.03261939,2.139818,-0.55408007,0.1803093,-0.899821409070535,-0.8554514967054914,0.04436991236504362,33.186703,38.742554
0.68933743,1.7131808,0.51309985,1.9839274,-0.17623758,0.2707466,-0.7905310482410046,-0.9099164103560664,0.11938536211506179,16.256208,33.391273
0.67162836,-3.0211906,0.8078897,2.974705,0.13626134,5.9958954,-0.7735634781901002,-0.8686999085126246,0.09513643032252439,14.405215,49.635616
-0.522044,-2.7783823,0.8414569,2.5630457,1.3635008,5.341428,-0.16431038713631985,-0.9314361800675393,0.7671257929312194,91.831,45.467117
-0.28000742,-0.4443512,0.20288663,-0.77794355,0.48289406,-0.33359236,0.95870466745912,0.7732845326288178,0.18542013483030217,33.51299,43.677082
1.158457,1.8474333,0.54957163,2.0298219,-0.6088854,0.18238854,-0.7095048101439851,-0.9253169745622607,0.21581216441827555,35.450424,40.873905
-0.34878895,0.0059452057,-0.69256324,-0.04375541,-0.3437743,-0.049700614,0.8070029965914925,0.8459450271722491,0.038942030580756515,19.848083,33.268433
-0.14967823,2.2459142,-0.10370664,2.004871,0.045971587,-0.24104333,-0.7886134293449807,-0.7428978178725893,0.04571561147239134,13.949203,32.640484
1.2189105,-2.783175,1.0157442,-3.0462916,-0.20316625,-0.2631166,-0.5878292808765431,-0.72659884163585,0.1387695607593069,13.299348,39.52491
-0.1038783,-0.05884552,-0.73249644,3.0196643,-0.6286181,3.0785098,0.7702701653240762,-0.25661759062313116,1.0268877559472074,131.9658,38.422565
0.07274545,1.7834723,0.6456541,2.119401,0.57290864,0.33592868,-0.7193253467527709,-0.9426873513124274,0.2233620045596565,37.268936,31.284546
0.3520173,-0.79308486,-0.08345293,-0.9182726,-0.43547025,-0.12518775,0.6701011909021659,0.8972088952607624,0.2271077043585965,25.927046,49.83741
0.9905842,-2.642024,0.965981,-2.9428103,-0.024603188,-0.30078626,-0.5726197773495301,-0.7025201722390202,0.12990039488949012,9.700284,47.092525
-0.12650937,-1.2249076,-0.17230532,-0.9259754,-0.045795947,0.29893225,0.8082769334429578,0.9261638424210403,0.11788690897808252,17.13584,30.328749
-0.39869836,3.1131814,0.72299093,2.3039901,1.1216893,-0.8091912,-0.477029685733111,-0.9606302586214035,0.4836005728882925,77.29076,47.14853
0.19189782,2.976321,0.5416918,2.983781,0.34979397,0.0074601173,-0.8500663026428841,-0.89925383022491,0.049187527582025936,20.045631,49.212578
-0.8528587,1.8564227,-0.2191626,-1.2846296,0.63369614,-3.1410522,-0.1329846475980716,0.8095627375752255,0.9425473851732971,118.57769,42.05885
-0.08934985,-0.29296064,-0.42886883,-0.78375083,-0.33951896,-0.4907902,0.8631438622969174,0.9938701650875572,0.1307263027906398,33.280533,48.253613
-0.3570591,-0.91367817,-0.2755183,-0.76000303,0.08154079,0.15367514,0.9687811055494855,0.9766440555059042,0.007862949956418674,9.580659,44.70076
-0.29737636,1.2318642,0.25539368,-2.2916238,0.55277,-3.523488,-0.14377919513625415,-0.15746869340583203,0.013689498269577882,158.82394,37.181393
0.04652068,0.58367586,-0.6776632,0.63105917,-0.7241839,0.04738331,0.2535224244611065,0.47034214464566304,0.21681972018455653,41.568153,34.23624
0.540087,-0.155262,0.9693832,2.0622067,0.4292962,2.2174687,0.42684842998999617,-0.8397602822471413,1.2666087122371374,82.43841,38.756683
1.0361239,-3.1339905,0.35811424,2.0364742,-0.6780096,5.1704645,-0.7465891676417824,-0.9163019504003405,0.16971278275855806,59.160595,46.94309
0.05275682,0.847456,0.97198623,2.5914233,0.9192294,1.7439673,0.021048379566494635,-0.875871127267084,0.8969195068335787,93.06277,45.056458
0.59418213,3.1404555,0.71920824,3.0640008,0.1250261,-0.07645464,-0.8332940446039899,-0.8558069636303458,0.022512919026355882,7.9565296,31.527521
-0.004184258,0.08383703,-0.9083999,-0.48466104,-0.90421563,-0.5684981,0.6484195120841005,0.8984561454022444,0.25003663331814385,58.562454,47.8328
-0.5547846,1.6537678,-0.3979845,1.8799357,0.15680009,0.22616792,-0.27639443743032155,-0.5034205610191638,0.22702612358884222,14.58468,48.321136
-0.14489359,0.4861896,0.088241085,-0.7477802,0.23313467,-1.2339698,0.41854422075048703,0.842358643127449,0.423814422376962,71.75785,31.40254
-0.09032163,1.0283363,-0.024672471,1.8163664,0.06564916,0.78803015,-0.07330608073347378,-0.6944385320261999,0.6211324512927261,45.22052,37.30052
0.98834455,1.0040314,0.9911168,-2.9014049,0.0027722716,-3.9054363,-0.434367214626576,-0.6813321107945294,0.24696489616795336,61.243217,35.466084
0.23653282,1.2899144,-0.098639734,1.9530551,-0.33517256,0.6631408,-0.4370857963656327,-0.7240398622001933,0.2869540658345606,42.32657,36.994675
0.4192568,0.46946955,-0.99048585,2.4467654,-1.4097426,1.9772959,0.15101735171179698,-0.10377603223452425,0.25479338394632123,122.57839,36.326164
0.52247065,-2.698245,0.966057,-2.9032881,0.44358635,-0.20504308,-0.5672830041458035,-0.6869756578191506,0.11969265367334714,26.760382,46.834084
0.29291543,2.2630103,0.015750889,2.1854463,-0.27716455,-0.077564,-0.9652177387189518,-0.8603003164232375,0.10491742229571432,16.47228,43.07397
-0.4938919,0.9715836,-0.84614646,-0.2098933,-0.35225457,-1.181477,0.1601287680163761,0.8704704596227968,0.7103416916064207,54.797157,40.248127
1.0265207,1.2885168,0.06666647,2.077282,-0.95985425,0.7887652,-0.5671773428356142,-0.8500516437792305,0.2828743009436163,65.09693,36.976593
0.22324426,-1.8440734,0.60498655,-1.2357565,0.3817423,0.6083169,0.23527768732110488,0.35728443095799456,0.12200674363688968,38.359764,31.035769
0.021235274,2.290456,0.055431537,2.2848895,0.034196265,-0.005566597,-0.8841052408007215,-0.8977313814960852,0.01362614069536372,1.9850479,45.15679
0.3822384,2.3267581,0.23944852,2.5086703,-0.14278987,0.18191218,-0.987231979948632,-0.9714279839675122,0.01580399598111981,12.851449,49.933308
-0.07356052,2.3472955,0.09379217,2.1665816,0.16735269,-0.18071389,-0.8460565388974715,-0.8875452849749204,0.0414887460774489,14.102765,48.303276
0.7106555,2.1644318,0.3116295,2.362152,-0.399026,0.19772029,-0.9415987449261998,-0.9816401140985676,0.04004136917236778,24.853655,37.01983
-0.6015371,1.9375703,-0.24202321,1.7010366,0.35951388,-0.23653376,-0.37216122152815956,-0.5106498034354994,0.13848858190733981,23.966858,33.067726
0.07151798,-0.52232766,-0.040321954,-0.9860187,-0.111839935,-0.46369106,0.8437440100284928,0.8631656008779394,0.019421590849446613,27.312687,45.202637
0.17203897,3.0997493,0.55041194,2.9296253,0.37837297,-0.17012405,-0.7857295846552201,-0.9183785926700976,0.13264900801487745,23.487877,42.030865
-1.3260527,1.0730274,0.42115545,-1.1344378,1.7472081,-2.2074652,0.40735741858027374,0.5386033057148172,0.13124588713454344,121.877235,40.41784
-0.18002303,-0.75025487,-0.5520271,-1.1527605,-0.3720041,-0.40250564,0.9538013093140947,0.9114759921467073,0.04232531716738741,30.156828,34.006233
0.18267591,-2.5085464,0.86260104,-2.538575,0.67992514,-0.030028582,-0.31249885102692687,-0.5164948346375535,0.20399598361062665,38.983112,49.85935
-1.0096273,-0.70572734,-0.74989104,-0.68938845,0.2597363,0.016338885,0.860818208886819,0.9626920049666658,0.10187379607984681,14.893387,43.942112
-1.2045453,1.9849703,0.46670327,-1.1202323,1.6712486,-3.1052027,0.14634583846796367,0.5091419881242416,0.36279614965627793,137.70673,34.824642
0.38166425,-2.037773,0.18587758,1.5393888,-0.19578667,3.5771618,-0.002536608633187498,-0.6069952690287225,0.604458660395535,139.29399,32.943493
-0.7133444,0.55933666,-0.24829,-1.117919,0.4650544,-1.6772556,0.5235226605778873,0.8900304562394403,0.366507795661553,85.24344,40.30044
0.7515296,0.6167588,0.6365326,-2.926824,-0.11499697,-3.543583,-0.1324982851886638,-0.723915535779458,0.5914172505907942,97.75175,37.012733
-0.9065897,1.3713806,0.20786186,-1.8943149,1.1144515,-3.2656956,0.11141737769325566,0.20263616571533838,0.09121878802208272,139.5544,31.845528
0.43394566,-2.283696,0.6107127,3.0397758,0.17676705,5.323472,-0.22542502733936232,-0.8756458022530751,0.6502207749137128,48.118977,39.206627
-0.84221625,-1.7393115,0.050370567,-1.1659153,0.8925868,0.5733962,0.6277269424243661,0.758593167139511,0.13086622471514486,58.597473,39.627804
-0.5617448,-2.4390392,-0.45183083,0.7815977,0.109913975,3.2206368,0.09779501061453288,0.29335804899153217,0.1955630383769993,121.76604,34.19104
-0.3333529,2.370529,0.17556174,1.9366148,0.50891465,-0.43391418,-0.6857177766415639,-0.8339278476850591,0.14821007104349526,38.089455,33.606976
-1.1699164,0.96333146,-1.1749742,0.17121717,-0.0050578117,-0.79211426,0.3995898062657055,0.6507823925025495,0.25119258623684404,17.214827,42.398876
0.58185357,1.1432097,1.0055084,-2.949872,0.42365485,-4.0930815,-0.4318731051528619,-0.6962327805147006,0.2643596753618387,78.2109,35.619247
1.0339429,0.13455105,0.4107792,-0.78381205,-0.6231637,-0.9183631,-0.0795249824126274,0.6266831350608442,0.7062081174734716,51.110523,31.87804
-0.065572634,-2.5217612,-0.3718759,2.339258,-0.30630326,4.861019,-0.2138475005468159,-0.6544261462219261,0.4405786456751102,80.70749,34.49417
0.4404521,0.8578274,0.0120453555,0.0197855,-0.42840675,-0.8380419,-0.16281509958086815,0.6786427417942955,0.8414578413751637,52.398293,41.41604
0.9900669,-1.8861729,1.0050751,-2.9355557,0.015008211,-1.0493828,-0.2128840106631591,-0.6911192978354332,0.47823528717227415,31.538404,37.773342
-0.14470445,0.33195662,0.030726837,0.18287708,0.17543128,-0.14907955,0.5380693088911706,0.56868243477705,0.0306131258858795,13.174438,47.360283
-1.3464477,2.9400332,-0.19979942,-0.38663667,1.1466483,-3.32667,0.27073121571282055,0.9267224524358095,0.655991236722989,91.19315,32.858
-0.63093853,-3.1191695,-0.54187465,2.3529763,0.08906388,5.472146,-0.2808483120569384,-0.5198460219698084,0.23899770991287006,38.674286,42.46994
0.39080742,-3.0844526,0.7159617,3.0268443,0.32515427,6.1112967,-0.7872301160382025,-0.8698303828949658,0.08260026685676336,20.393496,30.003298
-1.0248934,-1.8430967,-0.72870016,-0.24234566,0.29619324,1.600751,0.5715106682510127,0.9079334303735962,0.3364227621225835,56.115753,41.4359
1.2520893,2.5651367,0.79764134,3.0557497,-0.45444793,0.49061298,-0.7125354169631235,-0.84505407928654,0.13251866232341647,29.227163,40.976425
-0.8853179,2.8105543,-0.7011983,-1.1724879,0.18411964,-3.9830422,-0.17527527242909002,0.8916312932403372,1.0669065656694272,79.79991,36.08649
0.17426972,-0.17906642,-0.11349064,-0.06293391,-0.28776038,0.11613251,0.6914321615250811,0.7759655533584422,0.08453339183336106,17.769714,44.71835
-0.6391504,-2.0223446,0.046195276,-1.0864102,0.68534565,0.9359344,0.4296879879260054,0.7915971615340798,0.3619091736080744,63.388237,35.981148
0.06470414,-1.7035704,0.06502512,-1.1196933,0.00032097846,0.5838771,0.42601932640857854,0.7698041759521699,0.34378484954359134,33.381283,40.2956
1.1929214,1.8445318,0.971458,2.4793308,-0.22146338,0.634799,-0.6920530220276491,-0.879831849960917,0.18777882793326794,20.76651,35.549282
-0.9419113,2.1979892,-0.5071599,1.6826931,0.4347514,-0.5152961,-0.13295548141270253,-0.326045230012348,0.19308974859964545,32.8383,33.337063
0.10611758,0.668586,-0.6538354,0.6796608,-0.759953,0.011074781,0.15278378366250678,0.43193297011558585,0.27914918645307907,43.54612,40.06983
-0.2532257,0.84794164,-0.08586924,-0.40245542,0.16735648,-1.2503971,0.1582724986322468,0.8927166621467482,0.7344441635145014,71.018394,39.531357
-0.035612002,-1.2797183,-0.06864676,-0.9538126,-0.033034757,0.32590568,0.7456512124565666,0.8831982609208664,0.13754704846429977,18.742382,46.64756
0.4779527,1.6750882,0.18699178,2.065453,-0.2909609,0.3903649,-0.7639649437117244,-0.8882407588515981,0.12427581513987374,26.832012,35.842934
0.21006553,-1.5398947,0.07759401,-1.1358193,-0.13247152,0.40407538,0.46652587097171316,0.7570551866608817,0.2905293156891685,24.117113,35.61762
0.17576103,-2.1399918,1.1480801,2.430909,0.97231907,4.570901,0.009956753381253236,-0.7823999229709901,0.7923566763522434,84.116455,31.24591
-0.9352152,1.9343712,-1.126081,1.8912411,-0.19086581,-0.04313016,-0.08500087196971506,0.09360798636654799,0.17860885833626305,11.007287,35.465942
-0.46235833,-0.23115969,-0.55632675,-0.027453706,-0.09396842,0.20370598,0.9237333099807428,0.8452126698650967,0.07852064011564608,11.514764,42.427425
0.06585111,-1.5265671,0.031017678,-1.009905,-0.03483343,0.5166621,0.5523052102494166,0.823962357249681,0.27165714700026444,29.63283,44.665844
-1.3167237,1.917795,-0.26806903,0.30913517,1.0486547,-1.6086597,0.2534392599311399,0.5977193716231248,0.3442801116919849,75.68858,48.927876
-0.07253688,-1.2143409,-0.13167512,-0.98234725,-0.059138246,0.23199368,0.7925899595779331,0.8992364340280314,0.10664647445009834,13.648027,45.90926
-1.1893404,1.4007099,0.046650607,-0.11312754,1.235991,-1.5138375,0.26619752227405025,0.7311459469441668,0.46494842467011654,91.26703,45.841003
-1.3254708,-0.22095537,-0.9186055,-0.8294689,0.4068653,-0.60851353,0.6389279172009539,0.8970915973851437,0.2581636801841898,26.886225,46.36889
-0.5619736,2.2065098,-0.11612421,1.9689537,0.44584936,-0.2375561,-0.4819691860211712,-0.721451868806283,0.23948268278511176,28.521267,48.671326
0.57987845,0.43785977,-0.9093133,2.6036844,-1.4891918,2.1658247,0.07925329380742063,-0.17927411433229068,0.2585274081397113,136.08719,31.294453
-0.7697538,-0.59668756,-0.38883567,-1.0077223,0.38091815,-0.4110347,0.9554019928766202,0.9503706824972884,0.005031310379331799,29.193449,46.984135
0.8009756,3.0445282,0.5915623,2.1166809,-0.20941335,-0.9278474,-0.8481595597065072,-0.9479836256176348,0.09982406591112758,41.68571,32.510723
0.7778518,-0.5095029,-0.07378604,-1.5732814,-0.85163784,-1.0637785,0.30307394836128765,0.5840990051417302,0.28102505678044254,72.94682,48.52079
-0.33882788,1.7130158,-0.15608129,1.8443185,0.18274659,0.13130271,-0.45736962508494283,-0.6407522628515174,0.1833826377665746,12.753571,45.22473
-0.53947663,-0.75422454,-0.015136023,-0.942968,0.5243406,-0.18874347,0.995446748383511,0.8632313910443967,0.13221535733911427,31.74273,30.61404
0.5976279,-2.3430429,-0.58510387,-0.7702188,-1.1827317,1.572824,-0.33121006543564846,0.9905339776525608,1.3217440430882093,108.189415,37.91952
-0.5094979,2.1740348,-0.09618851,2.0321934,0.41330937,-0.14184141,-0.5187025798897995,-0.7574511848596046,0.2387486049698051,24.89645,40.523083
0.030087957,1.5436509,-0.045170445,1.9184629,-0.075258404,0.374812,-0.5480083926956335,-0.735837200766734,0.18782880807110047,21.898182,45.333668
1.1006619,1.4071982,0.79678905,3.0841873,-0.30387282,1.6769891,-0.6047972625726965,-0.8352468071238244,0.23044954455112787,52.84543,41.07135
0.29793012,-0.9118726,-0.2218435,-1.9578296,-0.5197736,-1.045957,0.6907611959324989,0.344891653046858,0.34586954288564087,66.25457,33.329105
-0.29380056,-2.4982615,-0.3716344,1.9564872,-0.07783383,4.4547486,-0.08189981992113715,-0.5551040204074393,0.4732042004863022,97.01163,36.72444
-0.9505156,-1.0595524,-0.6878487,-0.82643723,0.26266694,0.2331152,0.8513754688874577,0.9695570229462476,0.11818155405878983,17.531105,45.65807
-1.3420175,0.95508885,0.2317241,-1.3053955,1.5737417,-2.2604842,0.43506851229556975,0.5920975604954677,0.15702904819989794,111.35341,45.382545
0.024795093,-1.5570153,0.0064702188,-1.3113673,-0.018324874,0.24564803,0.5515256197973786,0.7103957793322486,0.15887015953487005,14.111788,33.90822
0.10742668,-2.556316,0.86267364,-2.6207094,0.75524694,-0.06439352,-0.3213597095347964,-0.5613041015926044,0.23994439205780793,43.384377,31.335413
0.33557126,0.46081328,0.9809954,-0.0839317,0.6454241,-0.54474497,0.20465985144668153,0.030196526545777536,0.174463324900904,43.71129,48.42217
-0.7159333,2.9171994,-0.035172552,-0.9859289,0.68076074,-3.9031281,-0.30349388660272414,0.8609954890897398,1.164489375692464,121.51075,47.152866
1.0309802,-1.5919777,-0.6467594,2.6224604,-1.6777396,4.214438,-0.1163674084561121,-0.4246852659354925,0.3083178574793804,135.46529,43.56207
-0.6726587,3.0264127,-1.1645396,-0.07363155,-0.4918809,-3.1000443,-0.3043662022038487,0.7112255172158806,1.0155917194197293,74.72045,43.690563
0.41402122,1.3657916,-0.053546775,2.1665163,-0.467568,0.80072474,-0.5509929134707461,-0.8225714043358257,0.27157849086507957,52.05379,36.779327
-0.51204365,-0.24357033,-0.54134166,-0.226816,-0.029298007,0.01675433,0.9292192670418773,0.9235235386314491,0.0056957284104282024,1.8724169,44.59739
-0.111867316,-0.8905065,-0.20980729,-0.81906325,-0.097939976,0.07144326,0.913422923849275,0.9553838996164785,0.04196097576720348,6.913811,35.145077
1.4071043,2.0725944,1.0051856,-3.0628593,-0.40191865,-5.1354537,-0.5858842337646553,-0.7351786523946935,0.14929441863003823,29.676771,32.143078
-1.1983787,0.14761448,-0.9031697,0.07323938,0.295209,-0.0743751,0.6476244698727363,0.7642457436018624,0.11662127372912612,17.036446,41.999184
-1.2274845,2.3867238,-1.3128908,0.10910692,-0.0854063,-2.2776167,0.13353847620962522,0.6041774877604384,0.4706390115508132,31.268286,34.33647
-0.08733247,-2.4575915,-0.1584796,1.8984317,-0.07114713,4.3560233,-0.1484100275583664,-0.6661227209674685,0.5177126934091021,109.23363,36.618572
0.35796094,-2.4330688,0.98590124,-2.5064776,0.6279403,-0.07340884,-0.31774812914537165,-0.5099389491038426,0.19219081995847098,36.11393,43.9477
-0.8495708,-1.3157268,-0.39941338,-1.0508538,0.45015743,0.2648729,0.8137932685135434,0.9391012595613226,0.12530799104777923,28.458378,40.600616
0.23326434,-0.92437315,0.11040866,-1.0520198,-0.122855686,-0.12764668,0.7313836199212993,0.7699101155852031,0.03852649566390376,10.069779,37.42677
-1.4238652,-1.4838736,-0.7160711,-0.8972523,0.7077941,0.5866213,0.5430571814418115,0.9544916058993866,0.41143442445757517,42.15489,33.633183
0.025144963,-2.4066298,0.37006104,2.837018,0.34491608,5.2436476,-0.15611514044515928,-0.9389592141312413,0.782844073686082,61.23178,49.618362
0.7188894,0.8752587,0.19475432,2.3452234,-0.5241351,1.4699647,-0.28639867532384855,-0.9539528825135779,0.6675542071897294,78.3598,33.70189
-0.9693755,1.7147057,-0.44489387,1.1895006,0.52448165,-0.52520514,0.011606328430390889,-0.032927751971833175,0.04453408040222406,37.179405,38.94944
0.0011841061,0.20214438,-1.5213072,0.47806948,-1.5224913,0.2759251,0.5694671597091903,0.47580672574158334,0.09366043396760693,87.33966,30.953053
-0.48718432,2.8454592,0.1335416,1.9762676,0.6207259,-0.86919165,-0.5157958762766235,-0.8369821323065754,0.3211862560299519,59.80522,31.519508
-0.92542034,-1.6923531,-0.9834666,-0.73009527,-0.05804628,0.96225786,0.646005941130603,0.8732667588906722,0.22726081776006923,31.179815,46.3704
-0.25110516,0.0836184,-0.7284521,0.04417768,-0.47734693,-0.03944072,0.7402679402970676,0.8052715150889695,0.065003574791902,27.419987,39.698757
0.5152495,0.9089711,0.05411179,1.2322713,-0.4611377,0.32330024,-0.2340399649611129,-0.3155805649820089,0.08154060002089603,31.730516,45.63329
0.73354125,-2.0393796,-0.7062245,2.2174625,-1.4397657,4.256842,-0.17332056983923927,-0.35734325851414894,0.18402268867490967,133.08804,41.680367
-0.41014633,0.42989016,-0.8940618,0.08945896,-0.48391548,-0.3404312,0.5508480930495487,0.7601211945866491,0.20927310153710033,31.545958,47.626984
-0.71059954,2.7947934,-0.32162407,2.118606,0.38897547,-0.6761873,-0.33922152791834215,-0.6469500713206724,0.30772854340233025,39.908535,34.931973
0.93910307,2.1354845,0.7012771,2.7392883,-0.23782599,0.6038039,-0.8658128079354643,-0.9501716607118613,0.08435885277639699,26.864363,34.779835
0.50257474,1.5463212,0.82809937,2.2665858,0.32552463,0.7202647,-0.6908472063357921,-0.926429682844633,0.2355824765088409,36.84251,42.843655
0.56378895,-0.27007437,0.099797636,-1.5983192,-0.4639913,-1.3282448,0.4462398466490223,0.4858594537489642,0.039619607099941945,75.21209,43.031364
-0.37944856,-1.8560449,0.0076707737,-1.3325624,0.38711932,0.52348244,0.4814523201025036,0.6984461785088343,0.21699385840633068,36.715572,31.256332
0.8507993,-1.5752189,0.17038992,1.5372604,-0.68040943,3.1124792,0.018311707159871737,-0.5999707630831304,0.6182824702430021,121.47166,37.445778
0.014706307,-1.5883071,-0.53751945,-0.7125544,-0.55222577,0.87575275,0.5344755813779906,0.9975055654705187,0.46302998409252816,57.14472,47.9815
0.08487864,1.9873803,0.33023697,2.0247655,0.24535833,0.037385225,-0.8235696860329949,-0.9076806285378858,0.08411094250489093,14.212509,40.03005
-0.121136114,-1.8379169,0.024170084,-1.2342197,0.1453062,0.6036972,0.4032042766316781,0.7408066631218606,0.3376023864901825,35.506413,36.415043
0.25357482,0.0027256012,-0.10023417,-0.67093396,-0.353809,-0.67365956,0.5566004238823661,0.930143888460436,0.37354346457807,43.310177,33.630756
-0.8088086,1.6188319,0.69149464,2.9967794,1.5003033,1.3779476,-0.07309131894834042,-0.8838445518329832,0.8107532328846427,111.06502,45.935616
-0.061359994,-2.9732146,0.16515306,1.68424,0.22651306,4.6574545,-0.5634782534892722,-0.6954979325770556,0.13201967908778345,93.67743,36.88933
0.0013786559,-1.1753855,0.06373343,-1.0251313,0.062354773,0.15025413,0.7780121013281658,0.803113688521643,0.025101587193477215,9.315319,36.632427
-0.8161087,1.7327068,-0.3097778,2.1389487,0.5063309,0.4062419,-0.1170741904481476,-0.6609316814857422,0.5438574910375946,34.771984,37.436844
0.1764925,0.115558624,-0.8795148,0.06096617,-1.0560073,-0.054592453,0.5366136741589589,0.7741326660418615,0.2375189918829026,60.566296,32.81234
0.4820853,1.6698229,0.99032503,2.1998894,0.50823975,0.5300665,-0.7614917232510354,-0.8531629074679223,0.09167118421688691,36.203705,44.418274
-0.8533449,2.2848651,-0.27843636,2.3027868,0.57490855,0.017921686,-0.22899259036038266,-0.7166955722738138,0.4877029819134311,32.950523,43.7686
-0.3081145,2.13075,-0.10510639,2.2182696,0.20300812,0.087519646,-0.659804510449824,-0.8080466875031123,0.14824217705328824,12.62081,36.95243
1.1092638,-1.976774,-1.2219293,-2.7615278,-2.331193,-0.7847538,-0.3062764127954436,0.2802900013906049,0.5865664141860485,137.19963,34.89484
-1.3168945,0.14746547,-0.31179923,-0.26105052,1.0050952,-0.408516,0.5960520676133558,0.9159635487127211,0.3199114810993653,58.913273,41.84194
-1.4044288,2.6873581,-0.77709436,0.30436373,0.6273345,-2.3829944,0.30840917033606896,0.6761174969850812,0.3677083266490122,52.710926,34.13794
-0.74289596,-2.7923286,-1.1330923,1.1744274,-0.39019632,3.9667559,-0.03157729346906635,0.3125572809308226,0.3441345743998889,66.36795,38.005062
0.8553833,-1.2751606,-0.4515365,-0.8444805,-1.3069198,0.43068004,0.13417273017429832,0.987879864357641,0.8537071341833427,78.0575,35.12635
1.299858,-2.612309,1.0163255,-3.1155427,-0.2835325,-0.5032337,-0.5275269463123111,-0.7481010814317239,0.22057413511941282,19.50634,48.67641
0.59219337,-0.22446275,0.1241572,-1.4184178,-0.46803617,-1.1939551,0.40877397312121655,0.5908660272579382,0.1820920541367217,68.154915,37.208916
0.13138522,-0.9993293,-0.032543954,-1.0322262,-0.16392918,-0.032896876,0.7743371572491,0.8462807290296683,0.07194357178056832,9.578875,49.610325
-0.79678684,2.4038823,-0.09353604,1.6846223,0.7032508,-0.71926,-0.29207829453737233,-0.5833595792630488,0.2912812847256765,53.818,41.718502
-0.8435734,1.7405155,-0.8095636,-0.3539662,0.034009814,-2.0944817,-0.09832048380210123,0.914141382579027,1.0124618663811282,71.84994,42.28645
1.172162,0.8267565,0.105979316,2.0315933,-1.0661827,1.2048368,-0.397776958984446,-0.8489511981609814,0.45117423917653543,76.37248,30.21984
1.2170919,-2.2307591,0.16535145,1.0752981,-1.0517404,3.3060572,-0.4262307401971608,-0.22969131091898198,0.1965394292781788,100.52304,39.237217
-0.4030492,1.2369621,-0.41871262,1.7239014,-0.015663415,0.4869393,-0.09169135366538939,-0.4102906160590214,0.318599262393632,25.551706,43.90773
0.042107746,3.0167902,0.53326976,2.8042452,0.491162,-0.21254492,-0.7774219969017913,-0.955824884342654,0.17840288744086275,30.410122,38.531895
-0.68758655,1.778095,-0.6539926,-1.7265005,0.033593953,-3.5045955,-0.23824016217962019,0.627316982707153,0.8655571448867732,100.792206,33.57283
-1.0088816,0.47368407,-0.7144294,0.05036166,0.2944522,-0.4233224,0.5830722505318864,0.8039149909183958,0.22084274038650942,22.86387,36.755337
0.22741376,-1.6703081,0.26592153,-0.99796355,0.038507774,0.67234457,0.36596102890040694,0.6919667034785881,0.3260056745781812,37.37508,41.522724
-0.5119231,-2.2647078,0.5911204,-0.7953285,1.1030436,1.4693793,0.2078680958590411,0.4768803750437307,0.2690122791846896,101.519684,39.909206
-0.53593564,3.1121595,-0.25572184,1.8307458,0.2802138,-1.2814137,-0.37746764088739904,-0.5744891289738279,0.19702148808642883,68.49782,47.204628
0.16539732,-0.7539463,-0.020734668,-0.94537765,-0.18613198,-0.19143134,0.7982110219933958,0.8651367485114849,0.06692572651808915,15.266069,33.253563
0.51486003,1.22381,-0.093538344,1.7493253,-0.6083984,0.5255153,-0.4730026880229605,-0.6224713058441438,0.14946861782118326,45.280537,47.195217
0.28132212,0.75942993,0.60914034,-1.5405431,0.3278182,-2.299973,-0.00897272993043785,0.20872341895152224,0.2176961488819601,111.47504,44.27036
0.90725774,0.054189682,-1.236049,1.8240337,-2.1433067,1.769844,0.047991348777844944,0.1996972110744566,0.15170586229661165,141.63747,48.114296
-0.14325054,2.819327,-0.06985384,2.382438,0.0733967,-0.43688917,-0.7608247997815099,-0.8512312080740836,0.09040640829257374,25.234728,43.201958
0.25226474,1.8211,0.26160118,2.0974407,0.009336442,0.27634072,-0.8005079294596733,-0.9184037281038613,0.11789579864418798,15.319519,48.406578
0.46791053,-1.7052021,0.27892515,-1.5402281,-0.18898538,0.16497397,0.1996642664207413,0.42610794882245406,0.22644368240171275,13.940672,49.83234
-0.6956525,-2.629938,-0.4231091,1.5032336,0.27254337,4.1331716,0.03646034001691767,-0.27254103134413543,0.3090013713610531,96.89101,35.984955
0.7066992,-2.551901,1.0521717,-3.0495884,0.3454725,-0.49768734,-0.5030442290508343,-0.7161292260709355,0.2130849970201012,26.46786,41.37681
0.13318323,-1.7617197,0.0076900814,-1.8848797,-0.12549314,-0.123160005,0.34701402812813775,0.30811193473987825,0.03890209338825951,10.058895,41.547367
0.12649556,1.0559447,-0.6753942,2.1051607,-0.8018897,1.049216,-0.19612816978830594,-0.3615473829619251,0.16541921317361918,72.1285,45.892353
0.64624745,-0.35073113,-0.9909189,0.042453513,-1.6371663,0.39318466,0.3970732475575751,0.7512426216255081,0.35416937406793303,95.72191,35.638035
0.7305482,2.8721287,0.83910066,2.4625895,0.108552456,-0.40953922,-0.9148309934814778,-0.9348664355980691,0.020035442116591362,17.64326,44.25855
0.03625746,-1.246504,-0.04539865,-1.0473989,-0.08165611,0.19910502,0.7291243618368082,0.8469134689332161,0.11778910709640789,12.326913,42.16631
0.14988837,2.718918,-0.08770056,2.2471004,-0.23758893,-0.47181773,-0.9199724112400691,-0.8234124344070706,0.09655997683299855,30.198034,30.35835
0.5108126,-1.5197649,0.036758266,-1.6143286,-0.4740543,-0.09456372,0.28906746212722645,0.505551951653437,0.21648448952621058,27.646166,43.80508
0.63003755,2.9763706,0.59281427,3.002707,-0.03722328,0.026336432,-0.8978113244020935,-0.8907879160539225,0.007023408348171056,2.4648185,44.091373
0.09931923,0.7574527,0.0052808863,-2.2043338,-0.09403834,-2.9617865,0.07880794813198122,0.032075865233007095,0.046732082898974125,168.0954,31.114786
-0.9523299,1.2415216,0.24894233,-1.4820036,1.2012722,-2.723525,0.2001743050482796,0.48116757377514396,0.28099326872686436,135.58264,45.049168
0.77538604,-2.6076517,0.7946734,2.3526592,0.019287348,4.960311,-0.5471452772064982,-0.9454967906228138,0.3983515134163156,51.515625,38.006367
-0.2968566,1.6534259,-0.073237285,2.1173477,0.22361933,0.4639218,-0.44829805172061254,-0.7984958242225639,0.3501977725019514,29.037792,39.625744
0.13093407,-2.6365306,0.33590856,2.1480105,0.20497449,4.784541,-0.39759114391431183,-0.9472550814636058,0.549663937549294,83.65504,32.183994
0.80443764,1.5370181,-0.042471748,2.0139642,-0.8469094,0.47694612,-0.6976509291963494,-0.7780259750269014,0.080375045830552,54.198708,48.85035
-0.070870586,-1.7215627,1.4774061,-2.4636679,1.5482768,-0.7421051,0.47417475020972866,-0.4745563087693545,0.9487310589790832,90.11128,38.68614
1.1777338,-1.1969017,-0.029800387,-2.5091991,-1.2075342,-1.3122975,-0.12883055626688122,-0.21989574170521764,0.09106518543833642,85.96626,44.8405
-1.1236634,2.8857758,-0.40596855,0.9779966,0.7176949,-1.9077792,0.061945163021353444,0.11614167265160091,0.05419650963024747,77.012276,48.601837
0.43755776,-1.3148421,-0.010788605,-1.0461679,-0.44834638,0.26867425,0.45024846587706246,0.8322584200802324,0.38200995420316997,29.695482,42.22302
0.07671273,-1.6137834,0.10389205,-1.0964051,0.027179323,0.5173782,0.4864728776343705,0.7581116292920012,0.27163875165763063,29.560162,30.770874
-0.34501314,-3.0550377,0.42675856,-3.0632136,0.77177167,-0.00817585,-0.4518030838980871,-0.7812971806394828,0.32949409674139574,44.221607,42.2239
-0.8535819,1.1234767,0.22342372,-1.3486574,1.0770056,-2.472134,0.2151350666443559,0.5743192150162963,0.35918414837194046,132.03543,40.263386
0.1859317,0.31248116,-0.19770084,-0.58598447,-0.38363254,-0.89846563,0.39824614350174414,0.9582137178089845,0.5599675743072403,55.67794,30.340479
-0.7285503,0.6858411,-0.9879492,0.29357192,-0.25939888,-0.39226916,0.4451293157569811,0.6609001567226533,0.21577084096567223,20.715101,42.977123
0.7107252,-1.5182474,0.72350776,0.9912432,0.012782574,2.5094905,0.14754780325372585,-0.36521799895974283,0.5127658022134687,91.512146,35.846867
-0.09262054,2.9098532,0.5710778,2.4312472,0.6636984,-0.478606,-0.758001322093456,-0.994965567041902,0.23696424494844592,46.084873,32.05463
0.2714296,1.2311566,-0.29404253,2.1729765,-0.5654721,0.9418199,-0.40255719586066263,-0.6806713380468352,0.2781141421861726,62.306095,33.693226
-0.89423954,1.501055,-0.2180229,-0.6531501,0.67621666,-2.154205,0.04205410034402801,0.9666908284003668,0.9246367280563388,99.67658,34.621456
0.18346891,-0.84831166,-0.020204663,-1.061848,-0.20367357,-0.21353638,0.7766898555172403,0.8312645827487803,0.05457472723154,16.862495,45.120518
-0.15681575,-1.0773301,-0.18263444,-0.9336902,-0.02581869,0.14363992,0.8784188728885098,0.927539011817208,0.049120138928698154,8.245049,48.454033
0.56867653,-3.1262941,0.7068641,3.0462518,0.13818759,6.172546,-0.8255378385627823,-0.8641028194131741,0.03856498085039184,9.407864,48.275364
-0.041527882,-1.0215466,-0.076159164,-1.0548983,-0.034631282,-0.03335166,0.8534116591921936,0.8569857807827068,0.0035741215905131796,2.752357,34.178642
0.16119303,0.18091488,-0.18396425,0.4807769,-0.34515727,0.29986203,0.5032056130910467,0.4382633047081157,0.06494230838293102,26.139866,35.94653
0.9192868,-0.10983014,-0.46165267,0.9890188,-1.3809395,1.0988489,0.09134626217707398,0.1322157387299896,0.04086947655291562,96.16388,44.815594
-0.9536773,-0.9420357,-0.33882892,-1.1991643,0.6148484,-0.2571286,0.8695802680097255,0.8769325963595573,0.007352328349831794,36.973125,32.113956
1.1751069,-0.46376228,-0.08910472,1.925611,-1.2642117,2.3893733,-0.08787332094101163,-0.7168037965976239,0.6289304756566123,111.24987,37.53567
-1.0820652,-1.6064056,-0.572243,-1.0776191,0.50982225,0.52878654,0.6528592356542073,0.9348760528225206,0.2820168171683133,35.02298,34.33265
-0.14091952,-0.08332181,-0.9115364,-0.016271833,-0.7706169,0.06704998,0.796020053971251,0.7937161515774227,0.002303902393828272,44.265068,44.54139
1.2104927,-0.89434075,-0.97326845,2.2258804,-2.1837611,3.1202211,-0.12334852625680082,-0.1062751464412397,0.01707337981556112,166.397,42.528557
-1.013837,2.503904,-0.66322947,1.9264075,0.3506075,-0.57749665,-0.08036559196372828,-0.3174223061917143,0.23705671422798602,29.3533,35.66791
0.24833904,-2.351761,-0.2510477,2.1675327,-0.49938673,4.519294,-0.20605142449705482,-0.7081088474314274,0.5020574229343726,103.95971,40.74975
0.069324456,-0.59257793,-0.3155641,-0.76571536,-0.38488856,-0.17313743,0.8520225724366952,0.9834434549954167,0.13142088255872153,24.124168,46.004772
-0.52082634,-0.7661879,-0.39182293,-1.2502732,0.1290034,-0.48408532,0.9956148609949125,0.8630536025382067,0.13256125845670574,25.897161,47.783615
0.6387815,-0.20410442,0.09466838,-1.2426392,-0.5441131,-1.0385348,0.36336903468282244,0.7014090117839693,0.33803997710114686,62.486755,43.53628
0.46064872,0.97037864,0.14132477,2.5112653,-0.31932396,1.5408866,-0.2610101346004541,-0.9436663256026456,0.6826561910021915,84.88615,38.064644
-0.28323472,1.4452846,-0.12168236,3.0261698,0.16155235,1.5808852,-0.3156148559669387,-0.6932006992187083,0.3775858432517696,88.607185,43.733505
0.05094944,2.9882371,0.9263342,2.6855636,0.87538475,-0.30267358,-0.7940418838831684,-0.8879538228697221,0.0939119389865537,52.16223,35.270153
-0.60941684,-1.3355273,-0.45190477,-1.3735199,0.15751207,-0.037992597,0.8366843252033496,0.8110952060226353,0.02558911918071427,9.217164,38.76745
-0.9739801,-1.019361,-0.91952556,-0.717379,0.054454565,0.30198205,0.8488860608121733,0.902794659068423,0.05390859825624972,10.548238,42.031998
0.058687754,-2.24778,-0.019902367,-2.7087035,-0.078590125,-0.46092343,-0.03098778659934709,-0.38975759926083087,0.3587698126614838,26.778381,49.032745
0.05557441,-0.31715322,0.11815087,-0.93059236,0.06257646,-0.61343914,0.8065018055556319,0.7992372919334114,0.00726451362222047,35.187923,47.398678
-0.8461147,-3.11438,-0.5399276,1.0140417,0.3061871,4.128422,-0.10752990476791069,0.14773204119157946,0.25526194595949014,85.90542,39.266968
1.1005824,0.8285823,1.184019,-2.7167158,0.08343661,-3.545298,-0.3805704710406719,-0.5774474098067648,0.1968769387660929,48.0522,47.465393
0.3102353,2.7553418,0.5979362,2.935056,0.28770092,0.1797142,-0.951851757437904,-0.914337726040781,0.03751403139712295,18.875591,48.802017
-0.2546954,-2.4413047,0.18797843,-1.7367272,0.4426738,0.70457745,-0.0538032196343714,0.33782737242412164,0.39163059205849304,47.37199,42.4616
-0.029790279,-2.3610332,-0.7271924,-2.3297203,-0.6974021,0.031312943,-0.0908145831761189,0.2473526299751896,0.3381672131513085,39.990833,32.658672
1.1645668,0.7100935,0.15817653,-2.033669,-1.0063902,-2.7437625,-0.3553673651619942,0.11030469476836124,0.46567205993035543,102.41803,35.576275
-0.90942734,-2.39166,-0.9281418,-2.5043242,-0.018714428,-0.11266422,0.2810057736346625,0.22944375399111827,0.05156201964354423,4.05946,49.138718
1.2579864,2.2991064,0.18502286,1.9979949,-1.0729636,-0.30111146,-0.7057246519059861,-0.8626888560783037,0.1569642041723176,62.360096,39.45538
1.4374621,-1.3565757,-0.4919754,0.65442187,-1.9294375,2.0109975,-0.36280278682239264,0.4057960028282537,0.7685987896506463,121.20524,31.121883
0.5761013,2.3575647,0.5808107,2.5428796,0.0047094226,0.1853149,-0.9903747715302877,-0.9925215601037785,0.00214678857349071,8.890592,32.64264
-0.30637583,-0.13206315,-0.07739813,-1.0799075,0.22897771,-0.9478444,0.8649096517403141,0.8489457893768222,0.0159638623634919,54.695522,35.19075
-0.74180865,-1.0819328,-0.29220167,-0.89744264,0.44960698,0.18449014,0.9107477425920347,0.9616488755229717,0.05090113293093701,27.297514,43.817497
0.5624491,2.4264882,0.34681615,2.7549741,-0.21563295,0.32848597,-0.9955982837483397,-0.9577479037969372,0.0378503799514025,20.88422,33.47954
0.13122602,-0.8718152,-0.12100913,-0.99180806,-0.25223514,-0.11999285,0.8036389493810816,0.8929397374366088,0.08930078805552721,15.996098,44.381588
0.08837768,0.09146953,-0.9226155,0.068429455,-1.0109932,-0.023040071,0.5988669153318988,0.7613962707655857,0.16252935543368685,57.936436,33.294216
-0.677687,-2.6214747,0.5000234,-1.2102243,1.1777104,1.4112505,0.031708931745345836,0.4500148868083045,0.41830595506295865,101.0694,49.19446
1.1808494,0.7181072,0.7075601,2.9956179,-0.4732893,2.2775106,-0.36341992629001574,-0.8819311435941137,0.518511217304098,65.56872,30.097925
-0.5284488,-3.0817795,-0.3570244,2.939511,0.17142442,6.021291,-0.3396704819075622,-0.5820791505120075,0.24240866860444532,16.713993,48.98743
-0.9915814,-2.1670475,-0.53137386,0.14091523,0.46020752,2.3079627,0.42064365308366547,0.7587552676108644,0.33811161452719896,83.86528,30.674736
-1.0408052,1.2749593,-0.74057466,1.719237,0.30023056,0.44427764,0.23033980934159004,-0.17065365943860478,0.4009934687801948,23.21293,31.324718
0.35908964,0.095107555,-0.9611282,-0.45585176,-1.3202178,-0.55095935,0.4376968779044925,0.872838588280862,0.4351417103763695,80.291374,44.946327
0.77759284,1.8030565,0.28439367,2.1951294,-0.49319917,0.39207292,-0.8195236349488999,-0.9498126157444169,0.13028898079551698,34.011883,34.003147
0.0063744024,1.9122145,0.0041923327,2.181694,-0.0021820697,0.2694795,-0.7572958502690046,-0.8541605554340157,0.09686470516501111,15.440327,47.635525
-0.23179169,2.4481347,0.02559393,2.1275668,0.2573856,-0.32056785,-0.7594616102791925,-0.8488202279048112,0.0893586176256187,23.437561,32.222443
-0.95506644,2.0968149,0.32025498,-0.14603914,1.2753215,-2.242854,-0.1038687733812651,0.5850626047506955,0.6889313781319606,126.747925,48.060642
-0.030158442,-3.0220137,0.86559993,3.0975738,0.8957584,6.1195874,-0.6101955140294106,-0.8151193680010961,0.20492385397168544,51.95529,33.06698
-0.34803227,2.9720452,0.0833407,2.066273,0.43137297,-0.9057722,-0.5756990252390448,-0.8528738396592397,0.27717481442019487,56.65508,30.930593
-0.0074983346,-2.22926,0.30416635,-1.6479895,0.31166467,0.58127046,0.015789788035736052,0.3380978196543092,0.32230803161857313,37.33214,33.637688
-0.68194944,0.8910167,-0.2789238,0.1502844,0.40302563,-0.7407323,0.2940665659257302,0.7074380059245247,0.41337143999879444,43.58785,44.655125
0.8839271,3.0629432,0.74989223,2.898371,-0.13403487,-0.16457224,-0.8215906673787938,-0.9038151966789165,0.0822245293001227,10.015375,41.91099
0.06456533,1.4761808,0.23051623,1.5061507,0.1659509,0.02996993,-0.5139376953492323,-0.5987802608665236,0.0848425655172913,9.6584215,31.446419
0.03561081,2.8983986,0.27663136,2.370106,0.24102055,-0.52829266,-0.8239439098111339,-0.9759509078617334,0.15200699805059958,32.856697,43.055744
-0.70387954,1.3629954,-0.56483376,1.1517289,0.13904577,-0.21126652,-0.006863158695569638,0.05726379870985454,0.06412695740542418,12.569801,49.868496
-0.0033294023,-2.5418515,0.9945712,-2.3284779,0.9979006,0.21337366,-0.2599997009791082,-0.4256662083449143,0.16566650736580613,58.014038,41.589756
0.915386,1.1479123,0.85434616,2.3467455,-0.061039865,1.1988332,-0.4971771434558754,-0.924986913751189,0.42780977029531364,41.982174,35.609493
0.11633909,-0.024213314,-0.45243362,-0.75995654,-0.5687727,-0.7357432,0.6504972933072473,0.9966525969827131,0.3461553036754659,52.30246,32.802216
1.2562915,0.48815203,0.7040614,-2.581511,-0.5522301,-3.069663,-0.3262816822580765,-0.5216018622926608,0.1953201800345843,67.64228,47.897526
0.011166566,-2.2477736,-0.6153514,2.6979675,-0.62651795,4.945741,-0.009219272175190696,-0.4421858423434326,0.4329665701682419,79.49237,42.07285
0.3931632,2.6855757,0.5154579,1.9636145,0.122294724,-0.72196126,-0.9774153436601942,-0.9024781240316369,0.07493721962855737,37.62518,40.23157
0.315445,-1.7359709,0.22466211,-1.758856,-0.090782896,-0.022885203,0.2681552058788279,0.30126131888215113,0.03310611300332322,5.352621,48.10124
0.9658524,-2.1895056,0.51621944,-3.128701,-0.44963294,-0.9391954,-0.34996552144744086,-0.8247188453682555,0.4747533239208146,45.730503,35.333977
-0.7402884,-1.5314885,-0.7685574,-0.67100483,-0.028269053,0.8604837,0.7377263468052635,0.9575734351291505,0.219847088323887,35.419052,48.23307
-0.44374037,1.6720912,-0.2413658,1.7110692,0.20237456,0.03897798,-0.3640527727512519,-0.5170274947740436,0.15297472202279172,11.783582,41.491096
1.1083441,2.7255704,0.78928494,3.0679388,-0.31905913,0.34236836,-0.7938204279181846,-0.842514358586947,0.048693930668762375,21.36273,45.380013
0.93276954,2.7400267,0.77890915,2.765558,-0.15386039,0.025531292,-0.8782904120536861,-0.9269723282619804,0.04868191620829432,8.86705,47.1086
-0.55344945,-1.8658712,0.053105224,-1.1485772,0.6065547,0.717294,0.5194933130039079,0.7644024745279667,0.24490916152405884,52.24509,41.647808
0.20256238,-1.8448625,-0.46539015,-0.53078735,-0.66795254,1.3140751,0.2454206160112431,0.9919951117986674,0.7465744957874243,82.41579,44.11243
-0.50207,-3.0372791,-0.015345245,1.9949338,0.48672476,5.032213,-0.33504299069094623,-0.7835020161660351,0.44845902547508887,73.56359,46.710293
0.7027973,2.8922021,0.7333918,2.8792381,0.030594528,-0.01296401,-0.9146795854975318,-0.9123911607169104,0.002288424780621412,1.8399429,44.55296
1.1004491,-2.7332757,0.7579597,2.1995997,-0.34248936,4.9328756,-0.5982414214854277,-0.9372545406669932,0.3390131191815655,46.78212,47.569138
0.38999504,1.1126902,-0.17547429,1.9748425,-0.5654693,0.86215234,-0.3490609449528339,-0.6902722425331138,0.3412112975802799,58.242695,47.59762
0.5585156,2.9928796,0.7569233,2.8383405,0.19840771,-0.15453911,-0.89562215662394,-0.9173483356238421,0.021726178999902146,13.3358345,36.533455
-0.049269103,-0.92117953,-0.14682907,1.9356096,-0.097559966,2.856789,0.8828954329358076,-0.6898713071300797,1.5727667400658873,160.22577,32.56035
-0.70923156,-1.444413,-0.31641865,-1.1585572,0.3928129,0.28585577,0.7817647123727105,0.8893828180692385,0.10761810569652797,26.546673,40.52496
0.16503899,-2.1671486,0.24924827,1.4263588,0.08420928,3.5935073,-0.008743790265622664,-0.546940426010524,0.5381966357449013,145.0288,31.399366
-0.8937812,-2.1061301,-0.4313489,0.07016018,0.4624323,2.1762903,0.43337312859265786,0.7864763675745663,0.35310323898190843,89.88668,43.19661
1.1720049,0.7533262,0.97270477,-2.7517927,-0.19930017,-3.5051188,-0.3725534043522778,-0.6225429820579453,0.24998957770566754,56.136852,44.314507
-0.5078271,0.18325448,-0.89877313,-0.20851612,-0.39094603,-0.3917706,0.7321656688012004,0.8535837981206349,0.12141812931943452,27.953016,35.631733
0.3259983,-2.1583233,0.016891262,1.2583116,-0.30910704,3.416635,-0.07547299518904182,-0.3206749470184773,0.2452019518294355,154.98343,39.954605
-0.4516751,-2.3825688,-0.5985465,1.7936713,-0.14687142,4.17624,0.08897895123952537,-0.31466646360468875,0.4036454148442141,97.68779,43.09361
-1.1342734,-0.5458653,-0.5697671,-1.0217276,0.5645063,-0.47586226,0.7881842027610135,0.9504214779322346,0.1622372751712211,36.360725,34.978592
-1.2138029,1.8926394,-0.8895829,0.9329488,0.32422006,-0.9596906,0.1691598000422294,0.33679622366104667,0.16763642361881725,31.33942,30.97519
0.83754593,-0.806551,-0.39534754,-0.46216604,-1.2328935,0.34438494,0.24885882376551294,0.97867898787411,0.7298201641085971,72.827934,38.784378
-1.1624256,-3.074755,-0.8570842,0.93895364,0.30534142,4.0137086,0.15991282951393881,0.32297280694853114,0.16305997743459233,58.226566,38.093925
-1.2167778,-2.8598769,-0.96820664,0.7543503,0.24857116,3.6142273,0.2518071004717357,0.4500096211966085,0.19820252072487277,53.284966,42.285774
-0.6965925,0.3312111,-0.55482256,0.02253755,0.14176995,-0.30867353,0.6603942452705329,0.8217444713136303,0.16135022604309734,16.43255,41.292618
-0.9376184,1.5961206,0.5372422,0.67554164,1.4748605,-0.92057896,0.03171616499509777,-0.06582941630588834,0.09754558130098612,96.01723,36.35318
-0.87493515,-2.570059,-0.78847694,0.84855497,0.086458206,3.418614,0.16890174617345544,0.35638803428113697,0.18748628810768153,83.70128,44.83896
0.9317531,1.579056,0.58799845,2.1693673,-0.34375465,0.5903113,-0.7015213175302297,-0.9607624912032655,0.2592411736730358,30.961554,34.027
0.907081,-2.6631618,0.87409174,-3.022706,-0.032989264,-0.35954428,-0.584357013925068,-0.7524872683376933,0.1681302544126253,13.048718,39.689198
-0.16338633,-0.14933872,-0.38752046,-0.07150211,-0.22413413,0.07783661,0.8342339440908209,0.8519486834414578,0.017714739350636943,13.536497,38.831955
0.47167534,-0.7343304,0.094546475,-0.90721875,-0.37712887,-0.17288834,0.5818712332934979,0.8171966055358446,0.23532537224234673,23.579641,39.976276
-0.4606145,-2.54754,-0.3856236,1.6441851,0.0749909,4.191725,-0.03482535821822097,-0.3863117095664337,0.3514863513482127,104.22289,44.170193
1.1395286,-0.96967363,-0.68344235,2.485456,-1.822971,3.4551296,-0.06123980027976472,-0.3995549352303005,0.3383151349505358,151.88226,41.331593
0.42391756,-1.6516682,0.0533414,-0.7114273,-0.37057617,0.9402409,0.2631259903119161,0.8623498650652364,0.5992238747533203,56.042923,34.30893
-0.8275175,2.7461379,-0.39047354,2.1976614,0.43704396,-0.54847646,-0.24098148133970376,-0.6172283792947688,0.37624689795506505,35.489784,30.599625
0.25139424,2.7002113,0.1490574,2.1318154,-0.10233684,-0.56839585,-0.9519711334224628,-0.8974004097659929,0.054570723656469866,32.41744,43.394028
0.22295725,1.767297,0.24257335,1.9963802,0.019616097,0.22908318,-0.7631996398685832,-0.8781659650969171,0.11496632522833394,12.81915,42.23633
1.3723556,-2.7421036,0.5831773,2.1066246,-0.78917825,4.848728,-0.533265386500045,-0.9460485688476616,0.4127831823476167,55.789284,35.169178
-0.899517,2.2408335,-0.5638584,2.4463408,0.3356586,0.20550728,-0.17946584366097973,-0.5059527779265807,0.32648693426560094,21.071655,40.778893
0.99328053,1.8443477,0.6310412,2.1710172,-0.3622393,0.32666945,-0.7775910323467059,-0.95636833142974,0.17877729908303408,24.24549,46.357136
-0.38787976,-2.3857667,0.058498487,-1.1621207,0.44637823,1.223646,0.05646183315865727,0.7561158445759273,0.69965401141727,73.00466,38.64553
0.57365936,2.1763232,0.28741583,2.4672098,-0.28624353,0.29088664,-0.9634641055306403,-0.9822269503146757,0.018762844784035337,22.260124,38.000416
0.32174394,-3.1226692,0.6362013,3.123776,0.3144574,6.246445,-0.7945318229837833,-0.8394866194321345,0.04495479644835121,18.112228,32.10657
-0.30667016,-2.9072285,0.56448543,2.4939952,0.8711556,5.4012237,-0.3838008504933157,-0.9958772064093679,0.6120763559160523,69.48399,42.865852
0.7853792,-0.9903195,-0.9079136,-2.8958104,-1.6932929,-1.9054909,0.27279064785072293,0.029200904079530687,0.24358974377119225,134.45,48.189945
-0.37790382,-1.6344334,-0.6211572,-0.83335024,-0.24325341,0.80108315,0.6414862226684839,0.9801704883622051,0.33868426569372123,42.20593,44.586327
0.18598956,-1.0150185,0.041646183,-1.0661335,-0.14434338,-0.051115036,0.7378586817200343,0.800919135611212,0.06306045389117765,8.76634,47.423897
1.0516185,1.6364186,0.6580559,2.1638286,-0.39356256,0.52741003,-0.6946952378057838,-0.950976899837233,0.2562816620314492,29.51748,42.111004
-1.283497,2.8282006,0.19963495,-1.5511783,1.4831319,-4.379379,0.20385473807253174,0.46489448755873286,0.2610397494862011,106.31822,42.391205
0.004762906,1.6453426,-0.14813848,2.0058408,-0.15290138,0.3604982,-0.605958589390363,-0.7186395462850008,0.11268095689463786,22.367907,45.04271
-1.0853883,-3.1319904,0.57112235,-0.26853594,1.6565106,2.8634546,0.08355954591919398,0.4397304320375399,0.3561708861183459,148.82263,47.154095
-0.36994386,0.014338493,-0.44952485,0.019160552,-0.07958099,0.0048220586,0.8065464466240162,0.8157626212117871,0.009216174587770909,4.566688,43.13758
-0.08894927,-0.123081446,-0.5446886,-0.35006398,-0.45573932,-0.22698253,0.7957258424287224,0.9585182051618233,0.16279236273310094,28.826433,46.575558
0.7060423,-1.5968797,-0.7159991,-0.040125772,-1.4220414,1.556754,0.10982318673741287,0.8417898465877026,0.7319666598502897,114.696434,30.902147
-0.34227717,-1.9784904,0.07156463,-0.9696526,0.41384178,1.0088377,0.37286096083493625,0.8147931738012675,0.44193221296633123,61.533028,42.914318
-0.09595928,-1.5628148,0.06059363,-1.2765253,0.15655291,0.28628957,0.600417764815733,0.7023046392605976,0.10188687444486466,18.678507,41.010475
0.4079666,-2.7798324,0.9803779,-2.9415507,0.5724113,-0.16171837,-0.5989761330186525,-0.6989455166979166,0.09996938367926411,33.49546,38.418694
1.2295057,2.5135143,0.74347126,-2.9581382,-0.4860344,-5.4716525,-0.729156235821776,-0.7391898933186507,0.010033657496874682,36.155754,30.5463
-0.3609758,-0.18351364,1.1315131,2.185337,1.4924889,2.3688507,0.8959809177358444,-0.7777425487356897,1.6737234664715341,127.19559,46.97882
0.96574444,0.44506788,0.98299384,-2.2383327,0.017249405,-2.6834006,-0.1556308908094577,-0.37910574081679727,0.22347485000733958,66.325325,41.500893
0.14371908,-1.6892327,0.14430936,-1.2851348,0.0005902797,0.4040979,0.39702295023635337,0.6535509469029233,0.2565279966665699,22.910173,44.7825
0.122276805,-0.6814542,-0.048080526,-0.9430015,-0.17035733,-0.26154733,0.8261449028410732,0.8774262332676903,0.05128133042661709,17.8601,48.55817
-0.2527875,0.36503506,-1.0054963,-0.42529026,-0.7527088,-0.7903253,0.552179612202961,0.8487176512299497,0.2965380390269887,54.821842,45.46054
0.6232677,0.6148927,0.055428885,2.0293365,-0.56783885,1.4144437,-0.06569938327359104,-0.8282847797116322,0.7625853964380411,80.87549,36.082428
-0.13941537,-2.8411636,0.8219806,-2.9909344,0.961396,-0.14977074,-0.43179144109641854,-0.7472170050291571,0.3154255639327386,55.609596,39.353806
-0.11797753,1.9207094,0.023897972,2.1177216,0.1418755,0.19701219,-0.6991227330064449,-0.8451067497523004,0.14598401674585548,13.892406,48.265656
0.8791246,-1.5240991,0.9148134,2.1440997,0.035688818,3.6681988,0.02030465380986557,-0.8769520218659554,0.897256675675821,74.097466,44.867077
0.46017313,-1.227527,-0.043775927,-1.453118,-0.50394905,-0.22559094,0.473103605146024,0.6507968960978414,0.1776932909518174,31.460293,37.239353
1.1587174,0.37401533,1.002798,-2.9014494,-0.15591943,-3.2754648,-0.2418238066517704,-0.6789226144637484,0.43709880781197796,56.02119,47.120113
-0.67684656,0.7408438,0.2469931,-1.2779213,0.9238397,-2.018765,0.39585827259342565,0.5964464261243894,0.2005881535309637,118.72051,48.71944
-0.59571743,2.3058918,-0.1728213,1.9583161,0.42289615,-0.34757566,-0.4686291719636415,-0.6848593786672517,0.21623020670361015,30.328623,49.019775
0.023539333,-2.5311117,-0.49708107,1.7932312,-0.5206204,4.3243427,-0.26311054922904376,-0.3907763466034426,0.12766579737439887,110.103676,43.931377
0.09689705,0.8872373,0.44279104,2.3777626,0.34589398,1.4905252,-0.03444765065848898,-0.9960844618179578,0.9616368111594689,83.479195,33.92778
0.8929303,-0.008584738,-0.8187512,0.98263526,-1.7116816,0.99122,0.0819358064781445,0.2837249019281334,0.20178909544998888,109.52419,41.538628
1.4712008,0.105679035,-0.29620576,1.6421343,-1.7674066,1.5364553,-0.393211418789944,-0.44167209457770085,0.04846067578775687,106.6893,37.867542
-0.5936328,0.3354833,-0.85472673,0.062355693,-0.2610939,-0.27312762,0.6495877901580833,0.7787165007643939,0.1291287106063106,18.925922,36.296223
-0.38390508,-1.6501758,0.119990565,-1.1174089,0.50389564,0.53276694,0.6322061720767773,0.7415192930190857,0.10931312094230838,41.571724,42.674843
-0.4241102,-2.8995748,0.5767483,-3.0770745,1.0008585,-0.17749977,-0.30567767831611903,-0.8016821116601827,0.49600443334406363,58.15816,40.1839
1.15762,-1.6547668,-0.47277957,1.9888124,-1.6303995,3.6435792,-0.22179238002258383,-0.4929266440250739,0.2711342640024901,136.9214,40.749493
-0.66565657,0.55317116,-0.94314456,-0.17654893,-0.277488,-0.7297201,0.5196840703922305,0.8301116343419421,0.3104275639497116,32.420612,47.45334
0.76162666,-0.8951745,-0.13397641,0.22756863,-0.89560306,1.1227431,0.31092908085486926,0.6087759505916592,0.29784686973679,77.37722,32.802876
-0.56960505,1.866308,0.071801655,1.9400169,0.6414067,0.07370889,-0.36922650777984245,-0.7980690116016653,0.4288425038218229,36.967743,33.825695
-0.055278912,0.071659565,-0.5534539,0.13233979,-0.49817502,0.060680225,0.6782144759724584,0.7651555504423344,0.08694107446987598,28.730219,43.220596
-0.17085224,-3.101122,0.4251806,2.0343726,0.59603286,5.135494,-0.5846044886999711,-0.9233481550410421,0.338743666341071,72.63493,36.882317
-0.1844552,1.499006,-0.18229932,1.8290666,0.002155885,0.3300606,-0.40963612134365146,-0.6178426062902922,0.20820648494664074,18.591562,42.308777
0.21871626,1.2178566,-0.14968204,1.9018723,-0.3683983,0.68401563,-0.371898469839822,-0.6727469206499173,0.30084845081009526,44.294365,44.93643
0.91369426,-0.5310731,0.32344598,-1.4781706,-0.5902483,-0.94709754,0.1744841342375807,0.4378538986361864,0.2633697643986057,53.8501,43.130646
1.0383006,-2.3674335,0.7540954,-2.914078,-0.28420526,-0.54664445,-0.4508815830151587,-0.716586295441763,0.2657047124266043,25.04721,34.72983
0.58801585,-0.80364156,-0.10291121,-1.4115108,-0.6909271,-0.60786927,0.47880649093745475,0.700430672037232,0.22162418109977722,51.508568,44.159355
-0.1542527,-1.0524392,-0.039309304,-0.96466124,0.114943385,0.08777797,0.8859435490849172,0.8683945461367353,0.017549002948181958,8.270539,33.414604
-1.2860693,-0.33487296,-0.961727,-0.108224474,0.32434225,0.22664848,0.6755277275661271,0.8056559644260322,0.13012823685990504,19.308722,37.151276
0.6011819,1.3130047,-0.1661775,2.1724396,-0.76735944,0.85943484,-0.5545082427859773,-0.7623395782567908,0.20783133547081345,64.060646,43.60491
-0.533107,-2.03967,-0.30549237,-2.147603,0.22761461,-0.107933044,0.38765693409621704,0.21874668851529222,0.16891024558092482,14.204092,46.523098
0.21513581,-0.58427215,-0.14821039,-0.8466246,-0.36334622,-0.26235247,0.7670132930063751,0.9333719452402303,0.16635865223385515,25.62411,41.418125
0.6584429,1.6626298,0.52353644,2.0143332,-0.13490647,0.3517034,-0.7669087350231689,-0.9206084308907894,0.15369969586762045,18.380577,36.59694
0.43879077,0.3901143,0.35670853,2.126628,-0.08208224,1.7365136,0.19681649650539512,-0.9444682567437077,1.1412847532491028,89.517555,30.642677
-0.9770233,-1.2292228,-0.66289204,-1.0670313,0.31413126,0.16219151,0.8020757075186999,0.92877565255686,0.12669994503816007,19.042398,33.329433
-0.9517579,-2.7551808,-1.039439,1.065953,-0.087681055,3.8211339,0.12070249327221472,0.32013255079235936,0.19943005752014464,61.742264,39.999
0.2399374,-1.7820715,0.32714662,2.7594833,0.087209225,4.541555,0.27514859596470576,-0.9537056404167927,1.2288542363814985,94.58923,41.880974
0.25389242,-0.30419374,-0.4492514,-1.0338732,-0.70314384,-0.72967947,0.6874501558417041,0.9478921190402705,0.2604419631985664,57.260647,39.17135
0.45767733,1.4075701,-0.09515251,2.1999898,-0.55282986,0.7924197,-0.5911690573441817,-0.8092845001729492,0.2181154428287675,54.194733,30.393438
0.06203923,-0.43565536,0.10783701,-0.993252,0.045797776,-0.5575966,0.8338660972768768,0.7891290965647411,0.04473700071213571,31.934818,36.87319
-0.9756842,0.09141445,-0.7824181,-0.41432604,0.19326615,-0.5057405,0.7394483158118046,0.932620119132407,0.19317180332060246,21.31268,41.29757
-0.46800014,-1.3738532,-0.7624749,-0.95185757,-0.29447475,0.42199564,0.8126843818592357,0.9343705477315254,0.12168616587228964,25.797411,36.403343
0.87824047,-2.9728484,0.82760763,2.742097,-0.050632834,5.7149453,-0.7311035984820848,-0.9166486280637116,0.18554502958162677,21.436478,37.34935
-0.15525746,1.3810365,-0.09834229,1.6829598,0.05691517,0.30192327,-0.336599532015156,-0.5798371256988735,0.24323759368371745,17.463737,35.601776
-0.015355237,-2.631145,-0.09170324,2.138102,-0.07634801,4.769247,-0.3291503891220273,-0.7949416390705979,0.4657912499485706,86.67566,31.831205
-0.27147922,1.5305021,-0.14255655,1.8612015,0.12892267,0.33069944,-0.3829158784847939,-0.6569203924954934,0.2740045140106995,19.943329,39.72928
0.46055156,0.42059755,0.033722926,2.1393347,-0.42682862,1.7187371,0.1623642738281763,-0.8557873243507745,1.0181515981789508,96.71804,38.26818
-0.8098534,1.2514298,-1.0965203,1.3853252,-0.28666693,0.1338954,0.12010846243247197,0.21792348411325735,0.09781502168078537,16.986671,37.345062
-0.093043886,-1.0492384,-0.23269907,-0.8716392,-0.13965517,0.17759925,0.8653782979586104,0.953380391791324,0.08800209383271351,12.832151,38.52139
-1.0410395,-0.23069715,-0.8874718,-0.8230104,0.15356767,-0.59231323,0.8015922001647962,0.9102675031894005,0.10867530302460437,20.951693,38.948147
-0.14682333,-0.3091774,-0.3951595,-0.22233506,-0.24833618,0.08684234,0.8888880209968004,0.9150484904280454,0.026160469431244948,15.009671,46.223988
-1.1604695,1.5319135,-0.8451898,0.7113951,0.31527972,-0.82051843,0.21051123942431504,0.45261167095480204,0.242100431530487,29.946772,44.72888
0.38229772,2.3148525,0.31318137,2.8779197,-0.069116354,0.5630672,-0.9857859782049694,-0.9171042335285851,0.06868174467638433,30.531948,39.624863
-0.7036896,-1.674888,-0.22091903,-1.1350324,0.48277056,0.5398556,0.6612985716501472,0.8764198871187467,0.21512131546859958,38.747414,44.375862
-0.28259858,-1.0608478,-0.10248779,-0.9429844,0.1801108,0.11786336,0.9177154158038849,0.8987942340173927,0.01892118178649227,12.259434,48.326664
0.5800006,-2.9327538,0.9160844,2.7420735,0.33608383,5.6748276,-0.724192218222977,-0.8847920432564749,0.1605998250334979,31.496716,34.13412
0.33884016,-2.8816245,0.60606754,2.086223,0.26722738,4.9678473,-0.6519142829468239,-0.938658045933229,0.28674376298640514,67.342636,33.10651
0.30003718,-2.8707743,0.606816,2.587398,0.30677882,5.4581723,-0.6340534614458271,-0.9863936311566484,0.35234016971082127,45.48907,36.992046
-0.101906516,-2.3335252,-0.46408197,1.6070881,-0.36217546,3.9406133,-0.033149615415510425,-0.3120306721493722,0.27888105673386177,125.090935,42.68471
0.21299128,0.11763406,-0.26334417,-1.2881922,-0.47633547,-1.4058262,0.5144923862941386,0.8197905805285544,0.30529819423441573,84.26356,42.73765
-0.26026067,-2.8420527,0.02136838,-2.8282108,0.28162906,0.013841867,-0.3661634867924395,-0.5004784554889194,0.13431496869647996,16.155218,32.007874
-0.6994625,-2.1717496,0.02764858,-1.6954018,0.72711104,0.4763478,0.34365886292669856,0.44997902429311076,0.1063201613664122,48.551517,49.73787
-0.47253105,-0.9624412,-0.20778741,-0.85113436,0.26474363,0.111306846,0.96693207802236,0.950327794647686,0.01660428337467401,16.307611,41.424828
0.052497536,1.3681414,-0.15096727,1.7459102,-0.2034648,0.37776875,-0.4257646960691641,-0.5896832368146798,0.1639185407455157,24.52775,45.54434
0.22900118,1.209748,0.033322755,2.4591265,-0.19567843,1.2493784,-0.36918642587632533,-0.9034669406958278,0.5342805148195025,71.635735,31.707216
-0.002850298,-1.4721748,-0.020553233,-1.1852539,-0.017702935,0.2869209,0.6206101933715771,0.7836370133872741,0.16302682001569702,16.469282,31.757421
-0.24899817,0.26100588,-0.59371525,-0.15918602,-0.3447171,-0.42019188,0.6255708068057437,0.898218279600357,0.2726474727946133,29.39086,39.114777
-0.069986604,-1.3167585,-0.08159361,-1.0990101,-0.011607006,0.2177484,0.740827052652377,0.843736644449832,0.10290959179745496,12.457801,36.475838
0.6545353,-1.8292834,-0.3712664,-0.17985992,-1.0258017,1.6494235,0.004461771495526179,0.8960692586671337,0.8916074871716075,106.19661,42.376205
-0.019968286,-1.2021496,-0.35841876,-1.1240001,-0.3384505,0.07814956,0.775901092036726,0.9096220668860369,0.1337209748493109,19.87903,33.331043
0.2886435,3.075391,0.88638777,2.5866308,0.5977442,-0.48876023,-0.8306726844679431,-0.9131878056165537,0.08251512114861059,40.918068,44.355106
-0.59307307,-0.67772293,-0.42738596,-0.6611301,0.16568711,0.01659286,0.9931703317534932,0.9987566589161005,0.0055863271626073185,9.529183,49.840565
1.0982857,-2.593083,0.40363362,2.0673647,-0.6946521,4.6604476,-0.5468629461936283,-0.9322538023329283,0.3853908561393,70.852776,47.489002
0.32200053,0.8952229,0.0034858654,-0.82245415,-0.31851467,-1.7176771,-0.1423695955756692,0.8771375314325915,1.0195071270082607,97.91635,49.80692
-0.3539166,0.9904072,-1.1420586,2.7505832,-0.788142,1.760176,0.08231239009347746,0.06199547218236745,0.02031691791111001,76.00738,37.063488
-0.5518629,-2.2277203,0.37891367,-1.6617296,0.9307766,0.5659907,0.2520252968770862,0.2839091472962396,0.031883850419153426,61.716267,40.955387
-1.000333,-3.0331614,-0.65457886,-0.7096069,0.3457541,2.3235545,0.044910860999996416,0.9836480514155426,0.9387371904155462,77.31801,43.02646
0.6662132,2.6240742,0.6513261,2.6834698,-0.0148870945,0.05939555,-0.9736466842319302,-0.9685502247817048,0.00509645945022541,2.8227198,49.542347
0.75531155,-0.21442437,0.22190884,1.0463853,-0.5334027,1.2608097,0.26612207247019093,-0.22869427689316169,0.4948163493633526,68.43714,41.445683
-0.17827995,1.7777808,0.011646387,1.9541005,0.18992634,0.17631972,-0.592464227601754,-0.7786874155014141,0.18622318789966008,14.814029,35.469437
0.76108736,-1.2140511,0.20302072,-1.6682429,-0.5580666,-0.4541918,0.2352118675261945,0.38090431849799744,0.14569245097180294,39.069927,41.032066
0.6627284,-1.2443337,0.07895912,-1.4600766,-0.5837693,-0.21574283,0.3070357652096991,0.5888594557836817,0.2818236905739826,35.29649,49.84323
-0.78032094,2.9908516,0.4211866,3.021534,1.2015076,0.030682325,-0.22510809448600666,-0.8778954283298934,0.6527873338438868,68.86006,40.75143
-0.982566,-2.032806,-0.7998687,0.45438913,0.1826973,2.487195,0.4843481609760616,0.5948479169523537,0.11049975597629214,73.14577,33.243534
-0.44791996,-2.4286456,0.0857225,2.2598748,0.5336425,4.6885204,0.05080604722013149,-0.9053844647066738,0.9561905119268053,93.35447,37.176174
0.9073468,-1.5885435,-0.48216355,2.8837357,-1.3895104,4.472279,-0.02794591119925749,-0.5081587203287841,0.4802128091295266,119.675674,38.851425
0.16669826,-0.7420831,-0.47741488,-1.6279174,-0.6441131,-0.88583434,0.7982181098532486,0.6662237394412183,0.13199437041203033,61.453304,39.524597
-0.31645387,2.0483663,0.32375422,2.171506,0.6402081,0.12313962,-0.6282379736591839,-0.9513320864097956,0.32309411275061173,37.330658,30.268784
0.9523451,-1.0585325,0.24861175,-1.4043037,-0.7037333,-0.3457712,0.10380378962743997,0.5279838915799031,0.42418010195246314,43.18293,34.294376
1.0998057,0.8058312,0.64424884,-2.9643397,-0.45555687,-3.770171,-0.37122146617245555,-0.744510192408609,0.3732887262361535,76.0108,45.537796
0.8345572,-1.3962154,0.5480963,-1.3194728,-0.28646088,0.07674265,0.107456692482915,0.36632401523245406,0.25886732274953905,16.751654,49.81043
-0.19345163,0.6099911,-0.9924767,0.5309356,-0.79902506,-0.07905549,0.3362232797118132,0.5584157589082341,0.22219247919642093,45.914562,35.519405
0.16873989,2.1167085,0.031977855,2.3036673,-0.13676202,0.18695879,-0.8992220766409247,-0.8907886627108046,0.008433413930120093,13.221556,39.099213
-1.1073793,0.36466002,-0.93024105,-0.04355162,0.17713827,-0.40821165,0.6122012426565666,0.7970992324672449,0.1848979898106783,15.761485,38.253963
0.10279726,2.0855834,0.15607485,2.2290587,0.05327759,0.1434753,-0.8668184896169162,-0.9239897106747073,0.057171221057791044,8.703531,35.343746
-0.35203522,-0.19586086,0.8903905,2.919863,1.2424257,3.1157238,0.8993692398743391,-0.8596368575959223,1.7590060974702615,149.13243,39.48523
0.31306803,-1.690688,0.42980626,-1.0927778,0.11673823,0.59791017,0.3025444252006384,0.5465232649211913,0.2439788397205529,32.525475,37.555763
-0.45471945,-1.680427,-0.2656362,-1.1839956,0.18908325,0.49643135,0.6273039838505676,0.8680947168658104,0.24079073301524279,28.6536,40.017082
0.5726399,-2.6927712,0.78230757,1.7308667,0.20966768,4.423638,-0.5730383912737231,-0.7893552478058696,0.2163168565321465,77.74821,31.794977
-0.8461113,1.463393,1.1884099,1.9647787,2.034521,0.5013857,0.027812425999989898,-0.7156288758895633,0.7434413018895532,118.53708,48.543247
0.41865233,1.5124791,-0.17041688,2.5406656,-0.5890692,1.0281866,-0.6542094250978843,-0.7958785363005898,0.14166911120270553,66.67173,36.502563
-0.24151509,-0.26599216,-0.78599477,-0.11465521,-0.54447967,0.15133695,0.9023055398746198,0.8572346392733712,0.04507090060124863,32.05336,34.094364
0.12895389,2.6097157,-0.10873068,2.1727188,-0.23768458,-0.43699694,-0.9316223350510882,-0.7951836528167631,0.1364386822343251,28.448801,35.901676
-0.355864,-1.1792799,-0.49314898,-1.0131762,-0.137285,0.16610372,0.8880058692396826,0.9548306148273404,0.06682474558765783,11.698764,49.122604
-0.76201034,0.272007,-1.0297284,-0.41168624,-0.26771808,-0.68369323,0.6934204028099682,0.8352229695685596,0.14180256675859138,28.281515,45.566986
-0.44863507,-2.110715,0.2579594,-1.5237858,0.70659447,0.5869291,0.30458580884396547,0.44927390862238004,0.14468809977841457,52.064537,46.30989
0.73934835,0.02479124,0.15593414,-0.4908456,-0.5834142,-0.5156368,0.19457629090783912,0.7923304043055222,0.597754113397683,42.29594,48.090755
-1.0609237,2.9101908,0.124767795,3.0054917,1.1856915,0.09530091,0.007850191624516611,-0.8150858544853028,0.8229360461098194,68.07091,32.03507
-0.10603438,1.8669431,-0.12322027,2.0980005,-0.01718589,0.2310574,-0.6797222641230061,-0.7655699940906757,0.08584772996766965,13.187992,47.87195
-0.80170566,1.4942334,-0.24080946,1.0851799,0.5608962,-0.40905344,-0.01745943665270011,-0.050914319858042845,0.033454883205342734,37.715736,34.36704
-0.008678545,0.7138505,0.7385725,-0.53024435,0.74725103,-1.2440948,0.167086794048398,0.34190252508801855,0.17481573103962056,76.61772,41.677277
-0.41235566,-2.3367295,-0.34487793,1.327273,0.06747773,3.6640024,0.10764586496717499,-0.19280339524227497,0.30044926020944995,127.71498,43.324173
-0.9111086,-0.6035466,-0.7564781,-0.7781403,0.15463054,-0.17459369,0.9056293369957125,0.9573726447204294,0.051743307724716914,11.100069,44.238453
-0.7919006,2.6401756,0.45961642,0.27209076,1.251517,-2.368085,-0.2889717587007894,0.2635378862311857,0.5525096449319751,140.01016,32.933895
-0.28792867,-2.3096938,0.59748507,-0.67384094,0.88541377,1.6358528,0.07352278605139517,0.47686687053218435,0.4033440844807892,102.19766,46.58379
-0.5044838,-2.8820567,-0.081930935,-2.6196837,0.42255288,0.26237297,-0.24235710915492348,-0.2881646494989445,0.045807540344021014,28.092812,45.128113
0.05064232,-2.7532496,0.6741484,2.9942179,0.62350607,5.7474675,-0.45657829568184916,-0.8869736193802638,0.4303953236984146,45.369896,42.280083
0.30731598,2.2260249,0.2806842,2.2762833,-0.026631773,0.050258398,-0.9608400401688577,-0.9650967469016614,0.00425670673280365,3.1502025,42.35532
-1.2126691,-0.5742705,-0.8125283,0.079375386,0.40014082,0.6536459,0.7393631689550366,0.7792772329456621,0.03991406399062547,29.387505,48.77468
-0.06423312,0.053324223,-0.50866735,-1.0216546,-0.44443423,-1.0749788,0.6928652209967971,0.9526025395660849,0.2597373185692877,63.517654,42.638573
-0.3409549,3.02573,-0.039602395,1.7490499,0.3013525,-1.27668,-0.5578988895161885,-0.6493751322553729,0.09147624273918442,73.367516,43.6834
-0.004622714,-1.3030415,-0.08931468,-1.0804093,-0.084691964,0.22263217,0.7198765340973949,0.8534039775705917,0.13352744347319678,13.63088,48.71017
0.39533067,2.8663633,-0.6543398,-1.9671361,-1.0496705,-4.8334994,-0.9328977403362799,0.4711944360035183,1.4040921763397982,98.39097,35.19375
-1.1636139,-0.04722762,-0.8524282,-0.7595353,0.31118572,-0.7123077,0.7063434445000702,0.9278448228513447,0.22150137835127448,27.302568,36.142063
1.1758755,-3.0601559,0.69855314,3.052234,-0.4773224,6.1123896,-0.6724362628845615,-0.862965070900541,0.1905288080159795,27.878468,35.167618
-0.24315184,0.6509049,-0.65293366,0.46247336,-0.4097818,-0.18843153,0.3217135075333388,0.5766009884965868,0.254887480963248,25.369753,45.369125
0.34283304,-1.7096696,-0.11280843,-1.5036967,-0.45564148,0.20597291,0.2715531361985022,0.6467070248207696,0.3751538886222674,28.57424,32.668938
0.6370861,-2.733,0.638324,-3.0265837,0.0012379289,-0.29358363,-0.6088082859642459,-0.7768444585657774,0.16803617260153159,13.498041,41.279354
0.43397406,1.7736819,0.39851284,2.159358,-0.035461217,0.38567615,-0.8117952814451739,-0.9579711269642068,0.14617584551903295,20.290361,48.14933
-1.2435658,-2.4237695,-0.62569946,-0.03415794,0.61786634,2.3896115,0.38278790277971897,0.8470570456921604,0.4642691429124415,68.63472,33.50127
-0.21867925,0.42189646,-0.92704207,0.117386065,-0.7083628,-0.30451038,0.49740803015421875,0.7422111962298055,0.24480316607558672,42.905907,38.644993
0.24469087,-0.44451666,-0.15177712,-0.9372484,-0.39646798,-0.49273175,0.7289173399814146,0.9171870019264485,0.18826966194503392,36.065468,46.96568
-0.80246687,-2.883994,0.026277514,-2.637791,0.8287444,0.24620318,-0.039605964762259305,-0.3536159136535859,0.3140099488913266,49.09148,40.984695
0.67746085,2.8501017,0.45880133,2.9496922,-0.21865952,0.09959054,-0.9301981299601847,-0.909632798633174,0.02056533132701066,13.411917,31.45333
-0.23365094,-0.7235713,-0.9330735,2.658388,-0.6994226,3.3819592,0.9695898818749953,-0.15135999602054362,1.120949877895539,112.117935,41.98355
1.2750216,1.3139722,0.7563649,-2.9800575,-0.5186567,-4.2940297,-0.5430935663474394,-0.7489910151523187,0.20589744880487926,55.225227,48.34829
-0.39319056,2.2097585,-0.040487017,2.1783457,0.35270354,-0.03141284,-0.6177947005178623,-0.8321445691926987,0.2143498686748364,20.283833,46.768246
-0.7260114,2.7781513,-0.6373654,2.089161,0.088645995,-0.68899035,-0.32881175589229805,-0.39047493142621015,0.061663175533912096,30.798052,49.23104
0.49167877,1.258115,0.07406763,1.9530201,-0.41761115,0.69490504,-0.4921837724240046,-0.8047318290525709,0.31254805662856633,44.748466,40.127678
-0.15164627,-0.7323878,-0.2830765,2.77565,-0.13143022,3.5080378,0.9462034124582761,-0.6855678011087818,1.631771213567058,147.56151,46.219376
1.0307808,-0.5605707,-0.6296576,1.471295,-1.6604384,2.0318656,0.06089618693576959,-0.11939396682360925,0.18029015375937885,133.62643,34.442112
0.9529157,2.3323472,0.29639384,2.2540884,-0.6565219,-0.07825875,-0.8837018418438909,-0.9642789804548926,0.08057713861100169,37.77483,46.460575
-0.14629795,0.58301115,-0.47809684,-0.7732416,-0.3317989,-1.3562527,0.3395830473401311,0.9959867050021067,0.6564036576619756,75.28089,30.684757
-0.109272376,1.7060926,-1.0749804,2.3082693,-0.965708,0.60217667,-0.5884372497335413,-0.014125769851677461,0.5743114798818638,60.944817,30.794975
-0.6933543,1.6035893,0.632722,0.9256497,1.3260763,-0.6779396,-0.15004219236001182,-0.2905903465300401,0.1405481541700283,83.965195,30.295969
0.8708016,-2.4258213,0.8717443,-2.9735663,0.00094264746,-0.547745,-0.45462468379095355,-0.7324546389449074,0.2778299551539538,20.057016,32.928005
0.27831405,-2.1129444,1.1489527,-2.4305658,0.87063867,-0.31762147,-0.014986541603128956,-0.4860345659548049,0.4710480243516759,51.343758,46.360588
0.3513984,1.6860387,0.3463616,2.2408457,-0.005036801,0.55480695,-0.7491234315886186,-0.9698731208878542,0.22074968929923555,29.828402,45.310932
0.24242333,-1.1732538,-0.0878457,-1.2010499,-0.33026904,-0.02779615,0.6467135311533809,0.8046540515702052,0.15794052041682427,18.988903,36.511726
-0.62056106,2.8742564,0.8815805,3.0639656,1.5021415,0.18970919,-0.39796007950338286,-0.8219194546363391,0.42395937513295623,86.59928,43.953983
-0.06370836,2.3902051,0.0019958832,2.2297344,0.06570424,-0.16047072,-0.8549756536944884,-0.8642793875990527,0.009303733904564293,9.929551,33.936054
0.65363914,2.0222166,0.86539704,2.1627376,0.2117579,0.14052105,-0.9149781517041937,-0.8983709993113145,0.016607152392879243,13.445972,49.212307
-0.106061,-0.8259666,-0.029776629,-1.1426694,0.076284364,-0.31670284,0.9218635490371909,0.805539615324796,0.11632393371239491,18.619362,32.777584
1.2164098,-0.41358757,-0.7667961,-1.2058522,-1.9832059,-0.7922646,-0.13180458051135702,0.8691431944967771,1.0009477750081341,118.37426,33.668556
-0.4428818,0.51791596,-0.9907685,0.33481613,-0.5478867,-0.18309984,0.49468646296185703,0.643663883675095,0.14897742071323794,32.290554,38.784805
1.2065899,-0.6829386,0.2647433,-2.908026,-0.9418466,-2.2250874,-0.11180088403618438,-0.6491562789987659,0.5373553949625816,87.97909,43.481125
0.17388105,-1.9760014,0.30489445,-1.8825685,0.1310134,0.0934329,0.15176947221885584,0.16149086158292825,0.009721389364072408,9.129486,46.907425
-0.20135505,-1.3770916,-0.07379774,-0.884607,0.12755731,0.49248463,0.7550310153291795,0.9002254351636791,0.14519441983449966,28.865627,47.204994
-1.1295804,-2.0927653,-0.85649467,-0.44308147,0.2730857,1.6496838,0.47138752033334974,0.913327906182543,0.44194038584919326,48.61249,42.30621
-0.51467335,1.6755245,-0.0052035702,1.938404,0.5094698,0.2628795,-0.31679466259184164,-0.7640377539858838,0.44724309139404217,32.531086,47.31648
0.4705668,-0.66683006,0.04425702,-1.2403984,-0.4263098,-0.57356834,0.5842786348479372,0.728150080036666,0.14387144518872885,39.825275,39.190002
-0.766791,2.209934,0.5933622,3.1233325,1.3601532,0.9133985,-0.3005485412990705,-0.8410635563050937,0.5405150150060232,91.325134,37.212048
-0.29439732,2.8333828,-0.05887887,1.8993183,0.23551846,-0.9340645,-0.6617073958699997,-0.7199946870703124,0.05828729120031273,54.191402,42.378864
-0.48697427,-1.0843399,-0.33943453,-1.0910968,0.14753973,-0.0067569017,0.9342271035055365,0.9182576208585438,0.015969482646992716,8.4608345,36.26232
-0.12957731,-2.0212913,0.6162359,-1.2412809,0.74581325,0.78001034,0.25316393800601844,0.3460638633561466,0.09289992535012814,59.960533,35.968857
-0.68543726,-2.2332191,-0.36372036,2.7759418,0.3217169,5.009161,0.29702817521976144,-0.6287419254558237,0.9257701006755852,64.10188,40.250126
0.6146324,-1.4413364,0.33081138,-1.2196991,-0.28382105,0.22163725,0.2574251184896803,0.5688511195704713,0.311426001080791,19.764307,44.54262
-0.08569557,0.733583,0.23436737,-3.030504,0.32006294,-3.764087,0.18454671305587667,-0.7188961246174972,0.9034428376733739,143.82254,40.731804
0.3091624,2.0092127,0.21033326,2.3298104,-0.09882915,0.32059765,-0.8980698843636858,-0.9564255767473728,0.058355692383686986,18.62071,42.494293
-0.48689955,2.0176847,-0.091748334,1.8890513,0.39515123,-0.12863338,-0.4922362117144239,-0.6981775782420296,0.20594136652760575,23.69932,48.7987
0.79842144,-1.181521,0.31492427,2.0858727,-0.48349717,3.2673936,0.21317319574809446,-0.9256828032648947,1.1388559990129892,115.8756,42.398033
-0.06527266,1.6478827,-0.102707475,1.9393681,-0.037434816,0.29148543,-0.5742457998522217,-0.7158246699911182,0.14157887013889647,16.778269,48.352604
-0.70501506,2.8748653,-0.32675886,1.778777,0.3782562,-1.0960883,-0.3248530529403588,-0.5017777361019062,0.1769246831615474,57.472862,30.878527
0.21282627,-2.4793081,1.2981616,-2.7979782,1.0853354,-0.31867003,-0.30006658317161694,-0.5675595403069549,0.26749295713533794,63.04021,40.293163
0.6379171,2.0127141,0.21672861,2.4475405,-0.42118847,0.43482637,-0.9138431853572904,-0.9663155702788444,0.05247238492155404,32.902477,37.705738
1.0463445,-1.1071181,-0.29691592,1.2055898,-1.3432604,2.312708,0.006810447670041242,-0.12282725357821711,0.12963770124825835,125.225334,38.839024
0.24461444,-0.62744546,0.08483436,-1.0503103,-0.15978009,-0.4228648,0.7503830257309083,0.7841952086193391,0.0338121828884308,25.563349,43.77924
-0.6373262,-0.81337094,-0.49601635,-0.63876206,0.14130983,0.17460889,0.9799618837255508,0.9993629416280285,0.019401057902477703,11.682515,38.17388
0.9775747,-2.0614038,0.9351198,-2.660336,-0.0424549,-0.59893227,-0.29029555609171,-0.5826795843692665,0.2923840282775565,19.7246,43.759365
0.45567307,-0.28102517,0.14972793,-1.2670027,-0.30594516,-0.98597753,0.5359793603268157,0.6595624095510253,0.1235830492242096,56.23291,44.245144
1.1934845,-2.133761,-0.25824574,1.9303274,-1.4517303,4.0640883,-0.39043098958583666,-0.6204056207102102,0.22997463112437355,116.904785,48.454826
0.362534,2.5747454,0.14042173,2.033979,-0.22211225,-0.5407665,-0.9889227491027555,-0.8621005088808182,0.12682224022193722,32.50588,47.042805
0.12173118,-2.3933737,0.52814615,2.9465308,0.406415,5.339905,-0.1876814628095147,-0.9128596274334084,0.7251781646238937,55.62727,35.927845
0.724025,-2.9454255,0.6481626,3.1002288,-0.07586241,6.0456543,-0.7337304471341151,-0.8488264340674392,0.11509598693332412,11.375633,47.89715
0.056340575,-1.845883,-0.17258598,-1.666257,-0.22892655,0.17962599,0.31749820824986585,0.5562662102610223,0.23876800201115644,16.64752,41.56641
-0.800873,1.0066526,-1.0760496,1.0049578,-0.27517658,-0.0016947985,0.26231642406728284,0.35858985348089867,0.09627342941361583,15.766563,42.203587
0.9784419,3.0491946,0.81467086,2.7638125,-0.16377103,-0.28538203,-0.7953802774118923,-0.9170047075440682,0.12162443013217583,13.801941,45.84049
0.8156122,-1.0031054,0.23034254,-1.0932853,-0.5852697,-0.09017992,0.24234103563447462,0.6850694324019972,0.4427283967675226,33.81369,47.317223
-0.068629004,0.95069385,-0.0541239,1.6287876,0.014505103,0.6780938,-0.014878902335002664,-0.5672355511415947,0.5523566488065921,38.784386,37.28505
0.3365164,2.2521589,0.09285067,2.3671234,-0.24366574,0.114964485,-0.9705703659100884,-0.9227994118951282,0.04777095401496023,15.3653,36.03296
-0.69026065,1.7991025,0.13389349,2.3027158,0.82415414,0.50361323,-0.24518880372676666,-0.9297925980167925,0.6846037942900258,54.246365,35.809364
0.23131108,-2.3585415,-0.3064838,2.5308938,-0.5377949,4.8894353,-0.20468715091528367,-0.7073963710122158,0.5027092200969321,84.59036,45.69093
-0.5465037,1.2523887,-0.6174062,2.6450305,-0.07090247,1.3926418,-0.02493103830668275,-0.44809472659267335,0.4231636882859906,64.89248,35.223015
-1.024954,-1.6994755,-0.36025283,-1.2060043,0.6647011,0.49347126,0.6304783261674274,0.8776464802467885,0.2471681540793611,43.185604,44.95571
0.84972405,2.2610295,0.5891501,2.557921,-0.26057398,0.29689145,-0.9183851447972149,-0.9907263707347003,0.07234122593748538,19.570753,45.461895
-1.3527886,2.6974394,-0.70636845,0.43275598,0.6464201,-2.2646835,0.2603397750870089,0.6011321149580304,0.34079233987102153,58.09664,41.492767
-1.1087011,-1.6990055,-1.071183,-0.2758064,0.037518144,1.423199,0.6154670884208016,0.7951294138026013,0.17966232538179971,35.202606,36.01028
0.17018731,-3.059719,0.7200789,-3.1199574,0.5498916,-0.06023836,-0.7159880519051911,-0.8158774003181151,0.09988934841292396,31.653482,36.277023
1.1905584,2.4105127,0.63865507,-3.011656,-0.55190337,-5.4221687,-0.7549608471307652,-0.769239992329533,0.014279145198767829,41.605988,45.6857
-0.41107762,-2.1014152,0.15553062,-1.4999398,0.56660825,0.60147536,0.29827789415979034,0.5231005998087985,0.2248227056490082,46.780857,42.51985
-0.46402168,-0.7968097,-0.62866676,-0.30302662,-0.16464508,0.49378306,0.9937793202137151,0.9399310239368557,0.053848296276859386,25.83181,39.781265
-1.0441115,-1.867161,0.33219534,1.0105911,1.3763068,2.8777523,0.560343040645721,-0.24353316930099211,0.8038762099467132,137.78833,32.148857
0.12771176,2.3166015,-0.1015631,2.285178,-0.22927487,-0.03142357,-0.9296345163425173,-0.8227404670348317,0.10689404930768553,13.258743,38.68376
-0.45446312,2.0639641,0.21359348,2.0330858,0.6680566,-0.030878305,-0.5326012131529048,-0.8844046741237808,0.351803460970876,38.315517,33.59817
0.65499216,-0.09331131,-0.6715566,0.48722202,-1.3265488,0.5805333,0.31066264933077914,0.563339366553139,0.25267671722235985,81.94559,35.489365
-0.568083,-0.38544703,-0.57584035,-0.11100927,-0.0077573657,0.27443776,0.9651597403880157,0.8806479356187573,0.08451180476925835,13.216687,38.235485
-0.52868795,0.8155801,0.74170125,-0.9161606,1.2703892,-1.7317407,0.2947386258041078,0.32621609611389424,0.031477470309786426,116.280655,49.579872
0.5120485,1.9613268,0.20286737,1.9790593,-0.3091811,0.017732501,-0.9015595269961221,-0.860370478429477,0.04118904856664507,17.740026,36.634056
-0.75771165,-2.579935,-0.39619538,0.42249167,0.36151627,3.0024266,0.10172813746749654,0.55256418213202,0.4508360446645234,113.480644,48.039276
-0.6524196,-0.9204297,0.13054195,0.76726794,0.7829616,1.6876976,0.9629000576553128,0.05557363481913136,0.9073264228361815,99.84133,32.701557
-0.63545513,1.6751587,-0.3108449,1.881893,0.32461023,0.2067343,-0.2292591714626857,-0.5641281840871883,0.33486901262450264,21.33655,45.229458
-0.07304116,-1.8963614,0.047217965,-1.1375487,0.12025913,0.75881267,0.3347187750771994,0.7717711431909264,0.43705236811372705,43.98946,34.753593
-0.13400488,-2.2981093,0.40715966,-1.8608527,0.5411645,0.43725657,0.012874343610793204,0.12290950741074624,0.11003516379995304,39.51194,37.210987
-0.975404,-0.18115282,-0.8448779,-0.64020985,0.13052613,-0.45905703,0.8190420340625959,0.9325083244490244,0.11346629038642853,17.645498,42.59781
-0.23700568,-1.7391324,-0.6753014,-0.6960741,-0.4382957,1.0430583,0.5248552587203603,0.980054411276388,0.4551991525560277,58.072678,32.85413
-0.107428,2.0273907,0.07427249,2.0727446,0.1817005,0.04535389,-0.7496002421147487,-0.8515453392830121,0.10194509716826339,10.729135,35.275574
-0.5279354,-1.7481434,0.008547946,-0.78999776,0.53648335,0.9581457,0.5956399992647299,0.878639611322085,0.28299961205735513,60.500103,35.67785
-1.2559437,-2.2031605,-0.9914029,0.12420673,0.26454073,2.3273673,0.446896647475306,0.7238185885849036,0.27692194110959756,47.21312,42.943428
0.29260764,-0.71384716,0.18158627,2.2018466,-0.11102137,2.9156938,0.7179916467360101,-0.9258462815258053,1.6438379282618154,149.96664,39.908558
-0.9472342,1.4672835,0.08375176,-1.2916963,1.030986,-2.7589798,0.09260817272269217,0.6827788428198929,0.5901706700972007,127.424805,48.374687
0.09490066,0.5099139,-0.87233585,0.5831548,-0.9672365,0.073240876,0.29171350783260674,0.5282862603870502,0.23657275255444343,55.53791,38.99221
-0.21269225,-0.27376866,-0.23453382,-0.16977419,-0.02184157,0.103994474,0.8973759488774267,0.8640416153124875,0.0333343335649392,5.9430666,43.40887
1.0319967,2.8664315,0.8921677,2.550636,-0.13982904,-0.31579542,-0.8139907596717055,-0.912887864720437,0.0988971050487315,13.014703,49.673462
-1.1169708,-1.3228086,-0.6398253,-1.0365005,0.4771455,0.28630817,0.7220932276025991,0.9399006349945722,0.21780740739197313,29.073946,47.694363
-0.37781328,2.3454688,0.16535495,2.1142669,0.54316825,-0.23120189,-0.6506267632570832,-0.8974199717604083,0.2467932085033251,33.72818,35.93006
-0.7127685,-1.8407605,0.011115755,-1.0695423,0.7238842,0.7712182,0.5630991060963533,0.8144036247184904,0.2513045186221371,57.642914,31.250496
0.58834624,-2.418005,0.94524246,2.880441,0.35689622,5.2984457,-0.3830259135802834,-0.8486308533261466,0.46560493974586326,44.00373,31.02844
0.15139653,1.5335248,0.030224811,1.9470695,-0.12117171,0.41354477,-0.5903501546450387,-0.7838054418028142,0.1934552871577755,24.581284,37.140488
1.2054871,-0.2302196,-0.2799023,2.0416894,-1.4853895,2.271909,-0.1412181145191158,-0.6506166391736787,0.5093985246545629,118.65319,34.463783
0.55795497,0.27477884,-0.86137635,0.3253758,-1.4193313,0.050596952,0.19759405700404464,0.6617159048554662,0.4641218478514215,81.36268,35.15082
-1.0945256,2.1981943,-0.4639449,0.7221483,0.63058066,-1.476046,0.01482740727898424,0.3445208110907245,0.3296934038117403,64.12114,31.152143
-0.20669359,0.062996864,-0.76654226,-0.27250785,-0.55984867,-0.3355047,0.7391263426963184,0.90765469267967,0.16852834998335164,36.096226,32.038803
0.6885671,-1.0969381,0.7408618,1.651941,0.05229467,2.748879,0.33401409131521653,-0.7580913483453535,1.09210543966057,95.59655,39.514843
-1.2112296,-2.631094,-0.11825847,-0.66077703,1.0929711,1.9703169,0.31081597878327827,0.9365524836392458,0.6257365048559675,91.45976,32.567093
0.14026721,2.8441231,0.5901518,-3.0765095,0.4498846,-5.9206324,-0.8829760509891376,-0.8016697014843768,0.08130634950476079,32.111263,43.96015
0.15060394,2.3134458,0.2378848,1.777902,0.08728087,-0.5355438,-0.9368121765329605,-0.773425343053936,0.1633868334790245,30.495642,39.624626
1.0995902,-1.2465751,0.6239372,-2.6593,-0.475653,-1.412725,-0.06972256568774338,-0.5593946891779442,0.48967212349020084,54.650562,45.027855
-0.26144922,2.4472325,0.020634308,2.151802,0.2820835,-0.29543042,-0.739827983187805,-0.8536116351318186,0.11378365194401363,23.272573,35.127575
1.234171,1.7142422,0.8656457,2.9145758,-0.36852533,1.2003336,-0.6464849277288385,-0.86894357715693,0.22245864942809157,37.2234,46.937542
0.3239802,0.86948943,-0.029016457,1.2924894,-0.35299668,0.42299998,-0.12155503663084133,-0.32777366218080717,0.20621862554996584,31.259796,47.413227
0.5211466,0.86771894,-0.33949515,0.23140936,-0.8606417,-0.63630956,-0.20456976932588233,0.6710938314956145,0.8756636008214969,60.533615,39.038563
0.7999639,0.43172765,0.74352723,2.9556384,-0.056436658,2.5239108,-0.05023260766302329,-0.8886126285345322,0.8383800208715089,86.131775,42.38311
0.17306207,-2.044853,0.59396744,-1.0234921,0.42090535,1.0213609,0.09353251622823855,0.43501809907924915,0.3414855828510106,58.488247,35.444107
-1.0734706,1.6452029,0.5577191,2.3397076,1.6311897,0.69450474,0.11488631483161482,-0.9903650414604215,1.1052513562920363,98.86554,36.042862
-0.5672653,0.12863421,-0.64230865,-0.0439643,-0.07504338,-0.17259851,0.7679934934203541,0.8502983564716651,0.08230486305131102,9.194408,47.847458
0.19958718,-2.258697,-0.48944235,-2.7258153,-0.6890295,-0.46711826,-0.10442367373181227,-0.14853997471887403,0.04411630098706176,47.219795,46.799377
-0.7357321,-0.7467632,-0.6394119,-0.19403617,0.09632015,0.55272704,0.9646936234395511,0.9066735878266021,0.058020035612948995,24.935366,49.078957
0.40691105,-1.6742113,0.22608826,-1.4637663,-0.18082279,0.21044493,0.25827273855967325,0.5059830148079913,0.2477102762483181,15.431088,33.935215
-0.4942079,-2.4330502,0.84068125,2.6752632,1.3348892,5.1083136,0.06977014012333171,-0.9217807669716898,0.9915509070950215,97.295364,47.72526
-0.30339223,0.346112,-0.8235788,0.13446428,-0.52018654,-0.21164773,0.5819494758438744,0.754124483804727,0.1721750079608526,31.43256,42.037964
-0.55649227,0.6653321,-1.0477192,0.14042108,-0.49122697,-0.524911,0.416463132269012,0.7023448376463799,0.2858817053773679,34.4472,33.104122
-0.50377274,0.2522545,-0.5576409,0.10592703,-0.053868175,-0.14632747,0.6899568024988234,0.7795948518731777,0.08963804937435427,7.8587265,33.974968
-0.0068302685,-0.5917945,-0.08083359,2.2213097,-0.074003324,2.8131042,0.8889599571070939,-0.8217303000351439,1.7106902571422378,160.53873,36.54224
0.06371947,-0.5624275,-0.12111939,-1.086018,-0.18483886,-0.52359045,0.8523836713124879,0.8632019053002677,0.010818233987779813,31.761467,36.04738
-0.69232494,2.5421336,-0.24698628,2.2467332,0.44533867,-0.29540038,-0.38967036833357405,-0.7284425998456392,0.33877223151206515,29.525684,41.624115
-0.366067,-2.6297948,0.66789335,-2.6900506,1.0339603,-0.060255766,-0.14882205333109866,-0.5854690760499892,0.43664702271889055,59.33023,35.056168
-0.24728228,-2.0618415,-0.18412158,-0.38379666,0.0631607,1.6780448,0.26759582099853674,0.9215151359682086,0.6539193149696718,93.28022,33.964813
1.1832163,3.0499442,0.9082797,2.814613,-0.27493662,-0.23533106,-0.7052556624105952,-0.8758239534086547,0.17056829099805948,17.05284,31.437035
-0.21020801,0.4493432,0.056958027,-1.1696771,0.26716605,-1.6190203,0.47300287930738705,0.7537142620573949,0.28071138275000784,93.37933,37.60516
0.34661958,-3.0884955,0.8360844,2.9577873,0.48946485,6.046283,-0.781134400332768,-0.8662456994993772,0.0851112991666092,30.120218,45.842556
1.4499238,0.58673906,-0.093775235,1.911917,-1.543699,1.3251779,-0.42221807166868386,-0.7080091732323215,0.28579110156363763,93.65589,40.839252
-0.29843146,2.8996317,-0.06569444,1.9845883,0.23273702,-0.9150435,-0.6371907463530047,-0.7545972940722327,0.1174065477192281,53.06929,47.442352
0.66079926,1.571326,0.662156,2.4509373,0.0013567209,0.87961125,-0.7186660626317861,-0.9826471639487586,0.2639811013169725,39.262386,30.344305
0.22684127,-3.0310087,0.58499724,3.043884,0.35815597,6.074893,-0.7169288113528558,-0.8750790213769699,0.1581502100241141,23.22168,39.400524
0.4456748,-2.789012,0.8129058,-2.9585202,0.36723098,-0.16950822,-0.6139270500243441,-0.7336367082479622,0.11970965822361812,22.41661,40.045437
0.47403213,-0.16276574,0.15670972,-1.2028956,-0.31732243,-1.0401299,0.48100467469176333,0.6856258419104524,0.20462116721868906,58.93392,39.258423
0.5542118,2.5918233,0.28957227,2.0472941,-0.26463953,-0.5445292,-0.9912887397046575,-0.907932742116401,0.08335599758825651,32.077892,40.62901
0.85953236,0.89505124,-0.4829147,2.718004,-1.342447,1.8229527,-0.34531318941508715,-0.5499946110569898,0.20468142164190262,119.73665,38.806973
0.64259946,-1.4112878,0.35457993,-1.1841779,-0.28801954,0.22710991,0.25118627426194173,0.5674824507695533,0.31629617650761155,20.027193,47.63807
0.8438953,2.8339746,0.8126729,2.625141,-0.031222403,-0.2088337,-0.894313138935809,-0.9365210245854811,0.04220788564967215,8.276354,41.711994
0.4271621,2.453645,0.25720623,2.4435244,-0.16995588,-0.01012063,-0.9986985146316201,-0.9758274848711395,0.02287102976048061,9.753001,42.904854
1.0716509,-0.65315485,0.68113613,-1.4606925,-0.39051473,-0.8075377,0.02284128259163687,0.19810671558620374,0.17526543299456687,35.912693,42.997894
1.3361946,-1.3596553,0.8371575,-2.8199725,-0.49903715,-1.4603173,-0.28618079030568966,-0.6650199484018886,0.37883915809619895,42.306248,46.460518
-0.002446773,-0.5819726,0.5156388,2.8119183,0.5180856,3.3938909,0.8862232691305856,-0.9542666041988586,1.8404898733294441,147.52644,49.694706
0.105210826,0.08601642,0.13749367,-1.2233084,0.032282844,-1.3093249,0.5934663770784696,0.6872483844997177,0.09378200742124809,74.392815,47.089027
0.63813037,-1.0081837,-0.31617942,-0.36237136,-0.9543098,0.6458124,0.4008824497949437,0.9469595402764561,0.5460770904815124,64.88525,32.62389
0.14912261,0.5713873,0.93660045,2.614939,0.78747785,2.0435517,0.21422513621522654,-0.8903049844219364,1.104530120637163,98.46053,47.39196
0.2615973,-2.8232527,0.87298197,-2.9577367,0.61138463,-0.13448405,-0.5891031732639629,-0.7254764522305277,0.13637327896656481,35.58534,42.770042
0.5280912,2.374915,0.20024824,2.313373,-0.32784295,-0.061541796,-0.9952435189060189,-0.9516027947081191,0.04364072419789977,19.067108,32.061428
0.24044894,-2.2760382,-0.3535864,2.5501385,-0.5940353,4.8261766,-0.1375434991989657,-0.6722884112208867,0.534744912021921,88.797,41.556408
0.5131006,-0.4935317,-0.076697044,-1.5367916,-0.5897977,-1.0432599,0.5369064457325994,0.6102838816536846,0.07337743592108525,66.441864,35.325123
-1.5430664,3.089856,0.051368736,-1.4131241,1.5944351,-4.50298,0.43820403218755777,0.6314414288126953,0.1932373966251375,93.27237,37.81555
0.91844,-0.85938764,0.39091098,-1.1718718,-0.527529,-0.31248415,0.16581521869193594,0.5466185235089025,0.38080330481696656,33.188606,47.662125
-1.0072466,1.1779058,-0.70480573,0.5168659,0.30244088,-0.6610399,0.2565773086768477,0.5490988782448749,0.2925215695680272,29.66919,37.013054
-0.4379978,0.5984266,-0.93587375,0.39381298,-0.49787596,-0.2046136,0.43228200587089205,0.6239367640844966,0.19165475821360456,29.842772,36.704746
0.55663604,2.5190141,0.044697758,1.9797204,-0.5119383,-0.53929377,-0.9958337322260711,-0.8040634962713877,0.19177023595468334,41.28695,41.390812
0.95991606,-1.8433498,1.130353,-2.0232592,0.17043692,-0.17990935,-0.1770936214428609,-0.33202437200193824,0.15493075055907735,11.019014,40.09201
-1.2150149,0.3280487,-0.878659,-0.6800947,0.33635592,-1.0081434,0.5968690262772505,0.9200930474111342,0.3232240211338837,32.83365,49.81796
-0.9701614,-1.4012911,-0.28572065,-1.1259295,0.68444073,0.27536166,0.7528375891705248,0.8956926452903602,0.1428550561198354,41.03188,32.767826
0.72684,-1.6524041,0.23076048,-1.8171536,-0.49607953,-0.1647495,0.06528339424626095,0.25267199098177073,0.18738859673550978,29.58722,48.44779
-0.7385865,-0.569381,-0.39606965,-0.9703975,0.34251684,-0.40101647,0.9622983109142584,0.9606432753934548,0.0016550355208035938,27.40297,34.614292
-0.8560714,-0.9772148,-0.7340298,-0.335247,0.12204158,0.6419678,0.9018637156087852,0.9298094356364981,0.027945720027712895,26.403627,48.47017
-0.7901602,-1.9949671,0.06689311,-1.2828565,0.8570533,0.71211064,0.479334445712448,0.6959252981279471,0.21659085241549914,61.05089,43.079937
-0.19244458,1.4062932,-0.32445112,1.8805904,-0.13200654,0.47429729,-0.3365415584430904,-0.5544503295768184,0.21790877113372797,27.301601,39.579414
-0.63316077,1.3885558,-0.030423352,2.3356857,0.6027374,0.94712996,-0.0660141134809562,-0.8664671030912221,0.8004529896102659,60.751976,33.50388
-0.19533387,-0.8743017,-0.234164,-0.9166764,-0.03883013,-0.04237473,0.9430932171052788,0.9451746286807641,0.002081411575485248,3.25209,32.349476
0.41901287,2.3587043,-0.017485475,2.134409,-0.43649834,-0.22429538,-0.993410303340152,-0.8312368338729208,0.1621734694672312,27.949724,48.120476
0.29863426,-1.8269465,0.37157804,-1.766955,0.07294378,0.05999148,0.2085348223714174,0.21315208103399907,0.004617258662581669,5.29128,35.776653
-0.041803017,-2.6381314,-0.14643252,2.3374777,-0.1046295,4.975609,-0.3225115104498535,-0.8047122741387671,0.4822007636889136,74.73526,39.921097
-0.94588524,-0.44401145,-0.60953295,-0.9428096,0.3363523,-0.49879813,0.8782245365480659,0.9646411088054112,0.08641657225734534,27.684319,43.309616
-0.28550678,0.2799387,-0.8580514,0.19382668,-0.57254463,-0.08611202,0.6235483541210911,0.7232645207164579,0.09971616659536675,33.049446,44.03212
0.18433417,-1.9266882,-0.762711,0.80597425,-0.94704515,2.7326624,0.18787538613175592,0.37604163392189704,0.18816624779014113,141.14629,39.235077
0.35926497,-0.22647929,0.006086763,-1.2969717,-0.3531782,-1.0704924,0.5894713243902698,0.7181291974411135,0.12865787305084364,63.17941,49.992508
-0.47806638,0.6215217,-0.7525796,0.11078233,-0.27451324,-0.5107394,0.4266320892694786,0.7730852462202797,0.34645315695080114,28.37575,37.1285
-0.4128745,-1.1602999,-0.30596116,-0.8227766,0.10691333,0.33752328,0.9029957903680437,0.975971880137763,0.07297608976971937,19.089434,34.785973
0.5108775,3.0562093,0.69089967,2.9421673,0.18002218,-0.11404204,-0.8696351853563038,-0.901864359590606,0.03222917423430216,11.629134,42.62931
-0.27198288,1.9427974,-0.07565343,2.0016356,0.19632944,0.05883813,-0.6170038500043393,-0.7564142485292518,0.13941039852491244,11.727008,44.034725
-0.87126863,2.265087,-0.47182524,1.8933197,0.3994434,-0.37176716,-0.2095707898658148,-0.45557697264521124,0.24600618277939645,28.103342,47.642666
0.486923,0.41641927,-0.024878807,-0.38077235,-0.51180184,-0.7971916,0.14960078225773366,0.8623575505620535,0.7127567683043199,52.72219,35.133022
-0.14719498,0.30238628,-0.5774543,0.29375908,-0.43025935,-0.008627206,0.560751967276893,0.6735685741650466,0.11281660688815354,24.656286,30.991343
-0.25163954,0.7875838,0.44807705,-1.5144932,0.69971657,-2.302077,0.20936185765703286,0.3347595684353155,0.12539771077828266,133.69446,34.182316
-0.27212793,1.2491028,-0.31139743,1.8740383,-0.039269507,0.6249355,-0.1708521035705619,-0.5600579525243443,0.3892058489537824,34.316086,47.462868
0.8346076,-0.030283451,-0.63746727,0.82010186,-1.4720749,0.8503853,0.1382039625113196,0.3287241329924022,0.1905201704810826,94.87986,42.288345
0.1823657,-0.30462956,-0.121616736,-1.3976992,-0.30398244,-1.0930697,0.7324248812984298,0.7157207894344948,0.016704091863934956,64.73559,32.93841
-0.019008828,-2.9015832,0.96837723,-2.5111709,0.98738605,0.39041233,-0.5349774400753269,-0.5110858073486444,0.023891632726682488,59.45314,34.626472
0.2688995,0.29189277,-1.160391,0.4669895,-1.4292905,0.17509672,0.3666067947751781,0.5686405216819121,0.20203372690673405,82.232544,45.25455
-0.8070055,1.6795609,-0.071868755,2.3144886,0.73513675,0.63492775,-0.10171722375422165,-0.8429284797280934,0.7412112559738717,52.60607,33.01304
0.09369115,1.6056364,-0.0074398764,2.1942105,-0.10113102,0.5885742,-0.6177739199462879,-0.8518997084083103,0.23412578846202237,34.170856,32.63423
0.3341326,-1.3298292,0.02159496,-1.3332953,-0.31253764,-0.0034661293,0.5142240880303568,0.6915210774869867,0.17729698945662986,17.908142,48.61732
-1.070581,-1.9468595,-0.23712015,-0.95983523,0.8334608,0.98702425,0.5267173827367548,0.9361009382326788,0.409383555495924,62.414066,37.919926
1.0310334,-2.2594392,1.0298884,-2.7397099,-0.0011450052,-0.48027062,-0.40068745273598694,-0.6109905534822424,0.21030310074625547,14.055356,34.725487
0.83066314,-2.5041802,0.15850413,2.0767653,-0.672159,4.5809455,-0.4931642776526335,-0.8832265365762932,0.39006225892365975,88.32294,36.763737
-0.2151634,-1.464506,-0.39065254,-1.1908226,-0.17548914,0.27368343,0.7076607245088957,0.8883462904416923,0.1806855659327966,18.006636,47.454613
1.0743381,-1.1950265,1.0993813,2.9241352,0.02504325,4.1191616,-0.03628254359636873,-0.7709931254594804,0.7347105818631117,48.513794,30.437796
-0.8193033,-1.5268139,-0.80557835,-0.12588675,0.013724923,1.4009271,0.7333802718976911,0.8565929527653662,0.12321268086767512,52.632023,39.817623
-1.2339106,0.22197247,-0.99943703,-0.08099361,0.23447353,-0.30296606,0.6165685136964725,0.7846007402437594,0.1680322265472869,15.313404,44.68967
0.6464317,2.6884158,0.52955115,2.5058794,-0.116880536,-0.18253636,-0.9685764854325729,-0.9980634489047375,0.029486963472164618,10.968459,39.106842
1.0092198,-0.31817508,0.24476506,-1.8917197,-0.7644547,-1.5735446,0.05587258014534857,0.18573758458602363,0.12986500444067506,78.24712,34.33816
-0.7750726,-0.5994296,-0.75529444,0.4524277,0.019778132,1.0518572,0.9539882559337123,0.5933714328324928,0.36061682310121945,42.468636,37.585163
0.5665742,-0.4561324,-0.16100891,-1.2060119,-0.7275831,-0.7498795,0.48634329058659276,0.8287559543971419,0.34241266381054913,58.439785,31.431705
-0.086914495,0.9183676,0.2889201,2.4809265,0.37583458,1.5625589,0.0221452357232792,-0.9824516565680703,1.0045968922913495,90.9664,31.141449
0.059707947,-3.1114373,0.395525,1.7879995,0.33581707,4.899437,-0.704442566050848,-0.8136944533893651,0.1092518873385171,78.79689,37.61557
-0.09243521,2.7585037,-0.03361993,2.0420918,0.05881528,-0.7164118,-0.8058557467426812,-0.7930181175827209,0.01283762915996034,41.094578,49.192284
-0.74452156,0.21776533,-0.87398916,-0.2905904,-0.1294676,-0.50835574,0.7219475522548393,0.8808659400045391,0.1589183877496998,21.259356,35.282467
-1.2585028,0.6850519,-1.0347018,0.3829963,0.22380102,-0.30205563,0.4940767456845423,0.617871900283208,0.12379515459866575,14.543774,47.57389
-0.36760944,1.8486941,-0.08203074,1.9701781,0.2855787,0.12148404,-0.5099846957703544,-0.7401530818688755,0.23016838609852108,17.70326,32.43513
-0.064696014,0.8540883,-1.0783973,-2.4397929,-1.0137012,-3.2938812,0.06895284106692401,0.32188370057198235,0.25293085950505834,114.16225,49.556293
0.11777886,-2.8544888,0.95687634,3.0651503,0.8390975,5.919639,-0.5604280248022127,-0.7984448805512148,0.2380168557490021,50.894955,49.85502
0.6351803,2.991965,0.5641079,2.9711394,-0.0710724,-0.020825624,-0.8918562475755003,-0.9035117189579047,0.011655471382404414,4.1895604,47.70135
-0.3041983,0.24968648,-0.89828265,-0.36786312,-0.5940844,-0.6175496,0.6496199149751947,0.8867783297984992,0.23715841482330458,44.037556,49.195927
0.6684565,-2.0900748,-0.060652558,2.9702232,-0.72910905,5.060298,-0.17776753887160268,-0.7502912221398965,0.5725236832682938,76.73254,31.434591
-0.23503008,-2.2673888,0.27707916,-2.523641,0.5121093,-0.2562523,0.08581561063668275,-0.3620353308815396,0.44785094151822236,32.736286,46.519867
-1.3528972,1.2207081,-0.1548932,-0.82615876,1.198004,-2.046867,0.38673535914883006,0.9384517073028746,0.5517163481540446,86.97682,32.79259
0.29907224,2.1533167,0.03277498,2.4558558,-0.26629725,0.3025391,-0.9423215022406382,-0.9031979371238918,0.039123565116746306,22.872166,40.839035
0.28252164,-1.5593184,0.09414175,-1.2817297,-0.18837988,0.27758873,0.4114203193821516,0.6824498861823525,0.27102956680020085,18.966587,30.146479
-0.55094635,-2.8397284,-0.36093697,2.8261764,0.19000939,5.665905,-0.18543178897177093,-0.6171652698918937,0.43173348092012276,33.39493,47.74157
-0.575353,2.038761,-0.10051862,1.7672856,0.4748344,-0.27147532,-0.42817766122465883,-0.629197575671391,0.20101991444673217,30.8183,39.788666
0.7983164,1.6034453,-0.012988672,2.027559,-0.8113051,0.42411375,-0.7302709544168627,-0.7974268212823992,0.06715586686553643,51.191067,46.13738
1.1481022,2.0671542,0.59831464,2.177165,-0.5497875,0.11001086,-0.7535792978763833,-0.9614576755819311,0.20787837770554773,31.724478,30.252483
-0.29528302,-2.487125,-0.60152143,2.3835135,-0.3062384,4.8706384,-0.07197726600417553,-0.47062581552855676,0.3986485495243812,73.202644,48.65473
0.8004549,-2.610015,1.0511343,-3.0749433,0.25067943,-0.4649284,-0.5509867665235788,-0.7241122186201425,0.17312545209656371,21.245348,36.507076
-0.41237685,2.7692134,-0.092710465,1.9227942,0.3196664,-0.8464192,-0.594136293911637,-0.7136164433986529,0.11948014948701591,50.087658,44.607525
-0.7585598,-3.0360322,-0.22459574,2.1576982,0.5339641,5.1937304,-0.144186437944962,-0.7226096219037217,0.5784231839587597,61.262722,41.088196
0.16811399,-0.11741662,0.014917988,-1.493386,-0.153196,-1.3759694,0.6680046642053217,0.59874140488187,0.06926325932345168,78.8521,46.053223
-0.106383845,-2.9980156,0.54572487,2.1002026,0.6521087,5.098218,-0.5568251757843097,-0.9464455607604414,0.3896203849761317,74.6488,42.48746
-0.90663123,-2.4115815,0.009804477,-3.1215775,0.9164357,-0.709996,0.26915081404283825,-0.6885454309492435,0.9576962449920817,62.6313,37.252953
-0.16436878,-1.9100174,0.35590664,1.895617,0.5202754,3.8056345,0.36172311769221643,-0.8594399630146885,1.221163080706905,141.74117,30.324194
0.18227673,1.16033,0.43102387,-3.1367042,0.24874714,-4.2970343,-0.30939121864842356,-0.8207732194004386,0.511382000752015,106.54693,36.169163
-0.27453607,0.41159558,-0.9727846,0.27316356,-0.6982485,-0.13843203,0.5244875108689122,0.6717361708950849,0.14724866002617265,40.46654,34.09216
0.45369798,3.0174506,0.6156551,2.9260414,0.16195714,-0.09140921,-0.8826813297540843,-0.9158989779615903,0.033217648207505945,10.31122,33.707226
1.0015181,-2.9808288,0.8633,2.6709814,-0.1382181,5.65181,-0.7083190851087515,-0.914300923612064,0.20598183850331253,22.642433,30.364216
-0.44815394,-1.8667943,0.6606599,-1.2555081,1.1088139,0.6112863,0.49302748718286793,0.3044526143471833,0.18857487283568464,71.527,47.147728
0.8217475,-2.2514472,0.78082913,-2.6535435,-0.04091835,-0.40209627,-0.34073789171138635,-0.5745336074045788,0.23379571569319246,16.140114,46.719643
0.5375009,1.3496311,-0.0103674065,1.9913368,-0.5478683,0.64170575,-0.5675918476308182,-0.7843692507820615,0.2167774031512434,46.939354,30.084486
0.58844113,0.4249394,0.3064667,-1.6584489,-0.28197443,-2.0833883,0.08264201780368552,0.32938305727684414,0.24674103947315862,102.79613,37.460896
-0.9403218,1.1030762,0.05756041,-0.8614516,0.9978822,-1.9645278,0.2638204134588289,0.8450734485024451,0.5812530350436163,105.79872,33.605865
0.009300008,1.3548696,-0.23258531,1.8354445,-0.24188532,0.48057485,-0.3959572428330054,-0.5911860542555782,0.19522881142257287,30.607862,42.403923
0.17138322,1.7245176,0.27203384,2.0159297,0.10065062,0.29141212,-0.7220791984520165,-0.8927704149974076,0.1706912165453911,17.26861,36.77309
-0.55513877,-1.9305872,0.031262543,-1.4574573,0.5864013,0.47312987,0.47386966041491263,0.6139834436404628,0.14011378322555013,42.30039,47.320038
0.18715079,2.0946834,0.08925855,2.2551832,-0.09789224,0.16049981,-0.8979720447923327,-0.9058580446033035,0.007885999810970823,10.693269,46.988792
0.17850877,1.9718344,-0.08965965,2.325073,-0.26816842,0.35323858,-0.850031535275086,-0.8349339234112616,0.015097611863824412,25.345846,37.363087
0.5723523,-1.1895322,0.18421404,-1.2441136,-0.38813823,-0.054581404,0.4011025900509857,0.6507671088019364,0.24966451875095075,22.424252,36.13271
-0.3901778,1.4707735,-0.2300033,1.8873513,0.16017449,0.41657782,-0.2707978981815726,-0.6184104716541938,0.3476125734726212,24.468521,39.18883
-0.23635931,-0.56184816,-0.12615621,-0.78005993,0.1102031,-0.21821177,0.9660991621581587,0.9342414961569094,0.031857666001249285,13.817235,43.09035
0.040065635,-1.9284719,0.2704768,-1.4392419,0.23041116,0.48923004,0.2564971120133599,0.49420463826254313,0.23770752624918323,30.613388,47.762337
-1.556091,1.6501005,-0.9790854,0.15199637,0.57700557,-1.4981041,0.44945274353271514,0.7170948096271004,0.26764206609438523,33.850533,32.946224
-0.27007133,2.6668046,-0.18142782,2.0346453,0.088643506,-0.63215923,-0.7175461140834631,-0.7101739780093954,0.0073721360740677255,35.620853,33.181427
0.35957596,-0.53185964,-0.12642415,-1.1192738,-0.48600012,-0.58741415,0.6623868593419715,0.852852672864973,0.19046581352300151,43.23442,46.14435
-0.54358745,-0.9565973,-0.51329106,-0.9171585,0.030296385,0.039438844,0.9672130158203807,0.9762317349247347,0.009018719104354034,2.6116447,37.53243
-0.39713046,-2.793867,-0.0033234956,2.1881034,0.39380696,4.981971,-0.25156384034150925,-0.8523157944363708,0.6007519540948616,75.70673,38.66711
1.173958,2.2593005,-0.17958148,2.3262086,-1.3535395,0.06690812,-0.7587586567151599,-0.7836291248298597,0.02487046811469984,77.60201,42.232662
-0.21546541,-1.8293185,-0.38469866,-0.3701069,-0.16923325,1.4592116,0.447133958650757,0.958470507559646,0.511336548908889,79.568275,37.140903
-0.052865688,2.1298068,0.23248063,2.1706564,0.28534633,0.040849686,-0.8126331214469964,-0.9321793440941626,0.11954622264716619,16.513351,44.003925
-0.65148085,-0.9069176,-0.53120077,-1.1566346,0.12028009,-0.249717,0.9653307075171469,0.910379848677568,0.05495085883957884,13.709678,30.995176
-0.33392543,0.37939858,-1.0058211,0.18882848,-0.6718957,-0.1905701,0.5667485405138457,0.6972024462971365,0.13045390578329075,39.33204,39.489674
0.32254547,-1.022939,-0.08371795,-1.1704863,-0.4062634,-0.14754736,0.6463197683036839,0.8163338591773606,0.1700140908736767,24.723745,33.865658
-0.38733727,-1.1158254,-0.39430258,-1.0610896,-0.0069653094,0.05473578,0.9164550583328221,0.9354283242961028,0.01897326596328064,2.9269013,33.026054
-0.5347695,0.61524653,-0.9872868,0.20756684,-0.45251733,-0.40767968,0.44729042005036135,0.6945815640133368,0.24729114396297547,30.627346,41.10953
1.0326965,1.7673523,0.58136564,2.2678967,-0.45133084,0.5005443,-0.7414624018685059,-0.9794754027615298,0.2380130008930239,32.078274,33.641136
-0.45359677,-3.025861,1.0169063,-2.8525505,1.4705031,0.17331052,-0.3624714814213239,-0.6574512003589161,0.29497971893759223,84.661354,46.9701
-1.2672753,0.72629976,-0.95691633,0.2600398,0.310359,-0.46625996,0.48296934002233183,0.6797995750046102,0.19683023498227836,20.957508,36.286037
1.214692,-0.34767103,-0.04197935,2.2843525,-1.2566713,2.6320236,-0.13601993371624,-0.8535790268425907,0.7175590931263507,110.084175,39.38297
0.3271546,-2.9742436,0.89967555,-0.38169342,0.572521,2.5925503,-0.7092285462994168,0.17048220779440637,0.8797107540938232,104.51732,37.04421
0.1539985,1.5203483,0.060833223,1.9629421,-0.09316527,0.4425938,-0.5819600765754496,-0.8036744476951139,0.2217143711196643,25.75983,44.423325
-0.268571,-2.1977694,0.24248368,-1.6856586,0.51105464,0.5121108,0.16052556114577854,0.34636871864650987,0.18584315750073133,41.222267,34.06581
0.3078557,2.0327847,0.43792126,2.0598323,0.13006556,0.027047634,-0.9064668618599665,-0.9327531857164644,0.026286323856497873,7.5903683,48.06599
1.3513497,-0.687742,0.10308856,1.6133952,-1.2482612,2.3011372,-0.2539875307916484,-0.6267247015325277,0.3727371707408793,92.52278,37.8958
0.30296567,-1.449513,0.0820253,-1.2486932,-0.22094038,0.20081973,0.46796208674868733,0.7051082360099183,0.237146149261231,16.946964,46.764977
-0.59360075,0.9818237,0.22860636,-1.1299481,0.8222071,-2.1117718,0.1950578305476487,0.6726695372481579,0.47761170670050923,122.85611,38.436977
0.2598166,0.21402359,-1.056929,0.6606762,-1.3167455,0.4466526,0.42524116590639593,0.5021101929453948,0.0768690270389989,78.18669,38.230198
0.38126212,-1.7939194,0.29199523,-1.1951073,-0.089266896,0.5988121,0.18766941634136014,0.605485331812103,0.4178159154707428,32.716644,38.414192
0.6795501,2.8589962,0.5952683,2.9030015,-0.0842818,0.044005394,-0.9275507799991116,-0.9247714118104549,0.002779368188656761,5.2362604,43.08794
-0.08471785,-0.7059953,0.19416602,-0.42925963,0.27888387,0.2767357,0.9238347468537818,0.7579380053023232,0.1658967415514585,22.45728,39.55653
0.5371027,-0.26599932,0.37237325,-0.96944624,-0.16472945,-0.7034469,0.46685689231962346,0.6247733204781163,0.15791642815849283,37.204487,46.54787
1.4036826,2.0002005,0.92146194,-2.9305964,-0.48222065,-4.9307966,-0.5839046717465721,-0.7061277973428464,0.12222312559627424,36.17838,43.15031
-0.9517474,2.55705,-0.43707716,2.0476546,0.51467025,-0.50939536,-0.14035273846416985,-0.5406389639923876,0.4002862255282178,36.514095,48.66114
0.7101404,0.36081648,-1.1910362,0.78096455,-1.9011767,0.42014807,0.04623069976239513,0.4643762888937566,0.41814558913136146,110.416954,31.73649
-0.015979135,-1.0854738,-0.27384242,-0.9973782,-0.25786328,0.088095605,0.8211902022247042,0.9347957576134895,0.11360555538878536,15.59115,47.309353
0.018446181,2.9208333,0.25559703,1.9275225,0.23715085,-0.9933108,-0.8079551479347966,-0.852654353096721,0.04469920516192438,57.808075,36.55567
1.1981674,1.3083842,0.90131646,2.37566,-0.29685098,1.0672758,-0.5559243060154513,-0.9085879416581033,0.352663635642652,32.92889,34.93255
-0.60963,1.3946912,-0.5134353,1.306215,0.096194685,-0.08847618,-0.08445320607909146,-0.08183803016737734,0.0026151759117141182,6.982468,37.614536
-1.0001813,0.32214618,-0.9793729,0.03345784,0.020808399,-0.28868833,0.6473826624446941,0.757681581213779,0.11029891876908493,9.133553,46.578556
-0.2195167,-0.9224322,-0.27641925,-0.76870775,-0.056902558,0.15372443,0.9402510528273993,0.9761403955210746,0.035889342693675275,9.137876,37.331093
0.33371773,1.7069914,0.8075721,2.3224626,0.4738544,0.6154711,-0.7575113223997079,-0.9389998457324342,0.18148852333272636,39.648838,39.41234
-0.49910316,-1.2906564,-0.015345212,-0.9751281,0.48375794,0.31552833,0.8552773199759578,0.8552436497492198,3.3670226737947395e-05,32.657284,33.128128
-0.41100493,-0.97003984,-0.2798418,-1.0302945,0.13116312,-0.060254693,0.9620431875255271,0.9266453958985945,0.03539779162693257,8.18578,44.99189
-0.24025562,2.0827267,0.6138745,2.1303945,0.85413015,0.04766774,-0.6904465404885052,-0.9492360210163433,0.2587894805278381,49.006546,31.261276
-0.0442437,1.8911102,0.005100014,2.262265,0.049343716,0.3711548,-0.7233020073808252,-0.872092808334283,0.14879080095345787,21.446472,34.881523
0.23264574,-1.7425034,0.29019848,-1.3371004,0.05755274,0.40540302,0.3094088327704201,0.5390792043846737,0.22967037161425363,22.665617,49.90313
0.04612436,-2.901105,0.678756,2.2230065,0.63263166,5.124111,-0.5640121802488567,-0.9586972124250632,0.39468503217620654,70.11674,44.744194
0.4588863,2.743068,0.1203276,2.6744986,-0.3385587,-0.06856942,-0.970161243804549,-0.9188116771794634,0.05134956662508561,19.75565,38.27568
1.2326653,-2.9544535,0.8689055,2.9387896,-0.36375982,5.893243,-0.6249276148157183,-0.8617800039008063,0.236852389085088,23.29407,41.418076
-0.26205444,-1.9753921,0.4689064,-0.84137905,0.73096085,1.134013,0.34587479234796525,0.5743405775434702,0.22846578519550498,75.67576,45.620155
-0.2725511,0.61439276,-1.0764314,0.9524933,-0.80388033,0.33810055,0.3632652158291094,0.38075403713188116,0.01748882130277174,48.083424,45.958897
0.94464207,-0.29591513,-0.5265472,-0.54093367,-1.4711893,-0.24501854,0.11289920341937698,0.9921074531660139,0.8792082497466369,85.16364,47.901333
1.1852062,2.811331,0.7553819,2.3550267,-0.4298243,-0.4563043,-0.7396550939995148,-0.9570731890304529,0.21741809503093812,28.233768,33.87259
-0.01311757,-0.44962263,-0.3190305,-0.47519448,-0.3059129,-0.025571853,0.8727155885720048,0.9713203616928503,0.09860477312084548,17.58646,30.527708
0.39917302,0.9032953,0.19243497,1.7637004,-0.20673805,0.8604051,-0.18215194064168827,-0.7517495991682619,0.5695976585265736,48.386604,47.412403
-1.3286356,-3.0452666,-1.149027,1.0059963,0.17960858,4.051263,0.291855845225796,0.3791938151381853,0.08733796991238929,34.363926,35.094875
0.34046417,3.0976331,-0.64154005,-2.7121673,-0.9820042,-5.8098,-0.8307667345884415,-0.04750252005116984,0.7832642145372717,61.81571,49.373295
-0.2729872,-2.0398169,0.40458274,-0.88432467,0.6775699,1.1554922,0.2964245570170121,0.6182455275986207,0.32182097058160863,75.46136,40.714077
-0.58969665,0.6131897,-0.98278904,0.51593703,-0.3930924,-0.09725267,0.4627798241355219,0.5654324193776752,0.10265259524215331,22.846178,48.100185
0.7773834,-3.0525365,0.7219254,-3.1261234,-0.05545801,-0.07358694,-0.7800719455513629,-0.8183013932544734,0.03822944770311043,4.428105,38.325287
-0.10460417,1.9979265,0.064946,2.1544871,0.16955018,0.15656066,-0.7396464484036986,-0.8730449606714199,0.13339851226772126,13.214104,46.47396
0.86034095,0.048043728,0.9652224,1.4381306,0.104881465,1.3900869,0.08808352393884156,-0.636875448363678,0.7249589723025196,46.371075,48.596115
-1.13456,0.8056426,-0.18575093,0.014050549,0.948809,-0.79159206,0.4502883601555734,0.7602941893000943,0.3100058291445209,62.664543,47.059547
1.063986,2.6945827,0.7533029,2.9569771,-0.31068307,0.26239443,-0.8212761984806409,-0.8862640292662567,0.06498783078561576,19.947432,44.54883
0.3356998,-2.0167313,-0.31014717,0.9674303,-0.64584696,2.9841616,0.03736261618353254,0.08156303804289777,0.044200421859365235,171.3229,49.019623
-0.87486655,1.7552874,-0.84374714,1.8234073,0.031119406,0.06811988,-0.07879828361181529,-0.12923746234648448,0.05043917873466919,3.1096723,43.7626
0.70133984,1.1179826,0.089421816,1.8547693,-0.61191803,0.7367867,-0.443669310881857,-0.7642071526373382,0.32053784175548117,51.597095,49.258656
-0.14925593,-2.8033433,-0.069557,1.8263818,0.07969893,4.629725,-0.39880138427925615,-0.6777531863196975,0.27895180204044134,94.078285,35.163868
0.082521126,2.0938685,0.24125536,2.0771546,0.15873423,-0.016713858,-0.8618279938381175,-0.9070363424568821,0.04520834861876466,9.143659,36.212894
-0.10429828,-2.5382752,0.543234,-2.4295888,0.6475323,0.10868645,-0.20935703965719554,-0.3779774905826301,0.16862045092543454,37.57544,47.94078
0.67945045,-2.3941317,0.90055317,-2.8836064,0.22110271,-0.48947477,-0.392039445958865,-0.6891405862972837,0.2971011403384187,23.231892,34.320274
-0.9315209,-1.8987391,-0.2510376,-1.1600114,0.6804833,0.7387277,0.5469330808845028,0.8744066919639977,0.3274736110794949,51.19869,48.428444
-0.8251312,-2.4991746,0.51092494,2.8173683,1.3360561,5.3165426,0.18408840186123498,-0.9528910974487736,1.1369794993100086,91.31994,38.27371
-0.24922474,0.6319072,-0.7626196,0.39162645,-0.5133949,-0.24028078,0.339915713227537,0.6285891310371028,0.2886734178095658,31.68461,33.45018
0.32560045,-1.6688741,0.40117505,-0.7875205,0.07557461,0.8813536,0.31078381395293553,0.6337348913054548,0.32295107735251927,47.176174,35.15857
1.1660159,1.5239809,0.47693545,2.032806,-0.6890804,0.50882506,-0.6263187042932924,-0.9259942594301336,0.2996755551368412,43.32206,32.024837
0.2968424,-2.8770924,0.43328792,2.8172665,0.13644552,5.694359,-0.637480141814665,-0.9507176961226733,0.31323755430800837,32.376682,31.44493
0.2754971,0.90241504,0.13026574,2.441203,-0.14523137,1.5387881,-0.12810912448016865,-0.9404049855917744,0.8122958611116058,86.22315,31.064276
-1.1674393,-0.98027706,-0.86202294,-0.41871104,0.3054164,0.561566,0.7540652833124684,0.9079880659536173,0.1539227826411489,23.867289,30.411505
0.24703774,-0.3762331,1.2772081,0.88248783,1.0301703,1.2587209,0.7121416834965295,-0.4347102726778811,1.1468519561744106,71.3235,36.850224
-0.33285514,-1.0660582,-0.23089404,-0.8731096,0.10196109,0.19294858,0.9254822623967911,0.9526834777778799,0.027201215381088772,12.1136055,48.98866
0.40097234,0.4070034,0.06234291,-1.0982434,-0.33862942,-1.5052468,0.2071864343803771,0.7792134728925988,0.5720270385122217,85.15229,32.856155
-0.4351298,-2.9100215,-0.47449797,2.1270666,-0.039368182,5.0370884,-0.3052382713298467,-0.5352688674520056,0.23003059612215893,63.260956,34.025715
0.8582801,2.0093305,0.6903656,1.9725497,-0.16791451,-0.036780834,-0.8675325393187574,-0.8943632373633381,0.026830698044580714,9.736961,34.036137
-0.4236695,1.1276834,0.6323308,1.5378215,1.0560002,0.41013813,0.004356731841177464,-0.6987186349179415,0.703075366759119,64.44527,39.488567
-0.36077833,1.9812877,-0.058209363,1.9511654,0.30256897,-0.03012228,-0.5726538407397559,-0.7441352345285503,0.17148139378879446,17.417213,41.614502
-0.15148623,-0.6109636,-0.15200238,2.3505285,-0.0005161464,2.961492,0.9460789524307884,-0.8028897023838688,1.7489686548146572,159.8003,31.225767
-0.929964,0.6667142,-0.9782276,-0.14831518,-0.04826361,-0.8150294,0.4894964902433241,0.8100100502602898,0.32051356001696574,26.627518,36.95027
-0.37554535,-1.3270106,-0.3945039,-0.93163025,-0.018958539,0.39538038,0.8240069662484935,0.9692413428065088,0.1452343765580153,21.003214,31.914978
1.3621709,1.8453162,0.907154,3.1385944,-0.4550169,1.2932782,-0.5978770951827215,-0.7904464190179598,0.19256932383523828,36.32925,44.97239
0.4540845,-2.3893719,0.16769096,2.9962928,-0.28639352,5.385665,-0.31744381492246987,-0.8338603051693534,0.5164164902468835,51.26547,37.418385
-0.09981821,0.10677934,-0.700187,0.043459594,-0.6003688,-0.06331974,0.674883226944563,0.8082113951848604,0.13332816824029736,34.552944,37.414886
0.27746156,-1.1052554,0.06264047,-1.0237627,-0.21482109,0.08149266,0.6503273918486538,0.8040899549261669,0.15376256307751301,13.137092,36.990486
-0.5114783,1.1316545,-0.33895203,1.008642,0.17252627,-0.12301254,0.045273313833895656,0.060239704465015365,0.014966390631119708,11.779735,37.547073
0.26032135,-2.749955,0.90570337,-2.942908,0.64538205,-0.19295311,-0.5348318243738142,-0.7139426194622582,0.17911079508844407,38.0193,43.2767
0.25353554,1.956939,0.20415738,2.1676123,-0.049378157,0.21067333,-0.8648628115459633,-0.9239312241035176,0.05906841255755424,12.089186,42.20107
1.3093587,1.8273485,0.26232553,-1.8187019,-1.0470332,-3.6460505,-0.6268400705923467,0.2346001897574821,0.8614402603498288,88.16723,40.802082
-0.42171714,0.25203466,0.53736985,3.072531,0.959087,2.8204963,0.6760449449402444,-0.8633530009505115,1.5393979458907558,162.41315,32.397488
0.62473136,-0.13209939,-0.103729285,-1.6320949,-0.72846067,-1.4999955,0.35007351290270083,0.5546275408869952,0.20455402798429434,90.19989,47.67191
-0.64156747,-0.7242439,-0.7979441,-0.33583906,-0.15637666,0.38840482,0.9854038091041346,0.9138881115131454,0.07151569759098919,18.891336,32.713406
-0.65183496,-2.6781168,0.25614157,-1.993471,0.9079765,0.6846458,-0.01960370206809081,0.09630081555068415,0.11590451761877496,63.76624,44.555443
0.5809061,-0.57534623,0.022597585,-1.1122034,-0.5583085,-0.5368571,0.4878802122970125,0.7935790193107659,0.3056988070137534,43.065037,37.748077
-0.18868569,1.3092959,-0.126758,2.398167,0.06192769,1.088871,-0.26267411060613455,-0.8214233747972894,0.5587492641911549,61.619846,43.199867
0.35916474,1.6327112,0.8698894,2.794741,0.51072466,1.1620297,-0.7186316838227762,-0.8934114609810146,0.17477977715823845,59.428593,46.4458
-0.8694245,1.3707283,-0.6410874,2.0533745,0.22833711,0.6826463,0.08932921506000469,-0.3773952326022698,0.4667244476622745,30.88996,38.41458
0.01299227,0.8094573,0.12993734,0.1552833,0.116945066,-0.654174,0.07300875915914418,0.5368573168796775,0.46384855772053335,37.95648,47.931614
-1.1933556,-1.5659155,-1.0513229,-0.0025751013,0.14203262,1.5633403,0.631407690810781,0.7438212985271411,0.11241360771636011,36.06581,49.138683
-0.6089649,1.3145626,0.55186224,0.33462715,1.1608272,-0.9799354,-0.0324399893497187,0.1640980336379556,0.1965380229876743,84.88186,32.09505
0.18460788,-1.8869923,-0.16368458,-1.9647995,-0.34829247,-0.07780719,0.22047261930388018,0.31564381105489225,0.09517119175101207,20.442608,34.401367
0.668052,0.07000661,0.26045957,-0.15818517,-0.40759245,-0.22819178,0.23012359973958363,0.6296612677833773,0.39953766804379365,26.04964,36.704807
1.422198,1.8198702,0.7506836,3.093828,-0.67151445,1.2739577,-0.5581729197709742,-0.8398765773268955,0.2817036575559213,45.066395,39.888916
0.441184,1.8109109,0.8290174,2.4947417,0.3878334,0.68383074,-0.831444624738058,-0.9382158282974853,0.10677120355942726,37.966305,44.31219
-0.12434469,2.183749,0.22800484,2.090147,0.35234952,-0.09360194,-0.7893221252508233,-0.9078887182514954,0.11856659300067207,20.879305,32.786686
0.5940994,1.067477,0.25418103,1.3240244,-0.33991838,0.25654745,-0.38051050147015,-0.470404961439435,0.08989445996928502,23.575626,44.95823
1.036921,0.32215428,-0.55806303,2.21288,-1.594984,1.8907256,-0.14819694215922574,-0.48650332405390273,0.338306381894677,126.27156,30.785774
-0.7880704,0.6132474,-0.85171574,-0.1168215,-0.06364536,-0.7300689,0.5013476852765368,0.8422915072543793,0.34094382197784245,28.407974,47.74316
0.11590835,0.26844263,-0.86132336,-0.7136564,-0.9772317,-0.98209906,0.4670553871317118,0.9262675247237677,0.4592121375920559,74.2431,31.241108
-0.049998965,-1.6891706,0.04460969,-1.003917,0.09460865,0.6852536,0.48987478923349626,0.819050641187038,0.3291758519535417,39.619797,33.90098
0.47876,-0.61970687,-0.15853676,-1.2145734,-0.6372968,-0.5948665,0.5765287823754655,0.8240885333398413,0.24755975096437588,49.220028,43.830334
-1.0587085,-0.523474,-0.5505886,-1.1120865,0.50811994,-0.58861256,0.8302803829706074,0.9251851600599519,0.09490477708934453,36.545307,30.136538
1.2110802,0.5631721,0.8823437,-3.0406063,-0.32873648,-3.6037784,-0.32615592061896503,-0.7580598883053074,0.4319039676863423,58.491592,35.764004
0.02501999,-2.1130395,-0.838001,0.11506227,-0.863021,2.2281017,0.10381126467958168,0.7602859209729402,0.6564746562933585,115.28915,30.155989
-0.22746931,2.0538146,0.05604451,2.084453,0.2835138,0.030638456,-0.6888174841988839,-0.848135979977588,0.15931849577870416,16.337395,45.708908
0.5931462,-0.5623429,-0.29224578,-1.186794,-0.88539195,-0.62445116,0.4762212742178509,0.8729749806369096,0.3967537064190587,61.10929,32.43402
0.092294656,1.2948968,0.5261308,2.5502062,0.43383613,1.2553093,-0.38398154291640907,-0.9962365444045922,0.6122550014881831,71.73225,40.640285
-0.077286154,-2.9221673,0.5018223,2.0805445,0.5791085,5.002712,-0.5210818760767362,-0.9415537131746206,0.4204718370978844,77.69714,48.382553
-1.0632143,1.6812627,-0.43626007,-0.91493976,0.6269542,-2.5962024,0.09595704396661153,0.9756186697723876,0.8796616258057761,90.421135,39.751553
-0.1508674,1.6318538,0.20044771,1.888823,0.3513151,0.2569692,-0.5192733884422001,-0.8195893664636582,0.30031597802145815,24.891209,30.642023
-0.43023795,-2.7466283,-0.24842626,2.976302,0.18181169,5.72293,-0.1985035057756548,-0.6403353525102524,0.44183184673459763,31.91476,38.57312
0.33769524,-2.5956244,0.8980512,-2.9422975,0.56035596,-0.346673,-0.44135604104455517,-0.7149444381351593,0.2735883970906041,35.69952,34.69716
0.88890463,1.4637277,-0.13469243,2.1688268,-1.023597,0.7050991,-0.655958450106807,-0.7796837001077535,0.12372525000094647,68.199814,38.374306
-0.11309974,-0.3970766,-0.15071918,-1.2394865,-0.03761944,-0.84240985,0.9015424122468456,0.8099357132628704,0.09160669898397522,47.866447,43.42253
0.028735539,-0.1330576,-0.05041922,-1.3053627,-0.07915476,-1.1723051,0.7491043972871871,0.738739740260252,0.01036465702693512,67.29869,46.177967
-0.22993253,1.4831522,-0.20962518,2.4788125,0.020307347,0.9956603,-0.37315820566178814,-0.7738418029624636,0.4006835973006755,55.565346,36.764915
-0.9396283,-0.580693,-0.7398917,-0.1434625,0.1997366,0.43723053,0.8923338546168011,0.8757562187786982,0.0165776358381029,20.095417,45.650997
-0.19691351,-2.0389924,-0.12929651,-1.2703989,0.067617,0.76859355,0.26639799668439856,0.7874639960663643,0.5210659993819657,43.586243,30.367996
0.9519391,3.1202333,0.84481347,2.5224757,-0.10712564,-0.5977576,-0.7835212922834065,-0.9320002677783599,0.14847897549495337,21.953346,49.520622
-0.39152348,-2.6502855,-0.20033804,-1.9672154,0.19118544,0.68307006,-0.15034910329489826,0.3285243840784098,0.47887348737330804,38.872566,41.08664
-0.1377706,-2.0263195,0.073768176,-1.5158002,0.21153876,0.51051927,0.25235254881224556,0.5555242078669334,0.3031716590546878,31.597298,43.73624
-0.87544763,-2.8477812,-0.37234545,1.2737507,0.5031022,4.121532,0.028335313102624937,-0.13668127229538207,0.165016585398007,93.04371,32.22113
0.00031530857,1.8341801,0.04661987,2.1768885,0.04630456,0.34270835,-0.7156118709969448,-0.8714645947363961,0.15585272373945136,19.807003,38.359184
-0.43126702,1.5466721,-0.30766073,1.7692026,0.123606294,0.22253048,-0.29583674838000407,-0.5089827045292443,0.21314595614924026,13.826898,45.68542
0.42777193,-1.7382572,0.15334086,-1.8482205,-0.27443105,-0.1099633,0.20098661323665645,0.26790917682987825,0.0669225635932218,16.833889,31.795753
1.3845221,-2.6884298,0.9713757,-2.9822018,-0.41314638,-0.29377198,-0.5213862346459051,-0.7162325307150321,0.19484629606912707,24.30241,40.77758
0.4245771,1.200659,-0.1396924,1.9155538,-0.5642695,0.7148948,-0.4298831846151021,-0.6847592460912608,0.2548760614761587,51.38725,41.374146
-1.5293325,1.6455319,-1.121767,0.4636294,0.40756547,-1.1819025,0.43299929511044916,0.575489688358406,0.14249039324795681,24.917248,39.692493
-1.2431232,2.0039423,-0.7190217,0.3052317,0.5241015,-1.6987106,0.17841189411836478,0.6757726811822726,0.49736078706390785,53.650288,32.81306
0.6113709,2.3433073,0.95374113,2.9565523,0.3423702,0.613245,-0.9851194285468807,-0.828274298176884,0.1568451303699967,31.171278,41.29565
0.35449046,2.4880006,0.26699942,2.5992084,-0.087491035,0.11120772,-0.9924528595195774,-0.9709612322217325,0.02149162729784493,7.8675137,35.07513
-0.97782576,-1.8344632,-0.8561395,0.12377992,0.12168628,1.9582431,0.5775402367749418,0.7536546862226006,0.17611444944765875,60.790676,45.639225
-0.92822474,-0.6548815,-0.6496434,-1.3471252,0.27858132,-0.6922437,0.8994935454471147,0.8299126903717005,0.06958085507541423,31.61327,31.769444
-0.119909376,-0.9590106,-1.4144176,0.9489715,-1.2945082,1.9079821,0.9011864673951377,0.4458402970266384,0.45534617036849934,86.157845,35.36439
0.14292006,-1.3598894,-0.7298857,0.6494147,-0.8728058,2.009304,0.6145305900358506,0.4689041562869214,0.14562643374892925,114.090034,31.569597
-0.7378619,-2.9071052,0.08367282,0.11130898,0.8215347,3.0184143,-0.09683351694647158,0.5889969166323432,0.6858304335788148,141.99481,44.712917
0.24681473,-2.6330652,1.0463315,-2.6814,0.7995168,-0.048334837,-0.43957215339639966,-0.5856583644253366,0.14608621102893693,45.85423,42.471268
0.99184537,-1.6481373,0.5862883,-2.9700637,-0.4055571,-1.3219264,-0.11115423276810588,-0.7456175243751169,0.634463291607011,54.874386,41.018127
-0.2556244,-0.83779144,-0.15319633,-0.97861505,0.10242808,-0.1408236,0.9640277039678686,0.907410669299038,0.05661703466883061,9.838451,44.205708
-1.0420262,-2.064913,-0.3032126,-0.5541066,0.7388135,1.5108064,0.47531088131641397,0.979147008918023,0.503836127601609,73.341034,42.821213
-0.10838006,-2.748203,0.019655205,1.9441227,0.12803526,4.6923256,-0.3778989825897021,-0.7778553000413975,0.39995631745169535,91.26441,48.422092
-0.118234426,0.39805746,-0.75697833,0.21891989,-0.6387439,-0.17913757,0.4774726993395504,0.7207903162909508,0.24331761695140042,37.693382,42.916748
-0.53728515,2.1890519,-0.09099268,1.8590868,0.44629246,-0.3299651,-0.4991139557079478,-0.6837059367819416,0.18459198107399377,31.140709,39.194218
0.07504006,-2.2464595,-0.156194,1.5556357,-0.23123406,3.8020952,-0.0372924965995729,-0.46500872154537287,0.42771622494579997,142.14232,30.301622
1.0194628,0.8266628,1.2231874,-2.60516,0.20372462,-3.4318228,-0.3571167095244068,-0.538224489570708,0.18110778004630124,50.95719,41.766544
0.41362712,-0.94677186,-0.3272879,1.8772851,-0.74091506,2.824057,0.5990807172644637,-0.5509987495185147,1.1500794667829783,162.3504,35.803474
0.36611244,-1.7312704,-0.15911512,-0.305306,-0.52522755,1.4259645,0.2423616816296006,0.8916880639536213,0.6493263823240207,85.621925,40.560978
-0.092200324,-2.2395906,0.47323287,-1.554319,0.5654332,0.6852716,0.0453656107788909,0.2938963881434097,0.24853077736451878,49.88921,35.391693
0.5765619,1.4864719,-0.04268315,2.1411142,-0.61924505,0.65464234,-0.6632170737884047,-0.8209925112310792,0.15777543744267453,50.12157,34.33307
-0.091053486,-2.6964204,-0.7367807,-0.5570968,-0.6457272,2.1393237,-0.34587953411056915,0.9618788111525909,1.30775834526316,109.63367,30.706926
-0.010224401,-0.99394345,-0.2393833,-1.0218371,-0.2291589,-0.027893662,0.8478164884275934,0.9198949188136751,0.07207843038608175,13.22484,43.91974
0.1795219,-2.8760138,0.93410486,2.951637,0.75458294,5.827651,-0.5990482544502935,-0.8366921628474642,0.23764390839717064,48.01746,44.71847
-1.1903207,-2.2677767,-0.8193383,-0.018008934,0.3709824,2.2497678,0.4175195913796763,0.8163834213107299,0.3988638299310536,58.719685,36.327007
0.6098994,1.6303589,0.2977305,2.062036,-0.3121689,0.4316771,-0.7494382154357175,-0.9146430809199391,0.16520486548422153,28.38386,37.879944
-0.7647645,-0.011191368,-0.8399138,-0.3342784,-0.0751493,-0.32308704,0.8235292699823562,0.9010075174077743,0.07747824742541809,13.527711,38.50905
0.019609636,1.591027,-0.109868504,2.078958,-0.12947814,0.487931,-0.5763672590244588,-0.7666839483958308,0.19031668937137192,28.876822,44.63342
-1.1297977,2.0261195,0.2639588,1.0822209,1.3937565,-0.94389856,0.0718542983913375,-0.2764002271074979,0.3482545254988354,89.668495,32.8236
-0.6071613,-1.8300942,0.06577322,-1.2604256,0.67293453,0.56966865,0.5545415205994013,0.7077114315413553,0.15316991094195398,49.2635,41.65603
0.36261204,0.04232645,0.022759102,-1.2956655,-0.33985293,-1.337992,0.46499516518130557,0.7109917002759325,0.24599653509462693,77.07229,40.537277
0.78962016,1.8213804,0.16819267,2.027207,-0.6214275,0.20582652,-0.8245008407681604,-0.8687202886089782,0.04421944784081777,37.022816,38.422768
0.024916485,2.394747,0.1578195,2.2396061,0.13290301,-0.15514088,-0.8974144442394305,-0.9266988881112965,0.029284443871866017,11.6713295,33.546215
-0.036811203,-0.9514146,-0.09954621,-0.95029646,-0.062735006,0.0011181235,0.8706463663613064,0.8959552778969044,0.025308911535598,3.595101,45.69684
0.5282796,1.0465596,-0.26568723,1.8011938,-0.7939668,0.75463426,-0.3443521351191787,-0.5528400780219132,0.20848794290273442,61.65497,32.147224
1.1076186,-2.5989137,0.9379922,-2.9760265,-0.16962636,-0.37711287,-0.5484270505295505,-0.7212928473615596,0.1728657968320091,14.742238,45.03226
-1.0357764,2.228687,0.2354828,1.7185638,1.2712592,-0.51012325,-0.0457163317879985,-0.7388935723780108,0.6931772405900123,76.587715,38.408455
0.46044964,1.0676434,-0.20200805,1.6966496,-0.6624577,0.62900615,-0.3377810868932176,-0.5315136157830502,0.1937325288898326,51.646282,35.60175
0.118790746,0.9417951,-0.35204798,3.0560296,-0.47083873,2.1142344,-0.0925825826250728,-0.5365982294898384,0.4440156468647656,121.52113,37.81131
0.6224153,-1.3947825,0.024354018,-0.58252335,-0.59806126,0.8122592,0.2744413453753163,0.8737223943049752,0.5992810489296589,55.047363,32.503815
0.5495197,2.482556,-0.40929,2.0731874,-0.95880973,-0.40936875,-0.9972477567421834,-0.5697815669880697,0.42746618975411366,59.346043,47.289936
0.5185815,0.39520597,-1.2127038,1.1036048,-1.7312853,0.7083988,0.14502683724566623,0.36588540672305747,0.22085856947739124,103.47611,35.872616
-0.44540292,-0.7925899,-0.672299,-0.48976088,-0.2268961,0.30282903,0.9937356611097492,0.9692784469401978,0.024457214169551378,19.568592,44.85485
-1.1227096,-1.8010039,-0.858736,0.17298397,0.26397365,1.9739879,0.5779221193621646,0.7323100711183215,0.15438795175615683,55.164974,46.32905
0.17512882,2.737758,-0.017000541,2.0012689,-0.19212936,-0.73648906,-0.9236494303887515,-0.7852771746499112,0.13837225573884027,43.411865,44.196716
1.2223625,1.6925986,0.55606985,2.0124106,-0.66629267,0.31981206,-0.6473137817626893,-0.9194136802418313,0.27209989847914207,39.518906,37.227184
-1.1784908,-0.071508646,-1.1029692,-0.30310798,0.07552159,-0.23159933,0.7038682463287647,0.782927136707368,0.07905889037860336,6.9998364,46.59244
-1.2051586,1.582463,-0.12108434,-0.37727222,1.0840743,-1.9597353,0.22732199246804652,0.8994644458897199,0.6721424534216733,91.24838,36.351036
-0.08929779,-2.9871438,0.79167527,2.359493,0.88097304,5.346637,-0.558591377390063,-0.9469001945974913,0.38830881720742827,69.43558,32.072174
1.2490385,-2.214736,0.812174,2.8492243,-0.43686444,5.06396,-0.42691302897855365,-0.9004857868775105,0.4735727578989568,40.23029,40.01917
-0.0072497763,3.017773,0.4183186,2.2074594,0.42556837,-0.81031346,-0.7549985163276673,-0.9706585930956315,0.21566007676796417,51.179974,38.76737
1.4174026,3.0789382,0.983499,-2.931391,-0.43390363,-6.0103292,-0.5643678807180401,-0.6944089085899354,0.1300410278718953,25.284332,49.859074
0.57086927,-0.43718052,0.097900435,-0.62252253,-0.47296882,-0.18534201,0.47950471993044275,0.838570026274871,0.35906530634442824,28.850956,46.410458
-0.4603272,-0.095876694,-0.7069071,-0.2636208,-0.24657989,-0.1677441,0.8711906058967243,0.9178415010338474,0.04665089513712317,16.221048,33.754032
1.2594662,-2.3194802,1.0224614,-2.7265782,-0.23700476,-0.40709805,-0.45714581367675056,-0.6065485877442525,0.1494027740675019,16.46444,32.394176
0.5750811,2.4989803,0.4756712,2.3915205,-0.09940991,-0.10745978,-0.9947876055921334,-0.9976155786010565,0.0028279730089231236,7.794903,45.753216
1.1350255,1.9283702,0.7614864,2.2670774,-0.3735391,0.3387072,-0.7371810389805065,-0.9464886789508586,0.20930763997035218,23.980589,37.210876
-0.4099048,-1.4525146,-0.20486096,-0.99801964,0.20504385,0.454495,0.7620780829016556,0.9176724143321717,0.15559433143051615,27.39051,31.839884
-0.22673239,0.6450596,0.3101307,-1.215196,0.5368631,-1.8602556,0.32012952689743557,0.584768812762027,0.2646392858645914,109.47914,49.40952
0.49036983,1.6070054,0.22341712,2.0688927,-0.2669527,0.46188736,-0.7260872482509177,-0.8996886182069641,0.17360136995604636,29.021475,41.8692
0.24843964,2.2984636,0.32090977,2.3735595,0.07247013,0.07509589,-0.9616394452288439,-0.9841065250126064,0.0224670797837625,5.855212,40.984215
-0.38970286,-2.7671902,0.8650293,2.6213586,1.2547321,5.388549,-0.2371935033202739,-0.9187050189028305,0.6815115155825566,85.048355,42.356472
-0.36460432,-0.94533706,-0.18974558,-1.0377743,0.17485875,-0.09243727,0.9630334761029822,0.9016213781590459,0.06141209794393632,11.235662,38.179657
-0.6917098,-0.29379225,-0.85119784,-0.44164997,-0.15948802,-0.14785773,0.9284083187332088,0.9149968988405028,0.013411419892706,10.956931,34.963104
-0.9609976,-0.35801983,-0.7442219,-0.8365366,0.21677566,-0.47851676,0.859840153773213,0.9555123708412889,0.09567221706807594,21.67769,35.07953
-1.1422653,1.3640835,-0.6216906,-0.48942757,0.52057475,-1.8535111,0.251157103664418,0.9773834709175695,0.7262263672531515,64.18181,35.815315
0.30322722,1.1256201,0.39843217,-2.8337462,0.09520495,-3.9593663,-0.3279306068918686,-0.6339819427065194,0.3060513358146508,119.056854,37.255566
0.909354,0.8782165,1.0801754,-3.0126927,0.17082143,-3.8909092,-0.3507118862857599,-0.6957149637360374,0.3450030774502775,61.04494,31.958815
-0.3546632,-1.2112868,0.010310639,-0.9061325,0.36497384,0.30515426,0.8744929799810279,0.8597865763473624,0.014706403633665488,27.024624,40.28537
0.6611943,-2.306944,-0.09933883,2.353503,-0.76053315,4.660447,-0.3262118029282597,-0.8329710333784046,0.5067592304501449,95.83563,33.987347
-0.5197648,-1.7088202,0.009497914,-1.1835754,0.5292627,0.52524483,0.6205234079329447,0.7707209965446452,0.15019758861170052,41.738747,47.565388
-0.013627117,3.0849235,0.10575993,2.521892,0.11938705,-0.56303144,-0.7192227127007538,-0.9309343739123195,0.2117116612115657,32.923237,40.732124
-1.0366471,2.7435758,-0.5881854,2.4582043,0.44846165,-0.28537154,-0.04097216156977801,-0.48497615647474035,0.44400399490496234,27.873062,48.495674
0.4588585,0.31418657,-0.39868215,-1.538546,-0.8575406,-1.8527325,0.23644369002619037,0.708482616178534,0.47203892615234366,113.691986,35.310593
0.19389734,-1.6940897,0.26466817,-1.2980701,0.07077083,0.39601958,0.36680082578362283,0.5753588234352236,0.20855799765160077,22.452667,48.702763
-1.270555,-1.810473,-1.0252465,0.2284849,0.24530852,2.0389578,0.5481319228737607,0.6782328232219879,0.1301009003482272,41.63848,30.876865
-0.23255448,-1.7554148,0.12188638,-1.1551597,0.35444087,0.60025513,0.5109302111466878,0.7255729648657105,0.21464275371902275,39.73583,37.28184
0.9490424,1.9073374,0.903473,2.5866027,-0.04556936,0.67926526,-0.8106984548170661,-0.9063247609923089,0.0956263061752427,23.227179,31.526722
0.9158881,1.9439013,0.67286825,2.243704,-0.24301982,0.29980278,-0.8319033976655614,-0.9631275934801611,0.13122419581459965,18.31031,43.368725
0.15297993,-1.1253333,0.0716352,-1.0327649,-0.08134472,0.0925684,0.7199156487340357,0.7966918107510326,0.07677616201699689,7.034444,40.67944
-0.7805617,-1.1827973,-0.39937046,-1.0252752,0.38119122,0.15752208,0.8735548966359747,0.9465862063851365,0.07303130974916172,23.056742,37.532722
-0.059698272,0.6602514,0.07118897,-1.2622068,0.13088724,-1.9224582,0.2366614026053675,0.7040833647732594,0.4674219621678919,110.31722,41.766785
-0.29954293,1.8591931,0.7979523,1.900293,1.0974952,0.041099906,-0.5607193378144224,-0.8509473094579327,0.29022797164351033,62.918106,37.948524
0.2613932,2.0937722,0.7099215,2.3619235,0.4485283,0.26815128,-0.9172065774124967,-0.9689399159988774,0.05173333858638074,28.96649,47.377117
-1.2994804,0.6264851,-0.80989695,0.5749474,0.4895835,-0.051537693,0.5056337462713154,0.5268071195939061,0.021173373322590727,28.080944,40.661217
-1.2342486,-2.9143853,-0.68274474,-0.22226185,0.5515039,2.6921234,0.25017597813320025,0.9100763257695821,0.6599003476363818,68.60657,31.962996
1.0865985,1.4375799,0.8731003,2.5402584,-0.21349823,1.1026785,-0.618126761008374,-0.9208332806752839,0.30270651966690987,35.592888,39.341465
0.49816197,2.6728914,0.75940704,3.0493157,0.26124507,0.3764243,-0.983623864265768,-0.8547325998961792,0.12889126436958875,22.859152,49.901817
0.4028486,1.7888477,0.22384603,2.226582,-0.17900257,0.43773437,-0.8152592648045633,-0.9429359324509736,0.12767666764641028,25.914406,42.775547
0.23988745,-1.3190014,-0.34800467,-0.8934819,-0.5878921,0.42551953,0.5800793997022735,0.9714500867370042,0.39137068703473066,41.350494,37.515396
0.40121332,0.8306806,-0.3151712,1.1772146,-0.71638453,0.346534,-0.12364219702549306,-0.09041621787585719,0.033225979149635876,45.399723,39.397484
-0.9333416,1.618933,0.4743025,0.45802745,1.4076442,-1.1609055,0.019429831261724262,0.12767753250049552,0.10824770123877125,98.97668,43.157375
-0.87707067,-2.9061794,0.5700314,-2.700305,1.4471021,0.20587444,0.0027054611102013126,-0.5776446210784307,0.580350082188632,83.56872,36.543858
0.47931463,-0.5971582,0.033080935,-1.1314234,-0.4462337,-0.53426516,0.5749402765675846,0.7811231690396205,0.20618289247203592,38.877132,33.116783
-0.7917114,-1.6203792,-1.4765168,2.7195451,-0.68480545,4.3399243,0.6904348233158868,0.37533283197701284,0.31510199133887395,46.8174,37.49737
0.07747782,-0.6381619,-0.018992143,1.6134391,-0.09646996,2.251601,0.8500657373781735,-0.5738615120584827,1.4239272494366562,128.96805,42.88174
0.34141234,2.9015,0.3772035,3.080199,0.03579116,0.17869902,-0.9138965854560599,-0.8456258606116553,0.06827072484440455,9.799521,39.768875
-0.93886566,-2.9299734,0.05271823,-1.7142849,0.9915839,1.2156885,0.03702309843895879,0.4236415564480094,0.3866184580090506,80.64336,33.20828
0.34668764,0.037374735,0.06594267,-1.2010177,-0.28074497,-1.2383925,0.47825777153206217,0.7355326368618265,0.2572748653297643,70.81469,41.455612
0.9145431,0.36093593,-0.56463325,2.2685776,-1.4791763,1.9076416,-0.0855722100516294,-0.49041789519834467,0.40484568514671526,126.46398,34.48725
-0.008215162,2.3147995,-0.8015718,-2.3560448,-0.7933566,-4.670844,-0.8743603714981489,0.25972093346224234,1.1340813049603913,91.31712,33.099648
0.63835186,-1.2556967,0.18648809,-1.6134192,-0.45186377,-0.35772252,0.32253122403653744,0.4293342363768289,0.10680301234029144,31.82325,40.703617
-0.99641407,1.3209813,-0.17343609,-0.82548124,0.82297796,-2.1464624,0.1868465772451442,0.9442671362812192,0.757420559036075,98.42212,36.743988
-0.42117262,2.894644,0.040180385,2.137185,0.461353,-0.7574589,-0.5513551690562881,-0.857924717985802,0.30656954892951394,49.74951,47.623016
0.07743824,-1.4805799,-0.70506775,-0.8687835,-0.782506,0.6117964,0.5766225238375888,0.9609148766418354,0.38429235280424656,55.150146,43.654354
-0.13282734,2.8429282,0.09331153,2.0253649,0.22613887,-0.8175633,-0.7593942665386635,-0.8418359917768337,0.08244172523817017,48.494934,43.847057
0.072100386,2.1094954,0.014327159,2.2150877,-0.057773225,0.10559225,-0.8627079835146887,-0.8666652554999379,0.0039572719852492,6.890651,42.240696
-0.31147665,1.2521474,-0.46396938,1.9977666,-0.15249273,0.7456192,-0.15253910039549368,-0.5029256772777959,0.35038657688230224,40.31216,40.742332
0.51513714,-1.6755093,0.46779075,2.225127,-0.047346383,3.9006362,0.18997324211514055,-0.9764482566862149,1.1664214988013555,109.96041,47.781395
-0.16691284,0.48278904,-0.9760418,0.8123437,-0.80912894,0.32955468,0.43002685105299676,0.42252442600365114,0.007502425049345618,48.669907,46.110817
0.0920472,3.1306884,0.7913676,2.5719213,0.6993204,-0.5587671,-0.7404643608946513,-0.9474610412030611,0.2069966803084098,48.78915,47.99071
-0.8610452,1.2860334,0.12995635,-1.6188201,0.99100155,-2.9048533,0.12883181961757018,0.4557301888243468,0.3268983692067766,136.58755,33.550076
-0.079131074,2.965432,0.002075221,2.1077476,0.08120629,-0.8576844,-0.7428648731800447,-0.8322465517735818,0.08938167859353707,49.309086,45.83938
-0.22339377,0.11286378,-0.7516379,-0.009613773,-0.52824414,-0.122477554,0.7144777083836673,0.8248618375358457,0.11038412915217843,30.867434,34.090504
0.73679036,-1.6394944,0.5573274,-1.2925454,-0.17946297,0.34694898,0.06562497319020921,0.3713108172363988,0.3056858440461896,18.828793,40.28262
-0.64017916,1.5125759,-0.13734317,1.5314853,0.502836,0.018909454,-0.13689401547650815,-0.4580664008393942,0.32117238536288606,28.82726,44.422695
-1.009434,-0.95921445,-0.9726448,-0.3705314,0.03678918,0.588683,0.8418483306070783,0.8566687782110121,0.01482044760393375,18.402182,36.341534
-0.30389416,-2.3223639,0.047714762,2.4860601,0.35160893,4.808424,0.07008298340218033,-0.9094606008405597,0.97954358424274,85.577126,36.028282
0.7159463,2.6612132,0.77468795,2.5871065,0.05874163,-0.07410669,-0.9590847686084363,-0.951381844553671,0.007702924054765248,4.5882125,32.210182
0.059249967,1.3767312,-0.017640784,2.0749025,-0.07689075,0.6981714,-0.4354840418799757,-0.8123128222439686,0.3768287803639929,40.22527,47.84182
-0.6020822,-1.7025173,0.13705869,-0.98601913,0.73914087,0.71649814,0.6366197774811035,0.7748103677796916,0.13819059029858805,57.432285,44.226013
-0.09705096,1.6047485,0.18505071,-0.41033804,0.28210166,-2.0150867,-0.5296833291041672,0.7593933243691708,1.289076653473338,115.99671,38.741035
0.503698,2.2462976,-0.24093375,2.400714,-0.74463177,0.15441632,-0.980361057088782,-0.7516520614957098,0.22870899559307212,43.51303,32.003487
0.09202673,0.60917306,0.21767178,-1.5037782,0.12564504,-2.1129513,0.21030403987492718,0.4857239423146993,0.2754199024397721,118.80497,36.08528
0.8222816,1.6188052,0.35315096,1.8672106,-0.46913064,0.24840546,-0.7348726797113863,-0.8458338940917454,0.11096121438035911,29.265734,46.971336
-1.0577435,-2.3767865,-1.2091012,0.81536424,-0.15135765,3.1921506,0.3412860521315846,0.4548594144874514,0.11357336235586679,50.102787,39.58017
-0.7489032,-2.3673353,-0.56903553,-0.83965033,0.17986768,1.5276849,0.23148986755085588,0.9852445432733354,0.7537546757224796,66.831276,34.479744
0.8329844,-1.3153586,0.272787,-1.6187975,-0.56019735,-0.3034389,0.13923164057885984,0.3768170886210578,0.23758544804219794,35.159187,42.13797
-0.86978304,1.699939,-0.3884033,-2.5828476,0.48137975,-4.2827864,-0.06148352122876766,-0.1004516576255785,0.03896813639681085,87.66331,37.41737
-0.8410833,-1.5410246,-0.6213356,-0.94329,0.21974766,0.5977346,0.724347137567212,0.9631307040210011,0.23878356645378906,28.119518,37.65235
0.076731496,0.31224418,-0.9922839,0.2871747,-1.0690154,-0.025069475,0.45505013791424176,0.662710150091856,0.2076600121776142,61.26126,36.013493
-1.0736985,0.5329313,-0.68626404,0.000856553,0.38743448,-0.53207475,0.5544224567472913,0.8280137899386782,0.27359133319138695,28.96917,33.177402
-0.16155572,-2.8003674,-0.0819689,2.0764408,0.07958682,4.876808,-0.39011839889506206,-0.7807598875773305,0.39064148868226845,79.9693,43.308567
-0.59111273,-2.593822,-0.42509842,2.6272755,0.16601431,5.2210975,0.001979546621003081,-0.6104830778494676,0.6124626244704707,53.255703,33.459602
-0.106094085,-0.9233959,-0.14907752,-0.657983,-0.042983435,0.26541287,0.9045810862794177,0.9468723874099503,0.04229130113053259,15.281238,30.591942
0.8060892,-2.6985524,0.62705654,2.988201,-0.17903268,5.6867533,-0.6014084272328457,-0.8938887649924601,0.29248033775961435,27.473644,36.384964
1.0736668,2.4003603,0.7890243,2.5455446,-0.28464252,0.14518428,-0.8257719353883761,-0.9496531151401975,0.12388117975182134,17.015196,48.07964
-0.15276185,-2.8005486,0.795362,-2.5951557,0.9481238,0.20539284,-0.39488198293863697,-0.5418652526456285,0.1469832697069915,55.34278,36.072918
-1.0673089,-0.13384914,-0.96158767,-0.3014027,0.105721235,-0.16755354,0.7696493053020887,0.8499135050508215,0.08026419974873278,7.882967,39.287323
0.83032507,-1.4955014,1.0802748,-0.5790916,0.24994975,0.9164098,0.06927447552941168,0.012477512925400447,0.056796962604011236,32.375546,38.70393
1.1757299,2.1811163,0.78600526,2.603137,-0.3897246,0.42202067,-0.751061742115323,-0.9467778523758366,0.1957161102605136,25.690191,30.412153
-0.600979,-0.37968302,-0.62338084,-0.17308031,-0.02240187,0.20660271,0.9610561091299203,0.9011070381895481,0.05994907094037227,9.766237,38.463005
0.809719,2.5782425,0.59165084,2.0311916,-0.21806818,-0.54705095,-0.9412653981621144,-0.9236994811106367,0.017565917051477697,26.776243,33.677143
0.6430162,-1.873916,-0.6734185,0.7522788,-1.3164347,2.626195,-0.01818259559910107,0.38707771605612606,0.40526031165522713,156.67484,49.283077
0.18715224,-2.167163,-0.09858483,2.4487429,-0.28573707,4.615906,-0.01899801311071414,-0.839110828329173,0.8201128152184589,96.45974,43.29697
0.717128,0.21936035,0.38104415,1.7465978,-0.33608383,1.5272374,0.11941579245728828,-0.7892824597913899,0.9086982522486782,74.04511,39.259193
-0.056013905,2.285844,-0.1042541,2.6828053,-0.048240192,0.3969612,-0.8467948420480802,-0.8161177045847658,0.030677137463314352,22.835886,37.32623
-0.6065821,0.75904155,-0.4803896,-0.34915632,0.12619251,-1.1081979,0.36278377510317483,0.9591827266605968,0.596398951557422,53.942303,33.6289
-0.4688226,2.4026797,-0.10795585,1.9009836,0.36086676,-0.5016961,-0.5839503420420336,-0.6953104094610749,0.11136006741904136,34.279892,38.91337
-0.661235,1.7360437,-0.38412002,1.83977,0.27711496,0.10372627,-0.23967023991071645,-0.4942598311139941,0.2545895912032776,16.681364,41.781563
-0.36006847,-1.6703703,-0.20887129,-1.1041945,0.15119718,0.5661758,0.6123063984032342,0.8846620682518527,0.2723556698486185,32.24972,37.898235
-0.8339286,3.065345,-0.035730716,-2.7527328,0.79819787,-5.818078,-0.15469886832001878,-0.4168746295200618,0.26217576120004304,51.195675,45.57663
-0.60687244,1.0444801,-0.8864685,0.7513301,-0.2795961,-0.29315,0.15519997662822327,0.43755578678029927,0.282355810152076,20.11338,41.849224
-1.1291206,0.9507072,-0.6708264,0.32451937,0.4582942,-0.6261878,0.3945846391605752,0.6629296803158811,0.2683450411553059,33.562775,48.100082
0.664457,-2.823667,0.6246489,2.0251403,-0.039808095,4.8488073,-0.666405406740231,-0.9190785165970432,0.25267310985681224,63.41917,36.32787
-0.13510221,-0.75816584,-0.41574034,-1.4259437,-0.28063813,-0.6677779,0.9391404053648458,0.7780389755961554,0.16110142976869035,39.989132,46.513496
0.9914692,-2.8247614,0.67308134,2.0637321,-0.31838787,4.8884935,-0.650916011562984,-0.9243338482193337,0.2734178366563498,53.367958,35.906235
-0.12435046,0.41329837,-0.6288367,-0.991245,-0.5044862,-1.4045434,0.46809892384035656,0.9521437377960265,0.4840448139556699,78.12636,32.172485
-0.06557765,2.2800224,0.2323216,2.3759646,0.29789925,0.09594226,-0.8409546869767297,-0.9666444347232019,0.12568974774647224,17.919554,37.397335
0.8004441,-2.3743768,0.27131626,2.1347265,-0.52912784,4.5091033,-0.40997449066729885,-0.9316226208509484,0.5216481301836495,86.73899,35.68023
-0.2629339,-2.3816261,0.105226085,-1.7533369,0.36816,0.6282892,0.0007008959228471667,0.36765936312666625,0.3669584672038191,41.44352,32.782135
0.43841538,-0.16741991,0.11520919,-1.4126109,-0.3232062,-1.245191,0.5096538895356089,0.5991046876344992,0.08945079809889034,70.33571,35.651237
-0.649544,2.5879796,-0.1340581,-1.021325,0.5154859,-3.6093044,-0.42549938710848423,0.8889454512403994,1.3144448383488836,128.58066,35.60498
-0.20054834,-2.5281742,0.23189524,-2.5871072,0.43244356,-0.05893302,-0.15355617215455908,-0.3970206656995696,0.24346449354501054,25.002588,40.292206
0.91154015,1.4850152,0.1387694,1.934504,-0.77277076,0.44948888,-0.6636831503895602,-0.8207338401242801,0.15705068973471992,49.02565,43.057693
0.6954191,-1.8980088,-0.5723973,-0.9030494,-1.2678163,0.9949594,-0.06284977872799935,0.975588818909916,1.0384385976379154,89.74743,41.272766
1.0923359,1.1513345,0.8651456,-2.8943741,-0.22719032,-4.0457087,-0.5093309553081786,-0.6983170932285301,0.18898613792035146,60.58914,37.71255
0.69583243,-1.7945834,-0.021181872,2.1860847,-0.7170143,3.980668,0.0019614048631622083,-0.843443587038877,0.8454049919020392,121.75455,31.918879
0.3686004,2.7353046,0.5962223,3.1030924,0.22762188,0.36778784,-0.965040616325405,-0.849955429823221,0.11508518650218402,22.692883,46.616684
-0.81108636,-0.57145286,-0.33013114,-0.7718466,0.4809552,-0.20039374,0.9413417085847726,0.9851905325385459,0.04384882395377332,29.130253,34.81136
-0.4125809,1.9914596,0.20013069,1.9259692,0.6127116,-0.065490365,-0.5391732270401501,-0.8367291340264629,0.29755590698631273,35.29709,34.444473
-0.15839723,-2.5252182,-0.030156303,2.9363763,0.12824093,5.4615946,-0.17195703609547053,-0.7793275986907116,0.607370562595241,47.391777,32.311718
-0.3925397,-1.4827633,-0.22029991,-1.2087088,0.1722398,0.27405453,0.7412986347658999,0.8456518430231785,0.10435320825727867,17.907053,42.477333
0.35838723,-0.2669475,0.14206707,-1.1224511,-0.21632016,-0.85550356,0.6040012932032583,0.7272523564447209,0.12325106324146251,48.879402,32.92554
0.10429972,0.44338274,-0.91008687,-0.55860907,-1.0143865,-1.0019917,0.34075476169765473,0.9038236914099631,0.5630689297123084,75.726875,32.325657
-0.531852,1.7417591,-0.1866374,1.8173203,0.3452146,0.075561285,-0.3395905866458273,-0.6091449577597752,0.26955437111394787,20.184515,32.58107
0.847897,1.386214,0.108065695,2.1387916,-0.7398313,0.75257754,-0.6193229650965622,-0.8851922955244707,0.2658693304279085,55.87804,30.530375
-0.027152775,2.3029902,0.17935468,2.2215202,0.20650746,-0.08147001,-0.8637113429832368,-0.929565182372194,0.06585383938895717,12.711438,31.024128
0.88348806,1.4991825,0.2751856,2.0468857,-0.6083025,0.54770327,-0.6730740465490348,-0.9047058958398093,0.23163184929077452,43.004154,41.275185
0.054779384,-2.703121,-0.5156575,2.8738475,-0.5704369,5.576968,-0.41902824749134737,-0.4846849387774359,0.06565669128608853,50.66153,34.766678
1.1106626,-0.54291725,0.002448159,0.8474194,-1.1082144,1.3903366,-0.019391148357826182,0.04419537263614082,0.063586520993967,85.302475,46.747875
0.22636415,3.1171467,0.36028957,3.0368593,0.13392542,-0.08028746,-0.7934335854687774,-0.8628625026472969,0.06942891717851951,8.845044,42.120407
-0.45575458,-0.17272449,-0.44122285,-0.19355637,0.014531732,-0.020831883,0.9022372610098817,0.9090168097378672,0.006779548727985585,1.3599869,40.472633
-0.22504185,-1.6393911,-0.15252997,-1.2113298,0.07251188,0.42806125,0.5941503150186693,0.8235427563122091,0.22939244129353975,24.433668,40.49952
-1.3830863,1.8803794,-0.825555,0.3577157,0.5575313,-1.5226637,0.3124594861792176,0.6471456444383019,0.3346861582590843,43.272358,49.40189
0.15840581,2.1614115,0.17907292,2.2231798,0.020667106,0.061768293,-0.9086694703729901,-0.9298359731994985,0.02116650282650845,3.6842422,39.791355
0.5966789,0.54489994,-0.63122106,0.51769197,-1.2279,-0.02720797,-0.003064265731190119,0.537153432474831,0.5402176982060212,70.36852,41.695396
-1.2172899,-0.8962624,-0.91262096,-0.66979855,0.30466896,0.22646385,0.7300695271116364,0.906278582953167,0.17620905584153057,18.460997,32.514664
-0.9521243,-1.3887916,0.0043992377,-1.0512754,0.95652354,0.3375162,0.7621667154225467,0.8236678676609552,0.061501152238408574,57.067963,33.499676
-0.299243,0.27936387,-1.0707932,0.060420603,-0.7715502,-0.21894327,0.6279356530063822,0.7190205819787353,0.0910849289723531,45.098167,46.134182
-0.97345173,-1.7195405,-0.13776009,-1.2765447,0.83569163,0.4429958,0.6289837236026594,0.7874219794336597,0.15843825583100024,51.910847,38.232292
-0.23793428,1.0585268,-0.057008486,2.6126802,0.18092579,1.5541534,-0.029633077190112544,-0.8520548820537477,0.8224218048636351,88.305145,30.070023
-0.8356576,-0.95739627,0.6358709,0.6062564,1.4715285,1.5636528,0.912046367588923,-0.06629307182020305,0.978339439409126,115.89016,39.57391
-0.2953737,2.9674551,0.9227757,-2.9123034,1.2181494,-5.879759,-0.613434990892447,-0.6982603652318549,0.08482537433940784,72.600975,41.168446
0.467865,1.9725969,0.28846446,2.2342072,-0.17940053,0.26161027,-0.9041374400846731,-0.9590024855952635,0.05486504551059035,17.285328,45.986614
-0.8173168,-3.079594,0.25507975,1.4485229,1.0723965,4.5281167,-0.11699661167170339,-0.5652356194402066,0.44823900776850323,107.77795,35.66878
0.07461938,-2.371485,0.08776091,-2.5398054,0.013141528,-0.16832042,-0.147593360276975,-0.2989695109159429,0.15137615063896792,9.641573,48.703648
-0.117084086,-2.7938132,0.62137747,-2.7126908,0.73846155,0.0811224,-0.40828852971033136,-0.5938327326873765,0.1855442029770451,42.536278,45.09598
-0.6020858,1.773843,-1.0164701,0.21889889,-0.41438425,-1.5549442,-0.3027473125119009,0.6837609775875682,0.986508290099469,60.76259,35.36966
0.22525708,-0.7740514,-0.23736227,-1.1420027,-0.46261936,-0.36795127,0.7594123667856891,0.878084250739553,0.11867188395386385,33.74964,33.073624
0.5094987,2.6652615,0.6723668,3.026557,0.16286808,0.36129546,-0.9845866393330507,-0.8756070503022282,0.1089795890308225,19.494648,35.4176
1.1840442,1.0912845,0.9757486,-2.7686567,-0.20829564,-3.8599412,-0.48881313083257627,-0.6295400166833174,0.1407268858507411,52.571392,42.329845
-0.45899627,0.042911768,-0.5059994,0.43302175,-0.04700312,0.39011,0.8045792969802334,0.5710651951957573,0.23351410178447618,19.951874,35.043705
-1.0358865,0.76144814,-0.16218852,-0.6777592,0.873698,-1.4392073,0.4562570682119578,0.9510821010373807,0.4948250328254229,78.174576,47.608692
0.55792516,-0.5143151,0.062166397,-1.1832738,-0.49575877,-0.66895866,0.5018604992437279,0.7452631436298232,0.24340264438609527,45.804123,32.75069
-0.0129895285,0.82652545,-0.8512948,1.1178803,-0.8383053,0.2913549,0.06980064057419,0.2173006283765897,0.1474999878023997,50.137104,45.719795
0.026622817,-0.19030833,0.0127295265,-0.8321697,-0.01389329,-0.6418614,0.7749738847691896,0.8715018064530593,0.0965279216838697,36.776886,36.595226
0.36332384,1.7068751,0.0028720596,2.0550537,-0.3604518,0.34817863,-0.7637013108156205,-0.8149019571020792,0.051200646286458706,28.399755,48.877453
0.04149841,2.6327446,0.1668034,2.7626672,0.125305,0.12992263,-0.8951413207056387,-0.9150488324504629,0.01990751174482419,10.309426,31.675623
0.30842477,1.5232055,0.37170586,1.9290457,0.06328109,0.40584016,-0.6344606707773366,-0.8766418794030635,0.2421812086257269,22.197393,47.86024
-0.93675214,2.7371747,-0.74107003,0.089151144,0.19568211,-2.6480236,-0.13837923510312145,0.7840342948099273,0.9224135299130487,80.85205,41.693832
-0.726547,-0.42580223,-0.6152006,-0.40131623,0.11134642,0.024486005,0.9487421699283782,0.9638604507156838,0.015118280787305594,6.473387,30.80111
-0.54451925,-1.916866,-0.22275844,-1.5833899,0.3217608,0.33347607,0.4811386099922714,0.6325516243239646,0.15141301433169319,25.481813,30.342926
0.4250443,-1.1989704,-0.2028056,0.31594354,-0.6278499,1.514914,0.5109222134140161,0.5712114143271165,0.060289200913100416,91.90351,37.153015
-0.2813395,-2.8282971,1.0327275,-2.6563036,1.314067,0.1719935,-0.3442822011010538,-0.5765121977582828,0.232229996657229,75.720375,32.057304
-0.60909545,1.1354487,0.2741773,-2.054216,0.88327277,-3.1896646,0.09112790807692228,0.03656700253256062,0.05456090554436166,160.65224,34.680458
1.1380901,2.930826,0.93464273,2.473124,-0.2034474,-0.45770192,-0.749843728969426,-0.8967493047507471,0.14690557578132113,17.496857,40.491383
-0.83067113,0.639694,-0.93686825,0.16265453,-0.10619712,-0.47703946,0.491843855018967,0.7226642350265164,0.23082038000754945,18.236727,45.983597
0.16646859,-0.33257008,0.11260512,-1.1111469,-0.053863473,-0.77857685,0.7503729556628933,0.7479344449609107,0.0024385107019826435,44.25465,49.779915
-0.28989026,2.0734622,0.0061788517,2.118425,0.29606912,0.044962645,-0.6547788656945013,-0.8374221395117518,0.18264327381725054,17.15266,47.85389
-0.35621426,0.34525514,-0.79471326,0.12286687,-0.438499,-0.22238827,0.5974884871358679,0.7630201981267941,0.16553171099092623,27.22432,36.315098
0.71915793,-0.3220458,-0.13022514,-1.7119687,-0.84938306,-1.3899229,0.32604724567783094,0.5059149597161889,0.179867714038358,87.211365,39.515244
1.4095191,-0.7015679,0.76906765,-2.7707205,-0.64045143,-2.0691526,-0.30982643877858607,-0.6403118184150998,0.3304853796365137,50.854763,35.952663
0.6703212,-1.6130261,1.4042459,-3.0682218,0.7339246,-1.4551957,0.12558170725253182,-0.5603140902705752,0.685895797523107,51.124832,33.844353
-0.13886742,1.0818961,-0.6400929,1.9311538,-0.5012255,0.8492577,-0.09711955543957096,-0.3382738675439594,0.24115431210438842,52.60148,46.83008
-0.66372055,-1.7560133,-0.15766177,-1.1313431,0.5060588,0.62467015,0.61011655677299,0.8588482575008278,0.2487317007278378,43.30162,41.64612
0.82225335,0.45235062,1.1305987,-1.9625504,0.30834532,-2.414901,-0.07492880411220071,-0.309844348646128,0.23491554453392727,63.506863,47.711212
-0.59915507,-0.66040754,-0.39537078,-1.0596737,0.20378429,-0.39926612,0.9924010532413519,0.9359818659301755,0.056419187311176344,23.16648,38.938408
-0.5362691,-0.46625972,-0.19296645,-1.0770353,0.34330267,-0.6107756,0.9820288567345727,0.8897010211910263,0.0923278355435464,37.897003,37.726803
-0.22775613,2.749571,0.16437075,2.262572,0.39212686,-0.48699903,-0.7284729828837797,-0.9331113862325431,0.20463840334876338,35.67201,48.892826
0.15176095,2.2228897,0.08634706,2.272344,-0.06541389,0.04945445,-0.9213010246461941,-0.9078502272865254,0.013450797359668698,4.686088,49.275345
-0.3030551,1.7200067,-0.09389052,1.9539852,0.20916459,0.23397851,-0.4842797257430993,-0.7269656097199713,0.24268588397687196,17.76561,47.061108
-1.172141,-1.6242745,-1.1143544,-0.23089176,0.057786584,1.3933828,0.6226151429175473,0.7656546813645977,0.14303953844705042,30.970411,49.315144
-0.8458993,1.6210954,-0.42664763,2.233525,0.41925165,0.6124296,-0.04657814615348799,-0.5969876577807831,0.5504095116272951,36.51625,38.5275
0.40185788,-1.2239168,-0.43456584,0.96440977,-0.83642375,2.1883266,0.5173386355105336,0.13985799368770202,0.3774806418228316,130.39372,33.567123
0.5441416,-0.10296583,0.03301312,-0.63033736,-0.5111285,-0.5273715,0.4030872399990164,0.8723325725986486,0.4692453325996322,40.886093,44.95051
-1.1639166,-3.0977874,-1.2484013,1.2152724,-0.0844847,4.31306,0.1556947066576545,0.34707581829603384,0.19138111163837934,34.684834,47.495613
-0.82048017,-2.3591835,-0.80527073,-0.28445974,0.015209436,2.0747237,0.2651738308834837,0.9005980743063455,0.6354242434228619,72.58681,39.428215
0.02405339,1.522588,-0.98314154,1.4518509,-1.0071949,-0.07073712,-0.5302611495799003,0.12254807949689805,0.6528092290767984,57.801907,31.618923
0.34964353,2.9084618,0.10618413,1.8637539,-0.2434594,-1.0447079,-0.9127436593888234,-0.7752143876201512,0.13752927176867225,59.640697,35.080933
-0.19394107,-1.9413872,0.11985828,-1.508373,0.31379935,0.43301415,0.34754224021708957,0.5367424276319963,0.18920018741490674,30.542452,46.673435
-0.044952393,-1.0957603,-0.118056834,-0.9905427,-0.07310444,0.105217636,0.8300379705839998,0.8922430494409905,0.06220507885699078,7.32322,33.8692
-0.19955337,-1.7554224,-0.7519996,-2.167439,-0.55244625,-0.41201663,0.49909464731182673,0.36225184203652105,0.13684280527530568,37.68917,39.365517
0.9491865,-1.4163444,0.62368286,-1.5725851,-0.32550365,-0.1562407,0.008126924562878557,0.18057850534084569,0.17245158077796713,19.655544,33.132843
0.17534988,3.0546176,0.17056973,2.269269,-0.0047801435,-0.78534865,-0.809370926665804,-0.9361989354863454,0.12682800882054135,44.290718,44.332188
-0.59642196,-0.5402703,-0.5922532,0.018513987,0.004168749,0.5587843,0.9863793645712633,0.8241883084490909,0.16219105612217244,26.416458,30.581465
-0.10610092,-2.5611732,-0.4405422,2.2137594,-0.33444127,4.774933,-0.22777815482155006,-0.582299938203672,0.3545217833821219,84.18153,42.900063
1.2517277,-1.6037732,-0.48018804,2.0877728,-1.7319157,3.691546,-0.268939938636634,-0.5198009492451359,0.25086101060850186,132.51755,47.841633
-0.26843795,2.1466873,-0.12168719,2.31523,0.14675076,0.16854262,-0.6911290537980364,-0.816073504120645,0.1249444503226087,12.659388,44.87196
0.6597891,1.3865778,0.20679902,2.0308895,-0.45299006,0.64431167,-0.6103191871304459,-0.8816915449738723,0.2713723578434264,41.917377,49.32325
-0.44615537,1.1456373,0.6369538,1.4407477,1.0831091,0.29511046,0.0016308208265503055,-0.6413968517417423,0.6430276725682926,64.07255,48.005367
0.027578274,-2.9763534,0.2663044,1.9478487,0.23872612,4.924202,-0.6071955533750764,-0.8641263973701037,0.2569308439950273,77.87754,45.420795
0.8642569,-0.7314689,0.3645195,-0.88408595,-0.4997374,-0.15261704,0.22727737420069083,0.6483680495960371,0.4210906753953463,29.464775,38.43142
0.4980112,1.0078409,-0.05759523,1.6893859,-0.5556064,0.681545,-0.3042341713367058,-0.6044733791998085,0.30023920786310265,49.183243,37.88461
-0.6270731,0.47125268,-0.9012811,0.22267367,-0.274208,-0.24857901,0.5671494098136858,0.7044531503015401,0.13730374048785432,18.702997,47.822807
-1.2848724,1.788871,0.05703059,-0.4287167,1.341903,-2.2175877,0.24496375071388776,0.834951074531284,0.5899873238173963,102.96625,47.50664
-0.38552415,-0.92948747,-0.123981416,-1.09001,0.26154274,-0.16052258,0.9688173201133381,0.8627978046391034,0.10601951547423472,17.41323,42.739075
0.15274411,-1.4717363,0.47549444,1.0881923,0.32275033,2.5599287,0.5426218814044237,-0.3588961535005062,0.9015180349049299,131.64848,34.63892
0.8892923,-1.8825709,0.6540814,-2.569438,-0.2352109,-0.6868671,-0.15849049496395295,-0.5049845781804709,0.346494083216518,30.784702,49.0404
0.94589275,1.9118817,0.6513514,2.0340447,-0.29454136,0.12216306,-0.8130331714785841,-0.9188270806451566,0.1057939091665725,17.547354,38.771114
0.8298426,-2.5570989,0.8913647,-3.0327826,0.061522067,-0.4756837,-0.5234882319080398,-0.7531620582034293,0.22967382629538946,18.006613,41.268658
0.37870672,2.3888009,0.18202563,2.4581895,-0.1966811,0.06938863,-0.9925796190463245,-0.9569817407416217,0.035597878304702846,11.896498,48.36233
0.7880053,-1.9234457,0.7092028,-2.4625044,-0.07880247,-0.5390587,-0.12800395861254987,-0.44529243596744905,0.3172884773548992,22.927301,40.35633
-1.0572603,0.40090084,-0.74015224,-0.15937869,0.31710804,-0.56027955,0.6076656967810639,0.8809076941704421,0.27324199738937827,26.532364,38.914577
-0.22334462,0.7009926,-0.29764,0.4552479,-0.07429537,-0.24574468,0.27154167723814027,0.49878891539384895,0.2272472381557087,14.249699,48.392044
-0.22241859,2.6195657,0.32388645,2.1641943,0.54630506,-0.45537138,-0.7559388389992119,-0.9495252422086935,0.19358640320948162,40.515892,32.307846
0.14021051,-0.14742923,-0.20964977,-1.3212255,-0.34986028,-1.1737963,0.69745774065525,0.7880185132080131,0.09056077255276307,69.79433,37.568405
-0.76697123,-0.94399786,-0.75534743,-0.98821473,0.0116238,-0.04421687,0.9345670366281418,0.9292903288818888,0.0052767077462529954,1.9514394,44.637432
0.77382034,-1.344289,0.17556924,-1.4729803,-0.5982511,-0.12869132,0.17710310072000013,0.5292072589660899,0.35210415824608976,34.86531,36.67532
-0.7798056,0.7278967,-0.72351253,-0.28100124,0.05629307,-1.0088979,0.4295844321108149,0.9192167003902867,0.4896322682794718,41.45883,45.84957
0.10771109,-0.49985862,-0.3185473,-0.7656227,-0.4262584,-0.26576406,0.8211856221881622,0.9839271388380872,0.1627415166499251,28.673195,40.969807
1.35507,-2.9127254,0.7757736,3.0670712,-0.5792964,5.9797964,-0.5658718130516986,-0.8454259024732462,0.2795540894215476,33.91471,33.615257
0.6998693,2.6200516,0.2917046,2.5419793,-0.40816468,-0.07807231,-0.9673780416511715,-0.9807731337391985,0.013395092088027027,23.706194,33.84427
-0.83309746,2.1765864,-0.11262877,3.0503645,0.7204687,0.8737781,-0.2330923648257066,-0.6866087129000622,0.4535163480743556,59.190033,38.99735
0.7209722,-1.7111508,-0.69400656,0.26245838,-1.4149787,1.9736092,0.03602824142854866,0.6989901853596416,0.662961943931093,130.43419,39.335037
0.91035235,0.13195539,-0.27565804,2.303629,-1.1860104,2.1716735,0.01612936474253779,-0.7187056876398188,0.7348350523823566,123.276886,47.611645
0.30292547,-0.39080858,-0.19308513,-0.9016955,-0.4960106,-0.5108869,0.678110858958739,0.9373474409395381,0.25923658198079913,40.54654,47.50951
0.335684,2.858639,0.30654034,2.7548165,-0.029143661,-0.10382247,-0.9273178627467704,-0.9513195020057932,0.024001639259022767,5.885797,38.592278
1.0466064,-1.5633156,-0.51429397,0.4610929,-1.5609004,2.0244086,-0.11722685815257716,0.5532235333028783,0.6704503914554555,128.08495,30.228878
-0.901722,2.810683,0.35192224,-2.5606332,1.2536442,-5.371316,-0.15983337850940504,-0.418450574622387,0.25861719611298195,85.060295,48.79921
1.2787194,-0.43545055,-0.98417497,-1.0963956,-2.2628944,-0.66094506,-0.19025591455488255,0.8301737524078678,1.0204296669627504,132.19992,30.490993
-0.050129306,1.1910293,-0.21298619,1.3550422,-0.16285688,0.16401291,-0.23305222904058098,-0.2860924271113596,0.053040198070778644,13.17769,30.515533
0.70959437,-1.7182667,0.33514607,0.28692898,-0.3744483,2.0051956,0.03918648531070357,0.3310536964620443,0.29186721115134073,95.00393,49.10533
0.027374348,0.22131371,-1.0164995,-0.09765376,-1.0438739,-0.31896746,0.544079472961406,0.7824181048331491,0.2383386318717431,61.553593,33.211613
0.4475223,2.797456,0.763895,2.507144,0.31637266,-0.29031205,-0.9568158261676807,-0.9584460060734834,0.00163017990580272,22.612324,41.752907
1.0811672,0.27276587,1.0681008,-2.2690759,-0.013066411,-2.5418417,-0.15978568101187562,-0.4128085896120073,0.25302290860013166,54.10586,46.766422
-0.23505619,-2.492005,1.090989,-0.7824091,1.3260452,1.709596,-0.10609613582988686,0.00110219728992611,0.10719833311981297,105.587456,40.259468
-0.9392597,2.359041,-0.6519767,2.744975,0.287283,0.3859341,-0.1515071517136164,-0.40159918621739266,0.25009203450377626,22.406958,43.892746
1.0916055,0.9914148,0.6911275,2.1015968,-0.40047807,1.110182,-0.44483838575462187,-0.9312396748943197,0.4864012891396978,43.65355,46.93281
0.20687398,3.0305793,0.21589744,2.7303698,0.009023458,-0.30020952,-0.8304648939457975,-0.9368741564806342,0.10640926253483673,16.822954,42.144524
-0.7191101,1.2498338,-0.90524095,1.0057577,-0.18613088,-0.24407613,0.07180548447989565,0.30180064634966897,0.2299951618697733,14.313532,30.751625
0.2578642,1.8827679,0.40707684,2.0359926,0.14921263,0.1532247,-0.8326607037910705,-0.922211684592618,0.08955098080154755,11.906501,45.99988
-0.26423657,0.2024765,0.029241258,-0.8981506,0.29347783,-1.1006272,0.6697362628822292,0.8524014858229378,0.18266522294070864,64.56478,44.043728
0.0428499,0.91018844,1.0703714,-2.7460232,1.0275215,-3.6562116,-0.030075124829384237,-0.6077172651212726,0.5776421402918883,112.31433,33.698112
-0.38782308,1.1270449,-0.48587647,1.822187,-0.098053396,0.69514203,-0.013086915053227344,-0.41294935344145944,0.3998624383882321,36.365406,45.733902
-0.42135864,-2.7445347,0.061678085,1.3490566,0.48303673,4.093591,-0.20229505663528435,-0.4145878348242924,0.21229277818900805,123.60918,31.345537
-1.302686,-0.16407752,-1.0234749,-1.1891793,0.27921104,-1.0251018,0.6477186120984673,0.7935544902090133,0.145835878110546,26.496141,31.172058
-0.9818628,-1.3074995,-0.91499656,-0.68642396,0.06686622,0.6210756,0.7785953125825422,0.9052201966379183,0.12662488405537609,20.85095,41.621277
-0.010959964,1.0517623,0.15331458,2.55774,0.16427454,1.5059776,-0.13070308608173598,-0.9448781661260437,0.8141750800443077,86.42609,39.85105
-0.8064438,3.1238778,0.21039711,-1.1919968,1.0168409,-4.3158746,-0.15700139857340456,0.6586680020234503,0.8156694005968549,114.33935,38.071003
-0.2151523,-0.48736238,-0.03197,-0.57202435,0.1831823,-0.08466196,0.9512984473067583,0.8984638683874397,0.05283457891931853,11.543879,41.513065
-0.25022495,-2.5450761,-0.4514071,1.973931,-0.20118216,4.519007,-0.14251855279360548,-0.5036276865058866,0.36110913371228115,93.41243,35.31755
0.15369982,-1.9011213,-0.3129433,-0.07185385,-0.46664312,1.8292674,0.22439109746996344,0.8387653834983069,0.6143742860283434,106.70557,30.921047
1.4089803,-1.0921216,0.75253105,-2.5510166,-0.6564492,-1.458895,-0.3216834107713282,-0.5099083448318904,0.18822493406056218,46.552284,35.892685
-0.66824144,2.1268303,0.47522828,2.894213,1.1434697,0.7673826,-0.3730401586571048,-0.9297032104568892,0.5566630517997844,77.359726,43.196735
0.84468836,-0.82262444,-0.25320223,-0.7404435,-1.0978906,0.08218092,0.24064271756205535,0.9732404614484267,0.7325977438863713,63.04403,39.10544
-0.57962906,-1.2646477,-0.12447189,-1.0358362,0.45515716,0.2288115,0.8680040450375515,0.8811569769177723,0.01315293188022082,28.770527,37.681946
-0.7907385,2.4721715,-0.114122145,1.8779715,0.6766164,-0.5942,-0.29917817529479684,-0.6808585789002883,0.3816804036054915,48.70557,44.798347
1.3331621,1.7498381,0.422119,2.0045958,-0.91104305,0.25475764,-0.6029136113680711,-0.9125886108767638,0.3096749995086927,52.699806,48.064793
-0.39077505,-0.17721534,-0.39958107,-0.12344812,-0.00880602,0.05376722,0.8976598561165412,0.8767868213568484,0.02087303475969282,2.8875108,44.657875
-0.65929985,-0.62558603,-0.23268491,-0.4338538,0.42661494,0.19173223,0.9825199450738484,0.9460098095877765,0.03651013548607196,26.326952,30.549063
0.13690425,2.3491967,0.23363686,2.4773521,0.0967326,0.12815547,-0.9366465751260513,-0.9706913663531207,0.03404479122706938,9.097055,49.7313
0.0776439,-1.8878256,0.22612926,-1.2240541,0.14848536,0.6637715,0.27270343381932705,0.6348283596508129,0.3621249258314858,38.49159,44.770863
0.7111311,-0.6565161,0.18520656,-0.58247304,-0.52592456,0.074043036,0.3740297576299305,0.7855877137128822,0.41155795608295165,30.365313,31.302734
-0.023678012,0.6208267,-0.5846309,0.4902191,-0.5609529,-0.13060763,0.2543463239856152,0.5472077169380771,0.29286139295246194,32.897022,43.867817
0.15671292,0.16551375,-0.87807465,2.3176608,-1.0347875,2.152147,0.5157653731586089,-0.2083037890077435,0.7240691621663524,117.80796,33.72427
0.6511759,-1.2977931,0.3286666,-1.3061545,-0.32250932,-0.00836134,0.29520736501686606,0.5298267970559536,0.23461943203908753,18.483168,43.083244
0.47693732,1.7338312,0.32175127,2.083723,-0.15518606,0.3498919,-0.7959502638060147,-0.9262143239826042,0.13026406017658942,20.459995,47.771263
-0.32080692,0.491894,-0.4283294,0.038155157,-0.10752249,-0.45373884,0.4780609324778098,0.8032288356743031,0.32516790319649336,24.922768,34.44677
-0.5472351,0.64865303,-0.94800377,0.0006040112,-0.4007687,-0.648049,0.42613693928340624,0.7777363465227374,0.35159940723933114,34.937897,41.640377
-0.8578063,-3.048803,0.26179132,-2.0897546,1.1195977,0.9590485,-0.07253322555145147,0.012528991044288063,0.08506221659573954,80.38181,48.14485
-1.0647839,0.5191364,-0.7689482,0.0999054,0.29583573,-0.41923103,0.5604754905746923,0.7762863212020994,0.21581083062740714,22.12035,30.62082
0.9095956,0.06075096,0.36276618,-1.6759577,-0.54682946,-1.7367086,0.04372015058105827,0.2837393225619298,0.24001917198087153,79.323555,34.61865
0.3504081,-1.5682527,0.13822302,-1.1910081,-0.21218508,0.3772446,0.36418864519070204,0.7013316662527824,0.3371430210620804,24.194534,34.451508
-0.4262787,1.6041481,-0.20467162,2.0938787,0.22160709,0.4897306,-0.3352772865673711,-0.7164265857884704,0.3811492992210993,29.453209,46.83066
-0.111047074,-0.86867213,0.24187985,2.253945,0.3529269,3.1226172,0.9170961915047853,-0.952748407921284,1.8698445994260693,172.42792,36.368355
1.0958456,-1.9631494,0.7328015,-2.8756866,-0.36304408,-0.9125372,-0.29536712902603846,-0.6972016885008747,0.40183455947483626,36.597122,35.006516
0.57636046,-0.13296413,0.23873332,-1.1627189,-0.33762714,-1.0297548,0.38952818018560587,0.6533682310411084,0.26384005085550255,56.73917,35.15354
-1.037964,-2.0979364,-1.0164944,0.295186,0.021469593,2.3931224,0.46020691039659134,0.6551683720038293,0.19496146160723793,57.555332,46.850395
-0.028010573,-1.6662871,0.055267833,-1.3441591,0.0832784,0.32212794,0.49736836792393513,0.6692301754897336,0.1718618075657985,19.056524,43.44997
-0.30249897,-1.9902233,-0.053875495,-1.6622458,0.24862348,0.32797754,0.3488735210987315,0.5117042060317312,0.16283068493299968,23.30064,37.618065
0.021866394,0.5837598,-1.0035868,0.35140392,-1.0254532,-0.23235586,0.26497868327360763,0.6350103828917364,0.37003169961812876,59.716663,36.29896
-0.38982826,0.14149594,-0.7504965,-0.16740139,-0.36066824,-0.30889732,0.7387189048246698,0.8815009951810957,0.14278209035642586,25.358864,36.084473
-0.05934001,1.2448399,0.21088749,-3.1143742,0.2702275,-4.359214,-0.27402457839509076,-0.7608761482537151,0.4868515698586243,110.48943,44.92394
-0.21841195,-0.7835362,-0.07254881,-0.9661056,0.14586315,-0.18256938,0.9615941677491904,0.8816569087910366,0.07993725895815373,13.295028,34.174797
-0.74910015,0.26060677,-0.953027,-0.3616158,-0.20392686,-0.62222254,0.6997105638180594,0.8638118674725392,0.16410130365447984,25.87025,40.296917
0.4849442,2.9949424,0.71590817,2.805622,0.23096398,-0.18932033,-0.8937900636655094,-0.9338298934974301,0.04003982983192067,15.946316,33.821953
1.2792714,0.8647096,1.0262167,-2.740616,-0.25305462,-3.6053257,-0.4304713982954347,-0.6118192095845094,0.18134781128907473,46.679108,30.667477
-0.97188365,-2.9864101,-0.6102068,0.37235054,0.36167687,3.3587606,0.039605440028975814,0.6284319339459898,0.588826493917014,88.73104,49.13185
0.35720083,0.9342754,0.33420226,2.7986631,-0.022998571,1.8643878,-0.1901274826021151,-0.9447851522053714,0.7546576696032563,98.13076,31.153013
-0.66885364,0.7595546,0.05837484,-1.0433757,0.72722846,-1.8029304,0.38078479529884746,0.8001076840487769,0.4193228887499294,102.49504,35.32582
0.77857727,1.1768095,-0.13884535,1.9718958,-0.91742265,0.79508626,-0.4958008192364467,-0.710106740039425,0.21430592080297828,66.63998,35.7853
0.79759365,3.1325214,0.6760328,2.8158858,-0.12156087,-0.3166356,-0.8171924405515385,-0.9388649068566286,0.1216724663050901,15.085886,47.09897
0.112415545,1.601259,0.19002728,2.0574532,0.07761174,0.45619416,-0.6222556365723689,-0.8863739202073653,0.26411828363499634,26.207567,46.166786
0.05352,1.6089885,0.43356848,2.0375824,0.38004848,0.42859387,-0.6033733775423409,-0.9251166448869608,0.3217432673446199,32.147167,40.55251
0.27004495,0.09462452,0.0126098925,-1.1715682,-0.25743505,-1.2661927,0.494404168154154,0.7744320549196948,0.2800278867655408,72.9991,47.78334
-0.108061336,0.8062675,0.31876287,0.046630334,0.4268242,-0.7596372,0.13075922893602154,0.4913876632594447,0.3606284343234232,49.402363,48.079975
-0.78151494,-0.25496054,-0.7372428,-0.15481305,0.044272125,0.100147486,0.8995965652979736,0.8799581904283125,0.019638374869661135,4.871902,38.569798
0.06948948,3.0196183,0.4157194,2.2563121,0.3462299,-0.76330614,-0.7874874662981175,-0.9798107257685729,0.19232325947045537,46.57086,30.955341
-0.66651607,-3.131799,-0.33801404,1.3953371,0.32850203,4.527136,-0.2587834998056095,-0.24767073932666772,0.011112760478941774,86.07565,44.43178
-0.7480016,1.9351852,-0.47661698,1.8024197,0.2713846,-0.13276553,-0.24895910614937655,-0.4102186625251365,0.16125955637575995,16.730669,37.965363
0.44822446,1.4805381,0.8992795,2.5869193,0.45105502,1.1063812,-0.6390110070184969,-0.9080136787623854,0.2690026717438885,53.813385,30.560915
-0.9525318,-0.97223663,0.00022292783,-0.89275825,0.95275474,0.07947838,0.8657055434112486,0.8671328745855889,0.0014273311743402406,54.717346,47.871277
-0.45797104,-2.7665727,0.9629466,-2.9738848,1.4209176,-0.2073121,-0.1957630543962683,-0.715061517575271,0.5192984631790027,82.04764,40.71841
-0.172333,0.8904431,0.6039996,-0.23908848,0.7763326,-1.1295316,0.08560714210395304,0.4035386813864621,0.31793153928250906,75.58627,30.003302
0.13929474,-2.2314067,-0.87882286,1.8519137,-1.0181177,4.0833206,-0.05330629047305635,-0.10942011259153528,0.05611382211847893,118.60057,47.19455
-0.35549837,2.373007,-0.10551494,2.1352592,0.24998343,-0.23774791,-0.6697499017027937,-0.7866777638985596,0.1169278621957659,19.491209,41.615654
4.2796135e-05,-0.47423816,-0.16202074,-0.95281756,-0.16206354,-0.4785794,0.8713268015045728,0.9167748884559117,0.04544808695133895,28.834335,43.53984
0.59461784,-0.53675985,-0.0061062393,-1.4426299,-0.6007241,-0.9058701,0.472627577395599,0.6406528759042378,0.1680252985086388,59.49121,44.58078
-0.09744035,1.4991515,0.15280893,2.0102696,0.25024927,0.5111182,-0.45536148366814677,-0.8572559023054502,0.40189441863730346,32.527096,33.109795
0.022568474,-0.15570092,-0.5042012,-0.03162936,-0.52676964,0.12407156,0.7621867276530674,0.8452704050388126,0.08308367738574518,30.939915,33.044666
0.662085,-0.88209486,0.45204556,2.431431,-0.21003944,3.313526,0.40377050884254473,-0.999136748741094,1.4029072575836388,115.49911,30.45709
-0.65660757,1.673219,-0.5232575,1.7560723,0.13335007,0.08285332,-0.21260909790794624,-0.3531347313121085,0.14052563340416224,8.595347,43.530937
0.34261066,-2.9255955,0.11808335,3.066582,-0.2245273,5.9921775,-0.6819410426196901,-0.7837181269580369,0.10177708433834676,20.678904,46.564793
1.0908955,0.9942286,0.91873276,-2.8402889,-0.17216277,-3.8345175,-0.4458896096877254,-0.6676093325922476,0.22171972290452224,60.692646,33.15983
1.053795,2.198509,0.7727096,2.1554499,-0.28108537,-0.04305911,-0.8217920008016133,-0.9252985273975352,0.10350652659592186,16.172625,32.65185
0.17225023,-1.8294444,-0.041629728,-1.6614155,-0.21387996,0.16802895,0.2734214573629785,0.5069981028888662,0.23357664552588764,15.559698,31.137863
-0.013429687,-2.926319,1.0486538,-3.0216799,1.0620835,-0.095360994,-0.5548021968205381,-0.7086006307500319,0.15379843392949377,61.001442,37.4363
-0.44586518,-1.5341498,-0.29170313,-1.222683,0.15416205,0.3114668,0.7197604939168967,0.8573526840930636,0.13759219017616697,18.815275,33.190323
0.71530104,-1.2597402,-0.26574156,0.19718586,-0.9810426,1.4569261,0.2577991562059161,0.6736516524562619,0.4158524962503458,95.133545,40.0637
-0.25721937,-0.52833724,0.04679264,-0.9717947,0.304012,-0.44345748,0.9672152097169153,0.8268150789796374,0.14040013073727797,30.604584,49.298676
-0.11655933,-0.40026402,-0.10660673,-1.0279982,0.009952597,-0.6277342,0.9035393989639928,0.8771696424238957,0.0263697565400971,35.73967,44.352787
0.29551715,-0.6490221,-0.14736146,-1.0015118,-0.4428786,-0.3524897,0.7164661351790471,0.899218537424824,0.18275240224577693,32.291553,44.003452
0.05882138,-0.52399755,-0.22710901,-0.8461658,-0.2859304,-0.32216823,0.8504988738644492,0.95608561014709,0.10558673628264081,24.58314,49.900333
0.8237906,0.3221581,-0.6284184,1.9814467,-1.452209,1.6592886,-0.0073221479453629,-0.3656064098569569,0.358284261911594,118.679436,38.8273
-0.28194436,1.2135408,-0.4972195,1.5679487,-0.21527514,0.3544079,-0.13701473209262893,-0.26610474586170363,0.1290900137690747,22.41416,42.29006
-0.025056362,1.9580672,0.11896308,2.116914,0.14401944,0.15884686,-0.7634030038031412,-0.8826549469803959,0.11925194317725474,12.271778,42.70377
0.12071365,-2.0307264,0.40566078,-1.5340444,0.28494713,0.49668205,0.13081192273956788,0.3508354232156694,0.22002350047610153,31.84709,37.39061
-0.2573367,0.7349007,0.34079704,-1.6624521,0.59813374,-2.3973527,0.25659727444878655,0.3063079054596227,0.04971063101083617,139.07202,37.429546
-0.4883628,-2.7335055,0.15379927,2.2893834,0.6421621,5.022889,-0.15452137028473345,-0.9343050764191254,0.779783706134392,78.76941,40.219784
-0.19448768,2.2359765,-0.027506517,2.1221256,0.16698116,-0.11385083,-0.75976632572943,-0.8228059064389999,0.06303958070956983,11.552527,32.73985
-1.2484058,-2.72323,0.43765613,-1.0183563,1.686062,1.7048736,0.30476261366305746,0.5629749721867512,0.25821235852369373,116.12585,49.54851
-0.28091773,-1.6545814,0.059790116,-1.1318058,0.34070784,0.52277565,0.6011578340716763,0.7677544194644481,0.16659658539277178,35.46996,44.374138
-0.33374715,0.017648935,-0.8502152,-0.024907285,-0.51646805,-0.04255622,0.7977775875237207,0.812200458635144,0.014422871111423263,29.656868,46.902126
-0.19690695,-1.300718,-0.094273135,-0.8666488,0.10263382,0.43406916,0.7947726259992525,0.9112929524390729,0.11652032643982047,25.284851,36.64788
1.2685746,-0.02743721,0.5844652,-3.0973127,-0.6841094,-3.0698755,-0.2262564828932887,-0.8118211122780461,0.5855646293847574,73.790565,47.637875
1.1395448,-2.4843607,-0.1062922,2.107825,-1.2458371,4.592186,-0.5051935621041128,-0.7779942395254,0.2728006774212872,98.40798,42.68904
-1.4506038,1.9667447,0.20576672,-1.1826569,1.6563705,-3.1494017,0.3617293903086676,0.6654846645594574,0.30375527425078985,108.675865,44.493057
0.94758296,-0.16126204,0.041801136,-1.2211927,-0.9057818,-1.0599307,0.0801734961077889,0.7383900252572118,0.6582165291494229,71.394646,42.707977
0.16634674,-2.5790398,0.8439605,-2.33531,0.6776138,0.24372983,-0.3647894968735024,-0.39691736230891905,0.03212786543541668,40.56205,43.2894
0.21570948,2.9864452,0.60404617,-3.0966222,0.3883367,-6.0830674,-0.8527047785399464,-0.8115801134556235,0.04112466508432289,24.564276,48.551254
0.31808862,-2.040946,-0.72225654,1.072483,-1.0403452,3.113429,0.026163934769302344,0.18757962120450067,0.16141568643519832,156.80176,47.519398
1.2458835,-2.4607742,0.95731765,-2.8852499,-0.2885658,-0.42447567,-0.4956933805763519,-0.6812486991928797,0.18555531861652774,19.55115,42.67812
-0.13042128,0.6556034,-0.26153308,-0.18160377,-0.1311118,-0.8372072,0.271500135052154,0.8757167466554625,0.6042166116033085,47.55319,37.755463
0.67025095,-2.5335407,0.5971007,2.592132,-0.07315028,5.125673,-0.4841776826642423,-0.98715952035427,0.5029818376900277,52.44416,40.326576
0.063381545,-3.038492,0.8898122,2.7000296,0.8264306,5.7385216,-0.6624024881824138,-0.900848409676863,0.2384459214944492,54.08444,48.361633
0.10689746,2.122112,0.038289532,2.259556,-0.06860793,0.13744402,-0.8798669644739041,-0.8861797927307591,0.006312828256854974,8.781564,39.41635
-0.14880739,1.2404959,-0.33923805,1.7198911,-0.19043066,0.47939515,-0.22684831186603915,-0.4610434051662331,0.23419509330019395,28.741732,40.190712
0.79127747,2.7829092,0.6336668,2.6965005,-0.15761065,-0.086408615,-0.9202960764244352,-0.9692143496942656,0.04891827326983034,9.771772,38.875004
0.7341726,1.2196825,0.4186219,2.3994703,-0.31555068,1.1797879,-0.515461033250519,-0.99636663450719,0.48090560125667103,57.936947,47.76699
0.06852959,-0.794508,-0.17684762,-0.49717847,-0.24537721,0.29732952,0.8486493343201396,0.9421302553455302,0.09348092102539063,22.03517,30.28239
0.21053946,-0.6545334,0.057890758,-1.0164269,-0.1526487,-0.36189353,0.7731642124036995,0.8087200357423456,0.03555582333864615,22.311087,46.784348
0.100486144,-2.8970246,0.36786395,2.6719599,0.2673778,5.5689845,-0.5838403005200732,-0.9771516087933794,0.3933113082733062,42.473972,41.392212
-0.36002174,-0.50316286,-0.24214065,-3.2203086e-05,0.11788109,0.5031307,0.9813784712957485,0.7849568000378494,0.1964216712578991,28.301414,30.065777
-0.34242156,-2.649078,-0.21903598,2.2482471,0.12338558,4.897325,-0.1766284521662893,-0.7467921152041868,0.5701636630378975,75.9937,32.16462
-0.043034244,-1.7196311,0.01793432,-1.3521999,0.060968563,0.36743116,0.4636227794468928,0.6828132169224392,0.21919043747554645,21.335238,42.880802
-1.3146236,0.6869781,-0.77998567,0.11481224,0.5346379,-0.57216585,0.49072929116971853,0.7683672190189048,0.2776379278491863,33.719704,39.8069
-0.7186292,0.06740713,1.1028024,-0.4886562,1.8214316,-0.5560633,0.7959136643786877,-0.014975672485790348,0.8108893368644781,107.40807,31.091145
0.076488666,-0.42518187,0.7249132,-1.5498736,0.6484245,-1.1246917,0.8241704168362265,0.1211819574037285,0.702988459432498,68.118256,32.851616
0.40781248,-1.2941083,-0.028184203,-1.4976542,-0.43599668,-0.20354593,0.48136009381250133,0.6155449530129404,0.1341848592004391,27.438477,39.702354
0.70856524,0.6972718,-0.084723435,-1.81111,-0.79328865,-2.5083818,-0.16348652309978995,0.40959982475119805,0.573086347850988,131.67963,42.25488
1.0905218,1.0792043,-0.024921352,2.0582223,-1.1154431,0.979018,-0.4803874349750954,-0.8030413785526607,0.32265394357756527,76.37572,41.379684
-0.5753347,1.7326434,-0.018007409,2.4598982,0.55732733,0.72725487,-0.30291958077896464,-0.8802950075956444,0.5773754268166797,50.47324,32.72233
0.7897394,-2.337789,0.9683456,-2.7207181,0.17860621,-0.3829291,-0.3846813256720161,-0.6091863294790381,0.22450500380702199,17.215553,48.834404
0.88095224,2.0136564,0.83905756,2.4585297,-0.041894674,0.44487333,-0.8615228270036503,-0.9348608169166734,0.0733379899130231,16.717875,49.94424
-0.26816756,3.13152,-0.097737744,2.0387654,0.17042981,-1.0927546,-0.5543253019222558,-0.7590666492984504,0.20474134737619454,62.13841,33.42343
-0.5512879,3.0156934,0.828129,-0.3457469,1.379417,-3.3614404,-0.4066968337686063,0.23152880667185727,0.6382256404404636,161.45209,46.31349
-0.16331142,-1.3785274,-0.14729054,-1.0309598,0.01602088,0.34756756,0.7417346179362072,0.8904676772010305,0.14873305926482328,19.69328,45.071728
-0.34977725,2.876557,0.19577812,1.9400096,0.54555535,-0.9365475,-0.6095105711704294,-0.8416773138097753,0.2321667426393459,61.35418,46.961422
-1.3696187,1.5162604,0.63570607,3.000052,2.0053248,1.4837916,0.34630928652383136,-0.8889025259119525,1.2352118124357838,124.59692,46.64405
0.40479225,0.6660423,-1.2973275,-2.117696,-1.7021198,-2.7837384,0.007596772108254157,0.4714263619481809,0.4638295898399267,127.713524,44.405052
1.0482749,-2.6374946,0.7552257,-3.1348352,-0.29304916,-0.49734068,-0.5676598106216337,-0.8177554146924739,0.2500956040708402,24.028116,46.074238
-1.4572891,-0.3401115,-1.0289297,0.039173305,0.4283594,0.3792848,0.5506323110411655,0.7398923110243744,0.18925999998320886,25.109701,34.634876
0.27021518,-0.37178707,-1.1605365,0.11829601,-1.4307517,0.4900831,0.6957120762214153,0.6697099920484693,0.026002084172946027,84.58644,43.163597
0.4656049,2.2431195,0.56297565,2.3199975,0.097370744,0.07687807,-0.9797298347629777,-0.9878861448018377,0.00815631003885997,6.768106,38.418434
1.065071,3.114134,0.75311416,2.3204389,-0.31195682,-0.7936952,-0.7451106571227436,-0.9547461947029436,0.20963553758020004,32.206234,32.827858
-1.2105715,-1.6672814,-0.83816373,0.1414518,0.3724078,1.8087332,0.5995984163042656,0.7490009536034128,0.1494025372991472,50.198055,41.53449
0.03889206,-0.038000822,-0.8286749,-0.72917277,-0.86756694,-0.69117194,0.6974632716336202,0.9375604758765697,0.24009720424294945,60.54808,35.5975
0.21781547,-0.59575033,0.111174345,2.3271601,-0.10664113,2.9229105,0.7661232529651123,-0.9252075982036443,1.6913308511687566,157.40736,39.837017
0.65513676,0.7063546,0.6681332,2.249443,0.012996435,1.5430884,-0.14477117314818244,-0.9648595568024341,0.8200883836542516,66.75277,40.8308
-0.39503798,-0.21588016,-1.03677,-0.4077416,-0.641732,-0.19186145,0.9127159426718965,0.8312186229368068,0.08149731973508967,37.58589,47.622883
0.5245174,-0.8421266,0.069560505,-1.2053447,-0.45495692,-0.36321807,0.5286202905888828,0.7317479735993793,0.20312768301049644,32.65386,37.728367
0.4041794,0.0945158,0.24877569,-1.1925006,-0.1554037,-1.2870164,0.4081110531478638,0.6345842277641012,0.2264731746162374,69.73698,40.839073
0.83508813,2.5281742,0.25587377,2.220617,-0.57921433,-0.3075571,-0.9352604361918395,-0.9493864492123052,0.014126013020465678,36.251713,46.78365
-1.0189303,-1.3923981,-0.42741483,-1.1283947,0.5915155,0.2640034,0.7406591824408202,0.916157497178153,0.1754983147373328,35.554173,41.30337
-0.2453168,1.604728,-0.15426716,1.8821454,0.09104964,0.27741742,-0.4482003484302932,-0.6606956593145288,0.21249531088423557,16.421295,45.093567
-0.7531728,0.72214127,0.08174146,-0.8116388,0.83491427,-1.5337801,0.42725150418697844,0.8397572866637146,0.4125057824767362,91.658226,39.739475
-1.005091,-3.123479,-0.87642145,0.47850963,0.1286695,3.6019886,0.019754150406886384,0.5841349413189931,0.5643807909121068,70.034485,32.96924
0.8502766,-0.37708092,0.26747307,-1.3266841,-0.5828035,-0.9496032,0.2164954573423934,0.558940333779324,0.34244487643693056,55.323166,40.757607
-0.53844,0.19506311,-0.6809954,-0.082667485,-0.14255542,-0.27773058,0.7285722317675232,0.8624892383854426,0.1339170066179194,15.356599,36.480343
-0.84143597,-2.1975687,-0.65184283,0.07697162,0.18959314,2.2745402,0.36879473933127294,0.7953734405915598,0.42657870126028685,83.712074,42.040653
1.297275,0.4459324,0.7718286,-2.8608842,-0.52544636,-3.3068166,-0.33642329967848417,-0.6886076814010371,0.35218438172255295,61.276997,45.40783
-0.3000579,2.463041,-0.06499797,2.1650374,0.23505992,-0.29800367,-0.713507430846402,-0.8163637720499457,0.1028563412035437,21.489742,33.492966
0.23181117,0.13376164,-0.9083971,-1.0408208,-1.1402082,-1.1745825,0.4934928969036241,0.8713734849550256,0.37788058805140157,87.14283,33.33164
-0.5438272,-1.1839831,-0.47670633,-0.98282135,0.06712085,0.20116174,0.9003333150154624,0.9622497758489192,0.06191646083345681,10.760458,36.76207
0.84878635,0.8694513,0.11414089,2.925003,-0.7346455,2.0555518,-0.32701905856696456,-0.8450302547965629,0.5180111962295983,102.73799,33.23894
-0.18466306,-1.0739589,-0.10180532,-0.97007924,0.082857735,0.10387963,0.8882897420775677,0.8918267352514704,0.0035369931739026583,7.564339,48.32911
-0.33290154,0.4806342,-0.9373604,-0.26364455,-0.60445887,-0.7442788,0.49061263203340566,0.8522164700417996,0.3616038380083939,47.5547,32.132763
-0.41414127,-0.3216076,0.18370536,2.8580408,0.5978466,3.1796484,0.9485360348032525,-0.8923022220396675,1.84083825684292,166.63449,33.33033
1.368778,-1.9802715,0.051196024,2.1062815,-1.317582,4.086553,-0.4027630932577324,-0.8532061852767181,0.4504430920189857,93.85588,33.83207
-0.500867,1.8888056,-0.18623322,1.8925136,0.3146338,0.003708005,-0.43176705677161387,-0.6472237062700472,0.21545664949843335,18.0283,46.84812
-0.76151186,-1.1289105,-0.618497,-0.82120466,0.14301485,0.30770588,0.8936980663327159,0.9818903570383313,0.0881922907056154,15.826357,35.538204
0.25196514,-0.41369128,-0.055004556,-0.9910497,-0.3069697,-0.5773584,0.7177469625530897,0.8679092841766507,0.15016232162356102,37.201263,41.349648
-0.07685668,0.1761229,-0.97360396,0.22470857,-0.8967473,0.04858567,0.6210223849353254,0.6908783451604261,0.06985596022510077,51.42834,45.685722
-1.1218956,2.4813511,-0.7729617,1.4525127,0.34893388,-1.0288384,0.027347865056116305,-0.014641117588533259,0.041988982644649564,37.877903,33.67689
0.105997816,-2.095397,-0.43119082,2.4443452,-0.53718865,4.5397425,0.08160850234663464,-0.6155349843982307,0.6971434867448654,101.502426,47.702217
0.12867717,0.3449607,-0.80036837,-0.47465163,-0.92904556,-0.8196123,0.4044685437141471,0.935865519695124,0.5313969759809769,67.70907,32.70629
-0.34976977,1.5183399,-0.28751066,3.0246918,0.062259108,1.506352,-0.32796102279123973,-0.5941278751030934,0.26616685231185366,81.07219,39.276203
1.1455177,-1.1973417,-0.6689667,2.2304895,-1.8144844,3.4278312,-0.10030053526694616,-0.39309857235000223,0.2927980370830561,151.094,49.792866
0.38045222,-1.9778589,-0.6188724,0.7210456,-0.9993246,2.6989045,0.04613095552725177,0.39367968181882773,0.34754872629157596,154.00186,46.561718
0.49952412,-3.1221526,0.690271,3.064396,0.1907469,6.186548,-0.820372172790321,-0.8593491625786187,0.03897698978829767,11.845464,31.762804
0.8527886,1.6973054,0.56647265,2.1123753,-0.28631598,0.41506982,-0.7642163246818643,-0.9486861956696853,0.18446987098782097,24.195219,48.08132
-0.3821018,1.8334615,-0.49012217,1.1596843,-0.108020365,-0.6737772,-0.4925841868411416,0.013270100727028833,0.5058542875681704,35.38567,38.70677
1.1253659,-0.30313087,-0.29598728,2.6312845,-1.4213531,2.9344153,-0.05659456856945155,-0.7052318055579381,0.6486372369884865,131.79915,30.05181
-0.07651163,2.460673,0.058759917,2.3373337,0.13527155,-0.123339415,-0.8510591997028394,-0.9064143429153502,0.05535514321251078,10.4847145,38.64421
-0.1716789,3.1237662,0.034583583,2.5476482,0.20626248,-0.576118,-0.6163771260419949,-0.9013222991133665,0.28494517307137157,34.929726,38.122135
0.5614468,-2.8507645,0.69460434,-3.1137683,0.13315755,-0.26300383,-0.6735610773780891,-0.8155966523802168,0.1420355750021277,14.353661,45.96553
0.26775578,-2.0731225,0.5619644,-1.5033926,0.29420862,0.5697299,0.023746679420078465,0.26269957003894673,0.23895289061886826,34.09256,36.371876
-0.9970388,-2.1445117,1.1751163,1.7021371,2.1721551,3.8466487,0.4325276197886012,-0.6696180868402875,1.1021457066288887,159.11612,32.80351
0.7016555,-2.753156,0.9310375,-3.1045241,0.22938198,-0.3513682,-0.6272747115943496,-0.7703321401173303,0.14305742852298076,18.924227,33.126556
0.30961883,0.23922467,0.42226088,-0.6526063,0.11264205,-0.891831,0.37877681267394525,0.6226381444027638,0.24386133172881852,47.897263,47.19446
-0.2204293,-0.65608716,0.022502044,-0.8626118,0.24293135,-0.20652461,0.9673477866398237,0.8621616649836334,0.10518612165619023,18.212114,35.50186
0.38847798,-1.5013388,-0.1685803,-0.5507154,-0.5570583,0.95062345,0.3820707294914363,0.9465752285559645,0.5645044990645283,62.180176,41.926662
0.097386084,-1.0988185,-0.14622277,-1.0420312,-0.24360886,0.05678737,0.7607278311168439,0.8866465458539725,0.12591871473712857,14.329921,49.175877
0.6382509,0.6359458,0.3972234,2.298088,-0.24102747,1.6621423,-0.08791367648008297,-0.9849085516920724,0.8969948752119894,80.62298,38.684555
0.14652316,1.8545549,0.13602489,2.0478287,-0.01049827,0.19327378,-0.7852099694329837,-0.8656575682660232,0.08044759883303954,10.979528,46.695263
0.5350473,0.49696374,-1.4630375,2.8311946,-1.9980848,2.334231,0.06501198094692917,0.36637726268134907,0.3013652817344199,124.81251,49.09644
-0.6498914,-0.45876145,-0.65720373,-0.21542199,-0.0073123574,0.24333946,0.9688773270290785,0.9114815283060338,0.05739579872304468,11.06701,45.06765
-0.409625,-1.4812582,-0.70855445,-0.9457967,-0.29892945,0.5354614,0.7453120625879808,0.9480625932053641,0.20275053061738335,30.888565,30.136057
0.6901391,1.9411528,0.7868304,2.5324812,0.09669131,0.5913284,-0.8838470155716163,-0.9508934264864397,0.06704641091482344,25.461834,47.59973
0.0318927,-2.725859,0.14132188,2.3129451,0.10942918,5.038804,-0.4269326543093328,-0.9337191286735802,0.5067864743642474,71.229225,34.909245
-1.097889,-3.0876472,-0.16914365,0.30285874,0.92874527,3.390506,0.10547452735887719,0.5686207087501618,0.4631461813912846,106.57538,44.63521
-1.1536824,1.4076302,-0.3998331,-0.19062534,0.75384927,-1.5982555,0.24360758671495475,0.9039157523503905,0.6603081656354357,69.77888,46.3885
-0.37177342,-2.5755928,-0.42495534,2.558559,-0.053181916,5.1341515,-0.10368689985542012,-0.6174576029678605,0.5137707031124403,60.181885,31.712547
0.55871975,2.1063797,0.23495962,2.3119373,-0.32376015,0.20555758,-0.9475325229456999,-0.9603668715337239,0.012834348588024014,21.458128,45.18158
-0.5345234,1.7808373,-0.20144068,1.8068291,0.33308274,0.025991797,-0.3570670086883414,-0.5948891001000245,0.2378220914116831,19.134056,38.219257
-0.7881662,-3.1171086,1.0579941,-2.4746408,1.8461604,0.64246774,-0.15553446396232173,-0.4994942556306423,0.3439597916683206,109.93018,36.806953
-0.5618709,-1.3233026,-0.37508807,-1.1374365,0.1867828,0.18586612,0.8425416864313151,0.907059464471244,0.06451777803992886,14.293309,40.243244
0.14648183,2.282725,0.16395819,2.2578259,0.017476365,-0.024899244,-0.9308790235333966,-0.9321199393559887,0.0012409158225921146,1.728843,38.50713
0.13301484,-0.9556427,-0.069176,-0.8925728,-0.20219085,0.06306988,0.7849755491444981,0.8968836209332176,0.11190807178871953,12.132827,44.599274
-0.6030515,-0.9615004,-0.34053192,-0.579347,0.26251957,0.3821534,0.9615843521866587,0.987186714494932,0.025602362308273285,24.530737,40.28729
0.4900686,-2.4004183,0.8952311,-2.2274947,0.4051625,0.17292356,-0.3385785168494735,-0.34902908603117666,0.010450569181703173,24.382513,42.090458
-0.32668144,2.6047685,1.0299951,2.0975232,1.3566766,-0.5072453,-0.6868999442774211,-0.8193014989615985,0.13240155468417747,81.30977,34.11316
1.2534071,-0.16655874,0.3704103,-2.6359801,-0.8829968,-2.4694214,-0.19289742027763235,-0.4830793426131397,0.2901819223355073,83.32255,34.648884
0.31155315,1.0061948,-0.5341313,1.8781185,-0.8456844,0.8719237,-0.23150939475419463,-0.40176640665849916,0.17025701190430453,68.220924,41.648106
-1.3761015,-3.0521395,-0.8973259,0.8305084,0.47877562,3.882648,0.3253518902331468,0.39595638752972206,0.07060449729657525,47.32245,33.85996
0.17823635,0.6667712,0.5895467,2.803428,0.41131032,2.1366568,0.11953985863142336,-0.9527157339054533,1.0722555925368766,109.87718,37.902527
-0.504878,0.7915683,-0.7030115,0.35670832,-0.19813353,-0.43485996,0.3047075327741062,0.6459741241744386,0.34126659140033233,23.322517,33.5126
-0.39524746,2.3188055,0.9387223,2.959508,1.3339698,0.6407025,-0.6344392966463204,-0.83308691247858,0.19864761583225965,82.73381,31.450378
-0.59020865,-0.78061986,-0.6545938,-0.8711979,-0.064385176,-0.09057802,0.9891883047664081,0.9702434464469647,0.01894485831944337,5.600737,36.202244
0.03389316,2.4203346,-0.011347429,2.4174495,-0.04524059,-0.0028851032,-0.9026950357591943,-0.8822822871165541,0.0204127486426402,2.5972903,49.314243
0.6920416,2.7126896,0.6666032,2.7626836,-0.025438368,0.04999399,-0.9566220798718632,-0.9520728358217365,0.004549244050126688,2.662563,37.16714
0.75056595,2.1129029,0.64662796,2.3346276,-0.10393798,0.22172475,-0.9217778540062724,-0.9791004494532878,0.057322595447015345,11.387332,32.49263
0.2227558,0.6402819,-0.8375631,0.8137783,-1.060319,0.17349637,0.12000689175861368,0.3909104608318117,0.270903569073198,61.393303,36.780746
-0.7519772,-1.3263706,-0.21933067,-1.1968759,0.53264654,0.12949467,0.8282848925081261,0.8505723265192184,0.022287434011092344,31.185234,49.301712
0.3459574,-1.5713843,-0.07767372,-1.0220488,-0.42363113,0.5493355,0.3649029655060192,0.8680012495465181,0.5030982840404989,39.32096,49.639755
0.2581473,-1.075252,-0.113196604,1.9223063,-0.3713439,2.9975584,0.6734514566753589,-0.7024522944277098,1.3759037511030687,168.39711,31.704197
0.19163553,2.5486248,-0.49358106,-3.0521786,-0.6852166,-5.6008034,-0.9570289709747133,-0.34914285887384366,0.6078861121008696,54.500748,31.63826
-0.45201656,2.7738855,-0.10488959,1.9463633,0.34712696,-0.82752216,-0.562427937813057,-0.7177625141381103,0.15533457632505332,49.3736,45.370987
-0.4409917,-2.0678935,-0.8033155,-0.14512017,-0.36232382,1.9227734,0.3358155841981354,0.863181310378629,0.5273657261804936,84.79568,32.680267
0.020906541,-1.5674479,-0.062127147,-1.1233615,-0.08303369,0.44408643,0.5461553500391289,0.82678955294667,0.28063420290754115,25.872604,38.69257
0.40449125,-1.7253206,-0.08497181,-1.7626104,-0.48946306,-0.037289858,0.22401084486536504,0.44825522684555974,0.2242443819801947,28.12167,44.279266
-0.21229589,0.68324304,0.17379925,-1.6434137,0.38609514,-2.3266568,0.28210587096993933,0.41479907027594365,0.13269319930600432,134.1749,37.12619
-1.4064457,0.54065895,-0.96130735,0.11610579,0.4451384,-0.42455316,0.5031690801961588,0.7345191058960476,0.23135002569988883,26.58949,45.319912
-0.51175994,3.1216729,0.030580461,2.1726375,0.5423404,-0.9490354,-0.39121786730379615,-0.8635480086665994,0.47233014136280327,60.486183,45.64163
0.6059725,2.945371,0.7923512,2.9310734,0.18637866,-0.014297485,-0.9103418450195813,-0.8850668156154224,0.025275029404158822,10.696929,34.94524
-0.32803822,-0.79234934,-0.18388964,-0.77849805,0.14414857,0.013851285,0.9829916491234272,0.9526573090691954,0.030334340054231745,8.294673,48.99586
-0.68111455,-2.743918,-0.31931627,2.4926033,0.3617983,5.2365212,-0.0428170697736352,-0.6996687263960979,0.6568516566224627,55.47247,44.46684
-0.04742421,2.3995044,-0.08240161,2.4460473,-0.034977403,0.046542883,-0.8638438212741946,-0.8477465557051369,0.01609726556905766,3.3312535,44.362972
0.5328971,-1.0883906,0.0725901,-1.2933075,-0.460307,-0.20491695,0.46730919077001154,0.6876807499452564,0.22037155917524487,28.604828,39.197674
0.37881437,-1.5923222,0.21259673,-1.2449701,-0.16621764,0.34735215,0.33073278116150107,0.6334274649865641,0.30269468382506304,21.254675,40.555546
0.55234885,1.8136098,0.43265256,2.0707388,-0.11969629,0.25712895,-0.8402439410805878,-0.9358331637358397,0.09558922265525194,14.661825,46.89889
-0.08754596,0.15697098,-0.8536267,-0.6294342,-0.76608074,-0.7864052,0.6380038676207462,0.9290866887831779,0.29108282116243167,58.102654,39.690052
-0.769847,-2.334031,0.14150327,-0.52450716,0.91135025,1.8095239,0.26116879214873023,0.8055972205540094,0.5444284284052792,105.44133,30.50183
0.30454814,0.57313514,-0.20482607,2.3443804,-0.5093742,1.7712452,0.13349580546156758,-0.7701393660606026,0.9036351715221702,104.29812,43.37525
-0.017997045,3.040538,0.35779065,2.2986784,0.3757877,-0.7418597,-0.7392254338912698,-0.9809173280190286,0.24169189412775882,46.834057,32.503864
-0.20287637,-2.6843462,0.40864584,-3.1240618,0.6115222,-0.43971562,-0.2793496428252631,-0.8112111332662167,0.5318614904409537,42.838684,35.97204
-0.06908606,1.0775816,0.6084893,-2.4772682,0.67757535,-3.5548499,-0.12634148821321212,-0.431210116419269,0.30486862820605687,142.10217,38.796875
0.5060406,-0.6336491,-0.10080013,-0.85507417,-0.6068407,-0.22142506,0.5545581476617691,0.9156344243421506,0.36107627668038145,36.850075,38.265865
-0.26400614,2.5567095,0.0042789783,1.9885954,0.26828513,-0.56811416,-0.7350328172943392,-0.7899951870581967,0.05496236976385749,35.650444,47.59406
-0.662262,0.23827147,-0.9811554,-0.57531893,-0.31889337,-0.8135904,0.7116842824791885,0.872882311546622,0.16119802906743352,35.680534,48.013622
-0.93434817,-1.9050874,-0.80161595,-0.3751068,0.13273221,1.5299805,0.5438634414311352,0.9204154816693091,0.3765520402381739,53.51023,48.728092
0.16230716,-2.8305032,0.8919552,3.0796578,0.72964805,5.910161,-0.5600994246551778,-0.8140427543046376,0.25394332964945976,45.348225,30.843214
-0.5751716,-0.6391883,-0.63475037,-0.9954853,-0.059578776,-0.35629702,0.9946983401787577,0.950426510981762,0.04427182919699568,17.100418,31.656792
-0.2450048,-1.6337533,0.51809996,2.1721854,0.7631048,3.8059387,0.6046981940305596,-0.9653100406719304,1.57000823470249,141.59972,31.754438
0.3918437,3.112357,0.7962229,3.0774016,0.40437922,-0.034955263,-0.8323517305650958,-0.8377808562255427,0.005429125660446843,23.226652,42.19947
0.006550359,1.4511087,-0.17188887,1.9123085,-0.17843923,0.46119976,-0.46954754304170443,-0.6649044150156627,0.19535687197395823,28.214596,46.707745
-0.5968501,2.3821795,-0.10312282,2.017582,0.49372727,-0.36459756,-0.47464226443004165,-0.7481802046830204,0.27353794025297873,34.259815,32.471786
0.0642944,0.8087945,0.81253314,-1.7994646,0.74823874,-2.6082592,0.04993962156576259,-0.07047885028834333,0.12041847185410592,122.97588,45.79396
0.049126476,1.9811971,0.0044463454,2.1759791,-0.04468013,0.19478202,-0.8065441488889231,-0.8528217929287933,0.046277644039870225,11.445217,44.797375
0.3045609,0.46110582,0.3476453,-1.5263091,0.043084413,-1.987415,0.22160316878431985,0.39279948541649845,0.1711963166321786,105.11695,35.22386
-0.98345774,2.7732918,0.44927573,-3.0105438,1.4327335,-5.7838354,-0.08829490965803366,-0.7548769080858708,0.6665819984278372,85.60253,35.5702
-1.1271888,0.12405777,-0.90827274,-0.12693956,0.21891606,-0.25099733,0.6807874335561888,0.8287924594275098,0.14800502587132103,14.565465,40.953053
-1.1239709,-0.09191489,-0.9569418,-0.28939864,0.16702908,-0.19748375,0.7345482771386485,0.8495794816606823,0.11503120452203386,11.114093,40.700382
0.45852613,-2.991652,0.75943375,2.4579024,0.3009076,5.4495544,-0.7452515727484164,-0.9601220583527237,0.21487048560430733,42.107365,32.98073
0.8660468,-2.533272,0.9798599,-3.0014694,0.1138131,-0.46819735,-0.5139187888101784,-0.7211966889941017,0.20727790018392334,17.314167,30.648603
0.09206432,2.5509164,0.059953697,-0.87870413,-0.032110624,-3.4296205,-0.9241628636147077,0.8408491420101436,1.7650120056248513,161.35571,42.340042
-0.15690844,1.3863623,-0.15860143,1.6743469,-0.0016929954,0.2879846,-0.33988139563801933,-0.542225509108138,0.2023441134701187,16.294275,35.06121
-0.95471853,-0.9953034,-0.852514,-0.81421,0.1022045,0.1810934,0.8611420981477629,0.9241602470682668,0.06301814892050395,8.67369,36.42192
0.92396563,2.5076315,1.23187,2.251657,0.30790442,-0.25597453,-0.9010320869292592,-0.7208623447437272,0.18016974218553194,18.83679,33.88528
0.62531996,-0.43590522,0.21870036,-1.1928681,-0.4066196,-0.7569629,0.4321693225150831,0.6532094490340299,0.22104012651894678,45.38542,49.133366
-0.22288586,-0.28014588,-0.3345797,-0.36308768,-0.111693844,-0.0829418,0.9022635921631466,0.9501568882482374,0.04789329608509085,7.861324,35.978584
-0.77444035,0.61447763,-1.0030596,0.21770102,-0.22861928,-0.39677662,0.49856087607146904,0.6872768040716077,0.1887159280001387,19.244814,32.898495
0.93620986,2.7575004,0.92809504,2.5817473,-0.008114815,-0.17575312,-0.8743179346130985,-0.8962633867236853,0.02194545211058685,6.0156507,35.368397
-0.9265951,2.9108074,-0.4846992,1.8019811,0.4418959,-1.1088263,-0.11599173928910123,-0.40411025143695944,0.2881185121478582,52.453674,40.843937
1.344214,1.9249098,0.84973454,2.7645438,-0.49447942,0.83963394,-0.6175075802710723,-0.9056531349759211,0.2881455547048488,33.80478,42.17685
0.4225322,-0.30673933,0.08738678,-1.1017438,-0.3351454,-0.7950045,0.5690059286313556,0.7649639075095775,0.19595797887822197,47.7748,48.71046
-0.41176903,-0.9596646,0.1476159,-1.3166796,0.55938494,-0.357015,0.9645410210397323,0.6353979765711717,0.3291430444685606,37.77476,36.693882
1.3366053,2.9320347,-0.09639097,1.997398,-1.4329963,-0.9346367,-0.6304529483858821,-0.743832711048519,0.11337976266263694,87.5004,41.247368
-1.3518058,1.1122992,0.03573548,-1.2107749,1.3875413,-2.323074,0.40650032968595085,0.7461326601225693,0.33963233043661845,100.55759,42.330753
-0.13692893,0.8975785,0.6516336,-1.8822478,0.78856254,-2.7798262,0.06332819259201194,-0.028500101492199725,0.09182829408421167,145.03036,39.816605
-0.21550238,0.06987095,-0.821457,-0.38061926,-0.60595465,-0.4504902,0.7378396511257126,0.91541614490556,0.1775764937798474,40.92442,31.34859
0.58118933,-1.6482975,0.3861693,-1.3623933,-0.19502002,0.2859043,0.16458317789169197,0.4622767005519961,0.29769352266030413,18.265514,40.94807
-0.9124098,0.5817485,-0.6454507,-0.84712034,0.26695907,-1.4288688,0.5319438112549637,0.9749020573406426,0.4429582460856789,56.97831,33.4801
0.7018411,-0.2908399,-0.80305064,-0.0734161,-1.5048918,0.21742381,0.3339149313093843,0.8396229266927209,0.5057079953833366,86.94067,36.174675
-0.8947898,0.6389599,-1.0445826,0.29839677,-0.14979279,-0.34056312,0.5002783641325408,0.6484651080884154,0.1481867439558746,13.89124,35.27571
-0.80887854,-0.7712774,-0.7523757,-0.3651625,0.05650282,0.40611494,0.9421799443464955,0.9317357321043325,0.010444212242163076,16.781605,49.595222
0.11440241,0.97834706,-0.3325192,-3.1071734,-0.44692162,-4.0855207,-0.12281364625995295,-0.48917867231416445,0.3663650260542115,126.02346,38.776844
0.9160059,-1.6180894,-0.76274854,-2.653958,-1.6787544,-1.0358686,-0.046908503257628964,0.06015504381368508,0.10706354707131405,108.87932,41.47603
-1.2599338,2.9931734,0.053803846,-0.04698824,1.3137376,-3.0401616,0.20107596376047554,0.6948382370126223,0.4937622732521467,110.79759,40.465576
0.24078736,-0.36226058,-0.02551455,-0.5244425,-0.2663019,-0.16218191,0.7126056277214232,0.8904363426395165,0.17783071491809332,17.822231,34.626625
-0.39223018,1.6469934,-0.1803764,1.6018796,0.21185379,-0.045113802,-0.38369055864572577,-0.48330820932912255,0.09961765068339679,12.3878565,48.7378
0.38170794,2.686888,0.5891362,2.9745207,0.20742825,0.2876327,-0.9760768527873758,-0.9012930583083705,0.0747837944790053,18.761484,32.4197
-0.26784453,-1.8416339,0.048716776,-1.141163,0.3165613,0.7004709,0.45627660181804686,0.7695833683519728,0.313306766533926,43.654514,36.81046
-0.039872363,2.7843282,0.81658393,2.7158942,0.8564563,-0.068434,-0.8260310632338541,-0.9242156729317319,0.09818460969787779,49.192657,42.749195
1.175157,2.6107724,0.91614896,2.6456795,-0.259008,0.034907103,-0.7621036871037603,-0.8963814409001518,0.1342777537963915,14.871991,38.7377
-0.82234937,0.8089168,-0.9672046,0.74375457,-0.1448552,-0.06516224,0.38997602168461043,0.4551397852151897,0.06516376353057929,8.618852,46.83222
1.4543628,3.1358526,0.66768336,2.3770456,-0.7866794,-0.75880694,-0.5364638961610143,-0.9787643666093118,0.44230047044829746,47.064575,41.75833
1.2852696,0.6789453,0.823445,-2.6510932,-0.4618246,-3.3300385,-0.3853635249875298,-0.5758944818295468,0.19053095684201704,58.953163,48.374817
-1.3063427,1.832783,0.048228133,0.017225942,1.3545709,-1.815557,0.255671843261406,0.6627658870881793,0.4070940438267733,96.30372,46.700836
-0.8116241,1.205756,-0.987466,0.5070627,-0.17584187,-0.6986933,0.14749096438678144,0.5693476773698194,0.42185671298303795,26.39601,36.55723
-0.6019443,-3.110545,0.6341716,-2.9642394,1.2361159,0.14630556,-0.2990712170261808,-0.7442763185956736,0.4452051015694928,71.253975,32.63972
-0.89392316,-0.56612134,-0.8147441,-0.8646001,0.07917905,-0.29847878,0.9108859293074882,0.932015723636276,0.02112979432878781,12.077081,41.66912
-0.73845625,-2.9105778,1.2454367,-0.5964348,1.9838929,2.314143,-0.09820791559286235,-0.15111086628073345,0.0529029506878711,142.92099,37.901215
-1.241978,-2.2681794,-0.9070188,0.51327217,0.33495927,2.7814517,0.42668620476705943,0.5668061180719732,0.1401199133049138,55.993893,33.252
1.0266361,-2.955672,0.69124913,2.1717696,-0.335387,5.1274414,-0.6929944853383652,-0.9469007120206232,0.25390622668225804,45.06878,44.694088
-0.5713652,-0.50383997,-0.7365165,-0.85498285,-0.1651513,-0.35114288,0.9848870524664992,0.9553666893392272,0.02952036312727202,18.49175,48.85365
-1.1941984,-2.8248086,-1.0634506,0.9593544,0.1307478,3.784163,0.24673402606588768,0.37439216562904676,0.12765813956315908,47.95279,41.301003
0.25053883,2.7990758,0.9659458,-2.8421555,0.71540695,-5.6412315,-0.9282271229379386,-0.6620288743346245,0.2661982486033141,49.82232,34.592995
0.010765283,2.608175,-0.035567675,2.230699,-0.04633296,-0.37747598,-0.8850513202381514,-0.8467212632408962,0.03833005699725511,21.78649,35.64319
-1.3171605,-0.30707788,-1.0413156,-0.41622645,0.27584493,-0.10914856,0.6520515230661696,0.8298949433188572,0.1778434202526875,15.962627,42.69784
-0.30278346,-2.6648655,-0.25649378,-2.7091947,0.046289682,-0.044329166,-0.21053296744518768,-0.2699867349474605,0.059453767502272825,3.6045108,48.30433
0.00080168253,2.4894245,-0.043287877,2.2522454,-0.04408956,-0.23717904,-0.8889184498378633,-0.8472415980379484,0.04167685179991487,13.818021,34.833603
-0.9377493,2.3921864,0.64226466,3.0141122,1.580014,0.62192583,-0.15462160831612692,-0.8831921990886626,0.7285705907725357,95.6193,47.53951
0.20267458,-3.1089427,0.79236865,2.547603,0.5896941,5.6565456,-0.755283621515134,-0.9485256213480984,0.19324199983296442,45.53826,36.09284
-0.16621026,-1.2584009,-0.17961486,-1.1037245,-0.013404593,0.15467644,0.806078119332204,0.8762327733257393,0.07015465399353538,8.763538,49.723507
0.78467774,1.4820273,0.50164104,1.9829493,-0.2830367,0.50092196,-0.6704532993388139,-0.9093459889341826,0.2388926895953687,27.873077,34.555725
-0.070719406,2.085395,0.33779055,2.0399966,0.40850997,-0.045398474,-0.7896119232969934,-0.9143684402376966,0.12475651694070322,23.545376,48.279926
1.0419391,0.4659171,1.3222651,-2.3585749,0.280326,-2.824492,-0.20784537347425314,-0.4695161274356918,0.2616707539614387,44.03334,45.03623
0.38290566,2.0538952,0.27246097,2.0656347,-0.110444695,0.011739492,-0.9255622047736711,-0.9105411964596382,0.015021008314032969,6.3599253,33.24022
0.58028764,0.61954856,-0.45785424,-1.2789245,-1.0381418,-1.898473,-0.04673418856491551,0.8576220878277248,0.9043562763926403,118.93279,47.211628
0.12225819,-2.811426,0.21626489,1.9823874,0.0940067,4.793813,-0.530627340584287,-0.8655482692730363,0.33492092868874934,83.97191,34.9024
-0.747149,-1.0304415,-0.07036044,-0.84599876,0.67678857,0.18444276,0.9221686879951143,0.905431328023738,0.016737359971376264,39.89908,47.010338
-0.97338176,-2.654211,-0.69830304,-0.27224252,0.2750787,2.3819685,0.17926965635402503,0.9216749489479179,0.7424052925938929,77.340385,35.3555
-1.4797204,-2.8833244,-0.571846,0.10234034,0.90787435,2.9856648,0.4082442124549912,0.7821626230953274,0.37391841064033615,62.393932,33.104465
-0.7562875,-2.9671552,0.8987604,-2.472219,1.6550479,0.49493623,-0.11361623830497702,-0.4843790329766655,0.3707627946716885,97.960785,40.10676
-0.8025557,2.688382,0.86252475,-2.4721036,1.6650804,-5.1604853,-0.27311365541775245,-0.47937745573421076,0.2062638003164583,110.50759,35.96102
0.1476979,-2.8539994,0.8459053,-3.0588455,0.6982074,-0.20484614,-0.5716502990013606,-0.7722744627685685,0.20062416376720793,41.211407,41.17707
1.1840123,2.3016002,0.83921367,2.9917848,-0.34479862,0.6901846,-0.7551024928517034,-0.8556059762221446,0.10050348337044124,27.936314,32.99444
0.60762495,-0.45919394,0.036764096,-1.6091138,-0.57086086,-1.1499199,0.4514149867103683,0.5092875960562175,0.05787260934584926,69.13368,48.38814
-0.66616744,1.2968218,0.695713,2.1585937,1.3618804,0.8617718,0.012240845999803796,-0.9433588891047346,0.9555997351045384,90.181,32.779095
-0.3304998,-0.72226524,-0.5585221,-0.74206805,-0.2280223,-0.019802809,0.9883546240221186,0.9947852224422995,0.0064305984201809,13.1045065,37.536125
-0.44733244,2.3856256,0.016478049,2.1463337,0.4638105,-0.2392919,-0.600188376819645,-0.8502424402928452,0.25005406347320025,29.695831,45.452404
-0.29414308,-0.6777582,-0.100263156,2.6812563,0.19387993,3.3590145,0.9834566900054185,-0.8185807723802938,1.8020374623857123,154.2642,47.23845
1.222387,1.301553,0.9661784,-3.0325963,-0.25620854,-4.3341494,-0.5499098603290515,-0.7358248891014143,0.18591502877236277,45.442814,33.636368
0.37292612,-0.012244463,0.121706754,-0.9338509,-0.25121936,-0.9216064,0.4867492711906896,0.7965147997502218,0.30976552855953216,52.910824,46.164925
0.9964588,0.80824614,1.5501578,-1.0926042,0.55369896,-1.9008503,-0.3413871032102307,-0.44158169249179663,0.10019458928156594,33.307034,45.114662
-0.66806996,-0.22836804,-0.5884086,-0.251303,0.07966137,-0.022934943,0.9140095444271656,0.9291431420283187,0.01513359760115307,4.686256,39.30069
0.036432933,-2.375473,-0.5182597,1.9223214,-0.5546926,4.2977943,-0.13386861654458926,-0.432325764445217,0.2984571479006277,111.57589,39.671417
-0.40841576,0.31997466,-0.9518015,-0.25887054,-0.54338574,-0.5788452,0.62800196233243,0.845570276956348,0.217568314623918,39.716377,43.82248
-0.44863877,-2.6439576,-0.7022176,1.8567656,-0.2535788,4.5007234,-0.11359001634516908,-0.25904314894555114,0.14545313260038206,82.20407,36.875168
-0.42426562,-2.6632507,0.49113643,-2.4833984,0.91540205,0.17985225,-0.14161626569814523,-0.4026717376017892,0.261055471903644,53.379677,38.865906
-0.016791895,-1.0659359,-0.20472129,-1.0146629,-0.18792939,0.05127299,0.8283661105843869,0.9128862638742312,0.0845201532898443,11.155209,42.263042
-0.059396856,-1.5847764,0.4650007,3.0780091,0.52439755,4.6627855,0.5700152137441119,-0.8572260439624575,1.4272412577065694,94.06336,42.491055
0.34955102,2.04901,0.20140642,2.2965546,-0.1481446,0.24754453,-0.9193433971118239,-0.9495253405860957,0.030181943474271833,16.057205,35.086113
0.23080213,-2.6276777,0.80417854,-3.1309178,0.5733764,-0.5032401,-0.4294033647025266,-0.8083931114558591,0.3789897467533325,40.856316,43.733215
-1.1117814,-0.18943024,-0.93721956,-0.4062535,0.1745618,-0.21682325,0.7597083747275581,0.8770898880297899,0.11738151330223179,11.85767,34.833794
-1.0872588,2.7328103,0.8980062,-2.0389748,1.985265,-4.771785,0.006956312347093707,-0.24622886939481248,0.2531851817419062,132.47173,46.943954
-0.91149735,-1.3153765,-0.7451811,-0.5997442,0.16631627,0.7156323,0.7980331310888253,0.9623270315318599,0.1642939004430346,28.865608,39.8769
-0.1475534,0.8872621,-0.25335506,1.6176403,-0.10580166,0.73037815,0.07721698290721513,-0.45189006466306725,0.5291070475702824,41.396053,31.224722
0.7264875,2.9202316,0.5758539,2.9713857,-0.15063363,0.051154137,-0.9024203962433113,-0.903018439563744,0.0005980433204326729,8.93835,45.27775
1.0317917,0.16961002,0.16314447,2.281214,-0.8686472,2.111604,-0.08962487211261116,-0.9359356839392046,0.8463108118265934,96.97001,34.551975
-0.70798934,2.0390136,-0.17058069,1.6285545,0.53740865,-0.41045916,-0.31550408427452403,-0.5063261784550404,0.19082209418051632,37.169285,36.4594
0.57268745,-1.7832216,0.43999583,-1.5277892,-0.13269162,0.25543237,0.08314025054664054,0.3321360942194431,0.24899584367280259,14.86394,41.179718
-0.73595273,-0.20460558,-0.5793365,-0.16696906,0.15661621,0.03763652,0.8957008073795194,0.9017121681248144,0.006011360745294958,9.133381,41.901825
0.9166273,2.073737,0.82734364,3.0013509,-0.089283645,0.927614,-0.8628341842760037,-0.85581693591763,0.0070172483583736955,33.780834,37.36726
-0.68818504,0.5317793,-0.76340276,0.118660174,-0.075217724,-0.4131191,0.5372536274136728,0.7684193341915271,0.2311657067778543,18.153452,37.05508
-0.137259,0.04561639,-0.8291715,-0.6626966,-0.6919125,-0.708313,0.7257671541324471,0.9383298764074013,0.2125627222749542,52.477413,48.59471
-0.36085886,3.099892,-0.38772976,2.0525913,-0.026870906,-1.0473006,-0.5096839625181009,-0.5790528836179476,0.06936892109984671,55.494217,44.58626
0.065874405,-2.0463252,0.76307535,-0.985415,0.69720095,1.0609102,0.14325204707019346,0.294242338941908,0.15099029187171453,66.579796,42.679108
0.21326706,2.326111,0.17775294,2.384098,-0.035514116,0.057986975,-0.9567451698214597,-0.9526195567061606,0.0041256131152991316,3.8420103,46.43122
0.7651948,1.8786309,0.47582033,2.2712426,-0.28937444,0.39261174,-0.8499577170575936,-0.9845667762776564,0.13460905922006283,24.544226,49.353
-0.96285576,-3.1381402,0.29636392,2.224024,1.2592196,5.3621645,-0.01975887450922413,-0.9584435552126642,0.9386846807034401,84.791275,30.91274
0.13210638,2.193207,0.08184734,2.1354742,-0.05025904,-0.05773282,-0.9080256087238698,-0.8743592778181268,0.033666330905743,4.371166,40.329853
0.24256578,-2.91947,0.88074625,2.4454985,0.6381805,5.3649683,-0.6501015179737921,-0.9191311748815032,0.2690296569077111,55.91116,39.85224
-0.44532314,0.44404674,-0.9132244,-0.4023506,-0.46790126,-0.84639734,0.5494979595795115,0.8863440381471657,0.33684607856765414,45.05253,49.958466
-0.7401908,1.8241665,-0.45893708,2.3020804,0.28125373,0.47791386,-0.21515785938393872,-0.582584552590447,0.3674266932065082,27.5581,31.63605
-1.0825847,0.74257064,-0.10972088,-1.1261387,0.97286385,-1.8687093,0.4695794564592273,0.8441861588398476,0.3746067023806203,92.30055,39.580627
-0.39978725,-0.6848564,-0.17503779,-0.9257195,0.22474946,-0.24086308,0.9970162942785095,0.927047599808013,0.06996869447049647,18.438238,40.581173
0.09847803,-1.1292174,-0.10250091,-0.90027845,-0.20097893,0.22893894,0.7486518970759697,0.9081123510492075,0.15946045397323783,17.437933,39.378136
0.53836197,2.312137,0.2497423,2.3535354,-0.28861967,0.041398525,-0.9886745064038749,-0.9687056337110072,0.019968872692867734,16.679556,46.63724
1.2125038,1.8854744,0.9640871,2.9751213,-0.24841666,1.0896468,-0.6893611082814228,-0.8198652639598834,0.13050415567846052,30.470217,37.481884
0.059473403,-2.2036645,0.8599505,-1.2493118,0.8004771,0.95435274,0.007781344445767502,0.13861173051373843,0.13083038606797093,65.06461,35.6933
0.19166419,-0.9168439,-0.07855358,-1.2261661,-0.27021778,-0.30932224,0.7591873214387199,0.7895372985065885,0.030349977067868572,23.470459,40.372593
-1.0224342,0.37024617,-0.9795553,-0.8362996,0.042878926,-1.2065458,0.6246937360409044,0.8693388931052421,0.24464515706433776,35.70518,45.315594
0.039721444,0.15776849,-0.94990295,-0.04322607,-0.9896244,-0.20099455,0.5810198801525308,0.7909030200566222,0.20988313990409135,57.499878,38.139263
0.8131392,2.026522,-0.8012816,-0.69501656,-1.6144208,-2.7215385,-0.884899015995007,0.9474736737162068,1.8323726897112138,163.40785,31.923433
0.47465163,0.32352543,0.14618562,-1.3973887,-0.328466,-1.7209141,0.22031783772258784,0.5913288085759607,0.37101097085337287,93.728546,48.5524
0.8986389,1.251869,0.54607534,2.1225295,-0.35256356,0.87066054,-0.5502514079568801,-0.9523715890049793,0.4021201810480992,41.47653,42.073376
-1.0067587,-0.43591523,-0.8439275,-0.5290063,0.16283119,-0.09309107,0.8493168826344322,0.9270969700489786,0.07778008741454645,9.858318,47.30611
-0.4978237,-0.8072376,-0.553275,-0.5879031,-0.055451304,0.21933454,0.9926751144366968,0.9943376656786089,0.001662551241912169,11.317797,45.013134
-0.3244166,2.553963,0.23987319,2.089939,0.5642898,-0.46402383,-0.6932250904542983,-0.9108432007210183,0.21761811026672007,41.615963,47.49278
-0.7052563,2.1049535,-0.114115365,1.7224139,0.5911409,-0.38253963,-0.33515095405287987,-0.5957595328354435,0.2606085787825636,39.13819,49.3254
0.48565295,0.28878975,-0.18558621,-1.9173558,-0.67123914,-2.2061455,0.2360390145870177,0.3641625241199957,0.12812350953297802,127.0102,38.87148
-1.0767069,-0.19533658,-0.8850745,-0.23631397,0.19163239,-0.04097739,0.7780121933454751,0.8649181142919575,0.08690592094648242,11.055298,36.22643
1.0049,1.7927659,0.5153812,2.144213,-0.48951876,0.3514471,-0.7585431460734458,-0.9587482582636042,0.20020511219015846,31.345827,30.537472
-0.8461415,0.4538703,-0.94412416,-0.5076101,-0.097982645,-0.9614804,0.5965956942117803,0.8854596532371932,0.28886395902541295,34.010048,35.790497
0.11162128,0.21996784,-1.030993,0.56263584,-1.1426142,0.342668,0.5032323823181253,0.5437614396053316,0.04052905728720635,67.32382,30.726995
0.055064008,-0.5218358,-0.19609082,-0.96360207,-0.25115484,-0.44176626,0.8521209064838828,0.924310487592205,0.07218958110832219,29.001554,36.82187
0.64687544,-0.6404643,0.08100592,-1.1428152,-0.5658695,-0.5023509,0.4325299865826775,0.7524913387323036,0.31996135214962607,41.767056,35.709743
-0.42537174,0.9093058,0.0036907753,0.4967003,0.42906252,-0.41260552,0.1803721864342691,0.34581222450280713,0.16544003806853802,33.600704,31.679962
-0.42109308,-2.4223535,-0.47033346,1.6260122,-0.04924038,4.0483656,0.04281893223643607,-0.3191331080615374,0.36195204029797345,108.4295,43.07313
-1.1716391,-0.25580096,-1.0192697,-0.41342494,0.15236938,-0.15762398,0.7382509829227804,0.8406139162665829,0.10236293334380253,9.636475,46.30341
-0.101703644,-2.840862,-0.028810766,1.9018595,0.072892874,4.7427216,-0.4510018014481556,-0.7359667012126185,0.28496489976446293,88.10412,45.601654
0.016631417,0.8355038,-0.43799904,0.20894808,-0.45463046,-0.62655574,0.04825863450144041,0.7064210850997803,0.6581624505983399,43.41208,41.344593
0.13317445,1.6212409,0.04365449,2.107762,-0.08951996,0.48652124,-0.6435551309178795,-0.8505156160549796,0.20696048513710008,28.22496,46.17194
0.1000704,-1.6453282,0.05752431,-1.3398596,-0.042546093,0.30546856,0.45192337380136527,0.670476729050312,0.2185533552489467,17.615488,35.62918
0.98568153,-1.4559051,-1.0408214,1.7351148,-2.026503,3.19102,-0.03444469793012228,0.06199432408138206,0.09643902201150434,176.50412,49.063187
-1.2077094,-2.886237,-1.2436023,2.7744217,-0.035892844,5.660659,0.23926009023128936,0.16167764438305587,0.07758244584823348,12.05617,37.710476
-0.82621694,2.7881696,-0.2509948,1.7258593,0.57522213,-1.0623103,-0.23477321021731967,-0.5199181683733594,0.2851449581560397,59.85244,40.225334
0.030792452,-2.9398892,0.09458301,2.1354246,0.06379056,5.0753136,-0.584154494575805,-0.8792184689420477,0.29506397436624265,69.13524,35.87757
0.032626577,1.3749669,0.06948083,2.1613805,0.036854252,0.78641367,-0.4224005856650406,-0.8767336810238389,0.4543330953587983,45.043186,38.97872
-0.1114092,1.5554388,-0.11196449,1.9472646,-0.0005552843,0.3918258,-0.48845975287334015,-0.7143458073715907,0.22588605449825055,22.308308,41.494717
0.6748104,0.08095002,-0.42459673,0.86155313,-1.0994072,0.7806031,0.21978009645448093,0.21870950374876585,0.0010705927057150788,75.63254,47.05169
0.7112988,0.38936138,-0.44319445,-0.34380168,-1.1544933,-0.73316306,0.028839760827397143,0.956507150893481,0.9276673900660839,76.78819,37.789738
-0.16126923,-3.1151876,0.6526258,2.05876,0.81389505,5.1739473,-0.5980054100903593,-0.9258290952353239,0.3278236851449645,75.420654,40.158134
0.4417854,0.3333547,0.14278302,-1.6171157,-0.29900238,-1.9504704,0.23420675495135868,0.4502145202379064,0.21600776528654775,105.71099,42.923874
0.06720415,0.26821518,-0.6321171,0.14341061,-0.69932127,-0.12480457,0.49178118869831167,0.7622337122572111,0.2704525235588995,40.622265,32.977676
1.0191633,-2.9004464,0.9145144,2.7107062,-0.10464883,5.6111526,-0.6749972920384302,-0.889744499755615,0.2147472077171848,22.332306,45.291676
-0.77120876,-3.0851874,1.1376843,-2.303068,1.9088931,0.7821195,-0.15588499729084582,-0.4384294483083728,0.282544451017527,114.780464,36.078415
-0.11518877,0.79602027,0.4672989,-1.0322833,0.58248764,-1.8283036,0.1429452087475056,0.5360993594407564,0.39315415069325077,106.11913,39.735424
-0.2377699,-2.9929836,0.7807147,3.092471,1.0184846,6.0854545,-0.4806637049260072,-0.8352972782724448,0.35463357334643764,59.25596,38.336765
1.2334813,2.2109096,0.88362443,2.3798158,-0.34985685,0.16890621,-0.7169635501519682,-0.9159017726742871,0.19893822252231885,20.538898,46.721264
0.2919304,-2.645092,0.8541406,-2.7119055,0.5622102,-0.06681347,-0.464895746582922,-0.6093889124289156,0.1444931658459936,32.362823,49.81353
0.074796066,-2.250654,-0.18906379,-2.4707365,-0.26385987,-0.22008252,-0.04089832544607219,-0.11078403477286436,0.06988570932679217,19.649725,43.65309
0.40998122,1.8893616,0.14563324,2.3343534,-0.26434797,0.44499183,-0.8645696083348415,-0.9378649037383955,0.07329529540355395,28.730162,42.661106
-1.2241827,1.1240437,-0.09139676,-0.20540853,1.1327859,-1.3294523,0.363624075309918,0.8321157633605694,0.46849168805065133,80.40415,35.6017
0.80451083,-2.1019905,-0.5401789,1.992188,-1.3446897,4.094178,-0.24357789991504042,-0.4413348093773628,0.19775690946232238,135.66216,39.266632
-1.02277,2.431708,0.8096,-0.8666116,1.83237,-3.2983198,-0.07141496542012149,0.2696018955689343,0.3410168609890558,166.64568,43.488457
-0.06116054,2.5849016,0.42866707,2.62986,0.4898276,0.044958353,-0.8531226216540162,-0.9884636263662347,0.13534100471221855,28.176569,38.09073
0.29497737,1.8713691,-0.0237969,2.0856292,-0.31877425,0.2142601,-0.8361202978267634,-0.81300082452559,0.023119473301173477,21.913528,33.64726
0.58156705,0.41906738,0.46926895,-1.2967976,-0.1122981,-1.715865,0.09068267576841471,0.4357639353045881,0.3450812595361734,81.91218,45.922653
-0.42989525,0.59981155,-0.81231475,0.34455803,-0.3824195,-0.25525352,0.42873749983591125,0.6542925046922647,0.2255550048563535,24.83699,33.99737
-0.69449234,0.6276839,-1.0591946,0.4231252,-0.36470222,-0.20455867,0.47603011719693455,0.5988374727756796,0.122807355578745,22.121555,41.761333
0.63612556,-2.760496,0.9058572,2.6171567,0.26973164,5.3776526,-0.6259089400049298,-0.9031297412212922,0.2772208012163624,39.296227,48.66225
0.099935256,0.6746745,-1.4967618,-0.75653046,-1.5966971,-1.431205,0.15048550026369867,0.5226750536553397,0.37218955339164106,95.120766,30.48651
-0.20462547,-0.7004106,-0.28997383,-1.0312831,-0.08534835,-0.33087254,0.9630011863607173,0.9284370552226235,0.03456413113809376,19.008875,43.12352
0.58175236,-0.6009238,-0.120397374,-1.2159332,-0.70214975,-0.6150094,0.48874262663746926,0.8101913175451791,0.3214486909077099,52.30389,48.850056
1.3416147,1.884628,0.7944252,2.4051456,-0.54718953,0.5205176,-0.6148129291455775,-0.9485214771442614,0.3337085479986839,33.60136,47.610153
-0.33226588,-0.11228728,-0.47806707,-0.20229596,-0.14580119,-0.090008676,0.8612974094396142,0.9144115312407761,0.05311412180116193,9.601299,42.602016
-0.09425763,-0.7367377,-0.47519767,-1.2050741,-0.38094005,-0.46833634,0.9261009276914898,0.8904955724313837,0.03560535526010611,33.592697,39.305077
1.0662581,-1.788913,0.61426896,0.6718119,-0.4519891,2.4607248,-0.21279607370243392,-0.10103674533337781,0.11175932836905611,78.603775,42.020336
-0.29194748,-1.773074,-0.032464128,-1.435113,0.25948337,0.33796108,0.5174714822909285,0.6570406228146846,0.13956914052375602,24.164001,45.723515
1.1753098,0.4744513,0.52039534,-2.596881,-0.65491444,-3.0713322,-0.2821830325332364,-0.4950369108381061,0.21285387830486968,82.79563,47.67464
0.1854122,-2.1939516,-0.88218814,0.52743614,-1.0676004,2.7213879,-0.04154577857830688,0.5587148258717054,0.6002606044500123,135.44528,38.4105
-0.42580888,0.76913285,-0.083597034,-0.06537408,0.34221184,-0.8345069,0.29371715116459995,0.7657065563438192,0.4719894051792193,49.914345,35.103706
0.71297383,-1.0371234,0.06464055,-1.3588108,-0.6483333,-0.32168734,0.3281766227987948,0.6563887658900267,0.3282121430912319,40.679237,33.537434
-0.83855766,-1.1027529,-0.90306944,-1.117764,-0.064511776,-0.015011072,0.8808875968478898,0.856587371278561,0.02430022556932876,3.7374833,41.340836
-1.0551866,-0.42078638,-0.75291526,-0.8343484,0.30227137,-0.413562,0.8232363823368951,0.9534749540017984,0.13023857166490327,22.432335,39.489582
-0.39101848,2.752169,0.858392,2.48924,1.2494105,-0.26292896,-0.6142622179687223,-0.9277419584957407,0.31347974052701844,72.83568,33.267277
-0.77971506,-2.19681,-0.041311618,-1.5444623,0.73840344,0.6523477,0.351591006465247,0.5900964364595983,0.23850542999435131,53.5836,44.877323
0.43934378,-1.5318308,0.36460632,-0.63467646,-0.07473746,0.89715433,0.33011013735193684,0.6662550216516543,0.33614488429971745,47.2229,45.72851
0.14261933,1.3506992,-0.16312625,1.9103804,-0.30574557,0.5596812,-0.44959637435481525,-0.6690722896836174,0.21947591532880217,36.428234,42.84736
-0.3724099,-0.4045396,-0.01153604,0.886687,0.36087388,1.2912266,0.9651039157612367,0.015726388308635153,0.9493775274526015,74.85828,30.059954
0.6294415,-0.24186707,-1.0317259,0.67355585,-1.6611674,0.9154229,0.38299114624456454,0.49514628090976665,0.1121551346652021,104.61417,34.012577
-0.8503465,2.8636668,-0.60317534,2.0848403,0.24717116,-0.7788265,-0.1967838337290413,-0.4184495380601234,0.22166570433108213,35.610527,38.85541
1.000279,1.645695,0.26495934,2.0104847,-0.7353196,0.36478972,-0.7120287055409944,-0.8890862196714444,0.17705751413045,44.982765,36.3525
0.23385423,2.7631795,0.5371622,2.738081,0.30330795,-0.025098562,-0.9336890667376103,-0.970713882302352,0.03702481556474169,17.428713,42.07582
-0.4366608,-0.3648119,-0.35532373,-0.27714044,0.081337065,0.08767146,0.9614289923561543,0.9284684626064781,0.032960529749676226,6.57089,48.107464
0.8474261,2.0863392,0.24678053,2.3059382,-0.6006456,0.21959901,-0.8892948450330547,-0.9623291882509459,0.07303434321789126,35.947372,38.78152
0.7641555,2.1619594,0.8015105,2.814256,0.037355006,0.65229654,-0.9287808693047008,-0.9111251561891418,0.017655713115559024,26.337885,43.296658
-0.087397575,-2.6227005,-0.058206677,-3.0806625,0.029190898,-0.45796204,-0.28799890179823606,-0.6325183525769902,0.3445194507787541,26.220995,38.46985
-1.2317348,2.867946,0.5871384,0.1389659,1.8188732,-2.72898,0.15991886552635526,0.25548477215006526,0.09556590662371,140.90521,43.104134
0.15462017,1.8009727,-0.13625364,2.0710287,-0.29087383,0.270056,-0.7598467739561201,-0.749336563571104,0.010510210385016094,22.703592,34.86995
-0.010762303,2.2510026,0.20841703,2.1750515,0.21917933,-0.0759511,-0.8626703972128169,-0.9270006129383859,0.06433021572556896,13.2808075,31.444462
1.023346,-1.4623058,-0.09455006,1.2189308,-1.117896,2.6812367,-0.06581456120917073,-0.23545514729372563,0.1696405860845549,123.01458,35.81654
-1.2761356,-1.5086428,-0.92643785,-0.7672085,0.3496977,0.7414343,0.6116555093457959,0.897954670198926,0.2862991608531301,26.660133,47.51954
0.03083372,-1.6101878,0.062431403,-1.3378701,0.03159768,0.27231765,0.5113412517655267,0.6691169570660613,0.15777570530053464,15.689739,43.736824
-0.06614608,-0.98633647,0.069074765,-0.8557285,0.13522086,0.13060796,0.8737383860981396,0.8401090736699137,0.033629312428225866,10.767499,30.857595
0.09858261,-0.17160821,-0.3771234,-1.0017092,-0.47570598,-0.830101,0.7307091177828484,0.9506845371420312,0.21997541935918274,53.97832,34.57744
0.97784173,-2.6287065,0.8570147,-2.81996,-0.12082702,-0.19125366,-0.5669376471622289,-0.6638296443522638,0.09689199719003483,9.585336,49.02535
-0.9650927,1.1602719,0.36571157,-0.7217332,1.3308043,-1.8820051,0.24589354772459338,0.6650092788735762,0.4191157311489828,117.18103,36.95785
0.19733971,-1.3190966,-0.008068321,-1.2139081,-0.20540804,0.10518849,0.6056134979347219,0.7652406848724613,0.15962718693773947,13.205226,34.842854
-0.28851593,-1.4507171,0.03516636,-0.99862635,0.32368228,0.45209074,0.7371189278942207,0.825210505317461,0.08809157742324025,31.589998,44.421463
-0.15099028,-2.3843093,-0.27153552,-0.43646267,-0.12054524,1.9478467,-0.054650424081744475,0.9554121806286151,1.0100626047103596,108.07794,35.849377
1.2357935,-2.8515663,0.91830975,3.0399554,-0.31748372,5.8915215,-0.5999466227679608,-0.8183384279114416,0.21839180514348078,20.786726,35.941708
0.60760695,-1.2073822,0.32906106,1.5335188,-0.2785459,2.740901,0.36598244271802827,-0.6470917246478145,1.0130741673658428,122.06852,43.409176
1.1496298,-1.4823532,0.2624619,2.2028294,-0.88716793,3.6851826,-0.16784322391776874,-0.9469633158346085,0.7791200919168397,95.80414,37.145348
-0.46124488,-0.8158264,-0.25870347,-1.0393097,0.20254141,-0.22348332,0.9917117707779006,0.9192391054941265,0.07247266528377416,16.658638,48.43473
0.35673758,0.7167392,-0.9111614,1.1661168,-1.267899,0.44937766,-0.00961164670364667,0.218199253033438,0.22781089973708468,76.03822,32.093792
0.93992776,0.8911531,1.5367706,1.2208979,0.5968428,0.32974482,-0.36637022976755773,-0.4677425520237963,0.10137232225623855,34.306625,49.349014
0.22750552,-2.1972234,-0.56200063,2.0205183,-0.78950614,4.217742,-0.06363806033174058,-0.4333045077740145,0.36966644744227395,120.7667,32.0469
0.7826989,-1.1869727,0.37621406,-1.2222612,-0.40648487,-0.035288453,0.22523218458091776,0.5362941591247168,0.311061974543799,23.349297,45.961597
0.16808654,-0.9023733,0.042747874,-0.979212,-0.12533867,-0.07683867,0.7764385346400857,0.8268551756529687,0.05041664101288301,8.409173,48.48838
-1.1535873,2.1014698,-0.71489227,0.87479925,0.43869507,-1.2266705,0.0830600397406478,0.31637504351092893,0.23331500377028114,45.368618,40.016155
0.99994415,2.050431,0.9011272,2.4034343,-0.09881693,0.35300326,-0.8244626376819486,-0.9098849515012404,0.08542231381929177,12.982242,48.38696
0.68668336,-2.6412387,0.8891714,3.0190504,0.20248806,5.660289,-0.5570633156768405,-0.8334153268142321,0.2763520111373916,27.369665,32.208855
0.33512464,-1.4827306,0.031010082,-1.4057835,-0.30411455,0.07694709,0.4276965628750271,0.645698776970592,0.21800221409556486,17.951172,48.154137
0.45508757,0.37279367,0.2801058,-1.5262372,-0.17498177,-1.8990309,0.19905242000893253,0.4344631206142666,0.2354107006053341,99.01902,35.36009
-0.26304072,2.0932515,-0.075979866,2.1342163,0.18706086,0.04096484,-0.6790208157658668,-0.8021050069803124,0.12308419121444558,10.9638815,47.26007
0.33400795,-1.7310303,0.11194752,2.2107832,-0.22206043,3.9418135,0.26115465253475545,-0.9050503783254609,1.1662050308602163,128.12009,44.984722
0.18541996,-1.1910594,-0.14454128,-1.206305,-0.32996124,-0.015245676,0.6740889815342754,0.8230811616684193,0.14899218013414384,18.925364,32.154648
0.68065447,-1.5806613,0.75772727,-1.9055593,0.0770728,-0.324898,0.13634593926806982,-0.10123379219106354,0.23757973145913336,14.648124,49.384296
0.06629757,1.3357003,-0.28013626,3.058967,-0.34643382,1.7232668,-0.405890980248091,-0.5830719859745503,0.17718100572645934,99.43659,33.251354
0.2225963,0.18244457,0.13662346,-1.152064,-0.085972846,-1.3345085,0.4677358413216455,0.7186399701845865,0.250904128862941,75.15177,42.11321
0.20739815,-1.5098596,-0.33494538,-1.8977402,-0.5423435,-0.38788068,0.48770664901932204,0.43488752779485473,0.0528191212244673,38.015327,42.227882
0.9350399,-2.2845612,0.69809985,-3.1347554,-0.23694003,-0.8501942,-0.3907023042997313,-0.8243939089014894,0.43369160460175815,35.181793,32.151108
0.5324762,-1.3744345,-0.034005575,-1.3811034,-0.56648177,-0.0066689253,0.3518804511464042,0.6899061857039519,0.3380257345575477,32.459057,37.94704
0.7847138,0.12978625,0.7003017,2.629472,-0.0844121,2.4996858,0.11322483777894776,-0.9662932108893703,1.079518048668318,88.73831,49.46381
0.69141996,0.82705307,0.17281884,1.7408711,-0.5186011,0.913818,-0.24348001245754602,-0.7321841579829611,0.4887041455254151,55.03281,36.63083
0.4078704,0.3957951,-0.06870893,-0.48057514,-0.47657934,-0.87637025,0.21117855470460967,0.9018521733783178,0.6906736186737081,56.02508,37.841923
-0.5722325,-0.81374097,-0.512297,-1.0594627,0.05993551,-0.2457217,0.9879402220477189,0.9420325029837162,0.045907719064002706,12.527094,45.447964
1.0658612,-1.3340379,-0.64992934,2.5947814,-1.7157905,3.9288192,-0.06202200086361698,-0.42456657870517134,0.36254457784155436,143.26791,49.684036
0.2627927,-2.6538815,1.4358913,1.689518,1.1730986,4.3433995,-0.46175212594254766,-0.5392616515526393,0.07750952561009161,77.84399,36.234886
0.9320318,-1.7611467,-0.6057077,2.6708922,-1.5377395,4.432039,-0.12241321068410027,-0.4548178848448181,0.33240467416071784,126.34924,37.39496
-0.32101056,1.9549453,-0.10632254,2.2140846,0.21468802,0.2591393,-0.5895987925367958,-0.8064559485652394,0.21685715602844358,18.99653,35.257782
0.4743276,1.8283947,0.31404182,1.9336829,-0.16028577,0.10528827,-0.8431375538841914,-0.8685313985417817,0.025393844657590314,10.735866,43.171535
-0.7025332,0.77918935,-1.18055,1.2128729,-0.4780168,0.4336835,0.37690355483467286,0.319394490759378,0.05750906407529488,30.567474,34.52328
-0.11997613,0.2443347,-0.7980993,-0.37340114,-0.6781231,-0.61773586,0.5917250343934661,0.9211246621459726,0.3293996277525064,49.40786,30.952826
-0.24104513,-2.050069,0.0495337,-1.5866274,0.29057884,0.46344173,0.275045456158173,0.5190953571743063,0.24404990101613333,31.154789,35.94235
1.2233145,2.3003561,0.5626129,2.0965695,-0.66070163,-0.20378661,-0.7293636655804603,-0.9446725520116601,0.21530888643119983,38.408485,48.629723
-0.5527344,1.2794387,0.4978734,-2.8299456,1.0506078,-4.1093845,-0.040586708419781736,-0.6512667203390947,0.610680011919313,132.43869,34.63927
-0.8920106,0.1495924,-0.7024771,-0.10284105,0.18953353,-0.25243345,0.7366830016462069,0.8674468597405478,0.13076385809434088,14.781657,43.009315
0.9832792,-0.89567375,0.6226756,-1.4020668,-0.36060363,-0.5063931,0.09883181012402886,0.27075184100015015,0.1719200308761213,28.456942,36.73628
0.117493406,-1.6228794,-0.19481952,-1.2787036,-0.31231293,0.34417582,0.4592877147169132,0.8052372481736487,0.3459495334567355,26.557598,31.807755
0.63592374,0.34618783,-0.3251204,0.8729884,-0.96104413,0.5268006,0.10282310722990218,0.16785827960612565,0.06503517237622347,62.01104,36.30266
-0.07467461,-0.62414193,0.6236844,-2.6271765,0.698359,-2.0030346,0.9194264090568645,-0.5380102516078171,1.4574366606646816,112.49867,46.74919
-0.90533906,2.9186819,-0.20344709,-1.2236389,0.70189196,-4.1423206,-0.1336100602949335,0.8340826122195111,0.9676926725144446,99.637,37.342697
-0.5648005,-0.28675485,-0.56494117,-0.24376637,-0.00014066696,0.04298848,0.940954941451305,0.9281715648830451,0.012783376568259897,2.0805545,45.74863
1.1358067,-0.07341957,-0.9373727,0.12233333,-2.0731792,0.1957529,-0.10641324282397835,0.7379913097280246,0.844404552552003,119.096306,39.929943
0.050599586,-2.4860032,0.6718375,-3.101459,0.62123793,-0.61545587,-0.23662060827531306,-0.8117130804062895,0.5750924721309765,47.95386,37.60819
-0.80486315,-2.1689975,0.028816838,-1.3994932,0.83368,0.7695043,0.37605206763590715,0.6504747687361727,0.27442270110026556,61.514988,45.641033
1.4660945,0.16225266,0.9327461,-2.7310185,-0.5333484,-2.8932712,-0.39354915422447767,-0.6163629254638696,0.22281377123939194,42.394543,33.08152
0.9266501,2.3880904,0.58673346,2.1660035,-0.33991665,-0.2220869,-0.8985057316873402,-0.960135542109736,0.06162981042239579,21.48705,46.820797
0.074125804,2.3903873,-0.007203378,2.2815814,-0.08132918,-0.108805895,-0.9174888035649467,-0.8698065557577138,0.04768224780723285,7.779023,39.88753
-0.5918043,2.8168828,-0.40691957,2.082473,0.18488476,-0.7344098,-0.4377265558629251,-0.5744415355432402,0.1367149796803151,38.141205,32.19355
1.2142669,-1.3017654,-0.49266237,2.1593194,-1.7069292,3.4610848,-0.1788472028176642,-0.5289147730562043,0.35006757023854007,137.32285,46.30263
-1.0665201,-0.6389458,-0.6788425,-0.8629101,0.3876776,-0.22396427,0.8305359879777399,0.967023841326494,0.13648785334875413,23.595037,35.087833
0.26450396,-3.0951846,0.8105805,3.1015308,0.54607654,6.1967154,-0.765458332093953,-0.8262249195114071,0.06076658741745411,31.560965,49.23981
0.31739092,-0.6165557,-0.069726005,-0.97141206,-0.3871169,-0.35485637,0.6999585577310228,0.8791626885277877,0.1792041307967649,29.89349,39.42216
0.48199826,-2.6608133,0.66265,2.3254392,0.18065172,4.986253,-0.5319188583169314,-0.9754422919497223,0.4435234336327909,61.69895,43.75745
0.5976508,-2.0415812,-0.42853764,2.9651845,-1.0261885,5.0067654,-0.11086277621202711,-0.5204767330024556,0.40961395679042845,90.897545,46.972393
0.64766955,-2.9503555,0.714916,3.0727274,0.06724644,6.0230827,-0.7370648586922712,-0.8530974059669565,0.11603254727468526,12.1817665,38.892467
-0.17782283,-2.9168437,0.72896355,1.6952653,0.9067864,4.612109,-0.4646200814320869,-0.7794082233296065,0.3147881418975196,101.029625,31.862131
-0.44640487,-0.47862744,-0.6198326,0.029914116,-0.1734277,0.5085416,0.9845582109011399,0.8185284590802238,0.16602975182091617,26.863083,39.94522
-0.9945331,1.3177416,0.3368634,-1.6639295,1.3313966,-2.981671,0.1872341453794384,0.30760954658127115,0.12037540120183277,141.70741,36.338802
1.0807306,2.0513008,0.6817741,2.2852006,-0.39895648,0.23389983,-0.7867791041596126,-0.9672968221868814,0.1805177180272688,24.284405,36.01878
0.8319702,0.94296384,-0.24060342,1.7348001,-1.0725737,0.79183626,-0.3655385740705235,-0.5313902246927622,0.16585165062223872,73.54158,43.985973
0.4715992,-0.0059404373,0.22341011,-1.2201877,-0.24818908,-1.2142472,0.41405437771181675,0.6382529761606168,0.22419859844880008,66.179665,37.975105
-0.3555617,-1.7325292,-0.016647434,-1.2100049,0.33891428,0.52252424,0.5667659474795315,0.7708745557089576,0.20410860822942611,35.110714,41.939625
0.35606226,2.8900988,0.03472463,2.3678079,-0.32133764,-0.52229095,-0.9200977820554321,-0.8995479605736807,0.02054982148175144,34.519844,35.592884
1.4535611,-1.1588783,0.50648195,2.821412,-0.9470791,3.9802904,-0.36338918651806074,-0.9518419490528558,0.5884527625347951,65.58108,42.33864
-0.5668647,-2.6739395,1.3350173,-3.1185029,1.901882,-0.4445634,-0.06689934194542424,-0.6051372070966574,0.5382378651512332,110.134476,44.851425
0.5789077,2.2883914,0.11993798,2.0337334,-0.45896974,-0.25465798,-0.9826017567381662,-0.8548413513593065,0.1277604053788597,29.575312,32.415157
-0.48537192,2.9568298,0.029408988,2.067957,0.5147809,-0.88887286,-0.48060146926326475,-0.831261901088808,0.3506604318255433,57.07568,36.138416
-0.20948952,-1.314514,-0.12840027,-1.1140622,0.08108926,0.20045185,0.7914801332093795,0.8555244516161391,0.06404431840675961,12.234126,40.619854
-0.7723855,1.2665012,-0.91664934,1.1278592,-0.14426386,-0.13864195,0.09087051122337719,0.2408090221016579,0.1499385108782807,9.792516,31.702967
-0.84317595,1.8316329,0.7374143,-2.35456,1.5805902,-4.1861925,-0.1326246152213395,-0.3813678744419242,0.2487432592205847,138.53535,39.08473
-0.5604592,0.3214805,-0.8666156,0.09050925,-0.3061564,-0.23097126,0.6543011685464766,0.765297453462886,0.11099628491640945,20.126198,33.16123
-1.1838335,1.7656357,0.18676104,-0.28718206,1.3705945,-2.0528178,0.16878948786553627,0.7241739335708708,0.5553844457053345,110.11146,42.609158
0.4861546,0.9607966,-0.10962803,1.6826711,-0.59578264,0.7218745,-0.26316142064265335,-0.5737752893296642,0.3106138686870108,52.518734,42.4947
-0.30715114,2.1621912,-0.113230914,2.1618714,0.19392022,-0.00031971931,-0.6689178488897554,-0.7898614203044554,0.12094357141470002,11.110815,39.640427
0.0653067,1.0914037,-0.4354803,1.8020496,-0.500787,0.7106459,-0.1999906467596233,-0.4396150324858672,0.2396243857262439,48.836845,49.7329
-0.64545614,1.0754411,0.30121166,-2.0384455,0.9466678,-3.1138866,0.1507619657945085,0.03652913966968896,0.11423282612481955,160.22658,34.38758
0.9151764,-2.3895755,0.7441147,-2.27314,-0.1710617,0.11643553,-0.442428196513756,-0.33010064671241146,0.11232754980134452,10.775374,48.47119
0.5201804,-1.3993707,0.08466524,-1.4948387,-0.43551517,-0.095468044,0.3483449103561238,0.563769331128404,0.2154244207722802,25.482632,46.79287
-0.43672565,2.8092244,-0.19714147,2.1357179,0.23958418,-0.6735065,-0.5653152092469949,-0.7337056592589022,0.16839045001190733,38.976536,33.070084
-0.32702544,-0.16765332,-0.6910876,0.050579492,-0.36406216,0.21823281,0.8839515698603551,0.8057070398039927,0.07824453005636234,23.487003,36.76741
-0.67646146,-0.46622562,-0.779819,-0.21717444,-0.10335755,0.24905118,0.9653470387004948,0.8899240043618821,0.07542303433861264,12.161892,44.269066
0.47395778,2.0603678,0.2372358,2.0525303,-0.23672198,-0.007837534,-0.934817768492044,-0.8976592373215517,0.03715853117049228,13.569666,46.991936
-0.93248063,0.14818192,-1.0473168,-0.6810771,-0.11483616,-0.82925904,0.7292184647911624,0.8412938281650515,0.11207536337388913,26.267859,30.57239
1.1237638,0.09388256,1.1110961,-1.9535654,-0.012667656,-2.047448,-0.13656126366083576,-0.2982338248994214,0.16167256123858564,43.935417,45.928192
-0.9127604,0.33602452,-0.7382357,-0.13505593,0.17452466,-0.47108045,0.6525214721462023,0.8732425758977151,0.22072110375151288,20.684637,47.842262
-0.570195,1.6818225,-0.02755863,2.627532,0.5426364,0.94570947,-0.28048814682641954,-0.8646547278164154,0.5841665809899959,59.517254,31.114307
-0.5939323,2.4168403,0.9242098,-2.9736836,1.518142,-5.390524,-0.4789768516956805,-0.7231620816507123,0.24418522995503178,97.66814,41.52223
0.26488757,0.03322029,-0.8161813,-1.1528614,-1.0810689,-1.1860816,0.532920094531935,0.8738325826190287,0.34091248808709373,86.71042,34.728367
-0.58192104,2.8001058,-0.047703005,2.4485433,0.534218,-0.3515625,-0.4502174322810166,-0.8656714974540174,0.41545406517300076,35.94038,38.43289
-0.017000183,2.2851298,-0.0077168965,2.3559613,0.009283287,0.07083154,-0.8657950017810627,-0.8794735799762585,0.0136785781951958,4.092707,35.63402
1.3201089,1.1732352,0.97480345,-2.822171,-0.34530544,-3.9954062,-0.50392232134041,-0.652371353297136,0.14844903195672599,44.74716,35.995647
-0.92907864,-1.0100129,-0.804405,-0.6157188,0.124673665,0.39429408,0.8691644329898409,0.9456416096565725,0.0764771766667316,16.18139,36.66119
-0.31404865,-2.2837024,0.021082299,-1.7700756,0.33513096,0.5136268,0.10735336245629057,0.39518264236542744,0.28782927990913687,34.747314,31.118067
-0.15554851,1.7712777,0.33816603,1.9295346,0.49371454,0.15825689,-0.6016702061851751,-0.8713198437680401,0.269649637582865,29.665215,30.928259
0.36635873,-0.26150227,0.08894788,-0.9637259,-0.27741086,-0.70222366,0.5964832262431692,0.8071877709405673,0.21070454469739808,42.119328,47.11744
-1.4363707,-1.2454633,0.33633378,-0.46146062,1.7727045,0.78400266,0.554368830016309,0.6690549185535417,0.11468608853723272,103.7372,41.66445
-0.7761522,0.17595267,-0.8486242,-0.19319439,-0.072472036,-0.36914706,0.74051657720775,0.8652952371525666,0.12477865994481663,15.072297,45.615
-0.84025,-1.9489399,-1.0097063,0.12623599,-0.16945624,2.075176,0.5134153095498766,0.7180879635626547,0.20467265401277812,62.675945,32.839592
0.46716362,1.1848686,0.4484353,1.7168945,-0.018728316,0.53202593,-0.4306474351350449,-0.783457984219015,0.35281054908397014,27.299925,48.817635
0.13558754,-0.9648552,-0.040483788,-0.9776538,-0.17607133,-0.012798607,0.7812096016211818,0.8654964659736901,0.08428686435250832,10.114622,41.088318
0.59099776,1.826287,0.29233533,2.225106,-0.29866242,0.39881897,-0.8460700325255406,-0.9579068786032465,0.11183684607770594,26.705612,39.842987
-1.0934474,2.7176626,-1.3102221,-0.79436624,-0.2167747,-3.5120287,0.011410307375327555,0.6702180020007011,0.6588076946253736,41.59154,48.928898
0.3040857,0.5959921,-0.04754855,-1.794702,-0.35163426,-2.3906941,0.11530295830907633,0.40668700310676265,0.2913840447976863,135.31458,35.85549
0.33273405,-0.89949965,-0.052635267,-1.0484614,-0.3853693,-0.14896178,0.6686780935903585,0.8495878620467887,0.18090976845643025,23.622248,36.689312
1.3385909,-2.9539356,0.9584573,2.7510896,-0.38013357,5.705025,-0.5795554417122697,-0.8658038616018304,0.28624841988956073,24.890072,40.635975
-1.3301085,-1.3142864,-0.06655843,-2.4294775,1.26355,-1.1151911,0.6148904328147551,-0.13377610711018573,0.7486665399249408,80.25611,33.315285
0.55898535,0.47706246,0.7023352,1.968537,0.14334983,1.4914745,0.06505895580845689,-0.8912721264320282,0.9563310822404851,66.80441,33.427296
0.009131916,0.9932816,-0.6623461,1.6080495,-0.67147803,0.6147679,-0.08835149591635627,-0.1746909518250097,0.08633945590865344,50.31763,31.249983
-0.22767597,-1.9159904,-0.4716159,2.9181736,-0.24393994,4.8341637,0.3817092083932909,-0.5049847578604387,0.8866939662537296,77.99666,45.35975
-0.6743006,0.3743887,-1.0593591,-0.18512261,-0.38505846,-0.5595113,0.6336007200059868,0.7841216830386277,0.15052096303264095,29.717657,48.27099
-0.13410158,2.577644,-0.0381369,-0.92355746,0.095964685,-3.5012016,-0.8142906319809278,0.8776934464256034,1.6919840784065312,157.19931,30.969944
0.9548568,-1.0745621,-0.83546704,0.7767412,-1.7903239,1.8513033,0.09829022924646935,0.4123459718437079,0.31405574259723856,135.44826,31.242666
0.51042956,1.5650303,0.17829438,2.110681,-0.3321352,0.5456507,-0.70343771153758,-0.9003253605677681,0.19688764903018818,34.849503,41.246983
-0.27522114,-0.63801694,-0.032197926,-0.6382015,0.24302322,-0.00018453598,0.9793625103828205,0.902511331733999,0.07685117864882152,13.92419,45.63587
0.055427436,1.2558005,-0.34116295,1.8060242,-0.39659038,0.5502237,-0.33580582236854184,-0.5065965444712486,0.17079072210270674,38.416836,46.03736
-0.89617133,2.7662952,-0.29294732,1.9406792,0.60322404,-0.825616,-0.1727883074109684,-0.6023770743749477,0.4295887669639793,50.874645,45.431587
0.5971116,1.7560217,0.21278942,2.1001773,-0.38432217,0.34415555,-0.8135708131569084,-0.9070124017501424,0.09344158859323404,28.399353,44.521362
-0.6292256,1.2800457,0.017308015,1.1115819,0.6465336,-0.16846383,0.0022009396549798055,-0.19590709238310522,0.19810803203808502,38.118736,30.756819
0.41644222,1.8867362,0.11563065,2.1513677,-0.30081156,0.2646315,-0.8641817512827465,-0.8914648089626827,0.027283057679936107,22.560787,47.902596
0.071183704,-0.68303347,0.22035107,1.7249043,0.14916736,2.4079378,0.8538263407530557,-0.73809626485302,1.5919226056060758,135.02313,33.18265
-0.23565137,-0.98489356,-0.35466462,-0.9033433,-0.11901325,0.08155024,0.9293402595387867,0.970487345332959,0.041147085794172256,8.151746,31.72934
-0.37738994,-3.083876,-0.12152046,2.1419668,0.25586948,5.2258425,-0.4466849877075165,-0.7797863916138494,0.3331014039063329,60.137142,30.902872
-0.49240455,-0.73083925,-0.1641208,-1.003367,0.32828376,-0.2725277,0.9985305107533691,0.9040949350977137,0.09443557565565541,23.863459,34.09373
-0.5923557,-0.08558941,-0.5962962,-0.223368,-0.003940463,-0.1377786,0.8699341254492206,0.9199141688725287,0.049980043423308196,6.5427475,45.13058
0.017763834,-2.7123294,-0.08075467,2.026409,-0.098518506,4.738738,-0.40991625305067103,-0.7634145336048066,0.35349828055413557,88.577576,44.16574
0.2240097,-1.0082524,-0.24356645,-1.00358,-0.46757615,0.004672408,0.7162682333119506,0.9261780752963737,0.2099098419844232,26.791454,37.635475
-0.2040293,-1.4821093,-0.06946474,-1.0834535,0.13456456,0.39865577,0.6931143789415244,0.8445424260603822,0.15142804711885782,23.885672,36.0181
-0.3912355,0.7662747,-1.1361964,0.9725319,-0.7449609,0.20625722,0.2830747045510158,0.38810800767924647,0.10503330312823067,43.375835,42.301476
0.37380582,3.1352642,0.6125095,2.9004765,0.23870367,-0.2347877,-0.8179345602827455,-0.9241517844838141,0.1062172242010686,18.057318,41.182037
-0.027821673,2.8937294,0.48882267,2.1366262,0.51664436,-0.7571032,-0.7967867344590926,-0.9569184415734284,0.16013170711433578,51.068134,36.21948
0.18045296,0.023377419,-0.7959909,-0.19147503,-0.9764438,-0.21485245,0.5888195052350933,0.8787940560268828,0.28997455079178946,57.03348,45.712925
0.2238164,0.023252487,-0.33471775,-1.2423147,-0.55853415,-1.2655672,0.5634778933395123,0.8573168872702865,0.2938389939307743,78.238235,32.235878
0.06652266,0.44723892,0.37294826,-1.5336508,0.3064256,-1.9808897,0.3561928807780177,0.3721409856094282,0.015948104831410514,110.25786,41.827103
0.13242806,0.036660433,-0.19149354,-1.1582632,-0.32392162,-1.1949236,0.6081085819446295,0.8587515628497098,0.2506429809050803,70.60442,46.665714
0.5217202,1.6623952,0.772401,2.2304626,0.2506808,0.5680673,-0.761488421016602,-0.938400711786123,0.17691229076952109,29.39944,41.45829
-0.17626764,-1.2246848,-0.40330163,-0.8272417,-0.22703399,0.39744312,0.8252504544882182,0.9875579920127144,0.16230753752449623,25.343685,30.701725
0.6182276,-1.9967022,-1.2737688,-0.42836073,-1.8919964,1.5683415,-0.0890086773017309,0.6907609041266842,0.7797695814284151,123.61614,32.84017
-0.10921493,-1.3104035,-0.20274231,-1.0532626,-0.09352738,0.25714087,0.7596015394832882,0.9004462908819431,0.14084475139865482,15.503119,38.621502
1.5115284,2.4626367,0.08664747,-0.6993638,-1.4248809,-3.1620007,-0.5102628095637625,0.8454037997951716,1.355666609358934,88.430565,30.15842
-0.76364297,-2.6127334,-0.86997914,0.74146515,-0.10633618,3.3541985,0.08514411334422611,0.43997048601482547,0.35482637267059935,85.798065,38.53656
-0.061843947,-2.2761137,0.037390392,-0.7177677,0.09923434,1.558346,-0.0008932644655104127,0.8700592405326972,0.8709525049982076,89.42089,34.65949
-0.06115624,2.0242136,0.16190429,2.104088,0.22306053,0.079874516,-0.7726555574329534,-0.8931821042698989,0.12052654683694541,13.569927,43.914375
-0.5329056,2.9267843,0.2625842,2.132139,0.7954898,-0.7946453,-0.4538553389617066,-0.9289633232164682,0.47510798425476164,63.202442,38.72663
-0.022684852,2.7820761,-0.06670079,2.0934153,-0.044015937,-0.68866086,-0.8349784584508626,-0.7943139559872057,0.04066450246365694,39.493702,46.768852
-0.8924307,-1.9689895,-0.86898047,-0.6067119,0.023450255,1.3622775,0.5079263665776788,0.9226214808975097,0.41469511431983097,47.27655,36.720467
-0.43883938,2.0657585,-0.114228666,2.069855,0.3246107,0.004096508,-0.5451406410667801,-0.7612054030649755,0.21606476199819546,18.600195,41.80222
0.62765765,-1.8185699,0.22819655,-0.8460325,-0.3994611,0.9725374,0.027120785760596178,0.7489648829999584,0.7218440972393623,54.767788,33.508217
1.1733751,-2.6580517,1.0236948,-2.8257608,-0.14968038,-0.16770911,-0.5613515254740404,-0.6458861881382605,0.08453466266422005,9.600746,40.664318
-0.74474835,0.13286495,-0.90148133,-0.7236482,-0.15673298,-0.85651314,0.7635199969515942,0.9102075866740229,0.14668758972242868,33.86102,44.56302
-0.910967,2.9197943,-0.94793594,2.4918687,-0.036968946,-0.4279256,-0.12820767754953621,-0.14597894130533362,0.017771263755797406,14.74405,37.81888
-0.30186427,-1.5309994,-0.15472491,-1.0661651,0.14713936,0.46483433,0.690791198019683,0.8815492829587068,0.1907580849390238,27.239851,31.206818
0.62767786,3.0950935,0.37153992,2.3362484,-0.25613794,-0.7588451,-0.8522081125525789,-0.9872144792450293,0.13500636669245036,40.495636,34.162254
-0.44271752,-3.0581462,1.0832434,-1.6562743,1.5259609,1.4018719,-0.38800464838905535,-0.17445442444884196,0.2135502239402134,107.897446,49.052357
0.47349134,0.9714205,-0.55880415,-1.2128443,-1.0322955,-2.1842647,-0.26671935892830234,0.8891826651429184,1.1559020240712208,132.54654,35.63268
0.5189945,-0.76594853,-0.13304326,-1.2459241,-0.65203774,-0.47997558,0.5409430220362346,0.8007259626694907,0.25978294063325613,45.765114,44.177643
-0.5089968,-0.61063886,-0.3518252,-0.18896352,0.15717158,0.42167532,0.9979850626627886,0.8966790602850896,0.10130600237769904,23.670704,33.887157
-0.23246847,2.7664816,-0.089596994,1.9635367,0.14287147,-0.8029449,-0.7212866476684159,-0.7333606288836378,0.012073981215221963,46.06755,41.320824
0.33639467,-0.36476874,-0.15128712,-1.0273507,-0.4876818,-0.6625819,0.6482246218866781,0.8928922682721705,0.24466764638549243,46.68813,39.201515
0.009493613,-1.6853012,0.13526975,-0.8043609,0.12577613,0.88094026,0.46609553745022625,0.8111311030824453,0.34503556563221904,50.8122,46.652996
1.1877385,-0.539232,-0.61408395,1.6216892,-1.8018224,2.160921,-0.09597053832226088,-0.21657805516980133,0.12060751684754045,134.78392,46.157593
-0.08835542,2.7291124,-0.1972527,2.2778327,-0.10889728,-0.45127964,-0.8150866665022267,-0.7657441696344378,0.04934249686778891,26.325312,40.887
1.3674656,2.119077,1.0650765,2.8653684,-0.30238914,0.7462914,-0.6175567222668166,-0.7982368753368192,0.18068015307000262,21.77815,37.62721
-0.7918178,1.0433433,-1.0170617,1.0964657,-0.22524393,0.0531224,0.2360676602096703,0.2979741906287732,0.06190653041910288,13.038549,32.03591
0.1971779,-1.5722536,0.075358704,-1.1868317,-0.1218192,0.38542187,0.4520083568128015,0.7369804552808192,0.28497209846801774,22.948645,49.68015
1.4034433,-1.367711,0.30987582,-3.0178702,-1.0935675,-1.6501592,-0.33835301640382154,-0.7318596381540567,0.3935066217502352,73.25556,44.26923
-0.15196475,1.2172444,-0.40276533,-1.4260045,-0.25080058,-2.643249,-0.20595550517488626,0.7758943263397864,0.9818498315146726,137.68373,41.74164
-0.30466548,2.7322958,0.022712907,2.2556238,0.3273784,-0.47667193,-0.6811210057147736,-0.8787214688006924,0.19760046308591872,32.798946,44.946857
0.11087447,2.312266,-0.011928215,2.2726228,-0.12280268,-0.039643288,-0.9231405481498669,-0.8660810113773455,0.0570595367725214,7.3923407,36.954494
0.8062516,2.7887213,0.6941999,2.841796,-0.112051666,0.0530746,-0.9149017982098986,-0.9294773847553337,0.014575586545435115,6.7931266,42.35724
-0.487088,-1.6843286,0.0023373114,-1.183772,0.4894253,0.5005566,0.630969478733673,0.7739508667958176,0.14298138806214455,39.268593,40.916023
-1.2689642,-0.8150401,-0.9445415,0.25569123,0.32442266,1.0707314,0.6992115258714255,0.6836528492340612,0.015558676637364321,31.002708,43.253654
0.55968416,-1.9923812,-0.77057517,2.5944228,-1.3302593,4.586804,-0.05649118488622662,-0.31336784916215166,0.25687666427592504,116.4854,43.830105
0.64157015,1.5731838,0.17278767,2.1429124,-0.46878248,0.5697286,-0.7191444059160695,-0.9081148659825136,0.18897046006644402,39.873783,38.814655
-0.30452228,-1.1920271,-0.31591544,-1.047744,-0.01139316,0.14428306,0.873368639480887,0.9283565981574426,0.05498795867655559,7.8985386,32.91729
0.45595163,-3.0608194,0.8743898,3.050816,0.4184382,6.111635,-0.7839890157635558,-0.8280462363530166,0.04405722058946071,25.140232,36.85492
-0.037290633,-1.28638,0.034045767,-1.0043082,0.0713364,0.28207183,0.7429829244845738,0.8241254827951208,0.08114255831054695,16.667,48.508266
0.5504059,0.07916927,0.21831094,-0.35270405,-0.33209497,-0.43187332,0.3136736886719085,0.7243993084542701,0.41072561978236166,29.66173,48.105885
0.37857896,0.026093721,0.14107731,-1.016943,-0.23750165,-1.0430367,0.4629937150866361,0.7637208712297046,0.30072715614306844,58.98515,40.836582
0.2633486,0.13713622,-0.4803759,2.3151643,-0.74372447,2.178028,0.47262884186332155,-0.5669670180058546,1.0395958598691761,127.50756,30.58453
0.26887986,1.9054072,0.027786428,2.2015145,-0.24109343,0.2961073,-0.8459646262187324,-0.8694794251633258,0.023514798944593407,21.699305,46.1364
0.12933807,-0.04552126,-0.35417348,-1.1029161,-0.48351157,-1.0573949,0.6546313936654606,0.9164853859883344,0.26185399232287376,65.66441,35.776188
0.93085027,-0.37265444,0.26973128,-1.4578382,-0.661119,-1.0851837,0.1393342453191666,0.4835019127101412,0.3441676673909746,61.15851,33.466713
-0.29302,-1.4852833,-0.5793739,-1.0469477,-0.2863539,0.43833554,0.7172726217329761,0.9431166685830359,0.22584404685005977,27.9276,40.81438
-0.51256204,-0.50033355,0.22739564,-0.14492245,0.7399577,0.3554111,0.9879073547403046,0.6448342593657648,0.3430730953745398,46.730244,37.883442
0.7696313,1.6338198,0.72568977,2.1903822,-0.043941557,0.5565624,-0.7471964719994115,-0.943365142668835,0.19616867066942345,23.371008,38.004692
0.06627391,-1.3702497,-0.027914813,-1.0412387,-0.09418873,0.32901108,0.6490942605401848,0.8414228098921492,0.19232854935196442,19.59813,41.455482
-0.7315889,-0.46550894,-0.35924014,-1.1598896,0.37234876,-0.69438064,0.9534730019418394,0.8962326680914963,0.057240333850343106,39.63041,37.529438
0.47135016,-0.25470376,-0.92284256,0.077719405,-1.3941927,0.33242315,0.5155904340643298,0.7579603460888944,0.2423699120245646,81.59045,42.794956
0.88845897,0.642627,0.7847107,0.42120707,-0.10374826,-0.22141993,-0.21397901573451605,-0.035087142803059024,0.17889187293145703,10.349767,47.09102
1.1277282,-0.416075,0.4055525,2.929726,-0.7221757,3.3458009,-0.045594308645071635,-0.9124358774121397,0.8668415687670681,91.68024,35.226383
-0.45455122,2.4238374,-0.14299557,1.9818978,0.31155565,-0.4419396,-0.5963901662498152,-0.7119265595561899,0.11553639330637466,29.954937,49.794277
0.57892567,1.7399561,0.24233997,2.2178833,-0.3365857,0.4779272,-0.8055228000930699,-0.9456644338557165,0.14014163376264666,31.47841,37.480778
-0.08221348,-0.9573498,-0.10456532,0.39922622,-0.022351846,1.356576,0.8876514579151191,0.47098657693374246,0.41666488098137666,77.333145,30.066414
0.18874674,-2.5230124,0.9763184,-2.764111,0.78757167,-0.24109864,-0.32713433017817195,-0.6275160892780027,0.3003817590998308,46.397083,45.821217
-0.34283152,1.0267637,0.6737661,-0.8619236,1.0165976,-1.8886873,0.04698240456473535,0.3960558554968685,0.34907345093213316,116.0902,39.629414
0.06322076,2.750394,-0.080407165,2.2671282,-0.14362793,-0.48326588,-0.8810914582664005,-0.8310100476688991,0.050081410597501375,28.862179,41.626953
0.058991548,1.8328784,-0.09477494,2.28714,-0.15376648,0.45426154,-0.7405647028514419,-0.8267346571625698,0.08616995431112784,27.449532,48.11804
0.25767264,0.75942945,1.0746957,-2.1263614,0.81702304,-2.8857908,0.0022529890407305686,-0.35386318446465204,0.3561161735053826,102.77941,34.1954
0.71982014,2.2997591,0.5328914,2.2098157,-0.18692875,-0.08994341,-0.960903519473991,-0.9727815399962196,0.011878020522228638,11.489365,37.23753
-1.0925491,-0.576787,-0.8081351,-0.4853011,0.284414,0.09148589,0.8141413595474294,0.9347102784599031,0.12056891891247368,16.565044,49.600746
-0.1855073,-0.8822067,-0.7646476,-2.1656532,-0.5791403,-1.2834466,0.9388776653623498,0.3670183221038794,0.5718593432584704,70.81032,46.075294
-0.30726743,-0.8860223,-0.3452262,-0.8599788,-0.03795877,0.026043534,0.9664989858092667,0.9767566154196423,0.010257629610375574,2.593746,47.598595
0.72846144,-0.43016338,-0.43308628,-0.024930937,-1.1615477,0.40523246,0.33863085872923016,0.8358259832728803,0.4971951245436501,69.93624,37.41743
0.76020706,1.9647815,0.5038941,2.1843638,-0.25631297,0.21958232,-0.8797240696834123,-0.9682525103376669,0.08852844065425458,17.806795,34.98113
0.6800523,-1.8821304,-0.68665963,2.2120268,-1.3667119,4.094157,-0.04417810965704838,-0.3740854584553457,0.3299073487982973,138.34656,37.139744
-0.36762145,-1.3115412,-0.19069345,-0.96317506,0.176928,0.34836614,0.8303833729026247,0.9228723354223689,0.09248896251974426,21.666231,35.483658
0.5371014,0.55436563,0.0028350109,-1.9443746,-0.53426635,-2.4987402,0.023022139421206234,0.2603060990752155,0.23728395965400928,133.333,38.998554
-0.9132806,-3.0086539,0.43425643,-0.57074,1.347537,2.437914,-0.013495311247103015,0.6092070536523622,0.6227023648994652,139.09097,38.240505
0.06554444,2.8801792,0.1877031,2.4490569,0.12215866,-0.4311223,-0.8430144994199633,-0.9584882313872249,0.11547373196726163,25.465345,42.81735
0.003436453,-1.2808092,-1.0684615,-0.43729508,-1.071898,0.8435141,0.727658492813779,0.8179256397967798,0.09026714698300076,71.51298,30.065155
-0.23212008,-1.5762597,-0.37353492,-0.9746759,-0.14141484,0.60158384,0.6404419874061374,0.957207844874052,0.3167658574679145,33.80379,47.88452
-0.7401934,0.43934846,-0.71586704,0.14002243,0.024326384,-0.29932603,0.5999505278744373,0.7620495148052644,0.16209898693082714,12.855794,37.57025
0.169782,-0.022635937,-0.8754439,-0.6295056,-1.0452259,-0.60686964,0.6200180445462814,0.9208416779832973,0.3008236334370159,67.110565,46.28411
-0.42942464,-0.5436685,-1.0232056,-0.21064346,-0.593781,0.33302504,0.9922227888447175,0.8056476039172358,0.1865751849274817,36.59941,32.190353
-0.34067842,-0.22743988,-0.4674288,-0.110737495,-0.12675038,0.116702385,0.9092767103960764,0.8780878130625278,0.03118889733354857,9.510786,44.26162
-0.29888573,-0.5913508,-0.030672478,-1.1049061,0.26821324,-0.5135553,0.9815312237036729,0.8205620763705952,0.16096914733307766,32.751335,49.07699
-0.30373263,0.8595278,0.113308005,-0.35630324,0.41704065,-1.215831,0.17009328978253535,0.787462208861708,0.6173689190791727,72.80012,41.5007
-0.54239446,1.7529047,-0.0052717533,1.7812874,0.5371227,0.028382778,-0.33746390717393826,-0.6841679713609277,0.3467040641869894,30.81347,37.117027
-0.0291217,-0.26898623,-0.39389956,-1.1450917,-0.36477786,-0.8761054,0.8304049999168903,0.9066095944683923,0.07620459455150197,52.98317,46.29335
-1.0312225,-0.45961595,-0.69549704,-0.42095318,0.33572543,0.03866276,0.8396067566134358,0.9546057619865262,0.11499900537309049,19.286837,36.891148
-0.79616606,-0.80016017,-0.7615804,-0.8427387,0.034585655,-0.04257852,0.944184253787375,0.9502483725019513,0.006064118714576239,2.634479,35.29515
-0.43669406,-1.8568197,-0.17839642,-1.5397773,0.25829762,0.31704247,0.49733821079020757,0.6470586889205752,0.1497204781303676,22.723207,32.873653
-0.84187293,-2.1855798,-1.0028092,1.8394961,-0.16093624,4.025076,0.37600241872192264,6.857938073689951e-05,0.37593383934118574,66.33132,34.83336
-0.23325919,-0.65211225,-0.058494177,-1.1202974,0.174765,-0.4681852,0.9704517743745562,0.8264834136337909,0.14396836074076536,28.327517,37.985977
0.34939596,-1.4974058,0.0052882205,-1.4553181,-0.34410775,0.042087674,0.40965950508138915,0.6275293135930787,0.21786980851168958,19.856743,34.434795
1.2501142,0.37382722,0.6124687,2.1431031,-0.6376455,1.7692759,-0.29474139570958036,-0.9524032983919639,0.6576619026823836,60.34834,40.792458
0.45980117,-1.1414537,-0.79530895,0.16983521,-1.2551101,1.311289,0.5069630929950915,0.7416086229806322,0.23464552998554078,98.96927,35.366615
-0.32014322,-0.3355651,-0.42633578,-0.2008026,-0.10619256,0.1347625,0.9404500320851312,0.910442354320053,0.030007677765078178,9.414359,32.963783
0.4851051,-0.1792934,-0.024877127,-1.2293066,-0.5099822,-1.0500132,0.47878239133292055,0.7655923561710543,0.2868099648381337,64.63274,37.638588
-0.6568642,-0.49494672,-0.5138469,-0.3157104,0.14301735,0.17923632,0.9726812649230663,0.9505875104880257,0.02209375443504058,11.83498,42.650932
0.72054344,-1.7485988,-0.45580536,-2.0378275,-1.1763488,-0.28922868,0.014518349429028632,0.36449859167337806,0.3499802422443494,69.12853,48.43153
-0.35054594,2.3914058,-0.027892184,2.1525736,0.32265377,-0.23883224,-0.6747296753428884,-0.8314332023233817,0.15670352698049328,22.816898,33.75503
0.6055229,-1.2464205,0.28670716,-0.99965835,-0.3188157,0.24676216,0.352656274059429,0.6775615403267992,0.32490526626737015,22.223114,43.886593
-0.2942289,-1.2660285,-0.0764504,-1.0113808,0.2177785,0.25464773,0.8379537858682902,0.8707121070756232,0.03275832120733302,18.984274,44.649014
-0.63802934,-1.0354915,-0.58133036,-0.81662416,0.056698978,0.2188673,0.9403852597815696,0.9867661084740256,0.046380848692455956,10.772214,35.76869
0.42041266,1.8133805,0.20592143,2.1890087,-0.21449123,0.37562823,-0.8301143003861684,-0.9297570983142833,0.09964279792811492,23.825731,33.502872
0.4392392,2.6770918,0.82417077,3.0029583,0.38493156,0.32586646,-0.982001471277739,-0.8561240759289324,0.1258773953488066,26.55894,43.50548
-0.38496652,0.8878882,0.48297086,1.4745684,0.8679374,0.5866802,0.1808374397774486,-0.6416891050799483,0.8225265448573968,59.392788,35.89513
-0.5617692,-2.796956,-1.0383773,2.4781494,-0.4766081,5.2751055,-0.15137244066159816,-0.05614784144911589,0.09522459921248227,46.517006,49.122
0.3841873,-0.28674388,-0.42108226,-0.7817976,-0.8052696,-0.4950537,0.5916198805711481,0.9936281764175341,0.402008295846386,53.74822,30.759811
0.34084776,-0.04169202,-0.24341516,2.3734946,-0.5842629,2.4151866,0.5232309258895194,-0.748094221982047,1.2713251478715664,139.85,36.799507
0.09697538,3.0560954,0.61309755,-3.0003595,0.51612216,-6.0564547,-0.7809393023203026,-0.7630573698802832,0.017881932440019455,31.907148,43.51526
-1.2242603,-0.6823461,-1.0281434,-0.7317511,0.19611692,-0.04940498,0.7330107534155124,0.85071052468947,0.11769977127395759,11.299424,43.93509
-0.6001939,-1.8402745,0.024213942,-1.2719836,0.6244079,0.5682908,0.5464696442511627,0.7223787377830877,0.17590909353192496,47.028046,43.213726
-1.378801,-2.556982,-0.41476834,-0.5800388,0.96403265,1.9769433,0.3976523272989252,0.9946481716834263,0.5969958443845012,70.93877,31.315321
0.4481107,2.308555,0.66423637,2.1760602,0.21612567,-0.13249469,-0.98928792449545,-0.9525201777997765,0.03676774669567351,13.947743,38.217445
-0.77591765,0.40278912,-1.1203547,-0.43045095,-0.344437,-0.83324003,0.6227682918826432,0.7883554725314363,0.1655871806487932,32.913868,32.34686
0.38743553,0.39419603,0.45621607,-1.462612,0.06878054,-1.8568081,0.2243559017380985,0.3594520309464895,0.13509612920839098,93.90218,44.437553
0.5030041,2.8133566,0.39970666,2.7729025,-0.10329741,-0.04045415,-0.9539892324793797,-0.9596150847168037,0.005625852237423956,6.2747297,38.446003
-0.5110904,0.8692634,-0.056561925,1.180683,0.45452848,0.3114196,0.24683739693918128,-0.22121590433942506,0.46805330127860634,31.06511,43.146793
1.1837912,-0.32773757,0.98097324,-2.7851934,-0.20281792,-2.4574559,-0.10882239635215107,-0.6359824543886399,0.5271600580364888,52.634727,34.85212
-0.009119399,0.7289202,-0.11202368,2.4071841,-0.10290428,1.6782639,0.1541052837483825,-0.8302151544450815,0.984320438193464,96.05969,38.26115
-0.5076646,-0.74158645,-0.06380956,-1.2072778,0.44385505,-0.46569133,0.997645783666087,0.7922635194604313,0.20538226420565575,35.88121,37.501305
1.3029422,3.1414144,0.79837865,2.2796032,-0.5045635,-0.86181116,-0.6261258596680521,-0.9374378202052238,0.3113119605371717,35.81241,35.165096
0.99158376,0.6674857,1.0770203,2.967693,0.08543652,2.3002074,-0.2723033941078601,-0.7736310230479084,0.5013276289400483,55.66456,42.782
0.022971744,1.2288582,-0.26025403,1.9031944,-0.28322577,0.6743362,-0.29879889371370183,-0.6068948124457325,0.3080959187320307,41.521484,40.638584
-0.61296517,-3.1385357,-0.17849621,2.0523705,0.43446895,5.1909065,-0.3036016583005833,-0.718321315621484,0.41471965732090077,61.784203,48.979084
0.41871092,-1.0638924,-0.19804776,-1.5379555,-0.6167587,-0.47406316,0.5641261950344312,0.6550041768024879,0.09087798176805673,44.19477,36.406662
0.2171561,1.1857383,-0.024512794,2.5242767,-0.2416689,1.3385384,-0.3446940879616882,-0.8758834562014801,0.5311893682397919,77.32496,36.535194
1.0493431,2.684048,0.82912,2.6431925,-0.22022313,-0.040855408,-0.8300378159767279,-0.9293141071474746,0.09927629117074677,12.691294,47.636772
-0.38660842,-3.135056,-0.31605768,1.9755132,0.07055074,5.110569,-0.4677691913777173,-0.6013455755039878,0.13357638412627054,62.707657,41.363853
0.78745866,3.0612366,0.62706685,2.9853795,-0.16039181,-0.07585716,-0.8452320964684523,-0.894892565252059,0.04966046878360664,9.761665,49.40857
0.6630976,2.7846758,0.73812157,2.806516,0.07502395,0.021840096,-0.9480306625259711,-0.9288584618569731,0.019172200668998052,4.4035325,33.1443
1.1888472,-2.0076814,0.8872698,-2.9037774,-0.3015774,-0.896096,-0.3481071209963664,-0.6998342847401915,0.35172716374382507,29.943453,37.273205
-1.4420753,3.0898979,-0.096454546,-0.6613759,1.3456208,-3.7512736,0.36182842858162034,0.9286969086755672,0.5668684800939469,90.529465,49.85535
-0.20603102,-2.6237764,-0.758461,2.4370568,-0.55243,5.060833,-0.22939206520088717,-0.3294849951578378,0.10009292995695063,67.46091,30.416096
0.8609093,2.7067883,0.69806,2.1507192,-0.1628493,-0.55606914,-0.9106490203468631,-0.9412504658947931,0.030601445547929984,24.280487,39.966797
1.268326,2.3265064,0.8854215,2.4988766,-0.38290453,0.1723702,-0.6996586685917769,-0.9171931158107398,0.21753444721896287,22.363386,37.212566
-0.5360502,-3.0030146,0.5427551,-2.963211,1.0788053,0.039803505,-0.29216686851852813,-0.7386048076933998,0.4464379391748716,61.84889,35.613007
-1.3564326,1.537185,0.033659596,-1.3309883,1.3900921,-2.8681731,0.3352196319506087,0.6870146830408577,0.35179505109024894,103.74438,44.530884
1.2413186,-0.9907067,-0.47094718,1.9014078,-1.7122657,2.8921146,-0.160667665068706,-0.45969959909359837,0.29903193402489237,135.13133,38.68206
-1.5520115,-0.3390131,-0.9730145,-0.3892063,0.578997,-0.05019319,0.47412022332823667,0.8591983121607383,0.3850780888325016,33.175472,41.319584
0.9375964,-2.7969391,0.89554775,3.039234,-0.042048633,5.836173,-0.6461220347064343,-0.8255328979444347,0.17941086323800048,15.682921,47.65362
-0.41872618,-1.5943364,-0.046212465,-1.1326591,0.3725137,0.4616773,0.6770165935152863,0.8165616168153274,0.13954502330004104,33.29358,47.38576
0.65750206,-0.66804314,-0.0610549,-1.522111,-0.71855694,-0.8540679,0.4232806967605356,0.6135954840849276,0.190314787324392,61.202946,46.909
-1.2103659,-0.1004622,-0.9381814,-0.21777593,0.2721845,-0.11731373,0.69252987231998,0.8418163101806,0.14928643786062,15.8976145,43.7001
-0.36506093,0.079396725,-0.758207,-0.18470176,-0.3931461,-0.26409847,0.7700878769864419,0.885285633354,0.11519775636755814,25.816545,34.990196
0.8259577,2.2745054,0.54805315,2.046228,-0.27790457,-0.22827744,-0.9280786653001485,-0.930561884472322,0.002483219172173534,18.804714,46.637264
0.092922606,-0.33435917,-0.37387344,-0.04818591,-0.46679604,0.28617325,0.7922923590206956,0.838767279385235,0.046474920364539374,31.205057,42.802963
-0.27894816,3.0249565,-0.13456759,2.1550336,0.14438057,-0.8699229,-0.5995843108755992,-0.7760801271363977,0.17649581626079858,49.360775,41.25681
0.34116653,1.4089792,-0.16966888,2.0565605,-0.5108354,0.64758134,-0.562635983891087,-0.7250283869506102,0.16239240305952318,46.820236,30.510317
-0.17311533,-1.4286892,-0.2074067,-1.0632628,-0.03429137,0.36542642,0.7157330618310072,0.8984825992247387,0.18274953739373156,20.647991,46.177544
-0.32917628,0.2755499,-1.0049965,-0.5946269,-0.67582023,-0.8701768,0.6388235136237643,0.8619880461502785,0.22316453252651414,53.134163,31.538218
-0.33783635,-1.2369571,-0.4670723,-0.9626992,-0.12923595,0.2742579,0.8603102922138799,0.9667466986452382,0.10643640643135832,16.224043,40.43038
-0.529548,0.4919505,-0.26243195,-0.59543025,0.26711604,-1.0873808,0.5348311696353978,0.9746946948405082,0.4398635252051104,58.77105,30.46672
0.7064273,3.0774777,0.6283291,2.9886422,-0.07809818,-0.08883548,-0.8523712488743092,-0.8936266557183923,0.04125540684408313,5.998191,45.33948
-0.83511585,-2.356126,-0.17725854,-0.07086167,0.6578573,2.2852645,0.27263314084016876,0.802101681827756,0.5294685409875872,107.5833,49.90495
0.55210453,-2.2015126,0.41380432,-2.937932,-0.13830021,-0.73641944,-0.20893086252703696,-0.7052841176511659,0.496353255124129,37.959045,31.359507
0.17730205,2.7204206,-0.02430401,2.3912334,-0.20160607,-0.32918715,-0.9282008269886202,-0.8746284479204733,0.053572379068146825,22.041988,38.97936
-0.06682301,0.060492516,-0.8149922,-0.4201658,-0.7481692,-0.48065832,0.6897017339784604,0.9238822235419502,0.2341804895634898,49.050533,30.923641
1.3109844,-0.61762047,0.26021144,3.0582206,-1.0507729,3.675841,-0.2150684925995039,-0.8320511266130417,0.6169826340135378,87.994644,39.575035
-0.67776275,-0.85883,-0.762818,-0.64395964,-0.08505523,0.21487033,0.9677588698394253,0.9589530993941455,0.008805770445279748,10.443046,40.267616
-0.5849991,-1.6287682,-0.46973115,-1.2427268,0.11526793,0.3860414,0.680269988065271,0.8745341566511851,0.1942641685859141,20.17329,35.23815
0.20452443,-1.71423,-0.35353294,-2.0711465,-0.55805737,-0.35691655,0.34600883362986856,0.301427063336817,0.04458177029305155,37.777668,47.43538
0.13271718,-1.7764356,0.15286715,-1.4685583,0.020149976,0.3078773,0.3357175442293503,0.544552714677637,0.2088351704482867,17.496948,32.26809
-0.4211047,0.8864758,0.3453249,-1.438239,0.7664296,-2.3247147,0.1970885755172489,0.4475822173995132,0.2504936418822643,136.56807,38.925552
-0.3711097,0.5224118,-0.6237799,-0.81895274,-0.2526702,-1.3413646,0.47039379430703754,0.9813967346597252,0.5110029403526877,67.42732,33.32462
-0.36658296,-1.9669664,0.02242236,-1.2246624,0.38900533,0.74230397,0.390563151976675,0.7461279057068833,0.35556475373020824,47.176537,31.76099
0.89728594,-0.98636246,0.36269847,-1.9307252,-0.5345875,-0.94436276,0.16890580371322983,0.09275422230066788,0.07615158141256195,51.74198,46.89357
0.13788277,1.4149358,0.10313156,1.9716005,-0.034751207,0.5566647,-0.4977371385025817,-0.8239892454621502,0.3262521069595685,31.718021,46.79651
-0.15676904,1.7610319,-0.114958,2.1626165,0.041811034,0.40158463,-0.5951729818422375,-0.7891070012297554,0.19393401938751786,22.918005,49.69474
0.22688507,0.15496325,0.23770458,-1.4694942,0.01081951,-1.6244575,0.48299878236061033,0.49560355536903034,0.01260477300842,89.87528,44.07085
0.6684878,2.8349984,0.6121357,2.8601189,-0.05635208,0.025120497,-0.9354376657623753,-0.9359139652384592,0.00047629947608385237,3.428683,42.87728
0.07536881,0.6948273,-0.62220174,-0.812536,-0.69757056,-1.5073633,0.1446747997385316,0.9822808691262068,0.8376060693876752,89.57146,30.34462
-0.35749045,-1.6501825,-0.21165517,-1.2360195,0.14583528,0.414163,0.6256676930095484,0.8307930560585639,0.20512536304901552,24.223618,33.78984
-0.3822692,-0.48112893,-0.47794443,0.12647666,-0.09567523,0.6076056,0.9805577007622155,0.7613130508503536,0.21924464991186188,32.008266,49.138596
0.4624341,2.3194268,0.24803285,2.6104732,-0.21440126,0.29104638,-0.9909970815448617,-0.9654978491907844,0.02549923235407725,19.844534,40.41369
0.9478843,-0.16230488,-1.0327394,0.8480281,-1.9806237,1.0103331,0.08016744808680665,0.4166005435276592,0.33643309544085254,122.58141,33.178055
-0.43320844,-2.1505408,-0.9561673,0.8647637,-0.5229589,3.0153046,0.2670432891154615,0.3917805679354327,0.12473727881997121,100.151924,42.28973
0.5301162,-2.102201,0.37053314,2.8338685,-0.15958306,4.9360695,-0.12407291275263077,-0.9399535799493197,0.815880667196689,68.808685,47.843136
0.88086945,-1.5806879,-0.93446785,-0.79906327,-1.8153373,0.7816246,-0.005661017802793822,0.8925974251565414,0.8982584429593352,110.60256,30.245476
0.9541696,-0.71024585,-0.23156816,-0.7142177,-1.1857377,-0.0039718747,0.13957342455101518,0.9694632632540454,0.8298898387030302,67.93804,33.28974
-0.3737245,2.892028,-0.1294973,2.2814248,0.24422719,-0.61060333,-0.5871658363866876,-0.8065956576360769,0.21942982124938926,36.533573,46.58415
-0.91583014,-0.86249185,-0.7301328,-0.1618099,0.18569732,0.7006819,0.8951639962615054,0.8834927267999144,0.011671269461591027,28.850645,48.616585
0.7594906,-3.0624728,0.7781999,3.0714977,0.018709302,6.1339703,-0.7865697127977265,-0.8433873649296921,0.05681765213196566,6.234292,46.510365
-0.18009707,2.6036565,0.13434054,2.1844716,0.31443763,-0.41918492,-0.7843544161887195,-0.9066579856162384,0.12230356942751897,29.938774,34.187096
-0.5277004,2.280451,0.09400644,1.967695,0.62170684,-0.31275606,-0.5233549503071515,-0.8188721809000041,0.2955172305928526,39.541935,35.075397
-1.2973711,-2.8387945,-0.5977387,0.06161036,0.69963247,2.900405,0.3067565911732806,0.803471235701525,0.49671464452824443,71.027214,40.192448
-0.20610702,-2.4798605,-0.45676273,2.262252,-0.2506557,4.7421126,-0.11017663210623851,-0.5784133285712834,0.46823669646504484,83.317444,43.778725
-1.1041043,-0.0018181801,-0.86059767,-0.6718782,0.24350661,-0.67006004,0.7226954164974867,0.9270332991886541,0.20433788269116737,24.896244,37.488117
-0.3070253,0.76408243,-0.173019,-0.1989915,0.1340063,-0.96307397,0.25202364989153025,0.858115254950178,0.6060916050586478,53.970554,45.63165
0.5990536,0.70114803,-0.048290785,-1.357017,-0.6473444,-2.058165,-0.11462366669174529,0.7097726021298576,0.8243962688216029,114.42644,36.720905
-0.7686478,-1.5161839,-0.57809764,-0.8488916,0.19055015,0.66729224,0.7432804152587176,0.9832481860442783,0.23996777078556075,31.486567,31.972687
0.009939596,1.9621227,0.096187286,2.1556084,0.08624769,0.19348574,-0.781406522499914,-0.8855016055060139,0.10409508300609982,12.119982,48.39532
-0.33366096,2.308163,-0.09620865,2.2534847,0.23745231,-0.0546782,-0.6787133326068613,-0.8200779950991395,0.1413646624922782,13.943252,37.873577
-0.54314816,2.7242644,-0.14033727,2.10673,0.40281087,-0.6175344,-0.49929153227563106,-0.7586839544675499,0.2593924221919188,40.234657,49.11623
-0.13309628,1.0568669,-0.4425201,2.0749366,-0.30942383,1.0180697,-0.0781420468650591,-0.5451941365209159,0.46705208965585676,58.192394,45.03724
0.22715314,-0.65277934,0.677426,1.8741938,0.45027286,2.5269732,0.7624963728207099,-0.8608077397723406,1.6233041125930505,118.6255,37.759777
0.81798345,1.0833914,-0.17076635,1.8967724,-0.9887498,0.81338096,-0.44629015716989784,-0.6582742852555281,0.21198412808563027,70.19124,38.598106
0.6869841,1.3926222,0.015304903,1.9228483,-0.6716792,0.5302261,-0.6166580348424198,-0.7662693176357953,0.14961128279337554,47.41918,34.852047
0.40269026,0.85271096,0.022828436,2.1184816,-0.37986183,1.2657707,-0.1422836937675349,-0.8448697080931986,0.7025860143256637,73.43106,30.502357
0.8756639,1.2107589,-0.47235838,2.3643909,-1.3480222,1.1536319,-0.5269635620874107,-0.5784906325053214,0.051527070417910714,96.79555,39.97019
0.9822078,-2.7985237,0.65951675,2.8812037,-0.32269102,5.6797276,-0.6414381619375522,-0.9244842636089228,0.28304610167137056,29.437632,34.086708
-0.8226062,0.7872412,-0.6037984,0.21538952,0.21880782,-0.57185173,0.4030803855594698,0.722030846462788,0.31895046090331824,27.49423,39.242073
0.70784706,-3.1199298,0.6693555,2.960771,-0.038491547,6.080701,-0.8170996241047339,-0.8988919621163189,0.08179233801158503,9.217762,46.65281
-1.2285364,0.710938,-0.48830056,-0.80546796,0.7402358,-1.5164059,0.4874347029676489,0.9929847316795382,0.5055500287118893,62.74001,44.411804
-0.2604889,0.0805676,-0.80853796,-0.7226985,-0.5480491,-0.8032661,0.744688778383451,0.9445127209310229,0.19982394254757185,49.488445,32.718395
0.24878833,-0.5043423,0.19815727,2.3716834,-0.05063106,2.8760257,0.7363613060233476,-0.9574457918191364,1.693807097842484,150.2801,42.040737
0.16822657,-3.0382686,0.69246,2.1470842,0.52423346,5.185353,-0.7023006416075681,-0.9415239969766933,0.2392233553691252,63.092285,39.226036
0.18418987,-0.55646586,-0.10394727,-0.92424375,-0.28813714,-0.36777788,0.7838773539562744,0.9036096085294476,0.11973225457317316,26.697687,31.834908
-0.2969682,0.68077326,1.130931,-1.6317593,1.4278992,-2.3125324,0.3176626837466543,-0.19755935219174248,0.5152220359383968,122.67307,31.691273
1.3388909,1.9522674,-1.0225866,-2.7385879,-2.3614774,-4.690855,-0.6237221987897299,0.1710521898871571,0.794774388676887,146.42795,36.832603
0.117871046,-1.8580092,0.081869125,-1.6956508,-0.03600192,0.1623584,0.2776685461426691,0.4236016500922575,0.14593310394958836,9.482553,43.741634
-0.71194124,2.4810016,0.91933805,-2.9662735,1.6312792,-5.447275,-0.3733162268770407,-0.7211298105402615,0.3478135836632208,102.222336,31.294357
-1.0231831,2.3987272,-0.54510784,3.1189883,0.47807527,0.7202611,-0.07017932391437931,-0.3673798590563744,0.29720053514199507,38.98498,48.747276
-0.76825666,2.417484,-0.038181253,1.7783895,0.7300754,-0.6390946,-0.31970017495583214,-0.6669577114696326,0.3472575365138004,52.893482,41.928295
0.19574936,-0.22434926,-1.0674223,0.27876955,-1.2631717,0.5031188,0.6965602247024671,0.6505413725193039,0.04601885218316326,75.8677,44.455338
-0.07628602,2.6028779,-0.5445901,-3.082572,-0.4683041,-5.6854496,-0.8433076757871198,-0.32825975825175724,0.5150479175353626,41.88718,34.020576
0.6456333,1.4244792,-0.08231443,1.9405938,-0.7279477,0.5161146,-0.632264316642229,-0.7271260327955087,0.09486171615327965,49.99495,46.672012
0.7007855,-2.5469594,0.81687105,-3.0551584,0.11608553,-0.508199,-0.4988100338783301,-0.7756482909396858,0.2768382570613557,22.005194,33.981186
1.3021628,-2.3368456,0.8488564,2.8567698,-0.45330638,5.1936154,-0.46405118871711526,-0.8878179031811699,0.4237667144640547,36.40977,45.6059
-1.5027332,-2.0194914,-0.9125072,0.56588995,0.59022605,2.5853815,0.4707716950722878,0.5401215610791716,0.06934986600688386,41.07294,41.398056
1.0222133,-2.1495442,0.8712632,-3.113114,-0.15095013,-0.9635699,-0.3478356841560686,-0.7881089017050182,0.44027321754894966,32.386856,31.35505
1.0663955,-2.8132226,0.8289289,3.0628676,-0.23746663,5.87609,-0.6331355755866923,-0.8357051553579813,0.20256957977128898,19.047096,38.0155
-0.9279135,-1.6594114,-0.16266514,-1.2152389,0.76524836,0.4441725,0.6605665108346459,0.8251527563745675,0.16458624553992163,48.409187,37.934742
0.5134385,0.60605717,-0.29084548,2.1162653,-0.804284,1.5102081,-0.0020388572748419875,-0.6674604708502496,0.6654216135754076,95.18213,42.60433
-0.20191208,1.8748353,-0.17323646,2.247093,0.028675616,0.3722577,-0.6294118687434587,-0.7749001687462531,0.14548830000279445,21.013939,36.98079
-0.9528418,1.3470862,0.31020048,-1.7551944,1.2630423,-3.1022806,0.15030648746397457,0.2568433290602279,0.10653684159625332,143.13863,48.395588
1.1318686,-0.13226175,-0.32208228,1.8188857,-1.4539509,1.9511474,-0.09104817936491738,-0.5258376292870759,0.4347894499221585,115.86119,36.922676
-0.7806095,1.8189142,-0.29477102,1.5882981,0.48583847,-0.2306161,-0.17995102876130353,-0.40804045971586433,0.2280894309545608,29.970179,46.975147
-0.07273708,1.3671758,-0.09006579,1.9430847,-0.01732871,0.5759089,-0.3671214166423473,-0.7241833403539699,0.3570619237116226,32.89935,33.409264
0.40108085,-1.9385465,0.61574835,2.073617,0.2146675,4.0121636,0.06642269876798679,-0.9342444589415511,1.0006671577095378,104.99912,46.800697
1.0276492,2.5316865,0.44196445,2.1559308,-0.5856847,-0.3757558,-0.8508829864962397,-0.9603085041263615,0.10942551763012176,36.799225,32.303913
-1.0453595,-1.4379722,-0.17485909,-1.1443403,0.8705004,0.2936319,0.7179768234072901,0.8592499953872821,0.141273171979992,51.442272,44.113594
0.6876026,-0.0921433,-1.331989,0.9214871,-2.0195916,1.0136304,0.28343073386040674,0.44057047563697793,0.1571397417765712,121.33333,47.24751
-0.85067654,-0.24535298,-0.676946,-0.90474784,0.17373055,-0.65939486,0.8780811341682471,0.96130158321232,0.08322044904407289,28.695692,39.786205
-0.00020718575,-2.3673193,-0.55028117,1.4857866,-0.550074,3.853106,-0.10996641350237724,-0.18007253896975284,0.0701061254673756,130.20023,42.33975
0.120782696,-0.25893974,-0.14252827,-0.9582279,-0.26331097,-0.69928813,0.7526927077316756,0.9091378092821589,0.1564451015504833,42.700684,39.37258
-0.304014,-2.2491004,-0.855504,1.2144881,-0.55148995,3.4635887,0.1321934524029338,0.16490103654244592,0.032707584139512136,111.56895,31.331036
-0.69762367,-0.57797265,-0.75392306,-0.14586742,-0.05629939,0.43210524,0.9725590727052253,0.8739465283546322,0.09861254435059319,18.726093,40.925217
0.13743278,-0.17905784,0.068119,-1.2590617,-0.06931379,-1.0800039,0.7125855322797978,0.7071926203389562,0.0053929119408415715,61.632626,34.392475
0.8686146,-2.1099172,-0.525679,2.1814394,-1.3942935,4.2913566,-0.2737210682820752,-0.5070847440049615,0.2333636757228863,127.69267,38.48693
-0.58024657,1.2564256,-0.6281237,-0.869617,-0.047877133,-2.1260426,-0.00911528834828168,0.9745409185975582,0.9836562069458399,91.98102,35.988945
-1.3102313,2.671694,-1.320617,-3.064116,-0.0103856325,-5.7358103,0.21866770537406488,0.2831367647279903,0.06446905935392544,7.850829,33.26409
-0.217799,-1.6573836,-0.37757257,-1.5717503,-0.15977357,0.08563328,0.5787821661132635,0.6829344272377577,0.10415226112449416,10.283136,30.348392
1.0455166,-1.2581381,-0.50033784,-2.8819656,-1.5458544,-1.6238276,-0.025262224901299035,-0.24502383168723085,0.21976160678593182,115.99991,44.418064
0.4629422,-3.0131006,0.71257555,3.0654874,0.24963334,6.078588,-0.7582489286541976,-0.8561562747570657,0.09790734610286811,17.276615,41.88345
-0.31543136,-2.123098,-0.035090376,-1.7196261,0.28034097,0.40347183,0.24341083742357306,0.4601256634661599,0.21671482604258685,27.78866,49.320602
0.03066317,1.333441,0.10433555,1.8606944,0.07367238,0.5272534,-0.3884061020835432,-0.7729709377331409,0.38456483564959765,30.42625,32.999744
0.5387904,0.87813306,0.058451936,2.338007,-0.48033845,1.4598739,-0.2197334642059836,-0.9063676324489731,0.6866341682429895,82.82934,33.2001
0.92548573,1.8858335,0.84680176,2.3785248,-0.07868397,0.49269128,-0.8123557118031313,-0.9296982848089375,0.1173425730058062,18.2822,45.520893
-0.3798101,0.24245548,-0.8178388,-0.067035854,-0.4380287,-0.30949134,0.6733966336400181,0.8342335609080793,0.1608369272680612,28.905697,45.632473
1.4008617,-1.4631686,1.0383235,-2.516533,-0.36253822,-1.0533643,-0.3461207846497453,-0.516768760555129,0.17064797590538372,26.9234,38.834133
0.822526,2.0752008,0.6517445,2.1905363,-0.1707815,0.115335464,-0.8942984491158921,-0.9573734409176069,0.06307499180171483,10.9303255,48.384907
1.3420721,-0.7705381,-0.22937258,2.0128152,-1.5714447,2.7833533,-0.24595076048896392,-0.6726358319453958,0.42668507145643186,115.35495,42.74386
0.5283156,-0.33294678,-0.7670306,0.6501599,-1.2953463,0.9831067,0.4926870246197108,0.4753822825086047,0.01730474211110611,90.29074,42.26581
-0.79438734,2.5687373,-0.25233355,1.6878663,0.5420538,-0.88087094,-0.29261651113807474,-0.4965257670468528,0.20390925590877806,52.41116,33.36154
0.2988653,0.2724924,0.12441565,-1.2115186,-0.17444964,-1.484011,0.36261461048890986,0.69987574539409,0.33726113490518017,83.181076,30.620794
0.66295075,2.7117617,0.67760086,2.9620686,0.014650106,0.25030684,-0.9621160727954745,-0.8973925709099353,0.06472350188553921,11.258425,30.225986
0.8375239,1.4690449,-0.12976012,2.0546846,-0.96728396,0.5856397,-0.6619025495109869,-0.7472992032504777,0.08539665373949079,62.810062,44.68354
-1.0835282,-0.57550836,-0.6441874,-1.0025368,0.43934077,-0.42702842,0.8192390367174216,0.9475439721635652,0.12830493544614363,29.376707,43.972885
0.22647817,-0.0007197857,-0.7158247,-0.06341344,-0.9423029,-0.062693655,0.574995525699126,0.8508927503253136,0.2758972246261876,54.09223,49.47347
0.9699083,0.5545182,1.1535211,-2.525285,0.18361276,-3.0798032,-0.2087061108084569,-0.519364344446978,0.3106582336385211,58.30702,40.319202
-0.76569635,0.05676484,-0.7922654,-0.12718885,-0.026569068,-0.18395369,0.7955033840428269,0.8600018370760929,0.06449845303326596,7.64737,37.267956
-0.41778457,0.0151491165,-0.82448554,-0.5893823,-0.40670097,-0.6045314,0.8137620523316266,0.9378911423901695,0.12412909005854289,36.055065,30.662457
0.24049546,-1.8970081,0.49907267,-1.7159339,0.25857723,0.18107414,0.1836615904848422,0.17320585146089407,0.01045573902394814,17.671438,36.734005
-0.8811581,-1.5844805,-0.15998822,-1.2168621,0.7211699,0.36761844,0.6997697276255466,0.8235320077565387,0.12376228013099211,44.841045,44.710423
-1.0719076,2.568742,1.3945336,0.90113276,2.4664412,-1.6676092,-0.020559383594010328,-0.4517441821110211,0.43118479851701075,150.7644,36.836407
0.18187296,1.6852605,-0.17371,2.1888397,-0.35558295,0.50357914,-0.7018631549553813,-0.7619391887759583,0.060076033820577024,35.195545,35.252155
-0.13326189,-2.6493974,-0.0896051,2.4972155,0.04365679,5.146613,-0.28716415094847747,-0.8437979370456095,0.556633786097132,64.71044,30.299133
0.66292506,0.20414376,0.46262056,-1.37969,-0.20030451,-1.5838338,0.1660771150701894,0.399926469145111,0.23384935407492158,74.6054,39.84463
-0.5735214,-1.5357976,-0.14760031,-1.0706552,0.42592108,0.46514237,0.7338582518804925,0.8776782666418796,0.14382001476138717,34.675648,47.189915
0.5534039,0.28951335,-0.8367703,1.034805,-1.3901742,0.7452917,0.19152162217098656,0.2594390257531529,0.06791740358216636,88.36337,37.5337
-0.21532227,-1.5593035,0.27141297,-2.5385761,0.48673522,-0.9792726,0.6464716910985668,-0.372172904461344,1.0186445955599108,62.12614,32.219696
-0.15248504,-0.8098812,-0.22410087,-0.9318181,-0.07161583,-0.12193692,0.9397598476903859,0.9393830633034241,0.0003767843869617593,7.994581,45.842327
-0.8821206,-1.4703323,-0.91866565,-1.316206,-0.03654504,0.15412629,0.7482698096163758,0.7957273699886356,0.04745756037225979,5.8677855,33.37624
-0.06853831,1.8620102,0.08419569,2.063407,0.152734,0.2013967,-0.6967520027346215,-0.8522072967288592,0.15545529399423774,14.472928,40.808426
1.1550684,-3.0579693,0.8617591,2.4978566,-0.29330927,5.555826,-0.6805271211450157,-0.9263601404289812,0.2458330192839655,27.032627,34.1892
-0.4226055,-3.0123646,0.028541546,1.9105973,0.45114705,4.922962,-0.37576782742967696,-0.766403706979196,0.39063587954951906,79.69725,39.026615
1.1799467,0.77877235,1.0304615,-2.7156253,-0.14948511,-3.4943976,-0.3834358966423377,-0.6011743901383646,0.21773849349602692,52.486,41.431507
-0.39567375,-1.1033428,-0.29578486,-1.0863228,0.09988889,0.017019987,0.9217682917464423,0.9119585278903486,0.009809763856093667,5.7962317,39.744614
0.0006036759,-0.7676506,-0.0772375,-0.9303298,-0.07784118,-0.1626792,0.8844238913012745,0.8921355303179528,0.007711639016678262,10.324549,41.731045
-0.13143885,1.8856456,-0.16575402,2.2120883,-0.03431517,0.32644272,-0.6751624091969681,-0.7720930023698998,0.09693059317293162,18.599102,41.5848
0.24902448,3.1254542,0.6387431,3.1283844,0.38971862,0.0029301643,-0.795406343183275,-0.8373485776010606,0.04194223441778566,22.329744,42.6433
-1.0970587,1.0327108,-0.3236735,-0.19480608,0.77338517,-1.2275169,0.35365961111580724,0.8941187370727963,0.5404591259569891,64.6211,45.601013
1.0490818,-0.010631561,-0.5107197,-1.4131864,-1.5598016,-1.4025549,-0.04801133891377243,0.7962030547534447,0.8442143936672171,110.54698,41.150417
-0.394019,-0.047299385,-0.5948688,0.012881213,-0.20084977,0.060180597,0.8414626920068142,0.826813191777853,0.014649500228961276,11.898884,40.35171
0.8550273,-3.0438561,0.8933845,2.7197335,0.0383572,5.76359,-0.7645571537394886,-0.8968565773755923,0.1322994236361037,19.094145,35.660618
-0.67331743,1.2367079,0.7200284,-0.051639333,1.3933458,-1.2883472,0.05529923131964409,0.24121244996544888,0.1859132186458048,104.3233,42.0769
0.2125193,2.3593962,0.044192437,2.2073555,-0.16832687,-0.15204072,-0.9601963569301333,-0.8778467572007411,0.08234959972939215,12.941055,43.39565
1.1867653,0.16964412,0.7374428,-2.3486593,-0.44932252,-2.5183034,-0.2032863498914086,-0.3775168415260275,0.1742304916346189,66.53135,43.1097
0.42274028,0.9948981,-0.16346505,1.7364817,-0.58620536,0.7415836,-0.2661378103517613,-0.5772196150651592,0.31108180471339786,53.362125,34.68367
-0.11362213,-2.2115471,0.65397024,-0.36157137,0.7675924,1.8499758,0.07988464741644563,0.39269160083643406,0.31280695341998843,106.63494,37.06531
-1.3714765,3.1187737,-1.2193655,0.54355395,0.15211105,-2.5752196,0.3092137449139305,0.5367144633798455,0.22750071846591502,30.370398,32.001904
0.9249246,-1.8620666,0.5797438,-2.3956695,-0.3451808,-0.53360283,-0.16713108892742579,-0.3640847751906371,0.1969536862632113,29.42363,34.90537
0.001902939,1.035146,-0.18713698,-0.9391454,-0.18903992,-1.9742913,-0.12199531065363445,0.9276140143743845,1.049609325028019,112.71412,32.47582
-0.6343019,-2.6987617,-0.38330713,-2.9022255,0.25099477,-0.2034638,-0.04331054484665309,-0.3332999284886746,0.28998938364202154,17.587534,43.22596
-0.58938974,2.1213872,0.017270507,1.6756406,0.60666025,-0.44574666,-0.4397219352824422,-0.6310844255771211,0.1913624902946789,42.239304,48.13199
0.10494687,-0.26345825,-0.5389991,-0.9635919,-0.64394593,-0.7001336,0.7629537020126538,0.9659131265467593,0.20295942453410554,53.20512,34.20207
-0.45491266,2.7289493,0.4808639,-0.77963185,0.9357766,-3.5085812,-0.5701476034707387,0.5713744735994979,1.1415220770702366,161.19672,35.661533
-0.8442586,1.9407709,-0.253911,1.6282402,0.59034765,-0.31253064,-0.1671727191833252,-0.4583897528292371,0.2912170336459119,36.90808,42.067795
0.43686166,-2.5463738,0.77192324,2.5987577,0.33506158,5.1451316,-0.4344030732647788,-0.9512637527770149,0.5168606795122361,55.43105,32.169907
-1.0789781,2.2606661,-0.75951856,1.8580128,0.3194595,-0.40265334,-0.006499087317578756,-0.21213752336956926,0.2056384360519905,22.777084,46.061165
0.076551676,2.4824054,-0.21633445,2.3335435,-0.29288614,-0.14886189,-0.9211117015415162,-0.7616370973581397,0.15947460418337656,18.800837,44.870518
1.1356494,-0.19695449,-0.41058445,-3.0585573,-1.5462339,-2.8616028,-0.08261067153907664,-0.41024353650307566,0.327632864963999,137.1726,32.53853
-0.42160386,0.025065422,-1.0578465,-0.58654475,-0.6362427,-0.6116102,0.8091581920734999,0.8339671089704677,0.024808916896967736,43.683754,34.336857
0.71790385,2.7785404,0.77259326,2.6679034,0.054689407,-0.11063695,-0.9391707963435874,-0.943884108555789,0.004713312212201615,5.6117835,32.854813
0.055570707,1.6338727,0.041272245,2.01549,-0.014298461,0.3816173,-0.6208039950947266,-0.8170401770878768,0.19623618199315018,21.854286,43.681374
-0.21999465,0.526515,0.012643426,-1.393709,0.23263808,-1.920224,0.41522379055287395,0.661515760476228,0.246291969923354,109.684525,36.420723
-0.4654379,-1.8453939,0.064347975,-1.1585455,0.5297859,0.6868484,0.5133867319528687,0.7546443175599578,0.2412575856070891,48.646423,46.257717
-0.5668996,-0.23505998,-0.52974594,-0.1659803,0.03715366,0.06907968,0.9253420111561947,0.9023232150519291,0.023018796104265604,3.9920382,32.9994
0.87629396,0.8446071,1.0333301,2.8288689,0.15703613,1.9842618,-0.32164120758702985,-0.8196797661506787,0.49803855856364887,58.1032,45.93527
-0.71119905,-2.7974036,0.98231155,2.336998,1.6935105,5.1344013,-0.055116187801539596,-0.8703409645569682,0.8152247767554286,111.75821,40.135296
0.7355096,-0.23395896,0.2710012,-1.4518738,-0.46450838,-1.2179148,0.2890770423073814,0.4863286848721353,0.19725164256475392,64.75289,41.183655
-0.8343862,1.0053694,0.30360165,-1.035283,1.1379879,-2.0406523,0.2759320149701878,0.6557956637239144,0.3798636487537266,120.77539,42.690903
-0.22315906,-0.3385446,-0.11475032,-0.80231774,0.10840874,-0.46377313,0.9203064143948883,0.9279321249078256,0.007625710512937367,26.900036,32.501896
-1.404909,1.2432954,-0.7399821,-0.102056235,0.6649269,-1.3453517,0.40252039165204234,0.8615458918377157,0.45902550018567334,46.18932,44.76886
0.07071379,2.377425,0.15784474,2.2217102,0.08713095,-0.15571475,-0.9151682198805418,-0.9229951086898982,0.007826888809356447,10.170128,41.72969
-0.04166342,1.8915794,0.16524428,2.1027694,0.2069077,0.21118999,-0.7247938456371106,-0.8938278386388809,0.16903399300177036,16.90766,35.704395
0.060687594,0.33167195,-1.5162877,0.8779149,-1.5769752,0.54624295,0.44848033513118146,0.45873891060538363,0.01025857547420217,90.80746,37.772873
-0.14101452,-1.9972528,0.3819662,-1.150019,0.5229807,0.8472338,0.27863270123911477,0.5615053614074821,0.2828726601683673,56.230034,38.375454
0.2122415,-2.587231,-0.11608374,2.1898358,-0.32832524,4.7770667,-0.38963075909009603,-0.7954241894597152,0.4057934303696191,87.80167,34.835846
-0.56347924,1.0574081,0.4353744,-1.4590914,0.9988537,-2.5164995,0.12591836750964625,0.37570444015731885,0.2497860726476726,147.87181,46.10661
-0.19829205,-0.11591625,-0.6537861,0.07203762,-0.45549408,0.18795387,0.830175490824661,0.7976776487732677,0.03249784205139328,27.829832,31.208012
0.20554915,2.0928452,-0.009219789,2.2618515,-0.21476895,0.16900635,-0.9026889290024105,-0.8654271186184227,0.03726181038398779,15.617862,34.41587
-0.64164484,-1.0365531,-0.29205218,-1.185135,0.34959266,-0.14858186,0.9396525877437636,0.8736268565043837,0.06602573123937994,21.399424,39.48468
-0.42783874,2.034201,0.31614503,1.980518,0.74398375,-0.053682923,-0.5431056384157245,-0.8883344199618293,0.3452287815461048,42.732426,37.778057
0.9868379,-0.072169065,0.5067816,-2.6838157,-0.48005635,-2.6116467,0.021889615471336166,-0.5539328260677987,0.5758224415391349,90.62921,31.102663
0.9332879,2.455651,0.83602816,2.4055662,-0.09725976,-0.05008483,-0.8973032078538363,-0.9347587355307976,0.03745552767696125,5.860399,31.690565
0.18711887,2.334606,-1.0890124,-2.7353907,-1.2761313,-5.069997,-0.9505986018037653,0.21162786086329177,1.162226462667057,90.314674,40.46593
-0.9515467,-2.012301,-0.13618141,-1.0404264,0.8153653,0.9718746,0.49133470462290063,0.8837697485930889,0.39243504397018825,64.23138,47.24257
0.76911473,2.6509411,0.7638729,2.691041,-0.0052418113,0.04009986,-0.9468995437738457,-0.9431895228005569,0.0037100209732887635,1.6819084,37.98938
-1.3803577,0.8749621,0.19602412,-1.3665521,1.5763819,-2.2415142,0.4540867016291452,0.5806861298170141,0.12659942818786885,107.857414,42.761017
-0.9503881,1.6354287,0.3693203,-1.9878116,1.3197083,-3.6232402,0.02575132790558632,0.043858713074207856,0.018107385168621537,140.73221,49.64466
0.0839474,2.0776026,0.05742761,2.1516275,-0.026519787,0.074024916,-0.8569917944889838,-0.8692043761786654,0.012212581689681645,4.495098,49.5949
0.89232606,-2.7399676,1.0018945,3.0706751,0.10956842,5.8106427,-0.622746147818785,-0.7809729548713278,0.15822680705254277,16.872513,47.66147
0.5657368,2.6528542,0.70177937,3.081679,0.1360426,0.4288249,-0.9833831659434757,-0.8513073810052489,0.1320757849382268,21.190231,47.583996
-0.7242539,-1.8707042,-0.36035278,-1.0641309,0.3639011,0.8065733,0.54597706072264,0.9302849746518032,0.3843079139291632,44.0589,34.32961
-0.27585986,-0.6058364,-0.31010357,-1.0449467,-0.034243703,-0.43911028,0.9781025546985944,0.9281663278901622,0.04993622680843224,24.148962,44.24617
-1.3781337,2.0658705,0.07498314,-0.45785934,1.4531168,-2.5237298,0.29343262397209235,0.8315824461682206,0.5381498221961283,103.2477,44.089024
-1.4103012,3.135173,-0.16451219,-0.65435034,1.245789,-3.7895234,0.3408551878030747,0.9516679028280528,0.610812715024978,87.93879,32.609425
0.4856481,3.0121872,0.5559921,2.8170285,0.07034403,-0.19515872,-0.8869205514342937,-0.9516224570975833,0.0647019056632896,10.496063,40.64479
0.5424348,2.5024784,0.7229678,2.1336489,0.18053299,-0.3688295,-0.9973881263278876,-0.9325399404137755,0.06484818591411212,19.854248,30.161583
1.4072206,0.14182019,0.77644193,-3.0836146,-0.6307787,-3.2254348,-0.3529569027844144,-0.7935600814675163,0.44060317868310195,54.856762,38.329754
1.0299655,-2.9980319,0.9589598,2.4204152,-0.0710057,5.418447,-0.7065201004501533,-0.8851201727760909,0.17860007232593755,26.666122,49.49422
1.0695639,-0.006214142,-0.80484843,1.238714,-1.8744123,1.2449281,-0.0662923881518685,0.12477915091260083,0.19107153906446933,121.69753,31.05481
-1.3132248,-3.0328865,-0.78026474,0.5859307,0.53296006,3.6188173,0.2825305894775846,0.516681923652051,0.23415133417446643,58.705082,35.438183
-0.2957225,0.23855114,-1.0112681,-0.39279863,-0.71554565,-0.6313498,0.6547641951589434,0.8419314825529733,0.18716728739403,48.939312,34.976967
-0.34567115,1.4143922,-0.01881835,1.3510252,0.3268528,-0.06336701,-0.2572091674183712,-0.3799459811529575,0.12273681373458634,19.061356,31.648666
-0.5838155,-2.9754827,-0.4425033,2.1905875,0.14131221,5.16607,-0.24309473749437238,-0.5758556246704387,0.33276088717606633,55.494022,45.81676
-0.36947095,-0.538301,-0.41198996,0.047283616,-0.042519003,0.5855846,0.9868709639061883,0.7960057170521526,0.19086524685403572,31.048744,33.422394
-0.65675026,-1.6836312,-0.17660499,-1.0725256,0.48014528,0.61110556,0.6534893628219476,0.8863294270260447,0.23284006420409709,41.77042,44.36619
-0.840411,2.0183628,0.5123775,-1.5066165,1.3527884,-3.524979,-0.19218307574406346,0.29558087564009794,0.4877639513841614,154.7512,40.729584
-0.14281215,-1.5001962,-0.11632976,-1.1838986,0.026482388,0.31629765,0.6603298485276095,0.822940040863342,0.1626101923357326,18.032755,49.923923
-0.7879451,-0.3728516,-1.115278,-0.0020584029,-0.3273329,0.3707932,0.9239011724946931,0.7180651653097149,0.2058360071849782,22.208193,32.165607
-0.058894105,-2.7556937,-0.1803513,2.041265,-0.1214572,4.796959,-0.4080843882426919,-0.7132350074518605,0.30515061920916864,84.63427,39.591652
0.46503735,2.7878401,0.39113545,2.9516907,-0.07390189,0.16385055,-0.9599588290897536,-0.9025997681409521,0.0573590609488015,9.528461,31.808859
-0.894405,-2.0091553,0.73004365,-2.8723326,1.6244487,-0.8631773,0.48649683630374163,-0.6954349633117367,1.1819317996154783,102.52533,33.827404
-1.4386836,1.0935323,-0.8108517,0.3890749,0.62783194,-0.7044574,0.4317355730263457,0.6308356999994196,0.1991001269730739,38.028717,32.419106
0.07567713,-0.49359012,-0.030938884,-1.1258622,-0.10661601,-0.6322721,0.8374059030896497,0.8126977372238622,0.0247081658657875,36.71163,37.016518
0.22158085,-1.1874019,-0.2908985,-1.0819681,-0.51247936,0.10543382,0.6537815279410282,0.9124477209945141,0.2586661930534859,29.963724,35.9672
0.65133196,0.5653322,-0.16092888,1.465742,-0.81226087,0.9004098,-0.04681710355299096,-0.3979464433678337,0.35112933981484273,67.01,42.177223
1.213525,-1.5483046,0.8775211,-2.5211244,-0.33600396,-0.9728198,-0.23047732055036546,-0.5084476419188331,0.2779703213684676,32.176926,37.203743
-0.94144005,2.690316,0.8458821,-2.9359097,1.7873222,-5.6262255,-0.13980164222850355,-0.7195132661441628,0.5797116239156592,107.222176,32.9038
-0.9576659,-2.0166535,-0.7751239,-0.24175766,0.18254203,1.7748959,0.4897724408133737,0.8977072892501612,0.4079348484367875,60.723682,44.147373
-0.084491014,-0.85376525,-0.12870759,-0.8153072,-0.044216573,0.03845805,0.9097183824764663,0.9312322584382748,0.021513875961808537,3.3493645,48.111725
0.86923134,-0.7707133,0.7102337,-0.8179275,-0.15899765,-0.04721415,0.22066712957603585,0.3678200311142348,0.14715290153819893,9.305186,44.73947
-0.84550995,0.61117125,-0.3829971,-0.86566246,0.46251285,-1.4768337,0.5100776492639998,0.9803048720164291,0.47022722275242934,70.283035,33.470684
-0.5651548,-1.109566,-0.25665227,-1.0525248,0.30850253,0.05704117,0.9254522544914412,0.9146179907448388,0.010834263746602346,17.924881,44.40145
0.9186741,0.8646505,0.9073123,-3.1175287,-0.011361837,-3.9821792,-0.3461391175537827,-0.7810572988576661,0.4349181813038834,67.85948,43.050774
1.0718927,-2.3550732,-0.24576938,2.5728307,-1.3176621,4.927904,-0.4500369318167152,-0.7458680167575,0.2958310849407848,96.56908,34.94035
0.94881546,-2.26657,-0.036317527,2.4977493,-0.985133,4.7643194,-0.38469616763547876,-0.8711399647578664,0.4864437971223876,89.9591,31.960102
0.035027277,1.9750841,0.03469165,2.0965533,-0.0003356263,0.12146926,-0.7979915229194461,-0.8431289177357963,0.04513739481635026,6.9554477,33.861614
-0.3401259,1.073569,0.15426652,-0.99518496,0.4943924,-2.068754,0.006950234602751237,0.7623755167767126,0.7554252821739613,119.747795,46.332848
-0.49240834,-2.7861662,-0.13305524,1.5756702,0.3593531,4.3618364,-0.18794154488660197,-0.4911787041486007,0.30323715926199873,103.722916,46.404343
0.1073973,-2.775799,1.021013,-2.6281185,0.9136157,0.14768052,-0.4978451290871053,-0.5652503586481235,0.06740522956101813,52.754425,34.794537
-0.6433712,-0.2571373,-0.72698283,-0.18959148,-0.08361161,0.06754582,0.925641532140876,0.8928315913029534,0.03280994083792255,5.6491327,44.88433
0.034927078,-0.74048066,-0.10359598,-0.9023999,-0.13852306,-0.16191924,0.8701223894887278,0.9080885155348497,0.03796612604612193,12.199217,47.292572
-0.9335237,1.613014,-0.17207377,1.0561527,0.76144993,-0.5568613,0.02192350330414039,-0.05903424103220445,0.08095774433634484,50.560028,39.04292
0.44440702,-1.4673848,0.110516064,-1.3076189,-0.33389094,0.15976596,0.3648126303785548,0.6604340512099167,0.2956214208313619,21.037432,38.612766
-0.3734884,-1.0260293,-0.27827793,-0.9467827,0.09521046,0.07924664,0.943515140075494,0.9484979824293234,0.0049828423538293976,6.945627,33.05976
-0.33022457,2.6050584,-0.65348023,-0.26299566,-0.32325566,-2.8680542,-0.6843230660064599,0.9260269297034736,1.6103499957099334,121.73678,37.06194
0.69351655,1.092344,0.10493029,1.7852196,-0.5885863,0.6928755,-0.4247440729234224,-0.7330337865197745,0.30828971359635204,49.05159,48.689346
-0.9102746,-2.3380566,-0.71202284,0.05774912,0.19825178,2.3958056,0.31034045272088484,0.8008289345594122,0.49048848183852733,79.93477,40.196423
0.3483965,0.050540447,0.021030245,-1.2820686,-0.32736626,-1.332609,0.46990753957021836,0.7187966403610095,0.24888910079079118,76.76789,47.74164
-0.7830638,-0.29899192,-0.6846369,-0.08829201,0.09842694,0.21069992,0.9098949475796951,0.8642315178614783,0.0456634297182168,10.57425,36.000053
-0.72411096,-2.286239,-0.39556235,2.7911088,0.3285486,5.0773478,0.2750229063594407,-0.6013419611012072,0.8763648674606479,59.868908,40.73631
0.79034996,-0.9527166,-0.33032644,-1.8344648,-1.1206764,-0.8817482,0.27513811773967234,0.48278959392809284,0.2076514761884205,78.890816,41.662556
1.2968358,-0.9505317,0.8999807,-2.3132207,-0.39685506,-1.362689,-0.21012950462104385,-0.39776633587579546,0.1876368312547516,37.92185,44.020927
0.5411931,3.054107,0.56035495,3.023422,0.01916182,-0.030684948,-0.8712755743462881,-0.8837859223665356,0.01251034802024753,1.8573048,49.300556
0.1874973,0.7507324,-0.4701127,1.29416,-0.65761,0.5434276,0.04304627352652446,-0.09776185678026028,0.14080813030678474,48.296535,42.360596
1.0905553,-2.025056,0.07471227,2.5780926,-1.015843,4.6031485,-0.3177282682928446,-0.9152250067792975,0.5974967384864529,89.08483,46.336517
0.7560252,2.0481536,0.46727422,2.098443,-0.28875098,0.050289392,-0.9046284522907264,-0.946038580155971,0.04141012786524456,16.708649,35.414818
-0.46214336,0.9350064,-0.52949595,-0.8809222,-0.06735259,-1.8159286,0.17530968596595642,0.9819601211326123,0.8066504351666559,87.83789,33.299004
0.14585657,-0.86933017,-0.31954202,-1.0566466,-0.4653986,-0.18731642,0.7956665016794631,0.9262140870877325,0.13054758540826938,28.692137,40.488518
-0.41093615,-0.4142084,-0.11228754,-0.6462236,0.2986486,-0.23201519,0.9708711438366358,0.9342013207272295,0.03666982310940625,21.357622,43.269714
0.0088840695,-1.4178278,0.006190899,-1.0173819,-0.0026931707,0.40044594,0.6489180959014096,0.8335046131267201,0.1845865172253105,22.943716,31.148066
-0.8846572,-2.769095,1.298395,-2.9943466,2.1830523,-0.22525167,0.07201458727562216,-0.6047166256925454,0.6767312129681675,125.38172,30.314417
0.59309834,-1.9042814,0.33637986,0.28033805,-0.2567185,2.1846194,-0.011246251437995625,0.33482907766812353,0.34607532910611916,105.44824,36.04592
-0.49643502,-2.710409,-0.36120588,1.5909278,0.13522914,4.301337,-0.13364448363732784,-0.36879564336208914,0.2351511597247613,99.22692,37.634884
-0.6454243,-1.4549111,-0.7912865,-1.014709,-0.14586222,0.44020212,0.7792064176856157,0.9145245210464665,0.13531810336085082,20.634497,46.971455
-1.1861867,-0.61183596,-0.7888552,-0.20226079,0.39733148,0.40957516,0.7577754346910526,0.8835928148481162,0.12581738015706367,25.811737,48.71575
0.25093988,-0.83152175,-0.5511931,-1.4195018,-0.80213296,-0.58798003,0.7361820838300339,0.7955242664453772,0.0593421826153433,56.179688,43.77268
-0.11806852,2.7432644,0.34780604,2.145714,0.46587455,-0.5975504,-0.7956143560150872,-0.9484223368200269,0.15280798080493962,42.97465,39.138863
0.05633998,-3.0235565,0.85112005,-3.049672,0.7947801,-0.026115417,-0.6500998194904493,-0.7676216422708286,0.11752182278037937,45.555553,34.165207
0.85949343,1.7967584,0.43488377,2.1453745,-0.42460966,0.34861612,-0.8011321670362532,-0.9572459383638012,0.156113771327548,28.885681,36.158615
0.3937528,-0.5008669,-0.4209161,-1.1986887,-0.8146689,-0.69782186,0.6328049262079691,0.888687739384677,0.2558828131767079,60.71967,39.53582
0.5375402,2.536516,0.9689739,2.4108253,0.43143368,-0.1256907,-0.9963932552530679,-0.8801773385023779,0.11621591675068998,25.239824,44.6852
-1.4196709,2.2688549,0.37318882,-1.053178,1.7928598,-3.322033,0.3220790214661755,0.601139783238084,0.2790607617719085,119.890465,44.907284
0.46131995,-0.106621504,-1.4231771,0.4591212,-1.884497,0.56574273,0.46777261279627735,0.5090371436072112,0.04126453081093384,109.214294,36.998787
-0.2732495,-0.53519034,-0.17416279,-0.8705239,0.09908672,-0.3353336,0.9714328244548387,0.9375964249085644,0.033836399546274265,19.563074,43.50604
-0.85810256,1.7060754,-0.72807634,1.5669458,0.13002622,-0.13912964,-0.0731045543527884,-0.10613511373480633,0.03303055938201793,9.304807,41.945892
0.93693733,-2.5329218,1.0840968,2.674803,0.14715946,5.2077246,-0.5197697115420041,-0.8121123048379735,0.29234259329596934,32.45063,40.45664
-0.9010306,-1.3145808,-0.67778224,-0.87038404,0.22324836,0.44419676,0.8011974917834577,0.9662269928085934,0.1650295010251357,21.835646,38.82599
-0.093157984,-2.6444569,1.2125124,2.846301,1.3056704,5.490758,-0.303000685953446,-0.7190716854137373,0.41607099946029136,80.90763,47.44622
0.9600393,2.7787893,0.76923454,2.5979764,-0.19080478,-0.18081284,-0.8610003660576888,-0.9520940987451283,0.09109373268743948,12.803688,32.673473
0.70824796,-1.7219515,-0.47130564,0.009377221,-1.1795536,1.7313287,0.037890717129001494,0.8229936528453758,0.7851029357163744,113.79888,37.1922
1.0312705,2.6082203,-0.19579476,2.5670047,-1.2270653,-0.04121566,-0.845472772056306,-0.778402983412791,0.06706978864351498,70.3317,38.853767
0.8306354,-2.8673012,0.8279271,2.4211187,-0.0027083158,5.2884197,-0.6887543722638494,-0.93809169028901,0.24933731802516057,37.598896,48.480736
-0.083275214,2.091369,0.17611904,2.018801,0.25939426,-0.07256794,-0.7850438352364364,-0.868035141541565,0.08299130630512863,15.42847,47.680016
1.3590894,1.0490539,-0.12034688,2.6438618,-1.4794363,1.5948079,-0.47621336696046024,-0.8138477148858669,0.3376343479254067,97.02975,30.160994
-0.49877843,0.22117591,-0.8300698,-0.18156652,-0.33129135,-0.40274245,0.7083685758164338,0.867252461356101,0.15888388553966726,26.076456,48.36002
-0.931617,-3.0631983,0.4719486,-2.7598279,1.4035656,0.30337048,-0.01971310964231665,-0.5994402933899536,0.579727183747637,81.82544,30.594265
1.2266196,-0.8828094,-0.4047313,-0.14213222,-1.6313509,0.7406772,-0.13827954684574095,0.8852730462661578,1.0235525931118987,98.150635,46.86178
-0.20121963,2.7332132,-0.0796981,2.2953124,0.12152153,-0.43790078,-0.7490116113537066,-0.8360499779474333,0.08703836659372666,25.780552,39.579693
-0.4470606,-0.49807048,0.18989496,-0.98242867,0.63695556,-0.4843582,0.9874332981204486,0.7446074976692625,0.24282580045118607,45.408035,43.90959
-0.7116306,2.6756852,-0.3375115,0.5019794,0.37411907,-2.1737058,-0.3593581676070272,0.4756249501007819,0.8349831177078091,100.89062,30.389137
-0.17524746,-2.7038221,-0.50726974,1.9878755,-0.33202228,4.6916976,-0.30909981069702397,-0.4658472027524514,0.15674739205542743,86.16454,45.270706
0.24455276,-0.9252002,-0.10027979,-0.7521672,-0.34483254,0.173033,0.7238785255690559,0.9273471808159863,0.20346865524693047,22.071388,33.163338
0.74625695,0.050993204,0.12345261,-0.9608878,-0.62280434,-1.011881,0.17791180630433634,0.7890620121677303,0.611150205863394,61.96725,38.608555
-0.7519754,-1.2787198,-0.2722427,-1.0881526,0.47973272,0.19056714,0.8465097056138191,0.9063347958334838,0.059825090219664645,29.027851,43.926857
-0.009596495,3.0073102,0.0638742,2.0245686,0.0734707,-0.9827416,-0.75871466460306,-0.8299346449655118,0.0712199803624518,56.428696,42.59668
-0.5321522,-1.4975994,-0.6264297,-0.9691248,-0.0942775,0.52847457,0.7521310480237791,0.9572686827462284,0.2051376347224494,25.799501,40.39533
-0.96420217,1.392194,-0.7283931,-0.5842977,0.23580909,-1.9764917,0.1365221079313117,0.9658033105890329,0.8292812026577212,67.72707,36.534557
-1.1959908,1.8525999,-1.0731063,0.85185415,0.12288451,-1.0007458,0.16116477038172317,0.42256880872123403,0.26140403833951087,24.215708,35.482956
-0.031959966,0.6269314,0.32470113,-0.9362058,0.35666108,-1.5631373,0.2528658496570557,0.6668955435632604,0.4140296939062047,90.1684,48.243412
0.970185,2.233607,0.55351996,2.156902,-0.41666502,-0.07670498,-0.8665837395275382,-0.9604383920749253,0.09385465254738712,24.072495,48.177032
-0.16942617,1.7441499,0.19963641,2.1456604,0.3690626,0.40151048,-0.5783464590320309,-0.9167897322975147,0.33844327326548385,31.148088,34.53567
0.34921798,-2.8094382,0.69406676,2.1847115,0.34484878,4.9941497,-0.6048778530829555,-0.9489023060124104,0.34402445292945494,65.184845,36.785877
0.5387208,-0.37192178,-0.041192643,-1.1484919,-0.57991344,-0.7765701,0.4934955314075413,0.8080925198757716,0.31459698846823025,53.79728,40.493042
0.84881717,2.6387846,0.8179026,2.4164288,-0.030914545,-0.22235584,-0.9229639392719644,-0.9413466634089414,0.018382724136976947,8.736486,47.53508
-0.7644202,-2.6326947,-0.64411795,1.9771134,0.12030226,4.609808,0.07368087474694995,-0.35104490867443694,0.4247257834213869,69.11393,42.32673
-0.5510788,1.7120101,-0.107827574,2.3679872,0.44325122,0.655977,-0.31023353530111697,-0.829711165538292,0.5194776302371751,43.317204,48.986385
-0.8301217,-1.5598556,-0.623168,-1.0048734,0.2069537,0.5549822,0.7169533092296049,0.9496938096958818,0.23274050046627692,26.308634,36.698658
-0.66580266,-0.08342099,-0.60841256,-0.08208968,0.057390094,0.0013313144,0.8643360223457748,0.8678774030333889,0.003541380687614115,3.2887263,41.545612
0.8739682,2.677893,0.6961883,2.8292627,-0.17777991,0.15136981,-0.9095647243344658,-0.9321841824370942,0.022619458102628442,11.872485,34.12681
0.31109756,2.0267503,0.38716206,1.9556088,0.0760645,-0.07114148,-0.9049150192742683,-0.8898521827011745,0.015062836573093819,5.801167,35.589127
0.06108948,2.179179,0.1414933,2.1280525,0.08040383,-0.05112648,-0.8780086234356261,-0.8937857504307569,0.015777126995130786,5.450788,44.793247
1.3534919,0.02955985,-0.32139233,1.6111393,-1.6748842,1.5815794,-0.3013320661868325,-0.406560612062433,0.10522854587560049,108.09929,31.427498
-1.1361675,1.4890344,0.30394247,-1.5715852,1.44011,-3.0606196,0.20741535433232006,0.39044005681304433,0.18302470248072428,132.21509,37.564705
-0.9350152,-1.9702092,-1.0083869,0.38789797,-0.07337165,2.358107,0.5111170610871385,0.6193824137498973,0.10826535266275883,62.847816,45.462856
-0.25625262,1.6368811,0.03453678,2.070818,0.2907894,0.43393683,-0.4625161482243749,-0.8344664591324942,0.37195031090811925,29.725002,31.81271
-0.44083166,-1.6234318,-0.08097878,-1.1176502,0.35985288,0.50578165,0.6624456308527029,0.8365235476879684,0.17407791683526552,34.605125,43.71882
0.6665359,2.343796,0.4138201,2.387393,-0.25271583,0.043596983,-0.9764574398687529,-0.9953302746342487,0.01887283476549584,14.635397,48.56321
0.5909201,-1.977162,-0.5901037,2.0955408,-1.1810238,4.072703,-0.06139388022425507,-0.4323812323111138,0.37098735208685873,136.21118,48.265472
-0.13978168,0.9276788,0.40134943,0.5110366,0.54113114,-0.41664225,0.0381365705592529,0.12997520183323097,0.09183863127397807,38.817593,45.45002
-0.32278532,1.4979651,0.043564457,2.2901888,0.3663498,0.7922237,-0.33015744516846857,-0.893661098076314,0.5635036529078454,49.341484,47.655552
-0.5116271,1.0487144,0.3826263,-1.7293192,0.8942534,-2.7780337,0.10842437162123097,0.2340887220197203,0.12566435039848933,159.85417,36.763798
1.0518217,-1.6565708,0.8795989,-2.2905128,-0.1722228,-0.633942,-0.15407010457133774,-0.3800267983746437,0.22595669380330596,22.515902,30.735779
-0.2928533,2.7140887,-0.023339158,2.080187,0.26951414,-0.6339016,-0.6931719112955417,-0.8113976291470222,0.1182257178514805,38.92717,40.022537
-1.0455527,-1.5093986,-0.82957244,-0.50501174,0.21598029,1.0043869,0.6950563446926042,0.9298360147439926,0.23477967005138833,34.927067,33.74702
-0.84472066,-1.452481,-0.84155154,-0.9959497,0.0031691194,0.45653135,0.7622411598794816,0.9032738791680988,0.14103271928861716,17.313868,37.902027
0.33773756,-0.48355293,-0.15970191,-1.0454575,-0.49743947,-0.56190455,0.671721848412572,0.8899606796062951,0.21823883119372312,42.64362,31.47958
-0.447464,1.3930061,-0.7417851,2.3540537,-0.29432112,0.96104765,-0.1819584338062583,-0.341173952965935,0.1592155191596767,47.704323,32.714043
0.22901942,1.2666681,-0.1393623,1.9829587,-0.36838174,0.7162906,-0.4156364278456177,-0.714413781341614,0.2987773534959963,45.90143,47.17195
0.8134742,-2.50892,0.14173849,1.9985063,-0.6717357,4.5074263,-0.49348234773504096,-0.8488907295377217,0.35540838180268075,92.04963,42.00914
-0.4945906,0.079162836,-0.5803863,0.038745716,-0.08579567,-0.04041712,0.7891360432210783,0.8144561185097128,0.025320075288634447,5.302489,37.250885
-1.0740186,-0.87884784,-0.8500182,-0.26938426,0.2240004,0.6094636,0.8175812162153413,0.88396513371032,0.06638391749497874,23.30879,32.76229
-0.31374562,2.9789712,-0.04092392,1.9500705,0.2728217,-1.0289007,-0.5963984179307165,-0.7522287848314595,0.15583036690074303,59.814606,44.09702
0.1565331,-2.0091362,0.42605126,-1.4849921,0.26951814,0.52414405,0.13210508822179357,0.3669996264102804,0.23489453818848682,32.52598,39.395733
-0.14298533,0.06854153,-0.7627434,-0.2106196,-0.61975807,-0.27916113,0.714391536151556,0.8919485016237312,0.17755696547217514,38.157326,38.54789
-1.2742059,1.8811119,0.1843829,-0.86369944,1.4585888,-2.7448113,0.22230894121991307,0.7736766785628078,0.5513677373428947,116.12438,35.470367
1.101063,0.8020539,0.8654658,0.9537902,-0.2355972,0.15173626,-0.370062053624709,-0.380922467801188,0.010860414176478983,14.302851,32.7951
-0.04372488,-1.9916868,0.0355585,2.1281414,0.07928338,4.119828,0.2409708598712239,-0.8533018127164422,1.0942726725876661,123.99735,37.854275
-0.65575933,0.1498549,-0.98832893,-0.49921826,-0.3325696,-0.6490731,0.7589409671807776,0.8644050626842308,0.10546409550345315,31.069101,39.997505
-0.3273772,-3.0249918,-0.103944756,2.0426018,0.22343245,5.0675936,-0.44551456737327033,-0.7571400073318966,0.31162543995862624,68.84464,34.356407
-0.09515836,3.101102,0.4896408,1.8159816,0.5847992,-1.2851205,-0.6703366846251726,-0.8384320733495141,0.1680953887243415,78.2944,30.013863
-1.1398907,-2.725066,-0.55625296,0.48746663,0.5836377,3.2125325,0.24447246821884683,0.5435705756437237,0.29909810742487686,82.7666,44.806927
-1.0268968,-1.4125668,-0.93290484,-0.71496946,0.093991995,0.6975973,0.7318315502704706,0.8970407248107914,0.1652091745403208,22.542353,39.590656
0.66611207,-1.4380568,0.5509796,-0.6103556,-0.11513245,0.8277012,0.22045174897548625,0.5157591214058126,0.29530737243032634,39.03864,42.702496
0.003291613,-0.9235883,-0.0857075,-1.008464,-0.088999115,-0.0848757,0.8593202752240074,0.8751688155270587,0.015848540303051273,7.042415,42.840614
0.64446217,1.6554449,0.24565668,1.9966581,-0.3988055,0.34121323,-0.7633273096615105,-0.879056965946134,0.1157296562846235,28.738665,49.446198
0.19853354,-1.6669301,0.11357988,-1.1251587,-0.08495366,0.5417714,0.3843120280053749,0.7420674820225175,0.3577554540171426,31.028862,33.55008
0.14139718,1.5764949,0.08261369,2.1682932,-0.058783486,0.5917983,-0.6165291248921108,-0.8837266784159423,0.26719755352383157,33.851616,30.356512
-0.7954471,-1.9821905,0.13254656,-0.965073,0.92799366,1.0171175,0.48790518522056026,0.7828817425940322,0.29497655737347195,74.30938,47.372536
0.43104723,-0.9325011,0.12510192,-1.0671273,-0.3059453,-0.13462627,0.588731398318803,0.7567658480329458,0.16803444971414283,19.019787,41.375793
-0.3754426,-0.33481264,-0.26650888,-0.21157858,0.10893372,0.12323406,0.9482668724865189,0.8886713359611003,0.0595955365254186,9.153302,38.17349
-0.57016766,1.9931133,1.0198205,-3.0638092,1.5899881,-5.0569224,-0.41749073257250835,-0.7309707609284508,0.31348002835594246,108.12212,31.193428
0.6834418,2.357608,0.45060873,2.1132362,-0.23283309,-0.24437189,-0.9743184833958125,-0.949511297706243,0.024807185689569522,17.772034,34.2057
-0.19292821,-2.8317251,1.0290883,2.8017201,1.2220165,5.6334453,-0.39634643506355083,-0.8259276505950774,0.4295812155315266,76.19357,35.793964
0.42555025,-1.9452431,1.0783691,-1.5321817,0.6528189,0.41306138,0.04835398942339886,-0.1297721839450886,0.17812617336848746,40.697784,35.114254
-0.49497396,2.8062766,0.007948805,1.9632336,0.5029228,-0.84304297,-0.5203083669793056,-0.7809867839032563,0.26067841692395066,54.439392,34.568855
0.58631974,-0.67313194,-0.14907297,-1.14672,-0.7353927,-0.4735881,0.48665148942163583,0.8499222986983455,0.3632708092767096,49.390198,42.48444
0.9241955,-1.5100656,-0.58587337,-0.87063026,-1.5100689,0.6394353,-0.007584787926151693,0.9794874300574143,0.987072217983566,92.205795,39.28678
-0.14150217,1.6397021,-0.07628289,1.9647468,0.06521928,0.32504475,-0.5294441208374931,-0.7408195704736888,0.2113754496361957,18.882439,44.56108
-1.1482545,0.11613774,-0.76054734,0.10975399,0.38770717,-0.0063837543,0.6750127414028564,0.7727635473214076,0.09775080591855123,22.214905,45.415012
-0.6465857,-1.6596867,0.049631625,-1.0374637,0.6962173,0.622223,0.666978087628733,0.8063889763786576,0.13941088874992458,51.839005,36.408195
0.101306066,-0.29480267,-0.94488263,0.35168073,-1.0461887,0.6464834,0.775538391759639,0.642217458498604,0.133320933261035,67.46414,32.44743
0.804531,-2.7570736,0.8604826,2.956824,0.055951595,5.7138977,-0.633260729379229,-0.8595410461018185,0.22628031672258953,22.009794,38.109604
1.1888818,-2.8380675,0.957379,-3.1179638,-0.23150277,-0.27989626,-0.6110292863620561,-0.7674690527476029,0.1564397663855468,15.209429,33.80192
-0.6503304,-3.1059866,0.6209289,2.6569178,1.2712593,5.762904,-0.2597915238723888,-0.9768541184356216,0.7170625945632328,77.91141,33.948193
0.66928935,1.243367,-0.05280844,1.9466732,-0.7220978,0.7033062,-0.5201005938601337,-0.7448566410566402,0.22475604719650644,55.626793,30.686113
-0.77250797,1.4703443,0.16030145,0.82068485,0.9328094,-0.64965945,-0.02453576267538704,-0.005029365708042022,0.01950639696734502,63.156155,30.638071
-0.018292375,-2.0732794,0.50087863,-1.2151473,0.519171,0.8581321,0.15861307103657651,0.4473835333940386,0.28877046235746207,55.621735,31.142445
0.018671285,-0.052987814,-0.51716155,-0.9707624,-0.5358328,-0.91777456,0.7149574689667626,0.9650238352959057,0.25006636632914314,58.747566,45.908096
-0.00536802,2.8467548,-0.086799175,2.1055522,-0.08143116,-0.7412026,-0.8236747976814947,-0.7877370067523524,0.03593779092914229,42.664482,34.149773
-0.97528476,1.8673785,-0.92207605,1.5128936,0.05320871,-0.35448492,-0.03140999693225943,0.05574329401288014,0.08715329094513957,12.173364,48.39841
-0.7173852,-1.1196907,-0.12153222,-1.000189,0.595853,0.11950171,0.9051686654795184,0.8907731209839183,0.014395544495600099,34.680695,41.896965
-0.2176299,2.1152284,0.043955088,2.058053,0.261585,-0.057175398,-0.7149798230810909,-0.8340145250059741,0.11903470192488319,15.336907,47.908863
0.05415595,-2.4631681,-0.4991142,1.7605028,-0.55327016,4.223671,-0.21848505828681652,-0.3729821793104149,0.15449712102359836,115.94601,40.24866
0.15891562,-2.8860176,0.9476148,2.5118675,0.78869915,5.3978853,-0.5986135649180495,-0.8904661136309109,0.29185254871286137,60.44153,46.54195
0.3170101,-1.2900741,0.015142033,-1.2998025,-0.30186808,-0.009728432,0.5454959114056788,0.712435030580537,0.16693911917485826,17.304434,46.33743
-0.87499136,-1.9497207,-0.45169026,-2.561509,0.4233011,-0.61178815,0.5166373836163434,-0.05017763361361638,0.5668150172299598,36.18313,32.865532
0.16716357,-1.7687234,-0.035322323,-1.6335977,-0.20248589,0.13512564,0.3240707083910328,0.5246787015414118,0.20060799315037903,13.930901,43.487206
-0.6024732,-1.2620692,-0.47234085,-1.1555843,0.13013235,0.10648489,0.868365733360811,0.909377103339585,0.04101136997877397,9.109015,37.989105
-0.5305019,-2.469862,1.2377199,-2.0096571,1.7682219,0.46020484,0.059647803489824014,-0.3659970049271779,0.4256448084170019,103.03144,47.76299
0.16369417,0.22407317,-0.81438744,0.32335284,-0.9780816,0.09927967,0.472796986388623,0.6651687547418197,0.1923717683531967,56.269966,32.590046
0.4562829,1.2673814,-0.21291609,2.1587148,-0.669199,0.89133334,-0.48970803336111857,-0.7302507443514941,0.2405427109903755,62.72603,35.415913
0.2345072,-2.101098,1.2814891,-3.0428286,1.0469819,-0.9417305,0.01586473285885681,-0.6211984488727557,0.6370631817316125,67.29583,36.04447
-0.0725768,-2.9712915,-0.07645796,2.2862487,-0.003881164,5.25754,-0.5566315480019961,-0.8363263899770734,0.2796948419750773,58.586533,49.49796
-1.2454476,-0.9623246,-0.5928248,-2.330234,0.6526228,-1.3679094,0.7065920652053688,0.19202557682650578,0.514566488378863,54.351387,32.196922
0.0822691,2.5759342,0.08862179,-0.9981973,0.0063526854,-3.5741315,-0.9183607375112608,0.7980934574676928,1.7164541949789536,153.38152,38.564026
0.10078281,2.0294,0.014018337,2.195901,-0.08676448,0.1665008,-0.8461896631615717,-0.8620827867153216,0.015893123553749833,10.740667,45.508873
0.514563,1.6972511,0.3140403,1.9549731,-0.20052272,0.25772202,-0.7799606863568709,-0.8775492296488245,0.09758854329195366,17.708101,34.371502
-0.08429529,1.2276433,0.33084896,3.0761168,0.41514426,1.8484735,-0.24770580995424574,-0.8393551488919724,0.5916493389377266,106.59986,47.93221
-0.15597074,0.3283198,-0.2682316,-1.2549627,-0.11226086,-1.5832825,0.5450620771649106,0.8370807020638935,0.2920186248989829,88.32237,33.74793
0.11412235,0.20983887,-0.9788649,-0.81385064,-1.0929873,-1.0236895,0.5088701963775613,0.8713582059169269,0.36248800953936566,78.82099,38.8795
-0.10338187,0.24574971,-0.9035492,-0.087255076,-0.8001673,-0.33300477,0.5841720674650972,0.8185910744345641,0.23441900696946694,48.48833,30.141079
-0.08719079,-3.1021552,1.011413,2.6653543,1.0986037,5.7675095,-0.6304602776958268,-0.8511308863088951,0.2206706086130683,67.28829,43.100197
0.38717765,-1.5462444,0.19367833,-1.4115441,-0.19349931,0.1347003,0.35512193028832506,0.5562784076340419,0.20115647734571684,13.318056,43.05721
1.2716154,2.1431978,0.7821383,2.6040635,-0.4894771,0.46086574,-0.6862061961166095,-0.9478496180030476,0.2616434218864381,30.59752,37.115402
-0.8277337,1.7724535,-0.7635091,2.4455357,0.0642246,0.6730821,-0.1235370160277025,-0.3248687705479618,0.2013317545202593,26.95729,39.087387
0.43102062,0.21267128,-1.1135592,0.71240073,-1.5445799,0.49972945,0.31979746714849977,0.4839041575159264,0.16410669036742664,91.30848,42.287518
-0.60606635,-1.8673052,0.10868843,-1.1488445,0.71475476,0.7184607,0.5292600577055859,0.7353527399768689,0.20609268227128297,56.40653,48.469612
0.7456768,1.501919,0.27293572,1.9131978,-0.4727411,0.41127872,-0.6815529431102794,-0.8504820388299166,0.1689290957196372,33.764324,38.854065
0.7096327,3.062915,0.7261832,2.755461,0.016550481,-0.3074541,-0.8575185890415382,-0.9418863952945671,0.08436780625302887,13.278637,31.14732
0.93486005,-2.3497972,-0.13802515,2.0237103,-1.0728852,4.3735075,-0.4249929063901323,-0.7312799330902156,0.30628702670008323,107.8337,48.013554
-0.27168536,-1.2242365,-0.23213682,-0.9502311,0.039548546,0.2740054,0.8520566323214354,0.9371832839335088,0.08512665161207345,15.367672,49.136482
-0.08579093,1.6916249,0.12625003,1.9615896,0.21204096,0.2699647,-0.5916976299607506,-0.8281995126375321,0.23650188267678152,19.643215,49.02285
1.4646467,-1.563156,0.020011626,2.0150723,-1.444635,3.5782285,-0.3966376662574243,-0.8076560205388328,0.4110183542814085,94.36404,33.64163
-0.36380875,2.132614,-0.15695533,2.2185502,0.20685342,0.08593631,-0.6208257737254961,-0.7787139367315454,0.15788816300604935,12.767269,36.904648
0.27944505,2.449177,0.15011369,2.0964732,-0.12933137,-0.3527038,-0.9805297686614551,-0.8869503367521876,0.09357943190926754,21.069689,46.307014
-1.3457431,-0.3989904,-1.0084229,-0.30946773,0.3373202,0.08952266,0.6378291012755573,0.830831638485928,0.19300253721037075,19.409346,43.205902
-0.14478081,-3.0192933,0.8561212,2.8557727,1.0009019,5.875066,-0.549926314423816,-0.8857281577268319,0.3358018433030159,60.903645,40.111057
-0.42163783,0.049137115,-0.64461344,-0.13492213,-0.22297561,-0.18405925,0.7964475457852147,0.8857058814572705,0.08925833567205577,15.650633,43.96365
0.22160444,2.6576087,-0.005084475,2.3837643,-0.2266889,-0.27384448,-0.9524212060085482,-0.8831463067797729,0.06927489922877528,20.270746,48.602283
0.27804974,-2.6487925,1.0626433,-3.098846,0.7845936,-0.45005345,-0.46305410860530216,-0.726992262232029,0.2639381536267268,48.61724,30.14546
0.5307107,2.352846,0.22763209,1.9759803,-0.3030786,-0.37686563,-0.9933307901876525,-0.8660550074368931,0.12727578275075935,26.432522,39.23037
0.75262296,1.6188486,0.15517811,2.1072931,-0.59744483,0.48844457,-0.7412951049830911,-0.8920196045747755,0.15072449959168432,42.059483,32.88139
0.25356263,-0.34209037,-0.09119602,-1.2355669,-0.34475866,-0.8934765,0.6988201754112353,0.7900929724452226,0.09127279703398727,54.457855,30.499786
-0.27411425,-1.4150909,-0.19052605,-1.0705634,0.0835882,0.34452748,0.7543157658613691,0.8911895182730198,0.13687375241165078,19.786373,41.624348
0.4017162,-1.4883229,0.7340341,-0.5335328,0.33231792,0.95479006,0.38121230255615624,0.3464292589468947,0.034783043609261544,48.947056,47.76187
0.5036478,2.3253806,0.18327984,2.4631317,-0.32036796,0.1377511,-0.991584625837433,-0.9573816817172034,0.03420294412022962,19.78623,32.58875
0.15973942,3.0976188,0.09980566,2.1819973,-0.05993376,-0.9156215,-0.7827269875745584,-0.8937586869158123,0.1110316993412539,52.09195,36.889168
-0.3597615,2.2520874,0.051835336,2.121813,0.41159683,-0.1302743,-0.6509131453782082,-0.858265239202451,0.2073520938242428,24.692533,45.28445
0.0238155,-2.168815,0.4642731,-1.4188296,0.44045758,0.74998534,0.05507642614052344,0.3780818119417937,0.32300538580127025,48.338844,43.30168
-0.30379322,1.8361652,-0.053839136,1.9348416,0.24995409,0.09867644,-0.546567930577158,-0.7390483694256176,0.19248043884845956,15.358248,46.140537
0.87625116,-2.7204099,0.8965206,2.3625205,0.020269454,5.0829306,-0.6135107414140286,-0.909811770564195,0.29630102915016643,41.849396,48.203503
0.26583433,1.3202288,-0.102125846,1.8176327,-0.36796018,0.49740386,-0.47150124671925564,-0.6562280869997519,0.18472684028049624,35.238934,35.85905
-0.5497434,-0.3526647,-0.30823585,-0.19928147,0.24150756,0.15338324,0.9589017993752886,0.892912636248754,0.06598916312653458,15.962913,38.326797
0.8524915,-0.13182092,0.16089308,-1.388044,-0.6915984,-1.2562231,0.15633656640054028,0.5885772200343427,0.4322406536338024,71.239426,40.58682
-0.6461677,-1.1814431,-0.3967489,-1.1092349,0.2494188,0.072208166,0.8956171771913528,0.9198573971473856,0.02424021995603276,14.729471,42.751186
0.18383762,-2.9886672,0.8283942,2.6544962,0.6445565,5.6431637,-0.6765104990273638,-0.9283442270159927,0.2518337279886289,48.101196,43.81544
-0.34745485,2.7298758,-0.1521485,-2.9052632,0.19530635,-5.635139,-0.6513026633601537,-0.47058043264517835,0.1807222307149754,37.573673,30.425505
-0.8087632,-1.075886,-0.4420414,-0.8988614,0.3667218,0.1770246,0.8959361836548272,0.9788983972309175,0.08296221357609035,22.518578,43.85942
0.18432726,1.7634833,0.38043267,3.06011,0.1961054,1.2966268,-0.7490027934692511,-0.8555045973459929,0.1065018038767418,71.62775,32.979103
0.21534021,-1.0599062,-0.023086386,-0.9305733,-0.2384266,0.12933296,0.7058637858381811,0.8696232187601511,0.16375943292197004,15.516391,34.7582
-0.562961,2.5893986,-0.20865038,2.0291219,0.3543106,-0.56027675,-0.5015030604401556,-0.6916445691515847,0.1901415087114291,35.76776,44.437065
0.23905092,-1.834137,0.20873348,-1.5091382,-0.03031744,0.32499874,0.2348625370296169,0.4874095423859497,0.2525470053563328,18.234423,41.9155
0.68746835,0.18276429,-0.49735534,-0.13201639,-1.1848238,-0.31478068,0.15975555871691682,0.8884993304914479,0.7287437717745311,69.934975,36.478943
-1.293949,-1.958559,-0.7023042,-0.45006567,0.5916448,1.5084934,0.5091738522958118,0.9578589728748543,0.44868512057904253,50.626617,41.69467
0.38140082,-2.3530471,-0.20766841,1.7035865,-0.58906925,4.0566335,-0.2610967023787829,-0.5324358862806848,0.2713391839019019,129.08907,35.75822
-0.43661225,-0.6952865,-0.29212257,-1.1204197,0.14448968,-0.42513323,0.9990039657318874,0.8990917751573377,0.0999121905745497,24.170458,30.954117
-1.3147591,-3.1015167,0.28986737,-1.0016283,1.6046265,2.0998883,0.27315564058605746,0.674875597712731,0.4017199571266735,113.51581,31.818033
-0.28230727,-1.4751862,-0.23215653,-1.0868719,0.050150737,0.38831437,0.7206495977064393,0.8971194305622507,0.17646983285581141,21.696257,49.6875
-0.23551577,0.58597016,-1.0861946,0.16941483,-0.85067886,-0.41655535,0.37262853807109764,0.6814385885021426,0.3088100504310449,51.630062,34.05893
-0.0033385816,2.8213975,0.42806685,2.044798,0.43140543,-0.77659965,-0.8326531183207653,-0.9271012400935099,0.09444812177274464,49.642845,45.265766
-0.63831425,2.7134807,-0.13501006,1.7736942,0.5033042,-0.93978655,-0.4194075015174423,-0.6143763336696182,0.19496883215217586,56.654457,40.93947
0.21886562,-0.4997728,-0.13022211,-0.794368,-0.34908772,-0.29459524,0.7551077639987032,0.9341859457049431,0.1790781817062399,26.105064,49.758755
0.26523763,-2.0598044,0.4655117,-1.8586421,0.20027408,0.20116234,0.036204412282348386,0.09212209489475143,0.05591768261240304,15.714548,32.74096
1.1412065,-1.3558652,0.4284236,-3.0170562,-0.71278286,-1.661191,-0.12976641916318155,-0.7554675004931299,0.6257010813299484,69.910385,35.196167
-0.8412621,2.0656893,-0.355513,2.1779842,0.4857491,0.11229491,-0.20302984014165482,-0.6385065036246544,0.4354766634829996,28.310564,40.565094
0.012167634,-0.3746431,-0.082414925,-1.4596252,-0.09458256,-1.0849822,0.8439943342623604,0.6628657869801713,0.18112854728218908,62.334583,39.500072
0.5109515,3.0546172,0.55125976,2.9594212,0.040308237,-0.09519601,-0.8703207316927135,-0.9080343801272601,0.03771364843454661,5.238431,42.998272
0.292805,-2.2580338,0.74191606,2.977045,0.44911107,5.235079,-0.14497569043020775,-0.882236627221995,0.7372609367917873,56.812687,33.95148
-0.95116526,1.0386236,0.05186196,-0.49479878,1.0030272,-1.5334224,0.3010834539474132,0.8498183352102324,0.5487348812628192,91.176445,42.32212
-0.031126875,-2.608103,-0.06304363,1.5691023,-0.031916756,4.177205,-0.30276460899088065,-0.5223774328928927,0.2196128239020121,120.44949,42.836132
-0.47521678,1.9271915,-0.13306955,1.9048212,0.34214723,-0.022370338,-0.46723494517742203,-0.68343363410691,0.21619868892948801,19.641222,38.029396
-0.025066497,-0.3845756,-0.14279008,-0.58112866,-0.117723584,-0.19655305,0.8634047338308477,0.9412655190813446,0.07786078525049689,13.087325,38.30581
-1.0337373,2.5915716,-0.39240167,0.71902525,0.6413356,-1.8725463,-0.05739924985729772,0.321843654471742,0.37924290432903973,79.15912,39.430496
-0.47534186,1.6693995,-0.18152803,1.6673425,0.29381382,-0.0020569563,-0.34084174072114193,-0.5250667575716506,0.18422501685050863,16.834667,47.099068
-0.6584238,2.8108313,-0.2267747,2.6691592,0.4316491,-0.14167213,-0.3818349702620498,-0.7456573454185413,0.3638223751564915,25.7688,47.536682
-0.78994256,-0.69737744,-0.8249534,-0.7442314,-0.035010815,-0.04685396,0.9509968019452533,0.9382508896929362,0.012745912252317027,2.7325144,38.557644
1.0719597,-1.7726351,-0.5989019,2.3882306,-1.6708617,4.160866,-0.20980839254259065,-0.473215105181918,0.26340671263932736,134.59465,35.22394
0.63515925,-1.5198016,0.1433154,-1.4576,-0.49184385,0.06220162,0.20154643680583728,0.5566115897944668,0.3550651529886295,28.36694,49.37769
0.45461252,0.960696,-0.6565867,-3.0861762,-1.1111993,-4.046872,-0.2509842318427076,-0.24577351123148494,0.00521072061122263,135.02779,49.751564
0.8779916,-2.4733305,0.0810817,2.2383497,-0.7969099,4.7116804,-0.4822413103519132,-0.8994372997249638,0.4171959893730506,86.45287,36.943764
1.1375827,0.11070585,0.30401102,-2.6726618,-0.8335717,-2.7833676,-0.15165593428549506,-0.4903433610233492,0.3386874267378541,95.936,48.190956
-0.6024667,-1.000876,-0.6300384,-0.9802753,-0.027571678,0.020600677,0.9528829392199896,0.9544205792887528,0.0015376400687632241,1.8502315,43.092514
0.56327325,0.29226947,-0.46935186,0.29063264,-1.0326251,-0.001636833,0.18332603593755703,0.659989756612001,0.47666372067444396,59.16513,43.626957
0.3205886,2.6698654,-0.16129194,1.9417012,-0.48188055,-0.7281642,-0.9709936987152119,-0.6843255498536429,0.286668148861569,49.56633,44.086647
0.77379864,-1.3514311,-0.7561673,0.5721414,-1.5299659,1.9235725,0.1742818886837032,0.5217768401994203,0.3474949515157171,131.24571,42.71925
0.3648686,-0.23865724,-0.13176106,-1.5311652,-0.49662966,-1.292508,0.5897820395819036,0.6358439987619675,0.04606195918006395,78.022835,31.597507
-0.15071945,2.145745,-0.08069668,2.2260592,0.07002277,0.08031416,-0.7642519130120888,-0.8228251183997966,0.058573205387707716,6.081153,48.40145
-1.1585573,-2.4201496,-1.1460924,1.086369,0.012464881,3.5065186,0.3573279418601949,0.3492817511026267,0.008046190757568183,47.10887,44.56324
-0.9885912,1.7998645,-0.7301483,1.3738313,0.25844288,-0.42603326,-0.0003327540796624895,0.0026897372922034535,0.003022491371865943,21.539047,30.068495
0.30138537,0.5202756,0.74135834,-1.5598863,0.43997297,-2.080162,0.17725689607114425,0.10426058117150278,0.07299631489964148,98.22041,38.27605
-0.218918,-2.0325894,-0.14859764,-1.8655452,0.07032035,0.16704428,0.28088523674893295,0.39193891927855873,0.11105368252962577,10.233795,34.63619
-0.14735696,0.059705496,-0.7325081,-0.5217666,-0.5851512,-0.5814721,0.7211773545239923,0.9598597496149033,0.23868239509091094,44.53988,46.59209
-0.030447777,-2.7836456,0.8817159,-3.114718,0.9121637,-0.33107233,-0.44313187853781777,-0.7863025056689299,0.3431706271311121,54.72348,48.771996
0.32924354,-0.52808833,-0.14931206,-0.90898466,-0.47855562,-0.38089633,0.6840367589022076,0.9225501089165409,0.23851335001433327,34.85541,34.14486
-0.775666,-1.0355475,-0.26730326,-0.9858969,0.50836277,0.04965061,0.9141120144011801,0.9364681138350868,0.022356099433906707,29.226767,42.812054
-1.0155265,0.7338915,-0.17500061,-0.96733487,0.8405259,-1.7012264,0.46629443690988737,0.9171766920869135,0.4508822551770262,85.38653,49.88909
-1.1222476,1.7406089,-0.79377955,0.3062389,0.32846802,-1.43437,0.12552847987989768,0.6746876786554683,0.5491591987755706,46.8564,30.96897
-0.5197425,2.2655246,-0.16735135,2.0263085,0.35239112,-0.23921609,-0.5277432081604836,-0.7153943935890243,0.18765118542854076,23.910501,49.54729
-0.48069355,2.9855726,-0.24865636,1.930415,0.23203719,-1.0551575,-0.47330919869388044,-0.6265340683930152,0.15322486969913474,57.482296,47.15921
-0.114971444,-0.95837593,-0.052144054,-0.93004483,0.06282739,0.028331101,0.899589906663298,0.8821148557275706,0.01747505093572732,3.9463525,47.290104
-0.040483326,-2.4183972,-0.44927147,1.0993166,-0.40878814,3.5177138,-0.13626288257738395,0.039363342682248614,0.17562622525963256,145.03809,31.730188
0.47516382,2.706547,0.35373765,2.6003282,-0.121426165,-0.106218815,-0.9778496518117024,-0.9853538403783908,0.007504188566688441,8.908958,47.300697
-0.41730505,0.374892,-0.86346173,0.11635961,-0.44615668,-0.2585324,0.5919914466078406,0.755447717536899,0.16345627092905834,28.070438,39.90077
-0.8537798,0.71009374,-1.123575,0.48626998,-0.26979518,-0.22382376,0.4548927211620235,0.5673058729739786,0.1124131518119551,16.915138,48.61395
0.8185165,-2.4962595,0.95706683,-3.06478,0.13855034,-0.56852055,-0.4867777006192373,-0.7495605204646303,0.262782819845393,21.795578,49.5097
-0.41093302,-2.6824703,0.07328526,2.168355,0.48421827,4.8508253,-0.16339827061775836,-0.8800960971389822,0.7166978265212238,84.43827,47.208725
-0.22343521,-1.2017077,-0.15119725,-0.94886076,0.07223795,0.25284696,0.8496089140935705,0.9142711544072384,0.06466224031366785,14.818662,47.100914
-0.22785501,0.74979496,-0.21844992,-1.7438594,0.009405091,-2.4936543,0.23176498729689143,0.5147707525396843,0.28300576524279286,135.17868,36.219326
-0.84391505,3.0902731,1.0782886,2.2468824,1.9222035,-0.8433907,-0.13775911444790379,-0.8138231713390809,0.6760640568911771,116.71186,42.35796
1.4657506,2.6713974,0.9194007,-2.9571264,-0.5463499,-5.628524,-0.5471874959758674,-0.71740765561779,0.1702201596419226,32.724094,44.678856
-1.0898702,0.8612654,-0.9482929,0.4385474,0.1415773,-0.42271802,0.4217027243646587,0.6024334557317079,0.1807307313670492,14.92755,41.52295
0.34980798,-0.073694706,-0.87046343,0.18948807,-1.2202713,0.26318276,0.5325968660001634,0.7234135540412883,0.19081668804112484,71.183174,39.432697
1.0368924,-1.8680081,0.2002991,2.780817,-0.83659333,4.648825,-0.22890647310734558,-0.9202351310734347,0.6913286579660891,81.975716,35.792053
-0.46502465,0.28833866,-0.8680287,-0.015097342,-0.40300405,-0.303436,0.6607024223282121,0.8045507122597801,0.14384828993156806,26.684221,33.977936
-0.4046706,0.569736,-0.11076676,-0.7968816,0.29390383,-1.3666177,0.44420990502235647,0.9271218179896712,0.4829119129673147,76.7756,35.019066
-0.5345266,2.9208157,0.017604744,2.031931,0.55213135,-0.8888848,-0.45456224065045436,-0.8130471701578792,0.35848492950742483,57.77072,40.819168
0.3380576,0.9476626,-0.6554097,2.064289,-0.99346733,1.1166265,-0.19329850328267995,-0.36819937476203357,0.17490087147935363,82.76212,49.630966
-0.524174,2.2898018,-0.047461446,1.8704528,0.47671252,-0.41934907,-0.5276155385284582,-0.7115398327776425,0.18392429424918433,35.5528,41.044247
0.8507248,0.24264717,0.6700177,-2.4949923,-0.1807071,-2.7376394,0.012745651015614534,-0.4582602673831335,0.47100591839874806,90.483116,36.234528
0.5628227,0.6571617,-0.094600424,1.5678599,-0.65742314,0.9106982,-0.0650085024024385,-0.5057224969097011,0.44071399450726256,62.232132,32.030228
-0.5834202,1.6907532,-0.26061887,1.9241389,0.32280135,0.23338568,-0.2755553705153151,-0.6161484599729956,0.3405930894576805,22.10617,34.48342
-0.7689286,0.16295362,-0.8862227,-0.098348096,-0.11729413,-0.2613017,0.7473002976191139,0.8270506691509589,0.07975037153184505,12.12195,49.795773
-0.38270584,1.3017142,-0.39395487,1.3834616,-0.011249036,0.08174741,-0.15235066404454312,-0.20665261718161876,0.05430195313707564,4.382443,41.265606
-0.4015525,1.5377152,-0.15615349,1.8091412,0.24539901,0.27142596,-0.30888282723802896,-0.622207490050168,0.313324662812139,20.486895,43.101006
-0.11538342,-1.3676382,-0.17558804,-1.1594607,-0.060204625,0.20817757,0.7306775397363072,0.8533739518121735,0.12269641207586623,12.293211,43.37812
-0.9787182,2.615391,-0.16161375,-1.1120987,0.81710446,-3.7274897,-0.11030680003019988,0.8674688578615566,0.9777756578917565,108.99139,36.575077
0.28815845,2.4444964,-0.35043266,2.1258392,-0.6385911,-0.31865716,-0.9821071750438684,-0.6286074487317865,0.3534997263120818,40.746704,34.885426
1.3195257,-2.276814,0.41617516,2.0494819,-0.9033506,4.326296,-0.45146570144733733,-0.9276337427561074,0.4761680413087701,72.18569,38.821114
0.35762304,-2.7012763,0.908939,2.4912567,0.55131596,5.192533,-0.5286543825458896,-0.907698078112567,0.3790436955666774,57.17628,32.620712
0.49609447,1.9585521,0.36968863,2.2411213,-0.12640584,0.28256917,-0.9000819101499502,-0.9728641629807697,0.07278225283081952,16.362047,31.91728
0.3248674,1.5115302,0.33336288,2.1112876,0.00849548,0.59975743,-0.6309528357087464,-0.9365858516402223,0.30563301593147596,32.47017,36.46862
0.33290493,-1.1159942,0.0047065457,-1.2440263,-0.3281984,-0.12803209,0.6088225740143134,0.7452603196605434,0.13643774564623,20.134157,48.25577
0.5463592,-1.9846195,-0.46986586,-0.97324693,-1.0162251,1.0113726,-0.04404584356617747,0.9643804086543533,1.0084262522205307,80.2673,38.37352
-0.3561668,-1.2309418,-0.21682096,-1.0758297,0.13934585,0.15511203,0.8662003754828458,0.89685390452272,0.030653529039874172,11.6730175,38.699974
0.3130168,0.98395514,0.26833132,1.9915355,-0.044685483,1.0075804,-0.21338831390725232,-0.882541386934772,0.6691530730275197,55.15023,36.989
1.3270044,-2.665146,0.6402586,2.7747595,-0.6867458,5.4399056,-0.532734634841201,-0.9535691648827367,0.4208345300415357,44.889534,46.854095
-0.6801835,2.5304554,-1.0630271,-0.39884597,-0.38284367,-2.9293013,-0.40133621102168426,0.8166513882947681,1.2179875993164524,79.627464,37.743713
-1.0250918,-2.7889318,-0.6906675,-0.023644425,0.33442426,2.7652874,0.15240997666962208,0.8379321099125957,0.6855221332429736,80.06973,41.643543
-0.3901047,-1.3419808,-0.18688785,-1.0281823,0.20321687,0.31379855,0.8187990512513785,0.9037341310073863,0.08493507975600778,20.764505,32.103317
-0.708903,-0.7548394,-0.57569975,-1.0471543,0.13320327,-0.2923149,0.9707589385016675,0.9433083967730447,0.027450541728622824,15.392228,45.747875
0.46870822,-3.0429645,0.7025551,2.8994024,0.2338469,5.9423666,-0.7757598524626719,-0.9127011319962683,0.13694127953359647,20.993893,36.401222
0.580941,-2.210114,-0.61059946,2.7345707,-1.1915405,4.944685,-0.22704312096267287,-0.43981699994064094,0.21277387897796807,99.03248,31.19444
-0.59325796,-2.3744946,-0.020844838,2.7899256,0.57241315,5.16442,0.1597916166711677,-0.8336831187106315,0.9934747353817992,68.05415,31.256544
0.7533519,1.9398029,0.49803334,1.98599,-0.25531858,0.046187162,-0.8730988808050846,-0.910359409995726,0.03726052919064138,14.782914,33.295547
0.194026,0.9877503,-0.17336676,-1.7894497,-0.36739275,-2.7772,-0.16617577322864463,0.4627733838452599,0.6289491570739045,159.44324,31.40687
0.5024576,-0.6627135,0.21138746,-1.1014361,-0.29107016,-0.4387226,0.5580809608012061,0.6939957627379947,0.13591480193678862,28.743032,45.692574
0.98106235,-3.0295691,0.70842594,2.6698594,-0.2726364,5.6994286,-0.7308405377443465,-0.9596244869618715,0.22878394921752498,26.731226,38.30962
-0.0399344,-1.8808912,0.09974772,-1.5338815,0.13968211,0.34700966,0.3330145401771425,0.5302908230143972,0.19727628283725474,21.40911,33.27427
0.6236345,-1.4216014,0.03372366,-1.0609733,-0.58991086,0.36062813,0.2605269923385869,0.8065410892068234,0.5460140968682365,38.848827,36.675938
0.9341653,1.7482255,0.8369352,2.5281253,-0.09723008,0.77989984,-0.7654829675693833,-0.934613930733537,0.16913096316415377,28.333036,38.663235
-0.65537554,-2.103125,-0.048632056,-1.5336124,0.60674345,0.5695127,0.3777379273551489,0.6006015223413834,0.22286359498623454,45.851406,40.760708
0.8491214,-1.7988659,-0.063483804,-2.652258,-0.91260517,-0.853392,-0.09177831904611189,-0.32372648704407503,0.23194816799796314,67.30492,46.099895
-1.149773,3.0354698,-0.1747967,-0.7124601,0.9749763,-3.7479298,0.11186238412529326,0.9542103781776277,0.8423479940523344,99.904274,49.90441
0.6578479,-1.742245,0.23592645,-1.5040277,-0.42192143,0.23821723,0.057437635124800934,0.47495242603500687,0.41751479091020594,27.054232,32.232613
0.09748035,0.88040566,0.12110404,1.9165518,0.02362369,1.0361462,-0.02867230904586293,-0.8062613075887404,0.7775889985428774,58.991543,34.80308
0.87101746,-2.5027905,0.7836822,2.8447852,-0.08733523,5.3475757,-0.4976343653061246,-0.9092317250742115,0.41159735976808687,35.838737,48.59912
-0.9810139,-2.5251448,0.933155,-1.7623941,1.9141688,0.76275074,0.24343651853753023,-0.12367650070831715,0.3671130192458474,115.36596,43.679653
-1.068515,-1.4199101,-0.92167854,-0.5176204,0.1468364,0.9022897,0.7155789101681589,0.8959956386437451,0.1804167284755862,28.526114,36.76239
0.43965295,0.29227614,0.22593373,-1.4710101,-0.21371922,-1.7632862,0.26305307459255367,0.5015947041081872,0.2385416295156335,94.20721,42.24133
0.6098612,2.7470086,0.67793965,2.9636111,0.06807846,0.21660256,-0.96315739642389,-0.8968412913116186,0.06631610511227137,10.652959,49.6197
-0.45860097,-2.8763433,-0.5972717,2.9251165,-0.13867071,5.80146,-0.26859566334572804,-0.4020036335312751,0.13340797018554706,25.038578,48.832806
-0.048024993,0.5847268,0.37527037,-0.8724304,0.42329535,-1.4571571,0.29594165659084837,0.6423663450565726,0.3464246884657243,84.96374,45.79899
0.33228242,2.6358669,0.7348061,-3.0484307,0.4025237,-5.6842976,-0.9780210682975206,-0.7827917519923169,0.19522931630520368,37.0595,46.09432
-0.24182743,1.0499408,-0.2316161,1.2365679,0.010211334,0.18662703,-0.020449626611059202,-0.18171280736562956,0.16126318075457036,10.410305,42.20948
-0.28506428,-0.46706796,0.0987768,-0.95319515,0.3838411,-0.4861272,0.9638751545674094,0.8045459436488311,0.1593292109185782,35.254208,31.915335
-0.7651257,-0.044264793,-0.8880757,-0.60588306,-0.12295002,-0.56161827,0.8362126855712118,0.9151424828175347,0.07892979724632299,22.698252,33.44444
0.61338115,-2.5105758,0.9058682,2.9154606,0.29248703,5.4260364,-0.4559157328676555,-0.8554195360298245,0.39950380316216894,38.43961,35.175507
0.5954588,2.1308615,0.52916276,2.3156054,-0.06629604,0.18474388,-0.9511799060635546,-0.9895640529232743,0.03838414685971969,9.720855,30.649687
-1.3132768,-2.7461684,0.14306448,-1.3913229,1.4563413,1.3548455,0.334197001806968,0.5965702378273665,0.2623732360203985,94.8105,42.394524
0.21926619,0.54417443,0.48089734,-1.5405859,0.26163113,-2.0847602,0.20120153142560682,0.2970929746660991,0.09589144324049226,108.95465,43.32428
-0.9283248,-0.9817703,-0.7698985,-0.9318134,0.15842634,0.04995686,0.8742447607503703,0.9358304134963387,0.06158565274596839,9.270039,31.226013
0.012312723,-2.159768,0.18514793,-1.8871006,0.1728352,0.27266753,0.06837695819692158,0.22010992131157714,0.15173296311465556,18.415386,44.564346
-0.31771728,0.07635927,-1.0296947,-0.15049641,-0.71197736,-0.22685568,0.761676469719307,0.789771623449989,0.028095153730681943,41.880836,39.623
-0.51550597,1.7193668,-0.21141142,1.733759,0.30409455,0.014392257,-0.3398476846312528,-0.5481401255679286,0.20829244093667576,17.44019,43.898743
-0.18542299,2.5112126,0.06534863,2.2584567,0.2507716,-0.25275588,-0.7882118685796087,-0.8971456012185399,0.10893373263893125,20.354326,49.443005
-0.82477367,0.4780197,-0.78038514,-0.7803087,0.044388533,-1.2583284,0.5828556832686527,0.9504224877389795,0.36756680447032686,48.32095,37.234306
-1.0633359,-2.9584112,0.6027158,-1.5000197,1.6660516,1.4583915,0.11742099180600452,0.23549279448340799,0.11807180267740347,116.778305,41.000107
-0.098715216,-0.09866452,-0.76982033,0.066235155,-0.67110515,0.16489968,0.787991872286188,0.7909177505044318,0.0029258782182437493,39.336002,41.350758
-1.0071893,0.9938967,0.3898223,-1.1239737,1.3970115,-2.1178703,0.342266268994182,0.5654287873942074,0.22316251840002543,125.331314,48.348576
0.5738826,3.0855238,0.7126582,2.987018,0.13877565,-0.098505735,-0.8579248409241611,-0.8840333241299687,0.02610848320580761,9.139037,33.85694
0.733651,0.09638381,0.25729045,-1.1385746,-0.47636053,-1.2349584,0.1675069221382195,0.6511009454498495,0.48359402331163004,65.977066,30.51714
0.28904805,-0.15018582,-0.22116162,-1.1711934,-0.5102097,-1.0210075,0.6076706367183364,0.8619870952619824,0.25431645854364593,64.77934,39.34682
-0.12813279,-2.683329,-0.21908692,1.8419546,-0.090954125,4.525284,-0.3169992541331599,-0.6027110454284177,0.2857117912952578,98.760735,49.7155
-0.5034586,0.45521402,-0.8332433,-0.9632177,-0.3297847,-1.4184318,0.5550127081024456,0.9118407085472278,0.35682800044478213,63.48215,32.240555
0.011803543,2.3920329,0.2707924,2.1366928,0.25898886,-0.2553401,-0.891434818922523,-0.932060185036093,0.04062536611357004,20.705435,49.640068
-0.36992085,-0.07573652,-0.5151332,-0.23267335,-0.14521235,-0.15693682,0.8511999587742025,0.9256802918979501,0.07448033312374758,11.620254,44.31104
-0.0524246,0.78983235,-0.80366915,-0.65368253,-0.75124454,-1.4435148,0.1202167263811873,0.9467593829400922,0.8265426565589049,82.77844,37.362854
0.9581969,0.069895744,0.69013184,2.4897466,-0.26806504,2.4198508,0.0015268119662403823,-0.9770646341017528,0.9785914460679932,79.16288,39.398037
-0.13693218,2.74991,0.08021296,2.929027,0.21714514,0.17911696,-0.7833828868387602,-0.8306022311586796,0.047219344319919365,16.11251,38.55638
-0.2127242,-1.7230983,-0.03237022,-1.4345258,0.18035397,0.28857243,0.5284705605099109,0.6573597298376912,0.12888916932778027,19.372059,33.189064
0.010465932,-2.339182,-0.9128738,-2.8734884,-0.9233397,-0.5343065,-0.09000007864822024,0.042428947983307985,0.13242902663152822,58.805946,40.587708
0.87400883,-2.4936502,0.6461476,2.5844228,-0.22786123,5.078073,-0.4929487751898112,-0.9808951095985297,0.4879463344087185,49.8351,48.607487
0.290742,-0.047285557,-0.0075371633,-1.4652249,-0.29827917,-1.4179393,0.5590285104418582,0.6271585984784541,0.06813008803659593,81.73756,40.06416
0.17169476,-1.7815918,0.00013529287,-1.1586418,-0.17155947,0.62294996,0.31165634172744916,0.785646945762194,0.4739906040347448,36.846733,45.468937
0.55809873,0.6416297,0.8805852,2.4355793,0.32248646,1.7939496,-0.05129305972351261,-0.9190334867945484,0.8677404270710358,73.211716,35.533184
0.49742293,2.2022889,-0.012002021,2.481904,-0.5094249,0.27961516,-0.9721131216331926,-0.8830951164633664,0.08901800516982628,32.976273,46.430054
-0.5626292,1.2621257,0.091210075,0.71109486,0.6538393,-0.5510309,-0.02288447399164717,0.1230781561130545,0.14596263010470167,48.004227,49.206383
0.2274348,-1.7599887,0.23532666,-1.2219771,0.007891864,0.53801155,0.2988972939764478,0.6300710340295641,0.3311737400531163,29.98806,47.367832
-0.06430885,0.21931553,-0.14733957,-0.04214506,-0.083030716,-0.2614606,0.5865253371966652,0.7775266585265856,0.19100132132992043,15.633295,40.176514
-0.21305129,-0.3552053,-0.84055376,-0.12685895,-0.62750244,0.22834635,0.9222467216180377,0.8483229006679953,0.07392382095004235,37.573414,44.216946
0.5755334,2.4187977,0.21778485,2.4700904,-0.35774854,0.051292658,-0.9941249417596687,-0.9667898813879727,0.027335060371695974,20.67303,43.413
0.59295446,2.7290308,0.39918092,2.6012788,-0.19377354,-0.12775207,-0.9684610422583653,-0.9899048431276345,0.021443800869269225,12.82366,39.866962
0.097857416,-1.2006868,0.04477351,-1.0327522,-0.053083904,0.16793466,0.7190957839424428,0.810288183565429,0.0911923996229862,10.066752,42.14322
-0.5483695,1.7144406,-0.30509612,-1.0135919,0.2432734,-2.7280326,-0.3134713201599024,0.9365192752907916,1.249990595450694,126.0687,49.43487
-0.2254831,1.3259041,-0.37932134,1.865992,-0.15383823,0.5400878,-0.2566221345795343,-0.5100989560706335,0.2534768214910992,30.759848,36.528954
0.15063481,2.8822596,0.8220618,2.788061,0.67142695,-0.094198704,-0.8735741587427182,-0.9103025889798024,0.036728430237084275,38.74391,34.83003
-0.21508054,2.8128436,0.103152625,1.9649098,0.31823316,-0.84793377,-0.7196597497469988,-0.8211564776536102,0.10149672790661146,51.619568,47.101322
-0.4409847,-2.2576146,-0.31023446,-2.136279,0.13075024,0.12133551,0.18405302408921997,0.23023081801398249,0.04617779392476251,9.892089,33.38338
-0.13918136,-0.24914074,-0.7630476,-0.067294195,-0.6238662,0.18184654,0.8660824516938979,0.8451122023881505,0.020970249305747313,36.88666,45.021973
-0.1927549,-0.84985805,0.28401253,2.3418238,0.47676742,3.1916819,0.9463869283712754,-0.9746696051645429,1.9210565335358183,174.07468,44.00389
0.005663187,-2.322717,-0.1773025,2.8488157,-0.18296568,5.1715326,-0.07322557516180694,-0.7316748826836417,0.6584493075218347,64.20026,46.634933
0.18007573,-0.5397594,-0.3226401,-1.1501939,-0.5027158,-0.61043453,0.784579694181371,0.8938227410653372,0.10924304688396624,44.946663,38.984127
0.909662,0.59614706,-0.60759944,1.727155,-1.5172615,1.1310079,-0.19937971380031883,-0.27610021903920945,0.07672050523889062,103.649445,35.52993
0.2558276,0.55280423,0.060534634,-1.6742203,-0.19529298,-2.2270246,0.1752898423719813,0.45018394321592314,0.27489410084394184,125.02164,44.380024
-0.1338835,-0.28115296,-0.5088799,-0.54495883,-0.3749964,-0.26380587,0.8754271899839097,0.9931763891279548,0.11774919914404514,25.767248,42.978756
-0.6789752,-0.25010252,-0.39589685,-0.43181098,0.28307837,-0.18170846,0.9187670070138783,0.9731652524852858,0.05439824547140759,18.490017,32.825436
0.81663734,2.2604034,0.37916654,2.2877645,-0.4374708,0.027361155,-0.9293971155432601,-0.9817375447284178,0.05234042918515769,25.097418,48.23901
-0.08148553,1.4223945,-0.25554255,2.1037202,-0.174057,0.6813257,-0.40585621700352625,-0.6871938976353764,0.28133768063185016,39.682407,39.506496
0.5459041,-2.965362,0.5974118,3.1162517,0.05150771,6.0816135,-0.7401111516268806,-0.8441499502169975,0.10403879859011689,10.14445,40.8325
0.63886714,-0.30641413,-0.19017944,-0.93427855,-0.8290466,-0.6278644,0.392854531709915,0.929604560325723,0.536750028615808,58.315742,47.752407
0.7297071,1.8945067,0.23057358,2.1391125,-0.49913353,0.24460578,-0.861620132137614,-0.923261816234513,0.06164168409689896,31.085556,31.526834
0.11580453,-1.2402078,-0.3327836,-1.1300814,-0.44858813,0.110126376,0.6912690790535798,0.9032659915503398,0.21199691249676,26.443588,47.782177
0.65272284,1.1752512,-0.118394315,2.081501,-0.77111715,0.90624976,-0.4713838358260958,-0.7628540568006112,0.29147022097451547,65.49581,32.472816
-0.47818643,-0.7181232,-0.17695919,-0.6785024,0.30122724,0.039620817,0.9991720934442334,0.9555370985174303,0.04363499492680312,17.391022,30.596453
0.18864915,-1.4386182,0.089285366,-1.1801649,-0.09936378,0.25845325,0.5430126508490227,0.7326185137229357,0.189605862873913,15.7251,35.10236
0.4129777,-1.2902213,0.091493875,-1.4307011,-0.32148382,-0.1404798,0.47953796370808277,0.6006187641037997,0.12108080039571689,19.984947,31.292517
-0.74652827,0.3799808,-0.8540472,0.14021872,-0.10751891,-0.23976208,0.634590225685054,0.7470928809952455,0.11250265531019155,11.353553,42.266018
0.11118573,2.9721625,0.8961283,-3.0907633,0.78494257,-6.062926,-0.8247402730123392,-0.7741754817182769,0.05056479129406233,46.177128,48.7822
0.9969196,-0.6269324,-0.9126931,0.7687046,-1.9096127,1.395637,0.09700005348621588,0.43300383209681037,0.3360037786105945,127.34043,44.809464
-0.74239856,0.401299,-0.24748711,-1.3218592,0.49491143,-1.7231582,0.6222314922909167,0.7985113512532864,0.17627985896236975,86.72168,35.996235
-0.49820334,0.3590324,-0.94729096,0.21979153,-0.44908762,-0.13924086,0.6200428427611495,0.6979103801827629,0.07786753742161334,26.378376,48.28726
0.18077056,0.3537426,-0.42458254,0.08116093,-0.6053531,-0.27258167,0.3705766459545803,0.7794334266990508,0.4088567807444705,37.888565,39.60107
0.8619127,-2.5806704,0.49328834,0.56361294,-0.3686244,3.1442833,-0.5395680272603638,0.040144047830095175,0.579712075090459,102.35258,30.389332
0.3929553,-1.7631136,-0.2433249,-0.016178858,-0.6362802,1.7469348,0.2036110514237537,0.7938716421163894,0.5902605906926357,104.43977,41.09794
0.7961126,2.5465887,0.76006246,2.4557955,-0.03605014,-0.09079313,-0.9474111319327179,-0.959929388375377,0.012518256442659137,4.2408547,48.757523
0.26890272,1.015578,-0.20417893,1.594405,-0.47308165,0.578827,-0.22193163236686786,-0.46500661475989225,0.24307498239302439,42.575253,40.505733
-0.4674037,-2.9094706,-0.31010783,2.21132,0.15729588,5.1207905,-0.2838444897046788,-0.6784539839140322,0.39460949420935343,61.63214,48.44582
-0.6790323,2.086189,0.3755542,2.4095602,1.0545865,0.32337117,-0.35356630823881474,-0.993465686852673,0.6398993786138583,62.866528,34.050335
0.49399558,1.2335842,-0.17429818,2.0322223,-0.6682938,0.7986381,-0.47472888344113784,-0.7135124538298765,0.23878357038873865,58.483807,45.60374
-0.8030925,-1.6925726,-0.43537816,-1.2379887,0.36771432,0.45458388,0.6527583945641662,0.8736619962813119,0.22090360171714574,29.633986,48.300358
-0.22834343,1.3908441,-0.09490644,1.867696,0.13343698,0.47685194,-0.3054726780883108,-0.6859924483525122,0.38051977026420136,28.000992,44.91718
0.8078511,-0.6240022,0.021265958,-0.56160396,-0.7865851,0.062398255,0.28209108007202843,0.8733388341872896,0.5912477541152612,45.176723,48.069206
-0.6264103,1.4932773,-0.35533547,1.9890224,0.27107483,0.49574506,-0.13472269302226403,-0.5794874627130362,0.44476476969077217,29.302551,39.50357
0.4337691,1.6805727,0.07035021,2.1800904,-0.3634189,0.49951768,-0.7610414847004101,-0.8819576583447937,0.12091617364438356,34.50356,45.72689
1.2024648,1.8174345,0.25928414,1.9809389,-0.9431807,0.16350436,-0.6820754115708092,-0.8761718002713312,0.19409638870052204,54.368153,30.198488
0.33343172,-1.6484433,0.25412285,-1.0150175,-0.07930887,0.63342583,0.320472405557537,0.6949371618913602,0.37446475633382326,34.97195,37.18263
1.0625547,-2.263425,0.8274725,-2.6691797,-0.23508221,-0.40575457,-0.40924608435665455,-0.5860490059260588,0.17680292156940425,18.958305,49.384724
-0.8480523,-1.350885,-0.32248792,-1.0464327,0.52556443,0.3044523,0.8014571232162782,0.9299165680985997,0.12845944488232153,33.260048,35.550465
-0.22589676,2.0724366,0.016214434,2.0540638,0.24211119,-0.018372774,-0.6961788693130142,-0.820560190607124,0.12438132129410984,13.911169,46.421917
0.3730202,0.56206274,-0.8279136,1.9795848,-1.2009338,1.4175221,0.10610093851780888,-0.19287484505922947,0.29897578357703836,99.91813,47.028645
0.0981031,1.5200183,-0.244498,2.2308764,-0.3426011,0.7108581,-0.5599433738523434,-0.7269508469908263,0.16700747313848296,44.926,36.28689
-1.1614661,-1.7434647,-0.36763746,-1.112282,0.79382867,0.6311827,0.5900380598548605,0.9151451784892526,0.3251071186343921,50.98213,43.001743
1.4785444,-2.9309993,0.9412017,-2.7989886,-0.53734267,0.1320107,-0.5084544858894032,-0.6466490397497164,0.1381945538603132,30.840248,32.873367
1.1618466,0.9632375,0.94519854,3.128109,-0.2166481,2.1648715,-0.44351001891576836,-0.7830958914705796,0.3395858725548112,52.16201,48.322624
0.06306787,2.951567,0.7256125,2.2092285,0.66254467,-0.7423384,-0.8146671227165889,-0.9467175905317227,0.13205046781513374,53.701653,47.668003
0.5664277,-3.0925586,0.7132436,2.9672582,0.1468159,6.059817,-0.8091137215990851,-0.8903995134958569,0.08128579189677176,13.247675,41.70503
0.8093622,-2.366349,0.9049094,-2.9286346,0.0955472,-0.56228566,-0.40717820383851233,-0.7080447228264131,0.30086651898790073,21.5938,42.666557
-0.7259062,-0.19629908,-0.7376744,-0.22394122,-0.011768222,-0.027642146,0.8950820141477189,0.9009914792599218,0.005909465112202916,1.3575386,40.121418
1.3068864,0.7011037,0.95863724,-2.7872512,-0.3482492,-3.488355,-0.3971035118146853,-0.6395382758393806,0.24243476402469533,49.52635,35.348656
1.0467448,-1.8610622,-0.63818955,2.0803294,-1.6849344,3.9413915,-0.2310854026448803,-0.3874019284859713,0.15631652584109101,142.7365,41.19145
1.4668788,-1.2199162,0.83323586,2.9051046,-0.6336429,4.125021,-0.3772424685071447,-0.8810645818964851,0.5038221133893404,45.77633,31.036655
-0.4560358,0.3894801,-0.959295,0.09565093,-0.5032592,-0.29382917,0.5906789970297321,0.7423497534885775,0.1516707564588453,31.35881,38.94187
0.09667081,1.4466684,-0.11532653,2.070342,-0.21199733,0.6236737,-0.5052762001815272,-0.7607695942409727,0.2554933940594455,37.67645,48.953705
0.22506642,-1.6203643,0.12447108,-1.2600211,-0.10059534,0.36034322,0.4030226867534097,0.67700424908183,0.2739815623284203,21.120508,35.637974
0.96856123,0.85642385,1.4259952,-1.9594017,0.457434,-2.8158255,-0.35663267356890493,-0.41772594862655743,0.061093275057652496,42.438244,36.344925
0.70542586,-0.72957635,-0.07994437,-1.5602441,-0.78537023,-0.83066773,0.37829198423843025,0.5956595601929463,0.21736757595451606,62.611973,46.403618
-0.65903705,2.670843,0.02139994,1.8860221,0.68043697,-0.7848208,-0.4076643611182895,-0.7514652971215607,0.3438009360032712,56.898945,38.20087
-0.67889374,2.5240386,0.12471918,1.9850134,0.80361295,-0.5390252,-0.402772460520044,-0.837480854349538,0.434708393829494,54.224094,35.64734
0.8210853,-3.054247,0.7308063,2.630948,-0.09027898,5.685195,-0.7746025091143902,-0.9591335855817178,0.18453107646732758,24.78666,39.974545
0.032891244,1.0567348,-0.330858,2.0088425,-0.36374924,0.95210767,-0.15510086067347828,-0.604093712851105,0.44899285217762674,57.48416,32.7361
-0.36870265,1.7404597,-0.055354968,1.8055732,0.3133477,0.065113544,-0.45321419860214096,-0.6736592970245288,0.2204450984223878,18.31682,36.42473
1.0700852,-1.7120802,-0.10593271,2.2283769,-1.1760179,3.940457,-0.18607486019706743,-0.8097695082268741,0.6236946480298067,115.196396,47.135204
-1.3560356,-2.2161615,-0.15076692,-0.7858905,1.2052686,1.4302709,0.4530079803378735,0.9418486691194481,0.4888406887815746,79.84819,44.270176
1.0169871,1.7882388,0.3759648,1.9265213,-0.6410223,0.13828254,-0.7530595060082002,-0.8761985572058695,0.12313905119766932,37.172966,32.322956
0.052697606,-2.0306764,0.02089796,-0.9859226,-0.031799644,1.0447538,0.16301606979305383,0.8356353792401205,0.6726193094470667,59.840485,41.075535
0.3656161,1.9840782,0.2782076,2.4454873,-0.08740851,0.4614091,-0.8981120284145945,-0.9802179609262822,0.08210593251168774,25.541204,45.10377
-0.06307719,1.7421591,0.19027601,1.9180287,0.2533532,0.17586958,-0.6337766644170273,-0.8301458131951893,0.19636914877816203,17.643541,44.21572
-0.11425758,-1.6186146,0.08507108,-1.1729279,0.19932866,0.4456867,0.5685434265340139,0.7379239918134655,0.16938056527945156,27.932203,33.066315
-0.9176922,1.6463716,-0.4452058,-0.6447691,0.47248638,-2.2911406,-0.003215632801720991,0.999213719789843,1.002429352591564,91.13138,37.392384
-0.29876575,2.4839013,-0.11071665,2.2410464,0.18804911,-0.24285483,-0.714337030392656,-0.8097433485849308,0.09540631819227485,17.350563,47.070183
-0.12755877,0.37720752,-0.75804013,0.004919296,-0.63048136,-0.37228823,0.49726070628192076,0.8181018058053308,0.32084109952341,40.67643,47.15137
-0.50695246,2.329491,-0.051678628,1.9788972,0.45527384,-0.3505937,-0.5468085073015914,-0.7592918476659678,0.21248334036437644,32.324696,40.23397
-0.6019433,-2.8720956,-0.29669183,1.3037088,0.30525148,4.175804,-0.17135199437645188,-0.20106832511551787,0.029716330739065988,103.732956,40.559586
-0.14403623,1.5589545,-0.1828491,1.6598759,-0.03881286,0.10092139,-0.47381460726050223,-0.5196169530226573,0.04580234576215508,6.12295,32.464703
0.41210064,2.6971052,0.6342245,3.1183026,0.22212383,0.4211974,-0.9768931459537331,-0.8419611950980088,0.1349319508557243,24.366863,35.79776
-0.6428987,-0.32032514,0.93418443,2.7712836,1.5770831,3.0916088,0.9425187783175666,-0.8730371591880415,1.815555937505608,163.19241,41.899708
0.7112883,1.9932654,0.4226127,2.081736,-0.28867558,0.0884707,-0.8976703740351883,-0.9384690529603699,0.04079867892518152,17.075287,40.927235
-0.44595134,0.46666193,-0.9857623,0.14996238,-0.53981096,-0.31669956,0.5332703369631453,0.7161739477461273,0.182903610782982,33.588882,46.448833
-0.5361011,-2.8431878,-0.4091169,2.3893552,0.12698421,5.232543,-0.19727371435679864,-0.6304262355734203,0.4331525212166216,53.472088,47.359562
-0.04673704,0.798419,0.2801504,-1.1690876,0.32688746,-1.9675066,0.11005837517310013,0.624111682960196,0.5140533077870959,112.571434,45.25016
-0.4238731,1.1812818,-0.7509968,1.5568882,-0.32712373,0.37560642,-0.03753977414213061,-0.08471577992639123,0.04717600578426062,25.773705,48.545765
-0.7361197,-3.139747,-0.851865,1.2656906,-0.115745306,4.4054375,-0.2067202000049919,0.1348133868543231,0.341533586859315,69.036156,38.900566
-0.68487257,0.86644435,-0.7034491,0.40364024,-0.018576503,-0.4628041,0.3120035073405063,0.6183684059890311,0.3063648986485248,20.332176,40.871235
1.2455543,-2.710906,1.0055026,3.0339513,-0.24005175,5.7448573,-0.5624341149593999,-0.7892568946483571,0.22682277968895725,18.7166,42.009304
-0.826851,-1.6781421,-0.055099852,-1.2621859,0.77175117,0.41595614,0.6595581741864369,0.7626972165026804,0.10313904231624349,48.773766,39.04332
0.19447856,0.03619957,0.082365215,-1.2023752,-0.11211334,-1.2385747,0.5734982808454361,0.7264840858513333,0.1529858050058972,70.438995,46.356316
-1.187055,1.5463221,0.29702243,-1.1076962,1.4840775,-2.6540184,0.22427832035405354,0.6363845876170888,0.4121062672630353,125.99182,40.923393
-0.7669456,0.044716597,-0.74657136,-0.1250613,0.020374238,-0.1697779,0.8004434864999965,0.8683905966256216,0.06794711012562504,7.1638775,44.160683
0.10418358,1.8388774,0.628776,2.0436084,0.52459246,0.20473099,-0.761717310978181,-0.9242604640707981,0.16254315309261713,31.926235,49.2882
0.8474493,2.3929856,0.31455863,2.3264189,-0.5328907,-0.066566706,-0.9301745186354395,-0.9783572305356181,0.04818271190017853,30.689238,40.412464
1.3613833,1.419637,1.2604258,-1.3361942,-0.10095751,-2.7558312,-0.5404051407680941,-0.22273503269291517,0.3176701080751789,29.238682,44.147728
1.3944656,2.1501963,0.04967123,-0.778069,-1.3447944,-2.9282653,-0.5993511742934734,0.8599206089426255,1.4592717832360989,97.027725,40.287468
-0.39722145,-2.696568,0.8480024,-2.5191376,1.2452238,0.17743039,-0.18163695369932498,-0.5039921347044807,0.3223551810051557,71.9242,37.021263
0.32830003,1.3857682,-0.0745261,1.9409777,-0.40282613,0.5552095,-0.5417549127449339,-0.7313251653402633,0.18957025259532934,38.907227,38.736423
-0.34616977,3.0494487,-0.22540922,2.012753,0.120760545,-1.0366957,-0.543649529163952,-0.6750949311609222,0.1314454019969702,57.139904,31.914944
-0.63595843,1.8062899,-0.14733142,2.0081294,0.48862702,0.20183945,-0.29126196738830057,-0.7199972060188014,0.4287352386305008,29.908443,32.765186
-0.39876214,0.7526033,-0.36708,0.14649239,0.031682134,-0.60611093,0.2970090996216044,0.731138087210554,0.4341289875889496,32.190693,42.458515
0.5461849,-1.9272114,-0.37259042,1.1148201,-0.9187753,3.0420315,-0.0021514404213807126,-0.010840136533543543,0.00868869611216283,168.82181,47.830433
0.08057895,-2.047071,0.55937314,-1.5866556,0.4787942,0.46041536,0.1356943471583847,0.2164985624956816,0.08080421533729693,36.91032,39.155083
-0.65751934,-1.9848083,0.09468207,-0.98411113,0.75220144,1.0006971,0.459889758715061,0.7987659173055066,0.3388761585904456,68.43859,46.72941
-0.14504574,-0.832618,-0.47481167,-1.632419,-0.32976592,-0.799801,0.9343919683730775,0.6628647782677306,0.27152719010534687,47.2084,32.69132
0.99587476,0.9318578,1.0000334,-2.5672984,0.004158616,-3.4991562,-0.4008774842822156,-0.538687826485825,0.13781034220360944,64.46872,43.57164
-0.08206695,2.3892071,0.06476121,2.2507615,0.14682816,-0.13844562,-0.8453274664950889,-0.8954566059188851,0.050129139423796154,11.557523,48.217606
0.717454,1.7361472,0.105395176,2.1250896,-0.6120588,0.38894248,-0.7990236329883205,-0.880206746355336,0.08118311336701556,40.31474,31.568132
0.11269015,-1.4304218,0.055597402,-1.1370367,-0.05709275,0.29338515,0.589728431776531,0.7677966146109432,0.17806818283441217,17.063969,45.383003
0.76973623,1.6472242,0.30088234,1.9428114,-0.4688539,0.29558718,-0.7534926685809171,-0.8697491552654348,0.11625648668451771,30.419315,41.851757
0.41801986,-2.5648818,0.56242406,2.4891613,0.1444042,5.054043,-0.4429196519993308,-0.99613778720013,0.5532181352007992,61.608044,38.0942
1.1745119,1.4760969,0.996717,3.013771,-0.17779493,1.5376742,-0.6102249582081978,-0.7977677866795476,0.18754282847134984,38.59641,30.204662
-0.25976047,-0.27953172,-0.5069379,0.0028221563,-0.24717745,0.28235388,0.9112384460654432,0.8290561475241147,0.08218229854132852,20.585182,43.480522
-0.65201765,2.0216606,-0.12181592,1.8650519,0.53020173,-0.1566087,-0.35866881031759235,-0.6702741915340305,0.3116053812164381,31.455076,47.67027
-0.21629053,-0.29056764,-0.10529776,-0.4796145,0.110992774,-0.18904686,0.9039068100486034,0.9156252003324354,0.011718390283832036,12.434746,32.51212
1.2639344,-2.8889103,0.8517791,2.5320761,-0.41215527,5.420986,-0.5985691655686893,-0.9291485475482357,0.3305793819795464,32.137054,36.6287
-1.3525721,2.2167819,0.28433985,-0.9177954,1.6369119,-3.1345773,0.2612452991167755,0.6988839333465293,0.4376386342297538,118.79447,45.130615
0.6199333,1.3329432,0.017652204,2.0337539,-0.6022811,0.7008107,-0.5708447793901215,-0.8137529480470838,0.2429081686569623,50.7836,37.511
0.46285388,-0.32098556,0.13999619,-1.3395928,-0.32285768,-1.0186073,0.5419441679218266,0.6273354548403427,0.08539128691851605,58.192116,30.236526
-0.20278534,-2.782229,0.46578956,-3.027665,0.6685749,-0.24543595,-0.35454513894353035,-0.7668711404334223,0.41232600148989196,40.66974,46.17144
-0.07926572,-2.8635178,0.55690503,3.0990036,0.63617074,5.9625216,-0.47872216855300564,-0.8520156382210011,0.3732934696679955,40.426243,48.304943
-0.92177737,-2.8050342,0.029687095,1.0528371,0.9514645,3.8578713,0.07903619898909486,-0.15022641200197628,0.22926261099107115,118.64111,41.4577
0.7285334,-0.16791439,0.13805746,-0.38811356,-0.5904759,-0.22019917,0.2753211076666875,0.7818645470639929,0.5065434393973054,35.62658,36.7596
-1.1030467,1.7343166,0.2623281,-1.9027789,1.3653748,-3.6370955,0.11190164573935135,0.16766588286296802,0.05576423712361667,127.919624,31.047764
0.6998816,2.5367777,0.3698249,2.6554275,-0.33005673,0.11864972,-0.9735423465289479,-0.9800220469811478,0.006479700452199921,19.778189,47.170326
0.51284534,2.654477,0.25332782,2.2937808,-0.25951752,-0.36069608,-0.9860801184209311,-0.9620533327494485,0.024026785671482642,24.184183,32.004078
-0.32386765,2.3845284,-0.07949823,2.2102263,0.24436942,-0.1743021,-0.6936207211885872,-0.8199704700462611,0.12634974885767392,17.065271,32.51207
-0.36996764,1.1270964,-0.46583122,1.3743829,-0.09586358,0.24728644,-0.02206343872266281,-0.15790467977600375,0.13584124105334094,14.053584,44.89363
0.6760642,-1.9362261,-0.0030196963,-2.571026,-0.6790839,-0.63479996,-0.07739422367107984,-0.28480728846980286,0.207413064798723,51.230446,38.21521
0.1220199,3.1285307,0.45967406,-2.8606234,0.33765417,-5.989154,-0.7530476191752801,-0.6645204712486033,0.08852714792667682,25.128374,32.89973
-0.05391802,2.978534,0.611504,2.4220443,0.665422,-0.5564897,-0.7501047180354732,-0.9900537598841659,0.2399490418486927,48.448498,45.85667
-0.9807401,-0.5082619,-0.601768,-0.97743547,0.37897205,-0.46917355,0.8687650538261131,0.9583014257140725,0.08953637188795938,28.419952,42.42566
0.9157323,2.6917126,0.75708157,2.323059,-0.15865076,-0.36865354,-0.8916161120393848,-0.9539295565283936,0.062313444489008774,16.726173,39.2115
0.41260132,-2.7470798,0.5075581,2.0470815,0.094956785,4.7941613,-0.5769486452559143,-0.9313240036799808,0.35437535842406653,74.91247,34.353176
1.1077368,-1.4844766,-0.44891635,1.9993461,-1.5566531,3.4838228,-0.1370367295765671,-0.5149465678874989,0.37790983831093183,140.11897,37.400173
0.96772736,0.8138273,1.5584581,-2.4966245,0.5907307,-3.3104517,-0.3349635406214553,-0.4611413160580228,0.1261777754365675,35.25036,41.154415
-0.16696277,-0.0527246,-0.5076378,0.07957067,-0.34067503,0.13229528,0.7896306311273853,0.790095476846846,0.00046484571946070474,20.772,31.426348
-1.024858,-0.9444876,-0.7730252,-0.47968835,0.25183278,0.46479923,0.8362572599714326,0.9445051790355983,0.10824791906416564,21.71609,35.763508
0.25464955,0.10542369,-0.0445601,-1.2722353,-0.29920965,-1.377659,0.4972935906146474,0.7532594505964751,0.25596585998182775,79.95954,38.06268
0.2344838,-1.1104751,-0.10794947,-0.9391311,-0.34243327,0.17134398,0.6762606638316004,0.9016968403053607,0.22543617647376024,21.908533,38.023785
-0.908373,-0.6633055,0.14385585,-1.1494588,1.0522288,-0.48615324,0.9080452800808487,0.7156147679901661,0.19243051209068263,64.84217,46.972805
-0.7202549,-2.013305,-0.23830207,2.1709704,0.48195285,4.1842756,0.45456276323433187,-0.7172750924206461,1.171837855654978,102.260414,38.806377
-0.8523955,0.51547265,-0.44446003,-1.0339402,0.40793544,-1.5494128,0.5637066087587748,0.9476135254258313,0.38390691666705656,70.34151,34.99617
0.66583174,-3.0563805,0.7088695,2.9926958,0.043037772,6.049076,-0.7909313988438127,-0.8827205362058579,0.09178913736204519,10.645198,42.98081
-0.6086525,2.1629674,-0.08765521,1.8745308,0.5209973,-0.28843665,-0.43309368965952544,-0.6931942386120378,0.26010054895251233,33.533638,43.318848
0.49399585,-3.1100843,0.66945547,3.0178099,0.17545962,6.1278944,-0.8138796478557332,-0.8791284434348454,0.06524879557911223,12.48876,45.350266
0.76917547,0.61176324,0.33011755,-1.8560605,-0.43905792,-2.4678237,-0.13830192833475863,0.16878353915253008,0.3070854674872887,107.80013,39.956253
0.07016537,1.2283952,-0.42500374,1.8530294,-0.4951691,0.62463415,-0.319386504513977,-0.4717343022439273,0.15234779772995033,44.904297,42.32338
-0.20871215,-0.40019035,0.013568263,-0.95082366,0.22228041,-0.5506333,0.9324264982132924,0.8481997548550111,0.08422674335828129,33.81781,48.056015
0.45536855,1.4431102,0.9005758,2.4466243,0.44520727,1.003514,-0.615178174562145,-0.911164679283015,0.29598650472087007,49.87764,41.14488
0.8542795,-2.5069993,0.8025806,-2.8981097,-0.051698923,-0.39111042,-0.49791726057194907,-0.7058329348668151,0.20791567429486602,15.376768,39.616447
-0.0392842,1.59318,0.12377005,2.0485637,0.16305426,0.45538378,-0.5505152994782833,-0.8616391779522719,0.3111238784739886,27.663942,38.48442
-0.13308184,1.4156196,-0.09333953,1.9425983,0.039742306,0.52697873,-0.37470810821405554,-0.7222422697725337,0.34753416155847816,30.080069,45.46984
-0.31041408,-0.26650262,0.41506818,2.9572878,0.7254822,3.2237904,0.9175375252802223,-0.903177387910973,1.8207149131911953,172.56253,46.61156
-0.5385657,-2.611848,0.6652197,-0.2242607,1.2037854,2.3875873,-0.039824099537256075,0.34724742485385995,0.38707152439111603,143.99078,40.608757
-0.12773351,-2.956965,0.053836852,1.8834658,0.18157037,4.8404307,-0.5187286473464274,-0.7641673431921276,0.24543869584570022,83.130196,43.42302
0.40937886,-0.27324104,-0.025863959,-1.0986435,-0.4352428,-0.8254025,0.5687428611915646,0.8207846359257378,0.2520417747341732,52.28649,39.278755
0.64300907,-0.094387054,0.58466315,-0.97792363,-0.058345914,-0.8835366,0.3208448442999412,0.453768828785833,0.13292398448589182,41.033646,43.11584
0.13897696,-1.41306,0.14129685,-0.37103248,0.0023198873,1.0420275,0.5860536451277838,0.7756714787633818,0.18961783363559803,59.060238,33.421246
0.4006914,2.6798036,0.60857165,3.0237255,0.20788026,0.3439219,-0.9790725617124156,-0.8819996324681552,0.09707292924426048,20.89599,30.26568
0.8732665,2.0250623,0.6221826,3.0059829,-0.2510839,0.98092055,-0.8668177805742427,-0.8878075881959981,0.020989807621755396,42.52113,46.348072
-1.2535913,1.1883767,-1.041954,0.4929758,0.21163726,-0.69540083,0.3563030072758062,0.5726663312986568,0.21636332402285063,19.755013,46.851635
0.15648289,-0.5170002,-0.20778266,-0.8574876,-0.36426556,-0.34048742,0.7958563618521648,0.9493267833154881,0.15347042146332335,28.490189,46.633057
0.82104415,-2.2343907,0.351343,2.9438088,-0.46970114,5.1782,-0.3301922001542845,-0.899994334917082,0.5698021347627975,57.367233,32.067524
0.012398084,-0.87768865,0.0066987486,-0.92533463,-0.005699335,-0.047645986,0.8643139883560451,0.8573566497345912,0.006957338621453868,2.7491548,31.91959
0.60617864,-0.3767593,0.059154253,-1.1882737,-0.54702437,-0.8115144,0.4375286508721512,0.7446043436725898,0.30707569280043856,53.2416,34.11976
0.47566622,1.4820507,0.089436024,2.1210275,-0.3862302,0.6389768,-0.6452940272764809,-0.8730039618914951,0.2277099346150142,41.266914,40.195793
-0.96236503,-2.4305382,-1.2993557,1.114718,-0.3369907,3.5452561,0.2815307949928485,0.39050443635470833,0.10897364136185983,49.49103,49.26872
-0.62794507,2.8058317,0.030398546,2.0213153,0.6583436,-0.78451633,-0.409517394753772,-0.8146244296337835,0.40510703488001143,56.316803,34.164467
0.8819795,2.8114731,0.6827637,2.417235,-0.19921583,-0.39423823,-0.8860423989845145,-0.9778145482805556,0.09177214929604105,19.542576,43.575985
-0.31427467,-0.71583796,0.015769653,-1.1338682,0.33004433,-0.41803026,0.9861162995447081,0.7884284335893164,0.19768786595539178,30.214659,32.59493
0.07070853,0.2194829,-0.8337678,-0.5694583,-0.9044763,-0.7889412,0.5243206488057046,0.9335995000754522,0.4092788512697476,65.16189,44.722305
-1.1933235,-1.5202281,-0.834036,-0.6461753,0.3592875,0.8740528,0.6428632309870791,0.9364606144730665,0.2935973834859874,32.067448,48.994793
-0.15615597,1.7678783,0.33289534,1.8229092,0.4890513,0.055030942,-0.5994091376604924,-0.8203345180368764,0.22092538037638398,28.192455,34.172184
0.73288584,-0.60169005,0.03677145,-1.4786196,-0.69611436,-0.8769295,0.35220348811682634,0.5979161937383295,0.24571270562150316,60.027046,49.568626
0.45999458,2.9758627,0.5009163,-3.0945578,0.040921718,-6.0704203,-0.8998329143863124,-0.8065256455372931,0.0933072688490193,11.056081,37.9886
0.46854267,0.9968393,-0.00087210594,1.6924223,-0.46941477,0.695583,-0.28492471825026655,-0.6334043493307324,0.34847963108046587,46.79967,43.900658
0.83799577,0.080881596,-1.0331206,1.3133775,-1.8711164,1.2324959,0.09293701970635526,0.21025162868121772,0.11731460897486246,121.6495,36.16833
-0.80987585,-0.597697,-0.41145676,-0.060550127,0.39841908,0.53714687,0.9431450738395633,0.8501490539840286,0.09299601985553463,33.626263,40.809002
0.07455626,0.32622027,-0.9256986,-0.36826456,-1.0002549,-0.69448483,0.4457590955198949,0.8761569525102395,0.4303978569903446,66.346214,36.305206
-0.62346905,-0.017876625,-0.78983945,-0.23426352,-0.16637039,-0.2163869,0.8400835173923996,0.8921393480167898,0.05205583062439023,13.3780985,49.51561
0.635425,-1.7387388,-0.26006195,-2.3931363,-0.89548695,-0.6543975,0.07360499426619871,-0.01044470823630661,0.08404970250250532,62.32434,40.583138
0.21515352,-1.5878196,0.08709919,-1.3830404,-0.12805432,0.20477915,0.4312586181740451,0.6311568980084372,0.19989827983439212,13.717371,30.46772
0.5621084,-1.0168824,0.038170084,-1.3122411,-0.5239383,-0.29535866,0.4634697529884946,0.694900203180822,0.23143045019232744,33.978962,47.66553
0.23793782,-0.4843619,-0.012368845,-1.0770282,-0.25030667,-0.59266627,0.7404241491588301,0.8225610110997269,0.08213686194089675,36.57203,39.99645
0.70325625,-2.142144,1.1142263,-2.9347746,0.4109701,-0.7926307,-0.2281071600024127,-0.6613637378548685,0.43325657785245575,35.262436,41.9496
-0.15789144,-0.04458618,-0.80978316,-0.30991438,-0.6518917,-0.2653282,0.7824164260689634,0.9050624618422463,0.12264603577328281,39.54684,30.011559
0.6843506,-2.03492,-0.019718472,-2.405824,-0.7040691,-0.37090397,-0.14744023838994735,-0.13486138173207696,0.012578856657870396,44.802795,42.471416
-1.3856376,0.19546866,-0.86129624,0.23336229,0.5243414,0.037893623,0.5563665149622232,0.705092639006458,0.1487261240442348,30.052397,44.629086
-0.50358856,-1.3342764,-0.12366455,-1.170298,0.379924,0.16397846,0.835240989862247,0.8313982780063238,0.00384271185592322,23.503828,38.235306
0.3830869,1.4143484,0.7020188,2.114158,0.3189319,0.69980955,-0.5780123760173304,-0.9322876512477123,0.35427527523038194,38.452858,42.681095
1.1544132,0.5469661,1.1814947,-2.3402233,0.02708149,-2.8871894,-0.2955067307779302,-0.456813599614593,0.1613068688366628,45.768566,48.24224
-0.22489962,-0.41450667,-0.0032837659,-1.1585631,0.22161585,-0.74405646,0.9399413531205774,0.7872428251580359,0.15269852796254146,44.116356,45.479176
-0.24082479,1.3931849,-0.10786965,1.6520232,0.13295513,0.2588383,-0.3004678982142268,-0.5552361521881117,0.2547682539738849,16.461197,49.34637
0.103685215,-2.0595958,-0.5176964,1.7568735,-0.6213816,3.8164692,0.11390637440209161,-0.3576099413981506,0.4715163158002422,136.55605,42.87143
-1.3838372,-0.8462379,-0.75422823,-0.9702347,0.629609,-0.123996794,0.6131373933761406,0.933082221514665,0.31994482813852443,36.175014,40.03628
1.0157944,-0.7075577,-0.009558268,-1.2488854,-1.0253527,-0.5413277,0.07840674696051231,0.7494285731819343,0.671021826221422,63.675076,49.048977
1.0072876,-2.5699615,0.8507844,-3.0000608,-0.1565032,-0.43009925,-0.5399403748730247,-0.7470505014250945,0.20711012655206984,17.118155,35.99704
0.13185011,2.6102698,0.114253975,3.0242467,-0.017596133,0.4139769,-0.932538881136729,-0.8026644739554216,0.12987440718130738,23.558468,36.880486
-0.08496239,3.0436547,-0.44760185,-0.86045194,-0.36263946,-3.9041066,-0.7045015767004958,0.985460363043213,1.689961939743709,127.791374,37.08669
0.5107312,2.7053435,-0.094877444,0.30417627,-0.60560864,-2.4011672,-0.9778928923558361,0.538786264423786,1.516679156779622,133.42401,34.22251
-0.42933953,-1.671244,-0.16003336,-0.7791105,0.26930618,0.89213353,0.6281932168527935,0.945432860796565,0.31723964394377147,50.963295,38.996468
-0.9844657,1.1703446,0.29069522,-1.157204,1.2751609,-2.3275485,0.24978940437361974,0.6219223407114036,0.3721329363377839,127.06277,48.319656
0.2560308,0.17445374,-0.13626322,-0.35881275,-0.39229402,-0.5332665,0.45338845613381373,0.8998388555216454,0.4464503993878317,37.724983,32.112965
0.5587362,1.2468436,-0.104416184,1.9682189,-0.6631524,0.72137535,-0.5002938292715804,-0.7274794049817279,0.22718557571014752,54.690987,47.6733
0.62132645,-0.7474625,0.07351966,-0.83891964,-0.5478068,-0.09145713,0.4537411828909086,0.8403932348856804,0.3866520519947718,31.757889,31.9706
-0.21533386,-2.0748518,0.22680105,2.45857,0.44213492,4.5334215,0.24339080222710407,-0.969005919035876,1.21239672126298,102.56198,49.46937
-0.24982814,1.4711192,0.79544497,2.350739,1.0452731,0.87961984,-0.3533052704617301,-0.9451182243591472,0.5918129538974171,75.18096,45.931664
-0.59325534,-2.8135328,0.35535997,-2.1656494,0.9486153,0.6478834,-0.14158112013172364,-0.09498185282623339,0.046599267305490244,64.83069,43.012413
0.4550122,-2.4633384,1.0092764,-2.5716376,0.5542642,-0.108299255,-0.3758199657347099,-0.5406975623348877,0.16487759660017787,32.06076,44.417233
-0.46941438,0.5580871,-0.14888903,-1.3362602,0.32052535,-1.8943473,0.4719562994543942,0.7602217506171929,0.28826545116279867,102.31609,37.71696
0.47910586,-2.3442216,-0.39590022,2.1608582,-0.8750061,4.5050797,-0.2908967953044481,-0.6045222352202515,0.3136254399158034,110.26109,46.73717
-0.72804487,1.3770068,-1.0739506,0.24810843,-0.34590578,-1.1288984,-0.0004709617691469603,0.6594760212071957,0.6599469829763427,42.513172,30.709873
0.6576459,2.7952344,0.84999424,2.78704,0.19234836,-0.008194447,-0.9465409657156965,-0.9015839093296059,0.0449570563860906,11.025998,45.694397
0.6370714,-1.915966,-0.6825984,1.7960314,-1.3196697,3.7119975,-0.043093423022039445,-0.24997044665116874,0.2068770236291293,154.18652,44.649395
-0.9218464,-0.60556173,0.7047325,-0.51594883,1.6265788,0.0896129,0.9011445287309812,0.3717755665780107,0.5293689621529705,93.30212,34.996655
-0.6786254,-0.4463327,-0.6966504,-0.5318942,-0.018024981,-0.085561514,0.9619891867819081,0.969090262614662,0.007101075832753878,3.925955,31.168427
-0.030076269,2.4723485,-0.5421195,-2.9279635,-0.51204324,-5.400312,-0.874540464708847,-0.24501408152605553,0.6295263831827915,56.001938,44.86168
-0.43171653,-2.9973001,-0.3816751,2.1922908,0.050041437,5.189591,-0.36083326621893974,-0.6226017940774824,0.26176852785854265,57.112442,38.682606
-0.37555984,2.163905,-0.06867189,1.9404483,0.30688795,-0.22345662,-0.6204027274011743,-0.7340868140769707,0.11368408667579644,21.533524,34.27427
-0.7133961,-0.66165686,-0.6148083,-0.163523,0.09858775,0.49813384,0.9719676915570563,0.8984367469496384,0.07353094460741794,23.062105,36.650497
-0.054251578,-2.5034702,-0.7582542,2.1108062,-0.7040026,4.6142764,-0.2035477383574147,-0.28900900686668507,0.08546126850927038,91.93275,45.267696
0.20413107,0.94430804,-0.35402355,2.3110116,-0.5581546,1.3667035,-0.13284068434836627,-0.6642811437337315,0.5314404593853652,83.34526,49.51411
0.028631426,-0.69264483,-0.14921692,-0.80953586,-0.17784834,-0.11689103,0.8750619009919234,0.9387526213028128,0.0636907203108894,12.182267,48.4261
0.13562484,0.06771159,-0.73957413,-1.0190533,-0.87519896,-1.0867649,0.588246068625589,0.9264599086248566,0.3382138399992676,75.55229,40.804367
-0.14590007,-1.3712987,-0.06403195,-0.9919166,0.08186812,0.37938207,0.7397682346428844,0.8713458982888271,0.1315776636459427,22.112877,39.840946
0.6072061,1.6063793,-0.05606029,2.147878,-0.6632664,0.54149866,-0.7361811908829804,-0.8162269895516272,0.0800457986686468,47.88041,46.049026
0.01506922,3.0146086,0.26427308,2.2097003,0.24920386,-0.8049083,-0.7666261107532248,-0.948892934269189,0.18226682351596413,47.703125,45.69459
-0.6319588,2.7877958,-0.09363929,1.8961353,0.53831947,-0.89166045,-0.41020844084694374,-0.7006017980723414,0.2903933572253976,55.95615,33.25445
-0.28582048,3.0971024,0.084075995,2.0148768,0.36989647,-1.0822256,-0.56080254956691,-0.8342429266694564,0.27344037710254643,64.845856,39.797367
-0.59323865,1.0530331,-0.55480266,-0.67357576,0.038435996,-1.7266089,0.1428146110909374,0.9969137812286384,0.854099170137701,79.33155,30.666908
-1.0324397,-0.07364917,-0.83132625,-0.023457212,0.20111346,0.050191954,0.769999251529879,0.8158789015106891,0.04587964998081007,11.647096,34.12684
-0.5085248,-0.18034911,-0.47614247,-0.10912611,0.03238231,0.071223,0.9073990163341126,0.8779883675925095,0.02941064874160304,4.046123,37.802063
0.41195455,-0.5930674,0.35103756,2.8913844,-0.06091699,3.4844518,0.6282676008376598,-0.9189091394034001,1.54717674024106,132.27505,34.87757
0.030823343,2.5385482,-0.013496557,2.393664,-0.044319898,-0.14488435,-0.9003049170599589,-0.8799285289292664,0.020376388130692424,8.680005,42.824375
-0.28638974,1.9370906,0.11688574,1.9260658,0.4032755,-0.011024833,-0.6051479870632477,-0.8090944175909502,0.20394643052770256,23.114426,33.822975
0.22220533,0.7121892,-0.4487587,2.5729735,-0.670964,1.8607843,0.05949101304054949,-0.5975434793610592,0.6570344924016087,110.2982,46.88799
-0.46583438,1.9634464,-0.11861682,1.8783939,0.34721756,-0.08505249,-0.48870785834578,-0.6786346835197543,0.1899268251739743,20.427221,36.087326
-0.857284,1.7924268,-0.3263071,2.4659479,0.5309769,0.67352104,-0.1068560899628217,-0.6948845162421229,0.5880284262793012,43.370117,48.395664
0.685562,-0.3372023,0.09600628,-1.2630631,-0.58955574,-0.92586076,0.3594232088458682,0.6907943689085316,0.33137116006266343,58.407658,36.25847
-0.5228117,1.1996267,0.06910471,0.7220043,0.59191644,-0.4776224,0.00046790822778852714,0.12395919633760233,0.1234912881098138,42.849403,33.665268
-0.85895294,2.097523,-0.35805517,1.6499742,0.50089777,-0.44754875,-0.19379939642933053,-0.40765597329496117,0.21385657686563064,35.22476,42.197853
-1.1898303,0.3216436,-1.019877,-0.18792112,0.16995335,-0.5095647,0.6057639233591203,0.8022935320132243,0.19652960865410396,16.08215,46.22472
0.018027209,-1.5762466,0.025545938,-1.30039,0.007518729,0.2758566,0.5413843464515298,0.7072078082528417,0.1658234618013119,15.807473,35.90752
-0.28138888,0.73780847,-0.7189527,0.5798451,-0.43756384,-0.1579634,0.26384944453421966,0.5113934787344423,0.24754403420022264,26.26119,45.06114
-0.39702353,1.5062296,-0.23937346,1.5879326,0.15765007,0.08170295,-0.29078064391586733,-0.440557517285723,0.14977687336985568,10.064936,40.95012
-0.04450419,-0.90228224,-0.11703951,-0.8615157,-0.07253532,0.040766537,0.8848836817262935,0.9204409621025942,0.03555728037630068,4.7633715,46.911865
1.1894499,0.9431956,0.9988518,-2.5617533,-0.19059813,-3.5049489,-0.4402957389809803,-0.5361452835857001,0.09584954460471984,53.689884,48.74355
0.26414174,-0.53081703,-0.12601723,-0.98306537,-0.39015895,-0.45224833,0.7296421931149855,0.8970861637881775,0.16744397067319206,34.04769,46.520535
0.6473264,-2.4260952,0.85415643,-2.6181345,0.20683002,-0.19203925,-0.4054250368870882,-0.559465929518467,0.15404089263137877,14.290971,41.41607
0.10986614,0.8866732,-0.47761363,1.4520578,-0.58747977,0.5653846,-0.039876240973935495,-0.20426123699755339,0.1643849960236179,45.975124,35.74368
-0.35266027,-1.5749991,-0.17723809,-1.0544137,0.17542218,0.5205854,0.6750605565201484,0.8925639384110138,0.21750338189086538,30.426289,30.18559
-0.96958977,-3.010913,-0.43687263,1.0318627,0.5327171,4.0427756,0.02890702607614637,0.08683641456170044,0.05792938848555407,88.23446,31.860077
-0.10879209,0.20530486,-0.8413094,0.13201931,-0.73251736,-0.07328555,0.6142702669134543,0.7525776632026848,0.1383073962892305,42.12229,42.52384
-1.0318569,-0.73430467,-0.19654264,-1.0158461,0.8353143,-0.28154147,0.8486919011995351,0.910229935732298,0.061538034532762964,49.37336,37.018806
-0.12193342,-1.2368373,-0.012173499,-0.9275434,0.10975993,0.30929387,0.8010477134112399,0.8654702106189918,0.06442249720775184,18.75769,34.837475
-0.8401148,2.9782274,1.096033,-2.1952007,1.9361477,-5.173428,-0.17653283176840784,-0.3882482062817072,0.21171537451329936,121.77817,49.17553
-0.45158023,1.4179003,-0.21421263,2.3255572,0.2373676,0.9076569,-0.1969061592656054,-0.7620208313339667,0.5651146720683613,50.654667,34.59485
-0.6991366,1.1060865,0.16070782,-1.800159,0.85984445,-2.9062455,0.1547834786343909,0.30269247605596483,0.14790899742157393,146.89676,31.612783
0.9270023,0.80054283,1.396774,1.8231089,0.46977174,1.0225661,-0.31452460171439434,-0.5743641582152192,0.2598395565008249,32.65777,37.470234
0.918656,1.2751253,0.8289179,3.078009,-0.08973807,1.8028836,-0.5627536374149846,-0.8305648771891583,0.26781123977417365,60.554207,37.37679
-1.1272894,1.4003088,-0.5394536,0.34837177,0.5878358,-1.0519371,0.23061168189189196,0.6340794954746531,0.4034678135827612,49.71848,45.356045
0.5077878,-3.1319125,0.65605116,2.9029984,0.14826334,6.034911,-0.8257670387535831,-0.9186538131576647,0.09288677440408155,14.579795,43.364277
-0.5518297,-1.0361207,-0.46908906,-0.976682,0.082740635,0.059438646,0.9476222804037313,0.963549646816265,0.015927366412533672,5.5940137,37.238796
-0.0040723197,1.843221,0.11469302,2.0364056,0.11876534,0.19318461,-0.7183316718212271,-0.8539405327554848,0.1356088609342576,12.973042,48.574917
-0.5995843,-1.4274662,-0.32492223,-0.9747168,0.27466205,0.45274937,0.792978883516525,0.9503708371147646,0.15739195359823954,27.909119,31.547821
-0.35093388,-2.3279424,-1.0957192,-0.60566425,-0.7447853,1.7222781,0.08692345456869432,0.8132676414821756,0.7263441869134812,76.06109,33.67239
0.54284966,1.671591,0.73526794,2.1627295,0.19241828,0.49113846,-0.7682725086602269,-0.9359168616175708,0.16764435295734392,24.976406,47.89324
0.011612438,-0.90216494,-0.08901955,-0.9103253,-0.10063199,-0.008160353,0.8599874122591302,0.9010234829137538,0.04103607065462356,5.784656,44.415504
0.41760758,-0.38400388,0.115863524,-1.1120888,-0.30174404,-0.7280849,0.5928894190122911,0.7457981052487659,0.1529086862364748,43.563316,46.859364
0.014510545,-1.9711287,0.043020498,0.9728548,0.028509952,2.9439836,0.23211510954296521,-0.08573453724498803,0.31784964678795324,168.21034,33.49448
-0.35736892,-0.03695345,-0.68464875,0.0041381842,-0.32727984,0.041091632,0.8304486848162209,0.8267394618758109,0.003709222940409984,18.86064,40.633244
0.174644,2.5169837,0.41467714,0.8207607,0.24003315,-1.696223,-0.9538707128469746,-0.12158165260454368,0.8322890602424309,92.45002,40.41617
0.5215212,-0.3068354,-0.039833695,-1.3004818,-0.5613549,-0.9936464,0.4912898655498541,0.7367897116401654,0.24549984609031128,63.070953,35.705635
-1.5137473,2.7579424,-0.6556926,0.13268198,0.85805476,-2.6252604,0.40910410881053283,0.7677333244674016,0.3586292156568688,55.290615,36.68655
-1.1541007,1.9074657,-0.9682841,1.0739511,0.18581659,-0.8335146,0.1147736674406854,0.2897563215760872,0.17498265413540182,24.822134,32.855083
0.4965032,-0.5070746,0.012771292,-1.017034,-0.48373193,-0.50995946,0.55239791892512,0.8305404716461312,0.2781425527210112,39.339615,40.96279
0.5877918,0.21287084,-0.3539677,-1.6699305,-0.94175947,-1.8828013,0.21402159950739286,0.611021163435054,0.3969995639276611,115.58325,47.39021
-0.6020371,2.4131663,0.008645212,1.8371533,0.6106823,-0.57601297,-0.47171076138510415,-0.720968055864917,0.24925729447981282,46.664234,40.068882
0.93160605,-0.475837,-0.4926931,-2.5899675,-1.4242991,-2.1141305,0.1520408255863952,-0.049313439640640055,0.20135426522703526,130.64334,42.22458
-0.7884239,0.6010215,-0.93797886,0.020696815,-0.14955497,-0.5803247,0.5087363556065743,0.7740101067885501,0.2652737511819758,22.989008,32.686184
1.3177103,0.15366292,0.94799536,-2.7598789,-0.36971492,-2.9135418,-0.2929898775874804,-0.6284653694951468,0.33547549190766635,49.901966,39.360394
-1.0961387,-2.8013103,0.36895856,-0.46591407,1.4650973,2.3353963,0.19262610715832018,0.6459927236882628,0.4533666165299426,128.01476,45.158634
1.5167072,0.8166032,0.9672596,-2.886963,-0.5494476,-3.703566,-0.4538286087253438,-0.6802039187874138,0.22637531006207,37.2346,43.038673
0.71641093,-2.9551103,0.88587314,2.9072602,0.1694622,5.8623705,-0.7389246546112016,-0.8641802710367541,0.1252556164255525,19.256435,39.35129
-1.1664441,-0.21509242,-0.8783425,-0.19882424,0.28810155,0.016268179,0.7351831697045981,0.8577981316635119,0.12261496195891386,16.513697,47.862587
-0.5398782,1.3088887,-0.63958466,1.6498299,-0.09970647,0.3409412,-0.06854447896975735,-0.21316630845818185,0.1446218294884245,17.172659,41.967434
-0.10056247,-1.9494084,-0.062042482,-0.9013049,0.038519986,1.0481036,0.30205064977480234,0.8923012449495862,0.5902505951747838,59.870094,32.220406
0.292929,2.6537807,0.058543842,1.9098371,-0.23438515,-0.7439436,-0.9687995657566617,-0.7788020871784433,0.18999747857821836,43.933258,34.96959
-0.39861506,-3.0240862,-0.19899955,1.9975669,0.19961551,5.021653,-0.3986293343962686,-0.6854454750884518,0.2868161406921832,69.40918,36.626575
-0.11898451,-2.259291,0.008323836,0.037282582,0.12730835,2.2965734,0.040182612985415034,0.6703467010047943,0.6301640880193793,131.29907,42.602127
0.089045614,2.7942111,-0.123794794,2.164403,-0.21284041,-0.6298082,-0.87964320628517,-0.784667423785252,0.094975782499918,38.019806,36.64022
0.30828902,-3.1190968,0.64582855,3.0859787,0.33753952,6.2050753,-0.7895887693365118,-0.8548905399769031,0.06530177064039133,19.737074,49.45873
-1.0501775,2.5869505,-0.6736811,1.7018782,0.37649637,-0.88507235,-0.041320900890346124,-0.2139221981449082,0.17260129725456208,38.05873,36.213184
-0.26613322,2.4137318,0.09720607,1.9527895,0.3633393,-0.46094227,-0.7355571286214193,-0.8136696380175268,0.07811250939610748,33.43633,31.146963
-0.08382047,2.4843557,0.115407996,2.3044019,0.19922847,-0.17995381,-0.8471302933947271,-0.9236440192226096,0.07651372582788252,15.369812,37.991726
-0.1424376,-0.5618272,-0.3325074,-1.7024752,-0.1900698,-1.140648,0.9394398032973577,0.5820318045396351,0.35740799875772256,64.1186,35.481506
0.13472699,-2.4552145,-0.13715948,1.9496899,-0.27188647,4.4049044,-0.24693143840033827,-0.7015364979998342,0.45460505959949593,108.389084,45.557423
0.95758724,2.1442626,0.6930954,2.6227288,-0.26449186,0.47846627,-0.8595953082877461,-0.9685368198804518,0.10894151159270571,23.721767,39.21193
0.74727917,-0.66127014,0.3223858,-0.95305026,-0.42489338,-0.2917801,0.3403139621728357,0.6647151252208552,0.32440116304801947,28.154844,44.53972
0.80824,-0.9712522,0.47957447,-1.4940003,-0.32866552,-0.5227481,0.2552178507901992,0.3254517422688057,0.07023389147860648,30.159693,39.2556
1.2900147,-2.1186612,-0.08054781,2.4793673,-1.3705626,4.598028,-0.4098924289390249,-0.8489201109452456,0.43902768200622067,96.24778,46.409843
0.020991795,2.4574492,-0.016497644,2.389625,-0.037489437,-0.067824125,-0.89809744428484,-0.878234841041637,0.019862603243202992,4.4399433,45.628265
0.6044686,-0.5596423,-0.059415318,-1.1041114,-0.6638839,-0.5444691,0.46607692095561504,0.8329756854108208,0.36689876445520575,48.02244,42.839714
0.70963067,-0.61665773,0.109377325,-0.76582843,-0.60025334,-0.1491707,0.37445956300239835,0.8295242207043625,0.45506465770196414,35.232445,37.755238
0.54328215,-0.49108315,0.3558155,-0.8199926,-0.18746665,-0.32890946,0.5113207316493291,0.664307985421086,0.15298725377175693,20.037748,39.305344
-0.17413682,-1.0289445,-0.21303794,-1.0430226,-0.03890112,-0.01407814,0.899658119733596,0.9065756441101538,0.006917524376557793,2.3652127,36.67931
-0.6179965,0.30527973,-0.6677715,0.07718492,-0.049775004,-0.22809482,0.6705116277698187,0.7946884271598578,0.12417679939003912,10.831073,30.459663
-0.832866,1.1599462,-0.6207708,0.41779366,0.2120952,-0.7421526,0.18458938722338125,0.600889524282751,0.41630013705936975,33.521786,37.18088
-0.41166615,2.1936834,-0.6299546,-2.4522574,-0.21828842,-4.645941,-0.6003254464743328,0.1209922787884814,0.7213177252628142,79.24837,35.215824
-1.1696839,2.5800192,1.1883473,0.89091575,2.3580313,-1.6891035,0.07716813897059271,-0.42281339365192405,0.49998153262251677,150.61163,43.340054
0.52244246,-1.5048958,0.159667,-1.2717106,-0.36277544,0.23318517,0.28957963204160486,0.6516108531089735,0.3620312210673686,24.250362,43.85325
0.5939432,2.185312,0.14017089,2.3372695,-0.4537723,0.15195751,-0.9635925730883468,-0.9364127737991446,0.027179799289202222,27.209108,30.705477
0.44362277,-2.9022198,0.81094295,3.1350272,0.36732018,6.0372467,-0.6883191971284095,-0.8137573873083684,0.12543819017995894,23.854912,42.943596
-0.102479085,-1.6590272,0.060057044,-1.1993576,0.16253613,0.4596696,0.5344400973739876,0.7392514871080911,0.2048113897341035,27.901922,48.36692
0.35110372,-2.0900154,-0.62053394,-1.0322883,-0.97163767,1.0577271,-0.030366557750214795,0.9432750847761788,0.9736416425263936,79.92175,36.996937
-0.82539034,-2.6087017,-0.16696006,-1.1285655,0.6584303,1.4801362,0.12138300847282757,0.8629329472442091,0.7415499387713815,79.47473,48.27797
-1.267306,-1.9851674,-0.53584635,-0.98733336,0.7314596,0.997834,0.5052411054202559,0.9606305940894053,0.4553894886691494,51.204525,34.899353
0.8157679,-2.1550784,0.5224489,-3.112145,-0.293319,-0.95706654,-0.28027281695944595,-0.8169195631375805,0.5366467461781346,45.135426,49.442986
-0.9409242,2.6581967,-0.020898214,2.569384,0.920026,-0.08881259,-0.14372559140483077,-0.8745060926341268,0.730780501229296,52.880566,35.44969
0.10169358,0.54495716,-1.1665524,0.9283028,-1.268246,0.38334566,0.2595162310807666,0.4110374804994583,0.15152124941869172,74.362206,34.48947
-0.13579857,1.5240667,-0.24750203,1.9162931,-0.111703455,0.39222646,-0.45359753417837023,-0.6209459921878295,0.1673484580094593,22.95376,39.65803
-0.6107609,2.360731,0.036481597,-1.1309779,0.64724255,-3.4917088,-0.4608756120661752,0.7796462077993018,1.240521819865477,142.17783,41.029022
0.23361245,-1.5652275,0.015598263,-1.4834168,-0.21801418,0.08181071,0.4361350166401756,0.6048763429586197,0.16874132631844407,13.325719,47.328186
0.8630118,2.0139978,0.46849975,1.9461443,-0.39451203,-0.06785345,-0.8672807307256925,-0.8939361599049711,0.026655429179278656,22.802036,32.822273
-0.6477395,0.5855639,-0.91560507,-0.16558096,-0.26786554,-0.7511449,0.4947442728629525,0.8369525804157778,0.3422083075528253,33.530937,37.935947
0.70000845,-0.8968556,-0.018045496,-1.7762127,-0.71805394,-0.8793571,0.3673494438272922,0.40828076118661905,0.04093131735932687,61.576084,48.02941
-1.0134904,1.8277576,-0.8470574,1.1405991,0.16643304,-0.68715847,0.012445507508068943,0.20238646217374168,0.18994095466567273,24.947191,32.237087
-0.8090157,0.89786696,-0.924472,0.6919862,-0.11545628,-0.20588076,0.33206820581308527,0.47567936799097765,0.14361116217789238,10.080244,48.487957
0.1921027,2.9908864,0.75182045,2.8512542,0.5597178,-0.13963223,-0.8438765905043635,-0.9154653753292523,0.07158878482488884,32.81482,42.737392
0.90782404,0.11982918,0.66818374,2.777167,-0.2396403,2.657338,0.022821078095296432,-0.948817146212793,0.9716382243080894,86.51668,44.696655
0.7688563,-1.3122543,0.2676454,-1.4871935,-0.5012109,-0.17493916,0.19362023797427153,0.46672095898583077,0.27310072101155924,29.954473,31.207245
-0.1265918,1.6875856,-0.13743429,1.8916497,-0.010842487,0.20406413,-0.5678580148597523,-0.6747420702452267,0.10688405538547441,11.606495,48.102184
0.06899561,2.123758,0.08074705,2.1982372,0.011751443,0.0744791,-0.8658372859338135,-0.8904851709207895,0.02464788498697601,4.3082075,45.298374
0.6288828,2.7463253,0.6152375,2.6862843,-0.013645351,-0.06004095,-0.9609545000580404,-0.9733236306108157,0.012369130552775331,2.9027243,40.808865
0.53346455,-0.8021238,-0.02986567,-1.3632381,-0.56333023,-0.5611143,0.5256912254903305,0.6983200250128083,0.17262879952247778,44.478844,30.334913
-0.58601797,-0.9821055,-0.5223676,-0.98106706,0.06365037,0.0010384321,0.9587424561954911,0.9625263402269866,0.0037838840314954325,3.6472797,42.442253
0.15361416,-3.0618837,0.79244965,2.6021726,0.6388355,5.6640563,-0.7115204484628181,-0.9449099879053922,0.233389539442574,47.623158,46.131184
0.34796202,0.8233197,-0.49533108,1.9536774,-0.8432931,1.1303577,-0.09361953264754064,-0.4623833940510682,0.36876386140352757,79.01576,34.152058
0.081888735,0.8926976,0.5483166,-1.6634506,0.46642786,-2.556148,-0.03241790311259507,0.17650726076745293,0.208925163880048,131.77925,35.729237
0.6865121,-1.124948,0.02992772,-1.5094249,-0.6565844,-0.3844769,0.3276222681602974,0.581153797292657,0.25353152913235966,42.638645,39.93246
0.7234138,-2.648344,1.0582869,2.8585055,0.33487308,5.5068493,-0.5660424430385014,-0.8027251556408128,0.23668271260231144,32.950306,33.826134
0.63866717,1.5098765,0.7085586,2.2542336,0.06989145,0.7443571,-0.6828962258497011,-0.9575953870085705,0.2746991611588694,33.246014,47.773926
1.1231165,0.49247003,0.98417217,2.4427078,-0.13894433,1.9502378,-0.26132674957501667,-0.8735712348841851,0.6122444853091684,48.548325,30.62637
0.1197785,-1.8307208,0.18032148,-0.95715815,0.060542986,0.87356263,0.2989129879871131,0.7568874347629251,0.457974446775812,49.564396,36.09148
-1.2669133,1.7138579,0.260068,2.6056352,1.5269814,0.8917773,0.24381816052450378,-0.9687515371321016,1.2125696976566054,93.65565,35.10806
0.6614253,-2.9214504,0.8181143,-3.1166275,0.15668899,-0.19517708,-0.7216336149134612,-0.8002994886785824,0.07866587376512113,12.175226,44.458878
-0.4914274,1.6083381,-0.20159592,2.8664799,0.28983146,1.2581418,-0.2943700457491105,-0.7111362877803611,0.41676624203125057,68.88869,34.881233
-0.69319636,3.1109374,-0.27249438,1.4847369,0.42070198,-1.6262004,-0.25469622080298515,-0.3502014939470137,0.09550527314402857,82.475334,46.552406
-0.2168624,0.40779805,-0.8452542,-0.540367,-0.6283918,-0.94816506,0.5075878668180049,0.9275477143208466,0.41995984750284165,57.393154,44.375465
-0.9866853,2.9179785,-0.810277,1.4140939,0.17640829,-1.5038847,-0.059153683964534576,0.030040110186634106,0.08919379415116868,50.966324,38.51314
-0.49937907,1.461396,-0.41497844,1.6489778,0.084400624,0.18758178,-0.19685709243107086,-0.36987798036048547,0.1730208879294146,10.781492,49.772953
-0.65343595,2.995897,-0.16534881,1.8302656,0.48808712,-1.1656314,-0.3313422913106421,-0.6282128100618269,0.29687051875118486,65.8728,43.044426
0.7759292,-3.0414455,0.7327739,3.112518,-0.043155313,6.1539636,-0.7753697428864177,-0.8352325025631696,0.05986275967675192,5.9319415,46.954124
-0.47402102,-0.10499501,-0.34943503,0.07576638,0.124585986,0.1807614,0.876102901269395,0.7689905740704597,0.10711232719893538,11.866658,36.490074
1.080133,2.034207,0.83983284,2.7895093,-0.24030012,0.7553022,-0.7841170942733688,-0.9044480926542313,0.12033099838086248,27.659418,34.800285
0.4045391,2.7963302,0.4637486,2.689814,0.059209496,-0.10651612,-0.9541127502387976,-0.9806623717630139,0.02654962152421625,6.491899,33.97629
-0.3365462,0.2811799,-0.94759196,0.20442998,-0.6110457,-0.07674992,0.6369244461307257,0.7040184757775427,0.06709402964681699,35.17197,36.454628
1.1957749,-2.8861818,0.767459,3.1395075,-0.42831594,6.025689,-0.6217624643394446,-0.8195117047296329,0.19774924039018826,25.713428,45.866795
1.177792,-0.8009467,0.17152065,-2.6874614,-1.0062714,-1.8865147,-0.08593309945187677,-0.45464089240671157,0.3687077929548348,87.67872,36.747253
-0.25510165,2.1156614,-0.013124979,2.1020308,0.24197668,-0.013630629,-0.6910949858731783,-0.8233984702904531,0.1323034844172748,13.885706,48.22506
-0.43274984,-1.5776944,-0.10556198,-1.146644,0.32718787,0.43105042,0.6903917359679241,0.834536992661878,0.14414525669395384,30.188946,34.504383
-0.752647,0.7533164,0.0770814,-0.61329895,0.82972836,-1.3666153,0.40717063396680864,0.8492471868532192,0.44207655288641057,84.553474,34.905178
-0.4263566,-1.7545999,0.0032924924,-1.2603465,0.4296491,0.4942534,0.5693736393174618,0.7379663071295843,0.16859266781212257,36.855637,46.810947
0.7431953,1.837158,0.89741606,2.7313938,0.15422076,0.89423585,-0.838151079522155,-0.8936644965099134,0.05551341698775847,35.269157,42.760418
0.79244614,0.027935982,0.26971373,-0.2794082,-0.5227324,-0.30734417,0.1506959793837811,0.669163139243782,0.5184671598600009,33.410458,47.599247
-0.5623557,-1.1403499,-0.3042497,-1.206537,0.258106,-0.06618714,0.9154507694035541,0.8671256233583158,0.0483251460452383,15.180019,45.802708
-0.57499564,1.0743959,1.3530089,-2.3757274,1.9280045,-3.4501233,0.11874614666477612,-0.4729796242352835,0.5917257709000596,134.72842,34.582294
-0.45892859,2.1533258,-0.19792137,2.060861,0.26100722,-0.092464685,-0.5542684296747797,-0.7095871823673665,0.15531875269258677,15.76683,42.184498
-1.025418,1.6694973,0.7364449,1.5739815,1.761863,-0.09551573,0.07063691548501949,-0.7196371868000198,0.7902741022850392,101.04955,49.43768
0.4252707,-2.197367,-0.36084396,1.8403591,-0.7861147,4.037726,-0.1520722997917403,-0.5105719026869684,0.3584996028952281,132.68872,32.893417
1.3899043,-0.7696614,0.35378382,2.7103584,-1.0361204,3.4800198,-0.2918133848445903,-0.9683940990436799,0.6765807141990896,79.53677,31.736639
0.8239533,-2.3730922,-0.47200903,1.213069,-1.2959623,3.5861611,-0.4146349855042981,-0.03652715821991315,0.37810782728438497,151.62929,30.100769
0.1520798,-1.7608114,0.41797766,-1.1270243,0.26589787,0.63378716,0.3380410217141758,0.5436280097548387,0.2055869880406629,37.8691,45.642303
1.1230396,-2.9556901,-0.4706436,-0.58968574,-1.5936832,2.3660045,-0.6647798046752422,0.9972787288979372,1.6620585335731795,133.17863,33.07643
0.6702788,-2.687027,0.586482,2.0654082,-0.0837968,4.752435,-0.5838583023784008,-0.9343892112024275,0.3505309088240267,68.28889,37.83928
-0.649456,-0.46837282,-0.5172278,-0.20264257,0.1322282,0.26573026,0.9703572603339765,0.9154957827565848,0.05486147757739168,14.766255,49.276794
-0.23942824,2.396654,-0.039393805,2.2297857,0.20003444,-0.16686821,-0.7523929170849257,-0.8446526456726562,0.09225972858773046,14.855324,35.688457
-0.24685135,-2.1375525,-0.47592777,0.3581944,-0.22907642,2.4957469,0.20285967899013357,0.6163455968614393,0.41348591787130573,125.195724,38.725163
-0.5256007,-0.4535954,-0.38910443,-0.3786194,0.13649625,0.074976,0.9804579586850437,0.9609856840177429,0.019472274667300837,8.716498,41.504623
-0.93732226,2.2975676,-0.53413486,1.6718524,0.4031874,-0.62571526,-0.14887084756975533,-0.3009932975532372,0.1521224499834819,34.584663,30.883953
-1.0335424,1.2046273,-1.049473,0.780775,-0.015930653,-0.42385226,0.25674035233732084,0.4494863917835463,0.19274603944622548,12.22621,34.25288
0.46568123,-0.6269305,0.109481685,-1.1395495,-0.35619953,-0.512619,0.5874292099691125,0.7386552649637315,0.15122605499461894,34.607025,37.61034
-0.064250916,0.64245176,0.30579546,-1.1082727,0.37004638,-1.7507244,0.25399218418988667,0.6302391828634004,0.37624699867351374,100.93141,36.35057
-0.2616395,0.45070314,-0.16847329,-1.1950738,0.09316622,-1.645777,0.4902348123577731,0.8360245261796706,0.3457897138218975,91.60244,40.536762
-0.13931136,1.9530151,-0.08730037,2.1542444,0.05201099,0.20122933,-0.7017794387595284,-0.8018197405162892,0.10004030175676082,11.835379,43.650017
1.17945,-2.686018,0.95681906,3.053674,-0.22263098,5.7396917,-0.5690338689803571,-0.80173428916819,0.23270042018783288,19.325241,30.082638
-0.010093026,0.36211133,-0.56759,-0.12567468,-0.55749696,-0.487786,0.45872600172450184,0.8866076507250336,0.4278816490005317,41.388226,36.143913
0.029905247,1.8383582,0.12580696,2.0242896,0.09590171,0.18593144,-0.7310502393760654,-0.8533836507509207,0.12233341137485532,11.954277,48.64415
0.8037869,-0.7717428,0.34579968,-1.0983627,-0.4579872,-0.32661986,0.28366186879133437,0.6060128927367376,0.32235102394540327,30.409845,45.594215
0.17833604,1.9079564,0.5337331,2.1151838,0.3553971,0.20722747,-0.8217701858163675,-0.9508923505970923,0.1291221647807248,23.164188,41.69006
0.14719835,1.5024679,-0.0010353937,1.9253621,-0.14823374,0.42289424,-0.5665490975148275,-0.760025705847457,0.19347660833262947,25.59223,44.697063
-1.1949908,-2.4498775,0.20607452,-0.4503568,1.4010652,1.9995207,0.35948490506173325,0.7547754502932857,0.3952905452315525,109.85774,36.252853
-0.86049014,2.2619736,-0.13861737,2.144746,0.7218728,-0.117227554,-0.21954860798691378,-0.7709320482888948,0.551383440301981,41.743137,36.62876
-0.1711357,-0.60502434,0.063719064,2.520126,0.23485476,3.1251504,0.9518357097494743,-0.9149711043166544,1.8668068140661287,173.77487,41.478123
-0.50482595,0.5512881,-0.86482066,-0.017823372,-0.3599947,-0.5691115,0.48636306690801767,0.8062769245219883,0.3199138576139706,32.178326,36.836624
1.0784642,2.7030523,0.66385764,2.1211429,-0.4146065,-0.5819094,-0.8126369893175953,-0.9404682936953961,0.12783130437780077,31.350489,45.274563
1.3381944,-1.5471271,0.89911187,-2.4610608,-0.4390825,-0.91393363,-0.31472793055909176,-0.4784060281201956,0.16367809756110385,31.865622,49.52982
-0.25346115,0.93242574,-0.3935557,1.399976,-0.14009455,0.46755028,0.08571353822743433,-0.2188238110365619,0.3045373492639962,26.5878,30.446325
0.53447133,1.5471137,0.47512537,2.0357041,-0.05934596,0.48859048,-0.6955517314108263,-0.9268899547483809,0.2313382233375546,24.672974,44.599854
-0.66415995,2.5047662,-0.16859052,1.5695815,0.49556944,-0.9351847,-0.41680406037525586,-0.4679334036771645,0.05112934330190866,55.647976,46.75653
-0.12625702,-2.9638426,-0.12579755,2.0884614,0.0004594624,5.0523043,-0.5240785767373417,-0.7610441541943569,0.2369655774570152,69.88299,40.717968
-0.08379487,2.9036372,0.65381694,2.814639,0.73761183,-0.08899808,-0.7649888763677852,-0.9426057554010061,0.17761687903322088,42.528065,30.596674
0.85038537,-1.1124346,0.030024111,-1.7590065,-0.82036126,-0.6465719,0.18590666804160705,0.39972039830401984,0.2138137302624128,56.711132,40.62779
-0.86557084,-0.6998451,-0.7770355,-0.85022265,0.08853537,-0.15037757,0.9249395535788558,0.945100142886032,0.020160589307176124,7.7493205,47.953606
0.06637976,1.4336126,-0.02218522,1.8767141,-0.088564985,0.44310153,-0.48265925820643574,-0.7268870682830193,0.24422781007658356,25.875648,30.80019
-0.80542564,-0.09240174,-0.7333596,-0.203798,0.07206607,-0.11139625,0.8456207800708206,0.8959569737869204,0.050336193716099764,6.1664367,48.715103
0.117427625,-0.77135086,-0.2079219,-1.0314473,-0.32534954,-0.26009643,0.8245830863745169,0.9087592849208903,0.08417619854637337,23.814814,38.84713
1.0896105,-0.07942176,-0.783927,2.253852,-1.8735375,2.3332736,-0.06525213223155268,-0.291132716345313,0.22588058411376033,148.45973,30.464293
0.8355197,-2.8433952,0.8686679,3.026598,0.03314823,5.869993,-0.6767199807775839,-0.8371048148284732,0.16038483405088932,15.636334,44.213367
0.73587555,-0.5158026,0.111451454,-1.4217532,-0.6244241,-0.90595055,0.3429973781362552,0.5956218123979236,0.25262443426166836,58.054035,42.498055
-0.18458787,1.9485013,0.02397142,2.0939891,0.20855929,0.14548779,-0.6737004510068214,-0.8376446456905924,0.16394419468377097,14.545623,30.617002
-0.18075167,-0.5941124,0.027840326,-0.60252696,0.208592,-0.0084145665,0.9539895978492936,0.8734614598065158,0.08052813804277781,11.961035,41.15257
-0.85139936,-1.0511196,1.1194677,-2.5621166,1.9708672,-1.510997,0.8889380978886301,-0.5340752240718079,1.423013321960438,131.27759,30.868649
0.5881308,1.2133472,-0.13052559,1.9287101,-0.71865636,0.7153629,-0.4833581818401189,-0.6958873821308131,0.21252920029069422,56.60069,34.56901
-1.1480522,1.8751938,-0.14075986,1.4474787,1.0072924,-0.42771518,0.11591682359371935,-0.3949034787461847,0.510820302339904,60.16137,46.240185
0.6382902,0.40780926,-0.9483365,-0.24988621,-1.5866268,-0.6576955,0.0631632451572468,0.8450505862337021,0.7818873410764553,96.51736,35.706642
0.7975551,-0.57015777,-1.3820816,-1.3347095,-2.1796367,-0.76455176,0.2894303272596659,0.5817575413947671,0.2923272141351012,127.472664,34.012535
-0.21963017,1.7620718,0.06767917,2.3647006,0.28730935,0.6026287,-0.559518202413483,-0.9128602665343672,0.3533420641208842,38.049046,31.943913
-0.9516616,-0.37976933,-0.89225084,-0.56080633,0.05941075,-0.18103701,0.8671720786299035,0.9112343463883974,0.04406226775849387,7.12271,36.18482
-0.9087898,0.56602097,-0.87196404,0.17504765,0.036825776,-0.39097333,0.5398607893139964,0.7294200590610376,0.18955926974704118,14.191756,32.018284
0.28581715,-1.0176048,-0.069159195,-1.0785134,-0.35497636,-0.060908556,0.6731152147316486,0.846160302319575,0.17304508758792636,20.629244,38.644844
0.18794712,2.3275378,0.6451305,2.1205237,0.4571834,-0.20701408,-0.9499857432664918,-0.9430313825581038,0.006954360708387952,28.29244,37.178898
0.31301403,-1.294408,0.1375894,-1.052431,-0.17542464,0.24197698,0.5460058287855514,0.7546367265084992,0.20863089772294785,16.824406,48.7383
0.14726415,-0.6671994,-0.081218034,-0.88600475,-0.22848219,-0.21880537,0.8118352108916085,0.9028560085534574,0.0910207976618489,18.102062,35.351265
-0.6030111,1.0334799,0.46918604,-0.66601235,1.0721971,-1.6994922,0.1614325011493314,0.5853947683517049,0.4239622672023735,110.531006,48.152893
0.0510737,0.8979738,0.5590229,-0.28550404,0.50794923,-1.1834779,-0.02299581394980521,0.45463336097588414,0.47762917492568935,69.704124,42.640587
-1.0941913,-3.0187328,-0.932514,0.89455557,0.1616773,3.9132884,0.12188342001192143,0.3702247161569865,0.24834129614506506,58.821373,36.949505
0.3635581,-1.9011793,-0.73944086,0.9296848,-1.102999,2.8308642,0.1155415306310914,0.28840422705473046,0.17286269642363905,153.7813,33.005154
0.816324,1.4232042,0.14958279,2.2446818,-0.6667412,0.82147765,-0.6389907599159601,-0.9250630095620558,0.2860722496460957,55.25735,40.373734
0.7306127,3.0257509,0.8610386,2.7521486,0.13042593,-0.27360225,-0.8679353907122627,-0.9038439671665728,0.035908576454310115,13.231213,43.771774
-0.4624464,0.42389107,-0.8525428,0.09695705,-0.39009643,-0.326934,0.5679570862422398,0.7653207280010101,0.1973636417587703,26.661062,36.072266
-0.10171575,2.2350976,-0.2377112,2.5451539,-0.13599545,0.3100562,-0.813467351086409,-0.7533027964700558,0.06016455461635317,19.149885,34.00862
-0.24184044,2.591698,-0.24822195,2.464969,-0.0063815117,-0.12672901,-0.7466179954678189,-0.7488591007052836,0.00224110523746468,7.053325,38.12198
-0.8101824,1.0734007,0.12336979,-1.099276,0.9335522,-2.1726766,0.22543995092847346,0.7464062624797103,0.5209663115512368,118.456535,45.81801
0.10371529,0.9440954,-0.19279449,2.137355,-0.29650977,1.1932597,-0.0878101734383776,-0.7368343627211686,0.649024189282791,70.12183,39.160458
-0.49774906,-2.2949102,-1.0048461,1.0406363,-0.507097,3.3355465,0.17848153946142986,0.31940880656972226,0.1409272671082924,93.400444,34.376183
-0.018768817,-2.6627076,-0.13519616,1.7204462,-0.11642735,4.383154,-0.3533556166251177,-0.5832829332652762,0.22992731664015853,108.5289,40.689144
-1.2319157,-2.889028,-0.82880336,0.3797248,0.40311235,3.2687528,0.2545297986679298,0.6356536476423749,0.38112384897444507,61.811653,40.61889
-0.57245326,1.2089775,0.6994786,2.293583,1.2719319,1.0846055,0.020047533379177196,-0.9647188419269241,0.9847663753061013,92.76367,32.386177
0.34004787,0.56323504,0.96052074,2.6950257,0.6204729,2.1317906,0.12271343790579792,-0.8720738635284073,0.9947873014342052,90.80884,32.767296
-0.13073051,-0.36397934,-0.58973086,-0.032988496,-0.45900035,0.33099085,0.8993406350155837,0.8476652343598905,0.051675400655693204,31.595303,46.980858
1.2675902,1.6574624,0.8208925,2.9482348,-0.44669765,1.2907724,-0.6201396853919054,-0.8730146667203904,0.25287498132848496,41.00792,42.73487
-0.99984485,1.6527259,1.1801006,0.7489202,2.1799455,-0.90380573,0.05681715802840026,-0.3734658568180027,0.43028301484640297,130.59154,30.157404
1.0254867,-0.34183025,-0.007924034,1.2849655,-1.0334108,1.6267958,0.04407839591942064,-0.33139037822990924,0.3754687741493299,92.05189,47.34825
-0.57163745,-2.424975,-0.30664656,2.7125647,0.2649909,5.13754,0.11286498994961391,-0.6839310891374684,0.7967960790870823,60.395294,37.45472
1.0538388,-2.5938385,1.0309159,-3.122657,-0.022922993,-0.5288186,-0.5494185226732728,-0.7451810687847342,0.19576254611146138,15.1960945,48.72255
0.05089919,0.5854447,-0.41473672,-1.0849041,-0.4656359,-1.6703488,0.24996563968836938,0.9298712447765087,0.6799056050881394,96.39287,44.527092
0.9775683,2.7398493,0.80814445,2.561814,-0.16942388,-0.17803526,-0.8588548778750562,-0.9427887272571347,0.08393384938207848,11.5993805,41.452938
-0.3920607,2.7194092,0.26784924,1.9462998,0.65990996,-0.77310944,-0.6205681026191012,-0.8638332349667142,0.24326513234761293,57.538998,35.68874
-0.63076067,-2.2359471,-0.20909072,-0.99192256,0.42166996,1.2440245,0.27553771155443485,0.9205186044707805,0.6449808929163456,67.914276,48.342663
0.4650384,2.278168,0.16808388,2.197898,-0.2969545,-0.08027005,-0.9854828320755544,-0.920843254374903,0.06463957770065143,17.561304,31.917963
0.6626752,-0.54836035,-0.03559853,-1.4120306,-0.6982737,-0.86367023,0.41321490663133886,0.6724003010072357,0.2591853943758968,60.663933,34.54858
0.6276849,1.4173505,-0.07200576,2.005248,-0.69969064,0.58789754,-0.6259663202376977,-0.7597334496088015,0.1337671293711038,50.986446,46.806347
1.1270047,2.1773975,0.5791066,2.046811,-0.5478981,-0.13058639,-0.7794766188164193,-0.9293300802667641,0.14985346145034484,31.727194,35.385136
0.017992156,1.187979,-0.112000644,1.6389108,-0.1299928,0.4509318,-0.26195493160501293,-0.5445816060358086,0.2826266744307957,26.843065,47.027275
0.9210188,-1.4802114,0.5876062,-1.3991985,-0.3334126,0.081012845,0.006567038632820488,0.2986001564479235,0.292033117815103,19.39019,41.237694
1.1466055,-0.7028816,-0.8091384,1.9463093,-1.9557439,2.649191,-0.05217972432424389,-0.1996109963604784,0.14743127203623452,155.48491,41.072197
0.26030853,2.3597534,0.15440288,2.2933488,-0.10590565,-0.06640458,-0.9716396331560269,-0.9351136406920695,0.03652599246395738,7.1180544,44.890724
0.6444188,-0.75780296,-0.053331934,-1.2637377,-0.6977507,-0.5059347,0.43251240337566443,0.7611918491118299,0.3286794457361655,48.21953,30.966772
-0.63482517,-2.1738582,-0.40954778,-1.8001037,0.2252774,0.3737545,0.32141514781334024,0.5320361821909492,0.21062103437760893,22.520529,38.30782
0.0036583028,0.52868414,-1.0587325,0.61302525,-1.0623908,0.08434111,0.3194919885475258,0.5222292160120752,0.20273722746454936,60.984688,36.84159
1.4103363,1.6718748,0.8111784,-2.9386845,-0.59915787,-4.6105595,-0.5517352760839342,-0.7245803769282091,0.17284510084427485,45.20277,48.588737
-1.0493572,0.9957359,-0.8923794,0.83534735,0.15697777,-0.16038853,0.354494629297875,0.3920773540017439,0.03758272470386892,10.361639,42.54165
-0.5034704,-0.1511848,-0.6451692,-0.20176692,-0.14169878,-0.050582126,0.8962760458838916,0.9085739070088854,0.012297861124993759,8.474147,30.414846
0.72393817,1.1250474,-0.07750063,1.7253243,-0.8014388,0.6002768,-0.4532352945056246,-0.6165000433701868,0.16326474886456221,55.591408,48.075897
-0.032028668,-1.9357265,-0.5807595,1.1501538,-0.54873085,3.0858803,0.2834844691763081,0.06645484987541472,0.21702961930089337,144.76086,30.800817
-0.4837802,3.1210458,-0.542402,2.1691465,-0.058621824,-0.9518993,-0.4122209960053278,-0.4905212149388891,0.07830021893356132,47.160385,46.83451
1.0159419,1.8243449,0.41463974,1.9622507,-0.60130215,0.13790584,-0.7638242722634763,-0.895788366999545,0.13196409473606874,34.913017,40.62382
0.35692525,-2.211782,0.1402956,-2.92411,-0.21662965,-0.71232796,-0.1340472700782911,-0.6180923528220523,0.48404508274376123,41.32004,37.231987
0.81842804,0.59205246,-0.6144972,1.5243994,-1.4329252,0.93234694,-0.1515069997478573,-0.16113310361038047,0.009626103862523161,95.05826,41.708836
-0.32563618,0.6775775,-0.8962423,0.72841173,-0.5706061,0.05083424,0.3311141044246426,0.45194184972452156,0.12082774529987894,32.774315,44.764915
0.22125472,1.3324225,-0.13562001,1.9368471,-0.35687473,0.6044246,-0.4652000873774149,-0.6967195272256177,0.23151943984820278,40.028145,47.26633
0.27846816,-0.93861175,0.02358683,-1.056829,-0.25488132,-0.11821723,0.698374273600443,0.812813093335641,0.11443881973519798,16.05755,43.692486
0.71666986,1.6396811,0.65423447,2.1443956,-0.06243539,0.5047145,-0.7535888169394025,-0.9473174833856479,0.19372866644624542,22.564205,49.073654
-0.7293445,0.13977242,-0.90604305,-0.37484214,-0.17669857,-0.5146146,0.7613559619762662,0.8849552727687549,0.12359931079248865,22.352915,44.088356
-1.1036117,-0.40112853,-0.70366657,-1.0546132,0.39994514,-0.6534847,0.7949303426424903,0.9253397212304524,0.1304093785879621,31.752216,37.731506
1.0076529,0.52755,0.95490366,2.9892368,-0.052749217,2.4616868,-0.21567881316751425,-0.8197390320396951,0.6040602188721809,63.231075,41.350452
-1.3725674,-0.6748545,-1.0629086,0.077756286,0.30965877,0.7526108,0.6244693609362217,0.7167759515340992,0.09230659059787749,22.093779,36.473232
0.4128145,2.302993,0.48869565,2.0894265,0.07588115,-0.21356654,-0.9867679123588111,-0.9440025779286874,0.04276533443012376,11.833398,35.904007
-0.86091125,-0.04388666,0.67594,2.8737354,1.5368512,2.917622,0.8162391295655067,-0.9241700782365747,1.7404092078020814,165.98737,37.738792
0.068457894,0.6843977,0.65815496,-1.1890072,0.58969706,-1.8734049,0.15697047252823637,0.3309289321176365,0.17395845958940015,101.14957,47.731846
0.21989474,1.5785081,0.984414,3.0631113,0.7645192,1.4846032,-0.6454181956883345,-0.7894212385912658,0.1440030429029313,76.8102,31.3657
-0.029924568,-2.078988,0.7306435,-1.2414036,0.7605681,0.8375845,0.15890122048336863,0.2516489213486395,0.09274770086527084,61.429646,43.64249
0.11046546,3.0791156,0.83690166,2.5439353,0.7264362,-0.53518033,-0.7746026984358543,-0.9339976328259372,0.1593949343900829,49.12067,31.350775
-1.1201738,2.3436697,-0.76754373,0.25265133,0.35263008,-2.0910182,0.02864548996249283,0.7032121664931088,0.674566676530616,62.01332,32.70655
0.6497888,2.6743128,0.67929584,2.649936,0.029507041,-0.02437687,-0.9701464880164643,-0.9681927864681832,0.001953701548281117,2.0165448,34.5727
0.82698476,-2.274024,0.4465766,3.1180108,-0.38040817,5.3920345,-0.3559227560111822,-0.8366971186210379,0.48077436260985573,45.44042,33.305084
-1.1585838,1.0243986,-1.000567,0.7949477,0.1580168,-0.22945088,0.3752942846122522,0.43545235914914215,0.06015807453688993,10.925911,39.365616
1.0310849,-1.6682184,-0.44029003,2.284513,-1.471375,3.9527314,-0.1449123527923455,-0.5949132713240104,0.4500009185316649,133.29613,40.581104
0.22747849,-0.8909173,-0.061390355,-0.9747306,-0.28886884,-0.08381331,0.741855435954692,0.8749414626160008,0.13308602666130875,17.224207,47.70374
0.63957775,-0.35089374,0.05447264,-1.2034013,-0.5851051,-0.8525076,0.40292847930946785,0.7402418552640659,0.3373133759545981,55.962467,39.910206
-0.85625136,0.8251102,0.0057594622,0.38390863,0.86201084,-0.44120157,0.3889536318399891,0.4347161813059792,0.04576254946599012,53.973183,34.462585
-0.059297137,2.0843627,0.1537817,2.1073947,0.21307883,0.02303195,-0.7951051748525018,-0.8915972689254215,0.0964920940729197,12.2792,48.01391
-0.413231,-0.63914824,-0.69068545,0.25166568,-0.27745447,0.89081395,0.997567696958253,0.7048615645491889,0.29270613240906407,45.597027,34.398315
-0.21139687,2.5911381,-0.23790629,2.4257264,-0.02650942,-0.16541171,-0.766309386030068,-0.7548462189393472,0.011463167090720816,9.362418,32.985104
0.7058611,-2.3907862,-0.34399986,-1.2206341,-1.049861,1.1701521,-0.39686453511747644,0.8686388448977933,1.2655033800152697,86.52253,42.995052
-0.08923411,0.28170037,-1.1314677,0.31419426,-1.0422336,0.03249389,0.5528265467915165,0.623387902094013,0.07056135530249641,59.730423,44.62047
0.99394447,-2.7214646,0.6999994,2.2378638,-0.29394507,4.9593287,-0.6073426243834561,-0.9569542748906166,0.3496116505071605,50.063663,38.916943
-0.96377695,-0.92356586,-0.7185354,-0.8199233,0.24524152,0.10364258,0.8675706751400352,0.9635156123056206,0.09594493716558539,14.585114,49.932602
0.3697517,-2.4830904,0.5075727,2.9969008,0.13782102,5.479991,-0.3625890163973331,-0.8938651603975929,0.5312761440002598,42.14023,46.927006
0.39211357,-0.50773597,0.097749494,-1.1409256,-0.29436406,-0.6331897,0.6349924033712746,0.7444186334355756,0.10942623006430097,38.858376,32.948494
0.3415753,0.79857516,0.5264189,2.745799,0.18484363,1.9472239,-0.0700790174261563,-0.9695392679735324,0.8994602505473761,97.53701,47.683025
0.9161024,-1.130027,0.50545484,-1.303266,-0.41064757,-0.173239,0.12183161330258585,0.4059361901678873,0.28410457686530144,24.647903,49.5633
-0.56340015,2.5204227,0.035455916,2.037632,0.5988561,-0.4827907,-0.505560214188181,-0.8229776334820085,0.3174174192938275,43.16306,35.048584
0.430648,-1.8505943,0.6896214,-0.8477634,0.2589734,1.0028309,0.11757589614127895,0.3834540191220768,0.2658781229807978,50.00563,49.535892
0.74672335,0.25700355,-0.38745084,1.3050798,-1.1341742,1.0480763,0.07889199699642457,-0.15225852327850387,0.23115052027492844,85.26167,39.83568
1.0092244,-0.9093983,-0.69543046,1.1463071,-1.7046549,2.0557055,0.07201136306440148,0.1263110288469047,0.054299665782503226,137.12949,41.900257
0.8518657,0.03606057,1.457998,-1.8734969,0.6061323,-1.9095575,0.09950061780699382,-0.41937032438147237,0.5188709421884662,43.689503,42.475506
-0.9674855,-2.9009151,-0.94271,0.0068878434,0.024775505,2.907803,0.06923226807411975,0.7772446293247544,0.7080123612506346,70.001816,39.419563
-1.1788932,2.1430933,0.7976665,-0.52097046,1.9765596,-2.664064,0.10211395073255947,0.28546392979072444,0.18334997905816497,153.94452,36.519154
0.3043782,0.15523386,0.44190383,-1.3253868,0.13752562,-1.4806206,0.4363253229354287,0.44201790855328404,0.00569258561785535,78.12184,49.451004
-0.54407346,2.8243139,-0.1588343,1.9466466,0.38523918,-0.8776673,-0.4756763594790634,-0.6879138770992625,0.21223751762019916,51.561234,34.047733
-0.81886405,-1.4807225,-0.6092199,-1.1879363,0.20964414,0.29278624,0.7541018222480436,0.8964268836686475,0.14232506142060397,17.39502,46.255997
-0.68447644,2.1724818,-0.14482711,1.8393205,0.5396493,-0.33316123,-0.3686030220857095,-0.6444887213587052,0.27588569927299567,35.34,48.77961
0.39714518,-2.0388293,-0.5685308,1.1447386,-0.96567595,3.183568,-0.011015043546844794,0.06420845260850605,0.07522349615535084,169.95297,44.861343
0.34329078,1.8244102,0.114842914,1.9792476,-0.22844785,0.15483737,-0.8231396764794869,-0.8315313566628211,0.008391680183334138,15.671151,46.85558
0.46083277,-1.0594418,0.08661917,-1.2050346,-0.3742136,-0.14559281,0.5332694921268946,0.723072577122668,0.18980308499577347,22.875065,49.88435
-0.111572936,2.1465895,0.03828392,2.1344109,0.14985687,-0.012178659,-0.7865926325227193,-0.8563121172604813,0.06971948473776202,8.614362,42.696575
0.43963188,-1.1057751,-0.23064975,-1.4047571,-0.67028165,-0.29898202,0.5347525068008849,0.7481406957278596,0.21338818892697464,41.878227,40.694637
-0.56874263,-2.2400072,-0.5873169,0.72494096,-0.018574238,2.9649482,0.249256760442659,0.3817354727282556,0.1324787122855966,113.08116,39.630524
-0.04095006,-0.15786147,-0.35870507,-0.72061986,-0.317755,-0.5627584,0.7917940659283627,0.9921339647720124,0.20033989884364978,36.32573,45.922195
0.06076319,1.2885187,-0.223171,1.8721538,-0.28393418,0.5836351,-0.36517080247248934,-0.6152798214432398,0.25010901897075044,36.981583,40.4231
0.43663475,0.45981002,-0.8114997,0.11248557,-1.2481345,-0.34732443,0.14816231502200772,0.7653610291980928,0.6171987141760851,73.749245,30.70355
-0.014763415,-0.6856785,0.24869369,2.039857,0.26345712,2.7255354,0.8953245347036187,-0.8960356816416741,1.7913602163452929,152.88405,40.731564
0.12623551,-0.008542538,-0.8472427,0.3242062,-0.9734782,0.33274874,0.6367185345396169,0.6631747069474088,0.026456172407791856,58.237385,31.521185
0.6324275,-1.7769905,0.50757784,-1.3901173,-0.12484968,0.38687325,0.05122157902997415,0.36224149205585476,0.3110199130258806,19.928404,38.502167
0.103329256,1.8186767,-0.040522125,2.1211002,-0.14385138,0.30242348,-0.7507207066688872,-0.8161625211066754,0.06544181443778818,19.166622,42.036392
0.12583514,2.580383,0.64816487,0.46461254,0.52232975,-2.1157706,-0.9337982463087702,0.021044382184959076,0.9548426284937293,109.5254,32.81614
-0.33776674,-1.8021901,0.062029935,-1.1379364,0.39979666,0.6642537,0.5098063731663114,0.7641944866915109,0.2543881135251995,43.869766,36.200527
-0.77994394,-0.25957203,-0.9035839,-0.44392046,-0.12363994,-0.18434843,0.9011582218360399,0.895775574810612,0.0053826470254279,9.965571,34.62415
-0.590688,1.837846,-0.20066363,1.6382334,0.39002436,-0.19961262,-0.34052562272695663,-0.49573529707611064,0.155209674349154,24.668365,48.957706
-0.022151852,0.28754234,-0.80956614,0.1442682,-0.7874143,-0.14327414,0.519803586503711,0.7516444020648163,0.23184081556110536,45.684116,39.78439
1.0243968,1.5971658,0.8043191,2.8053722,-0.2200777,1.2082064,-0.6887306062244734,-0.9121589392829863,0.22342833305851295,41.985874,34.41509
-0.90795386,2.1928422,-0.5899731,-0.2433493,0.31798077,-2.4361916,-0.16478164278394836,0.9266122395635721,1.0913938823475204,87.17849,30.931705
0.41222593,0.6318469,1.2007947,-1.3507326,0.78856874,-1.9825795,0.030846373257048754,-0.1771769424001466,0.20802331565719534,76.05881,47.83593
-0.9118927,0.90649295,0.06358448,-1.1662009,0.9754772,-2.0726938,0.3580755886785507,0.7518364262146031,0.3937608375360524,110.13249,35.89183
0.14824449,0.8939378,-0.59439474,-0.10729049,-0.74263924,-1.0012283,-0.0637593932505709,0.8785672461141041,0.942326639364675,68.951225,46.195236
-0.26570252,2.1835864,-0.050246023,2.189538,0.21545649,0.005951643,-0.7024212410687767,-0.8300944165946311,0.12767317552585444,12.349304,36.72562
1.1146086,1.1466086,0.96414626,-2.8292148,-0.15046239,-3.9758234,-0.5077164201903432,-0.6568613278111597,0.14914490762081645,55.330883,47.835968
-0.7717462,2.0891473,-0.33727634,2.2484884,0.43446988,0.1593411,-0.27179185552307494,-0.6666095322732382,0.3948176767501632,26.035032,41.79106
-0.02723184,-1.2318326,-0.3250638,-1.094185,-0.29783195,0.13764763,0.7654365427825471,0.9147745926792545,0.1493380498967074,18.734837,41.470585
0.16488671,0.09491873,-1.1263936,-0.37680918,-1.2912803,-0.4717279,0.555786860403332,0.7794143824800468,0.22362752207671477,76.728035,33.37697
-0.038771566,0.11630392,-1.1076024,0.0009319312,-1.0688308,-0.11537199,0.6436696784579183,0.7205575224203677,0.07688784396244941,61.433308,39.448788
-0.8382248,0.16926551,-0.8609253,-0.20295753,-0.022700489,-0.37222302,0.7368185838199413,0.864260595174672,0.12744201135473077,14.094704,33.749313
0.23888725,-1.8466612,0.24297746,-1.5804534,0.004090205,0.2662078,0.22499990772556977,0.4204388286005175,0.19543892087494774,14.811357,35.53528
0.49623343,0.23397017,0.40325078,-0.3805664,-0.09298265,-0.6145365,0.26365872133096424,0.6030014079674348,0.3393426866364706,32.03823,45.224266
0.555928,1.2016256,-0.01909233,2.019967,-0.5750203,0.8183415,-0.46731544070452635,-0.7916436861412008,0.3243282454366745,55.226437,44.12607
1.2912416,-2.5858629,0.87948865,2.8309753,-0.411753,5.416838,-0.5230338194958515,-0.8831141428595055,0.36008032336365403,31.303148,37.17525
-0.67084605,-0.16907954,-0.68475956,-0.11748212,-0.013913512,0.051597424,0.8948017976075189,0.8750516745944417,0.019750123013077214,2.4368668,40.390415
-0.57779473,1.4629877,0.13771027,3.0257356,0.715505,1.562748,-0.14793523247116802,-0.8104143723330028,0.6624791398618348,93.91628,47.599716
-0.6565707,-1.9159645,0.09460662,-1.2018403,0.7511773,0.7141242,0.5060686388849032,0.7203039204656463,0.21423528158074312,57.43761,37.040905
-0.14879546,-0.7469337,0.023615912,-0.78558785,0.17241137,-0.03865415,0.944429988432276,0.8719704820272969,0.07245950640497911,10.1220875,35.684147
-0.15342863,0.29820538,-0.7951891,0.205968,-0.64176047,-0.09223737,0.5661462590404405,0.7245789810777437,0.1584327220373032,37.050762,34.673565
-0.12329837,0.61034346,-1.0218396,0.9770654,-0.8985413,0.36672193,0.30697072538193027,0.3546421627379708,0.047671437356040514,53.962124,49.651985
-1.2328084,-2.0699859,-0.14758815,-1.0452851,1.0852202,1.0247008,0.48326897662972,0.8860622703542447,0.40279329372452466,71.99658,32.113194
-0.03558719,2.246586,0.1636901,2.1916142,0.1992773,-0.054971933,-0.8499365462203947,-0.9179844697605866,0.06804792354019185,11.841088,32.94757
-0.7381572,0.5529225,-0.16325994,-1.3115978,0.5748973,-1.8645203,0.5311346882281214,0.7782808558482337,0.24714616762011232,95.85076,30.058699
0.010823104,2.3157275,0.06498455,2.3068342,0.054161448,-0.008893251,-0.8831924548681087,-0.9049576880177339,0.021765233149625196,3.1447914,36.50566
0.06135629,1.9975088,0.09240772,2.1187835,0.031051427,0.12127471,-0.818291949434089,-0.8734555359445952,0.055163586510506235,7.152531,30.143854
0.1441043,-0.7546921,0.36020023,-0.50607574,0.21609592,0.24861634,0.8107088148239043,0.6586490526179904,0.15205976220591388,18.510208,46.540356
-0.300766,-0.19152927,-0.26684794,-0.39648908,0.033918053,-0.20495981,0.8883966576332742,0.945745045860308,0.05734838822703381,11.437626,44.70907
0.7092223,0.54451966,0.7675768,-2.7907279,0.058354497,-3.3352475,-0.06480890832333763,-0.6512744756551916,0.586465567331854,94.79846,39.62901
0.9215835,-0.4351914,0.4811998,-1.4332116,-0.44038367,-0.9980202,0.15708682781157712,0.358391748761306,0.20130492094972885,48.766773,48.321182
-0.8026736,2.427614,-0.20524609,1.9450756,0.5974275,-0.48253834,-0.2872368642626686,-0.6598377138454197,0.3726008495827511,41.485813,41.43691
1.1365759,0.39303017,1.3173975,-2.1432037,0.18082154,-2.536234,-0.23485977637204414,-0.42155361879523046,0.18669384242318632,37.673977,46.77575
0.698792,0.9501054,0.06306546,2.3481092,-0.6357265,1.3980038,-0.33004648510539525,-0.9093594446615212,0.5793129595561259,80.1007,39.742718
0.5470187,-1.6992571,0.119449206,-1.7108318,-0.4275695,-0.011574626,0.15434409804606775,0.3932251233171149,0.23888102527104715,24.505777,44.758743
-0.8530907,2.2823398,-0.47574946,1.5911493,0.37734124,-0.6911905,-0.228964140702832,-0.2945805919889076,0.06561645128607563,37.300438,42.551144
0.7499649,1.6020901,0.552863,2.055872,-0.19710189,0.45378184,-0.7332183532031575,-0.9333643077338696,0.20014595453071204,23.419733,43.60993
1.0456376,-2.6165545,0.75958776,2.6893694,-0.28604984,5.305924,-0.5591838167897034,-0.9445680959544518,0.3853842791647484,36.950756,43.801193
-1.1262809,-2.8046012,0.58476055,-1.4127184,1.7110415,1.3918828,0.21040445843010946,0.2940241316727219,0.08361967324261244,115.75632,35.714302
0.3786477,-3.0947363,0.27987468,-3.049703,-0.09877303,0.045033455,-0.7907142256303685,-0.7432452160252212,0.04746900960514733,6.1629386,49.58839
-0.73886704,1.1551254,-0.81576824,0.58164656,-0.0769012,-0.5734788,0.14193189429393982,0.5235799361287921,0.38164804183485224,23.652195,39.169746
0.5227407,-2.8666155,0.5400106,3.0817256,0.01726985,5.9483414,-0.6784593652650512,-0.8593976791720819,0.18093831390703063,16.548912,32.471855
0.4718837,-0.85811615,-0.07298163,-1.0175302,-0.54486537,-0.15941405,0.5696038736299762,0.8675148675133713,0.29791099388339504,32.44217,35.55105
0.43192983,1.2791269,-0.18065809,-2.367937,-0.6125879,-3.647064,-0.49180230618125975,-0.02643748462786455,0.4653648215533952,148.96768,36.527134
0.23714745,0.79368305,-0.43369526,1.4962125,-0.6708427,0.70252943,-0.017374759682624585,-0.2612353634898783,0.24386060380725372,54.939278,40.990402
0.22320625,2.0850337,0.7033417,2.7995756,0.48013547,0.7145419,-0.9049803408355199,-0.9376696110761653,0.032689270240645385,45.170242,31.790873
1.1292132,-2.5611,0.9864526,-2.785774,-0.14276063,-0.22467399,-0.5331877700220522,-0.6355261640084775,0.1023383939864253,10.294684,47.381725
0.32981995,1.5052016,0.16058075,1.9556149,-0.1692392,0.45041335,-0.6279265890009824,-0.83740295014581,0.2094763611448276,26.802013,36.91526
-0.033925246,-2.2403545,1.1982857,2.4924498,1.232211,4.7328043,0.018040803109460768,-0.7503573241216506,0.7683981272311113,91.384796,34.025692
0.18351826,-1.9767346,0.5359535,-1.2074014,0.35243526,0.76933324,0.1464018994528029,0.4232299676301121,0.2768280681773092,45.535717,40.573044
0.70392615,1.7617462,0.08311637,2.0921378,-0.6208098,0.33039165,-0.8115907837466381,-0.8614960725997669,0.04990528885312884,39.437237,46.594578
0.78771514,-1.8281479,-0.554657,1.5567083,-1.3423722,3.3848562,-0.07211141846301317,-0.22074550288334488,0.1486340844203317,162.80566,35.288284
-1.160938,-3.0813391,0.80765146,2.6999054,1.9685895,5.7812443,0.1571799468153463,-0.9293075066818623,1.0864874534972087,114.9204,32.440548
0.7900479,2.628925,0.27695173,2.1491134,-0.51309615,-0.47981167,-0.9432009795835512,-0.9367829206181071,0.006418058965444118,37.365116,43.348297
-0.33941808,-2.5289063,0.78316325,-0.19843255,1.1225814,2.330474,-0.08359076978514324,0.23698126081062298,0.3205720305957662,134.03633,44.375774
-0.6962943,0.14956164,0.7220424,-2.510345,1.4183366,-2.6599066,0.7582417899550302,-0.4790706411354648,1.237312431090495,159.09201,41.47882
-1.1185218,-0.21475363,-0.8887225,-0.36038747,0.22979933,-0.14563385,0.7607605158555653,0.8890776135022787,0.1283170976467134,13.881067,46.22055
-0.90065587,-0.9336798,-0.36841515,-1.0652473,0.53224075,-0.13156748,0.892533106035847,0.9310243301724253,0.03849122413657824,31.055891,47.82217
1.5107664,3.135687,-0.16920368,1.942872,-1.67997,-1.1928151,-0.4995098433914132,-0.680264408317262,0.1807545649258488,98.41081,36.7256
1.3802898,0.911062,0.7242814,3.0989,-0.6560084,2.187838,-0.45225795723532647,-0.8417358910293624,0.38947793379403595,55.351,40.4749
0.15308666,3.0514877,0.8660233,-3.0937026,0.71293664,-6.1451902,-0.8035138183128798,-0.7819849153898671,0.021528902923012683,41.378628,38.899704
-0.94333935,-2.359761,-1.3175677,2.8559303,-0.37422836,5.2156916,0.3104061182862079,0.2375927404011411,0.07281337788506681,31.27915,32.941135
-1.191183,-2.1560102,-1.3883045,0.55989444,-0.1971215,2.7159047,0.45445467195366085,0.5043791027323596,0.04992443077869879,31.555168,33.113842
-0.7054353,-2.8213499,0.7742416,-2.494998,1.479677,0.32635188,-0.07255032242897919,-0.47885182476658805,0.40630150233760887,86.43025,48.460842
-0.86379707,2.5269444,-0.028955426,2.0993195,0.83484167,-0.42762494,-0.22777140475533564,-0.8149991392856788,0.5872277345303432,52.205627,45.718052
1.3240324,-2.5024934,0.9840165,2.730805,-0.34001595,5.2332983,-0.5002090343895897,-0.8570813909454635,0.3568723565558738,28.977407,34.731075
1.3208023,-0.7434137,-0.17644244,2.5711799,-1.4972448,3.3145936,-0.22485967259937034,-0.7899244240424625,0.5650647514430922,114.204414,31.01135
-0.47262502,-1.0706625,-0.37678292,-0.9314896,0.09584209,0.13917291,0.9380516895014726,0.9674701331257012,0.02941844362422863,9.102951,43.90443
-0.25307843,1.4177034,-0.079699,1.6286931,0.17337942,0.21098971,-0.3121988264433053,-0.5544615739541492,0.24226274751084387,15.505255,36.783424
-0.34755284,2.8927414,-0.20983486,2.421286,0.13771798,-0.47145534,-0.605631410745584,-0.7727501568855502,0.16711874613996613,27.100035,31.25623
1.0490861,-2.1046786,0.24824218,2.9219472,-0.8008439,5.0266256,-0.3363020224745714,-0.8873395648359592,0.5510375423613878,68.756516,33.632534
-0.17318128,-2.646151,-0.42880633,1.9990128,-0.25562507,4.645164,-0.26432767219826303,-0.5299406736508203,0.2656130014525573,89.34291,33.785187
-0.66004467,-1.3512986,-0.20820682,-1.0051681,0.45183784,0.3461305,0.8274632854575561,0.9165862297680718,0.0891229443105157,31.371788,45.967342
-0.5851907,-2.0674684,-0.075659625,-1.4945685,0.5095311,0.57289994,0.38270853641224534,0.6377986428068314,0.25509010639458607,42.246925,49.41622
0.38398314,-0.17714143,0.1398197,-1.1600982,-0.24416344,-0.98295677,0.5532862900605817,0.7135531747075845,0.16026688464700278,55.8493,33.43989
-0.6033285,2.755994,1.0917246,-3.0546036,1.6950531,-5.8105974,-0.44183829356352966,-0.7039417176004599,0.2621034240369302,99.52867,41.887005
0.19118795,2.2269466,-0.050279375,2.2379992,-0.24146733,0.0110526085,-0.9341672095424016,-0.8409461203309836,0.09322108921141803,13.849415,47.700573
1.0526881,1.6011002,0.8904423,2.4239028,-0.16224581,0.82280254,-0.6827001058343392,-0.9148569949733929,0.23215688913905375,27.473097,41.361847
-0.71021426,-2.865083,-0.8878178,1.2197775,-0.17760354,4.0848603,-0.09369618181125272,0.17844847802063502,0.27214465983188774,77.00942,31.024847
-0.653669,0.21456623,-0.92170864,-0.3389934,-0.26803964,-0.55355966,0.7245191393181818,0.8728261930939487,0.14830705377576692,26.794432,44.653477
1.0481961,-1.4402665,-0.806275,2.5218234,-1.8544711,3.96209,-0.0781273943184444,-0.28346991643724095,0.20534252211879656,149.4248,47.14853
0.48463202,1.0153973,-0.18090345,1.6471134,-0.66553545,0.63171613,-0.30534318145568484,-0.5125849110564524,0.2072417296007676,51.78522,43.99734
-0.25057057,-0.035499573,-0.74799895,-0.1155306,-0.4974284,-0.08003103,0.805866114647958,0.8648779947747842,0.05901188012682623,28.772293,48.385197
0.58331066,1.3372805,-0.26914918,2.051907,-0.85245985,0.71462655,-0.5676742841344566,-0.6613078277004778,0.09363354356602116,62.530304,39.991077
-0.037805144,1.6639736,-0.10295393,2.08318,-0.065148786,0.41920638,-0.5980598054678326,-0.7718521399896128,0.17379233452178022,24.243185,46.967083
-0.006123581,-0.87971115,0.058378637,-0.9220933,0.06450222,-0.04238212,0.8724869496897512,0.8329490905146475,0.03953785917510366,4.421421,38.020782
1.1209784,-2.7944946,0.12893786,-1.4301972,-0.9920405,1.3642974,-0.6152425665337047,0.5812067509101366,1.1964493174438413,78.21734,36.023857
-0.53127044,-2.500461,0.53929365,-0.7993808,1.070564,1.7010803,0.037267414945361566,0.5210370309939947,0.4837696160486331,110.871956,37.436714
0.8254658,-1.8985578,-0.53282726,1.7254683,-1.358293,3.624026,-0.13325823434516693,-0.3305083051544857,0.19725007080931878,152.97531,44.090363
-0.80122846,-0.6493652,-0.7452729,-0.37583765,0.05595559,0.27352753,0.9474857001488814,0.9355197536595838,0.011965946489297608,11.642917,36.160435
0.13881302,-0.6271188,0.3720818,0.2901626,0.23326877,0.9172814,0.8158514988224397,0.3064498390199226,0.5094016598025171,52.321175,37.40351
-0.06216058,-2.3560834,-0.97098285,-2.4902635,-0.9088223,-0.13418007,-0.07147468652167888,0.25569475748187287,0.32716944400355175,52.438625,49.69711
0.49571618,2.9452379,0.43133488,3.0966034,-0.0643813,0.15136552,-0.9129032279122242,-0.845253954305446,0.06764927360677819,8.586387,40.91479
0.050309658,1.0057919,-0.43166047,1.9754709,-0.48197013,0.969679,-0.11816325892892365,-0.5189997764086218,0.4008365174796982,60.528088,46.135075
0.5796878,1.8403156,0.18523745,2.1395988,-0.3944503,0.29928327,-0.8523880134292581,-0.9109324658520208,0.05854445242276274,27.544218,32.56586
-0.33520693,-0.050523996,-0.4427045,-0.21983673,-0.10749757,-0.16931273,0.832969748820124,0.9186069838162609,0.08563723499613696,10.879562,47.227913
-0.019909624,-2.8762002,-0.11763397,1.9838583,-0.09772435,4.860059,-0.5165423857924818,-0.7268507596838489,0.21030837389136714,81.464386,30.556059
-0.16706601,-3.0260625,0.87529004,2.5220885,1.042356,5.548151,-0.5418991121839545,-0.9206288840698793,0.3787297718859248,70.059296,48.37346
0.17075269,-0.7606578,-0.013205587,-0.8938682,-0.18395828,-0.13321042,0.7944983709200848,0.8729969075467962,0.07849853662671136,12.993,41.40991
-0.5438373,2.295542,-0.10941388,1.8560519,0.43442345,-0.43949008,-0.5118714315224508,-0.6724220027241854,0.16055057120173455,34.281715,47.821857
0.841138,-0.030661345,-0.1206301,1.0800428,-0.9617681,1.1107042,0.13288057181300772,-0.10418434415920785,0.23706491597221557,78.22046,36.88303
-0.30226383,1.1440794,-0.7386481,1.8683959,-0.4363843,0.7243165,-0.06986160612320624,-0.23337399356674915,0.1635123874435429,43.190556,41.69716
0.67430747,0.7951424,0.073624365,-1.2324259,-0.6006831,-2.0275683,-0.21464213567486823,0.7171929566038724,0.9318350922787406,107.31738,34.389156
-0.6222618,-1.3622922,-0.18432936,-1.1435249,0.43793246,0.21876729,0.8241933485174409,0.8625061480068812,0.03831279948944033,27.551973,43.738937
0.16525774,0.212502,-0.051918413,-0.72843724,-0.21717615,-0.94093925,0.4798341523408505,0.9099300363016547,0.4300958839608042,55.13224,36.98956
-0.6822824,-2.868197,-0.020362398,2.5198607,0.66192,5.3880577,-0.11453931358301084,-0.8780755454901463,0.7635362319071355,60.12242,42.20543
-0.4844519,-1.3664227,-0.09336222,-1.0134373,0.39108968,0.35298538,0.8180217294845198,0.8766278868245214,0.05860615734000163,29.521446,35.498676
-0.36019915,1.7825687,-0.08643186,1.8672161,0.2737673,0.08464742,-0.4816320059052783,-0.6901831084565906,0.20855110255131226,16.37826,46.87316
-0.08358695,0.020816565,-0.7562202,0.11306855,-0.6726333,0.092251986,0.7195160482170829,0.7716870330732508,0.05217098485616789,38.82163,47.06065
0.8914528,1.7248118,0.31776413,2.1260183,-0.5736886,0.4012065,-0.767324108524782,-0.9382346514790427,0.17091054295426078,37.579212,40.757397
1.0493912,-1.4103384,-0.23634243,2.811282,-1.2857336,4.2216206,-0.07000408654788481,-0.7066320778854305,0.6366279913375457,115.547844,42.993637
0.20433207,-0.6451254,0.099196374,-0.8730882,-0.105135694,-0.22796279,0.776900359145472,0.821207787633849,0.0443074284883771,14.240942,49.20394
1.0509514,1.7749164,0.8380599,2.44406,-0.21289146,0.6691437,-0.7371363274533298,-0.935060140029627,0.1979238125762972,25.07285,41.5503
0.37570694,1.3826463,0.15403035,1.9771934,-0.22167659,0.59454703,-0.5530690215476586,-0.8443635908192526,0.29129456927159403,35.13567,44.489384
-0.85512054,1.9786651,-0.21715416,2.0864592,0.6379664,0.10779405,-0.16840113929007394,-0.706287504716661,0.5378863654265871,36.909065,35.970436
-0.25467137,2.87415,0.72876763,2.8138494,0.98343897,-0.06030059,-0.6750266897379831,-0.9292986673512926,0.25427197761330955,56.437172,35.76836
0.6012649,-1.6066723,-0.53753746,0.26810482,-1.1388023,1.8747771,0.1762720329060946,0.6846779112208425,0.5084058783147479,120.10993,40.328026
-0.69741917,1.3056624,-0.09181001,-1.1640986,0.6056092,-2.469761,0.024613650473461313,0.8221603908273769,0.7975467403539156,122.582954,37.687416
1.0689203,0.8905461,1.1035548,-2.7247698,0.03463459,-3.615316,-0.39852198728025634,-0.5947146823508627,0.19619269507060633,53.85082,42.153397
-0.7590247,2.7712352,-0.23314631,1.7329975,0.52587837,-1.0382377,-0.30010487751704495,-0.5348220193097033,0.23471714179265835,58.841515,39.415886
-0.08288417,1.4452341,-0.1508384,1.75485,-0.067954235,0.30961597,-0.42256382703783224,-0.594927097840328,0.1723632708024958,18.039371,41.722813
-0.6361766,1.7128022,0.15854914,1.9875599,0.7947257,0.27475774,-0.24755940578676716,-0.8501151379520255,0.6025557321652584,47.87984,38.986717
-0.48223397,0.13512897,-0.8500876,-0.15280277,-0.3678536,-0.28793174,0.7569268810618692,0.8535285018848962,0.09660162082302692,24.627972,37.158226
-0.5506313,1.7986271,-0.2556615,1.8708396,0.2949698,0.07221246,-0.3535016165756337,-0.5945124716376977,0.241010855062064,17.31901,30.595564
0.16587462,-2.8264089,0.7795821,2.6030424,0.6137075,5.429451,-0.558434408762178,-0.948688201231878,0.39025379246970004,54.757088,39.013428
-1.2197107,-0.8825753,-0.9141035,-0.6559357,0.3056072,0.22663957,0.7293844906023175,0.9055795669214906,0.17619507631917308,18.505152,42.71142
0.31230593,-1.4746664,0.11563796,-1.3614458,-0.19666797,0.11322057,0.4469823023417274,0.6284755859295483,0.1814932835878209,12.923156,38.658775
0.9876125,-0.2327156,0.029048065,-0.21051183,-0.9585644,0.022203773,0.06021412555773953,0.7819688835711336,0.7217547580133941,54.93119,35.4693
-0.3737856,1.3878176,-0.33544415,1.7315305,0.038341433,0.34371293,-0.2215402284722181,-0.47011324382001707,0.24857301534779896,18.585606,41.988544
-0.2572285,0.29592037,-0.8257873,0.17718548,-0.5685588,-0.118734896,0.6037107721727377,0.7348522269380249,0.13114145476528716,33.064014,40.636215
-0.22203851,-2.6071682,-0.11190911,-2.9605987,0.1101294,-0.3534305,-0.20768751799411334,-0.5294533600144185,0.3217658420203051,20.928432,45.668068
1.0765722,0.7941425,1.0329369,-2.7808187,-0.04363525,-3.5749612,-0.35968367641050136,-0.6268694058110791,0.2671857294005777,57.622437,49.498863
-0.61438334,-1.9254777,0.05533161,-1.1282486,0.6697149,0.7972292,0.4911046205680023,0.7713938860873295,0.2802892655193272,57.441006,37.164825
0.8965224,1.0805943,-0.19303547,1.9686704,-1.0895579,0.88807607,-0.45862095324695495,-0.6772720009535185,0.21865104770656352,76.30692,33.248665
0.8328317,0.8014233,0.41091937,2.9741006,-0.4219123,2.1726773,-0.28124840005436447,-0.8962177967765808,0.6149693967222163,93.077385,42.24402
-0.84094256,0.7682979,-1.1566674,0.50649005,-0.3157248,-0.26180786,0.4185491943434627,0.556279417912199,0.13773022356873632,19.707075,38.73825
0.36087298,0.9432843,0.18534312,2.3735282,-0.17552987,1.430244,-0.1991471310342412,-0.9539946400527928,0.7548475090185516,78.82005,31.556847
0.8294381,0.59857917,1.0067227,-2.5912468,0.1772846,-3.189826,-0.1608399660102382,-0.5494812875277635,0.3886413215175253,74.7708,46.056946
1.0443938,1.6771858,0.9565122,2.587965,-0.087881565,0.91077924,-0.7099985286661086,-0.8832551319120832,0.17325660324597458,27.857903,44.96931
-0.73482615,-1.4471252,-0.33418402,-1.0599481,0.40064213,0.3871771,0.7785495490801231,0.9276542459804098,0.14910469690028672,29.665577,45.894585
0.6615753,-1.2070216,0.049907308,-1.2954748,-0.611668,-0.08845317,0.32173134285437044,0.6979420868867541,0.37621074403238364,35.352222,34.444622
1.1427472,2.3511384,0.85852027,2.7502584,-0.2842269,0.3991201,-0.7834065477514045,-0.9050244462315336,0.12161789848012905,20.189505,34.54711
-0.865938,-0.6349156,-0.7678322,-0.53754634,0.09810579,0.09736925,0.9246139606342467,0.9519811142805743,0.02736715364632758,6.7912207,40.310654
-0.40825897,-2.4499998,0.3702936,-1.6956395,0.77855253,0.7543603,0.014483674086502418,0.26539149603846734,0.2509078219519649,61.326782,39.46431
-0.4970269,0.6864307,-0.2062399,-0.9554683,0.29078698,-1.641899,0.3829624748684459,0.9291470167905835,0.5461845419221376,87.90715,30.763502
0.802489,-2.8370414,0.9496408,2.9743676,0.14715183,5.811409,-0.6752452454210021,-0.8254187341023536,0.1501734886813515,19.088568,35.213787
0.7939166,-0.2571454,0.15725914,-0.59819984,-0.6366575,-0.34105444,0.24320507361624077,0.8035579022871797,0.5603528286709389,40.163548,36.348747
-0.083823346,0.4359064,-0.95012355,0.23035914,-0.8663002,-0.20554727,0.4335513491774714,0.6931129470972248,0.2595615979197534,50.5466,42.126686
0.9525742,-0.95483255,0.3870277,-1.7175249,-0.5655465,-0.76269233,0.12110843695672102,0.23992164503680957,0.11881320808008855,45.923878,37.39907
0.27219242,0.6362722,-0.035633057,0.9281343,-0.30782548,0.29186213,0.09860608073493893,-0.01004425328830294,0.10865033402324187,24.176619,47.38487
-0.5647679,-1.33658,-0.1672429,-1.0156027,0.397525,0.32097733,0.8364786133788478,0.9015271263280198,0.06504851294917202,28.420027,39.15356
-1.0124329,0.46394682,-0.9745774,-0.52591145,0.037855506,-0.98985827,0.5870035080627911,0.8730285322519364,0.2860250241891453,30.110676,38.244167
1.4707367,2.2812493,0.1176489,2.031189,-1.3530879,-0.25006032,-0.5433473593119982,-0.8530679390943678,0.30972057978236966,77.707214,38.41992
0.5558428,0.33218956,-0.013871071,0.851472,-0.5697139,0.51928246,0.16310584022636654,0.048075091548875126,0.11503074867749141,43.106308,32.891838
0.22461054,0.6263623,0.5045826,-1.0808992,0.27997205,-1.7072616,0.13072309366695833,0.49232804150857135,0.361604947841613,90.482506,36.415447
-0.5403896,0.97878623,-0.0046315617,-1.2803296,0.535758,-2.2591157,0.17467565207344116,0.7315971431896289,0.5569214911161877,122.842735,31.922464
0.5445178,-2.083139,-0.2537136,1.671499,-0.7982314,3.754638,-0.11633802515698477,-0.48569780061512624,0.36935977545814147,143.82672,47.284454
-0.17869326,-2.1857212,0.34562054,-1.6373749,0.5243138,0.5483463,0.13168942854523635,0.32081981816535343,0.18913038962011708,43.120155,47.136757
0.062215403,-2.2060935,-0.35174674,1.8370279,-0.41396213,4.0431213,0.004367771638200679,-0.5151223663624789,0.5194901380006796,127.06495,35.63325
-1.0424362,-2.3862343,-1.1949575,0.7305519,-0.15252125,3.1167862,0.33203037715191464,0.4809361620773984,0.1489057849254838,51.802624,45.31665
0.15955988,-3.02754,0.6668363,3.0527859,0.5072764,6.080326,-0.692650606740937,-0.8663172936729739,0.1736666869320369,30.889088,40.79315
0.35733038,-2.9868536,0.703252,-3.0987406,0.34592164,-0.11188698,-0.7240217081096905,-0.8082277445874688,0.08420603647777836,20.561577,48.51055
-0.24026912,-2.3944273,0.78633106,-0.71243757,1.0266001,1.6819897,-0.020988226059728277,0.302879510630067,0.3238677366897953,104.155914,39.56899
-1.0132973,-1.9375459,-0.38981107,-1.0967623,0.6234863,0.8407836,0.5304843003031943,0.9233408538216903,0.392856553518496,49.546795,35.33181
-0.48350134,1.2782228,-0.42428288,2.0057516,0.059218466,0.7275288,-0.07859448587048234,-0.5357677390860722,0.4571732532155899,37.44251,31.039852
0.20381372,1.3420064,0.0011070321,1.9848613,-0.20270668,0.6428548,-0.4663105563517531,-0.78700793451901,0.32069737816725685,38.367584,39.30697
0.13339877,2.0390236,0.06175924,2.2440207,-0.07163953,0.20499706,-0.8615470297609118,-0.8929322573471334,0.03138522758622164,12.386678,35.923416
0.7996464,-0.68687296,0.5597732,-1.4069029,-0.23987317,-0.72002995,0.29060406689665186,0.3154762454606992,0.02487217856404733,34.4342,49.285603
0.6240752,-1.7144113,0.1625094,0.31449732,-0.4615658,2.0289085,0.09593642899478905,0.40934183550890957,0.3134054065141205,105.04746,38.55888
0.10721698,-0.67533684,0.10457021,-0.8265199,-0.0026467666,-0.15118307,0.834568250560924,0.8255457857461428,0.009022464814781195,8.6148405,30.186499
-0.59502614,-3.0353212,-0.30371365,2.1842086,0.2913125,5.21953,-0.2669690836996481,-0.6767434514798971,0.409774367780249,56.534443,35.298615
-0.3936924,0.050552845,-0.75310117,0.062390406,-0.35940877,0.011837561,0.7913116065938071,0.7946254705720395,0.003313863978232412,20.600292,47.860893
-0.7762581,-1.6145538,-0.028027168,-1.1336052,0.74823093,0.48094857,0.6940692855033876,0.8083944739159017,0.11432518841251404,49.30903,32.73121
-0.4888475,-0.7765646,-0.1960665,-0.6587583,0.292781,0.117806315,0.9956644209184589,0.9609313787519405,0.0347330421665184,17.928232,40.63673
-1.1379961,-0.7846806,-1.0162501,-0.5008816,0.121745944,0.283799,0.7865557173929556,0.8508314993183568,0.06427578192540118,10.338715,38.78061
0.2620073,-2.7069755,-0.0011888965,2.1263862,-0.2631962,4.8333616,-0.502759566232843,-0.8364649528315335,0.33370538659869053,83.32419,30.29828
-0.49116713,-0.26670814,-0.4452813,-0.14165474,0.04588583,0.12505339,0.9362889337798768,0.8891952813426203,0.047093652437256495,6.9115987,33.031754
1.013032,-2.415486,0.24843624,2.4378643,-0.76459575,4.8533506,-0.4696088357379935,-0.97374479600788,0.5041359602698865,73.69793,37.429737
-0.9123099,-0.45893335,-0.5050636,-0.29096082,0.4072463,0.16797253,0.8940722751823316,0.9436964717162244,0.04962419653389283,24.400795,36.25891
0.9782707,0.41589952,0.2261207,0.3369233,-0.75215,-0.078976214,-0.14997509591337366,0.3583934925011967,0.5083685884145703,43.23709,49.593925
0.48846486,1.6294091,0.10316566,2.1587481,-0.3852992,0.5293391,-0.7390553267326341,-0.8889498526521935,0.14989452591955943,36.24708,49.84596
0.31600407,1.9144189,0.08106792,2.123299,-0.23493615,0.20887995,-0.8604835853772173,-0.8704613189461892,0.009977733568971914,17.836008,46.212856
-0.12963778,2.6527321,-0.11420838,2.3377688,0.0154294,-0.31496334,-0.8072156972659439,-0.8230817473295806,0.015866050063636727,17.932615,48.32474
