chirp_mass_true,chirp_mass_pred,sigma_chirp_mass_pred,snr
1.8730378,1.2546018,0.1472314,14.3325227
1.1510143,1.0435768,0.18800533,11.9069272
1.4340866,1.7461842,0.5852783,16.299642300000002
1.7762028,1.741432,0.22832938,11.20222144
1.7639625,1.8403893,0.04324977,17.2980475
1.699952,1.6367877,0.18256101,12.9307294
1.3714128,1.3747073,0.012469851,18.905309000000003
1.7462583,1.2895659,0.30403018,11.7345907
1.3092222,1.1976236,0.15668632,13.526485
1.8721797,1.924075,0.06263672,12.692447600000001
1.4614973,1.4010098,0.084838234,15.3774637
1.6621687,2.119935,0.2189296,11.3149284
1.482705,1.3225482,0.44158792,11.246030600000001
1.5167601,1.540663,0.011921367,19.95338
1.8341815,1.868227,0.016519329,19.549977
1.1586872,1.1327617,0.11886822,16.656887
1.0653925,0.95511156,0.11256536,12.5581083
1.3694371,1.4565169,0.34077144,11.8963248
1.292294,1.2288831,0.073856205,13.918203
1.576134,1.5453849,0.0929048,10.99998
1.2531325,1.2453456,0.06284391,18.9977473
1.879499,1.7658795,0.31429586,16.823546
2.1307564,2.2010221,0.023474846,15.776349
1.3220714,1.3763256,0.39814657,10.08727316
1.9047012,1.7711184,0.35631558,10.7890244
1.4685107,1.4109781,0.12877196,10.8222244
1.5483062,1.4480221,0.3581448,11.3888408
1.8861492,1.7135931,0.28009394,10.49329057
1.2514304,1.2142439,0.04438782,16.257049000000002
1.7829578,1.8257952,0.046826907,10.4554679
1.8549658,1.9997112,0.045198288,16.548598
1.1902348,1.0221916,0.24951178,14.680642500000001
1.3822391,1.4160659,0.13931887,12.5910985
1.6269139,1.4697411,0.3372098,13.7880117
1.7439573,1.3328741,0.2882993,12.152856700000001
1.2729269,1.1928037,0.14614046,16.1803544
1.7649845,1.8154716,0.09005316,15.636207500000001
1.3838055,1.5726421,0.023799999,14.008569000000001
1.3996063,1.4679093,0.30062667,10.885582939999999
1.8283322,1.8450034,0.09989858,12.8643742
1.1131079,1.1077124,0.07911839,13.449463999999999
1.258075,1.16446,0.0906924,16.0166806
1.781314,1.7569346,0.0959779,12.630138
1.1107183,1.0993309,0.2014216,11.4928757
1.4622736,1.4376991,0.074526526,18.452309999999997
1.5901871,1.6221222,0.046175428,13.5887563
1.8012016,1.450063,0.22704303,12.3849908
1.4638433,1.1781346,0.3753294,10.028721327
1.0248618,1.83484,0.1237063,16.4969903
1.1879983,1.7702982,0.5962813,10.6719064
1.4760665,1.3234737,0.2844181,11.7839573
1.3160661,1.3790597,0.11141711,12.5609496
1.1549307,1.3932426,0.33205292,12.4476922
1.3664364,1.3486267,0.036580157,11.8436478
1.8584754,1.3223019,0.500378,10.9168507
1.3919555,1.3774221,0.032164413,16.54464
1.7459539,1.8154292,0.037145693,18.919601399999998
1.4778042,1.4843922,0.5290851,14.516073200000001
1.3340348,1.2609936,0.29206082,11.187804
1.4305215,1.4310017,0.056903724,13.0105922
1.7057552,1.8305457,0.082256906,10.37543062
1.6286327,1.6899183,0.015949141,16.4141536
1.3595521,1.3311535,0.031781893,17.959333
0.93502116,0.9805981,0.25766042,16.0575265
1.5544866,1.426636,0.46685264,12.987304
1.0929396,1.0268477,0.05685161,17.159325
1.0718306,1.8130997,0.09961249,12.6811147
2.0638824,1.6951262,0.42743245,10.8561931
1.4089962,1.3154464,0.39128327,12.4056569
1.8091135,1.3029186,0.31418955,12.9918227
1.4772952,1.5288365,0.041094486,18.142490000000002
1.6139961,1.3700827,0.28015205,11.618911
1.0721935,1.453732,0.3161109,10.662394
1.492805,1.1303904,0.18846245,10.1879852
1.5430477,1.5335058,0.024834836,15.639184
1.4100542,1.4641876,0.026082084,12.320356
1.7974209,1.2759984,0.22540103,10.9711099
1.3549819,1.324115,0.06965871,16.557099
1.330957,1.7022097,0.37698925,11.4028291
1.1554512,1.2443405,0.23171145,10.109069515
1.4883797,1.5356913,0.031749334,15.493729
1.8297089,1.5434154,0.3608697,10.8227575
0.91142666,1.1991812,0.36474428,10.10534904
1.0852151,1.5897913,0.3728511,13.3738208
1.1083516,1.3472104,0.3014132,10.10744151
1.8892995,1.7142521,0.33178088,10.12517215
1.2575105,1.2282084,0.072784536,10.681559
1.4234403,1.4971709,0.09165617,10.9856379
1.2561585,1.2619358,0.24375942,12.7378878
1.8875073,1.8972282,0.07575606,12.3439158
2.0592878,2.2082486,0.08943685,10.14526611
2.0226138,1.5883099,0.42525485,14.1647097
1.3089525,1.3816061,0.053288043,15.301735
1.532354,1.5439558,0.08480477,15.002505
1.7610078,1.8267381,0.018376896,11.9012822
1.6976227,1.8150663,0.023606632,17.6246554
1.3022118,1.2234917,0.32433313,11.3445549
1.5073888,1.3358623,0.33825898,10.6746245
1.2053958,1.5266767,0.50898004,14.444977
1.8560215,1.9695503,0.057947543,13.6843228
1.6689494,1.71805,0.06515175,13.7074307
1.2226644,1.2316151,0.13027659,14.0534484
1.2789708,1.5139515,0.5806593,10.8353962
1.4025289,1.4559433,0.09435934,10.9120192
1.3428797,1.3280954,0.08142214,12.9361978
1.6016347,1.360852,0.3384465,10.7688026
1.2175478,1.1868199,0.07841604,15.477651
1.424113,1.0825241,0.26683718,12.2813088
1.7297568,1.7742212,0.014773705,19.503035
0.91977113,1.1615568,0.1596863,15.964743
1.8215315,1.9341902,0.03189236,18.359742
1.5223708,1.406424,0.21799596,11.37833
1.2998174,1.2324895,0.1173533,15.5327916
1.671301,1.762846,0.1086791,12.3031576
1.4466337,1.7268074,0.10545693,11.4017437
1.2616434,1.2318263,0.12073782,18.951102499999998
1.4148823,1.2763566,0.21898049,10.39513543
1.3074253,1.3088331,0.037045263,10.17421156
1.68911,1.6897044,0.13764669,12.4418764
1.3538027,1.1969099,0.19971873,13.906272
1.3498228,1.2768136,0.2630721,11.7012878
1.3380322,1.4182994,0.10767414,14.9219808
1.18421,1.1999243,0.101103984,15.353671
1.1564838,1.1086336,0.16734833,10.6046004
1.3366487,1.2741532,0.12863061,14.7641963
0.9774184,1.0241752,0.19150905,14.8059264
1.6115279,1.0548581,0.25001007,12.052178099999999
1.6703801,1.1715921,0.29017356,10.8834218
1.6521547,1.7520013,0.05995393,15.4340655
1.4863348,1.4708253,0.19340667,16.653935
1.4858162,1.5205739,0.042741608,19.4181114
1.9202924,1.8332108,0.10984636,12.7797875
1.4042679,1.4677641,0.15154147,12.7768597
1.1539886,1.1144944,0.06044355,11.2748416
1.3096743,1.2914529,0.05867735,17.114283
1.8116336,1.867568,0.14432311,16.045113
1.7921779,1.7396721,0.23350194,12.886114
1.1917009,1.0362655,0.0803885,10.30097833
1.2103192,1.287756,0.12826917,10.958908
1.5411494,1.1379623,0.36632738,11.2095689
1.3023642,1.3327315,0.06723682,11.7389321
1.5318613,1.463388,0.2787167,11.7843798
1.3786428,1.3647794,0.21642381,12.3075552
1.39009,1.4038775,0.124778084,10.21947805
1.6321931,1.4020379,0.28114894,12.0319916
1.6455085,1.7142763,0.026709262,16.309448500000002
1.5263101,1.2757959,0.30932596,16.423939
1.1625992,1.2001657,0.18551655,11.2027154
1.6959183,1.0179064,0.17766908,10.54484397
1.2672276,1.2319322,0.09096888,12.9191074
1.2562467,1.2382054,0.28262976,10.59591483
1.7011738,1.5082486,0.15763779,10.6612324
1.3217856,1.3635612,0.23638056,10.37411638
1.8012266,1.8053694,0.067,10.21686008
1.8327934,1.554616,0.29141816,10.45562144
1.0931923,1.0841465,0.21211194,10.0009298786
1.4978381,1.4639201,0.036583308,14.7379315
1.8871052,1.9986849,0.030375233,19.0944356
1.7201972,1.7276304,0.034893755,12.375471600000001
1.794086,1.6657183,0.29316032,10.11686237
1.4104122,1.6318734,0.24105479,17.026317
1.1837589,1.222748,0.05090269,16.476517299999998
1.4322522,1.906087,0.32160944,16.4423305
1.0052041,1.1448474,0.2540498,10.31701993
1.5397612,1.4689195,0.4471089,10.4421606
1.9551363,1.1195313,0.41157967,11.3214518
1.5622354,1.5736959,0.027415209,15.8239084
1.5899613,1.2323763,0.30564892,10.3514178
1.7724762,1.4675547,0.50552905,12.4008559
1.5374925,1.5693243,0.123847336,12.0110698
1.1815583,1.0444328,0.1638867,11.570522
1.4935558,1.4252425,0.47655442,11.8406846
1.5660723,1.5929699,0.727282,10.7608257
1.5668726,1.6430602,0.035096467,14.751486
1.8298119,1.5741639,0.21328029,10.7211681
1.6251785,1.6348782,0.02382619,12.0900123
1.4297321,1.4534423,0.042237487,19.368882
1.3565271,1.3738742,0.2623501,11.5880485
1.6845797,1.7598606,0.02568988,15.706584
1.6961035,1.7125281,0.15554166,16.010604999999998
1.2618746,1.2424549,0.04167588,14.411448
0.92823464,1.388034,0.6333873,12.2818238
1.9951317,1.6498995,0.26897338,10.43255854
1.9019233,1.6675036,0.3267205,13.6347875
1.3354467,1.3468143,0.121118315,11.9167249
1.4141321,1.6675851,0.3655667,10.14782113
1.7993702,1.8847523,0.01925205,18.831737
1.645225,1.6670673,0.20007616,14.557972
1.5207963,1.5929236,0.19972223,13.2595
1.3566096,1.2931602,0.36409506,10.11952039
1.6355815,1.60992,0.07354877,17.881956
1.3762606,1.3921088,0.27016008,13.2621312
1.2203395,1.9273813,0.16500613,17.834325399999997
1.5768007,1.649907,0.07997589,12.19918
2.050412,2.1036901,0.034677837,13.621677
1.1028748,1.0733953,0.27630666,17.824731
1.5890182,1.1886146,0.1428999,10.42772792
1.7080379,1.7876902,0.018760107,17.431418
1.8332306,1.4164362,0.3440493,16.0419005
1.32074,1.3839872,0.4803271,11.9478916
2.0241497,1.776183,0.30836943,10.774909300000001
1.3383348,1.4915245,0.52030015,10.23002334
1.7398164,1.8364819,0.028134385,12.4982576
1.4651716,1.160335,0.2058365,15.453805299999999
1.2395858,1.1431036,0.0634796,15.195572
1.7310598,1.6751065,0.06132188,14.278002
1.44899,1.4087567,0.033077784,12.595348399999999
1.6332878,1.656625,0.024315478,15.155072
1.5965772,2.026875,0.42145807,10.41771196
1.5240623,1.1899102,0.30281612,11.24593616
1.4049534,1.726938,0.23707853,15.253356
1.7328867,1.5972364,0.28232214,13.382319200000001
1.643076,1.9698008,0.041640077,10.15275759
1.5609446,1.6030147,0.021521138,13.3967635
1.6666036,1.497291,0.20157547,14.591208
1.3472016,1.3729339,0.071976885,16.9042313
1.1788789,1.6079655,0.49037883,18.363385
1.3162892,1.2897512,0.37035665,13.681723999999999
1.377567,1.1776397,0.30294943,15.0807774
1.1279334,1.9429251,0.2629881,10.44673275
1.4394615,1.2903385,0.34547147,10.13540272
1.4769281,1.2947993,0.18520115,11.3456306
1.5276692,1.426727,0.20472658,11.5290132
1.3722279,1.4252081,0.16413605,18.396004400000002
1.0922152,1.098361,0.37391645,11.466655
1.8586879,1.9143133,0.030745767,12.5575894
1.6655928,1.7074673,0.091717914,13.9869463
1.0129557,1.2081324,0.24519521,13.468757
1.4422476,1.4548569,0.075477846,14.9997455
1.0982714,1.000101,0.22577491,11.2985149
1.0553535,1.5781341,0.5403612,18.217645
1.5171022,1.5347558,0.013273062,18.7877357
1.572007,1.3813779,0.41331497,11.4698833
1.6452448,1.031876,0.18134685,11.78524
1.832192,1.8971922,0.024335716,19.3854177
1.8123901,1.7914321,0.17220744,12.509791
1.7699289,1.8964709,0.16148311,10.21617055
1.8121139,1.8429384,0.30145812,10.053690714
2.0379186,1.2326529,0.2931437,11.1845985
1.2978022,1.3076296,0.02993721,16.197619
1.8289428,1.5509456,0.51343375,12.055378900000001
1.0063184,1.583564,0.4715284,16.770815
1.1521467,1.1400013,0.033953223,15.5092514
1.5674899,1.5056912,0.16176367,10.92330456
1.6121132,1.7171962,0.041989192,10.5885807
1.1681058,1.016289,0.13412741,10.036626726
1.4795152,1.5539107,0.23022963,11.6059908
1.1238732,1.2445064,0.10972528,11.6087653
1.4009613,1.5238343,0.23863824,11.6057429
1.6729949,1.2572947,0.32267734,10.1366397
1.1224135,1.0980308,0.068814136,16.606411
1.5888536,1.4321724,0.13791876,10.8864766
1.1229777,1.1000804,0.087905556,17.566939599999998
1.8109431,1.8429244,0.022341399,18.4677625
1.1926054,1.6705788,0.55251944,10.9745509
1.4355942,1.4692383,0.057621837,15.205406
1.9173703,1.6378937,0.36897632,10.40828917
0.9836436,1.1943333,0.30471978,10.9115147
1.1575007,1.1837063,0.15939957,10.9728313
1.2392418,1.0751632,0.18130554,18.060939
1.6208993,1.3444732,0.17386569,18.607589599999997
1.2716321,1.5220988,0.26840597,10.8948856
1.0877414,1.0875566,0.059811357,19.474604
1.3801702,1.2356257,0.256739,11.5031092
1.2693714,1.6206882,0.3321119,10.058333427
1.1157541,1.3078445,0.108481966,11.8513301
1.5702631,1.5591011,0.018171586,19.15007
1.5284123,1.5782912,0.21812299,10.3677722
1.3338892,1.4756296,0.070553616,13.9704508
1.6584736,1.718168,0.04928692,10.12090043
1.7117358,1.6378751,0.20850453,11.7843083
1.9726892,1.5388933,0.27470303,11.1411661
1.3319825,1.2793337,0.16708377,11.194010800000001
1.8165265,1.885696,0.022227366,14.836347
1.5480051,1.5631781,0.020775007,12.922071500000001
1.4165152,1.3512421,0.098746665,13.2995248
1.2724186,1.2209873,0.060648084,15.4393625
1.5459598,1.4780123,0.18377508,13.638504000000001
1.836596,1.9257733,0.035433672,16.706605
1.6536347,1.3468552,0.4729607,10.8263922
1.6173368,1.5592813,0.26077098,10.7285994
1.8187903,1.5155008,0.35641155,11.8008544
1.4075757,1.4718177,0.025841096,18.7764955
1.9736989,1.8013878,0.30018127,11.1815285
1.2630867,1.6396608,0.33615893,12.108195
1.256532,1.223614,0.09185436,15.7281303
1.2141681,1.2327361,0.19992264,16.6603684
1.3380716,1.2861338,0.14352253,11.0715386
1.7482862,1.7678488,0.016179953,17.651182
1.9217868,1.2543159,0.1917412,10.58725026
1.3371242,1.387757,0.041390296,18.382134999999998
1.7705925,1.3055493,0.4031582,10.18890554
1.3642476,1.406162,0.031875763,19.190645
0.9509054,0.98744726,0.34185445,11.419814
1.3909315,1.5798256,0.20965792,13.1424966
1.4250599,1.5678703,0.07445636,10.5514285
1.5668597,1.5212892,0.18102127,10.9447757
1.1240982,1.0376979,0.07442595,13.2832667
1.3746744,1.3179476,0.3907304,13.064189299999999
1.474348,1.4693882,0.059161562,11.6793664
1.4578723,1.4276813,0.025060354,18.622317000000002
1.4281515,1.4560113,0.023382448,16.178826700000002
1.1566578,1.1469474,0.26396587,16.418203
1.9894586,2.2008576,0.070691474,12.3571134
1.7761731,1.6251054,0.3145412,10.057710647
1.7633867,1.8777848,0.0314606,10.61748706
1.5316137,1.6740992,0.14755926,12.392486
1.9449084,1.9997841,0.018450636,17.8901446
1.8931156,2.0221627,0.035947256,10.2681455
1.3031144,2.1399577,0.12151447,10.28366541
1.5556688,1.5984745,0.017905144,19.10172
1.2163349,1.114348,0.07066238,14.9624357
1.37653,1.339161,0.051136147,15.036642
1.6285076,1.4997687,0.21443737,11.163554640000001
1.4381979,1.5829419,0.5273558,10.3888943
1.3665968,1.3964956,0.11011073,15.563614399999999
1.4906042,1.4687506,0.18546718,10.7525617
1.2082272,1.1784141,0.11527621,15.942117
1.4434328,1.2393901,0.2141713,11.79919
1.3378695,1.6207895,0.24996191,14.4712216
1.9205544,1.5391958,0.4251356,11.6524686
1.4754355,1.3943315,0.1697516,12.4635477
2.007847,1.9789532,0.15715066,10.6188776
1.628979,1.4977794,0.23406503,14.1956922
1.553894,1.4969308,0.055685252,18.518262
1.6619918,1.7934405,0.021971261,19.3450546
1.208035,1.1355276,0.14063242,11.00019455
1.7541357,1.4737594,0.2594733,10.334659
1.6732104,1.694663,0.08886043,10.39228287
1.299426,1.3338249,0.10229699,18.3296883
1.4205537,1.2676451,0.34027913,10.5133111
1.1460385,1.2816887,0.14031747,10.27440382
1.4946637,1.3271998,0.27438,10.06629796
1.6077216,1.5344836,0.057495046,16.823296499999998
1.5406691,1.3613287,0.14415747,11.05657384
2.0381508,1.5773749,0.45195135,10.19484056
1.2780681,1.2591813,0.20700508,10.55708118
1.9370782,2.0240107,0.032471783,15.533985000000001
1.203532,1.1933649,0.11695058,13.7306795
1.2680601,1.9350495,0.24303098,16.463585
1.3056477,1.1716044,0.20439775,14.4490397
1.5889169,1.5290053,0.19484529,12.7037704
1.4860542,1.4784971,0.14290838,12.760137
1.1320887,1.4787807,0.26721984,12.7830645
1.7853243,1.8048196,0.029156167,12.4292587
1.1138499,1.1187283,0.0948299,12.768481
1.6813482,1.5179279,0.17780155,12.727513
1.544109,1.0902424,0.25836977,12.7652404
1.5292903,1.5001009,0.10981092,12.6834837
1.5010104,1.5764923,0.20044437,11.8018052
1.6163775,1.5745549,0.112132475,11.7998368
1.3045247,1.2588813,0.24173796,12.3384061
1.7120954,1.7622945,0.026240438,12.529642599999999
1.3341526,1.2252213,0.22616585,10.17867593
1.6211449,1.6373619,0.037381724,13.8711056
2.0649583,2.068596,0.21563885,15.3970593
1.7513247,1.8035145,0.018983532,18.975993
1.2195251,1.2566228,0.07561819,15.7514304
0.8937909,1.1575155,0.075359136,10.36532022
1.0654061,1.3115094,0.13437629,17.467202999999998
1.130319,1.1374061,0.1556259,14.730091999999999
1.5404173,1.4903756,0.048051964,11.5712163
1.2695996,1.2461935,0.3932742,10.66488795
1.5720068,1.3518132,0.28724292,10.2964205
1.0269134,1.1579208,0.2526169,10.68775535
1.44759,1.7045374,0.0326298,13.254313
1.8401575,1.2691646,0.14649333,10.8512719
1.6970539,1.8125098,0.046926204,11.1907367
1.2748393,1.4957975,0.37687567,10.11475464
2.1228776,1.891045,0.4047935,11.737615
1.5799379,1.1569817,0.21080074,14.0371293
1.574069,1.3016049,0.53294474,10.6613602
0.95966303,1.2706628,0.100024834,16.0781306
1.2109797,1.1393205,0.12973689,11.9312844
1.7001121,1.7833321,0.04696196,12.3881285
1.5992696,1.2788246,0.24180295,10.917196
1.4207947,1.4132988,0.01748733,10.53881075
1.75235,1.8568752,0.12974444,12.7910778
1.4167422,1.6358681,0.17296006,12.3722452
1.672853,1.2074778,0.15404932,10.7430454
1.1537733,1.1009585,0.1802831,12.763681
1.5330343,1.5886204,0.029413044,13.67804
1.09414,1.3181164,0.17450719,10.0017138377
1.2469919,1.2307483,0.15622433,11.2046925
1.3767937,1.4366623,0.070758276,18.433678
1.4784822,1.473728,0.044060517,16.2350255
1.7140635,1.7325672,0.059596516,12.9525515
1.2211982,1.2465904,0.10831364,12.6326752
1.7911339,1.2844497,0.15354536,10.24909016
1.4959774,1.5382965,0.36746424,14.000532
1.3540665,1.2106053,0.11495094,12.044594100000001
1.3030776,1.3259797,0.08186036,19.73799
1.3362489,1.31102,0.028301634,15.758995
1.1580738,1.1824069,0.13240036,10.41055903
1.259791,1.2607565,0.04509553,13.592924
1.1509757,1.0112128,0.1809992,12.5446686
1.8072606,1.7681103,0.11424095,10.61687477
1.7537962,1.6897497,0.1264663,11.6675222
1.9679708,2.046186,0.12087607,10.28170362
1.804164,1.9066432,0.035847295,11.9111952
1.51135,1.3235273,0.27250013,10.4886269
1.776952,1.4464934,0.029970387,10.12213455
1.051435,1.4166186,0.3196313,15.2913
1.4067612,1.3579865,0.2654683,13.1306398
1.2073627,1.3513247,0.37297425,12.1345969
1.5485306,1.4977353,0.06022882,15.4856914
1.4213985,1.1470958,0.25314304,13.434999000000001
1.1603602,1.2109431,0.032780487,17.535852
1.2273841,1.1814901,0.15269342,11.1459442
1.5739146,1.1514813,0.13635181,12.895596
1.5026559,1.5438769,0.0799634,14.719871
1.86247,2.051928,0.057252105,13.260408
1.0431339,1.0619546,0.07715914,18.9946
1.9595282,1.3788311,0.3984082,10.4364192
1.8495415,1.6643772,0.28526306,15.038198000000001
1.0660384,0.99790484,0.10289721,13.2389587
1.3674902,1.3444624,0.16467544,10.9213952
1.8162056,1.8137364,0.1813172,12.990478
1.3825772,1.5460577,0.18522552,10.057661054
1.1556051,1.1285404,0.09948697,14.6491802
1.4008689,1.7643263,0.11466874,16.85735
1.5079454,1.4069079,0.5270415,12.7527726
1.4253651,1.4154828,0.052760366,18.7005734
1.412877,1.3093019,0.13533495,11.433045
1.6504753,1.2392284,0.06579907,12.362729
1.5183759,1.6319325,0.18591915,15.843504
1.2604175,1.3978881,0.40376818,13.080869
1.3997673,1.3065047,0.3428088,11.5477462
1.6997885,1.8054799,0.15546557,11.14943765
1.2578803,1.6421627,0.44749784,14.939678
1.1887835,1.255537,0.15693134,16.568002
1.8447398,1.4365628,0.31423497,11.655344
1.9217763,2.0029426,0.11184061,11.16063535
1.7263426,1.8613677,0.025400171,11.88923
1.6019163,1.6250106,0.031451512,14.3202674
1.7763714,1.8243835,0.0830304,17.1885777
1.0871019,1.4594852,0.25436193,12.9453108
1.248544,1.1259332,0.29802343,13.5862488
1.5296122,1.5799754,0.048732277,17.747792
1.7072104,1.6995373,0.111442216,10.59148956
1.1807055,1.2302092,0.25838262,10.6780942
1.6995263,1.7218004,0.088221505,12.0143946
1.9288857,1.9843798,0.025350424,12.3518938
1.8122262,1.973461,0.028714836,10.5081467
1.1339147,1.2578216,0.2152134,13.204670499999999
1.7310451,1.512562,0.46306404,11.5850806
1.4168911,1.3616695,0.07471398,16.0192955
1.2889228,1.105021,0.105985336,12.3472805
1.6867564,1.851421,0.12458459,15.217228
1.8706851,1.1722488,0.54903823,10.050655017
1.7012366,1.0107119,0.13059242,11.1985057
1.342572,1.7765591,0.3088256,10.31062713
1.3892598,1.301003,0.43467376,11.5987197
1.2816608,1.3085569,0.18859158,14.455208500000001
1.4283565,1.6747789,0.4160391,12.1364719
1.2080954,1.4941859,0.3025088,12.7910987
1.4533087,1.6564181,0.06434362,13.6222443
1.7051427,1.4144669,0.20141867,10.351991
1.1631098,1.1963348,0.23347208,11.4341283
1.9951129,2.0483978,0.047119614,15.165880000000001
1.6284658,1.7016078,0.24911045,11.3037717
2.0906336,1.0229537,0.24031094,11.2153771
1.2755535,1.3062444,0.3628717,13.660536
1.8015069,1.8887397,0.031183852,16.463775599999998
1.5571728,1.4497982,0.09914453,13.2131386
1.178676,1.6859335,0.35899192,15.235427000000001
1.0520332,1.6976066,0.13941929,17.521779
1.316623,1.1235704,0.27722755,10.52980285
1.7009411,1.8534248,0.12586628,11.4657566
1.0722755,1.6517193,0.45149258,12.012097
1.8345294,1.9105675,0.054963645,12.222139
1.4194442,1.151947,0.14908768,13.095006
1.4980608,1.6516757,0.2523394,10.10172108
1.769607,1.7581286,0.13487233,15.799747
1.6465633,1.3659865,0.3868631,10.7399087
1.6072897,1.6624799,0.08022334,11.3519071
1.1638286,1.370266,0.5074608,10.064275116
1.6581287,1.6188033,0.027242286,16.4995635
2.156858,2.2962313,0.04449196,15.1810056
1.1904628,1.2002445,0.28580105,15.093481
1.744741,1.836621,0.023566822,16.315129
1.8022538,1.7181947,0.42837843,10.7733433
1.5211803,1.1459827,0.30324358,15.315165
1.5375,1.5298371,0.072202764,12.4719845
1.3377459,1.2962198,0.067504935,14.3763825
1.9186323,2.1338038,0.05415538,14.100092
2.15295,2.2786765,0.051749013,12.104486
1.1313685,1.175802,0.118289985,11.9360368
1.844845,1.3634127,0.357037,10.3132184
1.2592205,1.276228,0.119451016,13.0646682
1.3963419,1.4476464,0.13216963,11.1758615
1.2223772,1.5030632,0.49004441,10.7432753
1.5114275,1.6475372,0.33250126,10.30827334
1.7583804,1.8969783,0.07944435,10.064617503
1.5476844,1.5359368,0.022991735,13.504152600000001
1.5781497,1.6813792,0.032079585,14.8873568
1.4009694,1.4108126,0.060212385,14.530604799999999
1.3581426,1.2101104,0.16380766,10.3309271
1.4348655,1.4808722,0.018130684,12.394624199999999
1.4686564,1.1953965,0.24413171,11.21478476
1.7313445,1.8211541,0.019911319,15.1633304
1.5507805,1.196358,0.17385581,16.682091999999997
1.6985582,1.7134545,0.019676216,17.667578499999998
1.3882008,1.3832663,0.02762236,17.758547999999998
1.3833628,1.3482233,0.08970367,14.3902963
1.3259864,1.360675,0.022545613,14.9590987
1.5414579,1.47895,0.1953372,17.2828245
1.2174592,1.3342781,0.2650345,10.31349305
2.0252047,1.7991269,0.28475696,12.8881657
1.6990701,1.5571642,0.3133334,13.487638
1.4990709,1.1285431,0.23847649,10.59564017
1.3269677,1.297151,0.08362344,12.1228327
1.558438,1.6185116,0.028291456,13.2031724
1.1088414,1.4240736,0.37585375,19.965405
1.5470536,1.5893112,0.013928262,18.957466
1.3101758,1.3064628,0.049291406,14.894224699999999
1.7857938,1.8373322,0.09039606,13.3927894
1.3238807,1.4145643,0.16846392,10.8990619
1.8807818,1.376337,0.2986943,11.07460774
1.8572062,1.8615456,0.074626155,13.626506299999999
1.2038119,1.1054441,0.29672843,10.47567055
1.4439669,1.4092648,0.055893637,16.229976399999998
1.3581575,1.124107,0.22567609,11.4675458
1.3105667,1.3679336,0.03891226,18.6654174
1.8647124,2.0624447,0.04658041,13.1762603
1.3264577,1.3100351,0.016340546,18.0688876
1.2077405,1.4242535,0.091371104,11.965893
1.7476621,1.8143563,0.014742463,17.8877777
1.1687317,1.2210869,0.05663634,11.917122599999999
1.1828555,1.4414089,0.5131857,14.4290602
1.505637,1.5716925,0.15237637,12.9909968
1.1655284,1.3851255,0.3934944,12.812052
1.7790623,1.5487936,0.5362907,13.403922
1.857098,1.8768024,0.28214037,10.57957854
1.2331527,1.1406126,0.11381199,14.304853399999999
1.816064,1.9042639,0.016232258,18.290473
1.2546875,1.2698891,0.25372046,17.618618
1.7874734,1.6135416,0.4124282,12.0321423
1.1878054,1.4087231,0.38262695,11.5324342
1.2463858,1.2170835,0.10226373,15.4350334
1.6753049,1.3731899,0.363568,11.054921
1.0071229,1.2734293,0.39123386,11.178839
1.2860323,1.3812339,0.17146602,11.1291797
1.0433607,1.0323945,0.21548958,10.62237393
1.1818035,1.2131653,0.16121784,14.776157699999999
1.8311714,1.7307312,0.26975098,14.7831523
1.5814505,1.6386583,0.03945318,18.892842
1.7870705,1.9053402,0.023513041,10.8618487
0.9879085,0.8575028,0.05254654,18.606347399999997
1.427693,1.446001,0.013001711,18.834611000000002
1.6915379,1.306568,0.19046591,12.0323235
1.1557767,1.1080234,0.10541511,13.6981663
1.1391752,1.2402833,0.20817402,11.102692
1.2750114,1.3055,0.039139193,13.4773502
1.2002766,1.1857052,0.057849485,11.3908122
1.7000017,1.5496285,0.418958,10.218696
1.6165241,1.337336,0.35841948,10.49590852
1.1915152,1.5180887,0.6271807,10.24600582
1.0457989,1.8165337,0.1315442,11.0397864
1.6601951,1.0067728,0.26779255,12.241363100000001
1.3683494,1.4537938,0.12840676,13.6274782
1.4836951,1.4763668,0.049764544,17.030583999999998
1.2413367,1.246285,0.2281923,12.797095800000001
1.8077782,1.7023172,0.21237749,13.025216499999999
1.4172447,1.3311167,0.106428035,11.331314299999999
1.3470997,1.13326,0.176844,10.3528827
1.9563344,1.2292125,0.28030813,13.4900308
1.3593212,1.3101954,0.17026529,12.287322
1.211505,1.8638039,0.19048916,10.57169314
1.078467,1.2316756,0.15695885,16.9277287
1.299352,1.5474019,0.34424236,10.26698768
1.6005951,1.5734124,0.033103958,13.630241999999999
1.8968374,1.9965405,0.02080147,18.397522600000002
1.2508334,1.1704478,0.18515076,11.555066
1.0518585,1.0887516,0.2947429,11.4326453
1.4161491,1.3412663,0.12410524,12.1901034
1.356687,1.1384587,0.17749153,11.0254415
1.3255469,1.3360918,0.32160935,11.433659200000001
0.95249915,1.1875148,0.10921457,14.941697999999999
1.5474522,1.5364945,0.06729062,11.3966224
1.3447953,1.358105,0.27734756,10.7891207
1.0891773,1.1633959,0.21447337,17.770014
1.4825032,1.4951606,0.023576735,19.284855999999998
1.3544917,1.2027642,0.21992745,14.091439000000001
1.6271791,1.6293547,0.04543834,19.129591599999998
1.6804764,1.0387719,0.18157858,10.23790395
1.6662273,1.3833432,0.16252218,10.33569857
1.260337,1.1425844,0.17306243,11.8431996
1.6860664,1.4839108,0.22955252,10.67372136
1.2290697,1.346055,0.20936207,16.5188587
1.4102801,1.372079,0.059232023,12.9188555
1.4753953,1.3085128,0.3434935,13.3441865
1.3698676,1.4079959,0.03932242,13.1828743
1.6729652,1.7159936,0.032284837,14.871897
1.7633128,1.8815377,0.049739722,11.6350059
1.6253471,1.5170321,0.4288316,10.06376678
1.4207038,2.0445848,0.23147471,13.8711923
1.4620985,1.4441589,0.18933246,10.3389622
1.6204696,1.5305424,0.11196536,11.8615273
1.3659253,1.3541362,0.05752199,16.562183
1.9426059,2.137704,0.023588225,15.533472
1.3313128,1.3969994,0.05855077,10.8030307
1.7167206,1.3562664,0.2859922,11.6945258
1.3487067,1.3006595,0.24590561,14.204283400000001
1.6981227,1.7140093,0.12734814,11.8023002
1.4628228,1.4415267,0.1506924,17.77603
1.5249841,1.5116158,0.41405743,10.58751542
1.3747561,1.4844316,0.08987614,13.9376
1.4824617,1.5344391,0.023268905,16.462103
1.0610853,1.0471593,0.10710073,15.3875905
1.26945,1.2941282,0.3331635,12.8549695
1.1151187,1.5953588,0.33192483,10.002059085
1.2530559,1.2341303,0.20037127,12.6776096
1.8410332,1.8752881,0.01520223,19.758192
1.530163,1.259316,0.3732744,12.1958286
1.7385199,1.5903919,0.38513827,10.021208862
1.491316,1.6847227,0.14835128,16.502777299999998
1.2982383,1.2005752,0.11634901,11.5050451
1.6844501,1.739862,0.04062386,13.7505865
1.4854645,1.5216141,0.049245372,11.6411832
1.051035,1.8738168,0.05919479,10.6791986
1.6575736,1.7800976,0.06398399,14.833065300000001
1.890124,1.3381087,0.23556978,11.5231487
1.6766312,1.2785553,0.20249596,11.8946719
1.7278761,1.295185,0.24221233,10.7086981
1.0003425,1.3330092,0.25822383,11.2868251
1.3138604,1.263421,0.32167986,14.962931600000001
1.7129073,1.779185,0.13526125,17.0255023
1.2665334,1.2589278,0.023063228,19.2911845
1.3763084,1.3728395,0.3087215,10.05787278
1.4820763,1.6941829,0.48438478,13.0330724
1.3904071,1.3452592,0.10965701,13.1666198
1.6046711,1.512935,0.27291134,10.58587022
1.3993576,1.3917477,0.07082991,11.8099834
1.4430232,1.3925977,0.09192754,12.7525026
1.7207284,1.803658,0.045915086,10.17479619
1.2181706,1.2039325,0.05253789,17.2505677
1.5275704,1.4416478,0.022287637,10.57952322
1.3889968,1.3444376,0.36143792,14.6273705
1.0749297,1.3727524,0.37559938,19.1396743
1.621725,1.377344,0.36272967,13.1658313
1.1404549,1.4536259,0.34988713,14.774419
1.3865871,1.3251927,0.21021532,14.3468618
1.1606148,1.6045606,0.22440383,10.02236477
1.3302703,1.1798868,0.28836325,11.8991172
1.6769615,1.4355879,0.26505712,13.088888
1.9085976,1.9664811,0.06318599,14.016757
1.3510015,1.1227536,0.15629652,12.2176154
1.1834323,1.2048125,0.123912774,10.4286359
1.3681772,1.1664727,0.32044363,10.88468075
1.8365636,1.9227154,0.05261404,14.3241337
0.9458289,0.8809802,0.08592974,11.5591632
1.3231758,1.3212031,0.013560023,19.187814600000003
1.3385255,1.2954917,0.10193136,14.111989699999999
1.2713912,1.3143201,0.105084375,10.78004986
1.5132285,1.5644791,0.022263149,17.9671884
1.3575319,1.2736247,0.0688336,10.26366588
1.501613,1.3482863,0.19016953,12.2496538
1.4978374,1.2794718,0.34961146,10.612201540000001
1.7697675,1.6864083,0.20534553,10.79735994
1.7626176,1.7632793,0.13067697,11.0015079
1.2490264,1.3545225,0.2011362,19.329242
1.9233979,2.0185795,0.042350847,14.4085354
1.4834113,1.5674732,0.07913401,10.55738732
1.7341719,1.3252139,0.24593936,11.7005067
1.9942323,2.1266778,0.019543676,19.4446653
1.3945742,1.1900089,0.32877687,10.15829204
1.7639844,1.8072213,0.106758825,12.0370722
1.3601778,1.3082975,0.36933696,10.85375726
1.7491727,1.7229886,0.17541923,11.4484723
1.2500154,1.4083033,0.034491893,15.197009399999999
1.4673594,1.5084313,0.11507137,13.075179200000001
1.0717415,1.3170098,0.37008834,10.56923732
1.7576704,1.6247723,0.22236663,12.3258752
1.1428202,1.1303806,0.21215223,11.8035324
1.3321655,1.3356723,0.17431708,10.060848393
1.9314002,1.8554965,0.14543356,10.36254104
1.4646122,1.4183546,0.44367912,10.47858037
1.5845541,1.5936,0.037113555,16.7723674
1.7710646,1.2475395,0.25430492,16.389382
1.8223526,1.9297185,0.030230904,16.832393
1.9556434,2.0593562,0.040752865,11.6488492
1.0563548,1.3600644,0.40561387,10.6654068
1.2858146,1.0156394,0.26364088,10.6991657
1.4763521,1.2188587,0.2894578,13.485778
1.1992701,1.2505351,0.14037703,12.441932699999999
1.7633994,1.7727337,0.06931459,18.267208
1.572967,1.6251605,0.4958862,14.474115000000001
1.98483,1.8200791,0.23833427,12.3722185
1.5228796,1.0683839,0.27163517,10.17844131
1.4584277,1.4534094,0.03253125,19.4508547
1.1693006,1.2245117,0.2755165,12.0564108
1.2809451,1.375921,0.040933188,12.7993265
2.0724854,2.271976,0.024604365,17.3097384
1.7864189,1.8669841,0.33932278,12.508717
1.792986,1.9839443,0.025080476,10.61353676
1.1177468,1.1968472,0.13628644,14.3655673
1.2395082,1.217912,0.047800012,19.960506600000002
1.3293606,1.3388252,0.16118217,13.934426
1.6670247,1.305669,0.31559095,11.809889
1.691348,1.5738738,0.21535063,18.6837614
1.2790236,1.6544826,0.39956304,12.1200201
1.6961519,1.7824048,0.0559288,12.1332912
1.9367949,2.0398965,0.018604351,19.450530399999998
1.6230918,1.70016,0.025356742,14.1259953
1.4565034,1.3695936,0.15217586,10.5050948
2.1035118,1.5401137,0.41672373,13.619233399999999
1.4628038,1.5104306,0.17415918,11.3590218
1.6823024,1.1811571,0.25135586,10.7776684
1.5780227,1.2456611,0.25756985,10.8986795
1.5065249,1.5723611,0.20349859,10.9558637
1.3814698,1.3200424,0.24286638,11.3520844
1.7170967,1.7525594,0.02433952,14.8360038
1.7373807,1.7923435,0.021607272,16.619763
1.5210588,1.2933445,0.29148456,12.2048555
1.6785675,1.7340562,0.20486279,11.15634166
1.6921985,1.4454632,0.36460254,10.9898677
1.9303713,1.5141693,0.17574695,10.16816305
1.7309263,1.5873194,0.37610394,16.7943776
1.1202999,1.1379782,0.061803963,16.147274
1.527401,1.5416304,0.048389763,14.7034547
1.9055443,2.025138,0.06252936,14.3735042
1.3217477,1.3586454,0.13441476,18.403748
1.7801045,1.8179258,0.015991013,19.503884
1.051249,1.1388637,0.12746799,13.282168200000001
1.796679,1.4660501,0.2792436,11.03499584
1.5509756,1.7327895,0.25695342,10.087281745
1.7273499,1.4450889,0.058900863,11.5581922
1.8555225,1.9061565,0.0215089,17.434504
1.6637361,1.1951504,0.26878455,10.24385612
1.4741907,1.5931356,0.11064542,10.13662062
1.3009017,1.3770099,0.32675576,13.0127522
1.1831988,1.2122486,0.082913235,19.2340624
1.2840782,1.2780242,0.046317358,17.2304744
1.530346,1.3472712,0.38662586,12.9267266
1.3730592,1.2297021,0.12610121,10.11498544
1.9486101,1.2730373,0.3543612,10.26287047
1.2992669,1.3038235,0.037605174,19.904648700000003
1.7984865,1.7771966,0.026399743,10.6327037
1.5567771,1.5323427,0.1309205,11.9106582
1.3235263,1.8087258,0.35780346,14.8618898
1.3576661,1.329838,0.18887784,12.8215635
1.9629891,2.0988367,0.038516052,13.018717
1.4202523,1.2168411,0.14430761,18.244519
1.3501518,1.3648843,0.48841187,15.287185000000001
1.3935118,1.3948646,0.06146181,10.7205958
1.6898693,1.723664,0.14983508,14.3600547
1.8309567,1.5222535,0.5052145,10.5330903
1.3866724,1.3738563,0.11978771,17.141931
1.5617412,1.6688478,0.031728413,17.424267
1.8010638,1.8408992,0.027890263,14.1586918
1.5367122,1.4922445,0.40449795,11.7314672
1.5713634,1.505546,0.3661944,14.855079
1.9279959,1.1717882,0.2808032,10.8804796
2.061783,1.3329086,0.23175232,11.4486708
1.5728296,1.3763924,0.20622213,10.39409492
1.6647927,1.6453375,0.066198744,12.2761014
1.3409835,1.4236779,0.03880847,16.2026846
1.7648997,1.2453153,0.341292,11.9591416
1.274586,1.6752113,0.48456356,12.3468237
1.6034436,1.6269183,0.115228005,12.7532417
1.5775449,1.1557431,0.31461194,10.044742897
1.3428761,2.1980886,0.032476597,11.8728803
1.4288249,1.4193343,0.043239277,15.650411
1.4891759,1.5214689,0.045889735,17.813881000000002
1.1466075,1.5431674,0.62676513,13.8995865
1.7140118,1.7102203,0.12161278,17.4487716
1.5492095,1.5266507,0.23359808,13.676093999999999
1.2060035,1.2122234,0.21100618,14.4538113
1.1856369,0.99384815,0.32220215,10.3768898
1.634038,1.6988814,0.033413302,10.6025346
1.517632,1.5782447,0.029915582,17.7294064
1.6249778,1.8055818,0.07671771,12.684427
1.5797852,1.595716,0.19810554,14.984435
1.6192348,1.6655302,0.024607485,11.6671388
1.5890698,1.626713,0.017993163,16.8144745
1.4747633,1.5390316,0.04607702,15.8211184
1.2102292,1.4115733,0.13049668,11.3760057
1.0225813,1.1945435,0.3621267,11.8040884
1.3054338,1.265773,0.12700157,10.7734301
1.7882406,1.6605772,0.4810265,17.608052999999998
2.079473,2.216069,0.042119123,17.3764855
1.9339375,1.1594474,0.30960426,11.3272142
1.2688054,1.2902871,0.084639296,10.26056342
1.5511514,1.1247598,0.16463675,10.25613435
1.7545869,1.8326418,0.0332255,11.6941005
1.2425053,1.2769709,0.067908615,11.2890387
1.2392901,1.3529946,0.16236995,12.4199894
1.7788706,1.7491918,0.46295553,10.26935864
1.6355253,1.6741908,0.50298303,13.4197673
0.9707052,1.5320966,0.35394713,10.6831441
2.0258164,1.7962587,0.19579998,10.68361714
1.436676,1.5126386,0.05589027,11.0530422
1.8581247,1.9220351,0.022450084,13.105886
1.294707,1.4411211,0.16698927,11.1686742
1.574159,1.7274437,0.06670743,10.71904026
1.4427654,1.762388,0.06327879,10.9536434
2.0143104,1.2280936,0.38031775,10.35360374
1.5856773,1.5629215,0.09723333,14.833728
1.9533619,2.0466928,0.019314295,15.241043600000001
1.4005879,1.4241036,0.058952037,19.117458499999998
1.3296602,1.2671914,0.1215089,10.33013742
1.5973909,1.5177665,0.11661601,11.7653902
1.5985398,1.6550872,0.02031837,17.841303
1.5994432,1.6361891,0.061996963,17.13239
1.0646386,1.1637468,0.04979863,14.1123044
1.6496037,1.4958315,0.16982333,14.060444
1.1569773,1.2547418,0.25985253,12.656686
1.1282737,1.1936588,0.23182541,12.8796184
1.5768503,1.3638716,0.2920384,10.37278783
1.3712612,1.4389613,0.07856909,12.545267299999999
1.6720114,1.8084717,0.10360265,14.480013
0.94268984,1.5342641,0.56911814,10.6540127
1.5523696,1.5667081,0.026365913,18.2764935
1.446632,1.6852392,0.259827,10.4222097
1.4727657,1.4795802,0.019713119,16.902509000000002
1.6670985,1.5280554,0.31334367,13.229821
1.4447646,1.3994358,0.018803943,18.539791
1.8704112,1.701721,0.22597079,13.030577300000001
1.8571129,1.9019598,0.03251361,10.85024856
1.5229701,1.6269131,0.117040746,12.2018237
1.1970152,1.3507376,0.42947876,14.0603372
1.343186,1.1896288,0.16675983,14.2601037
1.5822845,1.5797802,0.05513228,14.337711
1.3371155,1.2497818,0.14150573,10.9660294
1.933945,1.8262343,0.25757322,11.0493265
1.7714965,1.554108,0.39193764,12.964550299999999
1.6221862,1.624917,0.17056622,10.30996334
1.5379347,1.4057915,0.1937699,10.4937932
1.05715,1.1486834,0.10607393,10.9109987
2.0905735,1.3576444,0.41867277,11.0441125
1.7637434,1.8728653,0.1084179,11.9164921
1.3955154,1.2801061,0.08867866,11.3275814
1.783461,1.3208379,0.082965955,10.84574506
1.3919377,1.4935765,0.36948195,11.6747953
1.0987008,1.2497725,0.35899803,11.2976278
1.6609423,1.5588036,0.2303976,12.7772477
1.3383615,1.6106589,0.21299814,11.09870926
1.824141,1.8918741,0.031543713,15.452527400000001
1.6714033,1.5873191,0.2594622,12.4809475
1.6115133,1.5729727,0.110646464,10.19674418
1.0678152,1.2350872,0.104565434,17.83801
1.6917285,1.4804602,0.4926206,11.365963
0.8785877,2.3250916,0.043585148,11.1948997
1.9392368,2.0480783,0.19977029,13.903656999999999
1.871512,1.982396,0.02434797,19.416496000000002
1.8372147,1.7719184,0.069094986,10.6321124
0.9840284,1.3037269,0.39810607,11.8878442
1.5245394,1.5493193,0.030717527,15.069144
1.5584853,1.5534401,0.06798058,10.44602986
0.9100837,0.9959506,0.15067238,11.4569041
1.4228605,1.4417236,0.032514278,19.963436
1.1923124,1.1120582,0.12776507,11.4556396
1.4837809,1.489071,0.027056621,11.9471686
1.5010215,1.3741686,0.22426818,12.324564800000001
1.4995958,1.3748641,0.15971035,12.2819668
1.19805,1.7795196,0.31466782,10.8429697
1.4605863,1.495749,0.15552826,10.11648088
1.7250077,1.8275789,0.043221403,12.0436947
1.6195855,1.2014402,0.31320184,13.049669
1.468288,1.4817629,0.026058128,13.0465454
1.5754869,1.455718,0.3112327,13.9191663
1.5430217,1.7373269,0.515996,11.03613935
1.3344605,1.389674,0.3127406,12.912978500000001
1.3086717,1.2839396,0.107090645,13.6211494
1.3782192,1.9036769,0.08389127,14.211337
1.6821126,1.7313284,0.017698873,19.955377
1.3333594,1.3686659,0.06707794,12.480338
1.726209,1.8202496,0.019960517,18.9716077
1.520313,1.5049441,0.10958215,18.263762999999997
0.98444676,1.1857389,0.35648316,11.2656315
1.2062256,1.224742,0.17544743,13.2177147
1.585623,1.5657462,0.17515028,10.4691366
1.3432951,1.537783,0.13964787,18.566898000000002
1.6995125,1.3025329,0.23858026,12.013232
1.5052623,1.2357002,0.30807272,12.0808947
1.2233014,1.5283878,0.21730727,14.995134199999999
2.0053532,2.0523753,0.26558194,10.79388455
1.877767,1.9727049,0.022369824,17.836655999999998
1.1876608,1.1688722,0.120903336,14.277476700000001
1.4078757,1.3434985,0.11326415,17.643670399999998
1.4478993,1.560936,0.06297636,16.472205
1.5507162,1.5112381,0.13594079,11.936259
1.3666524,1.5766172,0.25269783,15.1397413
1.8685697,2.0142426,0.041333307,11.5467744
1.6797566,1.7380383,0.07480667,16.7462873
1.2334119,1.7096192,0.42203978,14.418851700000001
1.5464592,1.5311759,0.05422966,11.531572
1.6058972,1.5868514,0.2108158,13.5630247
2.0540264,1.7546809,0.31877768,14.0190506
1.6964638,1.3812206,0.35787445,10.0074905297
1.5088314,1.2165723,0.34332326,10.45880876
1.2605168,1.2720096,0.17529203,12.3548025
1.8160396,1.0773888,0.21552286,13.332621
1.5344787,1.4238915,0.24725147,11.4192551
1.0394981,1.3381141,0.06915251,13.1254497
1.4255476,1.1505462,0.38022423,11.5253747
1.2619951,1.2319232,0.04494545,18.445892
1.8310213,1.8916578,0.016791893,18.7928003
1.2016332,1.3740344,0.22863156,13.3289462
1.2776703,1.268842,0.0150922565,19.493097
1.7079097,1.3198652,0.33815333,10.8727878
1.329654,1.2961011,0.24497284,10.6780007
1.4005996,1.2973402,0.27090624,13.157633
2.0031788,1.5011594,0.45214957,10.7250487
1.2972659,1.1891506,0.29255065,14.6974117
1.2156159,1.183351,0.10578544,13.688323
1.4258618,1.4439409,0.24442871,14.223495
1.0247586,0.9716766,0.14519244,14.2480868
1.1452007,1.1271913,0.30295694,13.7273872
1.341717,1.1988986,0.28787935,14.050055
1.736119,1.1689984,0.3027467,10.58638524
1.6087108,1.4731555,0.36692217,11.925274
1.8734758,1.4362257,0.20176981,10.42803314
1.5857995,1.4484675,0.32860416,10.4866183
1.2430443,1.5745246,0.3586065,11.3313553
1.0042982,1.128214,0.20907152,10.5315472
2.038751,2.095504,0.039837126,10.53472787
1.154978,1.2874691,0.30265525,11.0710217
2.0446484,2.1030135,0.09144323,17.046755
1.2048566,1.2383165,0.16780347,17.156195
1.1950301,1.3092229,0.040859573,12.4189146
1.089055,1.1004438,0.27896786,12.9379174
1.491949,1.5094558,0.1237534,15.907364000000001
1.7115632,1.9086437,0.3621603,11.1330051
1.1428763,1.0667714,0.054402146,13.4388816
1.6674199,1.5937638,0.3338124,10.20542687
1.5326307,1.3735276,0.33696705,14.815370999999999
1.9672143,1.1856005,0.23501506,12.1042408
1.3164748,1.1918044,0.34080604,12.4506658
1.2928668,1.2231946,0.09801186,12.5519377
0.9041958,0.9305488,0.16011155,18.909305
1.8298395,1.9127535,0.029309196,12.719491399999999
1.1571132,1.8785425,0.4081516,10.937764
1.4019442,1.5462494,0.31011358,12.2056442
1.6003909,1.6246,0.08555121,10.8043431
1.0770103,1.0776225,0.102903135,17.945260400000002
1.3202534,1.2862256,0.16657634,13.061846
1.3970557,1.4121087,0.20966154,15.9315467
1.7510042,1.9085327,0.034800045,13.839499
1.5746135,1.5068414,0.0411985,13.166226
1.4234213,1.3801177,0.15191975,11.6795124
1.3746545,1.3654463,0.32588565,14.829857
1.2191689,1.1566508,0.07049506,16.483022
1.2472627,1.3233026,0.26442313,10.8625849
1.4220024,1.4848673,0.016172053,18.456577
1.2362536,1.3655385,0.37159723,11.4871533
1.2396722,1.3215346,0.17226268,10.10451359
1.3744785,1.3716116,0.18011676,14.3402544
1.8588455,1.6547413,0.2095214,16.529632
1.3917624,1.415899,0.035027206,12.980582
1.818239,1.8062391,0.1253471,14.614788
1.9093893,1.8950484,0.07388021,10.9477265
1.5253831,1.3566751,0.14413519,14.4653618
1.8401843,1.7559032,0.16235653,16.217885600000002
1.1120615,1.312495,0.0782896,12.8948578
1.9358958,1.5339463,0.46109077,10.058601424
1.9279256,2.0215445,0.061056986,10.3137372
1.1332456,1.0930928,0.09915934,13.4109166
1.4415549,1.4607904,0.059473783,12.688642399999999
1.6364937,1.7229962,0.0258882,16.9920343
1.3245395,1.2230154,0.2600469,10.31456314
1.5602648,1.5128722,0.10006575,12.5121343
1.165068,1.7835398,0.35360608,15.108921500000001
1.2215658,1.1952581,0.29498446,10.8841009
1.6547229,2.1949005,0.32298204,14.7079742
2.0041325,1.1904931,0.22280331,10.39833803
1.7626144,1.8410559,0.07269906,15.935618
1.532069,1.4130242,0.24984671,15.284075999999999
1.0674652,1.893989,0.06909468,12.0192108
1.6452706,1.4868486,0.14784972,11.2388853
1.6299294,1.3069537,0.24773097,11.0505949
1.5202574,1.5411468,0.018355757,16.301412
1.6901841,1.7046837,0.014123634,15.849927000000001
1.9581258,1.3280537,0.3184207,12.0601389
1.146102,1.192845,0.27270216,10.011887186
1.9795449,2.0017061,0.057919156,11.6718778
1.6884254,1.3713876,0.5017273,11.2026764
1.4674133,1.4769176,0.11406252,15.148012600000001
1.2152338,1.3667887,0.47032207,13.18014
1.6658113,1.865953,0.020270562,19.2848766
1.1705083,1.1442406,0.08403113,11.9627562
1.177756,1.1947742,0.05165269,19.9371195
1.1890856,1.4066885,0.33271635,13.653307
1.3228431,1.4021018,0.09114075,16.416316600000002
1.3892038,1.4186616,0.016062362,15.4819536
1.7300776,1.7884629,0.024442133,15.107474
1.6341178,1.6732438,0.09869064,15.304514999999999
1.7724811,1.0009686,0.10977661,12.030052699999999
1.7851229,1.2962184,0.15880986,13.200598
1.5418937,1.3227792,0.14183755,11.4564025
1.2869601,1.0945224,0.10544628,14.0340364
1.3356812,1.1455846,0.23541906,10.8860102
1.685877,1.4367168,0.46612,11.0861201
1.5960696,1.5612136,0.03721364,12.816440199999999
1.0156374,1.3097621,0.15605074,12.683205000000001
1.4848093,1.4873682,0.03117492,11.5279287
1.8017495,1.9598496,0.100176305,10.837772900000001
1.8145165,1.8477437,0.026540328,14.477805
1.3961158,1.0854509,0.18722925,10.44827778
1.705397,1.7789837,0.016823556,16.393891
1.6313708,1.7048793,0.2686432,16.0784113
1.6200145,1.462654,0.33430955,10.8103944
1.4623618,1.5501182,0.17412965,12.1607135
1.5697694,1.2217746,0.2557118,15.573863
1.3012598,1.2460533,0.34000495,10.685476
1.6305022,1.7167878,0.36332944,11.7202581
1.1583154,1.2030175,0.04009373,13.6462495
1.0569876,1.6592044,0.44959164,15.427536400000001
2.012379,2.1661353,0.040004883,17.892397
2.0436258,2.1174688,0.02192019,19.543873
1.6940545,1.7658688,0.12432523,18.699204
1.2320639,1.5988663,0.5089691,11.8605164
1.950392,2.0227861,0.017304977,13.4348255
1.4240448,1.1639404,0.24079464,10.70863515
1.1694645,1.2138345,0.0848974,19.604522
1.3849128,1.1870228,0.37236252,10.80976404
1.3770565,1.5632238,0.29331025,10.4144769
1.3657386,1.370073,0.022682423,15.290076
1.3150259,1.3061728,0.2590243,18.6767876
1.7764726,1.3445549,0.16400275,12.362047
1.3050529,1.2492547,0.24226555,12.7440012
1.7071661,1.6871024,0.08493187,10.9358088
1.8961183,2.0459082,0.063284755,13.1891343
1.3432137,1.3132024,0.30245465,13.9763725
1.9462289,1.6657739,0.4060197,11.7107095
1.5729115,1.6494944,0.03431172,10.8443879
1.2449392,1.8022226,0.27129355,10.47446027
1.5901709,1.5588316,0.3784318,13.348237300000001
1.6608483,1.529887,0.2829998,11.6598952
1.2826371,1.2118402,0.15314777,17.503201
1.6664462,1.3837299,0.42468014,10.38881227
1.1015476,1.5276316,0.22218597,18.604396
1.7825742,1.8732189,0.06611087,16.185022
1.2903166,1.2408438,0.19139045,15.203638699999999
1.5372154,1.5097353,0.09820292,13.4649622
1.8758065,1.9409566,0.102176845,12.4971189
1.5099689,1.5195546,0.39936605,10.435248
1.7729855,1.3762915,0.24534889,11.5716827
1.121623,1.1508672,0.085215524,14.1544515
1.7212825,1.7403004,0.029242605,17.897322
1.9588321,1.9011896,0.13881354,12.5827774
1.4007688,1.5367179,0.15510832,13.0350217
1.4956852,1.4958063,0.34275427,15.257494999999999
1.4361452,1.561785,0.19815065,10.45754794
2.0941293,2.0662804,0.35857812,12.9266512
1.2553761,1.250272,0.26858652,10.34446802
1.8345271,1.7279271,0.25030047,14.1021103
1.1036361,1.223811,0.19823225,11.7460716
1.9701521,1.8153352,0.41107902,11.1555654
1.1695663,1.3154029,0.21553446,10.908436
1.0783689,1.1455704,0.19878393,19.4050014
1.6276665,1.3179282,0.23440473,10.023972746
1.9336029,2.0782015,0.22864316,13.0414888
1.4970168,1.5659633,0.06475123,12.429025
1.849871,1.3878832,0.23424074,14.3669024
0.9974148,0.95971626,0.1398771,16.3777405
1.5680025,1.3385758,0.28419518,12.6908025
1.5109183,1.5341563,0.094611764,12.1921091
1.2760861,1.3898582,0.31936064,14.934785399999999
1.3815641,1.2138232,0.2422772,11.5178232
1.259533,1.1873252,0.10019216,12.610853
1.5340747,1.2563261,0.5236246,11.045586
1.7970133,1.8068877,0.07835225,19.274062999999998
1.6675643,1.5398693,0.14041795,11.24882884
1.4894481,1.1365123,0.21975969,15.434355
1.6812865,1.5652435,0.2060032,10.3941493
1.4419808,1.4718697,0.052466154,11.8898146
1.8816258,2.0869625,0.04807072,12.474025300000001
1.3187225,1.3184037,0.17616887,17.527884999999998
1.7891092,1.2160944,0.2711413,11.8884298
1.1292166,1.1720598,0.14309831,18.0151373
1.5688524,1.9147626,0.3651465,11.14642486
1.1189804,1.9725434,0.34932166,10.5048964
1.9572344,1.9424765,0.2152431,11.2246244
1.5975773,1.3138071,0.36550048,11.24529816
1.4874215,1.4241779,0.2191412,10.45616314
1.1679,1.1198554,0.088686295,14.878688499999999
1.8493828,1.6333182,0.21514945,13.6932945
1.7574179,1.4846785,0.44223505,12.9760557
1.3751336,1.3605655,0.054047965,10.06027044
2.0771282,2.1373012,0.03370134,11.05700016
1.2038767,1.3757416,0.110271946,10.3356871
1.2675464,1.5126929,0.18409714,16.258464500000002
1.4360946,1.4212623,0.026349256,17.5816214
1.4417815,1.5107653,0.048216563,17.622906
1.2489865,1.2696857,0.08810129,10.13057402
1.4122651,1.117313,0.35031334,11.4328389
1.6144595,1.1840271,0.11120999,11.2336303
2.0771673,1.4591727,0.39092457,10.6439833
1.6361282,1.2563281,0.2804394,10.7827594
1.2949092,1.5782135,0.37584576,10.30669684
1.866124,1.915978,0.016423864,19.967909499999998
1.6362841,1.7634212,0.08109727,12.975585
1.3114314,1.22151,0.1724548,10.7928211
1.37515,1.2668791,0.14937302,18.7424
1.1742468,1.3670089,0.4378054,12.4600486
1.9395992,1.9795316,0.122218095,12.615179000000001
1.9081951,1.9476254,0.080706015,14.742666
1.3162662,1.1335646,0.15563592,11.5608828
1.8035911,2.0356896,0.28397572,12.7564463
1.2307286,1.3604927,0.17068468,15.1296794
2.088905,1.0458506,0.3024998,12.9239663
1.6577234,1.6900928,0.05106372,13.6935264
1.4550579,1.1342481,0.15624838,15.196738
1.3925517,1.2465053,0.15933414,16.039333300000003
1.7582713,1.5051004,0.44112858,10.7318011
2.0593345,2.146009,0.02175475,16.969149
1.2683629,1.406411,0.16063732,11.9831039
1.2674813,1.2931507,0.34783962,10.676642600000001
1.1541978,1.1604562,0.039220557,18.774103500000002
1.815403,1.891042,0.036367387,11.8204723
1.61552,1.5156342,0.23604284,10.7959455
1.0234082,0.9974463,0.1042804,15.591731
1.2455902,1.2122345,0.050438404,12.526952
1.1101509,1.2873298,0.35846904,10.32794956
1.2469743,1.5428154,0.37311617,10.9292987
1.4629242,1.0702019,0.26405963,15.3533083
1.7437129,1.8024535,0.018796422,16.97849
1.5972223,1.7993087,0.070137516,12.2516976
1.470375,1.4751554,0.056945756,13.3273402
1.9032487,1.9958141,0.026818411,18.893784
1.5507003,1.5159583,0.2474741,10.09370506
1.6623255,1.3294957,0.23608503,10.21200469
1.4815758,1.466249,0.033865232,13.6364156
1.1936212,1.2362837,0.09821195,12.6391202
1.1078472,1.0771177,0.113191254,15.3395313
1.9779705,2.059532,0.078861654,12.3440418
0.98705214,0.98899686,0.13660084,13.278134
1.1734158,1.5863087,0.50806254,10.26803296
1.4790727,1.4422398,0.10221205,18.417963
1.105567,1.0702227,0.1879612,12.0697723
1.6095444,1.5474228,0.18369952,11.757007
1.3807619,1.6299447,0.29605445,11.9726883
1.4562925,1.2832353,0.32732433,10.327600499999999
1.5807061,1.6036232,0.060378816,13.6585742
1.6241034,1.554105,0.11008548,10.8218324
1.2144259,1.2492688,0.47678903,10.46228223
1.4047178,1.1169502,0.115131386,12.2814289
1.2820461,1.317493,0.32811397,12.2912762
1.4875014,1.0336597,0.24217121,11.4358155
1.2366058,1.3576502,0.1024405,10.06982673
1.322063,1.3741529,0.17159423,16.0365963
1.771867,1.9373189,0.07689904,12.5352323
1.4506127,1.4480898,0.041291054,12.543261600000001
1.6813022,1.6353782,0.3622766,11.8299906
1.1795802,1.1544533,0.065933615,12.7976137
1.5302054,1.4516199,0.19175653,14.960758
1.4168613,1.467124,0.021240968,17.1047664
1.2774303,1.3339057,0.14026698,16.652315
1.6358898,1.7948763,0.054366942,12.0218278
1.8465779,1.9251332,0.03859814,18.132943
1.2994616,1.9656354,0.5941758,10.9902797
1.2662053,1.4740498,0.42784375,11.082847
1.4957243,1.5322347,0.037082624,16.356403999999998
1.3791938,1.4135573,0.20974305,17.369888
1.21375,1.3131855,0.62045616,13.363634
1.5884681,1.657701,0.026747534,18.030155
1.2001364,1.1068801,0.17856194,10.3685781
1.5833898,1.5758097,0.3882681,10.5945405
1.6079996,1.225461,0.25843182,10.94158076
1.2220262,1.3209491,0.2941526,10.11653429
1.5353854,1.3394916,0.2441858,13.1956378
1.5479977,1.4654748,0.38350183,10.4358422
1.5350996,1.8259246,0.10222269,10.5489488
1.1644347,1.168885,0.06584143,13.2433993
1.170964,1.1170906,0.15855215,16.776993
1.684072,1.3941162,0.37038738,15.593974
2.057897,2.2400246,0.17232339,14.6870506
1.3006812,1.7839682,0.10252112,10.4935166
1.4444653,1.4661304,0.03048233,18.877634
1.4254137,1.4447538,0.031903673,15.623857000000001
1.4361343,1.220956,0.16855852,10.7927239
1.8896854,1.9632795,0.032455917,17.417587
1.2069945,1.2038885,0.051714282,17.363923
1.4242572,1.7090216,0.59654796,11.175870100000001
1.8287902,1.8440096,0.019503908,13.582647699999999
1.7473639,1.6058016,0.1608879,13.401185
1.2500898,1.3938879,0.14245552,17.1024334
1.6434824,1.3244152,0.34825346,15.8556724
1.0280607,1.9596399,0.08863315,10.14294952
1.5284305,1.3904097,0.23567396,11.1223634
1.8154645,1.7979732,0.11431102,12.2524577
1.3913165,1.4326614,0.20704056,11.1650873
1.5032278,1.475616,0.04026577,18.40953
2.1466434,2.2150002,0.17700288,16.541439
1.0503483,1.1573789,0.32575688,11.9105342
1.8378022,1.7456787,0.17496054,17.423956
1.3103611,1.360715,0.38968873,10.052407
1.5740746,1.416579,0.24408175,10.94238855
1.293369,1.1644058,0.18191758,12.5838742
1.4983679,1.0698233,0.14804319,10.41330956
1.5840269,1.5950348,0.37051177,17.6419026
1.9578775,1.773838,0.40310356,13.5055086
1.7161043,1.1589965,0.17972189,11.4919086
1.2753576,1.4776869,0.60018134,11.1702708
1.4770892,1.2092928,0.3217102,17.849306499999997
1.5029532,1.1881552,0.12422751,13.078783999999999
1.0920311,1.0575393,0.09869641,16.3686687
1.9797727,2.1042643,0.041972864,14.004023700000001
1.2243416,1.1421568,0.08302072,12.997726199999999
1.5068196,1.5798659,0.024657113,12.009761300000001
1.4539989,1.3957741,0.14742449,14.625870299999999
1.6955376,1.6770532,0.07919691,10.7112169
1.1417576,1.5064042,0.40978387,15.510258
1.3744677,1.3950906,0.050390445,15.1226485
1.2894003,1.5622218,0.43300968,10.47840774
1.5986782,1.9447372,0.47626668,10.077962927
1.3089259,1.7423666,0.17804609,16.910097999999998
1.0386418,1.2477801,0.36082917,12.3746629
1.7431974,1.7616391,0.039237104,11.9629908
1.5581623,1.2975489,0.31859982,10.3543982
1.2644289,1.5380243,0.35161835,12.3129694
1.3103617,1.3010789,0.03200198,17.3711026
1.1786861,1.0005658,0.13690883,13.0523106
1.0499202,1.5314214,0.5845352,12.072617300000001
1.5731089,1.5046732,0.11297927,13.049783399999999
1.2847446,1.2668023,0.067212425,13.5438436
1.289174,1.2591364,0.09076671,18.3642167
1.8375868,1.8487618,0.15600123,11.636242
1.8181944,1.4863902,0.35156903,10.0469088
1.6025791,1.6162071,0.018359749,13.8533092
1.4763299,1.3360244,0.39051583,11.071862
1.4372416,1.808638,0.24242851,11.7605959
2.1109104,1.2111065,0.14770801,10.15809843
1.544026,1.5263948,0.11712248,13.199161
1.3226802,1.6880412,0.27132794,10.59871208
1.4682549,1.6418517,0.28624824,13.282856599999999
1.3237705,1.3602344,0.055233758,18.278959999999998
1.1325998,1.0806758,0.09699377,13.8809574
1.245847,1.717809,0.20909882,10.14319463
1.4264208,1.4597588,0.14683634,10.28443888
1.4230144,1.4647102,0.2802649,11.5862335
1.5847812,1.3987055,0.36232695,13.9444077
1.6328783,1.2610366,0.3622647,10.4475272
1.6727269,1.6528373,0.22490488,15.460232000000001
1.335088,1.4667907,0.31584194,12.8618392
1.5141828,1.6581215,0.296099,12.84453
1.6801337,1.7680178,0.032815065,10.59334263
1.8765616,2.0907016,0.16307887,10.7522861
1.0602804,1.3959116,0.4205864,14.351907
1.4716161,1.569721,0.11676058,14.9722028
1.2900406,1.3545634,0.09781935,17.8687376
1.5936047,1.6046262,0.5324227,12.0210296
1.2710217,1.3302672,0.19012639,13.095108
1.2092628,1.4301383,0.090923145,10.43737672
1.6538525,1.2053818,0.23239678,12.8189817
1.7674035,1.9843423,0.11475496,13.0519882
1.7260759,1.4666158,0.43584827,14.3876478
1.1748065,1.1636549,0.14936623,14.3443325
1.4986844,1.4053078,0.067289755,18.329717000000002
2.0579698,2.1485603,0.033248864,16.2720245
1.4510552,1.4293051,0.046659313,15.0860715
1.5183451,1.3181431,0.16127586,10.8612545
1.9797541,0.9814811,0.09649159,12.154113800000001
1.5104479,1.1318762,0.22102097,12.2483815
1.5402051,1.497817,0.09593992,14.113838000000001
1.7797922,1.7222619,0.20881663,12.8256235
1.3927203,1.6420734,0.21621542,10.75695455
1.6273383,1.6591393,0.026192937,17.567262
1.3240072,1.49946,0.3296959,13.351664
0.9595471,1.441407,0.47676817,12.3898795
1.5782993,1.4684794,0.11115332,10.84827624
1.1684666,1.3460819,0.18190627,11.5688434
1.8513268,1.975996,0.0947438,13.715251
1.3336248,1.3744755,0.05062102,17.1516514
1.7967808,1.6719958,0.29430905,13.5855356
1.1638786,1.2336433,0.3129382,13.508722
0.9525073,0.8591325,0.06547296,16.168059
1.2842621,1.212034,0.20927714,10.17989669
1.6805537,1.8340096,0.105622575,12.2018924
1.3464556,1.1853172,0.3497731,11.2087868
1.4305594,1.1719109,0.23864289,10.29847862
1.9922584,2.261499,0.07531677,12.125341
1.2248905,1.2371857,0.22255002,12.2469653
1.3224728,1.4846711,0.4674662,10.38438987
1.070768,1.2242864,0.31149754,13.4160382
1.3288844,1.4072161,0.20125242,14.6174833
1.2945478,1.2334645,0.03619398,12.972676
1.333852,1.2143838,0.055770427,19.730843
1.2577372,1.3293645,0.07607566,13.0739582
1.1236106,1.3139272,0.3422003,11.3393752
1.235722,1.3561386,0.18272114,10.9636432
1.2330981,1.1270561,0.057747252,12.932737
1.3364031,1.3870709,0.6083664,11.14592895
1.8434491,1.6366854,0.36214408,12.5156564
1.2547321,1.2491846,0.08397876,19.895357500000003
1.5350021,1.071213,0.2795061,12.504608300000001
1.5970579,1.359109,0.39122373,11.6455942
1.7586181,1.7881994,0.07971023,14.3112147
1.3128074,1.2863952,0.17216893,13.4613267
1.3697151,1.3695122,0.023225237,17.458902
1.1682398,1.1996791,0.039885946,15.216603
1.666797,1.3970487,0.41633433,12.955674
1.3588784,1.3036182,0.077155046,13.436693
1.3675406,1.3734212,0.037228577,14.765769800000001
1.6266758,1.4377024,0.15776992,18.489198000000002
1.4236867,1.4146247,0.45691425,10.8448829
1.8265167,1.863531,0.014964059,19.4454396
1.8659405,1.9158497,0.052794587,17.585541
1.7382535,1.4025483,0.38544255,10.08195425
1.0512916,1.2592735,0.39830017,12.38678
1.3555036,1.6576985,0.43373126,11.119806539999999
2.0126004,2.0808747,0.03672344,16.50305
1.1628011,1.1511356,0.22408879,10.2882614
1.3096151,1.2128559,0.16718073,14.917433599999999
1.2797604,1.3719823,0.3511897,13.4715056
1.6586597,1.2979329,0.18753435,10.4865487
1.1489456,1.3359376,0.3511421,10.13140663
1.3961565,1.5546063,0.3607675,16.9096863
1.2086977,1.2206304,0.08805474,10.582681000000001
1.1356714,1.4046254,0.2019621,11.6437992
1.1357989,1.2540168,0.1343096,12.0187493
1.924674,1.9952857,0.1483084,11.9732615
1.3927289,1.350946,0.18040666,17.167073000000002
1.2883044,1.24919,0.11138301,13.1167364
1.6871232,1.719003,0.023703167,16.0617155
1.3098681,1.4429853,0.15982373,12.8160957
1.9881142,1.2338161,0.23535931,10.5010901
1.715318,1.8622735,0.43443048,12.7098817
1.5070288,1.5358819,0.05862747,10.872849800000001
1.2639006,1.3395934,0.058862776,13.7489575
1.3454748,1.201351,0.22515692,13.4520698
1.5253923,1.5593975,0.018782053,18.2788014
1.2813977,1.3105553,0.39307904,10.21942941
1.2259786,1.2562128,0.099078044,11.5980817
1.2652528,1.3357487,0.12248802,11.8040045
1.2597454,1.3983642,0.26859,14.6096227
1.6510116,1.6588446,0.28699085,16.640169999999998
1.768188,1.8610117,0.017042251,12.7443302
1.8482833,1.8918436,0.022590613,18.1300133
1.4467325,1.4376528,0.024578923,11.7207827
1.7143874,1.3405095,0.15856262,11.0354537
1.0171623,1.7600102,0.27397877,11.2244622
1.3945824,1.5644425,0.45176813,11.2890406
1.1187797,1.6157061,0.28501427,12.7193943
1.3097665,1.2027302,0.2006782,14.0382797
0.9701641,1.2797999,0.29123053,13.2978874
1.3300499,1.4504614,0.49117082,11.6014712
1.3135313,1.2880044,0.26617014,15.066583
1.9179081,1.0657525,0.2384465,12.7963394
1.5520597,1.6113353,0.06287574,16.128108
1.6146185,1.6901548,0.039475206,17.593211
1.367458,1.3094678,0.11497366,15.240586
1.3138337,1.7482045,0.5323051,10.864212
1.283416,1.2989804,0.030753031,19.436073999999998
1.5173607,1.6407793,0.31340727,10.14877676
1.4387609,1.379425,0.26140776,14.4821653
1.6613692,1.3580583,0.16234978,11.2102327
1.3203969,1.3295157,0.07450437,18.164832
1.0928736,1.1683517,0.13811149,11.9192436
1.5133678,1.4754345,0.022811815,14.338066600000001
1.1307197,1.0509889,0.09556743,14.3834305
1.5435688,1.4612384,0.1824432,18.9584637
1.6663827,1.6692288,0.050674938,14.6154308
1.5613068,1.5864843,0.0510263,17.4309355
1.7176869,1.589172,0.15202236,13.432958
1.1641396,1.1287161,0.13018085,13.6494225
1.5596555,1.7301009,0.06537509,16.188509
1.7988018,1.8056825,0.05132214,13.935931
1.8128781,1.7924887,0.0493028,15.419410500000001
1.6272601,1.224761,0.27746958,10.067341328
1.4537977,1.5276396,0.05156077,17.036863
1.5349246,1.6769478,0.1653137,10.8673116
1.3357083,1.0741739,0.2177397,10.54954678
1.7254268,1.4891119,0.38750234,10.73408045
1.9586618,1.9983528,0.08092732,14.0585166
1.3260405,1.2157799,0.16632487,10.40191926
1.2572101,1.2183948,0.059681576,13.9505076
2.1094744,2.262961,0.024349805,18.7774795
1.5144407,2.027158,0.44004667,10.12621838
1.3296688,1.3497604,0.04395109,15.391634
1.2280164,1.209274,0.032401565,17.826243599999998
1.5105096,1.4860164,0.16364849,12.0014115
1.4223827,1.4097902,0.4090614,10.316885450000001
1.5703875,1.5070722,0.30472708,10.43154664
2.0264661,1.0663908,0.16268566,11.0551642
1.603174,1.5052187,0.20371169,15.338021
1.4564874,1.1870145,0.41652942,11.7504635
1.1059867,1.2875177,0.3340822,12.6131648
1.7089839,1.8011689,0.044508625,18.359223
1.6566,1.7715528,0.010307289,18.915298
1.5888472,1.720516,0.018015817,15.2671134
1.7185365,1.6955171,0.08701626,10.014915252
1.6448795,1.6880405,0.015830481,16.190481
1.8076628,1.1923302,0.15063626,13.511605
1.5735898,1.5597144,0.16298631,11.1004937
1.9180006,2.0580463,0.054651543,10.49044274
1.5387096,1.318446,0.24615304,10.36508176
1.56019,1.45955,0.124257654,11.9301876
1.9502808,1.7190087,0.5359302,13.1522444
1.4523357,1.4530852,0.035280403,10.012154229
1.6261901,1.9622402,0.11067738,13.256717
1.3277216,1.5553298,0.35747123,16.432084
1.1446074,1.2026176,0.14333819,13.1068084
1.6070777,1.5655607,0.12735125,12.5700128
1.205954,1.3679657,0.3048268,15.713054
1.6707991,1.8122854,0.037397645,13.631623
1.778425,1.7146292,0.119679175,10.24018621
1.373965,1.2815974,0.33608848,10.25674663
1.3630891,1.0876719,0.18719925,15.985026399999999
1.2409397,1.1956296,0.063354366,19.225599
1.1141697,1.0748874,0.12444565,10.44358738
1.3070185,1.5208495,0.3514748,10.8825711
1.7568631,1.4674706,0.29069126,15.023309000000001
1.4435618,1.432806,0.57330495,10.8085175
1.523403,1.7372594,0.16708629,17.810671
1.2965602,1.1936753,0.14637858,10.40176954
1.0525663,1.4855751,0.35856542,12.600215
1.6923585,1.30494,0.27779073,10.203219
1.5374125,1.4480929,0.19428636,11.8400829
1.8200915,1.2624713,0.43452552,11.6847636
1.256499,1.303592,0.062876575,17.78159
1.6716905,1.1380987,0.17902419,16.6767454
1.2305762,1.2414583,0.08450984,10.8122313
1.4587497,1.317969,0.3537418,11.2695323
1.6593592,1.436378,0.35186315,11.2366374
1.3793474,1.3448153,0.05140659,17.0416814
1.4090735,1.1111835,0.079006135,14.623874
1.6444192,1.5662903,0.16832367,11.719643
1.434367,1.3683368,0.05040101,12.865449
1.765549,1.6961124,0.15297845,10.16963655
1.4736502,1.2671857,0.38175035,12.0787564
0.98652893,1.1035948,0.14197248,10.92275426
1.4474027,1.4767796,0.025585562,19.9734044
1.7549479,1.8082018,0.04880898,11.943946
1.5510926,1.2601234,0.22380097,13.439590299999999
1.9787327,1.3327938,0.53634626,10.10738429
1.0786681,1.174684,0.30839732,11.556499500000001
1.6409565,1.7597477,0.029448356,13.8169438
1.2716236,1.6367476,0.3804021,16.6038066
1.1948856,1.3247142,0.12636761,12.1053004
2.1446354,2.1903415,0.059983503,11.8395679
1.7705214,1.8635292,0.027678436,16.470719000000003
1.024087,1.0215147,0.045811825,18.5042804
1.4764768,1.4948602,0.01877685,16.312096
1.3202474,1.3279887,0.032697856,19.1133916
1.4194993,1.3127292,0.32867202,14.965815800000001
1.7021042,1.7543433,0.020064196,16.1098516
1.1348997,1.1242688,0.20354934,10.7123595
1.0478873,1.2938617,0.25376248,10.4840719
1.351819,1.381161,0.07997992,15.6588674
1.3387586,1.3423724,0.14297412,10.7677554
1.1113861,1.841856,0.46682078,15.564726
1.163491,1.1087801,0.06562956,10.8828687
1.5411773,1.8822443,0.26405612,13.3043954
1.4979438,1.3650453,0.15090454,14.2368957
1.7339944,1.7787902,0.049485415,17.064228999999997
1.821038,1.8896692,0.12087116,14.78831
1.790814,1.1302338,0.23504546,13.6913356
1.3903553,1.299022,0.25727186,14.5847887
1.4051571,1.4294612,0.0229116,19.320954
1.3504988,1.3843429,0.27660367,10.8459396
1.508963,1.4628601,0.17273809,12.3122704
1.4182189,0.9913711,0.09340528,12.635003000000001
1.5879648,1.6155984,0.034418315,14.6678418
1.7800668,1.8465753,0.026271531,16.1528265
1.3543975,1.329601,0.38107932,11.2533753
1.5380723,1.1298956,0.21430972,12.9466268
1.5313267,1.2865785,0.23347613,14.9885753
1.7725763,1.8396467,0.076525874,13.2307786
1.2449043,1.3115982,0.10885478,10.7356398
1.6319655,1.7190039,0.07123707,15.80397
1.5456051,1.5240756,0.018492198,14.1834807
1.3047773,1.2687234,0.08992051,16.2633073
1.7256241,1.2285954,0.23249425,11.886324
1.6048622,1.6317875,0.13627589,12.364173000000001
1.2884798,1.2524894,0.07563908,15.5193174
1.1957309,1.1693054,0.076074764,13.3510688
1.23415,1.6728237,0.06874197,11.117249600000001
1.039143,1.36339,0.43068796,10.3141559
1.7343438,1.6003555,0.31933188,11.1992372
1.2321527,1.2212596,0.06241304,14.1016066
1.7414029,1.7074211,0.39453533,10.4534126
1.7825898,1.8823588,0.03587548,13.210111600000001
2.021804,2.093824,0.14331937,17.565921
1.2689341,1.3796208,0.1601864,14.171566
1.7537372,1.9584359,0.15522023,15.4943657
1.7897397,1.8533463,0.032348722,14.439726
1.774287,1.8410859,0.0329147,13.3688185
0.92482495,1.3958075,0.4680301,13.4079278
1.240842,1.2589214,0.30929002,14.349044
1.8192208,1.9415207,0.01867294,15.393851999999999
1.5538491,1.2067289,0.44817916,12.006768600000001
1.4194227,1.6765152,0.35068417,10.23515914
1.7346106,1.1486015,0.07292848,17.149577999999998
1.0218002,1.7578158,0.29110155,17.476317
1.1281961,1.1381264,0.26689887,14.080406400000001
1.5917375,1.2537013,0.33226573,12.6924792
1.0772192,1.2056203,0.3043743,13.130141
1.7580857,1.2716768,0.26213327,10.9734751
1.3549173,1.4790448,0.15658562,11.3872033
1.7042294,1.2885547,0.3860436,11.9135718
1.5643482,1.5351914,0.2131702,17.7955794
1.1848705,1.570388,0.46715873,14.127027
1.5330237,1.5808923,0.020702764,15.151347
1.2683656,1.2163308,0.07909038,11.530129
1.0471493,0.9985219,0.13578078,10.46671703
1.7056696,1.7718554,0.015183483,19.135226
2.0993528,1.5902879,0.4134209,10.4754035
1.8864928,1.9869654,0.020014646,16.016500999999998
1.5187454,1.2335725,0.24552351,11.7862262
1.1185886,1.0321643,0.092663005,12.959686999999999
1.3272984,1.293134,0.1422531,10.25916336
1.3156414,1.2018578,0.17302872,10.8530382
1.368927,1.5787787,0.5963887,12.464864
1.2662891,1.54968,0.16100076,10.064439154
1.6798694,1.7033126,0.024235979,16.6279703
1.6628857,1.7361187,0.016798941,18.2944006
1.4442178,1.5871062,0.09949503,15.6699705
1.5016285,1.0828722,0.2749721,12.694935000000001
1.4224302,1.4315524,0.06809995,17.498411
1.4342657,1.4306822,0.0135764945,16.095793999999998
1.6599896,1.7399317,0.029548904,19.4662535
1.6909645,1.433688,0.35443273,10.08798177
0.99024606,0.9752221,0.14818655,16.5876925
1.6110189,1.5099666,0.12183725,13.5416767
1.004427,1.4677719,0.44218725,14.204413
1.4539315,1.4130824,0.29687053,10.29051695
1.5470128,1.1680044,0.28617826,11.846118
1.7089146,1.7863175,0.057243817,19.003639
1.2397534,1.3504379,0.13044482,18.7830114
1.2770122,1.4264677,0.42265224,10.816874
1.2468776,1.2497056,0.10641948,18.9149874
2.0002348,2.0954404,0.029532513,15.190918
1.2306988,1.1583335,0.24097091,11.2208152
1.6773992,1.6774497,0.031563725,16.6850144
1.8714939,1.9833431,0.08833515,16.067415
1.3052557,1.3284245,0.04659781,15.50018
1.8112105,1.9501723,0.054041725,12.5661865
1.7812879,1.8703167,0.057198115,10.935085
2.0256636,1.8373828,0.3630509,11.071861
1.4773341,1.3892493,0.18404281,10.47883883
1.5394789,1.4705869,0.10040505,10.8487665
1.3121537,1.2688305,0.09790275,10.8052453
1.2987576,1.3018303,0.16623102,13.548361400000001
0.99922967,1.9480429,0.17812558,14.991413699999999
1.395731,1.5466795,0.2706269,13.944521
1.3751118,1.2355996,0.294949,10.22718793
1.5700382,1.523417,0.4796311,10.46670176
1.806314,1.1040053,0.13518143,11.2481508
1.1309597,1.5199099,0.22113243,11.985286
1.431987,1.4314849,0.04298816,19.941562
1.5472416,1.7994905,0.20093393,10.3729099
1.2941068,1.3061112,0.45249593,17.012555
1.4233302,1.3914869,0.18790786,12.2823207
1.8715016,1.623153,0.5574598,10.6614641
1.2129198,1.1533239,0.22008853,12.2316523
1.3773953,1.3447978,0.28771862,11.3702938
1.4441574,1.3395051,0.32674044,14.855343399999999
1.364553,1.3308942,0.1319968,11.5813772
1.6534022,1.7252142,0.08794152,11.9366701
1.7806778,1.853955,0.0595517,15.821031300000001
1.17095,1.1417444,0.11549056,14.328785
1.5073509,1.4564129,0.058540344,11.5497881
1.3687431,1.3571216,0.36642146,11.9795474
1.4681684,1.309346,0.20501976,17.562175
1.8806322,1.9279956,0.017913375,19.5142925
1.1396356,1.0793128,0.101438895,12.4848759
1.0644476,0.98950005,0.16528101,12.137244299999999
1.5387026,1.5424339,0.020335244,19.503355
1.642941,0.9857217,0.13930632,13.447712
1.7234958,1.0925068,0.28223136,13.9494586
1.4459003,1.4403903,0.089223616,11.691863099999999
1.7085507,1.3057212,0.16006614,10.21072766
1.624078,1.5046239,0.13953069,10.54116454
1.6509416,1.7080507,0.09185635,10.14382694
1.6291052,1.6672887,0.022173807,17.076372
1.3178953,1.283005,0.23354219,12.2492094
1.3092768,1.2863089,0.18290333,13.7810102
1.1106597,1.5452358,0.16548267,10.25226222
1.2923634,1.2890258,0.023281986,19.083412
1.1038028,1.2101016,0.2618288,12.1586716
1.6247839,1.4132531,0.13474102,12.0538557
1.593573,1.235644,0.4290818,10.9807825
1.688764,1.7507257,0.020984419,17.185026
1.4163128,1.3731881,0.020995986,11.6560994
1.2862906,1.3424617,0.21317247,10.44716
1.2910941,1.2537478,0.06806333,13.333343
2.0219047,2.1668923,0.020394238,19.366515
1.4467851,1.2342826,0.17245106,10.48101425
1.4048095,1.3367714,0.28736776,13.791214199999999
1.9648001,2.083003,0.21266451,10.23463937
1.3214755,1.3553652,0.40025005,10.8989179
1.4791595,1.3367248,0.10132176,10.4211034
1.5893308,1.0514137,0.24930249,14.166606699999999
1.2045839,1.2404203,0.25346762,12.3868428
1.9923136,2.1372695,0.020240024,19.444148
1.7840545,1.3779161,0.36522928,10.09115099
1.2388736,1.6742654,0.3053923,10.57100173
1.3753943,1.4408257,0.0913306,11.6104695
1.747691,1.4186231,0.39481688,11.5433781
1.696944,1.7275674,0.03990806,11.6028275
1.5829104,1.5791571,0.019492093,18.801811
1.0798843,1.4054163,0.21869014,19.54294
1.7964337,2.1778355,0.051680014,10.20367201
1.5106394,1.4136026,0.20446503,11.5806353
1.7622559,1.6153296,0.23862469,11.2485398
1.3469275,1.5129449,0.41079423,11.1603473
1.1859272,1.2364218,0.08360267,12.2094725
2.024839,2.1990795,0.026652614,15.427384
1.1326916,1.6525424,0.23438838,12.0199184
1.1433556,1.1878679,0.16387413,16.883271999999998
1.4798208,1.2782707,0.27608678,10.5094733
1.4348738,1.454732,0.06930651,11.3829498
1.5450606,1.546791,0.02010428,12.2743046
1.6927755,1.3710992,0.27501544,10.45961753
1.7123046,1.5209918,0.30283922,10.88457204
1.0973148,1.0892867,0.1295669,17.268921
1.5768788,1.45527,0.15616587,10.17751144
1.5360092,1.2024837,0.33792338,11.7181475
1.27117,1.1862764,0.038362853,17.243869
1.5211453,1.507158,0.22641036,10.6609853
1.6937737,1.5739422,0.20107417,11.3866825
1.617995,1.686337,0.04078767,14.9337918
1.2270824,1.1947486,0.17776805,12.6517963
1.0466394,1.239561,0.2924685,10.6873214
1.2928902,1.2647574,0.0788898,12.578805
1.4979985,1.3939679,0.06867302,10.7839048
1.5777878,1.6892381,0.5910492,13.386984
2.0302749,2.2301645,0.03603821,12.4401377
1.150575,1.2396959,0.06014178,12.991452800000001
1.5786445,1.1325788,0.34434652,12.153007500000001
1.616476,1.5680258,0.1411024,15.201865399999999
1.6053251,1.5237274,0.15421967,14.023718200000001
1.5493801,1.1491944,0.27162626,10.6822581
1.7553778,1.6285543,0.5157379,11.4318432
1.7036257,1.4390302,0.2962775,10.08347353
1.7045075,1.4528724,0.3795323,13.4873793
1.3187306,1.3439339,0.08746207,18.55758
1.6571916,1.1532748,0.30504853,11.1801513
1.0394111,1.172631,0.2700802,11.291877
1.7267563,1.6951904,0.055565294,14.516359300000001
1.3388427,1.2495946,0.1298511,10.0973025
1.4093663,1.4080276,0.3780479,11.7044388
1.155292,1.2462674,0.38828647,11.899951699999999
1.650908,0.96034485,0.25774434,11.4418049
1.31256,1.3864677,0.12187715,10.89232296
1.0492381,1.2390863,0.18095316,17.514393300000002
2.009748,1.9039288,0.2355827,11.379708
1.5428609,1.0969657,0.22687441,10.9673732
1.657108,1.6449622,0.1541064,13.7510595
1.678993,1.5785464,0.48809996,13.0853724
1.7930826,1.8993826,0.017153807,17.564557
1.2829852,1.4922342,0.21848227,12.4738757
1.5201042,1.1590859,0.27095068,11.526112
1.134962,1.2997193,0.31185028,10.5879093
1.4476893,1.359514,0.23847063,13.866152
1.439267,1.4154913,0.09322125,12.4010399
1.1713781,1.150681,0.027257258,19.572635
1.7424275,1.8004162,0.0700963,16.837712500000002
1.3493896,1.275819,0.38735145,15.330639000000001
1.2605383,1.222463,0.046950974,11.8380477
1.6063161,1.5481328,0.13310827,15.21139
1.1257154,1.4293528,0.44647658,10.14766567
1.050765,1.058074,0.21332948,15.396681399999999
1.7953018,1.8045809,0.10337514,10.18470822
1.55266,1.6505876,0.025306541,18.435029
1.4415702,1.0497539,0.28231654,12.613099
1.3475806,1.3516028,0.13644081,16.1510104
1.8341483,1.8311744,0.118991226,13.114972999999999
1.6576519,1.6287565,0.16480339,11.074746
1.8957841,1.5911367,0.13399455,12.1268326
1.4494709,1.4135137,0.14071137,11.8333133
1.0725104,1.2567475,0.27667114,17.321948
1.5333378,1.2861407,0.32271412,10.60464043
1.7952963,1.8405038,0.016100349,13.2545808
1.9910046,2.0893168,0.05801338,11.2095002
1.3038269,1.3069719,0.12893434,10.83028525
1.623771,1.4161077,0.10647013,10.9056731
1.922598,2.0272658,0.017076919,13.127733
1.352869,1.3363874,0.17211266,15.751952500000002
1.2525904,1.2743648,0.14048512,13.1919843
1.7931348,1.7232947,0.20931639,10.76342076
1.0630716,1.127752,0.21085796,13.815802
1.0073931,1.4866168,0.40466443,16.7123306
1.1333613,1.0163379,0.061042026,14.2216974
1.8583882,1.6666543,0.20417435,11.4507699
1.377687,1.5378718,0.2331556,15.3001314
1.5037746,1.6948193,0.25712225,10.689241299999999
1.1613486,1.0959582,0.085842155,16.2383026
1.7986676,1.5247434,0.30751097,15.623454500000001
1.6451703,1.665524,0.015883133,13.4481138
2.0063589,2.2254915,0.02612028,12.3385444
1.3859466,1.4367259,0.03528622,18.758281
1.381515,1.1595633,0.23814005,10.54906134
1.7715869,1.6150421,0.18184134,10.08376442
1.2673701,1.2205606,0.13071702,15.550678999999999
1.8263428,1.8071747,0.16474777,11.848805500000001
1.6830583,1.7746665,0.021134807,17.1317166
1.2810255,1.1828213,0.15755688,14.6994996
1.3894958,1.4047896,0.19013846,11.13409705
1.6601979,1.1771846,0.08607693,10.9249154
1.4931104,1.5251184,0.027624896,14.875410500000001
1.1565859,1.0697491,0.14450398,16.960971999999998
1.9450928,1.7940738,0.25258377,13.2020506
1.280885,1.3506142,0.34941983,11.2408729
1.648266,1.024,0.19752397,12.3720248
1.5690596,1.8314016,0.11869923,10.020346697
1.336961,1.3786635,0.27793896,12.0218879
1.5294679,1.7906325,0.37121764,12.5683028
1.7694583,1.669514,0.28479698,12.0336111
1.4166981,1.3856685,0.09469767,12.772072
1.5724446,1.7110901,0.057761185,10.92734165
1.088124,1.3928117,0.2440578,19.0766466
1.4473525,1.4233762,0.12585627,11.8118946
1.1709725,1.198007,0.103607506,15.007154
1.6334002,1.5710052,0.103026696,12.3979661
1.87033,1.9447168,0.05967799,13.1568825
2.100293,1.1401284,0.33377254,11.4725433
1.5716546,1.5225503,0.13690856,19.8915845
1.3255541,1.196089,0.09624821,10.29736564
1.7065592,1.2364318,0.34389213,10.6370717
1.2485906,1.180501,0.090592414,10.46398174
1.3098012,1.3093551,0.044677444,14.847052699999999
1.4063861,1.2938621,0.20578384,12.3074599
1.7931421,1.9484403,0.10381751,10.95243216
1.4689381,2.2289703,0.042092673,10.057035415
1.3741709,1.3255792,0.4937856,10.6357804
1.6535269,1.7087703,0.015141697,19.276865
1.6255425,1.6540279,0.12223394,11.8221852
1.8298819,1.8928137,0.017955044,19.46591
1.6692128,1.4293599,0.36174065,10.2519952
1.5030788,1.5487754,0.0422269,11.622805
0.97694385,1.0614787,0.16091235,18.1088865
1.7651236,1.1773977,0.21554442,10.25325218
1.5702863,1.6197523,0.01547831,14.3709138
1.4490173,1.4424746,0.062461235,15.153783
1.4704574,1.4554257,0.05016566,15.4887736
1.9871799,2.061483,0.14119926,15.478734
1.4738731,1.5078452,0.17359768,14.240922300000001
1.3303442,1.3393407,0.15926021,14.1347665
1.4805965,1.4937332,0.026434463,17.194336
2.0621047,2.242391,0.05724131,15.8270824
1.3298322,1.3175666,0.03917636,15.339030600000001
1.5071372,1.270133,0.121850565,12.559472
1.7305717,1.8163819,0.06700558,11.9683136
1.369946,1.3792937,0.04869902,14.720823
1.2824452,1.3267121,0.28413695,10.56189176
1.4794682,1.2316958,0.15871133,10.822943500000001
1.3842722,1.4829435,0.05131927,13.3207384
1.5636188,1.0647278,0.34891298,11.669153999999999
1.6546259,1.1421657,0.14672114,10.31664703
1.3882421,1.2015427,0.2986996,14.413485
1.4281744,1.4049861,0.21269502,10.7873143
1.5989394,1.7604005,0.02645726,18.263771
1.3831525,1.3974156,0.07285403,16.429093
1.9187069,1.3812242,0.3206567,15.4133695
1.5642087,1.5672716,0.025957601,14.464975599999999
1.0401894,1.0962558,0.11321767,11.8945356
1.4352082,1.3354628,0.3377623,11.7521383
1.5218765,1.3612735,0.1881492,14.978814
1.5589623,1.6053004,0.022476701,18.558501
1.5876496,1.5860934,0.26049715,13.230751999999999
1.5094653,1.6531585,0.41241592,10.82051344
1.529156,1.6112411,0.019644814,17.493714699999998
1.5265204,1.579344,0.023008382,18.5995513
1.5718962,1.5058787,0.19117212,18.328981
2.0078158,2.2025602,0.037496332,11.2137376
0.9708604,1.5393268,0.4041402,10.10056136
1.5874857,1.1455069,0.19859664,10.7704974
1.0914298,1.2011275,0.22423896,10.3705418
1.2661755,1.0193014,0.095746025,12.1610054
1.2025579,1.2451365,0.307244,10.0412332
1.1316773,1.0920206,0.11628458,13.829225600000001
1.8615973,1.3867916,0.19704664,11.7548946
1.5614078,1.587388,0.13836583,12.5526148
1.5505254,1.5950155,0.030424433,15.055375699999999
1.9545411,2.0400753,0.024218421,16.646871
1.2690793,1.2152183,0.09351927,12.1094453
1.8447882,1.9171818,0.017984098,16.5814286
1.4847057,1.0206307,0.36070266,10.350981
1.8448431,1.8384758,0.10066768,11.7158997
1.3456281,1.2559919,0.33792362,16.4543813
1.5747485,1.574516,0.024749672,19.437712400000002
1.3789197,1.3389714,0.095034614,14.4184226
1.9793428,2.0941517,0.026033275,17.329636999999998
1.4729698,1.3864571,0.051307738,14.7188103
1.3221433,1.2588992,0.17301512,12.634017
1.7652863,1.5111496,0.3133241,12.024899699999999
1.558366,1.3120859,0.22994846,19.1695243
1.8379121,1.7697804,0.17938344,10.7195105
1.5447075,1.492493,0.26731935,11.495341
1.6168867,1.7827342,0.27009773,11.1527757
1.625021,1.7091451,0.044742484,17.728915999999998
1.3566443,1.1185522,0.34380007,11.480523
1.5041239,1.5225745,0.12674746,10.8211677
1.4337268,1.4691703,0.023269493,12.2473115
1.687178,0.94215155,0.1204619,10.7767967
1.42509,1.4107895,0.020308986,16.851578
1.1578543,1.2543402,0.11756274,10.42683143
1.335842,1.0560983,0.2820411,13.6054912
1.147607,1.1779803,0.075663164,12.354125400000001
1.0595024,1.6316009,0.18572526,13.2454106
1.821704,1.9241078,0.119755514,10.3126204
1.8518628,1.999863,0.28635427,12.1062188
1.7352864,1.8819686,0.03547063,11.051321699999999
1.0854589,1.0669608,0.08617454,19.4723076
1.500188,1.5922,0.08637764,17.053309
1.5191486,1.7177045,0.18438569,10.341521
1.8622642,1.6796944,0.3755935,11.969023
1.0503387,0.919247,0.15852802,13.8330254
1.9315205,1.958705,0.054299783,10.1575758
1.7619265,1.6131002,0.14703476,11.1398204
1.1624992,1.321799,0.24653538,11.9929644
1.4425372,1.3840818,0.03760877,10.40394116
1.849855,1.9269793,0.022632688,18.166522
1.2376063,1.6145416,0.46380028,10.13068942
1.2468337,1.1182868,0.19625732,12.786309
1.8114033,1.7311323,0.35671481,10.88129506
1.319858,1.1735013,0.15884107,10.870568500000001
1.4277515,1.4700372,0.072787836,12.5770873
1.4968873,1.5155747,0.015113234,19.969803
1.5909302,1.6311879,0.08341595,10.20731047
1.5989754,1.4701586,0.22049123,11.8861504
1.2703867,1.1311042,0.30236793,11.699092199999999
1.7973794,1.4426339,0.3075409,10.30135123
1.8390725,1.851734,0.23143674,13.6910152
1.3867517,1.3542986,0.15779111,17.2924244
2.0161526,2.0697746,0.031173024,12.2635934
1.0533036,1.1514988,0.23068804,11.2288093
1.405445,1.4023086,0.22028124,11.5333946
1.4711893,1.1805171,0.19658934,12.859429
1.5436454,1.54016,0.017489213,18.7669927
1.6065632,1.7291131,0.3008716,10.49566723
1.5790468,1.8291509,0.08275609,10.25558595
1.1356752,1.0713257,0.14509653,14.2382225
1.1659509,1.0209036,0.085940704,10.414228
1.3148766,1.4559872,0.05284391,10.8295929
1.5205637,1.3638511,0.1124788,10.041684313
1.8721659,1.9435039,0.024054248,17.507921500000002
1.6858171,1.650342,0.06407776,13.1675822
1.3261442,1.3582778,0.04587196,13.921153799999999
1.6044579,1.099004,0.25995857,10.21856725
1.2612511,1.2308533,0.031336203,15.872851
1.4020984,1.3638364,0.08576453,12.194006
1.7086482,1.7727976,0.027921,13.5017928
0.9954253,1.3165901,0.26384377,11.6209462
1.3508929,1.3593279,0.15614091,12.9325777
1.28136,1.2306535,0.019251041,15.772525
1.3485559,1.3527246,0.08876959,17.18642
1.093511,1.6098932,0.41235107,16.752414
1.9115742,1.1398289,0.14286156,11.954118300000001
1.6049162,1.3961941,0.3702126,15.0877833
1.8359526,1.7395407,0.23374356,15.056408000000001
1.864491,1.628885,0.15303966,12.5407296
1.408185,1.4031842,0.1485347,13.9288524
1.4487643,1.2705977,0.33540562,13.9615107
1.2122339,1.2567763,0.0618519,17.705983
1.7674766,1.8081822,0.050339747,14.351948199999999
1.6567485,1.7186583,0.14234427,17.758296
1.6295236,1.2827853,0.3158319,11.5875764
1.5089946,1.4401268,0.2654146,10.38588624
1.7147455,1.3657135,0.36017546,13.4603834
1.8871356,1.7729596,0.21868598,10.54114833
1.5420035,1.1646464,0.26735014,11.4798555
1.3863268,2.0329323,0.01960402,10.8752837
1.3603632,1.392275,0.029742807,16.642824
1.3852996,1.1639544,0.28599042,10.3520282
1.3292835,1.2990495,0.027730985,15.609076
1.3252102,1.2679629,0.097658515,18.997446
1.1834306,1.9027847,0.32704505,10.5819142
1.3243026,1.2802103,0.048829466,19.430674
1.6188592,1.5611165,0.19430873,10.19156547
1.336356,1.3544874,0.30721605,12.7288055
1.3482988,1.3537447,0.031986292,10.912412100000001
2.0504754,2.0525432,0.09320373,15.101852000000001
1.318286,1.3998787,0.13271265,15.413993999999999
1.8052282,1.8845012,0.020136675,15.226752000000001
1.4559191,1.4911404,0.08167688,12.082230899999999
1.4341717,1.2324375,0.117354386,16.980092
1.0319481,1.1240313,0.2442569,14.904379800000001
1.5056556,1.6677585,0.4477907,13.904914999999999
1.0554428,1.1337385,0.08551888,10.17660445
1.3747476,1.0216755,0.2276571,11.5873437
1.4634842,1.4938098,0.043845735,18.4077674
2.0272894,1.8929868,0.30553734,13.39752
1.459601,1.5941031,0.26611558,10.754271750000001
1.374931,1.2297556,0.2906747,10.61244376
1.3888323,1.311945,0.117682904,18.863011
2.0722036,2.1679907,0.052035026,15.185931
1.1455845,1.1533597,0.025204217,19.9459547
1.4670672,1.4871144,0.14773193,11.4387606
1.5945694,1.6186833,0.07194134,16.20299
1.5109127,1.5375427,0.14826334,19.353213
1.8495069,1.5951884,0.4020618,12.0208274
1.7515048,1.8205038,0.0446688,13.2034117
2.0987496,1.7532072,0.4502888,12.1457592
1.6987865,1.6181793,0.17329894,10.019791631
1.8566744,1.9423363,0.022164864,17.017789
1.9665912,2.050928,0.03310702,14.7205672
1.8636241,1.7435374,0.23692724,15.1907283
1.348671,1.6499088,0.054609366,11.7296962
1.5416832,1.5557337,0.026717374,18.058132999999998
0.99572706,1.1517283,0.22414425,14.736849
1.3583424,1.2720711,0.45698735,10.18623512
1.48675,1.7828448,0.30301183,10.9888519
1.2800099,1.315856,0.08891173,12.537206699999999
1.9076264,1.5800148,0.38351822,12.6062045
1.3183166,1.3153859,0.2715465,10.09170415
1.5671606,1.5470064,0.20487858,16.287538
1.5175275,1.5092081,0.05930519,11.2335197
1.9142495,1.9264125,0.26627055,12.707890299999999
1.4370337,1.3659484,0.22091267,10.008197237
1.3589054,1.3684343,0.24875736,12.8300002
1.3178093,1.2453458,0.04436739,17.74075
1.5402303,1.3496689,0.19465856,14.6666905
1.699089,2.2171977,0.19494164,10.1378948
1.6541164,1.3607988,0.48921782,15.781214
1.5798753,1.5795574,0.020238016,19.509001400000002
1.4081987,1.4663188,0.17126125,11.7289886
1.7804084,1.8471401,0.020560153,18.121378399999998
1.9452018,2.0252426,0.018204156,18.911859
1.737632,1.817303,0.07043768,10.3753362
1.5077456,1.5850796,0.03646708,13.0712086
1.376497,1.4444594,0.14054744,13.5714367
1.7571421,1.836025,0.08312039,12.506971700000001
1.6591015,1.7067522,0.029094882,11.3714603
1.7473775,1.8300104,0.031001171,10.64598046
1.3228418,1.207654,0.13074382,11.3660403
1.8206698,1.3528104,0.25224766,12.0176409
1.4382298,1.759326,0.5053964,11.884633000000001
1.6710154,1.6113163,0.10690099,12.3994577
1.1603754,1.3977985,0.3669206,14.091063
1.0346594,0.9756249,0.3019753,10.8189035
1.8413231,1.8360546,0.10303407,14.1658846
1.2392248,1.2233438,0.02478577,18.288285000000002
1.9410421,1.9528744,0.2668614,10.87043785
1.2920122,1.533879,0.46920258,10.53858567
1.4840423,1.4727937,0.05635624,19.511517
1.1272812,1.1369423,0.08265754,17.2906333
1.672308,1.0427059,0.18061486,14.5319918
1.5768092,1.6652706,0.0791135,11.6191189
1.336464,1.3493154,0.060219582,11.4716335
1.3187052,1.4270881,0.2757304,10.563659
1.0870823,1.6833477,0.23256376,13.1673276
1.5459532,1.0692474,0.25594917,10.30858997
1.2501271,1.2118481,0.1624241,14.3129694
2.0626855,2.147697,0.033827245,11.3121112
1.7993679,1.8143603,0.13879323,14.2463502
1.4136046,1.331371,0.13765344,13.7990147
1.11725,1.449829,0.46981525,10.6746283
1.4297689,1.386964,0.23592453,15.9162015
1.4659108,0.99703145,0.09024215,10.20212699
1.5174196,1.3602412,0.298172,11.1238293
1.1153911,1.1856866,0.35588172,10.29730745
1.268725,1.2902547,0.06779936,16.547364
1.0837197,1.2534469,0.24850695,11.7190383
1.0931133,1.5699195,0.5128592,13.7759164
1.5718734,1.5071096,0.4367741,11.2338411
1.5531785,1.2194662,0.21101618,15.091631
1.5006552,1.3374162,0.104660004,18.3269036
1.2932752,1.3363342,0.15213585,14.3147862
1.7669475,1.8239045,0.01570108,19.8825663
1.6727769,1.8356328,0.36033392,11.6553088
1.4548988,1.2131772,0.23682788,16.0274976
1.1523923,1.0232244,0.18297145,11.9519381
1.5639899,1.5543462,0.096014515,10.067039
1.2175205,1.2263513,0.19382328,13.408311
1.1344725,0.9927356,0.14150108,12.6945898
1.5773693,1.6552674,0.029737094,13.6991704
0.99854696,1.029828,0.10261807,13.712949
1.6663635,1.3712173,0.35561863,10.89159615
1.051547,1.0427628,0.1810276,13.1883067
1.6667258,1.8042653,0.38716456,10.7544196
1.341867,1.377958,0.23745367,10.022170213
1.3668609,1.7725451,0.24792054,10.18685218
1.8626227,1.2562518,0.19662052,11.965377
1.7218461,1.0606887,0.23311593,11.999059599999999
1.3014283,1.1699116,0.121971935,10.035499425
1.3691201,1.2997751,0.12297861,14.8915514
1.5827719,1.5167544,0.19792502,13.45874
1.6675816,1.6857905,0.41466808,10.13884947
1.8794196,1.9151981,0.03960335,13.9559534
1.1958604,1.4288731,0.2656216,11.7290764
1.41959,1.3938278,0.13513926,14.1502512
1.136178,1.4844208,0.29553884,12.469628799999999
1.5534849,1.57902,0.016461575,19.65589
1.4083703,1.6443261,0.069383055,17.866013600000002
1.291311,1.2287385,0.075472295,14.682463
1.528003,1.8605154,0.31187093,13.3839408
1.1154057,1.0935651,0.15584758,15.22734
1.4273292,0.91937256,0.1430885,10.1658293
1.5741473,1.1373549,0.24037567,11.18441164
1.7187502,1.4375644,0.3558895,11.7869072
1.0669343,1.1552324,0.11825347,15.306529
1.450634,1.1919073,0.31295225,10.469105129999999
1.7675104,1.8361492,0.037265,11.0524709
1.3973501,1.3242378,0.19654883,14.082142999999999
1.7247839,1.7926677,0.019839924,12.3530878
1.5717629,1.5716695,0.3801376,10.08319314
1.1897503,1.1528077,0.09696596,16.106819
1.53499,1.8162299,0.35316345,16.037855
1.226512,1.1509621,0.105763055,15.9193057
1.7628033,1.4828494,0.31693894,11.16908625
0.91890925,1.7133636,0.40652484,11.645373
1.0137948,1.7245979,0.5076249,10.7426821
1.4793793,1.3296559,0.43478113,11.13682754
1.4309703,1.3436239,0.045718916,15.67548
1.6392479,1.6071439,0.22260123,10.64806335
1.7310649,1.4294865,0.23761079,12.3376346
1.2801036,1.2726911,0.0471686,17.5122076
1.1753056,1.131897,0.049607735,14.0702102
1.6723003,1.1805773,0.32427287,11.8739772
1.6801498,1.6664844,0.24261366,10.034048816
2.0458355,1.5783875,0.30443835,10.6867082
1.2579751,1.6416045,0.30101645,12.157403200000001
1.6161401,1.1678677,0.21905077,11.747302900000001
1.6329756,1.604326,0.14205071,18.480061
1.3622525,1.3446248,0.017525734,15.84977
1.3322515,1.3030933,0.039474197,18.659283000000002
1.1984037,1.0552554,0.16701464,11.7256935
1.5036709,1.3874345,0.26475,10.22410264
1.3172276,1.2192097,0.1923824,12.062099700000001
1.2955487,1.3158462,0.023686178,11.4360072
1.5257128,1.6519078,0.08442309,11.9982995
1.9232877,2.0384178,0.02492643,16.139825000000002
1.322784,1.0825007,0.18169601,10.6248412
1.3593808,1.3794302,0.0757395,17.2393745
1.7456445,1.7545867,0.0775083,14.473269
1.6804504,1.5490245,0.2854476,14.3122208
1.1834501,1.8315697,0.2966035,14.467502
1.8149385,1.6009091,0.25712806,10.838038
1.4005841,1.3271848,0.107440546,13.5283732
1.5540091,1.5753434,0.42520326,11.368746
1.4327129,1.1967525,0.25117922,11.862231
1.2207581,1.2029321,0.028008917,19.661611999999998
1.3929482,1.4329386,0.02633199,13.4754845
1.6886683,1.3284141,0.46975377,16.870223
1.109559,1.2137105,0.24229851,15.6287706
1.619731,1.6327614,0.37879238,12.203624399999999
1.7587973,1.7984039,0.026074583,13.870335
2.0770416,2.1737852,0.060713597,16.25757
1.2458769,1.2166517,0.14772886,14.1537827
1.2973621,1.2700381,0.29271352,15.843854
1.5500159,1.3384,0.32162657,10.60807288
1.8732142,1.8804847,0.12311768,15.000478000000001
1.3891174,1.4355505,0.43753076,14.7554687
1.4419038,1.0646865,0.18469425,11.6304348
1.9166064,2.0882745,0.055332933,16.967703
1.4630511,1.2723463,0.116923384,11.6301477
1.8658023,1.5507205,0.3074706,10.3060073
1.436397,1.1608971,0.10591266,13.010861
1.4624786,1.4022511,0.08175084,12.2397074
0.99690354,1.2635887,0.2096458,10.08372817
1.823921,1.9297264,0.019026855,15.764772
1.049161,1.1003202,0.1723495,15.824473999999999
1.2517493,1.0315421,0.2346526,10.64509824
1.878291,1.9753628,0.0333268,16.229452000000002
2.0379949,2.1034176,0.048449717,10.95180556
1.7647543,1.7791663,0.020136436,16.8017006
1.7828939,1.4519767,0.05318313,10.033389793
1.3453801,1.3934,0.0541824,15.812861999999999
1.1442093,1.1321156,0.16581865,11.6713141
1.7421136,1.5718824,0.42978016,16.045895
1.9187462,1.9977723,0.09785585,16.713093999999998
1.4820539,1.457362,0.35973102,18.0353814
1.2236954,1.1635699,0.047489256,15.6508434
1.6665641,1.6148219,0.20398039,12.5527132
1.7805288,1.8058896,0.1316532,11.3542828
0.9719629,0.90594596,0.089888155,14.8171106
1.6079986,1.6571715,0.08346988,16.3259727
1.4633899,1.5085704,0.12047478,10.54283258
1.2326225,1.2317052,0.08229822,19.8138815
1.4859992,1.5083418,0.01948372,17.9536647
1.1826131,1.3982521,0.4164609,11.1509131
2.082912,2.2111864,0.018488936,13.219874
1.5496016,1.5381496,0.3775005,15.762404
1.5600815,1.6959522,0.4810733,10.16043792
1.5972021,1.5261219,0.19178347,10.78648746
1.5531623,1.2871919,0.21894516,10.3471165
1.1537318,1.4777253,0.3265348,10.3454647
1.6396846,1.6274269,0.3317081,14.640853
1.1151484,1.1673607,0.25232014,17.461639599999998
1.2855388,1.21978,0.26231557,13.0915305
1.9071574,1.9878417,0.022050017,12.9439613
1.0670949,0.88289934,0.119300246,13.070649
1.4774469,1.4716434,0.082527876,17.917211
1.7095717,1.7587726,0.048872087,10.9242077
1.3989393,1.4174857,0.15832661,12.5028467
1.4888119,1.5380659,0.061756454,11.646401000000001
1.9648411,1.5913796,0.4040074,10.3762241
1.5350996,1.5940801,0.5398142,10.6345749
1.1258672,1.1203244,0.18747726,14.9317965
1.1131656,1.3291547,0.4772306,15.796354000000001
1.3614906,1.0352929,0.2578409,15.002878299999999
1.645407,1.6770353,0.012677405,13.9012316
1.8992131,1.9769807,0.017488388,19.396763399999998
1.5511174,1.6042414,0.016467111,19.030923
1.2787542,1.1640195,0.10362837,10.29942567
2.0272863,2.1562693,0.018742925,18.0394495
1.5114743,1.5661408,0.015783511,16.478768000000002
0.9378077,1.2506325,0.3800749,15.181107
1.3323278,1.0011677,0.19988507,10.012858075
1.4923354,1.3868794,0.107440285,18.234953
1.524672,1.432976,0.3326252,13.146534599999999
1.4955864,1.3783832,0.46803066,12.8651103
1.3517071,1.0856946,0.14925739,10.6242642
1.6401563,1.5277064,0.2748314,12.5293678
1.8165132,1.6271241,0.32298034,11.6114214
1.8709433,1.5434196,0.33297473,11.337399
1.4209808,1.3702445,0.07472889,10.7943109
1.078111,1.0986487,0.27104065,11.3614061
1.244037,1.3296418,0.56438017,11.188293250000001
1.5644174,1.7631214,0.44778946,11.6172114
1.3092412,1.3678912,0.16918956,10.21749334
1.0407895,0.94381845,0.0715161,14.677641000000001
1.3535526,1.2217021,0.2136156,10.7012296
1.4645585,1.2683619,0.25573057,10.05490957
1.492154,1.2792596,0.10638059,11.0247119
1.8498745,1.6524282,0.33331305,16.136819
1.377399,1.1760395,0.1937123,12.640099
1.1705412,1.2097335,0.28850174,12.688956000000001
2.0363624,1.6056187,0.4363624,17.508978
1.633499,1.3516726,0.24354517,13.7880906
1.9286819,1.538238,0.2407256,16.672618
1.3339642,1.3549464,0.49151272,10.14606819
1.386198,1.3455117,0.072699465,11.141980499999999
1.2810644,1.4769874,0.29786816,14.7865972
2.022711,2.0863533,0.28725097,18.029834
1.4935592,1.5396113,0.3443402,13.103518000000001
1.2897432,1.3158951,0.087776385,11.6295135
1.4312282,1.2739419,0.24520281,12.6553088
1.5391839,1.4910316,0.10092453,12.985365999999999
1.4283562,1.4087772,0.15187526,16.97646
1.3670222,0.9690324,0.21066229,11.6528434
1.1780231,1.1554585,0.17670047,12.3247097
0.98711264,1.174605,0.45843613,12.845236700000001
2.0286746,1.7636759,0.1326469,12.8581348
1.1997628,1.2033124,0.14340593,11.18536055
1.833363,1.894815,0.021992967,14.4936684
1.1686962,1.1763035,0.11257018,19.747628
1.3603734,1.3694066,0.04544387,19.675767
1.9409748,1.985546,0.059473567,16.1119574
1.9069887,2.1013741,0.06324581,18.8281107
1.5069021,1.4863,0.02859811,18.264715000000002
1.6225549,1.6522541,0.07321527,17.5048375
1.8009399,1.5522883,0.3876187,12.116905299999999
1.1988654,1.1316717,0.124996,13.2182497
1.2310553,1.2504447,0.026814396,18.899045
1.5071603,1.5549388,0.030220052,16.086997
1.7891979,1.6058323,0.26439336,12.3173499
1.337647,1.0488713,0.104384616,11.7237392
1.2045455,1.0641909,0.14226605,14.562692
2.0273972,1.0923867,0.33578914,10.36033988
1.6766274,1.7489166,0.12152641,11.4801912
1.3477366,1.3419138,0.101689726,12.666865
1.5731224,1.1759645,0.2761803,12.4977559
1.6783013,1.0588927,0.12345172,10.9673551
1.3083612,1.3947189,0.32063606,10.5088162
1.6226002,1.0239846,0.21341117,11.0027315
1.718284,1.7399082,0.079825945,15.4950005
1.2273909,1.1736733,0.14381364,12.4481586
1.1624966,0.9607055,0.079515934,12.5129324
1.5478574,1.1016431,0.21849298,12.112980799999999
1.2032399,1.2249321,0.049504846,17.336393
1.2545116,1.591203,0.4113439,15.850321000000001
1.3589535,2.0879507,0.083413765,14.286059
1.3284366,1.3508675,0.11874353,15.246954
1.4420614,1.4148855,0.060582086,13.1875703
1.3371497,1.1826665,0.10339677,12.520631
1.4444269,1.0903035,0.14117469,14.080361400000001
1.5981398,1.4781541,0.16729932,15.126552
1.6474761,1.7852528,0.50838125,12.432090200000001
2.0047872,2.176333,0.037945334,14.5829603
1.6519353,1.586793,0.11023428,11.1275078
1.8490641,1.2814014,0.22002329,13.649413
1.852363,1.9542184,0.09072136,10.7555602
1.5840148,1.4187138,0.25100142,12.1889503
1.1441373,1.446281,0.23802544,12.8133795
1.9186273,1.5507126,0.4338265,10.18364577
1.4513029,1.4640052,0.37906292,15.576820399999999
2.1176233,2.1931722,0.039523665,14.8838702
1.7791978,1.8321137,0.028976511,15.0567025
1.6884711,1.6211239,0.085777916,12.2230954
1.5706384,1.2468486,0.19394849,10.9558198
1.3107257,1.3027658,0.012746946,19.224069
1.6561859,1.7331984,0.011425074,19.890505
1.8998517,1.9332464,0.1430386,10.009813795
1.0215305,1.5042121,0.4305842,12.8420618
1.3606596,1.211555,0.10348585,15.9968805
1.6762995,1.5713872,0.39301145,11.7244278
1.0375786,1.529722,0.4570838,12.336014200000001
1.4251742,1.3618997,0.14859591,15.476453
1.4454982,1.1515791,0.20888785,11.7360833
1.4713417,1.6469245,0.12633099,10.4476779
1.8277162,1.8223276,0.17520547,12.7685317
1.3345795,1.1585062,0.2120886,11.1106193
1.2165518,1.1205918,0.2195905,10.46020407
1.1544734,1.2093601,0.30197147,11.246578
0.96270233,1.0638143,0.177897,13.586761
1.8248892,1.392087,0.28636506,10.03530582
1.353652,1.1112651,0.1265619,10.6089503
1.8500365,1.945785,0.065203495,13.437497
1.4059709,1.254341,0.1929159,11.6316374
1.872099,1.9148532,0.01684281,19.5766926
1.6248629,1.3324044,0.37684566,10.915711
2.0474715,2.1619859,0.039063524,11.2342035
1.3137411,1.0769724,0.37977114,10.52484635
1.3960924,1.3774617,0.107609846,10.644423
1.5388657,1.6995568,0.18603453,11.9242841
1.6627384,1.7129841,0.016753146,19.412475
1.6748573,1.6632636,0.04840422,12.9509062
1.4511437,1.468756,0.48806414,14.9638453
1.3204551,1.4111607,0.22378388,12.525098
1.0653052,1.1139957,0.13626613,17.133265
1.1082034,2.034243,0.028134406,11.3669081
1.6414484,1.6562016,0.061096992,16.0667264
1.811228,1.9306899,0.029720504,10.6702584
1.3746114,1.4107556,0.46176293,14.022171199999999
1.6875929,1.7603729,0.03650817,13.7833202
1.0150273,1.0721111,0.13115807,12.300290799999999
1.7324033,1.7668922,0.015693275,18.8803744
1.3011085,1.4813247,0.33937487,13.2099074
1.9411266,1.3555216,0.3291453,11.7935526
2.0250916,2.0282907,0.22410204,11.4908223
1.3606186,1.1830096,0.13614798,10.8895552
1.5368837,1.5600967,0.041032005,16.11948
1.1712823,1.6752584,0.31944904,10.30012378
1.9170067,1.9835173,0.048223987,16.018609
1.4464995,1.8189646,0.2896046,15.5500656
1.5955224,1.4188244,0.3506921,13.682797
1.8675251,1.9793832,0.022852158,18.094737000000002
1.7941452,1.8211279,0.10158838,13.361881
1.8361429,1.8587813,0.037247702,10.5358113
1.5851303,1.2623307,0.31436017,10.17616859
1.6162326,1.3939846,0.3366886,11.1228927
1.4943331,1.626859,0.56920314,13.1893614
1.6000416,1.1773789,0.15060216,11.0982057
1.7471452,1.6214005,0.38828513,11.9823828
1.4111696,1.5257235,0.058113914,13.7522784
1.9024422,1.9226251,0.07221524,16.265817
2.058226,2.1921282,0.09494201,11.419134
1.6206783,1.634748,0.071386896,13.239862
1.7595916,0.9626506,0.18459463,10.23170475
1.0027616,1.1112704,0.087764226,12.105453
1.3253505,1.2520615,0.18876329,10.5898768
1.6295087,1.457216,0.5495535,11.9401464
1.7541296,1.4107063,0.28335023,10.056664417
1.0688846,1.2028956,0.3801204,11.024277
2.0230324,2.1266394,0.041736927,11.4072916
1.0654563,1.1482126,0.25292552,15.826251
2.0193057,2.046174,0.1232547,10.78078516
1.2978472,1.276736,0.112320215,15.383916
1.7416105,1.4312804,0.3457194,12.2918789
1.8075988,1.9578072,0.09200418,19.307688
1.4103174,1.4105785,0.064484365,13.2250276
1.1969302,1.2075423,0.04503013,14.794019200000001
1.728653,1.411011,0.40553722,10.3272915
2.0154939,1.9569676,0.21675487,10.30376224
1.4707694,1.1996961,0.23979983,10.1747714
1.1266615,1.1301676,0.1383576,19.822170999999997
1.5458751,1.5757456,0.033659317,12.849886999999999
1.1089301,1.1782085,0.27614394,15.008736
1.9757271,2.0480518,0.026659679,19.9688345
1.2282137,1.3510154,0.39100695,11.24353565
1.438002,1.4819412,0.2581255,11.399946
1.4315189,1.432966,0.0146920215,18.4006166
1.4001416,1.4143231,0.3843286,11.4830285
1.349078,1.0861298,0.18912953,13.7259966
1.5670712,1.6142136,0.018890686,18.241206
0.9421129,0.96009755,0.10362293,10.3262901
1.0269352,1.0966759,0.31932494,12.027576
1.5649955,1.3743263,0.242131,12.6560813
1.8085507,1.8437874,0.021362364,18.148286300000002
1.44343,1.0577202,0.14749688,18.074217
1.6429204,1.4193444,0.1574383,10.30398065
1.9629718,1.1749781,0.14153703,11.4582145
1.4991024,1.6032094,0.14070721,11.2289104
1.9689933,2.0736935,0.033990085,13.808569
1.3971001,1.2322161,0.20880659,10.34063216
1.6473145,1.7151384,0.023137713,15.672260999999999
1.5934088,1.3736084,0.277085,13.1155413
1.809019,1.5863757,0.312518,10.49299587
1.2201107,1.2393777,0.02949129,14.679007
1.420575,1.4236448,0.045911,14.430527000000001
1.312791,1.3087926,0.042039443,12.1524239
1.1791788,1.1683571,0.0721868,12.6005995
1.4625489,1.4901319,0.072691314,15.8281994
1.553309,1.5590565,0.06930456,16.346662600000002
1.3996029,1.3575766,0.34331474,13.3073902
1.7943816,1.7679434,0.07991515,13.132677
1.6348841,1.051359,0.2408404,14.6224606
1.7443438,1.5715783,0.3334536,10.53581607
1.3726971,1.1781605,0.1769869,12.3415907
1.1051288,1.449769,0.30846807,13.9538848
1.8718032,1.4409018,0.4342088,13.9566848
1.9698881,1.783405,0.2774278,11.5851721
1.4567608,1.4025079,0.11575659,15.7156974
1.3926643,1.2772621,0.30918324,10.14318032
1.2783011,1.2994212,0.096453965,11.2932523
1.9053079,1.9730496,0.06192825,11.3809107
1.2582996,1.382865,0.30841374,11.1515425
1.8320844,1.9498355,0.046308175,16.999256000000003
1.261904,1.4446008,0.10358216,12.108154899999999
1.4215477,1.2655094,0.16215467,14.6871156
1.2311008,1.1707485,0.054356948,13.886428
1.8033966,1.7149338,0.3105055,10.28099405
1.8041717,1.8667655,0.06030418,15.971413
1.2426937,1.6828262,0.28699628,12.072192
1.8307353,1.0762517,0.19789374,10.36080435
2.0910506,1.919818,0.2727647,14.4127792
2.113124,1.2347078,0.35265988,11.7487401
1.2430358,1.2117152,0.07199169,15.6132686
1.7001916,0.94706446,0.18951744,11.867384
1.1417706,1.1692176,0.32831645,14.071204999999999
1.3347354,1.2500925,0.08676095,15.6189805
1.2734672,1.4758004,0.33276433,10.9344345
1.7331705,1.834929,0.017012147,14.4675773
1.3453891,1.258811,0.21625721,13.953397299999999
1.2858533,1.2878319,0.09743954,11.592243
1.9386718,1.3747962,0.41504934,10.37504625
1.2115518,1.6957116,0.24157487,17.1990436
1.3338838,1.4724424,0.27229285,10.61712082
1.8410058,1.7739279,0.22098362,11.1734629
1.178456,1.7291336,0.24310672,14.188210399999999
1.6357186,1.1535463,0.24593674,10.30969344
2.1021404,1.4394493,0.5769697,10.4782027
1.8469368,1.4863214,0.373143,11.5501334
1.5127983,1.3226943,0.11749719,11.0847677
1.4594721,1.1216254,0.18867889,13.6170778
1.9752208,2.1230705,0.042474814,10.69177814
1.4597435,1.4829936,0.10053436,10.8651819
1.5032692,1.5317802,0.07619462,12.1844727
1.7887145,1.8204963,0.34187487,12.8105414
1.8790438,1.4145374,0.19394235,10.55317856
1.5979135,1.5628452,0.20518048,10.3803938
1.5629017,1.5651737,0.18317759,12.7511016
1.79394,1.0124972,0.083685905,13.9419907
1.549106,1.4058052,0.3787253,10.54424122
1.2802169,1.1704831,0.20436397,13.2101515
1.3042437,1.1936307,0.47345197,10.6372654
1.4794235,1.5453246,0.18952325,12.3343433
1.3942064,1.1615399,0.15436934,12.4356629
1.9391546,1.7861372,0.27986777,10.52104674
1.2139546,1.214544,0.05174874,11.12485364
1.6124239,1.6292369,0.036103975,10.01928425
1.5050356,1.5259373,0.10361997,10.641353
1.2895694,1.3365536,0.09186339,16.3827837
1.2920681,1.2312218,0.09897626,17.2615236
1.9940674,1.8528504,0.33175415,12.2556117
1.6761644,1.672823,0.109106936,15.816785
1.2348566,1.3696718,0.21950494,18.5858446
1.0833782,0.9149567,0.16796358,10.7271555
1.7946545,1.8275623,0.054924756,15.67765
1.3977957,1.4120893,0.02392229,18.110225
1.7997158,1.936804,0.10313955,13.922387
1.2140203,1.3311555,0.33346432,14.053397
1.1339797,1.3700008,0.29823175,11.8145917
1.5428596,1.5715361,0.051345155,13.861346000000001
1.2623949,1.2677219,0.094962806,12.118251
1.6239644,1.3260688,0.1386937,11.16128765
1.5937572,1.6966159,0.19894919,11.5096793
1.4697764,1.2131577,0.20138003,14.9229488
1.4056478,1.3344837,0.45760506,13.0640748
1.7512498,1.7920344,0.01610454,16.7301023
1.3929641,1.408103,0.01621871,19.762187599999997
1.4567022,1.4463263,0.40039083,10.33579584
1.8200953,1.3758624,0.22007014,13.667568
1.9204324,2.0009317,0.023795744,19.5801467
1.3467122,1.2390169,0.070535176,10.8656931
1.3835591,1.5387676,0.40361837,15.2570117
1.3317608,1.1541808,0.19867611,11.485952600000001
1.3270948,1.1510596,0.13220587,11.629543
1.6489624,1.6664292,0.29907396,10.64138256
1.0145482,1.3556119,0.23551896,13.7052256
1.7404478,1.8320771,0.015149943,19.7273785
1.8861309,1.8852903,0.03132392,15.294418
1.3536704,0.9982908,0.10603437,12.102093100000001
1.2634885,1.2812355,0.13477172,18.377416
1.786757,1.5911806,0.23042627,14.4999886
1.4670087,1.4289379,0.20367575,10.08135722
1.9026622,1.4574388,0.22972886,12.5701797
1.9332938,1.9019835,0.075399294,12.493199
1.9118066,2.0326216,0.04576696,14.242763199999999
1.522762,1.3253052,0.16724655,13.299811
1.1603389,1.1340826,0.11055279,10.884364099999999
1.9589841,2.0472336,0.016290354,18.520921
1.6386036,1.7464645,0.028009532,11.272361
1.7526176,1.7937397,0.020104395,19.8967904
1.2268766,1.2406905,0.113613,18.516903499999998
1.4130614,1.3212644,0.28887302,13.3200747
1.6796496,1.8824313,0.085402295,11.5232241
1.228053,1.2489557,0.10551904,10.039584218
1.2437323,1.208985,0.14313233,13.3785617
1.326822,1.3473322,0.02971151,15.4610336
1.885275,2.025548,0.031026326,15.597622
0.90957636,1.267429,0.63397086,17.0811635
1.6606811,1.6476928,0.10420131,17.6656157
1.3285086,1.4319916,0.28781867,14.3770272
1.3757699,1.2873347,0.14310278,10.8353886
1.6952846,1.7699296,0.032543104,16.3792664
1.8091848,1.9014646,0.03378426,17.871232
1.3779824,1.4193571,0.05461103,17.9299647
0.9674658,1.5668929,0.20885992,10.080936635
1.4613156,1.6867521,0.13247891,12.9555747
1.2826685,1.1318325,0.18381357,11.7219453
1.377416,1.3727152,0.039239936,10.06057849
2.0352576,1.4892378,0.33922097,11.3841133
1.451005,1.2830565,0.14272678,14.7469357
1.3249154,1.3363616,0.0565561,15.9331936
1.7193186,1.2232698,0.29488719,10.54942567
1.3365068,1.7983502,0.11790073,11.476467
1.6667767,1.2662218,0.52435625,10.14959505
1.2901213,1.3721561,0.046711206,18.490144
1.4694846,1.5150923,0.021283515,16.91794
1.1387722,1.1950516,0.21125036,11.9206885
1.0762098,1.2766329,0.30182314,10.441431
1.3676865,1.371822,0.031420823,16.513283
1.6158512,1.6588345,0.1169588,16.21709
1.3505908,1.4328544,0.1170864,12.7519867
1.718486,1.7832646,0.03692598,10.7804476
1.3714588,1.2578473,0.123335004,16.2209046
1.295532,1.0200016,0.20923342,12.6675802
1.9135659,1.5102704,0.34170616,18.3922106
1.3982471,1.4076493,0.04814321,14.9005878
1.793945,1.2233149,0.16937877,11.1635852
1.1047924,1.4679875,0.14548218,13.7792593
1.4355912,1.4192545,0.028041303,19.326386499999998
1.0323653,1.1636844,0.28867358,17.968449
1.4531081,1.2053187,0.21490693,10.8147367
1.6698059,1.6693945,0.052110825,12.3114349
1.374878,1.4534624,0.26413825,11.9993934
1.0279876,1.8803686,0.069297336,11.651616
1.3368837,1.1906879,0.17105184,12.7364725
1.4048717,1.4099938,0.021562416,16.4406174
1.0468153,1.7039402,0.4344174,15.6863123
1.4666867,1.277279,0.20618214,13.828764
1.3169165,1.3407918,0.07687228,12.761068
1.3325284,1.4749721,0.3565779,11.2758583
1.290526,1.3537436,0.046725076,15.279003
1.2771027,1.2965052,0.029727051,16.998724
1.343454,1.3911779,0.027754221,17.3776853
1.6950976,1.8091142,0.11359095,10.55256817
1.5474805,1.3439473,0.3047208,13.0055135
1.4056802,1.4508252,0.020557458,16.436331
1.4359727,1.3968863,0.060268227,15.3960484
1.330352,1.2083206,0.14002512,11.5465635
1.8260697,1.8291667,0.13178554,10.91324374
1.4449294,1.4532537,0.020475592,16.979955
1.4404681,1.442522,0.018139886,18.549542000000002
1.8531462,1.9578441,0.029474262,16.524091
2.1473725,1.9015838,0.5158169,10.6714562
1.9600471,2.0556312,0.046044987,16.596308999999998
1.3752102,1.4068295,0.077087715,12.7679262
1.2019324,1.1193004,0.27026185,10.70832044
1.2497104,1.242743,0.24213564,11.22313365
1.1362146,1.1885047,0.12072527,19.4800824
1.3673533,1.280289,0.12136406,10.35889115
1.235447,1.2548442,0.13035706,11.791651
1.2740164,1.3862011,0.076668926,18.6765736
1.4578311,1.4567342,0.017385406,19.3618995
1.636018,1.695819,0.14115836,18.020515
1.8664348,1.6492965,0.39199078,10.22345887
1.4548589,1.4692702,0.046379324,14.7556242
1.2276833,1.5438457,0.40173477,10.56056514
1.8927846,1.8939488,0.1343269,10.40254775
1.945857,1.8886074,0.38617256,11.0588084
1.4228806,1.6763674,0.25943622,18.209527
1.3660628,2.076602,0.21959826,10.22116994
1.8045149,1.8486246,0.02403852,18.738493300000002
1.2361357,1.277148,0.25883508,17.4359363
1.5381403,1.6315541,0.045537204,12.3232448
1.3711367,1.3502253,0.08417073,11.0974627
1.8589327,1.0909522,0.07283301,10.4749896
1.8360541,1.8334305,0.08988879,10.9077389
1.4068736,1.2839031,0.25597665,10.09175756
1.4733927,1.3346404,0.29214585,11.8940683
1.4365625,1.1661619,0.21055335,14.2112225
1.2084408,1.4035733,0.09385552,11.8088228
1.5803348,1.5826372,0.027410993,10.68190046
1.7760597,1.8385112,0.055062428,13.0219948
1.2848264,1.404002,0.41691428,11.3344167
1.7546179,1.8468765,0.07157025,14.728481200000001
1.1178658,1.0975798,0.14016593,11.1417411
1.1261212,1.1317639,0.05774894,18.379085
1.8775944,1.9710068,0.016991192,13.2135937
1.8580937,1.162752,0.3366943,11.1255937
1.5731561,1.0785239,0.20847228,14.00332
1.508244,1.288068,0.19813313,10.62070016
1.4570315,1.4394794,0.031606212,17.9698336
1.2946397,1.1135479,0.21869509,11.2451474
1.9337709,1.3566582,0.49585316,10.14708771
1.3351232,1.4948831,0.36587122,10.08004013
1.3160034,1.2913144,0.05658585,13.8937506
1.3937432,1.5037758,0.046703592,12.972537599999999
1.8836563,2.0116277,0.053274583,10.352526
1.4597485,1.256642,0.17386672,15.307945
1.0993892,1.5891894,0.3581404,12.1044306
1.8590467,1.6708398,0.4774924,11.875857
1.2329527,1.3394587,0.1974228,10.75898595
1.4410203,1.4428694,0.017945519,17.7991253
2.035853,1.0868744,0.18584833,10.4289506
2.0016866,1.3474131,0.19154525,11.7486791
1.7038397,1.5327578,0.07583476,10.16631952
1.7133111,1.855699,0.3634137,11.0065111
1.3289211,1.3789833,0.04228026,13.192137800000001
1.736937,1.8282442,0.016211852,19.75876
1.6929151,1.4431679,0.4090496,10.8491661
1.1589578,1.1721298,0.015787922,19.9048644
2.0722601,1.3242896,0.5187388,11.8339695
1.7089167,1.781004,0.03794842,16.191284
1.2046078,1.2003026,0.05932076,16.407235
1.5497108,1.5097663,0.26422173,11.7569926
1.3915964,1.1719362,0.11151418,15.116102
1.522581,1.6381423,0.034743268,15.0833255
1.6625631,1.4712968,0.2133771,10.32994285
1.8953116,2.0002232,0.041446123,11.6140117
1.1826078,1.0846716,0.1318113,16.7521906
1.148481,1.899042,0.25291568,14.6915197
1.3855852,1.4643431,0.017045422,14.408180399999999
1.6124821,1.6810975,0.17781013,14.405633
1.7446765,1.803799,0.03533747,12.6829666
1.2233354,1.335675,0.34524518,11.3773695
1.0247656,1.0149153,0.042568326,15.024321
1.0314748,1.2208538,0.11968812,13.2972082
1.2888403,1.2836095,0.06972271,15.508077
1.1861273,1.6064754,0.29204983,12.8615627
1.6272771,1.5840622,0.34860617,10.84801875
1.4539881,1.4874669,0.06654312,11.9407663
1.3397524,1.1023872,0.14199163,12.7548477
1.9040489,1.9674108,0.029446153,12.950709
1.6421251,1.5077388,0.18285067,14.4046232
1.823241,1.5056522,0.30616763,10.8086987
1.2946436,1.2525607,0.08049215,10.26759807
1.6534559,1.8270447,0.09640943,10.36365595
1.5911319,1.3379947,0.42600948,10.54202385
1.0487425,1.1082627,0.26285762,13.714832399999999
1.421534,1.359088,0.23806092,17.8516793
1.1164112,0.9532453,0.22794175,12.2374128
2.0023832,1.1755673,0.30310738,16.1239016
1.8314533,1.8945963,0.025434796,17.8146195
1.5559692,1.6105473,0.025273131,13.2188106
1.4195162,1.4082916,0.13198495,11.9210081
1.3868749,1.4138352,0.39702445,14.0190753
2.0607612,1.9722215,0.3761276,13.8425425
1.9039875,1.9142504,0.14918526,12.2524454
0.9763296,0.9321999,0.06663262,17.1622646
1.3631423,1.3240421,0.047029056,14.638096
1.3493546,1.2922572,0.11583537,10.3682157
1.8661796,1.8542597,0.022311157,18.505223
1.051956,1.2431756,0.33261284,10.20760803
0.9866494,1.1016028,0.1456853,17.900613
1.6308929,1.6290915,0.11300526,13.6602327
1.2501866,1.5917642,0.2679823,17.643247
1.08585,1.9136373,0.21999891,10.49318567
1.3849962,1.5875702,0.3543598,11.2899247
1.6459861,1.4085453,0.45424965,10.32116383
1.610178,1.6388221,0.08342419,16.2868434
1.8124533,1.3554476,0.27448118,13.0617955
1.2597766,1.2382059,0.1793066,10.53195253
1.2236507,1.2223886,0.21747622,13.2131395
1.2046703,1.6582633,0.15042353,11.797048
1.7585487,1.7399241,0.2448557,14.647613199999999
1.614703,1.6863225,0.04072741,14.8504442
1.3632581,1.3632011,0.040353533,15.339496
1.4558651,1.4890031,0.017804705,18.756091599999998
1.5687524,1.605839,0.034242406,14.7470903
1.6236887,1.7416055,0.038016554,16.529184
1.4622455,1.5924168,0.3370565,11.3134292
1.6488785,1.7313325,0.019169891,13.6453348
1.6157507,1.3775661,0.4127416,11.549294
1.5839337,1.2330923,0.34353003,10.25459027
1.9702847,1.5552804,0.4872361,16.612478
1.2881138,1.1944172,0.1482826,13.0657306
1.961507,1.9923034,0.18887484,10.527281200000001
1.7616837,1.8764453,0.055954065,11.20776825
1.000511,1.5231322,0.5136975,10.22073219
1.8087786,1.3774005,0.48650646,10.08075447
1.8035238,1.0782356,0.17101236,14.0028545
1.4567441,1.4251034,0.11909773,10.6283938
1.7567737,1.8191829,0.022955349,18.041190999999998
1.4058843,1.4079187,0.021671003,16.38295
1.53803,1.5774021,0.055329934,15.410869
1.516475,1.4837432,0.07782701,15.694544
1.6485772,1.2402556,0.34583697,12.5385466
1.2894576,1.5062829,0.40929493,11.4560354
1.8818985,1.7785318,0.23722008,10.33417545
1.2604192,1.2870376,0.09413592,11.6598351
1.4752127,1.5010391,0.019503389,19.513382999999997
1.2364397,1.2159961,0.2540607,11.5923451
1.1918452,1.0367202,0.07093255,11.0681348
1.7244712,1.1316657,0.30868483,17.8848153
1.720258,1.71104,0.2998559,11.2902671
1.3944483,1.7652345,0.45167786,10.9755523
1.5356154,1.5098436,0.09374942,10.15584669
1.6943028,1.4442945,0.30162784,10.68942726
1.5525956,1.4897687,0.25542152,10.74543074
1.7343867,1.6774061,0.20050173,10.13139613
1.1501304,1.0489424,0.23476882,12.9299843
1.8004541,1.5764928,0.26673102,10.4082224
1.3379093,1.5245035,0.2379463,10.2491283
1.398331,1.4872878,0.07797661,10.982132
1.4686205,1.4884224,0.026034087,11.2507688
1.516631,1.5267072,0.05740117,18.994670499999998
1.7506819,1.8171395,0.031467598,14.514481400000001
1.680707,1.6143725,0.24480495,12.7644774
1.8181865,1.9683458,0.0417268,17.8078425
1.6586406,1.7765017,0.26237583,11.8978268
1.5849586,1.7014647,0.024858812,14.3686306
1.3776813,1.1169053,0.2692406,11.4724651
1.5109581,1.8025281,0.19750154,15.5149984
1.3756518,1.296665,0.055381518,15.262648500000001
1.0646979,2.1913958,0.1767791,10.23088647
1.640373,1.0007734,0.12934119,10.29409818
1.4733251,1.4726229,0.015970586,17.802869700000002
1.495316,1.2342875,0.35227275,12.108443000000001
1.2647594,1.3135009,0.15369445,13.450129
1.4292669,1.3902338,0.37953112,10.3859902
1.0111103,1.3776021,0.41091442,14.4533315
2.01981,2.0958483,0.3051369,12.7638584
1.1026834,1.70452,0.512023,13.8833666
1.5642822,1.2766432,0.23668107,12.2671022
1.6980547,1.1759554,0.35266623,10.3933911
1.7917516,1.9342172,0.12747154,12.3486482
1.6937946,1.4021678,0.19176051,11.6898888
1.6348294,1.6578114,0.016536206,13.289401999999999
1.679656,1.7005801,0.17696407,12.872697
1.9615295,2.1123257,0.03034985,17.6273334
1.7888025,1.8734604,0.027445417,17.3460066
1.4497666,1.513897,0.25364378,15.054155
1.6277323,1.6962849,0.0323388,11.07403934
1.5998757,1.6393641,0.351889,12.6482978
1.2170435,1.2402662,0.033538554,18.515061000000003
1.1643987,1.1059756,0.20674296,10.7592521
1.2094576,1.1793854,0.031514246,19.381283
1.2049564,1.2073269,0.07984329,19.401997299999998
0.9876463,1.378358,0.22753218,14.087150000000001
1.9777057,2.0702028,0.10891709,14.1616234
1.7837144,1.3322127,0.3298059,12.850651
1.6932797,1.7626259,0.1001833,13.5508925
1.569041,1.4721262,0.18008631,10.7012477
1.0314128,1.1941113,0.41068342,16.4529854
2.0107522,2.021881,0.2488325,13.098408
1.4190326,1.3973377,0.027044905,17.203217
1.4185486,1.3505551,0.16435662,11.541814
1.6544244,1.785155,0.47632912,10.6920738
1.1736166,1.2520523,0.3489761,10.67198366
1.3289491,1.3927584,0.09132914,11.9168946
1.3399699,1.2835331,0.06330025,15.7285756
1.7488674,1.8226151,0.06545145,13.8334355
1.6659664,1.2275518,0.032369222,11.0760936
1.6652513,1.701985,0.06881356,15.205862
1.8862021,1.686003,0.37567928,11.5401126
1.0904827,1.1606317,0.19188656,10.42041194
1.1131918,1.5761311,0.15682718,14.299501
1.7487273,1.8857325,0.06801345,12.545359
1.4672401,1.3225182,0.14926416,15.683098399999999
1.3552923,1.2690929,0.071547225,16.078779
1.5709208,1.5945287,0.07454438,16.403104
1.8822274,1.9182988,0.13308585,11.917586
1.3675588,1.3739523,0.027961647,12.911009199999999
1.4895391,1.540772,0.052224908,18.204610000000002
1.5506673,1.5740747,0.36731067,11.4931819
1.2759932,2.1370282,0.08839199,10.22725469
1.973375,1.7483386,0.16544755,11.6995329
1.4767672,1.2134993,0.40828013,10.09163739
1.8696315,1.7664456,0.22263928,12.1029285
1.6383462,1.0366439,0.10616803,11.6185075
1.5712575,1.6384864,0.2900725,11.6219181
1.3801398,0.9891692,0.13493814,14.8084185
1.1010116,1.6292174,0.60278326,11.23193175
1.8761451,1.9915711,0.029359668,14.80527
1.8117191,1.7619228,0.16079804,15.0982565
1.6456771,1.6904843,0.017105995,19.231144
1.349957,1.3987018,0.050315768,17.2743225
1.9116474,1.9894388,0.08609129,10.57343658
1.7616142,1.8594025,0.036168795,12.6825777
1.8596786,1.9342775,0.018570807,18.843473
1.1851678,1.1620655,0.13891718,11.6525373
1.4458551,1.4174714,0.052368313,13.044487199999999
1.4820148,1.4771173,0.031528477,16.54707
1.2512864,1.5907487,0.17993526,10.46387684
1.7877581,1.4924297,0.42875448,13.7539598
1.9748538,1.1821926,0.29943797,10.11902541
1.2365254,1.2940092,0.22505397,10.34313664
1.2004685,1.226422,0.06142786,18.749509
1.6855942,1.6768596,0.12567432,12.7385485
1.2069379,1.1557168,0.09513556,17.2260433
1.5132773,1.5598862,0.16751362,11.0810215
1.508819,1.4343624,0.23804793,12.435114500000001
1.146476,1.2586888,0.1269511,15.169300999999999
1.6410451,1.7002236,0.019071031,19.797597500000002
1.7327719,1.0432658,0.21687405,12.3770729
1.2046937,1.5323347,0.24468987,10.4828931
1.3559371,1.2693096,0.09495728,10.27638376
1.6245682,1.391273,0.371889,11.5065025
1.2724596,1.432441,0.36135072,11.10162765
1.1232415,1.1053963,0.07531613,18.902264
1.5590897,1.1044593,0.21747424,12.0264485
1.8251765,1.5151672,0.18651958,11.620785999999999
1.5575359,1.2167358,0.43656522,10.1451488
1.4732163,1.466682,0.096255876,12.0539445
1.5059181,1.4576265,0.13580127,12.8222263
1.6762282,1.2974916,0.3632254,10.9387673
1.0756325,1.1824104,0.16092584,14.866477
1.8009468,1.5799506,0.3612436,10.51867004
2.0021875,2.2244635,0.10415376,16.2746376
1.2798359,1.2974646,0.078807764,18.4921414
1.6175162,1.6144071,0.028305272,17.16928
1.4235258,1.2191284,0.16350192,14.2480075
1.4996027,1.4186677,0.13745022,15.203565399999999
1.6968169,1.570826,0.27977726,10.4904256
1.6536496,1.7554884,0.09278596,12.1153554
1.1957197,1.289213,0.37350455,10.029099954
1.2609295,1.0052413,0.1385903,12.0867495
1.3386658,1.3100681,0.029615143,18.729310599999998
1.7999629,1.580764,0.31535715,12.0516813
1.363166,1.2050292,0.118933424,10.751813049999999
1.1890906,1.2193612,0.29129887,14.639951
1.2050761,1.1114008,0.11687063,13.0999643
1.2849221,1.2783096,0.09901761,16.883064
1.5368452,1.6227975,0.048595805,16.9221115
1.5471201,1.6203866,0.31953698,14.0153491
1.2906517,1.1033419,0.30993465,10.69316484
1.3153465,1.1191168,0.23724695,10.24401348
1.8578424,1.6957822,0.34734365,16.6599905
1.4018505,1.2712599,0.29240376,17.630002
1.4167999,1.3524942,0.14557402,14.8467788
1.6901346,1.6863608,0.06536266,12.7117547
1.8836452,1.7930758,0.16176784,11.1836705
1.3309172,1.469187,0.2614664,11.2857503
1.0894343,1.2387527,0.24732225,10.43410547
0.97191733,1.2230716,0.197786,13.4545037
1.4115833,1.0362859,0.110070236,10.9873365
1.3276694,1.3387486,0.0350512,17.2291523
1.0558248,1.9681907,0.10238509,13.3173996
1.3527715,1.383141,0.17655793,15.0943756
1.2079487,1.2370193,0.05075779,14.645779000000001
1.9869734,2.09309,0.021770066,18.580824
1.9809527,1.1891209,0.2780773,10.819635
1.475305,1.2309533,0.45342645,11.4632732
1.7114055,1.5239723,0.1637689,10.8854905
1.6898794,1.6996739,0.114118025,13.342508
1.3597145,1.3762739,0.040189967,19.6761084
1.6514647,1.7013597,0.019812908,14.6415067
1.3619708,1.360507,0.012347495,19.291270400000002
1.1624024,1.242167,0.1326886,18.119177
1.4110067,1.404176,0.25045064,10.55870537
1.000151,1.253433,0.45812708,15.978612
1.4003018,1.3244092,0.27234703,14.326516999999999
1.8841405,1.9281135,0.0173366,17.577026500000002
1.6655331,1.7588518,0.05540965,12.8896725
1.849753,1.9330478,0.019083321,19.22756
1.3356007,1.3685613,0.15161864,11.4648114
1.1218451,1.7877553,0.20496298,15.512097
2.0861714,2.260881,0.13547617,10.12187132
1.8954235,1.9520093,0.069463074,15.1113987
1.7593701,1.820088,0.07919059,16.282640999999998
1.6656961,1.7551069,0.017942695,18.924084
1.3640354,1.2438543,0.25287333,13.0220795
1.8025271,1.2377864,0.292449,12.0637077
1.1200974,1.0920796,0.06693258,11.6365081
2.098748,1.6902821,0.5102026,11.7845142
1.4511528,1.2320426,0.23197322,12.8691703
1.6696064,1.7698932,0.0154505335,19.846924
1.5140375,1.4579778,0.17489563,12.102055
1.6881129,1.5269473,0.26019803,11.1809601
1.2319243,1.0414373,0.31807613,10.039464044
1.127949,1.3057867,0.31530815,12.6975912
1.3246812,1.3164552,0.04051063,18.4836
1.5686721,1.5981071,0.026196046,15.895196
1.4131173,1.3871531,0.04660952,17.662443500000002
1.0382609,1.4303763,0.53432393,12.3503591
1.2407242,1.3126113,0.17874347,10.9993019
1.6826792,1.9846352,0.10975929,14.0430003
1.5954127,1.6500163,0.02067138,18.251089999999998
1.8553545,1.925636,0.02189768,13.149411
1.6643324,1.7068233,0.5817723,10.8263779
1.2184843,1.2017355,0.36123207,12.3141664
1.6444576,1.9140669,0.101881914,10.6547194
1.164405,1.3151088,0.30268967,13.1424308
1.9800425,2.130061,0.033278182,13.4986094
1.4729952,1.5030327,0.02428303,13.9753547
1.4443905,1.4315176,0.015285482,15.838911
1.5929412,1.4211898,0.25718305,18.3343655
1.3919524,1.1895826,0.2059782,12.9997453
1.4303184,1.2860742,0.23889382,11.1491535
1.0893496,1.1922584,0.36719316,12.847189
1.6207834,1.6383495,0.026482409,10.43851167
1.6450524,1.7125309,0.02529642,17.805599
1.8853894,1.9883044,0.024100428,14.2836684
1.7446707,1.3600261,0.3266648,10.20978346
1.5452394,1.6834499,0.08165607,17.220123
1.5684035,1.6664491,0.3744116,13.445136999999999
1.5278563,1.3401643,0.1552954,18.6906946
1.7286714,1.7106266,0.15317622,13.4167343
1.7372466,1.7665904,0.09456354,14.064299
1.3604351,1.3477398,0.13606928,14.7561067
1.6901361,1.7263596,0.023940833,15.6375563
1.1661193,1.0807124,0.08067137,15.8335525
1.001962,1.315353,0.30550215,14.9638748
1.2957504,1.3610032,0.087259926,13.8041753
1.5600948,1.4500042,0.5119665,12.0601465
1.5168027,1.451524,0.29814026,19.153883
1.3845128,1.2301068,0.3389447,11.426141
1.3234981,1.3361107,0.06323456,15.1966125
1.7108728,1.6794907,0.12935835,13.1294516
1.5296227,1.5746982,0.031007387,14.4312978
1.3177814,1.3814971,0.14596038,18.5936075
0.97765845,1.1658552,0.14435226,10.7242209
1.5690166,1.5980327,0.026290614,14.4699433
1.1718329,1.6345954,0.30423996,12.5484022
1.5799453,1.0773394,0.11362649,11.1793511
1.7954748,1.6387036,0.15138452,16.062925
1.3216299,1.2143973,0.21608001,12.656051
1.6293436,1.6195667,0.13372473,10.50333135
1.5979714,1.4268582,0.2354743,12.7633932
1.242569,1.2286819,0.08701171,11.927499000000001
1.8643159,1.3952842,0.5315176,10.069421394999999
1.6012274,1.6172727,0.04447446,13.564227500000001
1.5098028,1.5094504,0.18004067,14.112179600000001
1.5933746,0.91890967,0.21074058,10.54820206
1.0806895,1.3368943,0.31256163,11.3159823
1.9765579,1.9064003,0.23402016,12.4647161
1.1708902,1.1825478,0.059738092,15.8947587
1.4066485,1.2202606,0.1430178,14.289174
1.2584468,1.1255476,0.21251708,11.943947
1.9874455,1.4895959,0.1973311,10.3936953
1.540915,1.0598571,0.12699343,10.41519508
1.3497465,1.1700411,0.26411366,12.170251799999999
1.4267317,1.5507659,0.1856027,10.30364016
1.321563,1.4247048,0.33945602,14.4661668
1.0413122,1.1101222,0.14644681,10.9890427
1.226925,1.3781084,0.08751154,11.9343267
1.3668829,1.3245734,0.13613123,18.63024
1.7864404,1.3585271,0.14397925,10.4141536
1.4201503,1.4385641,0.017345669,19.264893999999998
1.5660429,1.6003647,0.09397465,14.248643
2.1011767,2.1206083,0.18753941,11.5459599
1.5021291,1.467144,0.08812041,16.804845999999998
1.9847181,1.8016247,0.25889364,10.36530875
1.4214193,1.384598,0.03198971,10.7869014
1.7350315,1.5923388,0.19499089,11.8423814
1.4563942,1.4148477,0.33956927,11.3111259
1.3209866,1.1796877,0.14779955,10.64240016
1.5261692,1.5401597,0.33796176,11.779201
1.5135505,1.5066456,0.02468905,11.7024398
1.2791573,1.2195449,0.08690354,12.718012
1.2844737,1.2124393,0.24800357,11.6017106
1.5597441,1.5892248,0.022928728,16.81345
1.2456689,1.215385,0.19258082,17.986358
1.6753839,1.45121,0.5182292,11.1768352
1.4784524,1.259325,0.19131687,10.29698033
1.8713604,1.962889,0.015892345,17.0687383
1.3594841,1.4416251,0.25304347,13.824789800000001
1.7931979,1.9016476,0.027540086,12.2731669
1.7081093,1.7990336,0.027109353,13.3689407
1.2396367,1.450688,0.38503802,15.911259
1.2531714,1.3878291,0.42322728,11.1993803
1.5986589,1.5965098,0.20280537,15.9667265
1.4041796,1.3445644,0.17929663,10.6923179
1.2465732,1.3112001,0.27970043,10.7727568
1.0942984,1.5592687,0.110576645,10.38786143
1.5878783,1.6273305,0.01881344,16.920856
1.6591809,1.5957398,0.12923503,16.6745347
0.94602686,1.2781227,0.19505712,13.3086386
1.2689533,1.4269075,0.22024044,11.14760175
1.4123182,1.4716656,0.23219232,12.2269534
1.3325167,1.811312,0.15781681,13.1653714
1.2429947,1.7962687,0.15666826,14.4813538
1.5349866,1.2758826,0.12228616,12.1902865
2.1115038,1.2396579,0.14507252,14.818587
1.3525897,1.0977807,0.20879814,10.03659239
1.4635475,1.4670157,0.020186614,19.923315000000002
1.0506525,0.85941625,0.16720067,12.837484
1.4442514,0.9020593,0.13060816,10.09814177
1.5350595,1.5673232,0.0889307,18.704998500000002
1.453108,1.3236234,0.36120787,10.913548
1.5738752,1.4308467,0.1659657,13.205965800000001
1.3518792,1.2896366,0.22007507,13.6441818
1.2729545,1.4086931,0.1790408,10.018075886
1.408626,1.5448678,0.38593492,10.18971622
1.4048951,1.4070728,0.069149785,11.432431600000001
0.98810893,1.0385678,0.20956922,10.9432889
1.7282183,1.7650769,0.03833719,12.3704942
1.5964274,1.619673,0.019194191,12.2601381
1.4662354,1.31863,0.17077893,13.1701422
2.1155906,1.1726339,0.1864098,13.426717799999999
1.8078555,1.8189273,0.23220024,14.836577
1.867094,1.6010395,0.47144797,10.17789293
1.9469863,1.902603,0.10330029,10.07993236
1.2395911,1.3019503,0.088696,18.612528
1.5396042,1.5613014,0.024047494,13.709379
1.370363,1.502499,0.126254,14.308204700000001
1.3280334,1.3910356,0.4089151,10.034374988
1.257935,1.0726846,0.14978549,10.1455446
1.3381798,1.3233111,0.05844674,19.0905845
1.8245069,1.8870183,0.034512065,17.8207725
1.5491331,1.8386524,0.51805234,12.5459158
1.3420999,1.3241737,0.028264806,10.04131713
1.8481255,1.838942,0.2190184,14.266466
1.6166544,1.7602875,0.026642932,11.4211874
1.283193,1.2656116,0.16379061,11.8723235
1.8236272,1.8916303,0.025381202,16.2399065
1.4288592,1.3871335,0.052453034,17.4447626
1.5706933,1.5996288,0.047079153,15.3318024
1.7213349,1.2395748,0.19658017,10.135397
1.6156886,1.3906331,0.4662008,10.013353056
1.4233463,1.4786041,0.22488205,10.074249133
1.9935335,2.083684,0.07910288,14.205815000000001
1.5239246,1.567069,0.028088206,12.177814699999999
1.4006516,1.3829486,0.14142802,17.014323
1.6804153,1.1781504,0.22382689,10.14083798
1.5299009,1.5416512,0.026944838,12.543504800000001
1.314658,1.3230915,0.30096963,10.339667
1.38983,1.2345709,0.18055372,11.549275999999999
1.0603057,1.9063021,0.42599064,10.6765939
1.2998893,1.3241112,0.045818344,15.928360000000001
1.8621333,1.9740921,0.03245973,14.1752446
1.369761,1.3607948,0.20141305,11.04227655
1.2908287,1.3771923,0.16855781,10.18810252
1.8392788,2.024574,0.096829645,18.805685
1.4529748,1.3080739,0.15743108,14.149311
1.518238,1.5269711,0.06215884,13.6881045
1.4793949,1.2451607,0.35061336,10.9012745
1.6432967,1.528343,0.44998255,12.639578
1.9921691,2.187839,0.023243401,12.3290168
1.4053035,1.2279795,0.3367547,10.19811181
1.0375744,1.1107202,0.0561576,14.4119152
1.8403704,1.8868523,0.018841375,11.7249638
1.8732512,1.8972389,0.25196403,16.292739
1.0484899,1.1600006,0.2261233,10.044040955
1.1090162,1.0387352,0.059007723,18.956703
1.4599558,1.4929063,0.06735145,19.5089114
1.5903072,1.6132909,0.095801234,11.4567725
1.769249,1.822109,0.017321158,16.225971
1.2438605,1.2095149,0.1110998,11.2976746
1.481419,1.6015434,0.3745867,11.5898502
1.6321958,1.7222555,0.07393979,16.359894
1.2929511,1.3123097,0.27745268,10.213683230000001
1.3045546,1.3360255,0.07966975,15.611571
1.5174303,1.1708555,0.29949594,11.3784978
1.2749356,1.326843,0.22737235,12.0025274
1.8340664,1.8647752,0.23588982,15.6127375
1.2299733,1.4432061,0.25450468,10.13428877
1.4032493,1.2766328,0.2094509,10.21384537
1.7119675,1.9049603,0.038347326,11.8007599
1.6490626,1.6758587,0.06461455,10.3783862
2.0748303,2.1967785,0.035344332,18.478993000000003
1.4061656,1.5127218,0.4811108,11.4588298
1.3510507,1.1674144,0.14858438,12.774296
1.3988189,1.4371603,0.23280987,12.0643657
1.3018147,1.2376525,0.25114456,14.117135000000001
1.4021456,1.4028437,0.12231768,14.3229112
0.90439004,1.507846,0.3433654,10.4786061
1.6709127,1.451349,0.19523923,11.2322655
2.095066,2.0312276,0.2570014,11.025742900000001
1.2261338,1.2065176,0.124239005,15.155223
1.4029473,1.375465,0.19728725,14.0459865
1.4672508,0.919151,0.09945289,16.183396600000002
1.6799889,1.7424209,0.018938972,11.01491906
1.3697313,1.4695528,0.37996355,11.0654091
1.9395174,1.8508997,0.09697827,11.6903256
1.4909801,1.4417865,0.029035818,15.126213
1.3292114,1.4547222,0.0880622,14.336905999999999
1.3407849,1.3316528,0.030307222,16.965729
1.7852738,1.9619697,0.060723487,10.21719102
1.500939,1.4838057,0.05141889,12.8365988
1.6783187,1.375228,0.15755688,11.563019
1.2940902,1.27862,0.05491582,10.1776192
1.5772538,1.6291304,0.029912287,17.585465
1.542628,1.5188853,0.04586115,16.674071599999998
1.6451982,1.1382031,0.22509858,10.18274356
1.3828305,1.5251713,0.37035584,10.22570966
1.6168504,1.6406153,0.111771226,19.044068
1.0249406,1.089703,0.121276245,10.29363563
1.4083052,1.4014602,0.027121557,12.958362399999999
1.1702709,1.2491708,0.10899792,14.7012725
1.5743504,1.5342457,0.1961243,10.16623177
1.1513225,1.2328172,0.2730542,12.04581
1.5686358,1.5660973,0.44072878,11.622816499999999
1.3453772,1.5619266,0.2000032,14.7553056
1.3292452,1.0445116,0.17909737,12.507108200000001
1.6536204,1.6744621,0.03214373,17.1936
1.2129015,1.202728,0.0564002,12.2512484
1.5307758,1.6141756,0.06299118,11.17065325
1.0899988,1.5199312,0.27449563,15.6275785
2.0457869,2.1693282,0.01945986,17.196547
2.090588,2.1789763,0.035648808,18.307163
1.5955026,1.5896101,0.56654185,10.09834587
1.548231,1.5085465,0.14088024,13.6833045
1.3939885,1.4466422,0.30777007,11.2398839
1.9485784,2.0172753,0.031737525,14.200746
1.6470306,1.6856697,0.050667465,11.467853999999999
1.3273442,1.0298423,0.18302496,10.037862747
1.569763,1.5121603,0.19359769,11.12552695
1.2705147,1.2794895,0.19569442,12.6490647
1.6626724,1.6227453,0.15131225,10.20479836
1.0011089,1.0291529,0.09314604,19.544613400000003
1.6319823,1.6692538,0.079003744,14.344926000000001
1.3419851,1.270355,0.15179436,12.8717062
1.7263641,1.7116791,0.13233058,11.6850287
1.2831634,1.2883162,0.03445812,15.753426600000001
1.5386269,1.3767782,0.2751747,10.9323592
1.6444095,1.1219509,0.16106518,10.9752652
1.7102007,1.7278082,0.12673825,10.8412044
1.7214396,1.7979503,0.039593577,10.7772393
1.2639204,1.5573031,0.25868064,13.459525
1.6193963,1.645577,0.21315992,15.926199
1.5176238,1.2649378,0.52794886,11.2249496
1.5173733,1.4065378,0.310833,13.7760997
1.3489597,1.2424911,0.14875087,13.375779699999999
1.3898652,1.3107667,0.04840256,17.203606399999998
1.0852513,1.1290872,0.23496825,10.8727287
1.3112602,1.2431284,0.18982242,10.7321034
1.3388466,1.1167414,0.091809265,11.2728216
1.5068487,1.5231323,0.14047241,12.2151786
1.4153498,1.1414188,0.07308407,12.801999
1.0363804,1.3440832,0.2295968,11.6188204
1.3561072,1.1875242,0.25432396,13.6521557
1.3256832,1.3402575,0.13018379,14.6915796
1.7976934,1.7633858,0.07084219,16.258264
1.8125907,1.8376335,0.050270602,12.7593312
1.7458949,1.5710313,0.15669249,13.198929
1.7011365,1.2460784,0.34835136,10.7487373
1.2204157,1.2177408,0.288195,13.5548228
1.8760132,1.0547038,0.18530391,10.25191603
1.7185609,1.2237267,0.31931177,10.042668553
1.4026041,1.3911273,0.018840406,19.978013
1.7905366,1.3979218,0.41938394,11.0079111
1.2915223,1.406587,0.25730532,12.956064999999999
2.0138745,2.0035298,0.21919702,16.394430399999997
1.0823771,1.699944,0.33793157,10.4103378
1.5632583,1.6450394,0.027367592,16.700695
1.5355699,0.92609227,0.18908139,10.0123135
1.5460038,1.5885799,0.050205752,15.5131364
1.2111316,1.0455406,0.115692735,10.63206084
2.083887,2.2355258,0.07363528,10.7992845
1.5186836,1.5804977,0.13608569,10.7073706
1.2790374,1.2718629,0.052460942,19.4701505
1.538518,1.4268438,0.3615333,10.8615082
1.3251559,1.2807598,0.13039759,11.0249656
1.6690276,1.6586847,0.11864693,16.075061599999998
2.0316882,2.1322093,0.03969912,14.880378499999999
1.4879084,1.5110576,0.049831174,16.844257
1.4101139,1.4837492,0.118566334,16.4520967
1.4419016,1.36291,0.16685985,12.7735692
1.2750312,1.313167,0.09193846,16.4717543
1.6145774,1.2062323,0.21314676,10.41195624
2.1124089,1.4276813,0.45154187,12.7925465
1.3734211,1.0212059,0.21173975,10.9752318
1.8009164,1.8372688,0.036877062,12.2317734
1.6504955,1.7253623,0.058669355,14.601246
1.68697,1.7645407,0.06558362,14.618994
1.0324075,1.0390987,0.22722046,11.5477718
1.3001219,1.314131,0.07118702,16.0431826
1.8069372,1.8360643,0.19491594,10.928716
1.6037958,1.1911923,0.150446,10.7138254
1.4953817,1.4860821,0.065213464,11.16571195
1.4032664,1.1706413,0.2118477,10.6350651
1.1184996,1.051495,0.087974995,14.2280978
1.4172301,1.4747071,0.037129436,16.056096
1.4356693,1.2896699,0.05471207,13.115155
1.5051193,1.5540245,0.03715929,16.247802
1.7136241,1.443392,0.4873824,10.3176246
1.1727587,1.1804999,0.052709885,18.068901
1.4666357,1.3508408,0.29971236,16.024383
1.4546673,1.4563186,0.08771007,13.0940282
2.0142765,2.1562812,0.10688174,11.9336182
1.9742138,1.7852335,0.23903671,11.5053542
1.3468022,1.3238747,0.14170814,11.7980666
1.0569388,1.2064486,0.14366479,18.9733034
1.5935047,1.418951,0.30236655,11.08676866
1.9026519,1.3775084,0.30900306,10.5554551
1.3346956,1.3380907,0.18098018,13.396815
2.013491,2.1706238,0.039684948,14.1720676
1.707001,1.6865752,0.093387716,13.5100895
1.6049953,1.6839167,0.15563445,17.178769000000003
1.3704543,1.3862453,0.03284624,18.007454000000003
0.9804307,1.436642,0.42048377,10.3780562
1.8857155,1.922561,0.03146099,14.0700927
1.4405979,1.3968518,0.1253331,11.0795041
1.4524614,1.4181843,0.08960618,10.8323777
1.4098451,1.4337077,0.030910295,17.9571855
1.6346996,1.0467217,0.17503789,11.7344715
1.7145308,1.8153973,0.05032114,12.888290600000001
1.1651491,1.1199363,0.10259128,13.195838
1.2974728,1.4255866,0.28693628,10.33103105
1.4993473,1.0706141,0.25859946,12.991078
1.5756931,1.2223389,0.21351992,10.11799158
1.9139413,1.1517166,0.24096332,11.2931445
1.5859417,1.5411217,0.118366346,12.2149517
1.2281011,1.854026,0.39945945,14.750167699999999
1.6431994,1.1752304,0.22884703,10.62827654
1.5228328,1.5383414,0.022921054,15.169691
2.0035362,1.4438314,0.23270273,13.0907762
1.5567758,1.5382092,0.06623422,15.253563
1.6940153,1.7287376,0.033716027,15.525932000000001
1.8529463,1.9919931,0.0907986,11.8725684
1.7275047,1.7228388,0.092249654,10.11630063
1.1588106,1.1304487,0.12473931,17.630473000000002
1.9697037,1.1124082,0.25101694,10.15685573
1.4644828,1.4862971,0.21586174,12.2828986
1.0801677,1.1752352,0.30567166,10.09328351
1.4809933,1.4594891,0.19205554,11.8515657
1.2810425,1.2692447,0.06481992,14.948170000000001
1.7422386,1.2131826,0.21023561,12.2870998
1.6771264,1.6076689,0.09384151,14.51595
1.7726172,1.5249592,0.32947877,11.1776755
1.3632886,1.4496559,0.3934529,11.9196299
1.293823,1.284412,0.029712422,17.153275999999998
1.4617634,1.3148221,0.16975763,13.3036584
1.2115271,1.1957086,0.11944279,12.9310516
1.535891,1.5358604,0.037648533,11.1874397
1.3160555,1.3686326,0.43708622,10.12204203
1.9935398,1.4873662,0.3472701,17.144134
1.4723676,1.5473559,0.037881985,15.865178
1.3565826,1.0480523,0.2573763,10.8750653
0.90503913,1.3327645,0.30279803,10.5490604
1.13548,1.1174845,0.18905754,11.8705542
1.3557842,1.3792171,0.04007425,14.466837
1.393874,1.1833684,0.19963184,12.989556799999999
1.2208028,1.0589029,0.20390299,10.91685265
1.4271022,1.4552577,0.3811716,13.98176
1.1933603,1.2270305,0.1285185,17.2930825
1.0793716,1.0189238,0.08164216,12.9940516
1.4286653,1.4059777,0.094886415,15.975129599999999
1.351419,1.335752,0.09605586,15.379275
1.1396818,1.2582932,0.23444003,11.1262613
1.4038149,1.1169833,0.20147747,11.2657392
1.3647757,1.3578463,0.09391538,13.5029823
1.427448,1.4026899,0.5823099,12.6466042
1.4955581,1.0596313,0.15237746,12.2757143
1.4419936,1.4290838,0.019560622,19.451042
1.4254798,1.0062753,0.19218403,10.59173945
1.3121313,1.1990404,0.2684904,10.90633884
1.8809798,1.9071916,0.08879418,11.195738
1.9224306,2.054197,0.026226625,11.8914731
1.517966,1.4365233,0.13841452,12.395457799999999
1.6088753,1.6248174,0.2598895,12.1985915
1.433767,1.298234,0.12837632,11.4744632
1.6272478,1.3063943,0.2090626,10.9084036
1.3836626,1.449868,0.14239399,11.0818694
1.4824747,1.471943,0.11806407,12.9179686
1.2045445,1.1116782,0.11034807,10.01923275
2.065031,1.522411,0.553145,15.070109
1.2845107,1.3208494,0.03629533,17.123114
1.7398667,1.6204141,0.17223996,14.386982
1.3566804,1.0680902,0.109593265,10.59355248
1.747835,1.7035868,0.15898506,19.214589
1.2041259,1.3753893,0.44614616,11.354032
1.3373477,1.3317683,0.07314485,10.8904431
1.8677776,1.9396197,0.019166125,15.315815
1.4070363,1.3201251,0.46173742,11.8500262
1.5296986,1.486713,0.097060345,13.43696
1.3397499,1.3807043,0.25648695,11.0084318
1.7253039,1.8651115,0.027407095,14.3673593
1.2186,1.4458084,0.2822416,13.2269982
1.6977189,1.2449813,0.23815574,13.099867
2.0332375,1.3307415,0.20262156,11.0719621
1.2796336,1.4249101,0.2611883,11.5529068
1.8835565,1.9088378,0.026077509,17.791606
1.3982813,1.3547843,0.20664205,12.1194232
1.5470464,1.5071765,0.28356326,12.3145078
1.1394137,1.067589,0.108063474,10.43143503
1.3688595,1.5175627,0.40040085,14.8943838
1.4691308,1.4392216,0.1801174,11.8426588
1.6610359,1.298439,0.40283495,10.3576761
1.7773111,1.7801933,0.12979312,11.0124375
1.2294015,1.1364017,0.06663986,12.6398137
1.6232728,1.6440091,0.024120776,14.5465216
1.2460879,1.2250216,0.07051005,16.043532
1.3850358,1.3587738,0.11557821,16.248435
1.2038927,1.2646189,0.087423496,13.384325
1.3210702,1.315027,0.21681327,13.3553404
1.5567704,1.5526607,0.05388274,17.754286999999998
1.2141832,1.2424955,0.15645137,11.0501381
1.4381841,1.4589326,0.2548647,11.4274666
1.6279931,1.6701074,0.025089271,17.110872
1.3335937,1.3187524,0.080461964,17.3675776
1.1507078,1.1556576,0.16808355,10.6383039
2.089259,1.7048763,0.44322926,10.69154255
1.6562084,1.8368746,0.103051215,18.094058
1.4986079,1.5129963,0.18305565,11.4628707
1.5624661,1.6087003,0.027712837,11.258912500000001
1.704658,1.8198769,0.032759577,15.4217434
1.3217882,1.2974983,0.044097442,17.0814896
1.0344272,1.5206795,0.17814046,13.1933957
1.5380765,1.1528164,0.30531943,12.2241198
1.5009556,1.0717791,0.20798962,10.84442414
1.2470256,1.2058538,0.13694592,11.1501206
1.7285234,1.2265874,0.18584208,10.30687423
1.7818283,1.8177311,0.031831354,14.598091199999999
1.7846069,1.8049376,0.1490043,13.0530584
1.6190616,1.6315702,0.10155163,14.8837987
1.2476262,1.2478528,0.20949532,10.40642466
2.076279,2.2064886,0.04246198,14.305576
1.2564274,1.3354092,0.2275307,15.8090574
1.2407731,1.2205806,0.099472746,16.1955607
1.3685564,1.375174,0.108816415,13.965686999999999
1.8175244,1.2436715,0.2826675,10.63968115
1.4166309,1.1444124,0.34322587,11.1851622
1.3951933,1.4046189,0.022719124,17.124976
1.1316295,1.1724669,0.19844763,18.096868
1.6888286,1.2582893,0.22193626,11.4640886
2.042544,1.1660253,0.3530773,11.4120907
2.0149064,1.8940495,0.29162538,10.9137254
1.2157758,1.0146964,0.16509221,10.52044302
1.5528209,1.6613591,0.02889896,18.2641006
1.6755412,0.957821,0.19845007,11.5974599
1.5801313,2.003839,0.1645544,11.7575535
1.2747802,1.2452934,0.22989538,12.033309599999999
1.540968,1.4570252,0.3736763,10.2984462
1.3902543,1.284626,0.1815248,11.4167659
1.322509,1.2275635,0.13246498,11.43904
1.159752,1.2453654,0.19657661,13.2710886
1.6685033,1.4707295,0.32848534,12.1942988
1.4671638,1.3893455,0.11112726,16.063955
1.2434675,1.2614449,0.13050942,13.110773
1.8975307,1.8282969,0.417244,11.4505152
1.90033,1.9953125,0.023375517,11.2779908
1.2728432,1.2512546,0.15679471,12.6949358
1.75686,1.8241386,0.022317775,13.0369663
1.6313194,1.4134359,0.19027457,11.0942286
1.8781459,1.9954046,0.016100625,19.7138643
2.1129482,2.2379646,0.2105279,11.0315253
1.7894521,1.8870054,0.08589906,16.1879253
1.6341786,1.6586761,0.038912695,15.7254
1.6494805,1.6787355,0.016051652,18.699634699999997
1.4430774,1.4460564,0.021449748,12.0512949
1.2942595,1.2798035,0.22977541,12.2775854
2.0405676,1.9802833,0.36781338,16.1973
1.1834906,1.2647846,0.148434,12.865615
1.49996,1.6598423,0.2945813,12.0603105
1.8218497,1.8484043,0.03132884,12.5896156
1.2204821,1.2750611,0.3994394,12.4638139
1.2838469,1.276536,0.04257959,11.7278345
1.9386065,1.9624054,0.059704665,17.041024999999998
1.530957,1.2248511,0.20725057,11.119876099999999
1.6685312,1.4736719,0.19012119,11.0964451
1.5332603,1.4548637,0.14315742,10.619940979999999
1.7647592,1.3026111,0.43943462,18.088122
1.5574539,1.5997717,0.14660458,13.6198723
1.2678066,1.2892889,0.09757396,15.3833514
1.3682041,1.3871624,0.21183018,11.3489553
1.59276,1.4616861,0.165384,11.308507
1.9273248,1.8035858,0.3563427,14.6065098
1.3002945,1.2849525,0.046187036,18.4459853
1.7752571,1.9015627,0.40399173,12.2950386
1.3188665,1.6205909,0.3165349,15.1587516
1.7561107,1.5668533,0.38660023,11.9826938
1.3649482,1.166074,0.30642235,10.29608764
1.4687299,1.6124713,0.34585533,18.322910999999998
1.2100419,1.1255689,0.14365971,15.4165
1.1821214,1.2674994,0.40249777,10.067384248
1.6142695,1.6378547,0.028695107,17.03091
1.2813027,1.3633614,0.14888379,13.9829254
1.3681359,1.5700319,0.2736502,10.25957154
1.3078101,1.2919396,0.11244024,18.464561699999997
1.6517842,1.3009093,0.21066745,10.57956137
1.6241972,1.581384,0.15716825,13.036337
1.1899424,1.3468324,0.38720468,11.7786317
1.5823749,1.6272628,0.024836214,17.549493
1.6597223,1.4503249,0.39272892,10.20591995
1.0297099,1.008406,0.081969336,16.4688975
1.3935434,1.4297965,0.28367293,13.2773605
1.0863205,1.2482667,0.27273595,16.861890000000002
1.0335478,1.5847828,0.52583784,12.267881299999999
1.293896,1.2925876,0.08078267,13.8980663
2.0054069,1.8700259,0.24856906,10.35357036
1.7404988,1.7508757,0.35283867,13.7896785
1.7983394,1.1891763,0.23323095,10.6777604
1.317038,1.3372416,0.03021489,16.2109345
2.1438403,1.8073982,0.42358908,10.48121456
1.4773527,1.4799439,0.103279784,11.486861600000001
1.0367324,1.2693703,0.33879182,11.7588592
1.1794842,1.1966914,0.17562522,15.1695925
1.0300385,0.96257555,0.038360324,16.871488
1.8916633,1.5941857,0.26872212,10.33816297
1.6626246,1.5856745,0.2628889,13.4956795
1.4997214,1.3293991,0.15716796,14.986915
1.8138988,1.8890777,0.072462335,12.5121877
1.9008718,1.879956,0.26307753,10.23328125
1.3306918,1.2397985,0.08061116,15.692962399999999
1.7089858,1.8422394,0.060546257,11.9226961
1.4364052,1.3300462,0.24112956,11.0499722
1.7819769,1.8530365,0.023115363,17.947119999999998
1.1196496,1.3138838,0.30188173,11.730011900000001
1.7869744,1.3684757,0.47792786,10.6883419
1.277029,1.5526481,0.23836188,16.926417
1.8756223,1.7393401,0.27395618,13.240603
1.2508961,1.3564472,0.24526614,16.5949947
1.6353469,1.7416781,0.02760738,18.3800864
1.6962256,1.3445487,0.26531488,12.8482276
1.4904362,1.5249925,0.10880437,10.58976617
1.063162,1.0582522,0.17373693,10.40746324
1.6466503,1.5797164,0.3502604,10.3152231
1.8810447,2.0024142,0.023706615,13.9244023
1.5184647,1.4942741,0.068446435,12.0975572
1.0441924,1.2961956,0.21234874,12.1633859
1.2945344,1.7704196,0.19788328,17.5833935
1.6001555,1.4890788,0.40470996,10.9499983
1.1444675,1.3299773,0.32897517,13.3986232
1.4169242,1.3810341,0.13518135,13.6076045
1.9237075,1.8798155,0.13423035,10.10256799
1.8908833,1.4180598,0.47517222,13.2299805
1.3389213,1.307009,0.07503579,19.378145
1.2798524,1.744554,0.26418293,10.715171
1.0431063,1.0261993,0.16902435,13.4649077
2.0243316,1.866128,0.2205717,10.09482663
1.8238275,1.4187448,0.19042727,10.3108913
1.3478438,1.2970576,0.20156033,13.1656948
1.2850966,1.3562108,0.30109733,13.9209604
1.3665234,1.3927248,0.054346833,10.85671194
1.2337669,1.306587,0.06681732,13.0638918
1.5115603,1.2813786,0.2906675,18.210387
1.3320854,1.3943193,0.09277122,11.04704805
1.1585013,1.0505162,0.18158542,10.2304859
1.7161961,1.5728232,0.22241154,10.4758241
0.92752004,1.1916773,0.432618,17.368164999999998
1.0614161,1.1867537,0.14652787,14.9024656
1.7276559,1.5685132,0.27627638,12.1171542
0.90520823,1.0237292,0.3010618,12.5460112
1.8237269,1.8253964,0.067521974,11.2536651
1.5271057,1.4422102,0.21624722,11.2529384
1.289682,1.2762421,0.0657564,14.592162
1.5160575,1.5305171,0.046151247,11.2754014
1.8232706,1.8647106,0.02915409,13.3178124
1.9042562,1.9657602,0.0864591,10.11269556
1.7336997,1.776478,0.018718382,11.7321225
0.9245868,1.3761928,0.34470654,17.619511
1.5548215,1.288945,0.25255305,13.5538986
1.3810003,1.4153444,0.118117414,13.322085000000001
1.4852824,1.5146906,0.01290352,19.6435714
1.8419167,1.1352512,0.27119654,10.8673039
1.339642,1.3752676,0.038078956,12.860268399999999
1.4026171,1.386208,0.060059786,13.522957
2.0806167,2.2257614,0.02080139,10.9362285
1.1358918,1.1917775,0.19405186,11.02006055
1.6677077,1.7237672,0.023532355,16.2774205
1.2508105,1.1902615,0.17219226,10.2774195
1.3381609,1.7725765,0.1948519,15.356028
1.2589413,1.2259794,0.09823205,17.756211999999998
1.336997,1.3378868,0.016737467,18.4125686
1.3561771,1.2784892,0.21431011,10.09245664
1.9266152,1.5363913,0.21723488,13.8187853
1.0129865,0.9656278,0.07919511,13.480185599999999
1.1175337,1.1243911,0.08215502,14.035788499999999
1.4444852,1.1519911,0.21352184,11.6336478
1.6828368,1.8470023,0.14988337,14.01657
1.8233529,1.7043074,0.43059045,10.9815541
1.4736489,1.1621354,0.20482473,10.66569865
1.8587595,1.8886976,0.3437125,11.6987279
1.3879871,1.4632208,0.025340475,12.2101355
1.2505517,1.3876352,0.3332926,10.1419834
2.0057766,1.4889984,0.40621847,12.934295200000001
1.6892731,1.6661758,0.4772803,15.165552
1.2648783,1.2289166,0.2772814,12.260673
1.6412109,1.6471891,0.09613817,16.825301
1.7504995,1.7631506,0.023824714,11.7505227
1.2970668,1.3895142,0.17284285,11.262057
1.3676662,1.1341928,0.26270694,10.9704775
1.0283105,1.0769747,0.31818068,10.09332834
2.1181571,1.3792546,0.2057038,13.442255
1.2600244,1.4589393,0.23084871,11.837098600000001
1.5940261,1.4955522,0.104369484,14.1134202
1.0927026,1.11316,0.26378614,10.6856419
1.6980221,1.6504303,0.09623077,10.65981515
1.7584858,1.8274701,0.06848401,10.09956663
1.9566894,2.0641518,0.042414844,13.0211917
1.4671324,2.0492616,0.20621805,12.4825755
1.0145533,1.3268298,0.24007389,13.4626722
1.5233636,1.5664129,0.03452946,17.1758664
1.5461391,1.1574391,0.17063572,11.5753946
1.787628,1.8774749,0.021491392,15.0534016
1.5487586,1.647655,0.13199839,14.492476
1.5253628,1.6009408,0.018795276,19.283295000000003
1.8789018,1.1348884,0.16763963,10.029125705
1.4070122,1.3599544,0.06024337,13.9183518
1.3333781,1.2532916,0.24626718,10.16063057
1.5961944,1.6911113,0.049510617,11.2672509
1.5500885,1.5727457,0.0225359,18.0377656
1.1147326,0.99969226,0.08135447,15.130261
1.312932,1.3301578,0.08515985,11.4118122
1.2744145,1.2424061,0.10232126,17.292415
1.1837496,1.1761516,0.07755455,17.426945
1.1993737,1.144386,0.22215937,11.9175097
1.6034983,1.7600572,0.03997335,12.7308884
1.0708705,1.153494,0.054616574,10.5059169
1.9276161,1.0583262,0.16872649,12.18261
1.2740059,1.3378592,0.23114313,16.441682
1.4385017,1.4035794,0.057871584,13.4825698
1.7549696,1.7661347,0.14415993,11.4934127
1.7337158,1.8387628,0.02458926,19.233981999999997
1.2365726,1.2816724,0.25306055,11.06271766
1.3041364,1.332788,0.078842275,19.299250999999998
1.8670151,1.9181012,0.34531045,11.15667544
1.878733,1.9879715,0.0196066,13.6877725
1.4777877,1.1348851,0.1813804,18.188949
1.2001795,1.2902067,0.16682151,17.9486233
1.4438692,1.3734674,0.07981262,10.4937951
1.8191376,1.8607035,0.100884795,19.096023
1.2722061,0.890643,0.15443872,14.3046805
1.3459021,1.399013,0.13031179,14.3287793
1.4057635,1.5086973,0.32301828,14.0142888
1.1109699,1.4033871,0.28723982,13.446690700000001
2.0328724,2.1685805,0.065599166,13.204072700000001
2.0938606,2.1935172,0.15800856,12.5182942
1.3443198,1.4005177,0.10693443,12.2371514
1.7079479,1.7500391,0.08925164,11.2681131
1.4549928,1.4427431,0.03203591,13.2475507
1.5074111,1.5409901,0.020201055,15.411694
1.8606437,1.8874009,0.105610825,10.64028
1.459228,1.0097058,0.2874814,14.0544108
1.5281337,1.0450526,0.23871775,10.21161843
1.7974378,1.8516209,0.46477926,10.45551173
1.3037168,1.2869802,0.030308869,18.0094206
1.4524919,1.4714727,0.11408769,12.8450507
2.0994554,2.2605014,0.09835695,14.315917500000001
1.4366082,1.4102211,0.09310137,10.7382816
1.1995789,1.0265658,0.12251806,10.11052584
1.8734396,1.8003184,0.12542173,10.8973929
2.0503998,2.1111274,0.07620025,17.998854
1.9880209,1.1257913,0.44923943,10.013495161
1.0851705,1.1863332,0.19379257,19.4275135
1.0845628,1.1450588,0.12787691,15.356497000000001
1.6023287,1.6493788,0.019928357,19.20044
1.5472395,1.3337681,0.36853418,16.702023
1.0536556,1.6589949,0.414433,10.9160992
1.3176078,1.2112648,0.41996825,12.2954258
1.5996629,1.3038012,0.15589224,11.2043329
1.8041384,1.9279449,0.029394008,12.8525823
1.2670223,1.4664686,0.2779536,10.0880142
1.2123914,1.119468,0.2832142,13.277166000000001
1.4252095,1.297194,0.13300368,10.725889
1.6388297,1.7311666,0.04238846,13.8584086
1.1713172,1.354395,0.28267062,14.56156
2.0082798,2.0297537,0.11151163,13.703545
1.9331547,1.4523271,0.15315437,12.412977699999999
1.328876,1.3078533,0.020076578,19.910428500000002
1.6985579,1.287427,0.14456554,14.7438133
1.8355032,1.9082158,0.018841807,13.3284855
1.9513998,1.9722481,0.019790852,18.126496
1.1839879,1.1248741,0.08965386,15.2908003
1.3026665,1.3472157,0.07358316,15.2465
1.4936619,1.3509684,0.37281016,12.8082848
1.3349284,1.0967693,0.13315807,11.189140160000001
1.1348563,1.1812974,0.17232348,10.562052
1.1634874,1.1369754,0.056278672,15.373688300000001
1.5264038,1.8141992,0.31355378,10.0010910575
1.5211676,1.6079116,0.045387156,12.5424853
1.4449263,1.5854113,0.32805574,14.635358
1.3015603,1.3862478,0.14921892,17.642524
1.1287773,1.2997662,0.23959775,17.339067
1.8995174,1.9534779,0.036882672,15.9579045
1.4747883,1.4303902,0.36278278,10.4730345
1.501537,1.7066747,0.265264,10.8967501
1.3877008,1.0669115,0.12425535,11.199468
1.6010561,1.4494401,0.36594316,11.4680675
1.4297978,1.4298036,0.011145473,18.510039
0.982368,1.1516161,0.42305493,13.082003
1.7623688,1.8185452,0.018096209,16.580866
1.4089973,1.4668719,0.048777744,15.8526117
1.5004032,1.4991734,0.04705392,16.880083
1.4091514,1.4181762,0.6266855,10.56637138
1.739438,1.5894462,0.18314123,11.5752153
1.8673141,1.782062,0.2654867,12.5752726
1.3419248,1.359546,0.05263893,15.6334275
1.8036681,1.8295448,0.21263255,10.9058019
1.1747503,1.5131751,0.45022407,10.19889673
1.0579505,0.99761164,0.21493807,11.16190284
1.7566309,1.8428416,0.021007802,15.6864285
1.110624,1.3748283,0.105778694,12.288185
1.4723157,1.5356331,0.23280907,16.767047599999998
1.9761014,2.1091702,0.09549798,10.97761236
1.3583559,1.2495584,0.07508778,10.6485689
1.30329,1.1597962,0.54017764,10.53447798
1.7104372,1.1751679,0.10886807,10.9826909
1.299828,1.5025771,0.37819952,10.7284697
1.2770367,1.2324085,0.07665064,15.767544000000001
1.6876298,1.7064245,0.016003873,18.6160123
1.5472534,1.4017274,0.257847,12.779943
1.9806967,2.044112,0.049894046,12.3806503
1.4838244,1.6588985,0.11647984,11.6914348
1.3774886,1.3791196,0.047097858,16.7062366
1.5593982,1.4855229,0.116071865,12.1152516
2.1204534,2.2209983,0.048144456,14.7931427
1.5050344,1.3768477,0.31744507,10.984606
1.2869221,1.2356439,0.18090943,15.390141
1.7912416,1.9349502,0.033425625,12.1875493
1.2910918,1.1963081,0.17584416,17.3463994
1.5191474,1.4383869,0.08133594,13.4540984
1.8920449,2.0182319,0.03252016,13.8532984
1.9371392,1.4670317,0.1463438,11.7327319
1.6881552,1.3915321,0.3301443,10.34531113
1.378347,1.2770225,0.0766006,10.87151274
1.7121067,1.8156385,0.08352877,13.3655033
1.4205889,1.446665,0.06273165,11.6089818
2.0323865,1.5602976,0.39078793,10.26398443
1.6216222,1.6660093,0.026727427,12.175254
1.3911483,1.3913125,0.13316934,12.4608755
1.2194046,1.1893076,0.060879044,10.9228735
1.3789619,1.0288575,0.15941837,14.0090576
1.2673974,1.272686,0.076212816,12.55879
1.1749284,1.1136693,0.10985432,14.1761085
1.6945149,1.7300113,0.10856698,13.4627268
1.8092811,1.5070908,0.4021089,12.0092234
1.2001408,1.1504728,0.11080436,14.2502508
1.5475833,1.4136288,0.16812594,12.2415863
1.4047318,1.416306,0.04740258,19.430411
1.6705126,1.4910069,0.17048588,17.7180016
1.2519876,1.2336614,0.03786666,18.8201356
1.4698843,1.2919393,0.23284537,10.32896243
1.9783767,1.5136285,0.5699211,14.4134277
1.7497901,1.855073,0.051137216,16.172889
1.1618131,1.6410241,0.08780939,17.199633
1.3164982,1.35849,0.3447108,15.353164
1.3704427,1.3202525,0.14258868,15.6639886
1.7330623,1.8319595,0.016786346,10.9031477
1.3474021,1.1950104,0.20914924,11.3604982
1.2290106,1.2439543,0.07334383,13.529392
1.6029568,1.4875996,0.3623548,10.34017246
1.3818396,1.337373,0.29425353,11.7535087
1.1451492,1.3128974,0.36217895,13.9364964
1.425446,1.400874,0.2595924,11.1078173
1.3518635,1.3445948,0.12149367,13.1259608
1.5309182,1.53054,0.035426013,12.0008135
1.3129822,1.2461369,0.3023796,10.8107445
1.057501,1.5255103,0.41752785,11.1378557
1.3929858,1.2463518,0.15677986,13.9528805
2.0647027,1.7247603,0.5384213,10.13793675
1.239884,1.2189932,0.24948907,14.711997
1.7097074,1.7416443,0.039821852,17.798099
1.3022257,1.2848885,0.14386334,18.8847715
1.6744502,1.693863,0.038451422,15.144649000000001
1.6435767,1.3612583,0.31855163,10.9583586
1.6023846,0.99148065,0.17137943,12.975168
1.7559363,1.7575426,0.030131448,16.6348237
0.9680684,1.4211328,0.24610676,12.439456700000001
1.4804215,1.3695179,0.20303698,18.383516
1.5360267,1.6164165,0.17166397,14.5821422
1.563508,1.7255946,0.42094097,10.6622757
2.0041735,2.173545,0.01853621,19.899098
1.8929834,1.4932375,0.2283839,10.6320123
1.6702946,0.92623115,0.25386822,11.4173505
1.6546671,1.7026067,0.014315683,15.0242305
1.5202649,1.4800977,0.076257765,17.898881
1.7650673,1.2997712,0.13068849,11.2880601
1.9236331,1.9692341,0.020698342,18.771723
2.0042722,1.2594426,0.36271682,11.2638356
1.3812711,1.1946874,0.33952412,14.190848200000001
1.3005229,1.4515549,0.44576448,12.6046348
1.6302018,1.7287378,0.056103192,10.31850867
1.2457013,1.2714951,0.40236172,10.5342157
1.1727433,1.1602077,0.07739772,16.647739
1.582993,1.2792094,0.25061908,15.493248699999999
1.4583952,1.3193206,0.13584289,10.11880415
1.770688,1.8077803,0.021722663,12.717179699999999
1.4095203,1.1690283,0.27960294,10.08120558
1.1688405,1.10709,0.09480534,13.579161
1.1392771,1.2285886,0.2390521,17.8702617
1.0049294,1.2364388,0.24168782,11.9005555
1.5400031,1.6270826,0.16292736,16.212447
1.4266696,1.1556853,0.18798867,13.2583728
1.2854415,1.2766083,0.12582068,13.8847858
1.2416455,1.1355252,0.054869533,12.4445078
1.1671835,1.2434809,0.28605285,14.2610508
1.55966,1.6784458,0.028242715,16.532833
1.8141874,1.5774198,0.40093923,10.21166898
1.8589768,1.9366207,0.025768284,13.5215914
1.3997722,1.0920198,0.17997554,10.9133353
1.9888066,1.7983527,0.45499575,12.3668967
1.4639807,1.1914026,0.30168033,15.3521013
1.1783131,1.859258,0.415605,10.47522422
1.3132373,1.1805632,0.1524036,15.796035
1.3080107,1.2976152,0.17828807,13.7784982
1.392311,1.354444,0.09319726,13.071164
1.5272434,1.5510595,0.07154965,19.503788399999998
1.4468375,1.4974437,0.14861548,10.39017323
1.7482941,1.7931274,0.018913938,17.572098
1.5365802,1.1520349,0.32632324,10.08307774
1.5410016,1.5270083,0.052621774,17.438811
1.4274496,1.4286642,0.05767237,18.031105
1.3170229,1.2107024,0.08101806,10.43558754
1.0736921,1.098846,0.07338733,14.39428
1.7386944,1.289337,0.18279064,10.7117901
1.625533,1.0612258,0.30774745,13.0600643
1.3262604,1.4762803,0.22452085,16.2539285
1.7828386,1.494176,0.32559907,10.72470635
1.9042419,1.7201154,0.18339829,10.27391361
1.8734465,1.9805508,0.091969624,11.6031279
1.4413537,1.3752937,0.11180092,13.442666
1.7107686,1.3253138,0.35804132,14.188257199999999
1.0535644,1.5998404,0.3836055,15.5810285
1.5765268,1.4945912,0.18751405,13.769769700000001
1.1052251,1.3885195,0.29459375,11.0715711
1.6247818,1.6123672,0.13994996,12.429931
1.4529868,1.3679199,0.15134983,15.550296
1.749115,1.736994,0.22731447,12.0009357
1.6609423,1.5228766,0.2329641,13.4245214
1.3786192,1.349081,0.059519142,13.5475594
1.9403588,1.4244733,0.37370288,10.86986944
1.8506682,1.035557,0.26108062,10.51026586
1.6371346,1.6992197,0.015163703,19.822585
1.6850917,1.5280986,0.25366324,11.405521499999999
1.1201581,1.2763424,0.2264657,10.6393073
1.9506978,1.5514805,0.39533627,10.6844412
1.3700168,1.5675479,0.29021564,10.6792606
1.5520442,1.7697971,0.07382407,13.6636013
1.1789443,1.1328249,0.17018206,12.0011646
0.9934337,1.1634587,0.27096233,13.846757
1.3585186,1.235163,0.50602955,10.6440759
1.4428797,1.4663506,0.48978463,11.7186588
1.3304827,1.3299979,0.03568923,17.4924046
1.7296076,1.5931538,0.29290217,12.128884
1.464258,1.3457325,0.17018348,11.01552084
1.9097189,1.9673952,0.09725375,12.9599676
1.6165855,1.6931767,0.049513306,12.1553326
1.4739794,1.6822269,0.10614618,14.1903362
1.8851752,1.7042446,0.35032928,12.654434
1.8992244,1.3704368,0.35558245,13.192625
1.6472647,1.8889079,0.10835927,10.4459688
1.3302329,1.2756536,0.18644704,12.904934
1.8385874,1.4901248,0.276335,10.66467054
1.526575,1.3574194,0.35331532,13.141538
2.0144806,2.0699067,0.14617842,12.2754282
2.049715,2.0924716,0.031447157,12.35026
1.6521499,1.5921181,0.581776,11.3292295
1.7496815,1.9485219,0.078727074,15.551562
1.8100145,1.8378613,0.02216867,16.286984
1.394266,1.2658434,0.26784828,10.48424833
1.2764379,1.3009937,0.055835404,13.6972612
1.0971802,1.5560851,0.41263917,12.594037
1.8091345,1.2586738,0.20183419,10.60005683
1.6781791,1.6681819,0.01273017,10.5497814
1.2593981,1.793398,0.24975286,10.85803665
1.1503623,1.1233273,0.17944154,15.6126577
1.7705395,1.3937908,0.23966765,13.506682
1.8044689,1.7934074,0.15141703,11.652562
1.1499189,1.2209429,0.1804901,13.1044403
1.3672768,1.0689113,0.12758683,12.7752602
1.2410299,1.3961595,0.14722776,10.9836113
1.6779683,1.4650602,0.23689125,11.5146673
1.5548565,1.9571362,0.39194492,11.8476354
1.1920744,1.2036881,0.1654893,16.153658
1.6551152,1.3894215,0.35048983,13.616588700000001
1.4306788,1.0660107,0.19748949,10.2551129
1.4994992,1.1197276,0.2781449,10.024100544
1.0080353,1.0890579,0.13216703,13.198934
1.6305372,1.5969095,0.14808029,12.701617800000001
1.4044598,1.2559768,0.06587911,11.3685533
1.6278363,1.2812997,0.37715217,11.5349472
1.4962006,1.2754426,0.14306025,10.10789071
1.1053399,1.851047,0.13326077,10.071530077
1.287665,1.401838,0.033278983,14.9619475
1.2828902,1.3086044,0.13271631,13.2343343
1.7124016,1.3419125,0.2620741,14.4446433
1.360721,1.3186901,0.08230668,11.4865707
1.8762265,1.3317564,0.1635982,11.05657
1.4867909,1.5666126,0.24123551,11.2998348
1.6927427,1.5425886,0.3251997,12.8472996
1.3229307,1.436836,0.040009353,17.4938715
1.577872,1.6416326,0.018425608,18.990074
1.8080859,1.5770612,0.30981588,14.219272
1.3123196,1.218018,0.042936597,14.9489462
1.08859,1.4217315,0.32330725,10.16385509
1.6471777,1.6967026,0.027435835,18.085211
1.6354444,1.4177208,0.17607594,12.0193014
1.6856128,1.7103124,0.018987488,17.750621
1.8071234,1.8986914,0.10742666,14.2211622
1.1968733,1.3494468,0.35724217,11.8425949
1.21039,1.3301206,0.17845985,10.5178241
1.2091253,1.0652479,0.29331318,13.085213
0.9514801,1.027289,0.18670958,13.8830298
1.4949731,1.3158023,0.37366843,17.533075
1.6653205,1.6548524,0.021671012,18.4253407
1.2781327,1.2900976,0.19571711,11.3613088
1.3282678,1.9534336,0.18660335,13.635009799999999
1.8021766,1.9056425,0.020596612,10.3675929
0.91718245,1.1663126,0.41107026,10.27186597
1.4997988,1.4165039,0.07936724,13.6326933
1.5617601,1.5008347,0.24952668,12.9901823
1.2385263,1.2592033,0.25969592,10.52971892
1.324913,1.255353,0.03798065,10.9162785
1.4161017,1.3632171,0.19298404,14.226975
1.065315,1.5386567,0.38070515,11.0747117
1.0920657,1.2075746,0.29632416,10.2920944
1.2182778,1.1557045,0.1713142,11.7948602
1.5173762,1.470804,0.063147515,17.928206
1.5859308,1.3085285,0.38651377,10.2007174
1.5698869,1.6115674,0.020961499,12.1919832
1.0476542,1.1857294,0.38430837,12.852856
1.6332668,1.7052524,0.014930533,15.091932
1.3878721,1.3546326,0.15656382,10.75933024
1.4342433,1.232797,0.44936436,10.3984315
1.6512105,1.385037,0.3652599,10.10091519
1.5096744,1.4554291,0.15721318,14.603041000000001
1.1225044,1.7803154,0.17469195,11.1914854
1.8479089,1.161886,0.34073693,10.75266376
1.3542434,1.3701307,0.01790161,19.092864
1.1686559,1.0493177,0.115063876,11.972699800000001
1.3435417,1.2730715,0.015811585,12.4565932
1.850662,1.3321899,0.27328897,13.3432072
2.019188,1.9553124,0.27425763,11.14333294
1.6343032,1.0251098,0.1176628,11.1625018
2.0135243,2.0869503,0.08325583,12.3992908
1.9054735,2.079173,0.02627445,15.2534676
1.2978783,1.2791195,0.11735484,11.7341682
1.6517501,1.4524746,0.43492088,11.88888
1.549877,1.2352252,0.17566949,15.057276000000002
1.308168,1.2518377,0.283133,11.430179
1.2120367,1.5276848,0.3653831,11.4866841
1.6675409,1.3589083,0.4051708,10.50750006
1.5323507,1.4753466,0.054931156,16.874298
1.6791929,1.7036929,0.11020662,11.5058607
2.0045342,1.7372355,0.3536563,12.6161835
1.6321738,1.4414377,0.23263647,12.7551195
1.6993349,1.6398642,0.12583455,14.2906344
1.7214955,1.8410918,0.087468974,12.3743662
1.3255627,1.3428016,0.02076146,19.76391
1.5107505,1.26645,0.11107975,10.36494922
1.1351454,1.101227,0.078254744,15.894338999999999
1.2680093,1.159701,0.20505936,11.0397206
1.62935,1.7156855,0.054180488,14.755947299999999
1.6991742,1.6930981,0.03757812,10.30938443
2.052721,2.153586,0.022075167,17.443423
1.8304939,1.748584,0.05747085,11.23472236
1.299119,1.0591352,0.15231371,10.27873373
1.3865125,1.317874,0.1865307,17.1384346
0.89786327,1.7082373,0.06636231,12.3799074
1.2719597,1.0335308,0.17914051,13.7940726
1.1491845,1.2201854,0.31696054,11.198995
1.624723,1.6822658,0.023828667,18.2749313
1.6068368,1.3053086,0.1640314,18.560672
1.08668,1.8558257,0.14262336,11.3915619
1.3903242,1.3492973,0.022349166,14.0043682
1.6460482,1.5388774,0.32789978,13.9951026
0.9943101,1.325843,0.33306703,11.3217743
1.5033278,1.4841422,0.1509977,15.845156
1.3057913,1.1559008,0.19567072,12.0393467
1.4352971,1.3029814,0.115748204,15.9624594
0.9461953,1.8953695,0.11433128,14.983449
1.4190482,1.4410381,0.04314017,13.2048097
1.6831616,1.1577888,0.3906694,15.231991
0.994459,1.1678547,0.35987684,12.4109052
1.1673845,1.3863559,0.035659082,10.8518375
1.088653,1.4543426,0.3908677,18.205115
1.5227321,1.5668292,0.058381066,16.9722104
1.486432,1.5115623,0.019544272,18.530107
1.4442235,1.3842795,0.07681364,12.771615
1.6913288,1.7826028,0.12163791,10.3603408
1.3981676,1.4405224,0.028622663,15.5908126
1.3999166,1.3753514,0.031320356,18.0280393
1.0485804,1.0170484,0.18907645,11.6539335
1.9971141,1.394623,0.20507953,10.5562219
1.3091005,1.659985,0.45835954,10.15727919
1.4616152,1.4299824,0.07810069,15.004163
1.0723951,1.1988368,0.0785394,15.669737000000001
1.0827016,1.1692743,0.1785054,14.5591545
1.2399019,1.3122721,0.26263195,10.6573917
1.6885164,1.7724006,0.029245539,14.0128037
1.428957,1.294308,0.19710289,14.5584565
1.3420985,1.3165364,0.055681422,10.6020253
1.417764,1.381474,0.12812732,13.9290115
1.4734493,1.4463239,0.13054036,17.121222
2.0774796,1.3850148,0.40679795,12.267459800000001
2.032917,2.1573,0.033679035,12.3947263
1.3743359,1.0899795,0.16350114,10.64331576
1.7940602,1.8201735,0.0958203,13.8996303
1.0777353,1.131801,0.3162474,11.7197661
1.6794419,1.1044687,0.3107137,10.742107
1.876423,1.8823279,0.15782507,11.1788628
1.7098866,1.6158973,0.23666424,11.2518063
1.0009844,1.7687185,0.19613047,15.3779835
1.9143673,1.2846193,0.12001245,11.7631595
1.4499828,1.4775783,0.12330643,13.444811999999999
1.8413,1.8957992,0.02054087,17.8542274
1.6095734,1.6608545,0.018601807,18.9289975
1.0040611,1.1122346,0.22382936,10.4676612
1.2813423,1.3608345,0.20671333,10.057449327
1.3723091,1.3978138,0.19248566,10.55069413
1.2759261,1.0679499,0.20964596,10.9761417
1.8465232,1.937395,0.017614434,17.172923
1.2965068,1.2973065,0.0321342,14.3698037
1.3724662,1.2718744,0.251579,11.4343525
1.4222673,1.4822387,0.39050835,12.892247399999999
2.0919607,1.8597109,0.44825774,13.8498297
0.9585562,1.1232971,0.21623945,11.1538839
1.6154051,1.2410779,0.24443802,10.4651739
1.562737,1.58459,0.13518517,11.4049655
1.9521526,1.6960316,0.32946268,14.1985467
1.5446067,1.397852,0.26077506,12.4275352
1.5676466,1.5534174,0.046080757,16.291643999999998
1.8001022,1.9110665,0.023589844,11.2158329
1.4615067,1.1975552,0.3137842,10.49191244
1.4162576,1.2571633,0.18332602,10.44833213
1.3338076,1.5675437,0.13666901,13.0740002
1.4634889,1.758064,0.46763045,11.9695477
1.2625808,1.3839664,0.089038685,12.5658527
1.3626165,1.3117647,0.2366089,10.18330624
2.0736775,2.065422,0.16133471,10.19133277
1.4944932,1.1118588,0.24565844,10.7992578
1.6033342,1.2511504,0.23609036,12.3650388
1.3883687,1.1052182,0.12773249,10.6846615
0.98030627,1.0200484,0.1618274,14.5466408
0.9285861,1.5484674,0.32869637,11.488526799999999
1.2546275,1.1497368,0.18585563,11.0546063
1.2228539,0.9702572,0.15745021,10.9306806
1.747846,1.1569052,0.27875006,11.2681092
1.3718866,1.3384533,0.35377982,13.3053702
1.6510026,1.1092862,0.23009399,10.777142
1.1595705,1.1870975,0.12249055,10.9424047
1.6563737,1.5570246,0.16747063,11.5701835
1.604689,1.6145647,0.066746205,14.705378
1.6206659,1.6693041,0.022485588,17.0341986
1.1159838,1.0765128,0.020012757,17.809111
1.5491238,1.204602,0.2612609,11.4568269
1.897592,1.9518882,0.028155299,10.062092044
1.590126,1.5147889,0.120816916,13.7100554
1.3006154,1.5105078,0.27777943,18.008969
1.5696137,1.6358314,0.024805328,12.0314327
1.3479265,1.2518164,0.22965166,10.4099677
1.3670033,1.2782365,0.18464895,15.270299999999999
1.293656,1.263073,0.10565936,10.36084726
1.4774654,1.5685408,0.038820863,17.780184
1.8751581,1.9066539,0.08462899,10.9173486
1.926073,2.12719,0.10617131,12.8064394
1.3353405,1.1555998,0.19332539,11.4221515
1.4284892,1.4715117,0.08955305,14.268341
1.8864479,2.0140543,0.12275489,11.4352165
1.4182788,1.1499712,0.20888382,15.2292824
1.3690815,1.3894076,0.051211655,11.3748698
1.5406992,1.3288641,0.20914404,12.753937
1.3377111,1.076423,0.20945974,12.7032572
1.718598,1.5366858,0.2185919,13.631295999999999
1.6161966,1.5975204,0.084168166,12.658915
2.0087686,1.8164613,0.32750657,10.9957092
1.2607596,1.3678261,0.35606033,10.54426033
1.7638435,1.6460996,0.17018138,10.26788132
1.4003876,1.3234136,0.100631066,13.729085999999999
1.5501173,1.5673306,0.0607384,19.2430484
1.6433959,1.6463413,0.19693,11.8344682
1.9026197,1.9411514,0.037395608,15.462464
1.5331442,1.2252784,0.24785185,10.7894354
1.2545158,1.1808966,0.08353273,12.3987071
1.3730359,1.6815097,0.50845134,10.03241795
1.5218364,1.5841242,0.4227277,12.533921
1.8517829,1.9713478,0.023194075,14.799648000000001
1.9035976,2.0390365,0.02223417,13.573593800000001
1.0987327,1.1336766,0.087085865,11.6438708
1.4500923,1.4068351,0.33412924,16.150572
1.7115462,1.4473202,0.37716302,11.4547583
1.5284772,1.2345911,0.12447993,10.31270336
1.5308388,1.5724616,0.017521324,16.8448085
1.5089194,1.660394,0.038488865,13.5970908
1.0131611,1.0942899,0.0910404,17.536064
1.3633139,1.2502507,0.36450472,14.8263788
1.2530457,1.3818126,0.11128553,12.0726202
1.9249476,2.0010345,0.1305722,11.15791626
1.3487917,1.3901465,0.024288425,17.676551
1.2101078,1.1077688,0.10833501,11.4282487
1.0579439,1.9018164,0.16187958,10.6689203
1.3484145,1.3566905,0.1254847,13.8577315
1.4257793,1.4042352,0.067437924,14.696273999999999
1.700017,1.5242682,0.29941463,16.3852847
1.5222249,1.5480818,0.30904388,12.5365704
1.756418,1.538274,0.30109683,14.137351200000001
1.334526,1.2139668,0.32916614,10.66214606
1.7399673,1.3257433,0.2936016,11.0217105
1.4105037,1.3746866,0.01845536,18.511076600000003
1.4796712,1.3085887,0.3373474,11.5203439
0.8753762,1.6367848,0.39135218,11.5147407
1.3757786,1.3744981,0.018918106,13.0920276
1.4782277,1.496981,0.034037065,17.048541
1.3241973,1.1069977,0.19677563,11.7039658
0.88264084,1.2902652,0.37930775,10.62700994
1.6183249,1.6784492,0.027201096,17.693392
2.0783157,2.0860693,0.38597935,16.3831097
1.8486084,1.987291,0.027790455,17.389025
1.1915095,1.1940722,0.16242422,15.0786203
0.9839349,1.040998,0.12083661,13.2226482
1.087986,1.3342721,0.32645398,15.8778924
1.5539887,1.7086217,0.039606676,11.8289433
1.4270236,1.4688227,0.05045325,11.0497042
0.93917143,1.1060092,0.34178093,10.8320258
1.5106726,1.5206503,0.018475566,12.942316
1.999198,2.129065,0.058201347,16.0250944
1.3636806,1.3263377,0.13159268,10.1763498
1.4500762,1.6359036,0.11032117,13.779399399999999
2.0165384,2.0187943,0.056345545,19.227629
1.3567259,1.4515396,0.38531566,11.4388931
1.9061131,1.983497,0.018488724,19.931847
1.5342449,1.3308966,0.25959456,14.408397
1.2309991,1.2554072,0.13787593,11.9538742
1.9252919,2.109199,0.07634185,10.08904518
1.549346,1.6023341,0.15530217,11.3301975
1.7756963,1.6869847,0.10756367,18.652107
1.1992451,1.2297249,0.18165801,10.18152565
1.3586578,1.2887607,0.2844478,18.704946999999997
1.8248837,1.9695592,0.02419894,18.490757000000002
1.3346028,1.3003129,0.18720837,10.70135444
1.567034,1.4353769,0.11542819,12.3475619
1.1774468,1.5412123,0.3703846,10.4652044
1.8662844,1.5410839,0.35106146,14.443209
1.4707992,1.5655262,0.26970112,10.9891972
1.5788785,1.2096496,0.22110099,12.8344777
0.9867779,0.8718444,0.16212189,18.0167246
1.7183694,1.6611841,0.15055051,12.5777894
1.7892036,1.8720338,0.03403773,13.7617815
1.4139985,1.2378318,0.3062357,13.0430442
1.3069636,1.4521935,0.4731641,11.02974944
1.7003696,1.8620703,0.07111533,10.3395516
1.5946245,1.5915177,0.020871328,16.786561
1.4449137,1.1973785,0.168387,12.826334
1.6543797,1.6233933,0.086469635,15.371856000000001
1.5041109,1.2060342,0.18342979,10.3659945
1.3295151,1.2879387,0.18766263,13.1346846
1.0723885,1.3300663,0.3116593,13.0569133
1.4974902,1.3509277,0.1829996,12.4690622
1.8596866,1.1851307,0.35826322,11.845964500000001
1.5417632,1.5646865,0.024982505,16.3305867
1.8446625,1.7373047,0.3663936,13.5733137
1.6600105,1.52389,0.20717171,15.5394745
1.6519318,1.747426,0.550155,12.0968857
1.510076,1.4937984,0.27432537,14.9886146
1.2073851,1.1872824,0.08484364,13.480158
1.37822,1.8491118,0.08659226,10.23932118
1.8533285,1.7669587,0.14742272,12.4642621
1.4530541,1.3393738,0.14182591,15.6916934
1.2009915,1.3146079,0.11716247,14.6548817
1.2918324,1.3272455,0.29724035,15.1195145
1.4646281,1.4638442,0.21272275,13.2568124
1.642001,1.5489098,0.28860247,10.66251606
1.4493219,1.7081239,0.1544569,10.17394166
1.5658062,1.6253462,0.035825614,12.0575018
2.0028036,2.021658,0.10397842,10.4672492
1.5507385,1.4309113,0.21911341,12.991879
1.4965539,1.4653733,0.09655444,12.6883057
1.3670658,1.3738488,0.1791639,12.297831
1.7368662,1.706011,0.14826928,10.0434363
1.5206696,1.5185374,0.021645455,16.4919466
1.0581329,1.6116104,0.41700915,13.855187
1.9121778,1.9248518,0.16396397,11.949119
1.6563047,1.5152992,0.18270198,10.90593345
1.9695569,1.4238243,0.43298244,11.4870685
0.93021256,1.2300988,0.2730382,13.734466699999999
1.4182498,1.4390962,0.095704906,18.777149299999998
1.425944,1.4106989,0.09935489,12.2859123
1.4852113,1.4578854,0.09982123,16.2422395
1.770981,1.0295243,0.24754211,11.7408824
1.1632992,1.3627377,0.30543447,11.457836
1.8020146,1.9383383,0.47388524,13.8146234
1.5239022,1.2575215,0.18911237,11.4019297
1.7364583,1.4547131,0.40099654,10.056678723
1.3136017,1.3075693,0.23698923,10.34688476
1.0667915,0.9461117,0.1672316,10.614707899999999
1.4228574,1.4870576,0.03640748,12.9347646
1.5854388,1.5110509,0.210077,11.2321511
1.9304093,1.5776558,0.21921924,11.5499587
1.6922389,1.66253,0.067343324,10.07648561
1.4729869,1.1891843,0.25208816,19.918232
1.4873966,1.431889,0.15445374,12.2459315
1.7970853,1.7190378,0.035978537,11.3619345
1.2075338,1.2458258,0.13524322,15.3607035
1.5052106,1.1473505,0.34700868,10.7412544
1.8532647,1.3185146,0.345101,17.532232
1.8199954,1.9502021,0.038689565,16.085694
1.9810752,1.6925442,0.37102574,12.7127925
1.2948039,1.4979683,0.36197487,14.5014602
1.390852,1.4149355,0.013777886,19.1192895
1.6938367,1.2220703,0.32629335,12.3627375
1.4288809,1.4878883,0.28149503,10.8983342
1.9191781,1.2059908,0.24695401,10.2158663
1.8516867,1.9552606,0.020383643,12.1890734
1.1879873,1.2270082,0.23682992,10.49066305
1.4729843,1.2581606,0.25432932,10.7052962
1.365921,1.3532568,0.49299285,13.1085134
1.0394844,1.1040028,0.18436761,10.500529329999999
1.7924343,1.8764306,0.09300929,12.749486000000001
1.5680926,1.0583202,0.14698079,12.7206102
1.9999033,2.0853992,0.036784384,16.731516
1.4200929,1.3609905,0.09805163,18.0409986
1.4410826,1.1983744,0.14886111,12.1884115
1.207888,1.3779993,0.24502674,16.059419
1.5691595,1.6152266,0.025232103,11.4454137
1.7701886,1.8194184,0.03590463,13.647519599999999
1.0330476,1.1034167,0.22472951,19.011744
1.7828708,1.7105312,0.23928583,15.9573877
1.3305004,1.2871338,0.17416179,11.9919898
1.1614131,1.0234007,0.12434059,11.296841
1.2782372,1.3585533,0.063047945,10.7474574
1.4514788,1.4176284,0.24587885,10.7747853
1.6027488,1.66835,0.021310566,17.036346
1.8273536,1.7176323,0.252808,10.3854895
1.6993008,1.7456769,0.10155774,11.1171685
1.668907,1.7410399,0.013887346,18.1408286
2.094552,2.0128129,0.34843305,11.6519222
1.2104822,1.204771,0.03451174,18.815182
1.788989,1.7920685,0.33497822,10.28232258
1.6969793,1.6740825,0.086817004,16.3630474
1.8235433,1.9199669,0.07308609,13.597456000000001
2.0617843,2.208109,0.021940956,15.353517
1.6852276,1.7399828,0.04535573,13.7034938
1.2817855,1.2416987,0.08332584,19.521407500000002
1.3895258,1.2069607,0.14081736,11.420926
1.6158762,1.5107815,0.23996443,15.6512374
1.1316593,1.4508733,0.39131522,12.532661300000001
1.3733982,1.2843087,0.19446115,11.761251099999999
1.4579387,1.4288695,0.025478525,16.1906606
1.8139786,1.6283855,0.39324167,13.9720255
1.2940704,1.3137411,0.043709386,13.176674
1.2263746,1.1708596,0.18939331,10.9111494
1.3993468,1.4103034,0.016168037,18.847141
1.5874875,1.6337171,0.01773819,17.2543824
0.95089126,1.1504383,0.4036984,15.1382935
1.6494976,1.5071616,0.24949393,11.2454994
1.8247215,1.7089012,0.35499018,10.8990276
1.254356,1.2533369,0.11641265,14.169101399999999
1.7353691,1.6508924,0.15713722,11.2770055
1.361234,1.314639,0.13199578,10.4918781
1.6705308,1.7175562,0.02028105,17.5123733
1.587774,1.6321359,0.02334452,18.823338
1.8534378,1.3991426,0.31774932,10.39296765
1.701932,1.560033,0.16113923,11.16117515
1.4390473,1.094899,0.22989136,10.12984253
1.9913251,2.2133431,0.08406758,12.0562963
1.7135236,1.6714149,0.32760766,12.92228
1.814029,1.8313446,0.19156012,12.1911086
1.235802,1.7649598,0.47015017,14.5818847
1.7805506,1.9196717,0.03378301,15.4607564
1.650373,1.6771284,0.11257611,12.3455323
1.6022136,1.6396976,0.04888884,17.192596
1.326479,0.9630073,0.24455799,10.3977563
1.4524138,1.5236332,0.11541919,10.04009827
1.1532397,1.1221546,0.04812073,10.30421335
1.2997229,1.4390159,0.14106266,18.050414
1.7193419,1.7418996,0.02269286,13.2845172
1.2650781,1.2106638,0.059417184,13.78256
1.4161605,1.3999898,0.022073876,17.351565
1.3140785,1.2491639,0.09667584,11.703198
1.2896613,1.2804883,0.18369193,14.4431934
1.640322,1.5026796,0.1882071,15.423111
1.4562782,1.7615522,0.3257783,13.6165068
1.5366187,1.5171261,0.15482475,15.604379999999999
1.1202009,1.2270604,0.11734957,10.80520906
1.9074953,1.9623137,0.021442303,16.495464
1.7128314,1.9682977,0.43298143,10.6361905
1.3648072,1.3105255,0.058103424,13.7453726
1.3754562,1.3828161,0.14208578,13.1876296
1.758421,1.8001821,0.30999124,10.56607764
1.3900874,1.415942,0.024052769,14.2462566
1.2982982,1.1827071,0.14202915,12.779223
1.4651943,1.3114418,0.47363588,12.0777655
1.1537569,1.228294,0.19303554,10.25331896
1.6610227,1.5652478,0.17314419,12.4019355
1.0480319,1.5179152,0.23387603,11.2882194
1.6735679,1.682775,0.075251386,12.6985323
1.4292692,1.5159636,0.043132562,15.327762
1.0672503,1.1773449,0.34407714,16.4422196
1.742612,1.7476363,0.026529543,10.9712148
1.560545,1.5627975,0.13758533,10.19955575
1.4911678,1.5255728,0.06809689,15.9214914
1.4280679,1.500469,0.28622776,19.5479053
1.7311583,1.8048819,0.03008178,15.979162
1.9858134,2.116592,0.028948879,14.0944424
1.0899527,1.1358308,0.16431476,19.120846
1.4690663,1.4222059,0.16907291,11.1121548
1.9644034,2.0746562,0.13148706,16.964409
1.6518803,1.6991581,0.025509177,15.5869496
1.5848722,1.726483,0.05489576,12.4848558
0.9981138,1.1075249,0.1410381,18.939351000000002
1.4425721,1.3862041,0.049590014,10.9625216
2.013553,1.212454,0.13900878,12.7105722
1.3707404,1.8951368,0.115959376,16.8431413
1.8091956,1.9152101,0.01851028,17.399512
1.3713713,1.3520733,0.06996088,19.475777
1.7689533,1.9011972,0.042468,17.7958256
1.0987324,1.0222493,0.15157986,10.05814745
1.2024738,1.5795431,0.12168326,10.12098721
1.6820129,1.1256084,0.22492287,10.11881559
1.5728658,1.580951,0.041639797,19.03866
1.4277458,1.4600322,0.03553586,15.842035
1.8262098,1.8358684,0.16076949,14.6367618
1.3199699,1.3762392,0.070635974,10.3729061
1.8483697,1.958005,0.024082994,14.4303048
1.1921675,1.7265502,0.25124928,10.4592332
1.2646716,1.3041836,0.080127805,19.791545
1.87611,1.9074271,0.16668752,10.13690197
1.6577785,1.7460358,0.015572902,11.3945575
1.6835983,1.3667108,0.15612069,18.10696
1.6433638,1.6084054,0.088133454,11.3847037
1.1340945,1.1303059,0.1812703,14.425368299999999
1.1237206,1.1825618,0.3168174,14.491451699999999
1.5387866,1.32631,0.34765676,10.8568616
1.2336187,1.2177192,0.022686457,13.1004927
1.7683797,1.7909153,0.050581023,18.2992643
1.0687244,0.9393952,0.06121527,18.122435
1.5023301,0.9570307,0.1562018,11.7981458
1.2330357,1.5820637,0.2514034,10.016077838
1.1460335,1.2750697,0.21353923,14.7406545
1.242625,1.1687138,0.069771305,14.821652199999999
1.4397141,1.5187271,0.24174012,12.5183362
1.5635064,1.5546061,0.33434635,10.3665362
2.1195292,2.2402709,0.03821063,17.216676
1.6621338,1.3664589,0.34124598,12.022620400000001
1.3556249,1.4406426,0.08743385,12.454889
1.6002371,1.6050351,0.031604286,13.6727047
1.4978973,1.48051,0.04534602,16.665423
1.9694779,2.0608432,0.031863533,13.8540092
1.5285308,1.531639,0.015323282,18.9627343
1.5046165,1.2649131,0.2867354,12.271943199999999
1.5105524,1.2695856,0.14603055,11.4010857
1.369864,1.6153696,0.35555968,14.253774
1.3776983,1.3880522,0.08482444,10.3848486
1.0859019,1.5320837,0.38899064,10.77834554
1.7496839,1.3626037,0.33412987,10.1980832
1.0878507,0.9878235,0.053047862,11.858028000000001
1.7408,1.7881293,0.045744754,13.9537895
1.855634,1.144065,0.16211264,10.028658381
1.5377668,1.3590285,0.1332769,10.4237538
1.6374826,1.529958,0.36064968,11.1400016
1.9777316,1.901939,0.32301414,14.6246237
2.1073499,1.7716997,0.33083284,13.2126018
1.9835541,2.1284459,0.040048283,18.4854347
1.509501,1.479259,0.4170926,10.8788907
1.3534906,1.5140433,0.3900128,11.0535114
1.4614089,1.4284978,0.062520325,14.699797
1.3864577,1.3172549,0.07974679,18.084072499999998
1.3817358,1.5955403,0.35828665,14.500483599999999
1.065057,1.0454643,0.16639273,15.597003
0.94658154,1.5366274,0.25402978,11.2573197
2.0376081,1.983693,0.2707383,13.287506
1.9630121,2.0343528,0.05159228,15.953216999999999
1.4796338,1.3902934,0.12133983,12.3021314
1.4336002,1.2700927,0.3929514,11.1699828
1.5809939,1.6413075,0.018391062,18.957456399999998
0.91814315,1.10814,0.17261787,12.951319999999999
2.007287,1.4658227,0.50207955,10.47415413
1.3159153,1.2265209,0.1243136,10.41278694
1.186049,1.285344,0.084569685,19.480738600000002
1.8161482,1.6868742,0.0361664,12.8222883
1.1421907,1.3911676,0.16600823,10.3798435
1.190392,1.5429032,0.123833135,13.2092056
1.5595958,1.5834337,0.39987838,13.2618308
1.7304637,1.8166716,0.018081512,15.190392
1.7253911,1.8315499,0.019148944,18.782893
1.2569966,1.3654516,0.2231497,11.19552724
1.3136028,1.3320026,0.11550974,11.2684317
1.0386918,1.1909062,0.29732668,10.4288352
1.342517,1.1244631,0.16931227,11.2066438
1.6080308,1.5081956,0.28511056,10.9751155
1.1328578,1.0765017,0.10332335,14.6454245
1.1610209,1.1392804,0.15567794,13.4886193
1.4208374,1.2377185,0.12057341,11.0859084
1.8472601,1.9347869,0.039271224,15.959341
1.927024,2.0268817,0.09283777,12.1364795
1.6433465,1.343246,0.1488319,13.413959
1.3615552,1.461592,0.27415127,11.3571945
1.6045175,1.475122,0.22229284,12.553063
1.4265984,1.4067895,0.23915364,10.9480012
1.795288,1.8288484,0.017739307,16.1922914
1.8147233,1.8436038,0.09428351,12.4795169
1.4989257,1.5384221,0.28671476,10.74034356
1.9599239,1.2863588,0.26869714,10.49352806
1.4304701,1.0956819,0.22171372,10.9800577
1.1228628,1.1023909,0.10883827,15.844962
1.4047859,1.063479,0.28998032,10.36620524
1.621957,1.6301472,0.021013793,17.7986866
1.5598176,1.2857989,0.1844658,11.06534615
1.5928247,1.5426512,0.07088282,17.3189396
1.2173153,1.2196134,0.04252453,14.3647423
1.7208276,1.6625693,0.11787323,11.1187116
1.4038461,1.3673159,0.16309339,10.75573854
1.0408859,1.0102589,0.20019042,10.42942174
1.9756161,1.5232562,0.29681975,12.571207600000001
1.9446561,1.601085,0.42413306,10.12070205
1.8549435,1.7916445,0.13773304,10.58796555
1.7353988,1.316569,0.2875348,11.7911904
1.3472606,1.4394845,0.33531442,16.540667
1.376589,1.3828812,0.03129544,13.3215576
1.309573,1.4064739,0.22365087,14.249938
1.0818474,1.1775185,0.3725208,10.34780223
1.8487082,1.9589692,0.019966798,16.0950863
1.8290316,1.6813374,0.24645127,10.3770176
1.7696738,1.2044235,0.43031463,12.2718078
1.3385508,1.6667887,0.57396513,14.469356
1.8178878,1.8687474,0.08175101,10.5364169
1.030909,1.9047459,0.10567456,13.6965486
1.3955928,1.35066,0.0437337,13.100529
1.4721847,1.5456862,0.024974687,17.7780825
1.5312208,1.4821362,0.054458432,17.6388025
1.6769551,1.646904,0.10287758,16.847425700000002
1.4769907,1.383773,0.35060352,12.389860500000001
1.6449429,1.6133454,0.58726275,10.28128207
1.8123851,1.7419014,0.15959132,15.023718
1.1074822,1.1835192,0.22277637,12.8172356
1.3074478,1.0458314,0.13907687,12.731738
1.3254219,1.3376033,0.04029096,18.530397
1.5746984,1.6165714,0.015996771,19.9395627
0.99879265,1.4941878,0.5425169,11.2391867
1.4362736,1.1719403,0.15309243,15.530829
1.0876127,1.2359824,0.1969176,14.6114394
1.5958521,1.578638,0.055715602,11.1415027
1.5309615,1.4033837,0.046195213,12.1435218
1.712608,1.8108749,0.052463166,13.7239072
1.7299604,1.156677,0.2517442,10.7393508
1.3093891,1.3784873,0.06726712,11.3824233
1.0631708,1.3406091,0.2494954,12.3594977
1.4676762,1.4767998,0.03397567,13.640506
1.6087352,1.6118218,0.24608651,13.2113352
1.4493668,1.360221,0.3274599,11.4118914
1.1042331,1.1114826,0.30811775,11.0016003
1.3337238,1.3692825,0.08507143,12.7951503
1.7048359,1.4507315,0.27597234,12.907775
1.8901163,1.3958725,0.48395574,10.052054124
1.3456091,1.2723491,0.08199896,11.2142145
1.1404558,1.0427747,0.036291573,17.8428227
1.4687408,1.3457438,0.17586626,12.0757645
1.6308377,1.5938635,0.24367303,11.786335900000001
1.9760187,1.2691445,0.23475303,10.15125071
1.1780648,1.2406074,0.21131705,10.07087487
1.3743793,1.3119582,0.15951592,11.0969735
1.3135731,1.3177598,0.040221855,15.3369737
1.6669798,1.8648357,0.23141542,10.8323901
1.5169414,1.4458165,0.16098733,13.1350452
1.8272512,0.9598236,0.33879954,12.862812
1.1258059,1.6212977,0.517325,10.20924175
1.6285655,1.6633539,0.11546331,10.8709386
1.254846,1.3153462,0.033933546,16.0487276
1.5281072,1.5413877,0.028746644,12.4013528
1.6733017,1.7487648,0.018427918,14.5049566
1.5417992,1.5311667,0.15911801,15.0227845
1.6029203,1.5427341,0.049020395,11.6327839
1.924259,1.4812222,0.5344789,10.9130101
1.6112784,1.73016,0.05588548,10.30710503
1.539893,1.5493997,0.031972796,17.167157
1.3217384,1.5040226,0.18041767,11.1790565
1.7885804,1.8594515,0.031280726,12.618726800000001
1.7689248,1.8034468,0.022850197,14.141473999999999
1.4171735,1.3988032,0.26604262,10.016569005
0.98083967,1.1563135,0.14726801,12.1999277
1.7748835,1.9008138,0.019079382,14.3194434
1.0826503,1.6013505,0.633279,10.3308403
1.4034022,1.4687607,0.07837355,18.82425
1.2785728,1.2408739,0.0693703,16.882328
1.1031463,1.4499856,0.3593278,10.29048929
2.0403335,2.150753,0.019717464,17.332647
0.9804243,1.1750281,0.08864927,16.1580586
1.1405936,1.0362968,0.11966135,10.55733394
1.110214,1.2544508,0.10882068,11.8131077
1.1151778,1.1633337,0.18105924,10.31050505
1.2810326,1.0462759,0.24619097,10.131495325
1.5475488,1.5567303,0.08393492,10.3218906
1.5697446,1.2105435,0.2660787,13.4707695
1.6576037,1.42793,0.44215447,12.0510937
1.8118128,1.0896463,0.25841135,11.366641
1.582878,1.4772158,0.09968546,10.45672584
1.3242756,1.3202099,0.07348366,17.277739
1.2995896,1.5274378,0.20533396,12.554038
1.8701872,1.9365026,0.12606207,17.2084206
1.2526771,1.3521993,0.08532465,19.860673
1.8105019,1.8769692,0.03094459,13.000388000000001
1.3860731,1.3956565,0.030354947,18.833001
1.4918077,1.5582204,0.22497004,11.1807856
1.5848716,1.4502022,0.15726155,14.591981
0.9824976,1.5638928,0.29494536,18.612543000000002
1.4697232,1.0980033,0.25978705,10.3991964
1.7348366,1.3713646,0.43896064,10.4174659
1.2717103,1.6187439,0.35662284,12.7913618
2.0530312,2.1433244,0.04895259,10.18628662
1.3592943,1.2598499,0.1489145,14.130722
1.6495397,1.2709247,0.44589448,10.062906523
1.9051722,1.9044077,0.10165859,10.7467135
1.0803343,1.0382575,0.1315206,17.413001700000002
2.0583844,2.195069,0.049275905,17.0869106
1.5361665,1.1023777,0.22318487,11.8641509
1.5743635,1.7117679,0.06358712,17.9772097
1.3138225,1.2777584,0.05400889,10.8117353
1.253635,1.2654718,0.19186552,13.621113000000001
1.6815674,1.5999403,0.1765131,11.216793299999999
1.1147485,1.0717783,0.19638577,13.952929000000001
1.6882274,2.0082507,0.30072308,11.9353834
1.420148,1.4243032,0.07498749,13.941349
1.4290508,2.1193924,0.15281154,11.933724
1.4740872,1.5049782,0.1282447,10.057522766
1.6715349,1.6863217,0.012720024,17.544897
1.4615042,1.0356842,0.14498657,11.6184483
1.2337826,1.193145,0.08879997,11.12113215
1.7603917,1.8659157,0.03390636,18.85936
1.086032,1.9838933,0.15584303,12.78423
1.6110952,1.6287994,0.036587887,13.815884
1.5609508,1.5484979,0.17300074,15.3776765
1.1359601,1.2227234,0.18287183,11.08710624
1.1870141,1.7711599,0.30911788,14.8985478
1.315806,1.2948167,0.27995363,13.9379936
1.7651229,1.1269177,0.15090998,10.55014383
1.5943751,1.2690644,0.39784214,11.2921458
1.7655413,1.6285069,0.29377747,16.636605
1.4091084,1.2068887,0.2827477,12.5234082
1.4050803,1.4460638,0.011291079,19.009833
1.161759,1.3151094,0.07756748,11.282445599999999
1.2890071,1.6977317,0.23416103,13.458217399999999
1.4443543,1.196835,0.31332678,10.4535452
1.4445586,1.3187665,0.121782996,19.560353
1.7281654,1.2352908,0.31740332,11.5861334
1.4270431,1.4146824,0.06716146,17.01459
1.5496771,1.6245526,0.03125377,17.4638176
1.3744276,1.3731046,0.030624952,16.9918245
1.1396222,1.4301641,0.36122832,12.5956422
1.175841,1.2799568,0.13714053,15.436419
1.5178405,1.3441999,0.15753525,14.5249933
1.4506273,1.7843852,0.13973095,13.788690599999999
1.130325,1.9768621,0.3396133,12.073117
1.3102344,1.2510315,0.31629682,16.2169373
1.1584296,1.2325051,0.37990963,10.6443553
1.4599174,1.243245,0.17890567,11.6346025
1.3639816,1.3536693,0.019908177,16.240243
1.1357882,1.1925672,0.26699257,12.6640773
1.8681049,1.4344149,0.07216539,11.648196
2.1371658,2.2265196,0.036284145,17.838575
1.1482013,1.07086,0.23148742,12.602014
1.4988854,1.3124363,0.20643547,12.5041774
1.4422238,1.0642571,0.17574884,10.4042206
1.4076245,1.0635633,0.13204654,13.441828000000001
1.8663285,1.6085465,0.32576698,10.93209215
1.5305072,1.5568192,0.2255059,13.051112
1.3559854,1.321795,0.05084587,14.0498912
1.7604682,1.8604524,0.041928127,13.9028528
1.5930095,1.6713789,0.023691362,14.6016514
1.2944932,1.2484231,0.053890754,17.643537000000002
1.3826125,1.3511281,0.5931754,10.53516563
1.7734313,1.8704952,0.01568625,16.869228
1.7208543,1.709756,0.1241222,10.45754794
1.0802282,1.4363589,0.23787184,15.4471457
1.0553094,1.6541964,0.25786334,12.6265454
2.0648277,2.057333,0.21522485,15.9778005
1.9875808,2.06664,0.025244592,17.399981
2.0267994,2.075048,0.0678748,13.611858999999999
1.1951137,1.0744356,0.1867844,13.305724
1.1406927,1.0286217,0.1185162,13.0051404
1.2675862,1.3858814,0.11654767,11.6085221
1.2388105,1.2823603,0.047787942,16.011927
1.6671766,1.1858866,0.26714143,10.0089974096
1.318126,1.4573286,0.4964069,10.64201966
1.8260083,1.8650405,0.061835844,10.42115107
1.3877665,2.0866303,0.04778024,12.599105
1.6803427,1.856674,0.059169233,10.57301596
1.4804906,1.2728739,0.25218093,12.685967
1.8764398,2.0368366,0.05539297,14.4138828
1.8075669,1.876836,0.023275683,17.8177476
1.5689933,1.374546,0.17118782,12.2248942
1.5023738,1.5060941,0.04639022,10.8857289
1.2801235,1.2324294,0.18734333,13.9229316
1.2183176,1.2509699,0.05188152,13.7039763
1.0430359,1.3229346,0.34985754,11.5724324
1.4431112,1.0931846,0.0729693,11.3356309
1.7828503,1.7897083,0.01888939,12.5156733
1.7514477,1.5024661,0.29912823,10.23942703
1.7320461,1.8356516,0.043421492,10.5263189
1.819515,1.4456393,0.37044156,10.015956716
1.2053646,1.2760991,0.44592565,12.8866732
1.8751547,1.4953926,0.49035203,11.9458248
1.383186,1.6075113,0.2926692,18.768596600000002
1.5140029,1.5519146,0.02963592,14.8243025
1.311575,1.28233,0.21148534,11.132568299999999
1.4703753,1.3432059,0.19561674,10.20955361
1.9527242,2.014649,0.078194864,11.3793361
1.4794137,0.9762037,0.14621714,15.841477000000001
1.5137904,1.9242872,0.11195839,11.0063136
1.8348398,1.8843573,0.023553917,16.9079316
1.7382053,1.7974188,0.053235166,14.758572000000001
1.4990093,0.99846566,0.225914,11.21935405
1.3388952,1.3624893,0.055649605,14.5491347
1.2753941,1.3900523,0.61799437,14.9758318
1.6689066,1.2998834,0.28102484,10.18045653
1.8031173,1.0808028,0.18416065,10.9075958
1.4629217,1.5508285,0.12473558,18.8999796
1.2212439,1.2147926,0.1342951,17.9968184
1.2645334,1.2386214,0.13991675,12.6889238
1.3291036,1.5119381,0.3790523,11.0902888
1.286106,1.2218424,0.21689023,12.889587599999999
0.95694685,1.6096144,0.30798393,15.7977253
1.2756401,1.2815375,0.17308562,14.269784
1.8072424,1.7868779,0.16237329,10.14157235
1.9685369,1.241033,0.33220592,14.485059
1.3090508,1.361342,0.031797606,19.212477999999997
1.1344905,1.1566477,0.18162541,10.91642156
1.6261208,1.5607343,0.11581663,10.7456024
1.8442373,1.5539,0.22258388,13.4746006
1.2218006,1.2969944,0.33953044,10.394073
1.5358068,1.2119112,0.19442683,18.835771
1.4195548,1.610673,0.38841444,10.08111879
1.2843692,1.3538756,0.3243834,15.66434
1.393047,1.2632909,0.27849528,10.26924992
1.7179823,1.5490205,0.26531878,10.21853862
1.664155,1.0692958,0.16346477,10.04869035
1.0845559,1.1725851,0.1400747,12.710620800000001
1.820749,1.9085361,0.048660874,12.577673
1.3105489,1.9276241,0.20879175,14.6990752
1.7202069,1.5219405,0.33830494,10.936094
1.5578038,1.3573442,0.357011,10.36619764
0.992971,1.0747645,0.21889828,12.1915646
1.9749396,2.00994,0.049564637,12.1148519
1.3598481,1.4881637,0.31688374,13.1133336
1.63879,1.817793,0.079193495,11.5650782
1.505504,1.4984627,0.17726417,18.191721
1.1701151,1.2557952,0.2775794,12.3893254
1.5685745,1.3712871,0.15167303,10.7987886
1.4674017,1.3671192,0.19453485,14.68958
1.2278885,1.197083,0.04023518,11.802973399999999
1.5214115,1.2577872,0.2902313,10.14733664
1.6478908,1.7944701,0.014117647,14.3295518
1.4999552,1.491297,0.17907113,11.6983998
1.2488587,1.2868887,0.27347156,11.522784399999999
1.3821955,1.6324131,0.35114998,14.9524075
1.2104267,1.2308843,0.13482167,10.13820475
1.3627733,1.2577376,0.24589609,11.956205
1.7533375,1.7903824,0.13469529,14.8871842
1.7080842,1.6917357,0.52818674,10.3108484
1.3566068,1.3412513,0.08544775,13.282940700000001
1.6560361,1.7368021,0.19347927,15.046402
1.6317554,1.8451993,0.37742537,11.0216943
1.173212,1.0460422,0.22088826,11.8268414
1.2693479,1.2518228,0.07704475,10.47622755
1.1286358,1.2014415,0.29286104,10.98726116
1.3480505,1.3949956,0.3931839,12.825092
1.4770138,1.4613736,0.036967736,14.9444973
1.7766132,1.9311744,0.44143033,12.866481799999999
1.1904107,1.1368024,0.26517475,10.49639683
1.7269778,1.6776099,0.19002661,14.120581
1.4953631,1.5011555,0.03903554,13.913131400000001
1.8326044,1.2720628,0.23037261,14.648318
1.8239192,1.5344231,0.2718593,10.038904212
1.1081297,1.7994606,0.49331945,11.2764372
1.8498839,1.1321605,0.09963006,11.6579287
1.5245445,1.470434,0.10560134,15.282917600000001
1.2134908,1.4289777,0.25117967,13.4816304
1.299164,1.0670253,0.13317467,14.037896
1.2733016,1.318228,0.052243523,13.1044477
1.8566208,2.0087645,0.03563775,13.5872695
1.6955113,1.9161025,0.13381048,10.07730486
2.0590296,1.6885064,0.24081428,11.6416115
1.7187212,1.7514448,0.122641444,12.628968
1.1066256,1.1490636,0.32772067,12.715862399999999
1.4789964,1.2232454,0.34223256,12.0819266
1.2438042,1.2350743,0.13182613,13.626097
2.0929942,2.2170355,0.02083305,19.818624999999997
1.1216512,1.0680133,0.12930627,10.17982898
1.2534902,2.0404682,0.09491307,11.7033601
1.3717295,1.8753337,0.272784,11.9007482
1.5991884,1.7244925,0.086086825,10.26005985
1.3407556,0.9159118,0.1353885,13.5486865
1.0594964,0.9470822,0.053259604,17.240021
1.4641907,1.4344295,0.09943103,15.753591700000001
1.7416587,1.7831514,0.0220439,11.2708265
1.1193553,1.0793254,0.18345731,11.2013726
1.7386911,1.2336707,0.41035455,10.46582814
1.4941932,1.4662653,0.14460506,11.6038316
1.6378314,1.1712359,0.2926787,10.13071422
1.7959895,1.2884648,0.52546746,10.66855885
1.504231,1.1995908,0.20087563,10.9757583
1.7162211,1.724658,0.07136254,10.7030178
1.2012638,1.3051662,0.26390025,11.4066927
1.280017,1.3599042,0.11728281,10.46771653
1.7703946,1.8455257,0.028168852,15.403120000000001
1.4140147,1.3223978,0.34655365,14.285631200000001
1.7381085,1.8006043,0.018913154,11.507028
1.1368428,1.3503461,0.3574521,13.5012665
1.9085588,2.0427518,0.12220719,13.468969
1.3563251,1.3338369,0.17742991,13.2619235
1.3089144,1.1374016,0.14086385,10.29835846
1.3588598,1.3642931,0.22949554,13.4830543
0.9205907,1.0937829,0.20208864,10.8811195
1.953185,1.7107046,0.37010413,10.3955541
1.5825868,1.6074395,0.15374608,10.41261334
2.069345,2.1855369,0.01867529,17.2483015
1.5411111,1.5589939,0.038547516,10.01233639
1.8937334,1.9861757,0.045297507,15.522276000000002
1.4698249,1.3924632,0.18450667,12.5569266
1.7506198,1.8928152,0.016878175,17.3704904
1.4660611,1.5099926,0.095253766,12.974444
1.2564387,1.2269814,0.04230055,17.229992
1.8848898,1.8195176,0.18306646,14.3642664
1.2267411,1.1479262,0.06837891,10.3286811
1.4218031,2.1410413,0.40109542,11.239191439999999
1.2980381,1.3272705,0.263704,13.3051127
1.1580304,1.4153912,0.23721136,10.04562318
2.0371068,1.2058252,0.36882874,10.6382067
1.318336,1.3419702,0.25196835,10.38631923
1.5081937,1.5826195,0.022046203,17.447753
1.4022706,1.3836491,0.054285113,13.145430000000001
1.208243,1.2004282,0.093734525,11.17323115
1.4821801,1.5891982,0.37000224,11.519824100000001
1.3934848,1.5853338,0.39894164,10.22001881
1.2488095,1.5064173,0.23694177,10.40177144
1.4025968,1.3421566,0.13599417,10.070976918
1.7028947,1.6985974,0.3346646,10.419813
1.3571807,1.3398993,0.083231114,17.003769
1.1730428,1.1739647,0.16891918,12.5866562
1.360902,1.214782,0.119086675,11.05585754
1.6873525,1.795135,0.041317895,14.307407399999999
1.4278169,1.4727411,0.019556418,17.368556
1.7895615,1.8733689,0.016182328,19.6359396
1.2747544,1.308876,0.0633608,15.1878214
1.5208102,1.2894168,0.16812539,10.14824077
1.2878183,1.2880244,0.048328936,10.6581518
1.3870616,1.6487336,0.4512502,14.9458078
1.6866182,1.7392299,0.05125771,16.043612
1.7703195,1.4171386,0.30261672,11.7285956
1.8206406,1.4854603,0.24179837,10.28628625
1.8335061,1.5896714,0.29397207,10.7354023
1.8137269,1.8544494,0.05451781,15.989923000000001
1.5729306,1.4140658,0.26149473,11.7916013
1.7111261,1.8050425,0.057154503,15.1151836
0.9223095,1.4935945,0.53652906,12.8638715
2.0444467,2.1084185,0.05177574,13.933471
1.3724788,1.3233867,0.1636304,16.413551
1.5954398,1.1157434,0.36439443,11.7952436
1.1503997,1.3317509,0.3244357,12.973789
1.1368291,1.2292824,0.12283113,10.7304935
1.3764623,1.3506734,0.06289961,17.0258975
1.7317748,1.0552324,0.24878542,11.0140703
1.9882263,1.5177875,0.40867922,12.354855
1.178198,1.197288,0.07576971,13.9321798
1.2282492,1.3297635,0.27564326,16.189653
1.4857073,1.2557815,0.18818076,13.956396
1.1553148,1.1015527,0.27324152,12.064370499999999
1.4810786,1.2659217,0.28370848,14.1038516
1.8898711,2.0726142,0.0234963,11.7451522
1.5076668,1.1899688,0.24485202,10.9867929
1.6524036,1.6680903,0.01704677,18.7678486
1.2962804,1.3778584,0.17735109,10.40462784
1.4075913,1.0493531,0.24368624,11.0264315
1.495538,1.6362624,0.025042182,11.11629106
1.438093,1.3589964,0.5512882,13.8404223
1.4401803,1.5617502,0.24644963,14.5186234
1.531322,1.4859614,0.16699097,15.042732
0.93873423,1.1841114,0.26323777,12.777550999999999
1.1999017,1.1349087,0.35357645,10.9627648
1.5719857,1.2799001,0.27502385,11.8882228
1.5618804,1.6171972,0.025637334,14.67511
1.2475076,1.0787449,0.21544123,13.901738
1.4998316,1.546603,0.039935224,18.9169747
1.6013052,1.9673933,0.2370073,10.55782225
1.6317977,1.7382419,0.03267806,14.118620199999999
1.2892039,1.2576528,0.04326978,18.830199
1.2659646,1.2792206,0.09831549,10.381275
1.8803133,1.9917278,0.045651376,14.701758
1.5419021,1.341592,0.21460412,14.842590999999999
1.7844659,1.8408875,0.038622525,15.3569114
1.2011753,1.1747484,0.064844556,10.29224986
1.4569036,1.4327729,0.22522205,14.522345699999999
2.0889065,2.2269304,0.15119556,12.5843108
1.8517925,1.9377807,0.020119967,17.035505
1.1372648,1.114045,0.15083605,13.5888088
1.6908238,1.7607598,0.037058905,16.943616
1.8583602,1.9159864,0.029065948,15.9279037
1.6059023,1.5973494,0.020307764,15.712055
1.6876363,1.5124054,0.33587247,16.235634
1.2499001,1.7357972,0.4531995,17.650024000000002
1.5273925,1.2864642,0.3872568,10.8843193
1.6141863,1.67087,0.02829449,19.2688406
1.6801736,1.3013544,0.41827944,12.930387
1.5311369,1.4313679,0.17795096,10.2212348
1.6519784,1.4727685,0.4144471,14.566153
1.0823458,1.2455336,0.19364499,10.47654703
1.5730644,1.0623785,0.29033375,10.1875999
1.4764736,0.9249744,0.22045368,10.21828303
1.5395768,1.4974815,0.10536186,10.9144254
0.99160326,1.2619828,0.32356897,16.9783354
1.1141349,1.0354426,0.1700551,16.551074
1.3787131,1.4667728,0.08201763,11.840305
1.9594623,1.4637709,0.399291,10.058504143
1.0509216,1.3882436,0.34115732,12.0127589
1.1749274,1.1552873,0.038994275,18.7719345
1.3889145,1.366007,0.0494299,16.807011
1.8284689,1.536371,0.26932594,13.955798
1.5663726,1.5067501,0.06769915,15.502226
1.1877027,1.0636419,0.16865365,11.6677673
1.4061527,1.473973,0.13251571,15.485738999999999
1.732251,1.748096,0.023268739,16.944467
1.482954,1.4885798,0.056207582,17.3963517
1.7467732,1.8139746,0.047608428,15.778856999999999
1.8752717,1.9590194,0.06302576,10.29956777
1.7062011,1.5666089,0.26936755,10.6863887
0.89274937,1.1687033,0.4863765,11.0775166
1.5863744,1.1893165,0.14287348,10.131670805
1.546473,1.1775094,0.32888183,10.61891098
0.97880375,1.3709428,0.23703918,13.4306312
1.4412277,1.4187403,0.11644644,10.7043205
1.2329035,1.1611744,0.08609631,12.997489999999999
1.5559851,1.4103354,0.17929567,13.5654366
1.6638898,1.6700951,0.025681892,16.4011085
1.5513871,1.5671924,0.19219007,11.5064777
1.3912393,1.4470677,0.024032641,17.220380300000002
1.2040452,1.1107521,0.06348009,17.203284
1.1863006,1.1459084,0.19430171,10.2645395
1.6714258,1.7697829,0.054255337,18.4956527
1.2375071,1.337481,0.1672252,19.9159425
1.2969286,1.2380005,0.09103187,11.2803207
1.7637725,1.7732208,0.30805126,10.17847564
1.7416689,1.7958522,0.030649358,10.7936585
1.4126507,1.6543291,0.5302617,11.4210682
1.326962,1.3371749,0.023658618,16.5890473
1.6917721,1.7914159,0.034513436,11.22979924
1.2366503,1.2290143,0.27843967,12.2375797
1.0327138,1.0902618,0.07921951,13.939904
1.6179972,1.726,0.06698877,10.596132279999999
1.8381181,1.9266068,0.021703675,15.020248
1.863899,1.9930356,0.046404727,17.1053463
0.9948499,1.6752727,0.3497162,11.5801392
1.728339,1.7776957,0.023730058,14.1937286
1.5038928,1.442864,0.16838077,13.5204813
1.0874218,1.6924665,0.2653615,10.16712064
1.5217154,1.3981164,0.4474891,10.23713715
1.92464,2.0082192,0.02053809,15.904641000000002
1.6044362,1.4713721,0.38473448,11.24121524
1.3694268,1.4320642,0.15878606,11.004739
1.5968101,1.6855311,0.04431827,11.174245899999999
1.8691623,1.9137219,0.049926877,12.1338892
1.7345964,1.695456,0.122753665,12.676207699999999
1.7559466,1.3669565,0.30861866,10.12442157
1.1224062,1.1807401,0.16444735,17.334346
1.5615673,1.4310219,0.3419323,10.8999708
1.8942676,2.0179377,0.12101277,10.6863047
1.4340736,1.5123825,0.115062,11.7175049
1.3720453,1.4372063,0.058259074,13.7256914
1.5081685,1.5375965,0.04693279,17.2155315
0.94934505,1.4903202,0.35921755,16.0407543
1.1387503,1.2341683,0.21030624,16.967604
1.6165855,1.5692768,0.06874701,17.540188
1.2515498,1.1304245,0.15894552,13.238935
1.6548808,1.1236478,0.14246784,15.9630615
1.2449466,1.2251989,0.11348551,11.4274284
1.2343962,1.2297368,0.1651382,10.4316735
1.6856987,1.7527678,0.08539925,10.44005763
1.5564586,1.2487075,0.26326776,12.9147813
1.0173743,1.1195247,0.30632252,14.287645999999999
1.5077899,1.5180151,0.43790632,14.0012226
1.2782267,1.2840222,0.025668362,17.1716106
1.3262861,1.2746267,0.1497739,10.9675868
1.5502899,1.5386138,0.04971091,10.076412177
1.4855263,1.2430179,0.150054,17.6939183
1.5544999,1.3399591,0.3059369,15.2366585
1.2908711,1.2525016,0.09085018,15.739135
1.3725317,1.2827673,0.08306961,12.627939000000001
1.2623739,1.2127025,0.069590084,19.976716
1.6977069,1.9671619,0.41972882,15.0619054
2.1299841,1.771798,0.34582514,10.9402627
1.4931581,1.3185449,0.27032423,15.13107
1.4892317,1.3545644,0.09473851,11.117776
1.676915,1.7256963,0.01810306,19.576359
1.4795177,1.4078348,0.42732233,11.0217134
2.0366795,2.1122704,0.023490386,13.837565999999999
1.5430142,1.4999083,0.06043854,13.9334247
1.5812657,1.0663286,0.16925345,10.12810294
1.3132317,1.4267344,0.34757242,12.5611356
1.4824027,1.0436214,0.18262158,15.1204884
1.2499526,1.186778,0.114623584,14.2481422
1.3773123,1.4755087,0.08097943,10.20815069
1.3143674,1.1787468,0.27356663,11.9948146
1.850875,2.0657997,0.028015781,12.1427263
1.3058205,1.5587118,0.34337828,12.719603
1.0529708,1.192413,0.25557426,15.009872
1.4935341,1.4541242,0.11231873,11.1035589
1.7946637,1.2994919,0.28195703,11.10321656
1.4208542,1.312628,0.07303224,11.0445254
1.4655616,1.6825719,0.064733006,12.1163273
1.2620375,1.2086909,0.052139822,15.620928
2.14712,2.2938457,0.046869773,15.680571
1.5005708,1.7685447,0.3100803,11.5562849
1.3062427,1.3050407,0.068970084,14.0966234
2.0816302,2.2192016,0.025748145,17.574659
1.3370999,1.3381128,0.036367524,14.645853599999999
1.2815768,1.206053,0.09106808,10.13672744
1.8126919,1.6930339,0.30887952,14.5104328
1.7273211,1.8018823,0.11188962,13.366686999999999
1.7402143,1.7316183,0.13894916,16.9463325
1.4774096,1.2514595,0.28800914,10.8683693
1.1475351,1.1197244,0.094609946,13.7772527
1.2528638,2.0668795,0.15566212,12.8023556
2.0940864,1.6955465,0.4354159,12.8199288
1.4059358,1.2722532,0.37286028,10.1989549
1.7759169,1.5354058,0.34199187,16.0063654
1.6919022,1.6683564,0.0422291,10.36824144
1.3070238,1.3834169,0.13183233,11.098569
1.5981032,1.1758239,0.269592,11.6000149
1.120532,1.1693193,0.24458645,11.2592988
1.0662386,1.1338582,0.11198398,18.337616
1.1220328,1.1232942,0.294846,10.8647232
1.5476565,1.5066245,0.021188766,14.4237205
1.6395025,1.364031,0.30020562,11.5962037
1.7477846,1.2377126,0.15698078,10.5693079
1.8220743,1.8971415,0.06128096,12.9341608
1.3695177,1.390862,0.085525125,17.63647
1.9483804,1.8174692,0.38217506,10.12834995
1.647766,1.7549117,0.09142975,10.983121
1.2549238,1.2076055,0.350036,12.612214999999999
1.6404024,1.6982446,0.02343945,16.664780399999998
1.1701494,1.3700452,0.28368217,10.07810217
1.856221,1.9095017,0.04093528,15.0563526
1.3660362,1.4870722,0.61296445,12.3289004
1.8111231,1.8621827,0.019711597,14.9638054
1.6377789,1.7254901,0.02132205,18.3973145
1.6644063,1.4359739,0.34790877,11.0152033
1.2908871,1.3174341,0.2669104,14.2425734
1.5258338,1.5625119,0.06954077,16.055222
1.6921072,1.4214416,0.42827097,12.8582674
1.2047129,1.3108288,0.15408975,12.5018445
2.068073,1.414926,0.4034878,11.9922262
1.4784396,1.3171319,0.109186545,12.3999536
1.8141261,1.897303,0.020276457,15.55958
1.3613676,1.0921739,0.13795948,10.53830337
1.489673,1.4619504,0.030128825,19.2240787
1.2663192,1.2619226,0.03666152,15.393927999999999
1.5252546,1.466059,0.067778796,10.9938351
1.8680576,1.9522015,0.17629921,11.698586800000001
1.5400928,1.5852265,0.021249183,13.6881968
1.3330964,1.3692894,0.014138227,17.0143324
1.4097071,1.4226921,0.09511063,15.507725
1.1813099,1.2096697,0.14841436,10.6595347
1.3659455,1.8434818,0.28383732,12.442027
1.4661859,1.4678724,0.090287924,17.277758
1.008419,0.9841197,0.10608781,16.83823
1.3688622,1.1680099,0.19160672,10.30826475
1.1365461,1.6493475,0.21627268,10.17963346
0.99557865,1.5696076,0.35165346,13.9811602
1.1895134,1.346803,0.24969946,16.1960244
1.8669826,1.9201939,0.02733834,13.798017
1.2074037,1.3908659,0.4331005,10.32769207
1.890549,1.3019781,0.39717954,10.6404031
1.7098057,1.71438,0.103209324,13.7899685
2.1422477,1.9779785,0.118341014,11.829962
1.2422174,1.195542,0.23453064,11.4047948
1.675973,1.7759283,0.025388537,11.4865048
1.8469156,1.6507447,0.24960047,12.3252524
1.1356422,1.2342352,0.33176452,11.7917424
1.6167445,1.6202943,0.18345276,12.8876668
1.7523446,1.4154748,0.3549395,13.4033212
1.2804517,1.1580864,0.10591581,14.588795300000001
1.9650176,1.8096783,0.38061774,12.6860932
1.2726135,1.2060108,0.1636624,17.2844607
1.3762372,1.317816,0.14193034,10.6542807
1.3165572,1.2566991,0.26541412,10.51708974
1.7448692,1.7752542,0.040913697,13.176762799999999
1.9076967,1.3380442,0.46924555,13.9012116
1.4974864,1.274158,0.1468719,10.008087559
1.522556,1.5957007,0.055366322,14.0064195
1.2796782,1.2223626,0.09041979,18.735659
2.0864282,1.8127925,0.32937336,12.537249599999999
1.7653008,1.849158,0.03212292,12.1574089
1.6329129,1.2562542,0.36779416,10.3252248
1.3391551,0.97178763,0.23447004,12.4571092
1.2719743,1.7754118,0.08578315,11.6638695
1.4573067,1.4962217,0.2571354,11.5226346
1.6489127,1.7076529,0.036347736,13.723932
1.6422019,1.6388717,0.048359375,16.7859316
1.2592734,1.2191617,0.0876081,16.465193
1.9948498,1.2143991,0.14379677,12.907318199999999
2.0559545,1.9843161,0.2111456,10.36984753
1.6015239,1.6934267,0.021542203,16.90405
1.5795082,1.4005916,0.2074839,11.415972400000001
1.7604457,1.8011158,0.07075909,13.2132465
1.4733274,1.2790835,0.4511021,11.5854315
0.88755846,1.1293298,0.2165995,13.581202600000001
1.2101073,1.1202991,0.15259452,11.892611
1.3944342,1.289515,0.10888936,11.4003304
1.2786466,1.2627926,0.2194272,15.055414
1.555731,1.4547601,0.544175,11.3306591
1.2532475,1.198167,0.114449464,10.8850136
1.6880393,1.1423662,0.18901189,14.762697
1.5257373,1.5979987,0.36083502,10.8177047
1.9970096,2.0884094,0.021795033,19.941969999999998
1.1516707,1.3575463,0.4892791,10.5135228
1.8548455,1.8873417,0.030412484,14.2941687
1.5556734,1.5499316,0.06713236,12.8783566
1.3070103,1.5426717,0.16794036,10.39563518
1.2300637,1.2356671,0.16094215,10.38962197
1.4470366,1.5041236,0.2712996,12.2525245
1.6458066,1.635336,0.33212465,10.8497974
1.2590585,1.1144371,0.19576974,10.7863015
1.5915074,1.6631312,0.027381161,14.831448
1.7922778,1.7850761,0.12908721,10.4636222
1.3564339,1.3979894,0.026586462,16.172229
1.2325422,1.3832996,0.29603195,10.99726856
1.1427405,1.221936,0.36993927,12.972958
1.2015855,1.2535925,0.1302667,13.1235424
1.9612378,2.033547,0.025808705,17.6081234
1.898217,1.9026816,0.016681666,13.9934385
1.6615452,1.6705768,0.15729557,13.775632
2.0079029,1.8708186,0.11393165,10.4254266
1.8541901,1.6815984,0.06788794,10.04772137
2.0674443,2.222939,0.01824383,15.876445
1.7504704,1.62762,0.24582322,15.742325000000001
1.4337313,1.544279,0.101552404,15.1132995
1.4269128,1.416263,0.04093468,10.814689
1.4007263,1.3624634,0.084215894,12.2066668
1.3018937,1.765188,0.32653043,11.9096655
1.590819,1.5795648,0.08175659,14.814575600000001
1.0427024,1.2524345,0.2619318,10.30917557
1.8353132,1.7046431,0.18574889,13.0037883
1.5777199,1.5693889,0.15134351,14.908842400000001
2.042544,2.1100745,0.031102097,12.2081125
1.3630599,1.3957617,0.056200206,13.119424
1.4233952,1.3726346,0.079967685,13.299647
1.8725249,1.3853283,0.47348323,10.30080475
1.2840245,1.1200398,0.20275792,15.3260267
1.3166094,1.3960595,0.04064705,11.1478211
1.4019158,1.4492983,0.013638412,18.960151699999997
1.8656389,2.150666,0.02921858,14.7910357
1.6376598,1.6935308,0.12146537,14.2057386
1.4129709,1.4669071,0.21676931,10.60479876
1.1291631,1.1305152,0.03843624,19.311042999999998
1.7483463,1.4868946,0.27379578,11.04335524
1.4904362,1.5150313,0.06328334,16.1000204
1.700611,1.4152224,0.27268836,13.661801
1.1015419,1.229086,0.09209366,19.5629
1.311309,1.3106356,0.035846386,15.5272776
1.3318459,1.3356373,0.053223692,16.755336
1.8957554,1.7158356,0.4109246,12.29064
1.2399637,0.95904624,0.24712053,13.8989884
1.7085571,1.7705444,0.53335124,11.6696309
1.4303287,1.4738302,0.011824519,18.400239
1.4484025,1.1892527,0.3459286,14.6496046
1.9232192,1.8673656,0.20927711,10.5367469
1.4934222,1.2602037,0.09027525,15.384146600000001
1.7834384,1.7751312,0.17493649,10.14654028
1.616086,1.7952149,0.12310394,16.032394
1.4415522,1.5379579,0.076992944,16.662008999999998
1.8541596,1.8148527,0.18857405,13.1321782
1.4593679,1.3769419,0.18727995,14.535612
1.5340388,1.5105655,0.20761426,14.8068112
1.7347527,1.7026865,0.18161194,12.1573183
1.3759415,1.1090524,0.15727265,13.8511726
1.4296926,1.3115193,0.16353141,13.7666348
1.9451509,1.7448119,0.58760405,14.626615000000001
1.7685486,1.7971117,0.0407024,13.5150212
1.5480543,1.5950208,0.060880177,16.0142297
1.5799282,1.3461151,0.057826493,17.5623846
1.5970299,1.7922199,0.13126837,10.17774224
1.644264,1.4802206,0.46103638,10.6989015
1.2957988,1.2963802,0.14691302,18.147802
0.93174124,1.6088638,0.28557017,10.18761326
1.7149013,1.2213395,0.20437232,19.504204
1.4602145,1.7243291,0.45198265,12.4906039
1.3870362,1.3534728,0.16154608,11.9944645
1.7338114,1.8585757,0.053429298,10.4912296
1.476125,1.5055091,0.087123536,17.880569
1.148884,1.1918461,0.0762067,11.2139026
1.581359,1.5771072,0.22696619,10.50277248
1.7320148,1.740253,0.019089444,16.732964
1.770609,1.7994583,0.12659588,10.18591085
1.6945878,1.08198,0.2510831,12.448625
1.446487,1.443341,0.07626325,10.18469773
1.4849937,1.4819114,0.40698475,12.073009299999999
1.3390691,2.1023118,0.35632226,10.52164756
1.6185527,1.6829616,0.25961646,11.8750596
1.6637865,1.7418509,0.01742008,13.5269463
1.9533746,2.038897,0.03478657,11.4724308
1.8803089,1.9037071,0.03400895,11.9415951
1.5098068,1.4438658,0.1786645,11.4194429
1.5248561,1.5341127,0.026962673,18.4795445
1.4154652,1.2120374,0.27011642,12.5757998
1.3890784,1.3589458,0.07877679,15.0995606
1.403599,1.3376203,0.21572676,10.6551428
1.6473036,1.4777341,0.29510155,10.40010244
1.3725388,1.1611158,0.17693901,12.680406
1.7972143,1.4155965,0.104008526,12.2656277
1.2833966,1.3273875,0.18866573,12.979471
1.3771596,1.4114933,0.20855959,13.931536
1.6484864,1.6126095,0.059991714,10.391621
1.9012711,1.9832615,0.016119959,12.8500444
1.8098631,1.864463,0.02117164,12.4028254
1.3811492,1.3491224,0.089999504,16.9737726
1.4757981,1.5406978,0.1226505,14.301667
1.6129832,1.415418,0.24462394,11.806218
1.1806108,1.0689073,0.061803862,13.3359244
1.3157668,1.2976868,0.41665995,10.10157039
1.1683842,1.610794,0.50440747,10.6308048
1.3405403,1.3004476,0.06489625,13.0120656
1.7221911,1.7776163,0.06502678,10.0010214358
1.5567203,1.2976292,0.21234252,10.14232388
1.9701438,2.0324786,0.06673873,14.2615592
1.4949353,1.1698205,0.23059472,10.4947631
1.463737,1.4256017,0.0462468,15.163966
1.8121858,1.4431763,0.2749385,11.6489008
1.1245165,1.7358077,0.3452479,15.6236434
1.3851814,1.9548485,0.20148498,10.4866336
1.9785665,1.5345113,0.33637717,14.6813932
1.9037517,1.2387831,0.085639164,13.0012923
1.476085,1.5495397,0.04632003,17.667893
1.422446,1.4228833,0.08932566,11.3124153
1.757411,1.9344828,0.38756704,10.5298019
1.430917,1.4379373,0.29266798,10.52997164
1.6118091,1.3723588,0.21500102,14.903120999999999
1.8911772,1.8379554,0.07763027,16.6236764
1.3027531,1.2638123,0.08986603,13.0663112
1.2430146,1.449218,0.3244278,11.18120424
1.1982604,1.2292961,0.083705984,12.4677709
1.8178103,1.8955057,0.10263493,16.282301500000003
1.2948285,1.4592617,0.33695826,11.7436863
1.208033,1.3944714,0.31408623,13.3815047
1.9593655,2.060675,0.07374991,10.08040064
1.4290403,1.291696,0.22883125,10.1125897
1.3961706,1.388976,0.039996456,12.2807528
1.4473608,1.4129697,0.1001022,11.9619142
1.5950692,1.5667235,0.2484131,12.1228394
1.4461288,1.2951453,0.26224336,14.1755724
1.2409422,1.1784165,0.08944575,13.7358764
1.5485924,1.6612604,0.18479747,13.6138114
1.9374003,2.0147357,0.05084506,14.7117177
1.102209,1.023949,0.12615739,11.278648
1.051038,1.1032711,0.18761042,16.196517999999998
1.1443933,1.187604,0.082055956,18.7047714
1.0097816,1.4863743,0.44175732,10.6278769
1.5408142,1.6028233,0.020746617,17.3172784
1.5217282,1.5289547,0.019020796,18.847320699999997
1.4091859,0.9816079,0.17910886,12.9376486
1.2648365,1.2805969,0.12121965,10.14526133
1.8727988,1.9450176,0.04131952,14.8428974
1.4433783,1.4625194,0.12959568,11.6331482
1.1508107,1.4178896,0.3289944,10.34004275
1.151735,1.2182539,0.17078663,14.4949156
1.7587333,1.6070132,0.3643509,10.2019086
1.2125367,1.2512488,0.08681584,15.9469616
1.2736763,1.4820069,0.32143724,10.5199671
1.5289385,1.4855963,0.13702185,19.951557
1.405312,1.4754963,0.37684995,13.8457546
1.057529,1.8974013,0.18610436,13.6073175
1.3015721,1.5056823,0.35093305,12.3093615
1.3723216,1.3647225,0.07458991,14.3630207
1.906892,2.0180352,0.040096737,11.7258307
1.1104319,1.5365282,0.45662495,12.0474944
0.99780995,0.9564876,0.19981287,12.9780015
1.8002247,1.7785037,0.11213002,14.6035504
1.6135517,1.0809531,0.3426538,14.3658057
1.8308814,1.7956917,0.09670266,10.077224746
1.1667597,1.3214037,0.4700192,10.15546711
1.1347283,1.1907622,0.106316134,10.12697373
1.3802738,1.2493216,0.34241846,10.25846714
1.1898866,1.1710013,0.047767196,13.8348994
1.6300999,1.320863,0.22858794,15.537302
1.2669876,1.2248098,0.3047743,11.337916
2.0111713,2.08526,0.14913641,13.678532
1.3124623,1.1417375,0.14593498,10.2844036
1.1271824,1.3029137,0.19860281,19.957374299999998
1.4931964,1.5242937,0.014681623,19.898566
1.3780721,1.3444896,0.04895957,14.3712533
1.409801,2.0356207,0.21177714,11.6427816
1.4567906,1.1089483,0.12767853,12.820647000000001
1.0038166,1.2894288,0.46831185,11.7193188
1.7610965,1.6780386,0.31684965,15.126951
1.5731218,1.626004,0.012844853,19.2962146
1.4628451,1.2329469,0.15288907,10.9340788
1.5656157,1.6217972,0.07658379,17.955194
1.4692588,1.3452889,0.23219393,13.1265646
1.9697773,2.1110306,0.021109652,16.166802
1.0829661,1.8467894,0.3535882,10.04012211
1.7857156,1.834979,0.033783324,17.169381
1.9453225,1.6906039,0.29343957,15.127107500000001
1.6818855,1.3744051,0.31214535,11.1579582
1.7189713,1.7680341,0.029215718,13.8514405
1.6614984,1.634996,0.18586645,18.760730000000002
1.7938321,1.8483183,0.043855585,10.5028726
1.0583197,1.2924894,0.2866157,14.456498
1.3291882,1.1087933,0.16782205,10.45990076
1.2404172,1.367489,0.1317756,10.6782591
1.1836265,1.1758887,0.11936328,11.7145178
1.1100397,1.1252435,0.10358015,11.1654497
1.3788962,1.2989273,0.1580479,14.695039999999999
1.5166619,1.3971769,0.22934963,13.4179562
1.1522692,1.0442774,0.040076114,15.4739493
1.0826732,1.4047227,0.4314347,14.398171000000001
1.2746077,1.1621219,0.07396611,10.08179975
1.3294623,1.5477469,0.48196223,11.666887
1.1833874,1.2720754,0.3397067,10.2094964
1.4165934,1.4451246,0.3507383,12.5194502
1.4458619,1.4002949,0.11071322,15.141496
1.2706518,1.3633659,0.3033335,10.026070934
1.0351005,1.790304,0.19628929,10.129322745
1.6645541,1.3995869,0.12137066,11.3076964
1.7208012,1.7168106,0.13828494,17.3241585
1.5369961,1.3181746,0.40382338,11.20026916
2.0691767,1.9103066,0.35582972,10.889480859999999
1.7582836,1.2948234,0.27280447,12.6642177
1.2460495,1.3708699,0.056013133,13.1272647
1.5433557,1.2655303,0.06480036,10.36542702
1.3736215,1.2476832,0.24661495,10.27657926
1.3210987,1.3096322,0.06861122,17.582302
1.2743919,1.2084554,0.07220793,15.7905847
1.8693585,1.4327931,0.35473427,12.2117977
1.5714931,2.2457914,0.11530843,12.821781999999999
1.2924156,1.3564674,0.26246542,19.577589
1.1688521,1.1642394,0.15955943,14.4831097
1.6181047,1.3725531,0.39133614,14.459088
2.0139585,2.101652,0.08356638,13.520177
1.4687417,1.6360579,0.14361912,11.3969676
1.2569443,1.0865287,0.115761764,12.3939529
1.4670221,1.4780927,0.080856875,13.3669987
1.6627941,1.7537543,0.03985035,13.7893057
1.766999,1.8147142,0.10172929,10.13939881
1.3953402,1.4077365,0.030391267,12.927647799999999
1.6327198,1.8227513,0.18260492,10.22595286
1.7463014,1.765177,0.031626225,10.4526792
1.3326541,1.37777,0.16077363,13.7335014
0.90517634,1.0576032,0.03992822,11.4639312
1.6918818,1.6367445,0.14423016,11.077244799999999
1.3034782,1.1992338,0.16326766,12.506380400000001
1.8359113,1.9221067,0.01796336,14.420868800000001
